lat,lon,beam_id,SNR_dB,throughput_Mbps,availability_pct,FSPL_dB,Pr_dBm,Gt_dBi,G_rx_dBi,L_atm_dB,L_rain_dB
7.553306039000036,111.54208323299952,SAT_10117,20.626242534702868,194.77261425770362,99.01855675344196,169.65468122194227,-64.36345750865732,29.81782630479834,35.0,0.12206201117471456,12.404540580338686
7.653306039000036,113.84208323299939,SAT_10117,20.82219946892438,195.87487201269963,99.03946932825856,169.59792607236443,-64.1675005744358,29.89501543944618,35.0,0.121191146696014,12.34339879482154
7.653306039000036,113.94208323299938,SAT_10117,20.888952832150053,196.25035968084407,99.04645267528714,169.57850249547982,-64.10074721121013,29.92120128809375,35.0,0.12089477310960597,12.322551230714462
7.7533060390000355,114.14208323299937,SAT_10117,20.957566750265613,196.6363129702441,99.05355225342404,169.55848977452627,-64.03213329309457,29.948059115138594,35.0,0.12059029329532901,12.301112340411573
8.153306039000034,114.74208323299933,SAT_10117,20.75394666434329,195.490949986931,99.03223887050618,169.61773870136184,-64.2357533790169,29.86818410363348,35.0,0.12149432994576138,12.364704451342778
8.353306039000033,115.2420832329993,SAT_10057,20.52190871684533,194.185736532255,99.00715885639642,169.68485892142758,-64.46779132651486,29.776597518857862,35.0,0.12252541208628828,12.437004511858856
8.653306039000032,104.8420832329999,SAT_10057,20.377749797593083,193.3748426114611,98.99112090111312,169.72620995390332,-64.6119502457671,29.719323130110205,35.0,0.12316735737189974,12.481896064602099
8.653306039000032,104.94208323299989,SAT_10057,20.47658753546972,193.93080488701716,99.00215411110767,169.69788160339843,-64.51311250789047,29.758618914959783,35.0,0.12272715675765279,12.451122662694171
8.653306039000032,105.04208323299989,SAT_10057,20.564874242047892,194.4274176115194,99.01186664359189,169.67249392642768,-64.4248258013123,29.79361829926372,35.0,0.12233421497475508,12.42361595917359
8.653306039000032,106.5420832329998,SAT_10057,20.5886154255341,194.5609617686293,99.01445582641479,169.66565345473907,-64.40108461782609,29.80301360118424,35.0,0.1222285921538145,12.416216172117432
8.753306039000032,104.94208323299989,SAT_10057,20.538405209385743,194.27852930279482,99.00896777793629,169.68011362762172,-64.45129483397444,29.78313528937252,35.0,0.12245199540541685,12.43186450031983
8.753306039000032,105.04208323299989,SAT_10057,20.626838309164526,194.77596548905044,99.01860252003381,169.6546283950447,-64.36286173419566,29.81812525553597,35.0,0.12205857986537616,12.40430001482155
8.753306039000032,105.14208323299988,SAT_10057,20.704617312597065,195.21347238335852,99.02696867588202,169.63214782360356,-64.28508273076312,29.848819906677267,35.0,0.12171277257424887,12.380042041262572
8.853306039000032,104.8420832329999,SAT_10057,20.490080525739913,194.00670295728702,99.00364637256168,169.69400667010353,-64.49961951762027,29.763974133738728,35.0,0.1226670865257111,12.446919894729756
8.853306039000032,104.94208323299989,SAT_10057,20.589209636378854,194.56430420463107,99.01451746478168,169.665482173301,-64.40049040698133,29.803248664139634,35.0,0.12222594878775724,12.41603094903221
8.853306039000032,105.04208323299989,SAT_10057,20.677759243802157,195.06239574638712,99.02408850498252,169.6399176133315,-64.31194079955803,29.83822911789313,35.0,0.1218321617951115,12.388420142324538
8.853306039000032,105.14208323299988,SAT_10057,20.75564165203258,195.50048429268327,99.03239976719178,169.6173666783697,-64.23405839132761,29.868915424371544,35.0,0.12148602492853423,12.36412111240092
8.853306039000032,105.24208323299987,SAT_10057,20.822778560310553,195.87812940174686,99.03948556567177,169.5978773459839,-64.16692148304963,29.895307521621906,35.0,0.12118780511585667,12.343163853571774
8.853306039000032,114.64208323299934,SAT_10057,20.984513971453993,196.78789108942868,99.05626320139392,169.550736710558,-64.0051860719062,29.9586567147172,35.0,0.12046999557673582,12.292636080488661
8.953306039000031,104.8420832329999,SAT_10057,20.52972405465954,194.22969780745993,99.00801315536938,169.68261114608563,-64.45997598870065,29.779695254741277,35.0,0.12249062927932318,12.434569468076972
8.953306039000031,104.94208323299989,SAT_10057,20.62894848013505,194.78783520075964,99.01882688022023,169.65401930209498,-64.36075156322514,29.818958999176857,35.0,0.12204919538414065,12.40364206492287
8.953306039000031,105.04208323299989,SAT_10057,20.7175841462045,195.28641082240034,99.02834784982673,169.62839400552187,-64.27211589715569,29.853929846272067,35.0,0.12165514100505286,12.37599659690083
8.953306039000031,105.14208323299988,SAT_10057,20.795542968016605,195.7249291950934,99.03661596433136,169.6057891954588,-64.19415707534358,29.88460772541008,35.0,0.12130876673428634,12.35166683856056
8.953306039000031,105.24208323299987,SAT_10057,20.862746294351382,196.10294790572652,99.04366522170245,169.5862530758325,-64.1269537490088,29.910992574647437,35.0,0.12101034058737055,12.33068290723637
8.953306039000031,105.34208323299987,SAT_10057,20.9191254271051,196.4200805274662,99.04952413262274,169.56982778219142,-64.07057461625509,29.93308434071237,35.0,0.12076009636587304,12.313071078410163
9.05330603900003,104.8420832329999,SAT_10057,20.558295002711276,194.39040939025094,99.01114275545983,169.6743885702098,-64.43140504064891,29.791013410501865,35.0,0.12236348878250491,12.425666392158476
9.05330603900003,104.94208323299989,SAT_10057,20.657580468734594,194.9488901366321,99.02191432419072,169.64575030918456,-64.3321195746256,29.83026626317611,35.0,0.12192187583444743,12.394713652782691
9.05330603900003,105.04208323299989,SAT_10057,20.746271303809195,195.44777608392673,99.031398500564,169.62008315068206,-64.24342873955099,29.865227409385547,35.0,0.12152765950844725,12.36704533874602
9.05330603900003,105.14208323299988,SAT_10057,20.82427915531892,195.8865702486689,99.03963490963933,169.59744120706475,-64.16542088804127,29.895896778523927,35.0,0.12118114122597835,12.342695318274483
9.05330603900003,105.24208323299987,SAT_10057,20.89152513071143,196.26482886025178,99.04665731668018,169.57787283857922,-64.09817491264876,29.922274308657055,35.0,0.12088258974708005,12.3216937929795
9.05330603900003,105.34208323299987,SAT_10057,20.94794031937066,196.58216429645998,99.05249403843064,169.56142031854398,-64.04175972398953,29.944359946521143,35.0,0.1206322395267332,12.304067112439963
9.05330603900003,105.44208323299986,SAT_10057,20.99346625658921,196.8382476933143,99.05716828192446,169.54811953530086,-63.99623378677098,29.962153647521376,35.0,0.12043028926005009,12.28983760973145
9.15330603900003,104.8420832329999,SAT_10057,20.57576379510583,194.48867134747027,99.01304858081903,169.669357063955,-64.41393624825436,29.797928578464628,35.0,0.12228576585807988,12.420221996905896
9.15330603900003,104.94208323299989,SAT_10057,20.675075681973283,195.04730071109972,99.02379290990987,169.64069353878148,-64.3146243613869,29.83717043360461,35.0,0.12184409203671742,12.38925716417333
9.15330603900003,105.04208323299989,SAT_10057,20.76379048331185,195.54632146862917,99.03325331444715,169.6150035950535,-64.22590956004834,29.87212178472134,35.0,0.12144982017558598,12.36157792954059
9.15330603900003,105.14208323299988,SAT_10057,20.8418197016436,195.98523582174525,99.04146924077362,169.59234143955626,-64.14788034171659,29.902782561218874,35.0,0.12110325213835835,12.337218211240842
9.15330603900003,105.24208323299987,SAT_10057,20.9090843138447,196.36359926537645,99.04847430299823,169.57275551772545,-64.08061572951549,29.929152701172058,35.0,0.1208046570820171,12.316208255880074
9.15330603900003,105.34208323299987,SAT_10057,20.96551529431369,196.68102353051452,99.05429669191416,169.5562881779608,-64.0241847490465,29.95123215132487,35.0,0.12055426980986794,12.298574452600715
9.15330603900003,105.44208323299986,SAT_10057,21.01105408010664,196.93717920059984,99.05895951188917,169.54297537279405,-63.97864596325355,29.969020867089004,35.0,0.12035228931371396,12.284339168234789
9.15330603900003,105.54208323299986,SAT_10057,21.04565297153909,197.1317979649074,99.06248105283092,169.53284640123854,-63.944047071821096,29.98251881254266,35.0,0.1201988775229906,12.273520605602226
9.25330603900003,104.8420832329999,SAT_10057,20.58211227434046,194.52438154316508,99.01373890191864,169.66752775563893,-64.40758776901973,29.800440744848668,35.0,0.12225752238252478,12.418243235846942
9.25330603900003,104.94208323299989,SAT_10057,20.681415761357,195.08296365763314,99.02447072154594,169.63886024920993,-64.30828428200319,29.83967149670421,35.0,0.12181590648905233,12.387279623008418
9.25330603900003,105.04208323299989,SAT_10057,20.770123144087975,195.58194268549488,99.03392021390651,169.6131667148449,-64.21957689927221,29.874612958541565,35.0,0.1214216860664473,12.359601456902414
9.25330603900003,105.14208323299988,SAT_10057,20.848145904122816,196.02082071069083,99.04212674143761,169.59050137421627,-64.14155413923737,29.90526505977482,35.0,0.12107516303081216,12.335242661765111
9.25330603900003,105.24208323299987,SAT_10057,20.915404999460506,196.39915312196536,99.04912384734322,169.57091268619058,-64.07429504389968,29.93162773848763,35.0,0.12077660658604145,12.314233489610697
9.25330603900003,105.34208323299987,SAT_10057,20.971831387866814,196.71655155675083,99.05493966337941,169.5544430110061,-64.01786865549337,29.95370094143154,35.0,0.12052625157649594,12.296600334342314
9.25330603900003,105.44208323299986,SAT_10057,21.017366492183065,196.97268651852974,99.05959724582361,169.54112831131488,-63.97233355117712,29.97148462402457,35.0,0.12032429702887106,12.28236556685794
9.25330603900003,105.54208323299986,SAT_10057,21.05196260107634,197.16728963105444,99.06311484670424,169.53099789442547,-63.93773744228385,29.984978750350034,35.0,0.12017090490106458,12.271547393307355
9.25330603900003,105.64208323299985,SAT_10057,21.075583199503484,197.3001554972071,99.0655061258667,169.52407419956583,-63.914116843856704,29.99418329315556,35.0,0.12006619905363342,12.264159738392795
9.25330603900003,105.74208323299985,SAT_10057,21.088203224086904,197.37114313548884,99.06678030814817,169.52037263337076,-63.901496819273284,29.999098233852383,35.0,0.12001026445686833,12.260212155298042
9.25330603900003,105.84208323299984,SAT_10057,21.089809239632423,197.3801769729324,99.06694228877541,169.5199014561137,-63.899890803727764,29.999723562514827,35.0,0.12000314664366113,12.259709763485231
9.35330603900003,104.8420832329999,SAT_10057,20.577333827507417,194.49750277972922,99.01321695114348,169.66890469865106,-64.41236621585277,29.79854990464767,35.0,0.12227878088654588,12.419732640962838
9.35330603900003,104.94208323299989,SAT_10057,20.676594039656223,195.05584147306627,99.02395091093665,169.64025452963773,-64.31310600370396,29.837769447491027,35.0,0.12183734188415382,12.388783579673111
9.35330603900003,105.04208323299989,SAT_10057,20.765262569796064,195.5546019551029,99.03340228093359,169.6145766315925,-64.22443747356412,29.87270092588231,35.0,0.12144328001974165,12.361118487834183
9.35330603900003,105.14208323299988,SAT_10057,20.843251002754855,195.99328689049608,99.04161043377519,169.59192516137284,-64.14644904060533,29.90334426924538,35.0,0.12109689687149972,12.336771251606367
9.35330603900003,105.24208323299987,SAT_10057,20.910480389565834,196.3714521913078,99.04860892142256,169.5723485193693,-64.07921965379435,29.929699415672452,35.0,0.12079846133968467,12.315772088757798
9.35330603900003,105.34208323299987,SAT_10057,20.966881769910685,196.6887099557476,99.05442588302398,169.5558890142803,-64.0228182734495,29.95176631192244,35.0,0.12054820800198525,12.298147363089655
9.35330603900003,105.44208323299986,SAT_10057,21.01239663660194,196.94473108088596,99.05908438095032,169.54258256469603,-63.977303406758246,29.969544913419533,35.0,0.12034633565779876,12.283919419823938
9.35330603900003,105.54208323299986,SAT_10057,21.046977335617527,197.13924751284858,99.06260267207742,169.53245844181032,-63.94272270774266,29.983035184252003,35.0,0.12019300607918447,12.273106444105158
9.35330603900003,105.64208323299985,SAT_10057,21.070587395969525,197.27205410232858,99.06499441989294,169.5255390570739,-63.91911264739066,29.99223709717125,35.0,0.12008834298404779,12.265722344503967
9.35330603900003,105.74208323299985,SAT_10057,21.08320178461458,197.34301003845704,99.0662688517009,169.52183979798826,-63.90649825874561,29.99715063359108,35.0,0.1200324312445544,12.261776663103863
9.35330603900003,105.84208323299984,SAT_10057,21.084807082651707,197.35203983991585,99.06643086403955,169.52136891454728,-63.90489296070848,29.997775783587187,35.0,0.12002531634092588,12.261274513407457
9.35330603900003,105.94208323299983,SAT_10057,21.075401580185975,197.29913388854612,99.06548107837753,169.52412745807916,-63.91429846317421,29.994112545896908,35.0,0.12006700406768524,12.264216546924272
9.35330603900003,106.04208323299983,SAT_10057,21.054995288435713,197.18434849745088,99.06341584817055,169.53010927344056,-63.934704754924475,29.986160927919187,35.0,0.12015746049617741,12.270598948906926
9.35330603900003,106.14208323299982,SAT_10057,21.023609868905993,197.0078055125962,99.06022721741572,169.53930104467997,-63.966090174454195,29.973920945714763,35.0,0.12029661219385296,12.280413463295131
9.45330603900003,104.8420832329999,SAT_10057,20.561433432788604,194.4080630594359,99.01148096168457,169.67348484158487,-64.42826661057158,29.79225606162975,35.0,0.12234952440930189,12.424688306207173
9.45330603900003,104.94208323299989,SAT_10057,20.66061558808883,194.96596268299967,99.02223173534385,169.64487326974432,-64.32908445527136,29.83146428975529,35.0,0.12190838096175902,12.39376709432057
9.45330603900003,105.04208323299989,SAT_10057,20.749213916186648,195.4643282785499,99.03169779385593,169.61923018140527,-64.24048612717354,29.866385690553493,35.0,0.12151458450372547,12.36612705181805
9.45330603900003,105.14208323299988,SAT_10057,20.827140228771185,195.90266378683793,99.03991861431165,169.59660958926847,-64.162559814589,29.89702019345773,35.0,0.12116843588672176,12.341801982891546
9.45330603900003,105.24208323299987,SAT_10057,20.89431578132408,196.28052626994798,99.04692783720681,169.57705976366793,-64.0953842620361,29.923367736568554,35.0,0.12087020335825478,12.320822031578471
9.45330603900003,105.34208323299987,SAT_10057,20.95067179354534,196.59752883869254,99.052753675607,169.5606228986782,-64.03902824981485,29.94542826665204,35.0,0.12062012092288776,12.303213496865814
9.45330603900003,105.44208323299986,SAT_10057,20.996149912023782,196.85334325513378,99.05741925223818,169.547334814896,-63.993550131336406,29.96320173913837,35.0,0.12041838689162335,12.288998668687148
9.45330603900003,105.54208323299986,SAT_10057,21.03070260869213,197.04770217389324,99.06094287161142,169.5372247031983,-63.958997434668056,29.976688118120652,35.0,0.12026516263728124,12.278195686953135
9.45330603900003,105.64208323299985,SAT_10057,21.054293509385836,197.1804009902953,99.06333823278221,169.53031491326286,-63.93540653397435,29.98588737635395,35.0,0.1201605715713482,12.270818425494106
9.45330603900003,105.74208323299985,SAT_10057,21.066897647731743,197.25129926849107,99.06461458703455,169.5266207900401,-63.922802395628445,29.990799495254564,35.0,0.12010469835523555,12.26687640248766
9.45330603900003,105.84208323299984,SAT_10057,21.068501640639305,197.2603217285961,99.06477684361894,169.52615056066298,-63.92119840272088,29.99142446489952,35.0,0.12009758835604548,12.266374718601378
9.45330603900003,105.94208323299983,SAT_10057,21.059103782779538,197.20745877813488,99.06382562561674,169.5289052735448,-63.93059626058065,29.987762284026335,35.0,0.12013924735387965,12.269314023708295
9.45330603900003,106.04208323299983,SAT_10057,21.038714058645667,197.09276657988187,99.06175727701839,169.53487879060367,-63.95098598471452,29.97981296003295,35.0,0.12022964150449518,12.275690512639303
9.45330603900003,106.14208323299982,SAT_10057,21.007354072010813,196.91636665506084,99.05856382115233,169.54405783273762,-63.982345971349375,29.967576508977952,35.0,0.12036869755779483,12.285495950031912
9.553306039000029,104.8420832329999,SAT_10057,20.53442762444945,194.25615538752814,99.00852414669524,169.6812580507253,-64.45527241891074,29.78155922833757,35.0,0.12246969660815987,12.43310389991486
9.553306039000029,104.94208323299989,SAT_10057,20.633497180425877,194.81342163989555,99.01930653701235,169.6527061827959,-64.35620286293431,29.820756036061432,35.0,0.12202896662089589,12.402223749578948
9.553306039000029,105.04208323299989,SAT_10057,20.72199417439583,195.31121723097655,99.02880020724544,169.62711693857767,-64.26770586896436,29.85566726513895,35.0,0.12163554173073805,12.3746206537949
9.553306039000029,105.14208323299988,SAT_10057,20.79983076720208,195.74904806551172,99.03704483416132,169.60454410815413,-64.1898692761581,29.886292845012736,35.0,0.12128972167750247,12.350328291339201
9.553306039000029,105.24208323299987,SAT_10057,20.866928528976928,196.12647297549523,99.0440742273894,169.58503576102578,-64.12277151438326,29.912632713791435,35.0,0.12099177371021175,12.329376693438714
9.553306039000029,105.34208323299987,SAT_10057,20.923218956467352,196.44310663012885,99.04991674111636,169.568633914271,-64.06648108689284,29.934686818248085,35.0,0.1207419309568406,12.311792059913067
9.553306039000029,105.44208323299986,SAT_10057,20.96864393291642,196.69862212265488,99.05459561323433,169.5553742371775,-64.02105611044377,29.952455113818704,35.0,0.12054039098146732,12.297596596103505
9.553306039000029,105.54208323299986,SAT_10057,21.003156124093977,196.89275319802863,99.05812923910801,169.54528579660857,-63.98654391926621,29.96593756460109,35.0,0.12038731454638177,12.286808372712358
9.553306039000029,105.64208323299985,SAT_10057,21.026719304836384,197.02529608970465,99.0605313856057,169.53839084686618,-63.962980738523804,29.975134143353873,35.0,0.12028282459451228,12.279441210416982
9.553306039000029,105.74208323299985,SAT_10057,21.039308611370075,197.09611093895666,99.06181134971912,169.53470466720208,-63.95039143199011,29.98004483149577,35.0,0.12022700546500967,12.275504590818803
9.553306039000029,105.84208323299984,SAT_10057,21.040910715711576,197.10512277587762,99.06197406492508,169.53423544945394,-63.94878932764861,29.980669619105125,35.0,0.12021990235201185,12.275003594947782
9.553306039000029,105.94208323299983,SAT_10057,21.03152391955951,197.05232204752224,99.06102015737837,169.53698423753363,-63.958176123800676,29.9770085049196,35.0,0.12026152101356978,12.277938870173074
9.553306039000029,106.04208323299983,SAT_10057,21.0111581662796,196.93776468532275,99.05894595303135,169.54294491970185,-63.97854187708059,29.969061496336177,35.0,0.12035182773450989,12.28430662598041
9.553306039000029,106.14208323299982,SAT_10057,20.97983497080199,196.7615717107612,99.05574343581887,169.5521042737508,-64.0098650725582,29.956828609411343,35.0,0.12049074954371648,12.294098658675017
9.553306039000029,106.24208323299982,SAT_10057,20.937587268478268,196.5239283851903,99.05140015609403,169.5644420643944,-64.05211277488192,29.94030986886151,35.0,0.12067817468301223,12.307302404666013
9.553306039000029,106.4420832329998,SAT_10117,20.82407975136671,195.88544860143776,99.03958900630295,169.59737958280843,-64.16562029199348,29.895753791086886,35.0,0.1211827965409835,12.342811703730948
9.653306039000029,104.94208323299989,SAT_10057,20.595267174556312,194.59837785687927,99.01516366410195,169.66373588177066,-64.39443286880388,29.805644707748485,35.0,0.12219900229049593,12.414142692491199
9.653306039000029,105.04208323299989,SAT_10057,20.683632050276714,195.09543028280652,99.02469807453926,169.63821929320045,-64.30606799308347,29.84054567099683,35.0,0.12180605403396035,12.386588316845895
9.653306039000029,105.14208323299988,SAT_10057,20.761351634203365,195.53260294239394,99.03297782309001,169.6157109092344,-64.22834840915682,29.871162245285298,35.0,0.12146065560185099,12.362339089605868
9.653306039000029,105.24208323299987,SAT_10057,20.828347919416444,195.9094570467175,99.04003697065971,169.59625852902752,-64.16135212394374,29.89749436873041,35.0,0.1211630729042468,12.341424890742383
9.653306039000029,105.34208323299987,SAT_10057,20.884552775045037,196.22560935962835,99.0459040810353,169.57990393141597,-64.10514726831515,29.919541988111966,35.0,0.12091353789374118,12.323871787117417
9.653306039000029,105.44208323299986,SAT_10057,20.929908402409453,196.48073476355316,99.05060256311816,169.56668258202967,-64.05979164095073,29.937305058871647,35.0,0.12071224713296598,12.309701870659744
9.653306039000029,105.54208323299986,SAT_10057,20.964367727796528,196.67456846885548,99.0541509471532,169.55662338082283,-64.02533231556366,29.95078354511181,35.0,0.12055936056568588,12.298933119286966
9.653306039000029,105.64208323299985,SAT_10057,20.987894726297128,196.80690783542133,99.05656310066678,169.5497484537329,-64.00180531706306,29.959977419594537,35.0,0.12045500050667163,12.291579282418034
9.653306039000029,105.74208323299985,SAT_10057,21.000464672024513,196.8776137801379,99.05784838848867,169.54607299159346,-63.989235371335674,29.96488666374092,35.0,0.12039925086306028,12.287649792620062
9.653306039000029,105.84208323299984,SAT_10057,21.002064311055292,196.88661174968604,99.05801178004907,169.5456051387414,-63.987635732304895,29.965511267630543,35.0,0.12039215659712352,12.28714970459692
9.653306039000029,105.94208323299983,SAT_10057,20.992691954532432,196.83389224424494,99.05705390606371,169.54834593303053,-63.997008088827755,29.961851230001244,35.0,0.12043372343735242,12.290079662361116
9.653306039000029,106.04208323299983,SAT_10057,20.97235749054981,196.7195108843427,99.05497106571579,169.55428929817333,-64.01734255281038,29.953906558249063,35.0,0.12052391784159609,12.296435895044514
9.653306039000029,106.14208323299982,SAT_10057,20.94108231463767,196.5435880198369,99.0517551844747,169.56342208853204,-64.04861772872252,29.94167726842844,35.0,0.12066266721273117,12.306210241406191
9.653306039000029,106.24208323299982,SAT_10057,20.898899179887977,196.3063078868699,99.04739372172783,169.5757241856639,-64.09080086347221,29.925163385252656,35.0,0.12084986036407058,12.319390202696916
9.653306039000029,106.34208323299981,SAT_10057,20.845851968933985,196.00791732525366,99.04186952641058,169.59116864514255,-64.1438480744262,29.90436494209448,35.0,0.1210853482285142,12.335959023149613
9.653306039000029,106.4420832329998,SAT_10117,20.86637854720189,196.12337932801066,99.04400790168326,169.58507617607378,-64.1233214961583,29.912352110169902,35.0,0.12099498256163994,12.329602447692773
9.653306039000029,106.5420832329998,SAT_10117,20.920712054290618,196.42900530538472,99.04964806002236,169.5692452656405,-64.06898798906957,29.93364023178349,35.0,0.12075381950076237,12.31262913571181
9.653306039000029,112.94208323299944,SAT_10117,21.02888632964344,197.03748560424435,99.06074129560132,169.5376364055784,-63.960813713716746,29.975913703236,35.0,0.12027397348187918,12.278817037892463
9.753306039000028,104.94208323299989,SAT_10057,20.545965313278273,194.32105488719031,99.00978633134744,169.67793800735566,-64.44373473008191,29.78613033493066,35.0,0.12241835255355087,12.429508705103357
9.753306039000028,105.04208323299989,SAT_10057,20.634167761582773,194.81719365890314,99.01937491177564,169.65251258155809,-64.35553228177741,29.82102093826016,35.0,0.1220259845014735,12.402014653978018
9.753306039000028,105.14208323299988,SAT_10057,20.71174347100343,195.2535570243943,99.02770135587446,169.63008505721987,-64.27795657235676,29.851628424424963,35.0,0.12168109941768188,12.377818840144165
9.753306039000028,105.24208323299987,SAT_10057,20.778614963291616,195.62970916851535,99.0348000602649,169.61070289534894,-64.21108508006857,29.87795273154923,35.0,0.12138396153995898,12.35695095472891
9.753306039000028,105.34208323299987,SAT_10057,20.834714573008824,195.94526947317462,99.04069986871072,169.5944075768121,-64.15498547035136,29.899993806419324,35.0,0.12113480135301527,12.339436898605582
9.753306039000028,105.44208323299986,SAT_10057,20.879984899008406,196.1999150569223,99.04542441850062,169.58123431254268,-64.10971514435178,29.91775160448242,35.0,0.1209338141689119,12.325298622122604
9.753306039000028,105.54208323299986,SAT_10057,20.91437919315632,196.3933829615043,99.04899241998868,169.57121179376645,-64.07532085020387,29.931226089845296,35.0,0.12078115890933036,12.314553987373383
9.753306039000028,105.64208323299985,SAT_10057,20.93786168079808,196.5254719544892,99.05141787509649,169.5643619859036,-64.05183836256211,29.940417235273397,35.0,0.1206769571047055,12.307216654827219
9.753306039000028,105.74208323299985,SAT_10057,20.950407808357937,196.5960439220134,99.05271023922124,169.5606999692248,-64.03929223500225,29.945325022190097,35.0,0.12062129212276788,12.30329599584478
9.753306039000028,105.84208323299984,SAT_10057,20.952004414459964,196.6050248313373,99.05287452979009,169.5602338286709,-64.03769562890022,29.945949440676213,35.0,0.12061420863629027,12.302797032269247
9.753306039000028,105.94208323299983,SAT_10057,20.942649822048836,196.55240524902473,99.05191138360738,169.5629645945209,-64.04705022131135,29.94229048946973,35.0,0.12065571233685689,12.305720403923312
9.753306039000028,106.04208323299983,SAT_10057,20.92235385014915,196.43824040708895,99.0498170641204,169.56888623481703,-64.06734619321104,29.934348175965777,35.0,0.12074576989834508,12.312062364461447
9.753306039000028,106.14208323299982,SAT_10057,20.891137745084905,196.2626498161026,99.0465834187457,169.5779856996666,-64.09856229827528,29.92212251621682,35.0,0.12088430919058966,12.32181480563489
9.753306039000028,106.24208323299982,SAT_10057,20.849034032181848,196.02581643102292,99.04219778541965,169.59024301673742,-64.14066601117834,29.905613534933096,35.0,0.12107121974047508,12.334965309633548
9.753306039000028,106.34208323299981,SAT_10117,20.832325501861575,195.93183094797138,99.04044516826556,169.59498259095244,-64.15737454149861,29.898991223411034,35.0,0.12114617933067236,12.340236994626535
9.753306039000028,106.4420832329998,SAT_10117,20.89749220706136,196.29839366472018,99.04723846806094,169.57601444490922,-64.09220783629883,29.924547089803475,35.0,0.12085687040453744,12.319883610788544
9.753306039000028,106.5420832329998,SAT_10117,20.95186332376896,196.6042311962004,99.05285560885173,169.5601551500693,-64.03783671959123,29.945828838476,35.0,0.1206155967330267,12.302894811264894
9.753306039000028,116.44208323299924,SAT_10117,20.954011734277188,196.61631600530916,99.05307662387551,169.55952786300907,-64.035688309083,29.946669003915208,35.0,0.12060606511226984,12.302223384876864
9.853306039000028,105.04208323299989,SAT_10057,20.57365275602517,194.47679675264155,99.01280899961313,169.6699652672989,-64.41604728733502,29.797093105837742,35.0,0.12229515785938953,12.420879968014487
9.853306039000028,105.14208323299988,SAT_10057,20.651058257552364,194.91220269873207,99.02119405819923,169.64763467443316,-64.33864178580782,29.8276914213568,35.0,0.12195087617800783,12.396747656553453
9.853306039000028,105.24208323299987,SAT_10057,20.71778210479401,195.2875243394663,99.02834241316138,169.6283366844367,-64.27191793856618,29.85400784118695,35.0,0.121654261213603,12.37593483410283
9.853306039000028,105.34208323299987,SAT_10057,20.77375718794876,195.60238418221178,99.03428326117395,169.6121124223721,-64.21594285541143,29.87604231212092,35.0,0.12140554169833356,12.358467203461915
9.853306039000028,105.44208323299986,SAT_10057,20.81892658041008,195.8564620148067,99.03904052735946,169.59899679506677,-64.17077346295011,29.89379478961121,35.0,0.12120491145128554,12.344366546043265
9.853306039000028,105.54208323299986,SAT_10057,20.853243922666238,196.0494970649976,99.0426331490298,169.5890182445439,-64.13645612069395,29.907265237768897,35.0,0.12105252817402284,12.333650585744929
9.853306039000028,105.64208323299985,SAT_10057,20.87667373876195,196.18128978053596,99.04507529744119,169.5821985445892,-64.11302630459824,29.916453629362678,35.0,0.12094851246072356,12.326332876910994
9.853306039000028,105.74208323299985,SAT_10057,20.889191680779817,196.25170320438647,99.04637654209412,169.5785526434837,-64.10050836258037,29.921359945818146,35.0,0.1208929470352567,12.322422717879565
9.853306039000028,105.84208323299984,SAT_10057,20.890784697799546,196.26066392512243,99.04654196088278,169.57808855526307,-64.09891534556064,29.921984177217297,35.0,0.12088587622484312,12.321925091290025
9.853306039000028,105.94208323299983,SAT_10057,20.881451126852212,196.20816258854367,99.04557219828192,169.58080730116268,-64.10824891650797,29.918326322298277,35.0,0.12092730567701479,12.324840631966556
9.853306039000028,106.04208323299983,SAT_10057,20.861200704527405,196.0942539629667,99.04346347271871,169.5867029021449,-64.12849933883278,29.91038638845533,35.0,0.1210172023235036,12.331165622819697
9.853306039000028,106.14208323299982,SAT_10057,20.830054499067572,195.91905655725512,99.04020753327487,169.59576242261736,-64.15964554429262,29.898164391739,35.0,0.12115549459152362,12.340892018822743
9.853306039000028,106.24208323299982,SAT_10057,20.788044763945635,195.68275179719421,99.03579156486563,169.60796606467892,-64.20165527941455,29.881660356856568,35.0,0.12134207285973427,12.354007498732463
9.853306039000028,106.34208323299981,SAT_10117,20.85219929351304,196.04362102601087,99.04251960423855,169.589202527617,-64.13750074984715,29.9067905610197,35.0,0.12105793429799062,12.334030848951853
9.853306039000028,106.4420832329998,SAT_10117,20.91738748131415,196.4103045823921,99.04929411793685,169.57021480419328,-64.07231256204604,29.93233870568971,35.0,0.12076857302995057,12.313667890512518
9.853306039000028,106.5420832329998,SAT_10117,20.97177668889421,196.71624387502993,99.05489581189315,169.5543390748479,-64.01792335446598,29.95361402407867,35.0,0.12052725516313319,12.296671048533636
9.853306039000028,106.6420832329998,SAT_10117,21.01531061783271,196.961122225309,99.0593467640234,169.5416099046069,-63.97438942552748,29.970616473132132,35.0,0.12033417196784836,12.283061822084871
9.953306039000028,105.14208323299988,SAT_10057,20.579358950123947,194.50889409444721,99.01342914803479,169.66832117363194,-64.41034109323624,29.7993512837825,35.0,0.12226977136684974,12.419101432019957
9.953306039000028,105.24208323299987,SAT_10057,20.645912854448568,194.8832598062732,99.02063761578987,169.6491209535355,-64.34378718891162,29.825659745359026,35.0,0.12197375566716431,12.398352225067985
9.953306039000028,105.34208323299987,SAT_10057,20.701744600009917,195.19731337505578,99.02662814852108,169.63297922397814,-64.28795544335027,29.84768755294374,35.0,0.12172554119787153,12.380938231117998
9.953306039000028,105.44208323299986,SAT_10057,20.74679780885168,195.4507376747907,99.03142502127476,169.6199305401995,-64.2429022345085,29.8654346619943,35.0,0.1215253200506355,12.366881036252659
9.953306039000028,105.54208323299986,SAT_10057,20.78102657074338,195.6432744604315,99.03504744723918,169.61000305613268,-64.20867347261681,29.87890103662594,35.0,0.12137324851540814,12.356198204594648
9.953306039000028,105.64208323299985,SAT_10057,20.80439575502929,195.77472612203977,99.0375098034801,169.6032183240407,-64.1853042883309,29.88808664961051,35.0,0.12126944610323051,12.348903167797465
9.953306039000028,105.74208323299985,SAT_10057,20.816881251526596,195.84495703983708,99.03882179816796,169.59959113963447,-64.17281879183359,29.892991482375756,35.0,0.12121399479313236,12.345005139781742
9.953306039000028,105.84208323299984,SAT_10057,20.818470136994137,195.85389452059204,99.03898858267873,169.59912943499165,-64.17122990636605,29.893615525004826,35.0,0.12120693851259985,12.344509057866624
9.953306039000028,105.94208323299983,SAT_10057,20.809160764744192,195.8015293016861,99.03801081080827,169.60183422089585,-64.180539278616,29.889958776236004,35.0,0.12124828285820587,12.347415551097935
9.953306039000028,106.04208323299983,SAT_10057,20.788962776079515,195.68791561544728,99.03588464627431,169.60769957947676,-64.20073726728067,29.882021243462678,35.0,0.12133799505996713,12.353720936206622
9.953306039000028,106.14208323299982,SAT_10057,20.75789703338758,195.51317081280516,99.03260171865406,169.6167127072633,-64.23180300997261,29.86980294273354,35.0,0.12147600418988563,12.363417241252957
9.953306039000028,106.24208323299982,SAT_10117,20.784938679948695,195.6652800747114,99.03545576946605,169.60874815819005,-64.20476136341149,29.88037476246447,35.0,0.1213566424092303,12.355031325276679
9.953306039000028,106.34208323299981,SAT_10117,20.86085675747411,196.0923192607919,99.04341866321536,169.58668333591316,-64.12884328588608,29.910186588200467,35.0,0.1210194968992286,12.331327041274157
9.953306039000028,106.4420832329998,SAT_10117,20.926043010248407,196.45899193264728,99.0501834697137,169.56769037199675,-64.06365703311178,29.93572694230456,35.0,0.1207301629708471,12.310963440448747
9.953306039000028,106.5420832329998,SAT_10117,20.9804306582065,196.76492245241155,99.0557771834853,169.55181024342352,-64.00926938515369,29.95699577308078,35.0,0.12048886772838426,12.293966047082558
9.953306039000028,106.6420832329998,SAT_10117,21.023963374944046,197.00979398406028,99.0602218248089,169.53907753424087,-63.96573666841614,29.97399303748135,35.0,0.12029580251951512,12.2803563691371
10.053306039000027,105.04208323299989,SAT_10071,20.469193352932564,193.88921261024566,99.00143651437354,169.70264274636384,-64.52050669042762,29.757075208286672,35.0,0.12274250905408028,12.452196643296368
10.053306039000027,105.14208323299988,SAT_10057,20.496719048162376,194.04404464591337,99.0043741069974,169.69209953602402,-64.49298099519781,29.76660806818174,35.0,0.1226375342614044,12.444851993094131
10.053306039000027,105.24208323299987,SAT_10057,20.563081350291696,194.4173325953908,99.01165360109756,169.6730102744765,-64.42661869306849,29.792908500558692,35.0,0.12234219216607085,12.424174726984619
10.053306039000027,105.34208323299987,SAT_10057,20.61875148824953,194.7304771214036,99.01770283557761,169.65696220648024,-64.37094855511066,29.814929585392367,35.0,0.12209454541522452,12.406821388607552
10.053306039000027,105.44208323299986,SAT_10057,20.663673703535338,194.98316458238628,99.02254650077008,169.64398949040248,-64.32602633982485,29.832671278145412,35.0,0.12189478414775826,12.392813343420032
10.053306039000027,105.54208323299986,SAT_10057,20.697802593134597,195.17513958638213,99.02620413721978,169.63411995501195,-64.29189745022559,29.846133542937086,35.0,0.12174306305799273,12.382167975092727
10.053306039000027,105.64208323299985,SAT_10057,20.72110341619161,195.3062067160778,99.02869036617751,169.62737490255813,-64.26859662716858,29.85531635254229,35.0,0.12163950043271278,12.374898576720026
10.053306039000027,105.74208323299985,SAT_10057,20.73355233088141,195.37623186120794,99.03001506032543,169.62376895656942,-64.25614771247878,29.860219688390853,35.0,0.12158417740910507,12.371014266891107
10.053306039000027,105.84208323299984,SAT_10057,20.735136558084974,195.38514313922798,99.03018345821023,169.62330995663226,-64.25456348527521,29.860843540567036,35.0,0.12157713746287528,12.370519931747118
10.053306039000027,105.94208323299983,SAT_10057,20.725854469493058,195.33293139089847,99.02919622468515,169.62599890173462,-64.26384557386713,29.857187907809262,35.0,0.12161838613300266,12.373416193808769
10.053306039000027,106.04208323299983,SAT_10057,20.70571559884921,195.21965024352681,99.02704945856703,169.63182994303588,-64.28398444451098,29.84925279751009,35.0,0.12170789098662434,12.379699407998563
10.053306039000027,106.14208323299982,SAT_10117,20.695860451038286,195.16421503709037,99.02599196117153,169.6345626200396,-64.2938395923219,29.84530389757767,35.0,0.1217524734059475,12.382828396454036
10.053306039000027,106.24208323299982,SAT_10117,20.782400053567443,195.65100030131686,99.03518426443404,169.60948496358935,-64.20729998979274,29.87937664630153,35.0,0.12136791951723523,12.355823752987678
10.053306039000027,106.34208323299981,SAT_10117,20.858288633236498,196.0778735619553,99.04314633397676,169.58743070172352,-64.13141141012369,29.909179298186896,35.0,0.1210308985950767,12.33212910799199
10.053306039000027,106.4420832329998,SAT_10117,20.923449477115057,196.4444033087722,99.04991044968358,169.5684468710483,-64.06625056624513,29.934711792897374,35.0,0.12074167185675252,12.311773816237448
10.053306039000027,106.5420832329998,SAT_10117,20.977815867642207,196.7502142554874,99.05550359872906,169.55257440953562,-64.01188417571798,29.95597407874483,35.0,0.12050046620009039,12.294783378727102
10.053306039000027,106.6420832329998,SAT_10117,21.021331531477195,196.99498986455924,99.0599477954888,169.53984786808607,-63.96836851188299,29.97296611268798,35.0,0.12030747279781408,12.281179283687095
10.153306039000027,104.64208323299991,SAT_10071,20.811507732641587,195.81473099610892,99.0383490219968,169.60380804111708,-64.1781923107186,29.89231650275542,35.0,0.1212207496908105,12.345480022666134
10.153306039000027,104.8420832329999,SAT_10071,20.695030309411706,195.15954549044085,99.02600600599807,169.6375718662597,-64.29466973394848,29.846461352482624,35.0,0.12173812054303514,12.38182109962838
10.153306039000027,104.94208323299989,SAT_10071,20.62078795220654,194.7419322311618,99.01802317595173,169.65902059591423,-64.36891209115365,29.817145715831586,35.0,0.12206812329094927,12.404969087780053
10.153306039000027,105.04208323299989,SAT_10071,20.5359715142922,194.26483976789365,99.00879098012577,169.6834556546736,-64.45372852906799,29.7835714478976,35.0,0.12244534700272101,12.431398975289271
10.153306039000027,105.14208323299988,SAT_10071,20.440664001171754,193.72873500659114,98.9982708816893,169.71082623552752,-64.54903604218843,29.745738616777498,35.0,0.12286950825208624,12.461078915186327
10.153306039000027,105.24208323299987,SAT_10057,20.469371853759753,193.8902166773986,99.00135224983002,169.69995305701582,-64.52032818960043,29.75575417205858,35.0,0.12275928308823965,12.453370021554944
10.153306039000027,105.34208323299987,SAT_10057,20.524862721071656,194.20235280602807,99.00746964900215,169.68400939066228,-64.46483732228853,29.777768474750598,35.0,0.12251226481344706,12.4360841415634
10.153306039000027,105.44208323299986,SAT_10057,20.56963962660768,194.45422289966822,99.0123676470174,169.6711213499326,-64.4200604167525,29.795504703357338,35.0,0.12231301264995888,12.422130757527286
10.153306039000027,105.54208323299986,SAT_10057,20.603657729484098,194.64557472834807,99.01606616636427,169.66131640336437,-64.38604231387609,29.808962822001952,35.0,0.12216167952076543,12.411527052992902
10.153306039000027,105.64208323299985,SAT_10057,20.62688272081199,194.77621530456744,99.01858011315836,169.65461557625542,-64.3628173225482,29.818142803462294,35.0,0.12205838235368652,12.404286167401377
10.153306039000027,105.74208323299985,SAT_10057,20.639291056137637,194.84601219077425,99.01991955198162,169.65103330141028,-64.35040898722255,29.823044629170198,35.0,0.12200320135148397,12.400417113630983
10.153306039000027,105.84208323299984,SAT_10057,20.640870116040446,194.85489440272752,99.02008982305752,169.65057731596775,-64.34882992731974,29.823668289211007,35.0,0.12199617948841447,12.399924721074584
10.153306039000027,105.94208323299983,SAT_10057,20.6316182925747,194.8028528957327,99.0190916041363,169.65324860585156,-64.35808175078549,29.820013782323276,35.0,0.12203732223953273,12.402809605017664
10.153306039000027,106.04208323299983,SAT_10057,20.611545000302243,194.68994062670012,99.01692091833483,169.6590413986797,-64.37815504305794,29.81208111589877,35.0,0.1221265975461568,12.409068162730845
10.153306039000027,106.14208323299982,SAT_10117,20.68219027219638,195.08732028110464,99.02452620806915,169.63851700509457,-64.30750977116381,29.839913126678113,35.0,0.12181324174374701,12.387092651003606
10.153306039000027,106.24208323299982,SAT_10117,20.768665690661805,195.57374450997267,99.03372996841881,169.61347005138467,-64.22103435269838,29.873975295272597,35.0,0.12142893410832961,12.360110662477984
10.153306039000027,106.34208323299981,SAT_10117,20.84449766932528,196.0002993899547,99.04170189604729,169.59144293742145,-64.14520237403491,29.90376869298596,35.0,0.12109213004848676,12.33643599955094
10.153306039000027,106.4420832329998,SAT_10117,20.909609675111227,196.36655442250068,99.04847433848246,169.57248258559804,-64.08009036824896,29.929293259490716,35.0,0.12080309020553345,12.316097951936106
10.153306039000027,106.5420832329998,SAT_10117,20.963935148099893,196.67213520806192,99.0540743392313,169.556629833687,-64.0257648952603,29.950548943106348,35.0,0.1205620409738303,12.299121963705819
10.153306039000027,106.6420832329998,SAT_10117,21.00741794879356,196.91672596196378,99.05852395847485,169.54391914744892,-63.98228209456663,29.967535700797924,35.0,0.12036917309962436,12.285529474816014
10.153306039000027,106.74208323299979,SAT_10117,21.040012740860824,197.10007166734215,99.06184053087814,169.53437837444443,-63.94968730249936,29.980253498174985,35.0,0.12022464048633585,12.275337785743588
10.253306039000027,103.94208323299995,SAT_10071,20.93489402435651,196.50877888700535,99.05118350188759,169.567889834066,-64.05480601900368,29.940707607760295,35.0,0.12067317955905693,12.306950613138918
10.253306039000027,104.04208323299994,SAT_10071,20.95792319423994,196.63831796759965,99.05355343710143,169.5611686096514,-64.03177684912025,29.949718444607573,35.0,0.12057103550325152,12.299755648573173
10.253306039000027,104.64208323299991,SAT_10071,20.867693747808715,196.130777331424,99.04422087890921,169.58747148353027,-64.12200629555147,29.914375714742047,35.0,0.12097134187968828,12.327939184883562
10.253306039000027,104.7420832329999,SAT_10071,20.814733613401387,195.83287657538284,99.03868376328681,169.60287096533196,-64.1749664299588,29.89358407943436,35.0,0.12120642729193729,12.344473116769262
10.253306039000027,104.8420832329999,SAT_10071,20.751046704638853,195.47463771359355,99.03196602586745,169.62135145646687,-64.23865333872133,29.868535047696767,35.0,0.12148925054428977,12.364347679406949
10.253306039000027,104.94208323299989,SAT_10071,20.676697362465063,195.056422663866,99.02404071534322,169.64287350066678,-64.31300268089512,29.839228670334986,35.0,0.12181959262034574,12.387538257942989
10.253306039000027,105.04208323299989,SAT_10071,20.591759767397704,194.5786486916121,99.01487552970647,169.66739164011298,-64.39794027596248,29.80566500679327,35.0,0.12219720070722812,12.414016441935544
10.253306039000027,105.14208323299988,SAT_10102,20.5166405052002,194.15610284175114,99.00660158442966,169.68728740576518,-64.47305953815999,29.774992511580482,35.0,0.12254280221771556,12.438221841757567
10.253306039000027,105.24208323299987,SAT_10102,20.437382509936143,193.7102766183908,98.99783790097317,169.7100423912914,-64.55231753342404,29.74352622988011,35.0,0.12289563472061718,12.462905737292127
10.253306039000027,105.34208323299987,SAT_10057,20.420172787929445,193.61347193210312,98.99588446116022,169.71406295739524,-64.56952725543074,29.736204295083297,35.0,0.12297837655243321,12.468690216566369
10.253306039000027,105.44208323299986,SAT_10057,20.464790609978678,193.86444718113006,99.00084475137176,169.7012679522405,-64.52490943338151,29.753935011703803,35.0,0.12277968100190255,12.454796811842915
10.253306039000027,105.54208323299986,SAT_10057,20.49868742640649,194.05511677353653,99.00459014062601,169.69153396896508,-64.4910126169537,29.767388947900983,35.0,0.12262877203836367,12.444238823851233
10.253306039000027,105.64208323299985,SAT_10057,20.521829399925963,194.18529037458353,99.0071358633404,169.68488173065938,-64.46787064343422,29.776566076455538,35.0,0.12252576510294683,12.437029224127423
10.253306039000027,105.74208323299985,SAT_10057,20.534193310718905,194.25483737279382,99.00849220523432,169.68132546202565,-64.45550673264128,29.781466378801262,35.0,0.12247073937622383,12.43317691004067
10.253306039000027,105.84208323299984,SAT_10057,20.53576671369781,194.26368776455018,99.0086646236916,169.68087278842503,-64.45393332966238,29.78208984502452,35.0,0.12246373728392368,12.432686648977933
10.253306039000027,105.94208323299983,SAT_10057,20.526548023147058,194.2118326302022,99.00765381132314,169.68352468152673,-64.46315202021313,29.778436473864005,35.0,0.12250476423117604,12.435559048319226
10.253306039000027,106.04208323299983,SAT_10117,20.560442023161443,194.4024863802831,99.01135850620307,169.67365134983223,-64.42925802019874,29.791800362379877,35.0,0.12235472132712823,12.425052311419268
10.253306039000027,106.14208323299982,SAT_10117,20.657369408339363,194.94770292190893,99.02185963591764,169.64569209119358,-64.33233063502082,29.830119223485394,35.0,0.12192359410972511,12.39483417320291
10.253306039000027,106.24208323299982,SAT_10117,20.743750162051896,195.43359466154195,99.0310873666262,169.62069447986426,-64.24594988130829,29.864170720140176,35.0,0.12153963663673821,12.367886484947485
10.253306039000027,106.34208323299981,SAT_10117,20.81949860361094,195.85967964531153,99.03907991149995,169.59871099454375,-64.17020143974925,29.89395478337811,35.0,0.12120314118596824,12.344242087397637
10.253306039000027,106.4420832329998,SAT_10117,20.884538487283365,196.2255289909689,99.04586976294051,169.57978837436036,-64.10516155607682,29.919471352880397,35.0,0.12091436748585578,12.323930167110992
10.253306039000027,106.5420832329998,SAT_10117,20.938803505000493,196.53076971562777,99.05148408499349,169.56396729631234,-64.0508965383597,29.940720376973946,35.0,0.1206735411328931,12.306976077888404
10.253306039000027,106.6420832329998,SAT_10117,20.982237731089995,196.77508723738126,99.0559450357762,169.55128208955637,-64.00746231227019,29.95770181263002,35.0,0.1204808521975384,12.29340118314631
10.253306039000027,106.74208323299979,SAT_10117,21.01479600283094,196.95822751592402,99.05927002666513,169.54176049067172,-63.974904040529246,29.970415625463097,35.0,0.12033645403559093,12.283222721285025
10.353306039000026,103.94208323299995,SAT_10071,20.980012763978735,196.7625717973804,99.05581328798812,169.55471647368972,-64.00968727938145,29.95835541167241,35.0,0.12047307558431045,12.29285314177983
10.353306039000026,104.04208323299994,SAT_10071,21.00306782027286,196.89225648903482,99.0581696922009,169.547976955466,-63.98663222308733,29.967363377304554,35.0,0.12037085143051536,12.285647793495368
10.353306039000026,104.54208323299991,SAT_10071,20.95496372721925,196.6216709656083,99.05324386611736,169.56203265704596,-64.03473631614094,29.948560837305685,35.0,0.12058416099479854,12.300680335405847
10.353306039000026,104.64208323299991,SAT_10071,20.91273733998962,196.3841475374416,99.0488905826287,169.5743512588817,-64.07696270337057,29.932031909064932,35.0,0.12077147043943659,12.313871883114356
10.353306039000026,104.7420832329999,SAT_10071,20.85971838978594,196.0859159425459,99.04338538741521,169.58979235948124,-64.12998165357425,29.911246898827688,35.0,0.12100673786104912,12.330429455059651
10.353306039000026,104.8420832329999,SAT_10071,20.795961224664083,195.72728188873546,99.03670658467395,169.60832260123252,-64.1937388186961,29.886205848754905,35.0,0.12128977853632256,12.350332287682175
10.353306039000026,104.94208323299989,SAT_10102,20.72159096513525,195.3089491788858,99.02876814520492,169.62815090422893,-64.26810907822494,29.856001055875378,35.0,0.12163137124554359,12.374327858625845
10.353306039000026,105.04208323299989,SAT_10102,20.66338843637105,194.98155995458717,99.02254387541831,169.64498811792322,-64.32631160698914,29.83304874747136,35.0,0.12189006308054118,12.392482173456738
10.353306039000026,105.14208323299988,SAT_10102,20.59454088208045,194.59429246170254,99.01510908802756,169.6648602676836,-64.39515916127974,29.8058444545929,35.0,0.12219621172924842,12.41394713645979
10.353306039000026,105.24208323299987,SAT_10102,20.51511659819927,194.1475308648709,99.00643342519578,169.68772551823108,-64.47458344516092,29.77438823244523,35.0,0.12254958427297521,12.438696575102103
10.353306039000026,105.34208323299987,SAT_10102,20.425193326898977,193.64171246380675,98.99648085189544,169.71353628411268,-64.56450671646121,29.73868014486608,35.0,0.12294991524704332,12.466700661967574
10.353306039000026,105.44208323299986,SAT_10057,20.349230730873998,193.21442286116624,98.98792715208668,169.73436565959346,-64.64046931248619,29.707962286041575,35.0,0.12329443316922893,12.490771505765075
10.353306039000026,105.54208323299986,SAT_10057,20.38299620903176,193.40435367580363,98.99172576638935,169.72470872746482,-64.60670383432843,29.72141200349755,35.0,0.12314398315578799,12.480263127205374
10.353306039000026,105.64208323299985,SAT_10057,20.40604828583227,193.53402160780652,98.99430757228535,169.71810924482173,-64.58365175752792,29.730586254389916,35.0,0.12304129025190284,12.473087476844197
10.353306039000026,105.74208323299985,SAT_10057,20.418364091492634,193.60329801464607,98.99568310806242,169.71458121212405,-64.57133595186755,29.735485020154332,35.0,0.12298643253334601,12.469253327364493
10.353306039000026,105.84208323299984,SAT_10057,20.41993136889029,193.61211395000788,98.99585796490722,169.7141321342914,-64.5697686744699,29.73610829087817,35.0,0.12297945183301197,12.468765379223676
10.353306039000026,105.94208323299983,SAT_10117,20.4174088220591,193.59792462408245,98.99557180251578,169.714736253989,-64.57229122130109,29.735042772794923,35.0,0.12299148174493374,12.469606258362077
10.353306039000026,106.04208323299983,SAT_10117,20.52463552739205,194.20107484158027,99.00743850265434,169.6839558276784,-64.46506451596814,29.77761545909908,35.0,0.12251406383206268,12.436210083556757
10.353306039000026,106.14208323299982,SAT_10117,20.621423884040468,194.74550934772762,99.01798169248764,169.65607191939762,-64.36827615931972,29.815922207515825,35.0,0.12208344190212718,12.4060430055358
10.353306039000026,106.24208323299982,SAT_10117,20.707679808515792,195.23069892290133,99.02724608611703,169.63114208762386,-64.2820202348444,29.849962940440804,35.0,0.12169993750448158,12.379141150156858
10.353306039000026,106.34208323299981,SAT_10117,20.783318057933073,195.65616407587356,99.03527016106305,169.60921853161452,-64.20638198542711,29.879737588917582,35.0,0.12136384152578274,12.355537201204399
10.353306039000026,106.4420832329998,SAT_10117,20.848262779657617,196.0214781355741,99.04208663315453,169.59034773933055,-64.14143726370257,29.90524609263581,35.0,0.1210754124494903,12.335260204558331
10.353306039000026,106.5420832329998,SAT_10117,20.90244801014927,196.32627005708966,99.0477228522726,169.57457016743967,-64.08725203321092,29.926488399929646,35.0,0.12083487478405838,12.318335390916817
10.353306039000026,106.6420832329998,SAT_10117,20.94581811623513,196.57022690382263,99.05220112748054,169.5619199579002,-64.04388192712506,29.94346446777637,35.0,0.12064241767845342,12.304784019322776
10.353306039000026,106.74208323299979,SAT_10117,20.978328172675276,196.75309597129842,99.05553898835969,169.55242469521113,-64.01137187068491,29.956174261795287,35.0,0.12049819374179435,12.294623243527264
10.353306039000026,106.84208323299978,SAT_10117,20.999944270666575,196.8746865224995,99.0577493879066,169.54610520789737,-63.98975577269361,29.96461775624679,35.0,0.120402318081718,12.287866002961309
10.453306039000026,104.54208323299991,SAT_10071,20.988849038759227,196.81227584302064,99.05671156679392,169.55213407821657,-64.00085100460096,29.961808665767137,35.0,0.12043389419612499,12.290091697955406
10.453306039000026,104.64208323299991,SAT_10071,20.946590568610105,196.57457194843184,99.05237745148658,169.56447679908757,-64.04310947475008,29.945285050530778,35.0,0.12062129825698345,12.3032964279363
10.453306039000026,104.7420832329999,SAT_10071,20.89353157237983,196.27611509463654,99.04689660332345,169.57994803572487,-64.09616847098036,29.924506721367923,35.0,0.12085668374702538,12.319870472876383
10.453306039000026,104.8420832329999,SAT_10102,20.836336276274523,195.95439155404418,99.04087442560387,169.5948552350995,-64.15336376708566,29.901128097407867,35.0,0.12112169090036141,12.338514938493685
10.453306039000026,104.94208323299989,SAT_10102,20.788751635183303,195.68672794790606,99.03587833150914,169.60867923673447,-64.20094840817688,29.88243385065994,35.0,0.12133300158535389,12.353370020516987
10.453306039000026,105.04208323299989,SAT_10102,20.73044488634102,195.35875248566825,99.02970706821476,169.62558655474106,-64.25925515701917,29.859488944100626,35.0,0.12159202810401092,12.371565518274727
10.453306039000026,105.14208323299988,SAT_10102,20.661474890986298,194.97079626179794,99.02233596577369,169.6455410948565,-64.32822515237389,29.832293424295163,35.0,0.12189857006861984,12.39307891174393
10.453306039000026,105.24208323299987,SAT_10102,20.58191047838889,194.52324644093753,99.01373512444597,169.66850067802582,-64.4077895649713,29.800847346438193,35.0,0.12225239289807457,12.417883840485592
10.453306039000026,105.34208323299987,SAT_10102,20.49182999283525,194.01654370969828,99.00386905643657,169.69441733103224,-64.49787005052494,29.7651507743552,35.0,0.12265322924473618,12.445950264603145
10.453306039000026,105.44208323299986,SAT_10102,20.39132078718181,193.4511794278977,98.99269625266545,169.72323761098164,-64.59837925617838,29.725203780504184,35.0,0.12310078059680346,12.477244645104113
10.453306039000026,105.54208323299986,SAT_10102,20.280478669706582,192.82769251709954,98.98016866508075,169.75490295917095,-64.7092213736536,29.681006445977555,35.0,0.12359471903757352,12.511730141422637
10.453306039000026,105.64208323299985,SAT_10057,20.279652637625873,192.82304608664552,98.98003767335993,169.75422892233965,-64.71004740573431,29.680203428918553,35.0,0.12360456985949314,12.51241734245374
10.453306039000026,105.74208323299985,SAT_10057,20.29191683275552,192.89203218424979,98.98143484771929,169.75073124330032,-64.69778321060467,29.685100644884905,35.0,0.12354989232416262,12.508602719865081
10.453306039000026,105.84208323299984,SAT_10057,20.29347753823481,192.9008111525708,98.98161245349952,169.750286030892,-64.69622250512538,29.68572371842776,35.0,0.12354293456596428,12.508117258095181
10.453306039000026,105.94208323299983,SAT_10117,20.370737254369047,193.33539705582592,98.99034525267342,169.7280975569967,-64.61896278899114,29.716468464712225,35.0,0.12319939878775316,12.484134297918917
10.453306039000026,106.04208323299983,SAT_10117,20.477774922502803,193.93748393907828,99.00227662361857,169.6974218834793,-64.51192512085738,29.759027574604858,35.0,0.12272266103173801,12.450808150951202
10.453306039000026,106.14208323299982,SAT_10117,20.574391182235814,194.48095040007644,99.01287675186062,169.66963351133325,-64.41530886112437,29.797322107060566,35.0,0.1222926574423445,12.420704799409346
10.453306039000026,106.24208323299982,SAT_10117,20.660492554253807,194.96527061767765,99.02219077262384,169.64478961352063,-64.32920748910638,29.831351984485604,35.0,0.12190970764413239,12.393860152427226
10.453306039000026,106.34208323299981,SAT_10117,20.735994348638044,195.38996821108898,99.03025752322101,169.62294203604742,-64.25370569472214,29.861117137932947,35.0,0.12157410076871793,12.37030669583895
10.453306039000026,106.4420832329998,SAT_10117,20.800821209219833,195.75461930186157,99.03711002350005,169.60413694939166,-64.18887883414035,29.886617507100482,35.0,0.12128609372907365,12.350073298120108
10.453306039000026,106.5420832329998,SAT_10117,20.85490760755448,196.05885529249394,99.04277587615393,169.58841453173721,-64.1347924358057,29.907853040329414,35.0,0.12104590966126096,12.33318503473664
10.453306039000026,106.6420832329998,SAT_10117,20.89819827983706,196.30236532408347,99.04727759555443,169.57580868845113,-64.09150176352313,29.924823694602896,35.0,0.12085373655200972,12.319663033122875
10.453306039000026,106.74208323299979,SAT_10117,20.930648600704345,196.48489837896196,99.05063287203332,169.56634681183547,-64.05905144265584,29.93752943554492,35.0,0.12070972606873999,12.309524340296546
10.453306039000026,106.84208323299978,SAT_10117,20.952224888640558,196.60626499860314,99.05285477704507,169.56004958467287,-64.03747515471963,29.945970237419388,35.0,0.12061399260644959,12.302781814859694
10.453306039000026,106.94208323299978,SAT_10117,20.962904638589322,196.6663385920649,99.05395191334829,169.55693083050147,-64.02679540477087,29.95014608312945,35.0,0.12056661256340254,12.29944404483544
10.453306039000026,107.14208323299977,SAT_10117,20.95154124674275,196.60241951292798,99.05278448640394,169.56024918514026,-64.03815879661744,29.945702880862672,35.0,0.12061702567064383,12.302995466669195
10.453306039000026,107.24208323299976,SAT_10117,20.929509991531546,196.47849370236494,99.05051541941063,169.56667899152094,-64.06019005182864,29.937083841885418,35.0,0.12071477848092443,12.3098801237122
10.553306039000026,104.94208323299989,SAT_10102,20.844833766735235,196.0021899378857,99.0417585169699,169.59238415204698,-64.14486627662495,29.904463484342234,35.0,0.12108396369312463,12.335861645227084
10.553306039000026,105.04208323299989,SAT_10102,20.78644270478175,195.67374021439733,99.03563129926293,169.6093494230092,-64.20325733857844,29.881526041439542,35.0,0.12134325683084912,12.354090700177927
10.553306039000026,105.14208323299988,SAT_10102,20.71737367713277,195.28522693387183,99.02831311406315,169.62937207036754,-64.27232636622742,29.854339367970535,35.0,0.12165011202379827,12.375643551806622
10.553306039000026,105.24208323299987,SAT_10102,20.637695954974788,194.83703974673318,99.01977444137617,169.65240962984888,-64.3520040883854,29.822903519119464,35.0,0.12200429331786503,12.400493684338123
10.553306039000026,105.34208323299987,SAT_10102,20.547488381455025,194.3296221456845,99.00998024698787,169.67841380655312,-64.44221166190516,29.787218558699816,35.0,0.12240553181035368,12.428610882241506
10.553306039000026,105.44208323299986,SAT_10102,20.44683886040886,193.76346858979986,98.99888955626653,169.70733080265987,-64.54286118295133,29.747284559155954,35.0,0.12285352726540572,12.459961412182015
10.553306039000026,105.54208323299986,SAT_10102,20.335843798018132,193.13912136385198,98.98645494500204,169.7391016747594,-64.65385624534206,29.703101601565017,35.0,0.12334794988738762,12.494508222260267
10.553306039000026,105.64208323299985,SAT_10102,20.214607504612587,192.4571672134458,98.97262193582542,169.77366271602907,-64.7750925387476,29.654669775639036,35.0,0.12388844223214988,12.532211156125424
10.553306039000026,105.74208323299985,SAT_10057,20.154972695624892,192.12172141289003,98.96568173449634,169.78970161825615,-64.8347273477353,29.630313353436286,35.0,0.12416070298481696,12.551178379930628
10.553306039000026,105.84208323299984,SAT_10117,20.195981822031655,192.35239774892807,98.97043100754631,169.77793306311537,-64.79371822132853,29.64668278922432,35.0,0.12397853572407094,12.53848941171341
10.553306039000026,105.94208323299983,SAT_10117,20.313095246735514,193.01116076288727,98.98383812707337,169.7445693027679,-64.67660479662467,29.693491327210843,35.0,0.12345628450985531,12.502070536557754
10.553306039000026,106.04208323299983,SAT_10117,20.419908266708518,193.6119840002354,98.99585155730342,169.71402008550854,-64.56979177665167,29.736036745941906,35.0,0.12298034895252632,12.468828088132508
10.553306039000026,106.14208323299982,SAT_10117,20.51631998217269,194.1542998997214,99.00652392647005,169.68634703751636,-64.4733800611875,29.774318959186466,35.0,0.12255107479683347,12.438800908060784
10.553306039000026,106.24208323299982,SAT_10117,20.602237640263994,194.63758672648495,99.01590090667874,169.66160686804133,-64.3874624030962,29.808337889361095,35.0,0.12216877935326717,12.412024645062694
10.553306039000026,106.34208323299981,SAT_10117,20.677577215870784,195.0613718392732,99.02402179382025,169.63985099823378,-64.3121228274894,29.838093467527933,35.0,0.12183374964371514,12.388531547139833
10.553306039000026,106.4420832329998,SAT_10117,20.742263949644254,195.42523471674895,99.0309199951475,169.62112521677602,-64.24743609371593,29.863585633392876,35.0,0.12154624069347304,12.368350269639308
10.553306039000026,106.5420832329998,SAT_10117,20.79623283613995,195.72880970328723,99.03662343544276,169.60546936698552,-64.19346720722024,29.884814335303993,35.0,0.12130647398918039,12.351505701549526
10.553306039000026,106.6420832329998,SAT_10117,20.83942905551382,195.97178843726525,99.04115489060278,169.5929170697596,-64.15027098784637,29.90177953025015,35.0,0.12111463612083168,12.33801881221609
10.553306039000026,106.74208323299979,SAT_10117,20.87180834281878,196.15392192835563,99.04453225569696,169.58349548632208,-64.1178917005414,29.91448118385989,35.0,0.12097087762421749,12.327906520455004
10.553306039000026,106.84208323299978,SAT_10117,20.893337289697,196.27502225454566,99.04676875303558,169.57722512424044,-64.09636275366319,29.922919270400545,35.0,0.12087531203800722,12.321181587785285
10.553306039000026,106.94208323299978,SAT_10117,20.90399357414904,196.33496385458835,99.047873084463,169.57411968959306,-64.08570646921115,29.92709377277752,35.0,0.12082801518723119,12.317852537208381
10.553306039000026,107.04208323299977,SAT_10117,20.90376611505107,196.33368439716227,99.04784953091301,169.57418598750704,-64.08593392830912,29.927004682533884,35.0,0.12082902470220569,12.317923598633769
10.553306039000026,107.14208323299977,SAT_10117,20.892655149153796,196.2711852139901,99.04669800118953,169.57742387258162,-64.09704489420639,29.922651999850114,35.0,0.12087833977902429,12.321394681695859
10.553306039000026,107.24208323299976,SAT_10117,20.870672229436792,196.14753129058198,99.04441403092905,169.5838262499474,-64.1190278139234,29.91403573354412,35.0,0.12097592118467991,12.328261376335435
10.553306039000026,107.34208323299976,SAT_10117,20.837840144837486,195.96285081471086,99.04098873172367,169.59337912694994,-64.1518598985227,29.901155901071476,35.0,0.12112169150675157,12.338514981137486
10.553306039000026,107.44208323299975,SAT_10117,20.7941927625362,195.71733428926612,99.03640868940825,169.60606171466867,-64.19550728082399,29.884012528525872,35.0,0.12131553564446257,12.352142559036727
10.553306039000026,107.54208323299974,SAT_10117,20.73977479510826,195.41123322248396,99.03065580950513,169.62184657772673,-64.24992524825193,29.862605650639797,35.0,0.12155730153486022,12.369127019630128
10.553306039000026,108.94208323299966,SAT_10117,20.30988489339846,192.99310252536634,98.9834739152301,169.74548571134332,-64.67981514996173,29.69221042786083,35.0,0.12347059480652771,12.503069271672702
10.553306039000026,116.94208323299921,SAT_10072,20.919585685618657,196.42266948160497,99.04951414971781,169.57034404718775,-64.07011435774153,29.93361878958213,35.0,0.12075390555338379,12.31263519458253
10.653306039000025,105.04208323299989,SAT_10102,20.83132326070698,195.92619334147676,99.04034144593413,169.59631268008937,-64.1583767826532,29.899159995569217,35.0,0.12114394883665697,12.3400801492964
10.653306039000025,105.14208323299988,SAT_10102,20.76217909684857,195.5372574197732,99.033065788485,169.6163888377043,-64.22752094651162,29.871982241680634,35.0,0.12145103565125938,12.361663314836672
10.653306039000025,105.24208323299987,SAT_10102,20.68241543992353,195.08858684956985,99.02457707770067,169.6394876594971,-64.30728460343666,29.840556706528137,35.0,0.12180548185342313,12.38654816861427
10.653306039000025,105.34208323299987,SAT_10102,20.592111525479112,194.58062733082,99.014840643442,169.6655605971041,-64.39758851788108,29.804883453913437,35.0,0.1222070173220023,12.4147043573684
10.653306039000025,105.44208323299986,SAT_10102,20.491355690707564,194.01387576023006,99.0038159400275,169.69455357307157,-64.49834435265262,29.76496255626753,35.0,0.12265534047031723,12.44609799537826
10.653306039000025,105.54208323299986,SAT_10102,20.380244812004634,193.38887706752607,98.99145604389797,169.72640734092482,-64.60945523135555,29.720794094652597,35.0,0.12315012003062287,12.480691865052718
10.653306039000025,105.64208323299985,SAT_10102,20.258883702455535,192.7062208263124,98.9777070582582,169.76105787022053,-64.73081634090465,29.672378158764094,35.0,0.12369099697711225,12.518445632471101
10.653306039000025,105.74208323299985,SAT_10102,20.12738447678609,191.96653768192175,98.96250741088227,169.79843675159572,-64.8623155665741,29.619714846933118,35.0,0.12427758656631993,12.559316075345178
10.653306039000025,105.84208323299984,SAT_10117,20.127709085690796,191.96836360701073,98.96250292970043,169.7973197240461,-64.86199095766939,29.619318057425872,35.0,0.12428318969768151,12.559706101351479
10.653306039000025,105.94208323299983,SAT_10117,20.24454077456768,192.62554185694322,98.97602286160595,169.76411602756772,-64.7451592687925,29.666111406088266,35.0,0.12376194072874859,12.523392706584291
10.653306039000025,106.04208323299983,SAT_10117,20.35109435060869,193.2249057221739,98.98813635850627,169.73371444842485,-64.6386056927515,29.708643018931966,35.0,0.12328692682931182,12.490247336429297
10.653306039000025,106.14208323299982,SAT_10117,20.44726982242281,193.76589275112832,98.99889681308548,169.70617603365633,-64.54243022093738,29.74691280973709,35.0,0.1228584908366535,12.46030850618149
10.653306039000025,106.24208323299982,SAT_10117,20.532975281582708,194.24798595890275,99.00835055520248,169.68155695344706,-64.45672476177748,29.780920700930242,35.0,0.1224769473698591,12.433611561890809
10.653306039000025,106.34208323299981,SAT_10117,20.60812747565538,194.6707170505615,99.01653744242694,169.6599081351227,-64.38157256770481,29.81066662358247,35.0,0.12214258099739743,12.410188475167194
10.653306039000025,106.4420832329998,SAT_10117,20.67265233887106,195.03366940614973,99.02349135640878,169.64127492364523,-64.31704770448913,29.836150517407464,35.0,0.12185564454962743,12.39006765370173
10.653306039000025,106.5420832329998,SAT_10117,20.726485473513605,195.33648078851402,99.02924061626692,169.62569677319564,-64.26321456984658,29.857372330759954,35.0,0.1216163575954823,12.373273769815412
10.653306039000025,106.6420832329998,SAT_10117,20.76957257558024,195.57884573763886,99.03380831803106,169.61320697412742,-64.22012746777995,29.874332020634366,35.0,0.1214249051011766,12.35982760918571
10.653306039000025,106.74208323299979,SAT_10117,20.8018697988622,195.7605176185999,99.03721260735507,169.60383241918166,-64.18783024449799,29.88702955266368,35.0,0.12128143628701316,12.349745941692996
10.653306039000025,106.84208323299978,SAT_10117,20.823344052344865,195.88131029443988,99.03946689116611,169.59759341235977,-64.16635599101532,29.89546490111854,35.0,0.12118606369625783,12.343041416077842
10.653306039000025,106.94208323299978,SAT_10117,20.833973226688087,195.9410994001205,99.04057999255981,169.59450352328034,-64.1557268166721,29.89963804890657,35.0,0.12113886248763506,12.339722479810698
10.653306039000025,107.04208323299977,SAT_10117,20.83374634652219,195.93982319918732,99.04055625204794,169.59456948919643,-64.155953696838,29.89954898757192,35.0,0.12113986996033027,12.339793325253149
10.653306039000025,107.14208323299977,SAT_10117,20.82266364633695,195.87748301064534,99.03939557716575,169.59779116615857,-64.16703639702324,29.895197717295048,35.0,0.12118908531751425,12.343253862842198
10.653306039000025,107.24208323299976,SAT_10117,20.800736568860515,195.7541431998404,99.03709344141683,169.60416153005718,-64.18896347449967,29.886584246892728,35.0,0.12128646967140028,12.350099721663813
10.653306039000025,107.34208323299976,SAT_10117,20.76798768594368,195.5699307334332,99.03364083253385,169.61366672753715,-64.22171235741651,29.87370859381828,35.0,0.12143194628976921,12.360322277407862
10.653306039000025,107.44208323299975,SAT_10117,20.724450543113207,195.3250343050118,99.02902414903664,169.6262861760054,-64.26524950024698,29.85657078416202,35.0,0.12162540108082485,12.373908707322764
10.653306039000025,107.54208323299974,SAT_10117,20.67016943005507,195.01970304405978,99.0232250430353,169.64199271122342,-64.31953061330512,29.835170852651963,35.0,0.12186668331024102,12.390842071423432
10.653306039000025,107.64208323299974,SAT_10117,20.605199080336348,194.65424482689195,99.01622020612425,169.66075278027796,-64.38450096302384,29.809508842654722,35.0,0.1221556065413984,12.411101418859207
10.653306039000025,107.74208323299973,SAT_10117,20.52960430464333,194.22902421361871,99.00798109400371,169.68252667707876,-64.46009573871686,29.779584806176654,35.0,0.12249194978715174,12.43466191802761
10.753306039000025,105.14208323299988,SAT_10102,20.79584411951778,195.72662317228753,99.03661391292935,169.60662024269214,-64.1938559238424,29.885222010264172,35.0,0.12130150101338813,12.35115619040104
10.753306039000025,105.24208323299987,SAT_10102,20.71602234877338,195.27762571185025,99.02816331008324,169.62976332523647,-64.27367769458681,29.853806873480647,35.0,0.12165611717832187,12.376065125652664
10.753306039000025,105.34208323299987,SAT_10102,20.625653338878195,194.76930003118983,99.01847093217813,169.65588593989128,-64.36404670448199,29.818145424787215,35.0,0.12205784289831383,12.404248346479621
10.753306039000025,105.44208323299986,SAT_10102,20.524825739939416,194.20214478715923,99.00749656087491,169.6849338067446,-64.46487430342077,29.778237736601778,35.0,0.1225063756167407,12.435671857661218
10.753306039000025,105.54208323299986,SAT_10102,20.41363676785275,193.57670681917173,98.99519365467164,169.7168474599136,-64.57606327550744,29.73408388997184,35.0,0.12300138300880165,12.470298322556879
10.753306039000025,105.64208323299985,SAT_10102,20.2921915986621,192.89357774247432,98.9815087598163,169.75156263468625,-64.69750844469809,29.68568397457663,35.0,0.12354250491294283,12.50808727967552
10.753306039000025,105.74208323299985,SAT_10102,20.160602730278683,192.15339035781759,98.96638081563802,169.78901067472574,-64.8290973130815,29.63303808872944,35.0,0.12412935538002727,12.548995371705173
10.753306039000025,105.84208323299984,SAT_10117,20.048628809596224,191.52353705397877,98.95321185940456,169.8197173628877,-64.94107123376396,29.58755072277969,35.0,0.12463625433682551,12.584268339319133
10.753306039000025,105.94208323299983,SAT_10117,20.165142015886744,192.17892383936294,98.96686578044144,169.78669605312788,-64.82455802747344,29.634328755920667,35.0,0.12411613415245994,12.548074596113759
10.753306039000025,106.04208323299983,SAT_10117,20.271402297710623,192.77663792462226,98.97909811463947,169.7564626892793,-64.71829774564956,29.67684644817514,35.0,0.12364215836842837,12.51503934617699
10.753306039000025,106.14208323299982,SAT_10117,20.367310693856226,193.31612265294126,98.98996316729522,169.72907766168046,-64.62238934950396,29.715103713334063,35.0,0.12321466652122491,12.48520073463633
10.753306039000025,106.24208323299982,SAT_10117,20.45277625338754,193.79686642530493,98.99950805326739,169.70459652936756,-64.53692378997265,29.74910047383379,35.0,0.12283397017493573,12.458593764263934
10.753306039000025,106.34208323299981,SAT_10117,20.52771659986331,194.21840587423114,99.00777330028279,169.68306965989706,-64.46198344349688,29.778836660754024,35.0,0.12250035111357367,12.435250093240272
10.753306039000025,106.4420832329998,SAT_10117,20.592058453722217,194.58032880218747,99.01479335587285,169.66454189532894,-64.39764158963797,29.804312213816026,35.0,0.1222140596767231,12.415197848448322
10.753306039000025,106.5420832329998,SAT_10117,20.645738106058857,194.88227684658108,99.020597009439,169.64905224886036,-64.34396193730133,29.825527081381008,35.0,0.12197531325738316,12.398461456564602
10.753306039000025,106.6420832329998,SAT_10117,20.688701837474355,195.12394783579325,99.02520773872997,169.6366336363011,-64.30099820588583,29.842481220448786,35.0,0.12178429497951478,12.385061495054009
10.753306039000025,106.74208323299979,SAT_10117,20.720906276279052,195.30509780406967,99.02864398814647,169.62731264619563,-64.26879376708114,29.85517459665666,35.0,0.12164115257105546,12.375014564971117
10.753306039000025,106.84208323299978,SAT_10117,20.742318691050627,195.4255426371598,99.03091938469016,169.62110935191774,-64.24738135230956,29.863607184278496,35.0,0.12154599744609627,12.368333187224216
10.753306039000025,106.94208323299978,SAT_10117,20.752917213410583,195.48515932543452,99.03204289598375,169.6180371684917,-64.2367828299496,29.867778966224062,35.0,0.12149890400754455,12.365025723674423
10.753306039000025,107.04208323299977,SAT_10117,20.752690987813708,195.4838868064521,99.03201893355018,169.6181027562797,-64.23700905554648,29.867689934038566,35.0,0.12149990917898046,12.365096324126354
10.753306039000025,107.14208323299977,SAT_10117,20.741640246188368,195.42172638480957,99.03084740341261,169.621305972976,-64.24805979717182,29.863340087902444,35.0,0.12154901217160255,12.368544899926668
10.753306039000025,107.24208323299976,SAT_10117,20.719776306341743,195.2987417231723,99.02852370501806,169.6276398746319,-64.26992373701844,29.854729436631366,35.0,0.12164617448921136,12.375367124528704
10.753306039000025,107.34208323299976,SAT_10117,20.687121494146865,195.11505840457613,99.02503867846303,169.63709076570294,-64.30257854921332,29.841857997676463,35.0,0.12179132017116875,12.385554461015685
10.753306039000025,107.44208323299975,SAT_10117,20.643708990652257,194.87086307241896,99.02037849897538,169.64963829735365,-64.34599105270793,29.82472579712478,35.0,0.12198433627025755,12.399094216208807
10.753306039000025,107.54208323299974,SAT_10117,20.589582606320576,194.56640216055325,99.01452451654558,169.66525561255068,-64.40011743703961,29.803332869699975,35.0,0.12222507355942641,12.415969620629472
10.753306039000025,107.64208323299974,SAT_10117,20.524796485635164,194.20198023169783,99.0074530374692,169.68390953578427,-64.46490355772502,29.77767925876322,35.0,0.12251334745859845,12.436159933245372
10.753306039000025,107.74208323299973,SAT_10117,20.449414746258526,193.77795794770424,98.99913504332032,169.70556080463038,-64.54028529710166,29.747765016314347,35.0,0.1228489391701144,12.45964056961551
10.753306039000025,107.84208323299973,SAT_10117,20.363511057767766,193.29474969994368,98.98953584147559,169.7301643398098,-64.62618898559242,29.713590202993203,35.0,0.12323159700902497,12.486383251766801
10.753306039000025,107.94208323299972,SAT_10071,20.284267573775963,192.8490051024898,98.98067620174074,169.7555421928779,-64.70543246958422,29.683414716998442,35.0,0.12356617577156026,12.5097388179332
10.853306039000024,105.04208323299989,SAT_10102,20.887554439712318,196.24249372338178,99.04619296909955,169.57994967985684,-64.10214560364787,29.921218342408586,35.0,0.12089432845810708,12.322519937741522
10.853306039000024,105.14208323299988,SAT_10102,20.818333156641216,195.85312400610687,99.03897232037723,169.60008812203802,-64.17136688671897,29.89405864733596,35.0,0.12120162914790604,12.344135782869008
10.853306039000024,105.24208323299987,SAT_10102,20.738481424894303,195.40395801503047,99.03054823618263,169.62325824955155,-64.25121861846588,29.862653993569793,35.0,0.12155631930106592,12.369058043183065
10.853306039000024,105.34208323299987,SAT_10102,20.648078935800186,194.89544401387604,99.02088651825495,169.649411218205,-64.34162110756,29.827004444888964,35.0,0.12195812739536296,12.397256206848608
10.853306039000024,105.44208323299986,SAT_10102,20.54721452984913,194.32808173040138,99.00994717690773,169.6784926242005,-64.44248551351106,29.78711007369853,35.0,0.12240675029073515,12.428696212718368
10.853306039000024,105.54208323299986,SAT_10102,20.435985629478253,193.70241916581517,98.99768393755036,169.71044286740326,-64.55371441388193,29.742970961031638,35.0,0.12290185502644754,12.463340652483863
10.853306039000024,105.64208323299985,SAT_10102,20.314497631523892,193.01904917732188,98.9840436559956,169.7451975397644,-64.6752024118363,29.69458719655161,35.0,0.12344308075754754,12.501148987865959
10.853306039000024,105.74208323299985,SAT_10102,20.18286326697053,192.27860587670924,98.96896562906441,169.78268783384564,-64.80683677638966,29.641958878554288,35.0,0.12403004080926913,12.542077780289045
10.853306039000024,105.84208323299984,SAT_10102,20.04120193570901,191.48176088836323,98.95238078397036,169.8228409663563,-64.94849810765118,29.585086113970604,35.0,0.12466232482757121,12.586080930437905
10.853306039000024,105.94208323299983,SAT_10117,20.074976898002447,191.67174505126377,98.95632666896715,169.8122617766236,-64.91472314535774,29.598143440064497,35.0,0.12451859782186003,12.576086210976786
10.853306039000024,106.24208323299982,SAT_10117,20.361721411903815,193.28468294195898,98.98933560911978,169.73067611989,-64.62797863145637,29.7128772714918,35.0,0.1232395715062118,12.486940211551959
10.853306039000024,106.34208323299981,SAT_10117,20.43642623012613,193.70489754445947,98.99769217312173,169.70928559371208,-64.55327381323406,29.742603642479136,35.0,0.12290678124613723,12.463685080754981
10.853306039000024,106.4420832329998,SAT_10117,20.500564617714076,194.0656759746417,99.00478930173958,169.69087571612067,-64.48913542564611,29.76807078606922,35.0,0.12262120517586793,12.443709290418784
10.853306039000024,106.5420832329998,SAT_10117,20.554073631587045,194.36666417767714,99.0106563351078,169.675485010184,-64.43562641177314,29.789278650629566,35.0,0.12238305826548831,12.427036993953235
10.853306039000024,106.6420832329998,SAT_10117,20.596900202237975,194.60756363758858,99.0153171979065,169.66314597547756,-64.39279984112221,29.806227193165224,35.0,0.1221925215878152,12.413688537222065
10.853306039000024,106.74208323299979,SAT_10117,20.62900148543868,194.78813335559258,99.01879068426408,169.65388486252374,-64.36069855792151,29.818916379317677,35.0,0.12204974120934711,12.403680333506097
10.853306039000024,106.84208323299978,SAT_10117,20.6503451494533,194.9081914656748,99.0210906787801,169.6477214884398,-64.33935489390689,29.827346183363925,35.0,0.12195482728715777,12.397024761543854
10.853306039000024,106.94208323299978,SAT_10117,20.660909593714464,194.96761646464387,99.02222631823103,169.6446690964889,-64.32879044964572,29.831516588215816,35.0,0.12190785338280577,12.39373008798983
10.853306039000024,107.04208323299977,SAT_10117,20.660684095850613,194.9663480391597,99.02220209724665,169.64473426160515,-64.32901594750957,29.831427585419593,35.0,0.12190885600177298,12.393800415322238
10.853306039000024,107.14208323299977,SAT_10117,20.649668884943694,194.90438747780829,99.02101792008047,169.64791684330865,-64.3400311584165,29.827079175155667,35.0,0.12195783436419368,12.397235655899314
10.853306039000024,107.24208323299976,SAT_10117,20.627875139962654,194.78179766228996,99.0186690995085,169.65420998671223,-64.36182490339753,29.818471366238633,35.0,0.12205475040975743,12.404031532514189
10.853306039000024,107.34208323299976,SAT_10071,20.625162066413395,194.76653662357532,99.01848251039907,169.65775846236983,-64.36453797694679,29.818874785258288,35.0,0.1220486756306917,12.403605624204568
10.853306039000024,107.44208323299975,SAT_10071,20.612561118319476,194.69565629054708,99.0171204484916,169.6613938899339,-64.37713892504071,29.813893041902784,35.0,0.12210470213924357,12.40753337487036
10.853306039000024,107.54208323299974,SAT_10071,20.589264237601697,194.56461133650953,99.01459526890729,169.66811089270593,-64.40043580575849,29.804677533916475,35.0,0.12220829866971974,12.414794148299316
10.853306039000024,107.64208323299974,SAT_10071,20.55529474799745,194.37353295748568,99.01089696173678,169.67789517409648,-64.43440529536274,29.791228280043356,35.0,0.12235938577032168,12.425379015539297
10.853306039000024,107.74208323299973,SAT_10071,20.510686483495235,194.1226114696607,99.00601076849819,169.6907260011632,-64.47901355986495,29.773545307639395,35.0,0.12255784813060193,12.43927501821055
10.853306039000024,107.84208323299973,SAT_10071,20.455483561825872,193.81209503527054,98.99991701075922,169.70657635004514,-64.53421648153432,29.75162865267322,35.0,0.12280353529290675,12.456465248869485
10.853306039000024,107.94208323299972,SAT_10071,20.3897400918474,193.44228801664164,98.9925908592732,169.72541309371607,-64.59995995151279,29.725478359727063,35.0,0.12309626257358171,12.476928954950193
10.853306039000024,108.04208323299972,SAT_10071,20.313519818895813,193.01354898128895,98.98400203886304,169.74719722934677,-64.67618022446437,29.695094481997906,35.0,0.12343581218277341,12.500641664932733
10.853306039000024,116.24208323299925,SAT_10117,20.630169740451493,194.79470479003965,99.01891677074995,169.6535476273491,-64.3595303029087,29.819377934069582,35.0,0.1220445456682674,12.403316063960915
10.853306039000024,116.64208323299923,SAT_10072,20.63005759485506,194.7940739710597,99.018934119366,169.65434606475372,-64.35964244850513,29.819742392289584,35.0,0.12204002000771903,12.402998756033265
10.853306039000024,116.84208323299922,SAT_10072,20.79355582891229,195.71375153763162,99.03635919729865,169.60701508826423,-64.1961442144479,29.88417700966822,35.0,0.12131340377714224,12.35199273207474
10.953306039000024,105.44208323299986,SAT_10102,20.558498881318258,194.39155620741522,99.01117833859875,169.6752442284075,-64.43120116204193,29.791579549873852,35.0,0.12235654350655817,12.425179940001728
10.953306039000024,105.54208323299986,SAT_10102,20.447268503023167,193.76588532950532,98.99893771731757,169.7072075821279,-64.54243154033702,29.747455290117472,35.0,0.12285161421135066,12.459827634115252
10.953306039000024,105.64208323299985,SAT_10102,20.325779213310128,193.08250807486948,98.98532288220126,169.74197640663928,-64.66392083005006,29.699087806940984,35.0,0.12339280168446977,12.497639428667291
10.953306039000024,105.74208323299985,SAT_10102,20.194143824550693,192.34205901309764,98.97027333675781,169.77948184032616,-64.7955562188095,29.646477198623153,35.0,0.12397971900980514,12.538571858096697
10.953306039000024,106.24208323299982,SAT_10117,20.259901156832342,192.71194400718196,98.97778882366349,169.75974045767944,-64.72979888652785,29.672251166105475,35.0,0.1236934420641572,12.518616152889711
10.953306039000024,106.34208323299981,SAT_10117,20.334347632542006,193.13070543304877,98.98625037027679,169.73850011494307,-64.65535241081818,29.701967640975248,35.0,0.12336155934649416,12.495458377503883
10.953306039000024,106.4420832329998,SAT_10117,20.398262849032747,193.4902285258092,98.99343609897181,169.72022008299692,-64.59143719432744,29.727426306398407,35.0,0.12307676661611408,12.475566651112805
10.953306039000024,106.5420832329998,SAT_10117,20.451584701622437,193.79016394662622,98.99937598647305,169.70493834858308,-64.53811534173775,29.748627110748565,35.0,0.12283927618551091,12.45896482771773
10.953306039000024,106.6420832329998,SAT_10071,20.508957799723333,194.11288762344375,99.00582012349116,169.69122282308248,-64.48074224363685,29.772859554335923,35.0,0.12256554034936247,12.439813434540932
10.953306039000024,106.74208323299979,SAT_10071,20.5711452421139,194.4626919868907,99.0126237221687,169.6733311893989,-64.41855480124629,29.797505603449732,35.0,0.12228888239472921,12.420440332902388
10.953306039000024,106.84208323299978,SAT_10071,20.622745191390166,194.75294170156968,99.01821956798345,169.6584558662422,-64.36695485197002,29.81791943367892,35.0,0.12205942117249603,12.404358998234239
10.953306039000024,106.94208323299978,SAT_10071,20.66370645790765,194.98334882573056,99.02263015414486,169.64662821740274,-64.32599358545254,29.834101003493743,35.0,0.12187733118442355,12.391589040359126
10.953306039000024,107.04208323299977,SAT_10071,20.69398806598639,195.15368287117343,99.02587302020946,169.63787336047207,-64.2957119773738,29.846050279975863,35.0,0.12174275200399726,12.382146144873587
10.953306039000024,107.14208323299977,SAT_10071,20.71355952824129,195.26377234635726,99.02796095594725,169.63220999065595,-64.2761405151189,29.853767238817483,35.0,0.12165578741559774,12.376041975864835
10.953306039000024,107.24208323299976,SAT_10071,20.72240105143041,195.31350591429606,99.02890214864532,169.6296502484893,-64.26729899192978,29.857251864320737,35.0,0.12161650476991691,12.373284102991315
10.953306039000024,107.34208323299976,SAT_10071,20.720503670891873,195.30283314876678,99.0287002768017,169.63019963340594,-64.26919637246831,29.85650414939727,35.0,0.1216249345636076,12.37387595389603
10.953306039000024,107.44208323299975,SAT_10071,20.70786931163711,195.23176487795874,99.02735455206826,169.63385696445246,-64.28183073172308,29.851524095568067,35.0,0.12168107024841661,12.377816792590265
10.953306039000024,107.54208323299974,SAT_10071,20.684510775222293,195.10037311062538,99.02485971026994,169.6406143887305,-64.3051892681379,29.84231171296348,35.0,0.1217848682721957,12.385101724098666
10.953306039000024,107.64208323299974,SAT_10071,20.650451652583,194.9087905457794,99.02120595132304,169.65045743744633,-64.33924839077719,29.828867020323496,35.0,0.1219362483512753,12.39572172530307
10.953306039000024,107.74208323299973,SAT_10071,20.605726164093753,194.65720967302735,99.01637882686636,169.66336512872346,-64.38397387926643,29.81119004499823,35.0,0.1221350939707881,12.409663701570423
10.953306039000024,107.84208323299973,SAT_10071,20.550378929136315,194.34588147639175,99.01035907336836,169.67931011565778,-64.43932111422387,29.789280822948616,35.0,0.12238125310670869,12.426910568407985
10.953306039000024,107.94208323299972,SAT_10071,20.48446466845209,193.97511376004303,99.00312238734935,169.6982588774302,-64.5052353749081,29.763139398747334,35.0,0.12267453916069407,12.447441357064546
10.953306039000024,108.04208323299972,SAT_10071,20.40804784344064,193.54526911935363,98.99463913811655,169.72017195070612,-64.58165219991955,29.732765825579982,35.0,0.12301473209632487,12.471231342697086
10.953306039000024,108.14208323299971,SAT_10071,20.32120223737273,193.0567625852216,98.98487401201102,169.74500419801615,-64.66849780598746,29.698160165246435,35.0,0.12340157976311189,12.498252193454634
11.053306039000024,106.24208323299982,SAT_10071,20.23884431921246,192.5934992955701,98.97549163193736,169.76848338270236,-64.75085572414773,29.665257520776457,35.0,0.12376866005032501,12.523861202171503
11.053306039000024,106.34208323299981,SAT_10071,20.342907127995886,193.17885259497686,98.98732842540802,169.73880509820532,-64.6467929153643,29.706817641248527,35.0,0.12330487420141657,12.491500584206094
11.053306039000024,106.4420832329998,SAT_10071,20.436661204529486,193.70621927547836,98.99782768298708,169.71197375931837,-64.5530388388307,29.744147242273048,35.0,0.12288732891034061,12.46232499287504
11.053306039000024,106.5420832329998,SAT_10071,20.520017613417835,194.17509907547534,99.00703418067133,169.68804372224372,-64.46968242994235,29.77724624787773,35.0,0.12251632856127603,12.436368627015085
11.053306039000024,106.6420832329998,SAT_10071,20.592896014895416,194.58504008378674,99.01498638498904,169.66706413401874,-64.39680402846477,29.806114590705487,35.0,0.12219214772624376,12.413662337425274
11.053306039000024,106.74208323299979,SAT_10071,20.655225174006134,194.9356416037845,99.02171692719202,169.64907860671934,-64.33447486935405,29.8307522120127,35.0,0.12191502954662975,12.394233445100783
11.053306039000024,106.84208323299978,SAT_10071,20.70694342067712,195.2265567413088,99.02725299755912,169.63412492267622,-64.28275662268307,29.85115906166771,35.0,0.12168518427771245,12.378105577396854
11.053306039000024,106.94208323299978,SAT_10071,20.74799905455015,195.4574946818446,99.03161666833637,169.62223477477949,-64.24170098881004,29.867335098149507,35.0,0.12150278801315866,12.365298524166898
11.053306039000024,107.04208323299977,SAT_10071,20.778350689039044,195.62822262584461,99.03482515211293,169.61343354555197,-64.21134935432114,29.879280288546678,35.0,0.12136798160468511,12.355828115711166
11.053306039000024,107.14208323299977,SAT_10071,20.79796752982422,195.73856735526124,99.03689100095,169.6077401281791,-64.19173251353597,29.886994608556545,35.0,0.12128086978999757,12.349706124123422
11.053306039000024,107.24208323299976,SAT_10071,20.8068295838451,195.7884164091287,99.03782225028428,169.60516679212137,-64.18287045951509,29.890478042484535,35.0,0.12124152053974821,12.346940189338506
11.053306039000024,107.34208323299976,SAT_10071,20.804927795796146,195.7777188513533,99.03762251046909,169.60571909530728,-64.18477224756404,29.88973058324379,35.0,0.1212499646316472,12.34753377086891
11.053306039000024,107.44208323299975,SAT_10071,20.792264110160943,195.70648561965533,99.03629100775639,169.60939584421678,-64.19743593319924,29.88475223235497,35.0,0.12130619545707487,12.351486125880365
11.053306039000024,107.54208323299974,SAT_10071,20.76885145787938,195.5747894505715,99.03382257552144,169.6161891024613,-64.22084858548081,29.8755429999463,35.0,0.12141016906263484,12.358792313903173
11.053306039000024,107.64208323299974,SAT_10071,20.734713667846478,195.38276438163643,99.03020759555896,169.626084247726,-64.25498637551371,29.862102904753833,35.0,0.12156180442612219,12.369443228115424
11.053306039000024,107.74208323299973,SAT_10071,20.68988530452063,195.13060483792856,99.0254318882995,169.63906007622273,-64.29981473883956,29.844431974121914,35.0,0.12176098396343131,12.383425652775314
11.053306039000024,107.84208323299973,SAT_10071,20.63441143398157,194.81856431614634,99.01947654977735,169.65508895309156,-64.35528860937862,29.822530244003918,35.0,0.12200755426005298,12.400722346030921
11.053306039000024,107.94208323299972,SAT_10071,20.568347321774752,194.446953684983,99.01231773209052,169.67413700652546,-64.42135272158544,29.796397758963153,35.0,0.1223013270180818,12.421312147005057
11.053306039000024,108.04208323299972,SAT_10071,20.491758066791746,194.01613912570357,99.0039263628914,169.69616436278733,-64.49794197656844,29.76603457217402,35.0,0.12264208020712485,12.445170105748009
11.053306039000024,108.14208323299971,SAT_10071,20.40471817625412,193.52653974142942,98.9942677980914,169.72112541874583,-64.58498186710607,29.73144074542338,35.0,0.12302955940522946,12.472267634378394
11.053306039000024,108.2420832329997,SAT_10071,20.30731108756072,192.97862486752908,98.98330140040184,169.74896914810014,-64.68238895579947,29.692616349112157,35.0,0.12346347931396953,12.502572677497513
11.053306039000024,108.3420832329997,SAT_10071,20.199628643317396,192.37291111866037,98.97098003450483,169.77963943709997,-64.79007140004279,29.64956146225714,35.0,0.12394352543018398,12.536049899769774
11.053306039000024,108.44208323299969,SAT_10071,20.081770526292473,191.70995921039517,98.95724946747866,169.81307544529173,-64.90792951706771,29.602276172493042,35.0,0.12446935585556967,12.572660888413463
11.053306039000024,114.34208323299936,SAT_10086,20.545623622625968,194.31913287727104,99.00984504197487,169.68084859279853,-64.44407642073422,29.7874868669886,35.0,0.12240128409165722,12.428313410832638
11.153306039000023,106.04208323299983,SAT_10071,20.07207788987222,191.65543813053122,98.95611336897497,169.81581907593093,-64.91762215348797,29.598379929109317,35.0,0.1245126195814897,12.575670387084854
11.153306039000023,106.14208323299982,SAT_10071,20.19668766202787,192.35636809890676,98.97064368136994,169.7804754672946,-64.79301238133232,29.648383580416677,35.0,0.12395664143409969,12.536963853020303
11.153306039000023,106.24208323299982,SAT_10071,20.311174285062833,193.00035535347843,98.98374126855,169.74786667002599,-64.67852575829735,29.69415834861536,35.0,0.12344626412381676,12.501371172762912
11.153306039000023,106.34208323299981,SAT_10071,20.41543247322832,193.58680766190932,98.99546431364826,169.71805692413665,-64.57426757013187,29.735704140515868,35.0,0.12298184894414906,12.468932937566938
11.153306039000023,106.4420832329998,SAT_10071,20.509364448475765,194.1151750226762,99.00586359486975,169.69110595537188,-64.48033559488442,29.77302087154625,35.0,0.12256373085346246,12.439686780205337
11.153306039000023,106.5420832329998,SAT_10071,20.592880534833,194.58495300843563,99.01498313900808,169.66706859599978,-64.39681950852719,29.806108465749947,35.0,0.12219221656700308,12.413667161710345
11.153306039000023,106.6420832329998,SAT_10071,20.665899716905315,194.99568590759242,99.02286077396305,169.64599442784248,-64.32380032645487,29.834966855783804,35.0,0.12186758277508927,12.390905171621112
11.153306039000023,106.74208323299979,SAT_10071,20.728350155450116,195.3469696244069,99.02952859290004,169.6279274522178,-64.26134988791007,29.859595982916357,35.0,0.12159007450719837,12.37142834410145
11.153306039000023,106.84208323299978,SAT_10071,20.780169653306018,195.63845429984636,99.03501334032377,169.61290579124866,-64.20953039005417,29.87999579702631,35.0,0.12135990366060596,12.355260492171208
11.153306039000023,106.94208323299978,SAT_10071,20.821306065432736,195.86984661805914,99.03933672835859,169.60096142468953,-64.16839397792745,29.896166256601248,35.0,0.12117724771080031,12.342421562128367
11.153306039000023,107.04208323299977,SAT_10071,20.85171764743835,196.04091176684074,99.04251568985067,169.59211996601113,-64.13798239592184,29.908107328736556,35.0,0.12104224861910474,12.332927510028151
11.153306039000023,107.14208323299977,SAT_10071,20.871373337717998,196.1514750246637,99.04456257346735,169.58640048099312,-64.11832670564219,29.915818989134575,35.0,0.1209550119508243,12.326790201832825
11.153306039000023,107.24208323299976,SAT_10071,20.880252969196505,196.20142295173034,99.04548528470748,169.58381535149596,-64.10944707416368,29.919301222103986,35.0,0.12091560621482726,12.32401733855688
11.153306039000023,107.34208323299976,SAT_10071,20.878347407629747,196.19070416791735,99.04528737561135,169.5843701864447,-64.11135263573044,29.91855402055939,35.0,0.1209240624328268,12.324612407412312
11.153306039000023,107.44208323299975,SAT_10071,20.86565861445837,196.11932970632833,99.04396808492459,169.58806378136418,-64.12404142890182,29.913577386021135,35.0,0.12098037394379531,12.328574659614977
11.153306039000023,107.54208323299974,SAT_10071,20.842199633299757,195.98737293731114,99.04152232949805,169.594888127076,-64.14750041006043,29.90437132861535,35.0,0.12108449644598974,12.335899115153806
11.153306039000023,107.64208323299974,SAT_10071,20.807994500274972,195.79496906404674,99.03794064675608,169.60482846742542,-64.18170554308522,29.890935867074216,35.0,0.12123634827605503,12.346576594457954
11.153306039000023,107.74208323299973,SAT_10071,20.76307807947289,195.542314197035,99.03320908711267,169.6178634051702,-64.2266219638873,29.87327102873643,35.0,0.12143581092167313,12.360593776531855
11.153306039000023,107.84208323299973,SAT_10071,20.707495825936377,195.2296640208921,99.02730905422375,169.63396505443677,-64.28220421742381,29.851376849547925,35.0,0.12168272976130694,12.37793328277366
11.153306039000023,107.94208323299972,SAT_10071,20.64130347956035,194.857332072527,99.02021708990245,169.65309923748487,-64.34839656379984,29.825253374062804,35.0,0.12197691502181526,12.398573785355966
11.153306039000023,108.04208323299972,SAT_10071,20.564566694232013,194.4256876550551,99.01190459935488,169.67522572289198,-64.42513334912817,29.794900655444458,35.0,0.12231814294214768,12.42249013873849
11.153306039000023,108.14208323299971,SAT_10071,20.477360607366293,193.9351534164354,99.00233751107616,169.70029850172688,-64.5123394359939,29.760318755466976,35.0,0.1227061571290199,12.449653532604975
11.153306039000023,108.2420832329997,SAT_10071,20.379769355694762,193.38620262578303,98.99147586422863,169.7282660978148,-64.60993068766543,29.721507744516703,35.0,0.12314067008846585,12.480031664278854
11.153306039000023,108.3420832329997,SAT_10071,20.27188554373467,192.77935618350753,98.9792733145487,169.75907190782772,-64.71781449962552,29.67846770159408,35.0,0.12362136491549505,12.5135889284764
11.153306039000023,108.44208323299969,SAT_10071,20.153809671795187,192.11517940384795,98.96567654772306,169.79265456665158,-64.835890371565,29.63119871431567,35.0,0.12414789712277728,12.550286622106322
11.253306039000023,105.94208323299983,SAT_10071,19.998331302661455,191.2406135774707,98.9473813591016,169.8366635556498,-64.99136874069873,29.568698016015077,35.0,0.1248418890050175,12.598561312058987
11.253306039000023,106.04208323299983,SAT_10071,20.133152388386634,191.99898218467482,98.96327527556501,169.7985155448194,-64.85654765497355,29.622911598316904,35.0,0.12424005892900075,12.556703649542062
11.253306039000023,106.14208323299982,SAT_10071,20.257950249867832,192.70097015550655,98.9776842613359,169.7630425732277,-64.73174979349236,29.672897869234873,35.0,0.12368348310357931,12.517921606395962
11.253306039000023,106.24208323299982,SAT_10071,20.372611962339164,193.3459422881578,98.99067369760027,169.73031348202045,-64.61708808102102,29.71865672698025,35.0,0.1231725495461345,12.482258776434678
11.253306039000023,106.34208323299981,SAT_10071,20.477031522444463,193.93330231375012,99.00230092030432,169.70039297189663,-64.51266852091572,29.760188078382495,35.0,0.12270762182324155,12.44975600557835
11.253306039000023,106.4420832329998,SAT_10071,20.571110477480403,194.46249643582726,99.0126159755571,169.67334120230007,-64.41858956587978,29.79749183888687,35.0,0.12228903701971883,12.420451165446872
11.253306039000023,106.5420832329998,SAT_10071,20.65475852582857,194.93301670778573,99.02166226096085,169.64921340818094,-64.33494151753162,29.830567932552256,35.0,0.12191710381401911,12.394378938088916
11.253306039000023,106.6420832329998,SAT_10071,20.72789408124477,195.34440420700184,99.02947706799367,169.6280595391713,-64.26180596211542,29.85941629204919,35.0,0.12159210068062075,12.371570614312699
11.253306039000023,106.74208323299979,SAT_10071,20.790444793860615,195.69625196546596,99.03609203778238,169.60992392590597,-64.19925524949957,29.88403685865815,35.0,0.12131427423938418,12.352053908012364
11.253306039000023,106.84208323299978,SAT_10071,20.84234802107747,195.98820761856078,99.04153354029478,169.59484497801697,-64.14735202228272,29.904429582268023,35.0,0.12108383777076676,12.335852788763004
11.253306039000023,106.94208323299978,SAT_10071,20.883551242030165,196.2199757364197,99.04582298505011,169.58285491800103,-64.10614880133002,29.920594421374823,35.0,0.12090096991433706,12.322987334789486
11.253306039000023,107.04208323299977,SAT_10071,20.91401240990392,196.39131980570954,99.04897706980988,169.57397955476995,-64.07568763345627,29.932531343080623,35.0,0.12076581356622085,12.313473608200722
11.253306039000023,107.14208323299977,SAT_10071,20.933700237169546,196.5020638340787,99.05100797230585,169.56823810016874,-64.05599980619064,29.940240323092702,35.0,0.1206784749889694,12.307323554125619
11.253306039000023,107.24208323299976,SAT_10071,20.9425944096608,196.552093554342,99.05192348883004,169.5656430311837,-64.04710563369939,29.94372134572292,35.0,0.12063902314490552,12.304544925093708
11.253306039000023,107.34208323299976,SAT_10071,20.94068572640512,196.5413572110288,99.05172712241172,169.56619999990164,-64.04901431695507,29.942974403887323,35.0,0.12064748926132116,12.305141231679421
11.253306039000023,107.44208323299975,SAT_10071,20.92797616317813,196.469865917877,99.05041812229736,169.56990779257464,-64.06172388018206,29.937999499105945,35.0,0.12070386663303351,12.309111720080326
11.253306039000023,107.54208323299974,SAT_10071,20.904478858842978,196.33769358099175,99.04799147549669,169.5767583384199,-64.08522118451721,29.928796641502863,35.0,0.1208081106648097,12.316451376935369
11.253306039000023,107.64208323299974,SAT_10071,20.870218024683794,196.14497638884635,99.04443785023201,169.58673676801237,-64.1194820186764,29.91536584980645,35.0,0.12096013915312089,12.32715096131735
11.253306039000023,107.74208323299973,SAT_10071,20.825228778050345,195.89191187653321,99.039743490195,169.59982152039262,-64.16447126530984,29.89770715134985,35.0,0.12115983280364565,12.341197063463422
11.253306039000023,107.84208323299973,SAT_10071,20.769556902734294,195.57875757788042,99.03389005754686,169.61598449727163,-64.2201431406259,29.875820582071704,35.0,0.12140703597798594,12.35857218944798
11.253306039000023,107.94208323299972,SAT_10071,20.703258539519524,195.20582928479735,99.02685442156096,169.6351912620362,-64.28644150384066,29.849706186517047,35.0,0.12170155766024894,12.379254870661265
11.253306039000023,108.04208323299972,SAT_10071,20.626399811298782,194.77349893855566,99.01860838866402,169.65740128062518,-64.3633002320614,29.81936401783848,35.0,0.1220431726315485,12.40321979664316
11.253306039000023,108.14208323299971,SAT_10071,20.539056387984957,194.2821921824154,99.00911836834601,169.68256820079347,-64.45064365537523,29.78479413779753,35.0,0.12243162283814353,12.430437969541156
11.253306039000023,108.2420832329997,SAT_10071,20.44131299716082,193.73238560902962,98.99834496792703,169.71064016580826,-64.54838704619937,29.74599661676623,35.0,0.12286661893690166,12.460876878220445
11.253306039000023,108.3420832329997,SAT_10057,20.333891280316664,193.12813845178124,98.98620794263772,169.73874896193135,-64.65580876304352,29.70184755036441,35.0,0.12336279377002543,12.495544557706557
11.253306039000023,108.44208323299969,SAT_10057,20.21883327884528,192.48093719350473,98.97309158392716,169.7715520274299,-64.7708667645149,29.65589052334273,35.0,0.12387579202530555,12.531329468402447
11.253306039000023,108.54208323299969,SAT_10057,20.093651891610236,191.77679189030758,98.95854551950029,169.8070911781578,-64.89604815174995,29.605706728979534,35.0,0.12443440435237822,12.570229298219294
11.253306039000023,108.64208323299968,SAT_10057,19.95845998912509,191.01633743882866,98.94250343359342,169.84529762628262,-65.0312400542351,29.551296269443,35.0,0.1250382427222097,12.612200454673273
11.253306039000023,108.74208323299968,SAT_10057,19.813376665880313,190.20024374557676,98.92488995182659,169.88609888663535,-65.17632337747987,29.49265925551898,35.0,0.1256868969264777,12.65719684943703
11.353306039000023,105.94208323299983,SAT_10071,20.048373488416658,191.52210087234369,98.95332620392519,169.8225250001077,-64.94132655494353,29.58884644124116,35.0,0.12461843819655209,12.583029557880431
11.353306039000023,106.04208323299983,SAT_10071,20.183351466489327,192.28135199900248,98.96910901064338,169.78426545385045,-64.80634857687086,29.6430410271668,35.0,0.12401612080294955,12.541108029384258
11.353306039000023,106.14208323299982,SAT_10071,20.30829672076466,192.98416905430122,98.98341848790007,169.7486878826224,-64.68140332259553,29.693009783016524,35.0,0.12345908708758904,12.502266135902065
11.353306039000023,106.24208323299982,SAT_10071,20.423095715690835,193.62991340076096,98.99631921750985,169.71586151970146,-64.56660432766935,29.738752607021954,35.0,0.12294772700666669,12.466547687983175
11.353306039000023,106.34208323299981,SAT_10071,20.527641866781366,194.21798550064517,99.00786784206699,169.68585143943466,-64.46205817657882,29.78026940603118,35.0,0.12248240596125523,12.433993737214086
11.353306039000023,106.4420832329998,SAT_10071,20.62183617491604,194.74782848390274,99.01811380843122,169.65871815306758,-64.36786386844415,29.817560095506362,35.0,0.12206346275244354,12.40464234813049
11.353306039000023,106.5420832329998,SAT_10071,20.705587831692398,195.21893155326975,99.02709999911858,169.63451722223002,-64.28411221166779,29.85062459952155,35.0,0.12169120764328668,12.378528381316038
11.353306039000023,106.6420832329998,SAT_10071,20.778814788421016,195.6308331848682,99.03486326641561,169.61329889497208,-64.21088525493917,29.879462850760724,35.0,0.12136592054842278,12.355683290179394
11.353306039000023,106.74208323299979,SAT_10071,20.84144428153418,195.98312408362975,99.0414348813083,169.59510776914246,-64.14825576182601,29.904074790516088,35.0,0.12108784937151867,12.336134933828127
11.353306039000023,106.84208323299978,SAT_10071,20.89341330752184,196.27544985481035,99.04684090705771,169.5799824876785,-64.09628673583835,29.92446036868653,35.0,0.1208572085096268,12.319907408336743
11.353306039000023,106.94208323299978,SAT_10071,20.93466904098638,196.50751335554838,99.0511025053633,169.56795547007135,-64.05503100237381,29.940619543776346,35.0,0.12067417754207257,12.307020898536733
11.353306039000023,107.04208323299977,SAT_10071,20.96516919004725,196.67907669401578,99.05423618145198,169.55905268384635,-64.02453085331294,29.952552282894175,35.0,0.12053890011966696,12.297491552241093
11.353306039000023,107.14208323299977,SAT_10071,20.98488228409039,196.78996284800846,99.05625397305295,169.55329345939646,-64.0048177592698,29.960258561752138,35.0,0.1204514830678763,12.291331378557611
11.353306039000023,107.24208323299976,SAT_10071,20.993787889744915,196.84005687981517,99.05716358701092,169.55069035091614,-63.99591215361527,29.963738364665225,35.0,0.12041199571512153,12.288548171649243
11.353306039000023,107.34208323299976,SAT_10071,20.99187675196157,196.82930672978384,99.05696848621155,169.55124904552306,-63.99782329139862,29.9629916845509,35.0,0.12042046945467128,12.289145460971783
11.353306039000023,107.44208323299975,SAT_10071,20.9791508581322,196.75772357699364,99.05566792850223,169.55496832194416,-64.01054918522799,29.95801852292889,35.0,0.12047689754569325,12.293122488667015
11.353306039000023,107.54208323299974,SAT_10071,20.95562342430945,196.62538176174064,99.05325695835795,169.5618400593952,-64.03407661905074,29.94881888992125,35.0,0.12058123515600272,12.300474214420797
11.353306039000023,107.64208323299974,SAT_10071,20.921318803729022,196.43241827097577,99.04972635113165,169.5718492965184,-64.06838123963117,29.93539280425262,35.0,0.12073339964596169,12.311191347719424
11.353306039000023,107.74208323299973,SAT_10071,20.876272318975936,196.17903179423965,99.04506250881437,169.5849743394817,-64.11342772438425,29.917740293250695,35.0,0.12093327108991095,12.325260407063332
11.353306039000023,107.84208323299973,SAT_10071,20.820530020236774,195.86548136383186,99.03924730527959,169.60118691760854,-64.16917002312341,29.895861392846935,35.0,0.12118069302852803,12.342663805333286
11.353306039000023,107.94208323299972,SAT_10071,20.75414837312846,195.49208459884755,99.03225787796927,169.62045238420694,-64.23555167023173,29.869756147577498,35.0,0.12147547344266457,12.363379960159623
11.353306039000023,108.04208323299972,SAT_10071,20.67719388054195,195.05921557804848,99.02406636185864,169.64272995963827,-64.31250616281824,29.839424610584366,35.0,0.12181738593659112,12.387383427827727
11.353306039000023,108.14208323299971,SAT_10057,20.590851098955,194.57353743162187,99.0146576741359,169.66500900264205,-64.39884894440519,29.803897985157118,35.0,0.12221864674844078,12.415519280171814
11.353306039000023,108.2420832329997,SAT_10057,20.49621453517929,194.04120676038352,99.0043125811694,169.69224448962387,-64.4934855081809,29.76640791403816,35.0,0.12263978011788204,12.44500915247729
11.353306039000023,108.3420832329997,SAT_10057,20.391236906386197,193.45070759842238,98.99265754921466,169.72235014672623,-64.59846313697399,29.724692379151772,35.0,0.1231072703520833,12.477698099047455
11.353306039000023,108.44208323299969,SAT_10057,20.276017340565318,192.80259754067993,98.97964248786315,169.75526539914785,-64.71368270279487,29.678751465421207,35.0,0.12362077804881293,12.513547991019426
11.353306039000023,108.54208323299969,SAT_10057,20.150662505059245,192.09747659095828,98.96521002914798,169.79092513848343,-64.83903753830094,29.628585266380608,35.0,0.12417993735224404,12.552517728845883
11.353306039000023,108.64208323299968,SAT_10057,20.01528597340777,191.33598360041873,98.9492947720625,169.82926012603332,-64.97441406995242,29.574193884177394,35.0,0.12478435799635967,12.594563470100127
11.353306039000023,108.74208323299968,SAT_10057,19.87000757108099,190.51879258733058,98.9318223946585,169.87019740860345,-65.1196924722792,29.515577429574897,35.0,0.1254336274328635,12.639638865817792
11.353306039000023,108.84208323299967,SAT_10057,19.714952707400712,189.646608979129,98.91270861104069,169.91366074200198,-65.27474733595947,29.45273602195521,35.0,0.12612731302257096,12.68769530289014
11.353306039000023,108.94208323299966,SAT_10057,19.550251700725823,188.72016581658278,98.89185794541433,169.95957101760123,-65.43944834263436,29.38566978932226,35.0,0.12686496426965663,12.738682150085737
11.453306039000022,105.94208323299983,SAT_10071,20.087534746874326,191.74238295116808,98.95794511316808,169.81144336348206,-64.90216529648586,29.604592731998256,35.0,0.12444362827635178,12.570871036725705
11.453306039000022,106.04208323299983,SAT_10071,20.22262539468916,192.50226784512654,98.97364036260747,169.7730991952704,-64.76707464867103,29.65876817551752,35.0,0.12384097542201436,12.528902653496143
11.453306039000022,106.14208323299982,SAT_10071,20.34767660853126,193.20568092298836,98.98787142347632,169.73744226080083,-64.64202343482893,29.70871928165818,35.0,0.12328362592792613,12.490016829758344
11.453306039000022,106.24208323299982,SAT_10071,20.46257438939024,193.85198094032012,99.00070224807112,169.70454209156162,-64.52712565396995,29.754445948671847,35.0,0.12277197121502398,12.454257539865146
11.453306039000022,106.34208323299981,SAT_10071,20.567211711771577,194.44056587871512,99.01218893291819,169.67446404608324,-64.42248833158861,29.795948083424893,35.0,0.12230637807030785,12.421665990859951
11.453306039000022,106.4420832329998,SAT_10071,20.661489161844997,194.97087653537812,99.02238045289162,169.6472689032056,-64.32821088151519,29.833225601396073,35.0,0.1218871865914804,12.39228039311417
11.453306039000022,106.5420832329998,SAT_10071,20.745315546540027,195.44239994928765,99.031319284789,169.6230124730657,-64.24438449682016,29.86627842667433,35.0,0.12151470823874659,12.366135742190046
11.453306039000022,106.6420832329998,SAT_10071,20.818608466121603,195.85467262193401,99.03904193494282,169.6017452307413,-64.17109157723858,29.89510649195685,35.0,0.12118922401478155,12.34326361443936
11.453306039000022,106.74208323299979,SAT_10071,20.88129484295682,196.2072834916321,99.04557938276595,169.58351197738187,-64.10840520040337,29.91970973854734,35.0,0.12091098279317651,12.323691978775651
11.453306039000022,106.84208323299978,SAT_10071,20.93331139952437,196.4998766223246,99.0509574499085,169.56835153344028,-64.05638864383582,29.94008811635451,35.0,0.12068019981458973,12.307445026935454
11.453306039000022,106.94208323299978,SAT_10071,20.974605079207123,196.73215357054008,99.05519710284312,169.5562964683016,-64.01509496415306,29.95624158389079,35.0,0.12049705536835705,12.294543024373882
11.453306039000022,107.04208323299977,SAT_10071,21.005133404046035,196.90387539775895,99.05831469511962,169.54737287018708,-63.98456663931415,29.968170108271256,35.0,0.12036169367547976,12.285002183722849
11.453306039000022,107.14208323299977,SAT_10071,21.02486476440604,197.014864299784,99.06032215417298,169.5416001597002,-63.96483527895415,29.97587366521279,35.0,0.12027422198672943,12.278834562479997
11.453306039000022,107.24208323299976,SAT_10071,21.033778636398857,197.0650048297436,99.0612271163806,169.53899094978948,-63.95592140696133,29.97935223903346,35.0,0.12023470990713096,12.27604798629818
11.453306039000022,107.34208323299976,SAT_10071,21.031865723911707,197.05424469700333,99.06103301300246,169.53955095423066,-63.95783431944848,29.97860582265211,35.0,0.12024318895535636,12.276645998914573
11.453306039000022,107.44208323299975,SAT_10071,21.01912802315762,196.98259513026164,99.0597391086619,169.54327894602383,-63.97057202020257,29.973634417588173,35.0,0.12029965236363853,12.280627839403268
11.453306039000022,107.54208323299974,SAT_10071,20.99557880880308,196.85013079951733,99.05734049310568,169.55016676633448,-63.994121234557106,29.96443803396172,35.0,0.1204040551207642,12.287988447063583
11.453306039000022,107.64208323299974,SAT_10071,20.961242541873233,196.65698929803693,99.05382802608493,169.56019938384628,-64.02845750148695,29.951016690493724,35.0,0.12055631425759554,12.298718493876809
11.453306039000022,107.74208323299973,SAT_10071,20.916154700791353,196.40337019195135,99.04918823429867,169.57335500361722,-64.07354534256883,29.933370414506527,35.0,0.12075630937147334,12.31280444408667
11.453306039000022,107.84208323299973,SAT_10071,20.86036153801483,196.0895336513334,99.04340315840452,169.5896052237953,-64.12933850534536,29.91149924192455,35.0,0.1210038833828411,12.330228640091761
11.453306039000022,107.94208323299972,SAT_10057,20.795506565459746,195.7247244307111,99.03651745595474,169.60579976519458,-64.19419347790044,29.884593418104053,35.0,0.12130892842560542,12.351678202384319
11.453306039000022,108.04208323299972,SAT_10057,20.721733967404745,195.3097535666517,99.02871572613849,169.6271922954781,-64.26796607595544,29.855564758078376,35.0,0.12163669813830554,12.37470184041741
11.453306039000022,108.14208323299971,SAT_10057,20.63743615317739,194.83557836162282,99.01969275535873,169.65156890971033,-64.3522638901828,29.822311983744335,35.0,0.1220114499549047,12.40099551426189
11.453306039000022,108.2420832329997,SAT_10057,20.542695817367502,194.3026639726922,99.00941158910682,169.67887896250022,-64.44700422599269,29.784835162796277,35.0,0.12243290175110283,12.43052752453763
11.453306039000022,108.3420832329997,SAT_10057,20.437604407435472,193.71152479182456,98.99782924972368,169.70906649962922,-64.55209563592472,29.743134371533557,35.0,0.12290074106899193,12.463262766760058
11.453306039000022,108.44208323299969,SAT_10057,20.322261550685738,193.06272122260728,98.98489620126529,169.74207062460027,-64.66743849267445,29.697209694862497,35.0,0.12341462694013455,12.49916293599654
11.453306039000022,108.54208323299969,SAT_10057,20.19677444513897,192.3568562539067,98.97055571712724,169.7778258875678,-64.79292559822122,29.64706122629858,35.0,0.12397419183562573,12.53818674511638
11.453306039000022,108.64208323299968,SAT_10057,20.06125722176381,191.59457187242145,98.95474313559153,169.81626269171386,-64.92844282159638,29.592689067968838,35.0,0.12457904372216595,12.580290154129179
11.453306039000022,108.74208323299968,SAT_10057,19.915830285539926,190.7765453561621,98.93738498513379,169.8573077121489,-65.07386975782026,29.53409333061449,35.0,0.12522876820287743,12.625426608082984
11.453306039000022,108.84208323299967,SAT_10057,19.760619642729182,189.90348549035164,98.91839795724891,169.90088432248737,-65.229080400631,29.47127413359378,35.0,0.12592293072166583,12.673547281015754
11.453306039000022,108.94208323299966,SAT_10057,19.59575622148766,188.9761287458681,98.89768769950298,169.94691302443042,-65.39394382187253,29.404231604885048,35.0,0.1266610788103403,12.724601323516808
11.553306039000022,105.94208323299983,SAT_10071,20.115776468068262,191.90124263288396,98.9612586238104,169.80344223395602,-64.87392357529193,29.615936856884257,35.0,0.12431759147339065,12.562100606746771
11.553306039000022,106.04208323299983,SAT_10071,20.25093495567785,192.6615091256879,98.97688923530177,169.76504074744813,-64.73876508768234,29.670093012007772,35.0,0.12371475693022492,12.52010259531176
11.553306039000022,106.14208323299982,SAT_10071,20.376050122311085,193.36528193799987,98.99106240927048,169.72933005494514,-64.6136499210491,29.720026333836174,35.0,0.12315723557110889,12.481188964369037
11.553306039000022,106.24208323299982,SAT_10071,20.491007655763482,194.01191806366958,99.00384163242147,169.69637989026964,-64.4986923875967,29.765736720640692,35.0,0.12264541979959173,12.445403798168163
11.553306039000022,106.34208323299981,SAT_10071,20.5957002324878,194.60081380774392,99.01528259743249,169.66625580478353,-64.39399981087239,29.807224079305655,35.0,0.12217967733230219,12.412788408062209
11.553306039000022,106.4420832329998,SAT_10071,20.690028158346152,195.13140839069712,99.02543393013866,169.6390187589158,-64.29967188501404,29.844488325326093,35.0,0.12176034913657686,12.383381102287759
11.553306039000022,106.5420832329998,SAT_10071,20.773899980245062,195.60318738887847,99.03433780732288,169.61472473144931,-64.21580006311513,29.877529382805577,35.0,0.12138774747547972,12.357216966995914
11.553306039000022,106.6420832329998,SAT_10071,20.847233061135015,196.01568596888447,99.0420304795127,169.59342435154025,-64.14246698222517,29.906347184454244,35.0,0.12106215408132111,12.334327661057856
11.553306039000022,106.74208323299979,SAT_10071,20.909954111052727,196.3684918746716,99.04854271053935,169.57516255832132,-64.07974593230746,29.9309416715871,35.0,0.12078381847808721,12.314741227095155
11.553306039000022,106.84208323299978,SAT_10071,20.961999667215025,196.6612481280845,99.05390014342208,169.55997829273252,-64.02770037614516,29.951312794122494,35.0,0.12055295647210314,12.298481921063019
11.553306039000022,106.94208323299978,SAT_10071,21.003316516666622,196.89365540624976,99.05812360030323,169.5479042259023,-63.986383526693565,29.967460510580835,35.0,0.12036974882877594,12.285570062543325
11.553306039000022,107.04208323299977,SAT_10071,21.033862055627296,197.06547406290352,99.06122932260327,169.53896652797852,-63.95583798773289,29.97938478808353,35.0,0.1202343401514175,12.27602190768649
11.553306039000022,107.14208323299977,SAT_10071,21.053604580455612,197.17652576506285,99.06322915622339,169.53318468080099,-63.936095462904575,29.987085602352124,35.0,0.12014683797595989,12.269849546479756
11.553306039000022,107.24208323299976,SAT_10071,21.062523506055655,197.22669472156306,99.06413068545024,169.5305713372,-63.92717653730453,29.990562937707704,35.0,0.12010731209288468,12.267060825719355
11.553306039000022,107.34208323299976,SAT_10071,21.06060950854574,197.21592848556978,99.06393731816573,169.5311322290484,-63.92909053481445,29.989816787070474,35.0,0.12011579410494333,12.267659298731576
11.553306039000022,107.44208323299975,SAT_10071,21.047864590103977,197.1442383193349,99.06264832400205,169.53486612545873,-63.94183545325621,29.984847151959574,35.0,0.1201722772263097,12.271644202530739
11.553306039000022,107.54208323299974,SAT_10071,21.024302065032913,197.01169911581013,99.06025882617142,169.54176484176688,-63.965397978327275,29.975654042493133,35.0,0.12027671632573658,12.279010462727793
11.553306039000022,107.64208323299974,SAT_10071,20.989946467245716,196.81844887825716,99.05675974681427,169.55181329916766,-63.99975357611447,29.96223747738852,35.0,0.1204290282131635,12.28974872612217
11.553306039000022,107.74208323299973,SAT_10057,20.946894083953012,196.5762792222357,99.05225183131272,169.56172573356355,-64.04280595940718,29.943950723630174,35.0,0.12063688137645401,12.304394068097338
11.553306039000022,107.84208323299973,SAT_10057,20.89434144741668,196.2806706417188,99.04682908505067,169.57705228530654,-64.09535859594351,29.923377792562185,35.0,0.12087008943971288,12.320814013759444
11.553306039000022,107.94208323299972,SAT_10057,20.831118576287082,195.92504199161485,99.04024826325474,169.59545307793675,-64.1585814670731,29.898582142489644,35.0,0.12115076945216535,12.340559762173834
11.553306039000022,108.04208323299972,SAT_10057,20.757289363495744,195.50975266966358,99.03248340270594,169.61688891254067,-64.23241067986444,29.869563823891994,35.0,0.12147870407209135,12.363606887143673
11.553306039000022,108.14208323299971,SAT_10057,20.67292749893953,195.03521718153485,99.02350338693888,169.64131461185391,-64.31677254442066,29.83632289584876,35.0,0.12185364232860303,12.389927186086899
11.553306039000022,108.2420832329997,SAT_10057,20.578115987416595,194.50190242921835,99.01327157553598,169.668679329636,-64.41158405594359,29.798859426041037,35.0,0.12227530113816679,12.419488851210447
11.553306039000022,108.3420832329997,SAT_10057,20.47294661599976,193.91032471499867,99.00174535901589,169.69892689201498,-64.51675342736043,29.75717349075325,35.0,0.12274336698832403,12.452256659110365
11.553306039000022,108.44208323299969,SAT_10057,20.357519377849314,193.26104650040241,98.98887562960691,169.73199616615028,-64.63218066551087,29.711265174875095,35.0,0.12325749776925436,12.488192176466438
11.553306039000022,108.54208323299969,SAT_10057,20.231941859784627,192.55467296128853,98.97460615597015,169.76782145136642,-64.75775818357556,29.661134571903734,35.0,0.12381732473275307,12.527253979380118
11.553306039000022,108.64208323299968,SAT_10057,20.09632860112353,191.79184838131988,98.95887284725319,169.80633288779157,-64.89337144223666,29.606781783946182,35.0,0.12442245455751891,12.569397883833757
11.553306039000022,108.74208323299968,SAT_10057,19.950800431321085,190.97325242618112,98.94160288858504,169.84745687753548,-65.0388996120391,29.54820692172195,35.0,0.1250724714993537,12.614577184726217
11.553306039000022,108.84208323299967,SAT_10057,19.795483793825824,190.09959634027024,98.92271372610816,169.89111651353272,-65.19421624953436,29.48541010456586,35.0,0.12576693960495,12.66274290096255
11.553306039000022,108.94208323299966,SAT_10057,19.63051006333633,189.17161910626686,98.9021118746799,169.93723201134682,-65.35918998002386,29.418391460431135,35.0,0.12650540496836163,12.713844024139812
11.653306039000022,105.84208323299984,SAT_10071,19.987966016694543,191.18230884390678,98.9461682188934,169.8395889921434,-65.00173402666564,29.564520864993032,35.0,0.12488818239442132,12.601777717120854
11.653306039000022,106.04208323299983,SAT_10071,20.268251710186576,192.7589158697995,98.97886989447626,169.7601075046566,-64.72144833317361,29.677015514055554,35.0,0.12363756255378062,12.514718780018795
11.653306039000022,106.14208323299982,SAT_10071,20.393388418485983,193.46280985398366,98.99300530311208,169.72436891984836,-64.5963116248742,29.726930917005717,35.0,0.12308001450865796,12.47579360752291
11.653306039000022,106.24208323299982,SAT_10071,20.508366292805945,194.10956039703342,99.00575086731439,169.69139281461673,-64.48133375055424,29.772624900417764,35.0,0.12256817243225887,12.439997663923021
11.653306039000022,106.34208323299981,SAT_10071,20.61307785648154,194.69856294270863,99.01716201445144,169.66124484048157,-64.37662218687865,29.814097371193643,35.0,0.12210240450918411,12.407372313081527
11.653306039000022,106.4420832329998,SAT_10071,20.707423271358195,195.22925590138985,99.02728714112871,169.63398605219257,-64.28227677200199,29.85134824484436,35.0,0.1216830521443481,12.377955912509432
11.653306039000022,106.5420832329998,SAT_10071,20.79131095073093,195.70112409786148,99.03616822715516,169.60967251613573,-64.19838909262926,29.884377445487832,35.0,0.12131042800464191,12.351783593976714
11.653306039000022,106.6420832329998,SAT_10071,20.86465813559616,196.11370201272842,99.04384135515768,169.5883549415052,-64.12504190776403,29.91318490584691,35.0,0.12098481418925673,12.328887057916488
11.653306039000022,106.74208323299979,SAT_10071,20.927391426865967,196.4665767761211,99.05033714750476,169.57007833911305,-64.06230861649422,29.937770567247693,35.0,0.12070646054912945,12.309294384079731
11.653306039000022,106.84208323299978,SAT_10071,20.979447266536326,196.75939087426684,99.05568113002688,169.55488171249192,-64.01025277682386,29.958134379617977,35.0,0.12047558317488216,12.293029860775029
11.653306039000022,106.94208323299978,SAT_10071,21.0207723612925,196.9918445322703,99.0598940301994,169.54279778562622,-63.96892768206769,29.974276301486007,35.0,0.12029236307114735,12.280113834856333
11.653306039000022,107.04208323299977,SAT_10071,21.051324042676754,197.16369774005676,99.06299201590892,169.5338527712264,-63.938376000683434,29.986196299979394,35.0,0.12015694503332162,12.270562584403105
11.653306039000022,107.14208323299977,SAT_10071,21.0710705587233,197.27477189281853,99.06498687959443,169.52806618294528,-63.91862948463689,29.99389435082427,35.0,0.12006943674059603,12.264388215775275
11.653306039000022,107.24208323299976,SAT_10071,21.07999129286977,197.32495102239247,99.06588617138942,169.52545069433398,-63.90970875049042,29.997370438344674,35.0,0.12002990807661515,12.26159858642449
11.653306039000022,107.34208323299976,SAT_10071,21.078076906959602,197.31418260164776,99.06569328384899,169.5260120466666,-63.911623136400586,29.99662455546215,35.0,0.12003839068636582,12.262197254509761
11.653306039000022,107.44208323299975,SAT_10071,21.065329406237773,197.2424779100875,99.06440748988915,169.52974900703572,-63.924370637122415,29.991656703695554,35.0,0.12009487777495033,12.266183456007301
11.653306039000022,107.54208323299974,SAT_10057,21.044289567714273,197.1241288183928,99.0621834653097,169.53324577799958,-63.945410475645915,29.981987196222285,35.0,0.12020492210737739,12.273946971761244
11.653306039000022,107.64208323299974,SAT_10057,21.013214581894474,196.94933202315644,99.05902862111341,169.54234323934628,-63.976485461465714,29.969864174759998,35.0,0.12034270845469787,12.283663688424742
11.653306039000022,107.74208323299973,SAT_10057,20.971368109539426,196.7139456161593,99.054757085313,169.55457836591248,-64.01833193382076,29.953519875405842,35.0,0.12052830663697048,12.296745136677156
11.653306039000022,107.84208323299973,SAT_10057,20.91879334178668,196.41821254755007,99.0493524478467,169.569924626501,-64.0709067015735,29.93295433143642,35.0,0.12076157004916004,12.313174836459767
11.653306039000022,107.94208323299972,SAT_10057,20.85554407867056,196.06243544252192,99.0427937214969,169.58834898941598,-64.13415596468963,29.908167584724378,35.0,0.12104231591927535,12.33293224407876
11.653306039000022,108.04208323299972,SAT_10057,20.781684365768484,195.64697455744772,99.0350550998808,169.60981215620995,-64.2080156775917,29.879159685739477,35.0,0.12137032644202389,12.355992880679201
11.653306039000022,108.14208323299971,SAT_10057,20.697288067678798,195.17224538069325,99.02610565563486,169.63426883579203,-64.29241197568139,29.845930693549885,35.0,0.12174535011420932,12.38232848332504
11.653306039000022,108.2420832329997,SAT_10057,20.602438384241765,194.63871591135992,99.01590897258757,169.66166805495732,-64.38726165911842,29.808480675823706,35.0,0.12216710325572945,12.411907176729082
11.653306039000022,108.3420832329997,SAT_10057,20.497227316044814,194.04690365275206,99.00442270415212,169.69195350098767,-64.49247272731537,29.7668097088307,35.0,0.12263527169819739,12.444693663460203
11.653306039000022,108.44208323299969,SAT_10057,20.38175508623958,193.39737236009765,98.99159804832998,169.72506389165665,-64.60794495712061,29.720917877444244,35.0,0.12314951262175033,12.48064943028645
11.653306039000022,108.54208323299969,SAT_10057,20.256129526035977,192.69072858395236,98.97737912751649,169.76093336775602,-64.73357051732421,29.670805275143522,35.0,0.12370945651953656,12.519732968192171
11.653306039000022,108.64208323299968,SAT_10057,20.120465431406444,191.92761805166126,98.9617022586445,169.79949190316418,-64.86923461195374,29.616472004015904,35.0,0.12431470926869363,12.561900003536778
11.653306039000022,108.74208323299968,SAT_10057,19.97488389856443,191.10872192942492,98.94449509597081,169.84066572746912,-65.01481614479576,29.557918174759575,35.0,0.12496485428633863,12.607103737799884
11.653306039000022,108.84208323299967,SAT_10057,19.819511645673458,190.2347530069132,98.92567562484396,169.8843777562433,-65.17018839768673,29.495143906686387,35.0,0.12565945474916848,12.655295093380644
11.653306039000022,108.94208323299966,SAT_10057,19.654480327990285,189.30645184494534,98.90515097988744,169.93054802425496,-65.3352197153699,29.42814932772489,35.0,0.12639805585569072,12.706422962984147
11.653306039000022,109.04208323299966,SAT_10057,19.479925853302092,188.32458292482426,98.88281605492783,169.9790941171406,-65.5097741900581,29.35693457442366,35.0,0.12718018711083776,12.760434460230327
11.653306039000022,109.14208323299965,SAT_10057,19.295987704054298,187.28993083530543,98.85855186434279,170.02993159739063,-65.69371233930589,29.28149979195477,35.0,0.12800536461372666,12.81727516925631
11.753306039000021,106.04208323299983,SAT_10071,20.274558191306554,192.79438982609938,98.97959114283253,169.7583101525853,-64.71514185205363,29.67953566785753,35.0,0.12360945198595633,12.51275791533991
11.753306039000021,106.4420832329998,SAT_10071,20.71365620481913,195.26431615210763,99.02794802129573,169.63218200577543,-64.27604383854106,29.85380534627602,35.0,0.12165535787034029,12.376011821171296
11.753306039000021,106.5420832329998,SAT_10071,20.797529997307535,195.73610623485487,99.03681832702247,169.60786715668817,-64.19217004605265,29.88682260107058,35.0,0.12128281258692016,12.34984267784814
11.753306039000021,106.6420832329998,SAT_10071,20.87086508316915,196.14861609282647,99.04448221424971,169.58654842475764,-64.11883496019104,29.915619642505565,35.0,0.12095726754520914,12.326948910393758
11.753306039000021,106.74208323299979,SAT_10071,20.933588058212933,196.50143282744773,99.05097023679717,169.56827082562205,-64.05611198514725,29.940196411917935,35.0,0.12067897259752179,12.307358598845616
11.753306039000021,106.84208323299978,SAT_10071,20.98563535997181,196.79419889984143,99.05630786375932,169.55307336702901,-64.00406468338838,29.960552859244775,35.0,0.1204481438355415,12.291096031768598
11.753306039000021,106.94208323299978,SAT_10071,21.02695369135843,197.02661451389116,99.06051577681448,169.54098877652157,-63.96274635200176,29.97668894302201,35.0,0.12026496226470088,12.278181556237495
11.753306039000021,107.04208323299977,SAT_10071,21.057500380873506,197.1984396424135,99.06361010829853,169.5320432696765,-63.93219966248668,29.988604630383332,35.0,0.12012957268098007,12.268631450512528
11.753306039000021,107.14208323299977,SAT_10071,21.077243674276673,197.30949566780626,99.0656026248165,169.52625636228848,-63.912456369083515,29.99629989705938,35.0,0.12004208276397256,12.26245782109044
11.753306039000021,107.24208323299976,SAT_10071,21.086162953522994,197.35966661356684,99.0665008600043,169.52364072930393,-63.903537089837194,29.99977472737709,35.0,0.12000256239756991,12.259668525512774
11.753306039000021,107.34208323299976,SAT_10057,21.087233268882564,197.36568713746442,99.06651260470738,169.52065718853245,-63.902466774477624,29.998720550113006,35.0,0.12001456331160708,12.260515572746572
11.753306039000021,107.44208323299975,SAT_10057,21.077786388985118,197.3125484380413,99.06556123661618,169.5234281033987,-63.91191365437507,29.995041481787723,35.0,0.12005643366932132,12.263470599094784
11.753306039000021,107.54208323299974,SAT_10057,21.057513893372764,197.1985156502218,99.06351515300979,169.5293712135606,-63.93218614998742,29.98714262246065,35.0,0.12014629533864547,12.269811263548819
11.753306039000021,107.64208323299974,SAT_10057,21.02643696347007,197.02370791951913,99.06036661642241,169.53847349829937,-63.96326307989012,29.975023988215607,35.0,0.12028407651547333,12.27952949329089
11.753306039000021,107.74208323299973,SAT_10057,20.984587917951913,196.7883070384795,99.0561036506867,169.55071509589945,-64.00511212540827,29.95868560372937,35.0,0.12046966758881815,12.292612965649388
11.753306039000021,107.84208323299973,SAT_10057,20.932009989900692,196.4925561931914,99.05070990574767,169.56606944722472,-64.0576900534595,29.93812750227227,35.0,0.12070292183236453,12.309045186674673
11.753306039000021,107.94208323299972,SAT_10057,20.86875703131969,196.13675830117327,99.0441644714676,169.58450348597927,-64.1209430120405,29.913349725709065,35.0,0.12098365632346367,12.328805595446827
11.753306039000021,108.04208323299972,SAT_10057,20.79489314924588,195.7212739645081,99.03644163675524,169.60597787282038,-64.19480689411431,29.8843523245,35.0,0.12131165307807087,12.351869692715862
11.753306039000021,108.14208323299971,SAT_10057,20.710492278609834,195.24651906718032,99.02751058918591,169.63044726988957,-64.27920776475035,29.851135357702123,35.0,0.12168666038763845,12.378209192175268
11.753306039000021,108.2420832329997,SAT_10057,20.61563769776157,194.7129620499088,99.01733504894457,169.6578606518184,-64.37406234559862,29.81369889297077,35.0,0.1221083943417937,12.407792192409191
11.753306039000021,108.3420832329997,SAT_10057,20.510421493219866,194.12112089936176,99.00587282937425,169.688161648846,-64.47927855014032,29.772043006561322,35.0,0.12257654051879759,12.440583367336837
11.753306039000021,108.44208323299969,SAT_10057,20.394943980685383,193.47155989135527,98.99307531458167,169.721288917373,-64.5947560626748,29.726167783331142,35.0,0.12309075582431656,12.476544172808634
11.753306039000021,108.54208323299969,SAT_10057,20.2693130896927,192.76488612952147,98.97888684236848,169.7571765330632,-64.72038695366749,29.676073316741764,35.0,0.12365067045796742,12.515633066888098
11.753306039000021,108.64208323299968,SAT_10057,20.133643719451257,192.0017459219133,98.9632439781202,169.79575440150083,-64.85605632390893,29.62175970886128,35.0,0.12425588998641625,12.557805741282955
11.753306039000021,108.74208323299968,SAT_10057,19.98805707345599,191.18282103818996,98.94607466207714,169.83694868140356,-65.0016429699042,29.563227070366963,35.0,0.12490599750152061,12.603015361366076
11.753306039000021,108.84208323299967,SAT_10057,19.83267998032595,190.30882488933347,98.92729720847389,169.88068221549,-65.15702006303424,29.500475520548104,35.0,0.12560055584208393,12.651212812250261
11.753306039000021,108.94208323299966,SAT_10057,19.667644208098608,189.38049867055466,98.9068191301689,169.9268749642664,-65.32205583526158,29.433505187309056,35.0,0.1263391098582134,12.702346948446014
11.753306039000021,109.04208323299966,SAT_10057,19.493085778840964,188.39860750598044,98.88453575632654,169.97544443825927,-65.49661426451922,29.36231620717255,35.0,0.12712118869800887,12.756364844734502
11.753306039000021,109.14208323299965,SAT_10057,19.30914428998868,187.36393663118633,98.86032860312211,170.02630612453373,-65.68055575337151,29.286908725283155,35.0,0.12794630809732094,12.81321204602361
11.853306039000021,106.4420832329998,SAT_10071,20.708720388985753,195.23655218804487,99.0274196352513,169.63361065000834,-64.28097965437443,29.851859624723033,35.0,0.12167728866468458,12.377551340424448
11.853306039000021,106.5420832329998,SAT_10071,20.79255051187465,195.70809662929494,99.03629110447496,169.60931270907514,-64.19714953148554,29.884864844679846,35.0,0.12130492368316144,12.351396743407077
11.853306039000021,106.6420832329998,SAT_10071,20.86584726192558,196.1203908483314,99.04395599715562,169.58800887987854,-64.1238527814346,29.913651389577208,35.0,0.12097953670737358,12.328515754425899
11.853306039000021,106.74208323299979,SAT_10071,20.928537334014266,196.47302250383024,99.05044487091868,169.56974411592537,-64.06116270934592,29.93821920076274,35.0,0.12070137726512709,12.308936416918161
11.853306039000021,106.84208323299978,SAT_10071,20.980557252099587,196.76563454306017,99.05578319811626,169.55455737070793,-64.0091427912606,29.95856822818264,35.0,0.12047066116565831,12.292682987569655
11.853306039000021,106.94208323299978,SAT_10071,21.021853792017403,196.9979275800979,99.05999166313151,169.54248132595416,-63.967846251342785,29.974698430380347,35.0,0.1202875691765437,12.279775786592428
11.853306039000021,107.04208323299977,SAT_10057,21.052509326684977,197.170364962603,99.0630026692235,169.53083770300478,-63.93719071667521,29.985191879003043,35.0,0.12016848115314126,12.271376411520333
11.853306039000021,107.14208323299977,SAT_10057,21.07554629867576,197.29994793005116,99.06532878810467,169.5240850204866,-63.91415374468443,29.994168918988958,35.0,0.12006636261370504,12.264171280573073
11.853306039000021,107.24208323299976,SAT_10057,21.08776528725692,197.3686797408202,99.06655936165755,169.52050111183803,-63.901934756103266,29.998927710304983,35.0,0.12001220539496807,12.260349149175251
11.853306039000021,107.34208323299976,SAT_10057,21.089153499708388,197.3764884358597,99.06669902773696,169.52009384212897,-63.9005465436518,29.99946824325952,35.0,0.12000605285303788,12.259914891929306
11.853306039000021,107.44208323299975,SAT_10057,21.079709480830836,197.32336582967346,99.06574831191111,169.52286410609167,-63.90999056252935,29.995790516751747,35.0,0.12004790991913983,12.262869063270292
11.853306039000021,107.54208323299974,SAT_10057,21.05944312308511,197.20936756735372,99.06370363332793,169.52880582158292,-63.93025692027508,29.987894538271576,35.0,0.12013774306823527,12.269207893895496
11.853306039000021,107.64208323299974,SAT_10057,21.028375597729635,197.0346127372292,99.06055726470748,169.5379059739829,-63.96132444563055,29.97578032389987,35.0,0.12027548053219977,12.278923315015316
11.853306039000021,107.74208323299973,SAT_10057,20.986539207970452,196.7992830448338,99.05629724569765,169.55014471085204,-64.00316083538974,29.959447898308834,35.0,0.12046101275482785,12.292003010091713
11.853306039000021,107.84208323299973,SAT_10057,20.93397716627676,196.50362156030678,99.05090724793068,169.56549548540724,-64.05572287708343,29.938897294762654,35.0,0.12069419308285763,12.308430493355985
11.853306039000021,107.94208323299972,SAT_10057,20.870743299103353,196.14793105745633,99.04436638916467,169.58392524665103,-64.11895674425683,29.914128555118346,35.0,0.12097483868426842,12.32818521403987
11.853306039000021,108.04208323299972,SAT_10057,20.7969016832605,195.73257196834032,99.03664899285185,169.60539467332228,-64.19279836009969,29.885141729826838,35.0,0.12130273168236158,12.351242684921894
11.853306039000021,108.14208323299971,SAT_10057,20.712526219071208,195.25795998227554,99.02772428831203,169.6298584482403,-64.27717382428898,29.851936877934246,35.0,0.1216776204916515,12.377574633491273
11.853306039000021,108.2420832329997,SAT_10057,20.617700146231968,194.72456332255481,99.01755604535818,169.65726556910045,-64.37199989712822,29.814514067083397,35.0,0.12209922133941202,12.407149173771753
11.853306039000021,108.3420832329997,SAT_10057,20.512515508926896,194.1328997377138,99.00610213567566,169.6875596913631,-64.47718453443329,29.77287337351555,35.0,0.12256721995489078,12.439930996630853
11.853306039000021,108.44208323299969,SAT_10057,20.397072577231143,193.4835332469252,98.99331401143091,169.72067949856356,-64.59262746612904,29.727014882072375,35.0,0.1230812734067427,12.47588157623112
11.853306039000021,108.54208323299969,SAT_10057,20.27147923216907,192.77707068095103,98.9791360894075,169.7565590951612,-64.71822081119112,29.67693868619808,35.0,0.12364101206816143,12.51495939015983
11.853306039000021,108.64208323299968,SAT_10057,20.135850321975582,192.01415806111268,98.96350502633936,169.79512841693537,-64.8538497213846,29.62264488794186,35.0,0.12424604168850872,12.557120150702584
11.853306039000021,108.74208323299968,SAT_10057,19.990306997129466,191.19547685885325,98.94634886791113,169.8363136539374,-64.99939304623072,29.564133597960456,35.0,0.12489594554995043,12.602317044703824
11.853306039000021,108.84208323299967,SAT_10057,19.83497603161655,190.32174017784308,98.92758604997081,169.88003768109672,-65.15472401174364,29.501404935521034,35.0,0.1255902866876864,12.650500979480261
11.853306039000021,108.94208323299966,SAT_10057,19.66998913764101,189.39368889923068,98.90712422564825,169.9262204917522,-65.31971090571918,29.434459028504204,35.0,0.12632861015278288,12.701620832318405
11.853306039000021,109.04208323299966,SAT_10057,19.49548228064164,188.4120878286092,98.88485888603294,169.9747796296383,-65.49421776271855,29.363296013407343,35.0,0.12711044529735238,12.75562370119023
11.95330603900002,106.4420832329998,SAT_10071,20.692621027000314,195.14599327687677,99.02570021340595,169.63826879289542,-64.29707901635987,29.84551108406404,35.0,0.1217488268265983,12.382572480701903
11.95330603900002,106.5420832329998,SAT_10071,20.77637778601948,195.6171250463596,99.0345848075667,169.6140059253665,-64.2133222573407,29.87850418021806,35.0,0.12137674330752585,12.35644376888473
11.95330603900002,106.6420832329998,SAT_10071,20.8496100419125,196.0290564857578,99.04226096713889,169.59273300928555,-64.14009000144769,29.907280150985017,35.0,0.12105160343747991,12.333585539709674
11.95330603900002,106.74208323299979,SAT_10071,20.912244692271102,196.38137639402495,99.04875932598387,169.57449486941212,-64.07745535108909,29.931838937723004,35.0,0.12077365609538242,12.314025763304585
11.95330603900002,106.84208323299978,SAT_10057,20.96477762050712,196.67687411535258,99.0540652876204,169.5565036531929,-64.02492242285307,29.950943782083982,35.0,0.12055754222272802,12.298805009521423
11.95330603900002,106.94208323299978,SAT_10057,21.009337659322938,196.92752433369154,99.05861600862337,169.5434775397698,-63.98036238403725,29.96835085572299,35.0,0.12035990098359131,12.284875799006837
11.95330603900002,107.04208323299977,SAT_10057,21.043145990080696,197.11769619420392,99.06204861291337,169.53358074705434,-63.94655405327949,29.981541276237426,35.0,0.12020999215119718,12.274304590311372
11.95330603900002,107.14208323299977,SAT_10057,21.066167557296723,197.24719250979408,99.06437617862079,169.52683481580064,-63.923532486063465,29.99051501675806,35.0,0.12010793464658208,12.267104752374298
11.95330603900002,107.24208323299976,SAT_10057,21.07837836624639,197.31587831013596,99.06560751660945,169.52325449457035,-63.9113216771138,29.995272059005575,35.0,0.12005380982595029,12.263285431723066
11.95330603900002,107.34208323299976,SAT_10057,21.07976564901378,197.32368177570254,99.06574726940731,169.522847632717,-63.90993439434641,29.995812393290137,35.0,0.12004766096589099,12.26285149395365
11.95330603900002,107.44208323299975,SAT_10057,21.0703279532229,197.27059473687882,99.0647959631121,169.52561512318383,-63.91937209013729,29.992136018511115,35.0,0.12008949298857963,12.265803492476001
11.95330603900002,107.54208323299974,SAT_10057,21.050075152148708,197.15667273083648,99.06275001326385,169.5315508959844,-63.93962489121148,29.98424294215707,35.0,0.12017927243048065,12.272137664953675
11.95330603900002,107.64208323299974,SAT_10057,21.01902837605448,196.98203461530645,99.05960168479551,169.54064196247,-63.97067166730571,29.97213318030595,35.0,0.12031692765495255,12.281845957486695
11.95330603900002,107.74208323299973,SAT_10057,20.97721986577153,196.74686174496486,99.05533900529826,169.5528685097028,-64.01248017758866,29.955806757625485,35.0,0.12050234930603246,12.294916076205316
11.95330603900002,107.84208323299973,SAT_10057,20.924692750662345,196.45139672247572,99.04994562993673,169.56820404350512,-64.06500729269784,29.93526370737384,35.0,0.1207353909976144,12.311331565568947
11.95330603900002,107.94208323299972,SAT_10057,20.861500754196527,196.09594174235548,99.04340065539373,169.58661557802634,-64.12819928916366,29.910504071400435,35.0,0.12101587022930663,12.331071912308456
11.95330603900002,108.04208323299972,SAT_10057,20.78770783136416,195.6808565514234,99.03567837918244,169.60806386900668,-64.20199221199603,29.88152790014705,35.0,0.12134356951752029,12.35411267361887
11.95330603900002,108.14208323299971,SAT_10057,20.703387743046193,195.20655605463483,99.02674799949635,169.63250368732403,-64.286312300314,29.848335252649093,35.0,0.12171823772786583,12.380425627911196
11.95330603900002,108.2420832329997,SAT_10057,20.60862357323802,194.67350759946387,99.01657324943626,169.65988412889374,-64.38107647012217,29.810926196537114,35.0,0.1221395915927607,12.409978946172785
11.95330603900002,108.3420832329997,SAT_10057,20.50350719564679,194.0822279755132,99.00511195790376,169.69014895658592,-64.4861928477134,29.769300808038544,35.0,0.12260731739632383,12.442737381769696
11.95330603900002,108.44208323299969,SAT_10057,20.38813869667682,193.4332801688071,98.99231552762407,169.7232369694999,-64.60156134668337,29.72345917197963,35.0,0.1231210728071748,12.478662476355918
11.95330603900002,108.54208323299969,SAT_10057,20.262625762143855,192.7272699120592,98.97812831857892,169.75908239473083,-64.72707428121633,29.67340138178762,35.0,0.12368048883868632,12.517712779434435
11.95330603900002,108.64208323299968,SAT_10057,20.127083035232133,191.96484207318076,98.9624869224977,169.79761529666135,-64.86261700812805,29.619127539493146,35.0,0.1242851719155599,12.559844079044291
11.95330603900002,108.74208323299968,SAT_10057,19.981631453246152,191.1466769245096,98.94531931085152,169.83876199879657,-65.00806859011404,29.560637755732838,35.0,0.12493470602530336,12.605009641025001
11.95330603900002,108.84208323299967,SAT_10057,19.826397570586664,190.27348633455,98.92654383486258,169.88244551325994,-65.16330247277352,29.497932149752152,35.0,0.12562865493326292,12.653160454332488
11.95330603900002,108.94208323299966,SAT_10057,19.661512875144936,189.34600992269029,98.90606805118213,169.928585973238,-65.32818716821525,29.431010849408416,35.0,0.12636656444028374,12.704245479945381
11.95330603900002,109.04208323299966,SAT_10057,19.487113104955185,188.36501121537293,98.88378734084077,169.97710106391372,-65.502586938405,29.359873991174133,35.0,0.1271479646628011,12.75821190100262
11.95330603900002,109.14208323299965,SAT_10057,19.30333757149127,187.3312738396384,98.85958328149333,170.02790644774495,-65.68636247186892,29.284521720140436,35.0,0.12797237231616787,12.815005371948233
11.95330603900002,109.24208323299965,SAT_10057,19.430338582848123,188.0456545285207,98.87639096787099,169.99283127796366,-65.55936146051206,29.33663783201377,35.0,0.12740254332357098,12.7757654712386
12.05330603900002,106.84208323299978,SAT_10057,20.944210515909262,196.5611841519896,99.05194929400723,169.56250906395059,-64.04548952745093,29.94290101452296,35.0,0.12064878777343883,12.305232690249866
12.05330603900002,106.94208323299978,SAT_10057,20.988724727729334,196.81157659347753,99.05650887438578,169.54950581099556,-64.00097531563085,29.960301640998342,35.0,0.12045131915957473,12.291319826474059
12.05330603900002,107.04208323299977,SAT_10057,21.02249818895062,197.00155231284722,99.05994813928271,169.53962643269165,-63.967201854409566,29.973487176102857,35.0,0.12030154159031169,12.280761056230459
12.05330603900002,107.14208323299977,SAT_10057,21.045495962412517,197.1309147885704,99.06228021059428,169.53289239431314,-63.94420408094767,29.982457592972036,35.0,0.12019957361211796,12.27356970599446
12.05330603900002,107.24208323299976,SAT_10057,21.057694134633266,197.19952950731212,99.06351392862294,169.52931839257684,-63.93200590872692,29.98721287332982,35.0,0.12014549632429745,12.269754893155604
12.05330603900002,107.34208323299976,SAT_10057,21.059079981010953,197.2073248931866,99.06365395139292,169.52891224918943,-63.930620062349234,29.98775300748809,35.0,0.12013935286656871,12.269321467781333
12.05330603900002,107.44208323299975,SAT_10057,21.049652054100207,197.15429280431368,99.06270080675735,169.53167485394673,-63.94004798925998,29.984077994346418,35.0,0.12018114814553041,12.272269981514143
12.05330603900002,107.54208323299974,SAT_10057,21.02942019367118,197.04048858940038,99.06065089829349,169.537600158249,-63.96027984968901,29.976187841392026,35.0,0.12027084880350812,12.278596684028528
12.05330603900002,107.64208323299974,SAT_10057,20.99840545840007,196.86603070350043,99.05749646509814,169.54667521913353,-63.991294584960116,29.96408256470001,35.0,0.12040838343018105,12.288293547096405
12.05330603900002,107.74208323299973,SAT_10057,20.95663998019613,196.63109988860322,99.05322549471566,169.5588802931527,-64.03306006316406,29.94776218893372,35.0,0.12059364301428285,12.301348315930802
12.05330603900002,107.84208323299973,SAT_10057,20.904166743296486,196.33593793104274,99.04782158752522,169.5741889786726,-64.0855333000637,29.927226747345397,35.0,0.12082648162962764,12.317744587106882
12.05330603900002,107.94208323299972,SAT_10057,20.841039291333146,195.98084601374893,99.04126376995347,169.5925684044519,-64.14866075202704,29.902476281777034,35.0,0.12110671734680169,12.337461912005388
12.05330603900002,108.04208323299972,SAT_10057,20.767321366569092,195.56618268695115,99.03352625283105,169.61397946169882,-64.2223786767911,29.87351084266144,35.0,0.12143413335914453,12.360475924394562
12.05330603900002,108.14208323299971,SAT_10057,20.683086486388987,195.09236148593808,99.0245781300381,169.6383770762151,-64.3066135569712,29.84033048902352,35.0,0.12180847930918308,12.38675849047042
12.05330603900002,108.2420832329997,SAT_10057,20.588417462898803,194.55984822880578,99.014383011245,169.66571051672673,-64.40128258046138,29.802935288481795,35.0,0.12222947279952001,12.416277879416922
12.05330603900002,108.3420832329997,SAT_10057,20.483405872117174,193.96915803065912,99.00289858099704,169.69592373508942,-64.50629417124301,29.76132531725012,35.0,0.12269680107036145,12.448998952333337
12.05330603900002,108.44208323299969,SAT_10057,20.36815147972503,193.32085207345327,98.99007607455374,169.72895573374234,-64.62154856363516,29.715500660139647,35.0,0.12321012282441664,12.484883367208045
12.05330603900002,108.54208323299969,SAT_10057,20.242761630665214,192.6155341724918,98.9758596586996,169.7647409555786,-64.74693841269497,29.66546141056098,35.0,0.12376907017883731,12.523889797498526
12.05330603900002,108.64208323299968,SAT_10057,20.107350610067627,191.8538471816304,98.96018570309496,169.80320969128925,-64.88234943329256,29.61120767052656,35.0,0.12437325072318792,12.565974161806688
12.05330603900002,108.74208323299968,SAT_10057,19.962038982998692,191.03646927936762,98.94298192451231,169.84428849923717,-65.0276610603615,29.55273955065329,35.0,0.125022249662143,12.611089862115467
12.05330603900002,108.84208323299967,SAT_10057,19.806952920426653,190.16411017739992,98.92416638234765,169.88790063300223,-65.18274712293353,29.490057170165347,35.0,0.12571563202168057,12.65918802807497
12.05330603900002,108.94208323299966,SAT_10057,19.642223518555866,189.23750729187674,98.90364629890644,169.9339664719135,-65.34747652480432,29.42316065689723,35.0,0.12645294489795353,12.710217764890116
12.05330603900002,109.04208323299966,SAT_10057,19.467986118333073,188.25742191562355,98.88131667187534,169.9824039501326,-65.52171392502711,29.35205014729706,35.0,0.12723371972874153,12.764126402462834
12.05330603900002,109.14208323299965,SAT_10071,19.314183240635515,187.39228072857478,98.86116867303116,170.02749898621448,-65.67551680272467,29.290224636370922,35.0,0.12790453983642383,12.810337913044695
12.15330603900002,107.14208323299977,SAT_10057,21.013554023874597,196.95124138429463,99.05903297244035,169.5422439188501,-63.97614601948559,29.96999666368337,35.0,0.12034120319556799,12.283557561123304
12.15330603900002,107.24208323299976,SAT_10057,21.025735142584516,197.01976017703788,99.06027070410593,169.53867894284247,-63.96396490077567,29.974750169333593,35.0,0.12028718844894283,12.279748938817852
12.15330603900002,107.34208323299976,SAT_10057,21.02711905045203,197.02754465879264,99.0604111821421,169.53827382559228,-63.96258099290816,29.975290101909646,35.0,0.12028105209963852,12.279316217125881
12.15330603900002,107.44208323299975,SAT_10057,21.017704307039835,196.97458672709908,99.05945493739894,169.54102945240933,-63.97199573632035,29.971616460311292,35.0,0.12032279903223302,12.282259945190086
12.15330603900002,107.54208323299974,SAT_10057,20.997500704499828,196.86094146281152,99.05739835302951,169.5469398051735,-63.99219933886036,29.963729252024457,35.0,0.1204123960387072,12.288576389672594
12.15330603900002,107.64208323299974,SAT_10057,20.966529199764764,196.6867267486768,99.05423362401474,169.55599200603385,-64.02317084359542,29.95162849312143,35.0,0.12054977202869473,12.298257558654317
12.15330603900002,107.74208323299973,SAT_10057,20.924821769935903,196.45212245588945,99.04994866950291,169.56816641058194,-64.06487827342428,29.93531420826126,35.0,0.12073481847825156,12.311291252625354
12.15330603900002,107.84208323299973,SAT_10057,20.872421192984916,196.15736921054014,99.0445269962764,169.58343674908235,-64.11727885037527,29.914786430690413,35.0,0.12096739011144705,12.32766114187188
12.15330603900002,107.94208323299972,SAT_10057,20.80938075693622,195.80276675776625,99.03794751068746,169.60177031364677,-64.18031928642397,29.890045202243577,35.0,0.12124730580619524,12.347346869214594
12.15330603900002,108.04208323299972,SAT_10057,20.73576390169005,195.38867194700651,99.03018427534793,169.62312818857424,-64.25393614167014,29.86109057334477,35.0,0.12157434971305116,12.370324176727612
12.15330603900002,108.14208323299971,SAT_10057,20.651643798521192,194.91549636668174,99.02120620567405,169.64746552050138,-64.338056244839,29.827922603008613,35.0,0.1219482725732569,12.396565054772967
12.15330603900002,108.2420832329997,SAT_10057,20.557102873054077,194.38370366092917,99.01097670003536,169.6747318244977,-64.43259717030611,29.79054135884183,35.0,0.12236879322017925,12.426037911430061
12.15330603900002,108.3420832329997,SAT_10057,20.452232278134943,193.79380656450905,98.99945319568404,169.70487132183723,-64.53746776522524,29.748946917044982,35.0,0.12283560024647529,12.45870776018651
12.15330603900002,108.44208323299969,SAT_10057,20.33713132350404,193.14636369471023,98.98658664078563,169.7378233048628,-64.65256871985615,29.703139362414415,35.0,0.12334835381788214,12.494536423589905
12.15330603900002,108.54208323299969,SAT_10057,20.211906869494555,192.4419761409069,98.97232087065517,169.77352252415517,-64.77779317386563,29.653118788344422,35.0,0.12390668761346625,12.533482750441415
12.15330603900002,108.64208323299968,SAT_10057,20.07667269216958,191.6812838934539,98.95659187362828,169.81189959310743,-64.9130273511906,29.598885296829625,35.0,0.12451021087149311,12.575502844041312
12.15330603900002,108.74208323299968,SAT_10057,19.931548827329053,190.8649621537259,98.93932692873916,169.85288140500575,-65.05815121603113,29.54043899846758,35.0,0.12515851051978114,12.62055029897319
12.15330603900002,108.84208323299967,SAT_10057,19.776660900721396,189.99371756655785,98.92044359337922,169.8963915577961,-65.21303914263879,29.477780012461615,35.0,0.12585115336947067,12.66857644393482
12.15330603900002,108.94208323299966,SAT_10117,19.635982515315973,189.20240164865234,98.9028632052315,169.93558960647925,-65.35371752804421,29.420561943223444,35.0,0.12648173783117128,12.712208126957236
12.15330603900002,109.04208323299966,SAT_10117,19.48604219916301,188.3589873702919,98.88366893379941,169.97728145749716,-65.50365784419718,29.359379052711777,35.0,0.12715361746329482,12.758601821948501
12.15330603900002,109.14208323299965,SAT_10071,19.489840576499518,188.3803532428098,98.88428392973478,169.9789349165668,-65.49985946686067,29.362256426906256,35.0,0.12711682983301462,12.756064147367107
12.25330603900002,107.24208323299976,SAT_10057,20.982536065355802,196.7767653676264,99.0558653428679,169.55131483415101,-64.00716397800439,29.957883971846236,35.0,0.12047876859964841,12.293254347099955
12.25330603900002,107.34208323299976,SAT_10057,20.98391753932215,196.78453615868708,99.05600646482073,169.55091104638922,-64.00578250403804,29.958423701384525,35.0,0.12047264104383523,12.29282251798952
12.25330603900002,107.44208323299975,SAT_10057,20.97451934827886,196.7316713340686,99.05504583534402,169.55365763240286,-64.01518069508133,29.954751441232872,35.0,0.12051432817038812,12.29576017574095
12.25330603900002,107.54208323299974,SAT_10057,20.95435122294265,196.6182256290524,99.05297980852531,169.5595486134469,-64.03534882041754,29.946867198875932,35.0,0.12060379696392702,12.302063608882648
12.25330603900002,107.64208323299974,SAT_10057,20.923433988975646,196.44431618798802,99.04980051655984,169.56857119578922,-64.06626605438454,29.93477099038324,35.0,0.12074097674594489,12.31172487223262
12.25330603900002,107.74208323299973,SAT_10057,20.881799423743132,196.21012175855515,99.04549578124411,169.5807058629719,-64.10790061961706,29.91846284040965,35.0,0.1209257596198198,12.32473183743497
12.25330603900002,107.84208323299973,SAT_10057,20.82949003908068,195.91588146982883,99.04004897611803,169.59592651566788,-64.1602100042795,29.897942782195933,35.0,0.12115800114672227,12.341068269660843
12.25330603900002,107.94208323299972,SAT_10057,20.766558793198115,195.5618932117394,99.03343883656349,169.61420065704652,-64.22314125016207,29.873210857569653,35.0,0.12143752124393511,12.360713929441268
12.25330603900002,108.04208323299972,SAT_10057,20.69306873583443,195.1485116390687,99.0256392140964,169.63548962090013,-64.29663130752576,29.84426711694621,35.0,0.12176410529444048,12.383644698277397
12.25330603900002,108.14208323299971,SAT_10057,20.60909259162787,194.67614582790677,99.01661876988894,169.65974883922513,-64.38060745173232,29.811111619330138,35.0,0.12213750545421496,12.409832726383103
12.25330603900002,108.2420832329997,SAT_10057,20.514712287436254,194.14525661682893,99.0063406011889,169.68692814543726,-64.47498775592393,29.773744432316608,35.0,0.12255744214155263,12.439246600661717
12.25330603900002,108.3420832329997,SAT_10117,20.418197095857238,193.60235866419697,98.99566845462131,169.7145103958695,-64.57150294750295,29.735356259901263,35.0,0.12298797066784578,12.469360840866877
12.25330603900002,108.44208323299969,SAT_10117,20.327782044483854,193.09377400022166,98.98552806456784,169.7403755780444,-64.66191799887633,29.699349607767136,35.0,0.12339082164245467,12.497501206956626
12.25330603900002,108.54208323299969,SAT_10117,20.227134908740737,192.52763386166666,98.9740687856947,169.769071425336,-64.76256513461945,29.659150559335043,35.0,0.12383957017926073,12.52880469843924
12.25330603900002,108.64208323299968,SAT_10117,20.116348826343952,191.9044621481847,98.96124123584313,169.8005410712376,-64.87335121701624,29.614759196763067,35.0,0.12433389698592749,12.56323544555577
12.25330603900002,108.74208323299968,SAT_10117,19.995524397528072,191.2248247360954,98.9469887605127,169.83472315867897,-64.99417564583212,29.56617561078578,35.0,0.12487345662799217,12.600754641310925
12.25330603900002,108.84208323299967,SAT_10117,19.864769093838106,190.48932615283934,98.93124668998813,169.8715522163623,-65.12493094952208,29.513399900716532,35.0,0.12545787944126935,12.641320754435062
12.25330603900002,108.94208323299966,SAT_10117,19.72419664429161,189.69860612414033,98.91394146548663,169.91095904865108,-65.26550339906858,29.456432174449954,35.0,0.12608677353207023,12.684889751335382
12.25330603900002,109.04208323299966,SAT_10071,19.585255766398006,188.91706368598878,98.896556367345,169.95243066255517,-65.40444427696218,29.401229782345727,35.0,0.12668934581382058,12.726554050938917
12.25330603900002,109.14208323299965,SAT_10071,19.655583272006623,189.31265590503725,98.90546726011692,169.93283869921578,-65.33411677135356,29.42988633121961,35.0,0.12637443864963566,12.70478996470776
12.35330603900002,107.64208323299974,SAT_10057,20.869166002253635,196.1390587626767,99.04417968532722,169.58438443028274,-64.12053404110655,29.91351009007286,35.0,0.12098184076796602,12.328677860128709
12.35330603900002,107.74208323299973,SAT_10057,20.82761885610053,195.90535606556548,99.03984922700005,169.59647046020845,-64.16208118725966,29.897208118954918,35.0,0.1211663104442827,12.341652535561847
12.35330603900002,107.84208323299973,SAT_10117,20.793696872805313,195.7145449095299,99.03628884994681,169.60620569280425,-64.19600317055487,29.883817621987543,35.0,0.12131773832192766,12.352297361416241
12.35330603900002,107.94208323299972,SAT_10117,20.755459994754858,195.4994624704961,99.03225864567167,169.6172999241249,-64.23424004860533,29.86877964652775,35.0,0.12148760597149337,12.364232165036688
12.35330603900002,108.04208323299972,SAT_10117,20.706633576504544,195.2248138678381,99.02707811482433,169.6314449255763,-64.28306646685564,29.84955059867419,35.0,0.1217045877196973,12.379467552233837
12.35330603900002,108.14208323299971,SAT_10117,20.64726629052967,194.8908728842294,99.02072694575966,169.64861085142988,-64.34243375283052,29.826130517720173,35.0,0.12196851785885006,12.397984901261957
12.35330603900002,108.2420832329997,SAT_10117,20.577416741494233,194.49796917090507,99.01317992467699,169.66876178558377,-64.41228330186595,29.79851945152533,35.0,0.12227919668040897,12.419761771127092
12.35330603900002,108.3420832329997,SAT_10117,20.49715308260673,194.04648608966286,99.00440664075462,169.6918559877902,-64.49254696075346,29.766717456516798,35.0,0.12263639168162414,12.444772037798435
12.35330603900002,108.44208323299969,SAT_10117,20.40655257635359,193.53685824198894,98.99437112464109,169.7178461752648,-64.5831474670066,29.730724597690667,35.0,0.12303983895250542,12.47298605047995
12.35330603900002,108.54208323299969,SAT_10117,20.30570110547427,192.96956871829278,98.9830314126437,169.74667983577996,-64.68399893788592,29.690540948613602,35.0,0.12348924472695118,12.504370805992611
12.35330603900002,108.64208323299968,SAT_10117,20.194692640529624,192.34514610297913,98.97033902711013,169.77829956802822,-64.79500740283056,29.64616659142469,35.0,0.12398428708040717,12.538890139146625
12.35330603900002,108.74208323299968,SAT_10117,20.073628670778078,191.6641612731267,98.95623836129897,169.8126434448088,-64.91607137258211,29.59760161683754,35.0,0.12452461775530388,12.576504926855545
12.35330603900002,108.84208323299967,SAT_10117,19.942617605286387,190.92722402973595,98.94066595438747,169.84964539445954,-65.0470824380738,29.54484612414252,35.0,0.12510986409475586,12.617173303662021
12.35330603900002,108.94208323299966,SAT_10117,19.80177415128152,190.13497960095856,98.92354963904334,169.88923559591686,-65.18792589207867,29.4879002212093,35.0,0.125739631064599,12.660850886306507
12.35330603900002,109.04208323299966,SAT_10071,19.740647584586128,189.79114266329697,98.91611548920666,169.9090769935969,-65.24905245877406,29.464468715716933,35.0,0.1259937467109858,12.678450434183102
12.35330603900002,109.14208323299965,SAT_10071,19.811270680095276,190.18839757553593,98.92483395691048,169.88929557294387,-65.17842936326491,29.493114214347173,35.0,0.12567785346093516,12.656570151207282
12.453306039000019,107.64208323299974,SAT_10117,20.90688570531063,196.3512320923723,99.04807845667627,169.57327666846703,-64.08281433804956,29.92822649456329,35.0,0.12081517940441296,12.316948984741398
12.453306039000019,107.74208323299973,SAT_10117,20.889902231729934,196.25570005348087,99.04632171242375,169.57822591344822,-64.09979781163025,29.921573316050292,35.0,0.12089055900316516,12.32225465522915
12.453306039000019,107.84208323299973,SAT_10117,20.862243898978207,196.10012193175243,99.04345115927502,169.5862796270539,-64.12745614438198,29.910730629664634,35.0,0.12101333850095033,12.330893808491775
12.453306039000019,107.94208323299972,SAT_10117,20.823938835426276,195.8846559492728,99.03945581278745,169.5974205401941,-64.16576120793391,29.89569845756471,35.0,0.12118342233118311,12.342855702973333
12.453306039000019,108.04208323299972,SAT_10117,20.775025764876617,195.609519927431,99.03432026824636,169.6116248869505,-64.21467427848357,29.87647683047152,35.0,0.12140067885173783,12.358125543152854
12.453306039000019,108.14208323299971,SAT_10117,20.715553746005014,195.2749898212782,99.0280245255648,169.6288625721698,-64.27414629735517,29.85306578766945,35.0,0.12166494115830398,12.376684571696531
12.453306039000019,108.2420832329997,SAT_10117,20.645581845699184,194.8813978820579,99.02054375946346,169.64909738141873,-64.344118197661,29.825465377007244,35.0,0.12197600810673781,12.398510185142788
12.453306039000019,108.3420832329997,SAT_10117,20.565178750854955,194.4291304735591,99.01184803031431,169.67228723025994,-64.42452129250523,29.79367565489921,35.0,0.12233364553198066,12.423576071612509
12.453306039000019,108.44208323299969,SAT_10117,20.474422323944168,193.91862557218596,99.00190192971252,169.6983844493117,-64.51527771941602,29.757696686326657,35.0,0.12273758764898168,12.451852368781987
12.453306039000019,108.54208323299969,SAT_10117,20.3733991083096,193.3503699842415,98.99066415331438,169.7273361011309,-64.61630093505059,29.717528544839503,35.0,0.12318753861923733,12.483305840139948
12.453306039000019,108.64208323299968,SAT_10117,20.26220378964092,192.7248963167302,98.97808699168338,169.7590843246354,-64.72749625371927,29.673171312558154,35.0,0.12368317426507308,12.517900067376935
12.453306039000019,108.74208323299968,SAT_10117,20.140938620440537,192.04277973997802,98.96411572774849,169.7935667025556,-64.84876142291965,29.624625080175548,35.0,0.12422414391266057,12.555595656626934
12.453306039000019,108.84208323299967,SAT_10117,20.009712814516504,191.30463458165536,98.94868792690681,169.83071664726097,-64.97998722884368,29.571889946959455,35.0,0.1248100723439954,12.596350456198177
12.453306039000019,108.94208323299966,SAT_10117,19.868641918604666,190.51111079215124,98.93173260267427,169.87046380028036,-65.12105812475552,29.514966020754954,35.0,0.12544056183765426,12.640119783392459
12.453306039000019,109.04208323299966,SAT_10071,19.885865462835724,190.60799322845097,98.9339403003473,169.8683486022439,-65.10383458052446,29.523305578872396,35.0,0.12534436265992438,12.633447194493023
12.453306039000019,109.14208323299965,SAT_10071,19.956766871818616,191.00681365397972,98.94248554988437,169.8483880493333,-65.03293317154157,29.551939950129018,35.0,0.12502754413812217,12.611457528199185
12.453306039000019,109.24208323299965,SAT_10071,20.017446119610455,191.34813442280878,98.94972086142211,169.83126591862376,-64.97225392374973,29.576397769824695,35.0,0.12475652732520012,12.592629247625466
12.553306039000018,107.64208323299974,SAT_10117,20.96439659455902,196.6747308443945,99.05398865378109,169.55649504834673,-64.02530344880117,29.95072933336617,35.0,0.12055999389716386,12.298977739923446
12.553306039000018,107.74208323299973,SAT_10117,20.947388574620746,196.57906073224171,99.05224463628703,169.56146152232344,-64.04231146873944,29.944078741313383,35.0,0.12063544986352465,12.304293237865853
12.553306039000018,107.84208323299973,SAT_10117,20.919690368556445,196.42325832313,99.04939492151273,169.56954322991953,-64.07000967480374,29.933240270085005,35.0,0.12075835341840666,12.312948361550813
12.553306039000018,107.94208323299972,SAT_10117,20.88133029000919,196.2074828813017,99.04542866659604,169.58072278210722,-64.108369753351,29.918213941834473,35.0,0.12092860842520001,12.324932304653055
12.553306039000018,108.04208323299972,SAT_10117,20.83234731690966,195.93195365761684,99.0403306659177,169.59497624851934,-64.15735272645053,29.89899978727592,35.0,0.12114608245876303,12.34023018274835
12.553306039000018,108.14208323299971,SAT_10117,20.7727908283278,195.59694840934387,99.03408117881753,169.61227332677905,-64.21690921503239,29.875597845684926,35.0,0.1214106076256749,12.358823126312581
12.553306039000018,108.2420832329997,SAT_10117,20.70272027458728,195.20280154455347,99.0266557035009,169.63257755461495,-64.28697976877291,29.848008164899532,35.0,0.12172198159519539,12.3806883974623
12.553306039000018,108.3420832329997,SAT_10117,20.622204785264188,194.74990191711106,99.0180246926177,169.65584656167874,-64.367495258096,29.816230801321414,35.0,0.12207996882835387,12.405799528910311
12.553306039000018,108.44208323299969,SAT_10117,20.531322720454128,194.23869030255446,99.00815320470637,169.68203235748115,-64.45837732290606,29.780265819917325,35.0,0.1224843019904353,12.434126483351804
12.553306039000018,108.54208323299969,SAT_10117,20.43016117133959,193.6696565887852,98.99700048420273,169.71108165143264,-64.5595388720206,29.74011329422071,35.0,0.12293468353028625,12.465635831278373
12.553306039000018,108.64208323299968,SAT_10117,20.318815416591406,193.04333671832666,98.98451946095955,169.74293620065168,-64.67088462676878,29.695773306333567,35.0,0.1234307874083635,12.500290945042302
12.553306039000018,108.74208323299968,SAT_10117,20.197388341505913,192.36030942097076,98.97065615813602,169.77753318096438,-64.79231170185427,29.647245946928503,35.0,0.12397226095430652,12.538052206864089
12.553306039000018,108.84208323299967,SAT_10117,20.0659898269886,191.62119277681086,98.95534899480387,169.8148055763954,-64.92371021637159,29.594531315251025,35.0,0.12455872683404451,12.578877228393175
12.553306039000018,108.94208323299966,SAT_10071,19.939425978788947,190.90927113068784,98.94041113189954,169.85327452774172,-65.05027406457124,29.544942228999364,35.0,0.1251050163636173,12.616836749465268
12.553306039000018,109.04208323299966,SAT_10071,20.020779992832317,191.36688745968178,98.95012169039123,169.83032413029449,-64.96892005052787,29.57774025442504,35.0,0.12474164030810972,12.59159453435032
12.553306039000018,109.14208323299965,SAT_10071,20.0919413724216,191.76717021987153,98.9585114051375,169.81019544885316,-64.89775867093859,29.606363421205497,35.0,0.12442396078799949,12.56950268250292
12.653306039000018,107.64208323299974,SAT_10117,21.01073028958792,196.93535787893202,99.0587113556891,169.54295009882085,-63.97896975377227,29.968828712951364,35.0,0.12035448381238013,12.284493884090399
12.653306039000018,107.74208323299973,SAT_10117,20.993703718558933,196.839583416894,99.05697763256592,169.54793013507967,-63.995996324801254,29.962180725273527,35.0,0.12042999571136982,12.289816919283748
12.653306039000018,107.84208323299973,SAT_10117,20.965975382147477,196.68361152457956,99.05414477337231,169.55603387871804,-64.02372466121271,29.951346498398177,35.0,0.12055299010648013,12.298484290786371
12.653306039000018,107.94208323299972,SAT_10117,20.927573740007134,196.46760228754013,99.05020204964559,169.5672438460054,-64.06212630335305,29.936326054473874,35.0,0.12072337041392403,12.310485141407618
12.653306039000018,108.04208323299972,SAT_10117,20.87853797033567,196.19177608313814,99.04513441663475,169.58153597673072,-64.11116207302452,29.91711942420798,35.0,0.12094100359430238,12.325804516907482
12.653306039000018,108.14208323299971,SAT_10117,20.818917704678114,195.8564120888144,99.03892234328808,169.598879804908,-64.17078233868207,29.893726646867428,35.0,0.12120572097827585,12.344423459663231
12.653306039000018,108.2420832329997,SAT_10117,20.748772695493443,195.46184641215063,99.03154158916473,169.61923867260023,-64.24092734786674,29.866147770279714,35.0,0.12151731930428653,12.366319126241942
12.653306039000018,108.3420832329997,SAT_10117,20.668172421149805,195.0084698689677,99.02296292383174,169.64256998375132,-64.32152762221038,29.834382850834082,35.0,0.12187556195563556,12.391464927337523
12.653306039000018,108.44208323299969,SAT_10117,20.577195633792698,194.49672544008394,99.01315178304154,169.668825494398,-64.41250440956749,29.798431953482957,35.0,0.12228018038204963,12.41983068827041
12.653306039000018,108.54208323299969,SAT_10117,20.475929856175526,193.92710544098736,99.00206785452058,169.697951635211,-64.51377018718466,29.758295151743575,35.0,0.12273087568901032,12.451382828028214
12.653306039000018,108.64208323299968,SAT_10117,20.364470834052895,193.30014844154755,98.98966458447825,169.7298898619813,-64.62522920930729,29.713972527699813,35.0,0.12322732037660832,12.486084554649201
12.653306039000018,108.74208323299968,SAT_10117,20.24292195110499,192.61643597496558,98.97588859389947,169.7645770294305,-64.7467780922552,29.665464172004267,35.0,0.12376916020853776,12.523896074620408
12.653306039000018,108.84208323299967,SAT_10117,20.111393613572517,191.87658907634543,98.9606789912215,169.80194578359828,-64.87830642978767,29.612770183880528,35.0,0.1243560161910708,12.564774813878843
12.653306039000018,108.94208323299966,SAT_10071,20.06364098109607,191.6079805186654,98.95519120844128,169.8182064976296,-64.92605906226412,29.59498753541427,35.0,0.124550280689227,12.578289819359563
12.653306039000018,109.04208323299966,SAT_10071,20.145267917417286,192.06713203547224,98.96473953800154,169.7950785867253,-64.8444321259429,29.62777263378495,35.0,0.12418600425052324,12.552940168752022
12.653306039000018,109.14208323299965,SAT_10071,20.216669895416274,192.46876816171655,98.97299007889737,169.7747934367783,-64.77303014794391,29.656384519013884,35.0,0.12386753132344497,12.53075369885604
12.653306039000018,109.44208323299964,SAT_10071,20.368906187524857,193.32509730482732,98.99027194947907,169.73137332272262,-64.62079385583533,29.71718035237163,35.0,0.12318905593409564,12.48341182955025
12.753306039000018,107.64208323299974,SAT_10117,21.045836993053257,197.13283308592457,99.0622659011739,169.5326724082341,-63.94386305030693,29.982524597258514,35.0,0.12019881820042282,12.273516421130923
12.753306039000018,107.74208323299973,SAT_10117,21.028797967490057,197.03698856713157,99.06054011144424,169.53766227461873,-63.96090207587013,29.975879231864802,35.0,0.12027436528428696,12.27884466783193
12.753306039000018,107.84208323299973,SAT_10117,21.00104940807119,196.88090292040044,99.05772024209519,169.54578199016623,-63.988650635289,29.96504927852916,35.0,0.12039741679488832,12.287520506857039
12.753306039000018,107.94208323299972,SAT_10117,20.96261988020521,196.66473682615432,99.0537956528725,169.55701400234443,-64.02708016315498,29.95003475939535,35.0,0.12056787582675912,12.29953304437914
12.753306039000018,108.04208323299972,SAT_10117,20.91354870713792,196.3887114776508,99.04875142306494,169.57133415661332,-64.07615133622227,29.93083570516408,35.0,0.12078560889862693,12.314867275874391
12.753306039000018,108.14208323299971,SAT_10117,20.853885703267125,196.0531070808776,99.04256818324438,169.58871186813246,-64.13581434009306,29.90745215509376,35.0,0.12105044678298309,12.333504180271381
12.753306039000018,108.2420832329997,SAT_10117,20.783690839859588,195.65826097421018,99.03522189449568,169.60911033682845,-64.2060092035006,29.879884157001516,35.0,0.1213621855486649,12.355420838124989
12.753306039000018,108.3420832329997,SAT_10117,20.703033847864646,195.20456539423864,99.02668357075865,169.6324868026936,-64.28666619549554,29.84813176726436,35.0,0.12172058780367515,12.380590572262637
12.753306039000018,108.44208323299969,SAT_10117,20.611993763313535,194.69246491863865,99.01691893865659,169.65879283765534,-64.37770628004665,29.812195050820616,35.0,0.12212538412327328,12.40898310908866
12.753306039000018,108.54208323299969,SAT_10117,20.510658421437654,194.1224536205868,99.00588802774179,169.6879746699366,-64.47904162192253,29.772074081171564,35.0,0.1225762746465054,12.440564758510986
12.753306039000018,108.64208323299968,SAT_10117,20.39912390615102,193.49507197209948,98.99354468239338,169.7199735364922,-64.59057613720917,29.727768940383253,35.0,0.12307293082281874,12.475298610277399
12.753306039000018,108.74208323299968,SAT_10117,20.27749396191868,192.81090353579256,98.97983598458767,169.7547260588631,-64.71220608144151,29.679279719088584,35.0,0.12361499728925561,12.51314474437774
12.753306039000018,108.84208323299967,SAT_10117,20.145879375235467,192.0705714856995,98.96470157433664,169.79216463767156,-64.84382066812472,29.626606516489584,35.0,0.1242020938579445,12.554060453084809
12.753306039000018,108.94208323299966,SAT_10071,20.17733611082781,192.24751562340643,98.96846003236429,169.7859743655515,-64.81236393253238,29.640630534127997,35.0,0.1240429511046677,12.542977150004187
12.753306039000018,109.04208323299966,SAT_10071,20.25921284621252,192.70807225994542,98.97786388404337,169.76268289422546,-64.73048719714767,29.67340261715627,35.0,0.1236778546792567,12.517529065399213
12.753306039000018,109.14208323299965,SAT_10071,20.33083506694645,193.11094725157378,98.98599046519892,169.7422535639668,-64.65886497641374,29.702003143785262,35.0,0.12335865908810299,12.495255897144085
12.753306039000018,109.24208323299965,SAT_10071,20.392135402716974,193.455761640283,98.99287341252877,169.72472755588217,-64.59756464064321,29.726432055405358,35.0,0.12308559484939874,12.476183545317001
12.853306039000017,107.54208323299974,SAT_10117,21.075992904102286,197.30246008557538,99.06530290969148,169.523833899656,-63.9137071392579,29.994276745210726,35.0,0.12006513779709599,12.264084847015518
12.853306039000017,107.64208323299974,SAT_10117,21.069678693030397,197.26694264829598,99.06466679913284,169.52568533557917,-63.92002135032979,29.991816959001582,35.0,0.12009312600664178,12.266059847745565
12.853306039000017,107.74208323299973,SAT_10117,21.05263338532152,197.17106279243356,99.06294663588976,169.53068125085696,-63.93706665803867,29.98517423379566,35.0,0.12016868729443934,12.271390953682932
12.853306039000017,107.84208323299973,SAT_10117,21.02487463329875,197.0149198123055,99.06013597928307,169.53881079454948,-63.96482541006144,29.97434858317744,35.0,0.12029176181714726,12.280071436872259
12.853306039000017,107.94208323299972,SAT_10117,20.98643106712852,196.79867475259792,99.05622425182628,169.5500563717222,-64.00326897623167,29.959340029285954,35.0,0.12046225247507411,12.292090381320339
12.853306039000017,108.04208323299972,SAT_10117,20.937342098873856,196.52254930616542,99.05119662107926,169.56439376969993,-64.05235794448633,29.940148602815356,35.0,0.12068002552014205,12.307432752081617
12.853306039000017,108.14208323299971,SAT_10117,20.87765765489428,196.18682430878033,99.0450338326416,169.58179233039317,-64.11204238846591,29.916774343015685,35.0,0.12094491138779531,12.326079489700628
12.853306039000017,108.2420832329997,SAT_10117,20.80743784042498,195.79183785239053,99.03771199104015,169.6022151661353,-64.1822622029352,29.889217297693854,35.0,0.12125670574250152,12.348007628751256
12.853306039000017,108.3420832329997,SAT_10117,20.72675254105377,195.33798304342747,99.029202284177,169.62561941588334,-64.26294750230642,29.85747752321484,35.0,0.12161517072401769,12.373190438913905
12.853306039000017,108.44208323299969,SAT_10117,20.635680966602777,194.82570543714064,99.01947064576785,169.6519565381126,-64.35401907675741,29.821555084503103,35.0,0.12202003637939694,12.401597586768537
12.853306039000017,108.54208323299969,SAT_10117,20.53431114358179,194.25550018264758,99.00847734877374,169.68117263629935,-64.4553888997784,29.781450055044214,35.0,0.12247100226383727,12.433195316259429
12.853306039000017,108.64208323299968,SAT_10117,20.4227393628868,193.62790891623825,98.9961765211508,169.71320881255832,-64.56696068047339,29.73716251688669,35.0,0.1229677391919482,12.467946645609798
12.853306039000017,108.74208323299968,SAT_10117,20.301069589789535,192.94351644256614,98.98251557324983,169.74800154476173,-64.68863045357065,29.688692560644053,35.0,0.12350989111985723,12.505811578333116
12.853306039000017,108.84208323299967,SAT_10071,20.188096928277204,192.3080452215593,98.96970618762232,169.7829170538156,-64.80160311508298,29.64494233340021,35.0,0.12399495541994265,12.53963343924766
12.853306039000017,108.94208323299966,SAT_10071,20.280403591874077,192.82727020429166,98.98027996382697,169.75664385343572,-64.70929645148611,29.68187113410531,35.0,0.12358339777457165,12.510940334381122
12.853306039000017,109.04208323299966,SAT_10071,20.362505953503756,193.28909598845863,98.98955592617732,169.73320344586213,-64.62719408985643,29.714630113534362,35.0,0.12321756511047995,12.485403192418168
12.853306039000017,109.14208323299965,SAT_10071,20.434327132379792,193.69309011963637,98.99757276929363,169.71264281777465,-64.5553729109804,29.743219204541695,35.0,0.12289772055876202,12.463051577188677
12.853306039000017,109.24208323299965,SAT_10071,20.495798941780976,194.038869047518,99.00436333967968,169.69500367486606,-64.49390110157921,29.76763834853248,35.0,0.12262409720797535,12.443911678037646
12.853306039000017,109.34208323299964,SAT_10071,20.546862318993334,194.32610054433752,99.00995503020422,169.6803221666697,-64.44283772436685,29.78788749546125,35.0,0.12239689673880548,12.428006156419597
12.953306039000017,107.54208323299974,SAT_10117,21.088543671107487,197.3730581499796,99.06655877082136,169.52015256974576,-63.9011563722527,29.99916458159429,35.0,0.12000950957481424,12.260158874526407
12.953306039000017,107.64208323299974,SAT_10117,21.082229435791277,197.33754057632595,99.065923900309,169.52200483478347,-63.90747060756891,29.996705779668073,35.0,0.1200374952242656,12.262134057229247
12.953306039000017,107.74208323299973,SAT_10117,21.065184067850275,197.24166038165782,99.06420709414951,169.52700298558057,-63.92451597550991,29.990065712548166,35.0,0.12011304958373197,12.267465652893772
12.953306039000017,107.84208323299973,SAT_10117,21.037425234001553,197.08551694125876,99.06140193466342,169.5351361615005,-63.952274809358634,29.979244393816188,35.0,0.12023611276942452,12.276146928904893
12.953306039000017,107.94208323299972,SAT_10117,20.998981587698225,196.8692714308025,99.05749788221593,169.5463867519243,-63.99071845566196,29.964241845606534,35.0,0.12040658761613081,12.288166961728068
12.953306039000017,108.04208323299972,SAT_10117,20.94989257293733,196.59314572277248,99.0524801576103,169.56073052267467,-64.03980747042286,29.94505809860691,35.0,0.12062434028574007,12.303510706069343
12.953306039000017,108.14208323299971,SAT_10117,20.89020815633134,196.25742087936376,99.04632957584913,169.57813678856897,-64.09949188702885,29.921693192059116,35.0,0.12088920109991476,12.322159089419072
12.953306039000017,108.2420832329997,SAT_10117,20.819988491273136,195.8624352634114,99.03902232803742,169.5985686295432,-64.16971155208705,29.894147173760025,35.0,0.12120096558654311,12.344089130717336
12.953306039000017,108.3420832329997,SAT_10117,20.73930351893037,195.40858229398333,99.03052970712055,169.62198314718577,-64.25039652442982,29.86242010006277,35.0,0.12155939572712646,12.369274081579688
12.953306039000017,108.44208323299969,SAT_10117,20.6482325115781,194.89630787762684,99.02081777192156,169.64833175801158,-64.34146753178209,29.826512035878174,35.0,0.12196422139005766,12.397683588258632
12.953306039000017,108.54208323299969,SAT_10117,20.546863564450163,194.32610755003216,99.00984694252418,169.67756051935996,-64.44283647891002,29.78642305467636,35.0,0.12241514193287001,12.429283872293562
12.953306039000017,108.64208323299968,SAT_10117,20.43529304279126,193.69852336570082,98.99757151838156,169.70961048347834,-64.55440700056893,29.742153238488587,35.0,0.12291182795500795,12.46403792762416
12.953306039000017,108.74208323299968,SAT_10117,20.313624991170386,193.01414057533344,98.98393910855103,169.74441807510675,-64.6760750521898,29.693702677909325,35.0,0.12345392318151792,12.501905731810858
12.953306039000017,108.84208323299967,SAT_10071,20.28021383012154,192.82620279443367,98.98026047785353,169.75669795259216,-64.70948621323865,29.68179532341256,35.0,0.1235842435665387,12.51099934049251
12.953306039000017,108.94208323299966,SAT_10071,20.37274381333026,193.3466839499827,98.99070520184047,169.730275770482,-64.61695623002993,29.718709253099846,35.0,0.12317196225908704,12.482217750388697
12.953306039000017,109.04208323299966,SAT_10071,20.455046650228752,193.80963740753674,98.99986886145588,169.70670167723327,-64.53465339313144,29.75145504070318,35.0,0.12280548021225078,12.4566012763891
12.953306039000017,109.14208323299965,SAT_10071,20.527044636834262,194.21462608219275,99.00778933262599,169.6860231885587,-64.46265540652593,29.7800326190936,35.0,0.12248506314924082,12.434179773911591
12.953306039000017,109.24208323299965,SAT_10071,20.588668850077113,194.56126228168378,99.01449877164679,169.66828248381182,-64.40103119328307,29.804441929690842,35.0,0.12221094646944573,12.414979692692638
12.953306039000017,109.34208323299964,SAT_10071,20.639859584711786,194.84921016400378,99.02002399914662,169.65351612616985,-64.3498404586484,29.824682922461886,35.0,0.1219833338641015,12.399023921076337
13.053306039000017,107.54208323299974,SAT_10117,21.089787457120195,197.3800544463011,99.0666769740072,169.51978765947894,-63.89991258623999,29.999648860536137,35.0,0.1200039970846928,12.259769790212502
13.053306039000017,107.64208323299974,SAT_10117,21.083475513377365,197.34454976274768,99.06604251313472,169.52163933382084,-63.90622452998282,29.997191049518506,35.0,0.12003197231291377,12.261744273367569
13.053306039000017,107.74208323299973,SAT_10117,21.066436329764663,197.24870435492622,99.06432681612102,169.52663589194086,-63.923263713595524,29.990553658377433,35.0,0.12010749854383795,12.267073981488267
13.053306039000017,107.84208323299973,SAT_10117,21.03868756163279,197.09261753418446,99.06152347332768,169.53476648011102,-63.951012481727396,29.979736700691735,35.0,0.12023051593302071,12.275752186375092
13.053306039000017,107.94208323299972,SAT_10117,21.000257844043503,196.8764503727447,99.057621958364,169.54601349888696,-63.989442199316684,29.96474019859123,35.0,0.12040092737894388,12.287767971642007
13.053306039000017,108.04208323299972,SAT_10117,20.951186595765435,196.60042460118055,99.05260751068478,169.5603527294121,-64.03851344759475,29.94556418275729,35.0,0.12061859913093777,12.303106301809006
13.053306039000017,108.14208323299971,SAT_10117,20.891523751601653,196.2648211027593,99.04646096964223,169.57775350580707,-64.09817629175853,29.922208692423617,35.0,0.12088336162103082,12.321748116754058
13.053306039000017,108.2420832329997,SAT_10117,20.82132942687386,195.86997802616546,99.03915855677347,169.59817893109016,-64.16837061648633,29.894673775377193,35.0,0.12119501050937499,12.343670450263978
13.053306039000017,108.3420832329997,SAT_10117,20.740673518789748,195.41628854319237,99.03067160202642,169.62158613347464,-64.24902652457044,29.862959487959525,35.0,0.12155330793041678,12.368846571124914
13.053306039000017,108.44208323299969,SAT_10117,20.64963525020201,194.90419828238635,99.02096620840204,169.64792655937129,-64.34006479315818,29.82706589506801,35.0,0.12195798392479047,12.397246144930111
13.053306039000017,108.54208323299969,SAT_10117,20.54830266192627,194.33420247333527,99.01000284807566,169.67714629899126,-64.44139738143392,29.78699307015758,35.0,0.1224087380400325,12.428835414560194
13.053306039000017,108.64208323299968,SAT_10117,20.43677206029578,193.70684283916378,98.99773588139809,169.70918644011147,-64.55292798306441,29.742741095242526,35.0,0.12290524108169322,12.46357739711377
13.053306039000017,108.74208323299968,SAT_10117,20.315147427001023,193.02270427688077,98.98411298820311,169.74398344532779,-64.67455261635916,29.694310060898577,35.0,0.1234471369952665,12.50143209493468
13.053306039000017,108.84208323299967,SAT_10071,20.361541712658635,193.2836721337048,98.9894499080766,169.73347913127702,-64.62815833070155,29.714245858406404,35.0,0.12322186033477515,12.485703197496163
13.053306039000017,108.94208323299966,SAT_10071,20.45426595810241,193.80524601432606,98.99978251371628,169.7069256123607,-64.53543408525778,29.75114481765177,35.0,0.12280895549174337,12.456844335057118
13.053306039000017,109.04208323299966,SAT_10071,20.536743221844915,194.26918062287766,99.00884859850663,169.68323365952796,-64.45295682151527,29.78387732523294,35.0,0.1224419137565761,12.431158573463678
13.053306039000017,109.14208323299965,SAT_10071,20.608895071281637,194.67503477595923,99.01668533037471,169.6624512572761,-64.38080497207855,29.81244331403741,35.0,0.12212100313954607,12.408676025700311
13.053306039000017,109.24208323299965,SAT_10071,20.670651931502192,195.02241711469983,99.02332426859904,169.64462100473457,-64.319048111858,29.836842725499277,35.0,0.12184646107913591,12.38942337154356
13.053306039000017,109.34208323299964,SAT_10071,20.72195352840103,195.3109885972558,99.0287917387358,169.62977983171243,-64.26774651495916,29.857075509597788,35.0,0.12161849304086932,12.373423699803654
13.153306039000016,107.54208323299974,SAT_10117,21.07972290113196,197.32344131886725,99.0656583455433,169.52274000572896,-63.90997714222823,29.995729581071497,35.0,0.12004860493860285,12.262918112632168
13.153306039000016,107.64208323299974,SAT_10117,21.073415563105875,197.28796254247055,99.06502346601559,169.5245896705609,-63.91628448025431,29.993272767586138,35.0,0.12007656189045879,12.264891015389074
13.153306039000016,107.74208323299973,SAT_10117,21.056388803875315,197.19218702179865,99.06330663593288,169.52958081048837,-63.93331123948487,29.98663807031138,35.0,0.12015203880878494,12.270216460499105
13.153306039000016,107.84208323299973,SAT_10117,21.02866024170676,197.0362138596005,99.06050143879843,169.53770259527062,-63.96103980165343,29.975825502823287,35.0,0.1202749759681309,12.278887733237964
13.153306039000016,107.94208323299972,SAT_10117,20.990258451663024,196.8202037906045,99.0565973369562,169.54893746345203,-63.99944159169716,29.960835087247183,35.0,0.12044527645965938,12.290893939032642
13.153306039000016,108.04208323299972,SAT_10117,20.941222770216655,196.54437808246868,99.05157955405942,169.5632612482595,-64.04847727314353,29.941666854258205,35.0,0.12066280679730351,12.306220072344932
13.153306039000016,108.14208323299971,SAT_10117,20.88160302841969,196.20901703486075,99.04542890893862,169.58064334943643,-64.1080970149405,29.918320843082086,35.0,0.12092739774721371,12.324847110838938
13.153306039000016,108.2420832329997,SAT_10117,20.81145921743193,195.81445809805462,99.03812159764573,169.60104694847675,-64.17824082592826,29.89079710149611,35.0,0.12123884537018248,12.346752133577427
13.153306039000016,108.3420832329997,SAT_10117,20.73086109112259,195.36109363756458,99.02962891937092,169.62442926410975,-64.2588389522376,29.85909568583032,35.0,0.12159691226426846,12.371908461693893
13.153306039000016,108.44208323299969,SAT_10117,20.63988771122483,194.84936837563964,99.01991694070166,169.65074184438635,-64.34981233213536,29.823216660968924,35.0,0.1220013289926533,12.400285819725278
13.153306039000016,108.54208323299969,SAT_10117,20.538626941186735,194.27977654417538,99.00894609127609,169.67993089127677,-64.45107310217345,29.783160100351925,35.0,0.12245179567989585,12.431850515568714
13.153306039000016,108.64208323299968,SAT_10117,20.4271748953732,193.65285878647424,98.99667068221918,169.71193761335712,-64.56252514798699,29.738926085976928,35.0,0.12294798375822849,12.466565636848571
13.153306039000016,108.74208323299968,SAT_10071,20.328935251421143,193.10026078924395,98.98578210308128,169.74279612593784,-64.66076479193904,29.70124530988175,35.0,0.12336712379743411,12.495846852085524
13.153306039000016,108.84208323299967,SAT_10071,20.432000035593816,193.68000020021523,98.99731527036226,169.71330982209298,-64.55770000776637,29.74229387367277,35.0,0.12290808132641211,12.463775978019736
13.153306039000016,108.94208323299966,SAT_10071,20.524888589768068,194.20249831744536,99.00755184867779,169.68664318636394,-64.46481145359212,29.779177763085688,35.0,0.12249465590293236,12.434851374410929
13.153306039000016,109.04208323299966,SAT_10071,20.60751342395001,194.6672630097188,99.0165343568421,169.66284971886233,-64.38218661941018,29.81189690247801,35.0,0.12212714671864434,12.409106656307214
13.153306039000016,109.14208323299965,SAT_10071,20.67979547596022,195.07384955227624,99.02429935862868,169.64197780964471,-64.30990456739997,29.84045122475347,35.0,0.12180582375357628,12.386572158755142
13.153306039000016,109.24208323299965,SAT_10071,20.74166460758785,195.42186341768166,99.03087790377467,169.62407042104562,-64.24803543577234,29.864840671360316,35.0,0.1215309262025523,12.367274759884475
13.253306039000016,107.64208323299974,SAT_10117,21.052060577477263,197.1678407483096,99.06286311728766,169.5308490863813,-63.937639465882924,29.984950941676928,35.0,0.1201712267023564,12.2715700944762
13.253306039000016,107.74208323299973,SAT_10117,21.03505245104283,197.0721700371159,99.06114290197414,169.5358310027734,-63.95464759231736,29.97831895615068,35.0,0.1202466332242055,12.276888912470435
13.253306039000016,107.84208323299973,SAT_10117,21.007354183762672,196.91636728366507,99.0583321631779,169.5439378012448,-63.982345859597515,29.967510808002906,35.0,0.12036945588296595,12.28554941047267
13.253306039000016,107.94208323299972,SAT_10117,20.96899424943649,196.7005926530803,99.05442032735732,169.55515198491565,-64.0207057939237,29.952526519354503,35.0,0.12053959809050023,12.297540730272042
13.253306039000016,108.04208323299972,SAT_10117,20.920011845643486,196.4250666317446,99.04939256775465,169.56944947554786,-64.0696881977167,29.933366120874492,35.0,0.1207569268011823,12.312847916242161
13.253306039000016,108.14208323299971,SAT_10117,20.860456628329587,196.09006853435395,99.04322963760283,169.58679978444022,-64.1292434150306,29.910029651780768,35.0,0.12102127333737729,12.331452009033784
13.253306039000016,108.2420832329997,SAT_10117,20.79038837910413,195.6959346324607,99.03590765129522,169.607166226491,-64.19931166425606,29.88251715984107,35.0,0.12133243442691405,12.353330163179232
13.253306039000016,108.3420832329997,SAT_10117,20.709876609919235,195.2430559307957,99.0273978091913,169.63050617430935,-64.27982343344095,29.850828701374184,35.0,0.12169017343985507,12.378455787065931
13.253306039000016,108.44208323299969,SAT_10117,20.619000110581666,194.73187562202187,99.01766606049888,169.65677134874392,-64.37069993277852,29.814964341251354,35.0,0.12209422180969412,12.40679870347627
13.253306039000016,108.54208323299969,SAT_10117,20.51784644519323,194.1628862542119,99.00667269724696,169.68590814177202,-64.47185359816696,29.774924152897896,35.0,0.12254428062225371,12.438325328670588
13.253306039000016,108.64208323299968,SAT_10117,20.406511404129986,193.5366266482312,98.99437187069034,169.7178579673572,-64.5831886392302,29.730708218295014,35.0,0.12304002235404222,12.472998867813981
13.253306039000016,108.74208323299968,SAT_10071,20.388306730109647,193.4342253568668,98.9924494376727,169.72582329416377,-64.60139331325054,29.724907631529963,35.0,0.12310264626217632,12.477375004354549
13.253306039000016,108.84208323299967,SAT_10071,20.491518068411025,194.01478913481202,99.00389091563962,169.6962332939587,-64.49818197494916,29.7659393132856,35.0,0.1226431482821778,12.44524484599389
13.253306039000016,108.94208323299966,SAT_10071,20.584540189976124,194.53803856861572,99.01404685031187,169.66947226761704,-64.40515985338406,29.802808033508786,35.0,0.12222930771061043,12.416266311565193
13.253306039000016,109.04208323299966,SAT_10071,20.667285027788154,195.00347828130836,99.02295916752726,169.64559408710096,-64.32241501557203,29.83551371657508,35.0,0.12186142554522299,12.390473219500926
13.253306039000016,109.14208323299965,SAT_10071,20.739672993090807,195.41066058613578,99.03066392505409,169.6246474821686,-64.25002705026938,29.864056295404197,35.0,0.1215397734077131,12.367896090097261
13.253306039000016,109.24208323299965,SAT_10071,20.80163347648029,195.75918830520163,99.0371917458092,169.60667571940917,-64.1880665668799,29.88843571145836,35.0,0.12126459195679874,12.348561966972282
13.353306039000016,107.64208323299974,SAT_10117,21.01943382433425,196.98431526188017,99.05955331303734,169.5404032776419,-63.97026621902594,29.972225588369767,35.0,0.120315887868855,12.28177264188495
13.353306039000016,107.74208323299973,SAT_10117,21.002450480656307,196.88878395369176,99.05782743456429,169.54537220260812,-63.98724956270388,29.965596332468998,35.0,0.12039120309366293,12.287082489471105
13.353306039000016,107.84208323299973,SAT_10117,20.9747925023606,196.7332078257784,99.05500742457195,169.55345789259331,-64.01490754099959,29.954792632795723,35.0,0.12051387727864668,12.295728403923341
13.353306039000016,107.94208323299972,SAT_10117,20.936488221331928,196.51774624499208,99.05108264869078,169.56464294147418,-64.05321182202826,29.939814511466505,35.0,0.12068381428269231,12.307699577737907
13.353306039000016,108.04208323299972,SAT_10117,20.887576640495766,196.2426186027887,99.04603819468778,169.57890339544343,-64.10212340286442,29.92066199914435,35.0,0.12090088167413311,12.322981124891207
13.353306039000016,108.14208323299971,SAT_10117,20.82810717038936,195.90810283344013,99.03985470452709,169.59620892258863,-64.16159287297083,29.897335135039437,35.0,0.12116491155072778,12.341554173870918
13.353306039000016,108.2420832329997,SAT_10117,20.758139298929834,195.51453355648033,99.03250815402286,169.61652302531465,-64.23156074443035,29.86983396691014,35.0,0.12147570157026438,12.363395984455572
13.353306039000016,108.3420832329997,SAT_10117,20.677742199004697,195.06229986940141,99.02396957571857,169.63980329252553,-64.31195784435549,29.838158551064183,35.0,0.1218330161792118,12.388480086714935
13.353306039000016,108.44208323299969,SAT_10117,20.586994279281228,194.55184282095692,99.01420471938117,169.66600168796919,-64.40270576407896,29.802308952360058,35.0,0.12223658802468296,12.41677644044514
13.353306039000016,108.54208323299969,SAT_10117,20.485982684269686,193.983652599017,99.00317364305909,169.69506487073178,-64.5037173590905,29.76228524420864,35.0,0.12268611953313102,12.448251613034234
13.353306039000016,108.64208323299968,SAT_10057,20.48474537134203,193.9766927137989,99.00304210101064,169.69553904604857,-64.50495467201816,29.76185693748437,35.0,0.12269083770758304,12.448581725746381
13.353306039000016,108.74208323299968,SAT_10057,20.49636062858434,194.04202853578693,99.00431959491,169.6922025152205,-64.49333941477585,29.766465873622614,35.0,0.1226391297773387,12.44496364340065
13.353306039000016,108.84208323299967,SAT_10071,20.54003536297681,194.28769891674455,99.00920518803686,169.68228654994678,-64.44966468038338,29.785182130100107,35.0,0.12242726758204148,12.430132992954668
13.353306039000016,108.94208323299966,SAT_10071,20.633159639106253,194.8115229699727,99.01929527971602,169.6554502911758,-64.35654040425393,29.822035581809228,35.0,0.12201311939847843,12.401112575488872
13.353306039000016,109.04208323299966,SAT_10071,20.71599630821055,195.27747923368432,99.02815028670578,169.63150458909354,-64.27370373514964,29.854727720441524,35.0,0.12164496061284895,12.37528190588478
13.353306039000016,109.14208323299965,SAT_10071,20.788465361336904,195.6851176575201,99.03580585425354,169.6104984450446,-64.20123468202328,29.883258478932486,35.0,0.12132306415125799,12.352671651759906
13.353306039000016,109.24208323299965,SAT_10071,20.85049581304463,196.03403894837604,99.0422922572833,169.59247536888762,-64.13920423031556,29.907627798758075,35.0,0.12104767183561616,12.333308988350389
13.453306039000015,107.64208323299974,SAT_10117,20.975570678496183,196.73758506654104,99.05508129193488,169.5532305042044,-64.014129364864,29.955096733016955,35.0,0.12051042540677726,12.29548516826978
13.453306039000015,107.74208323299973,SAT_10117,20.958618182882645,196.6422272787149,99.05334743041055,169.55818272417514,-64.03108186047754,29.948470224613445,35.0,0.12058562869876126,12.300783732217093
13.453306039000015,107.84208323299973,SAT_10117,20.931010350321145,196.48693322055644,99.05051435092962,169.56624127161948,-64.05868969303904,29.93767100254042,35.0,0.12070812086660486,12.309411303093368
13.453306039000015,107.94208323299972,SAT_10117,20.892775331006376,196.27186123691084,99.04657133281225,169.57738885676696,-64.09692471235381,29.922699088910175,35.0,0.12087780634013987,12.321357138156888
13.453306039000015,108.04208323299972,SAT_10117,20.843951878643665,195.99722931737062,99.041503342524,169.59160168534314,-64.14574816471652,29.903554514379795,35.0,0.12109455347189216,12.336606440281283
13.453306039000015,108.14208323299971,SAT_10117,20.78458908955608,195.66331362875295,99.03529086409041,169.6088496264625,-64.20511095380411,29.880237318151902,35.0,0.12135819535006356,12.355140450143436
13.453306039000015,108.2420832329997,SAT_10117,20.71474607560853,195.270446675298,99.02790967657303,169.62909642295483,-64.27495396775166,29.852747547975646,35.0,0.12166853082040294,12.376936561952068
13.453306039000015,108.3420832329997,SAT_10117,20.634491575517075,194.81901511228352,99.01933057418306,169.6522999410788,-64.35520846784311,29.821085260147886,35.0,0.12202532570453427,12.401968461207654
13.453306039000015,108.44208323299969,SAT_10117,20.54390350986712,194.30945724300256,99.009519023347,169.67841245607798,-64.44579653349307,29.785250519514584,35.0,0.12242831420017691,12.4302062827295
13.453306039000015,108.54208323299969,SAT_10057,20.571338633286942,194.46377981223904,99.01250958216757,169.67063192836108,-64.41836141007325,29.79617719692407,35.0,0.12230545354535496,12.421601225090889
13.453306039000015,108.64208323299968,SAT_10057,20.593467143733378,194.58825268350026,99.01490877972131,169.66425484081213,-64.39623289962681,29.804932757485595,35.0,0.1222070094657101,12.414703806834572
13.453306039000015,108.74208323299968,SAT_10057,20.605116867131557,194.65378237761502,99.01616857425057,169.6608955772847,-64.38458317622863,29.809539761329205,35.0,0.1221551892357107,12.411072171037432
13.453306039000015,108.84208323299967,SAT_10057,20.606276349544487,194.66030446618774,99.01629383652191,169.6605611585697,-64.3834236938157,29.809998198993576,35.0,0.12215003187500867,12.410710702364588
13.453306039000015,108.94208323299966,SAT_10071,20.670696633496433,195.02266856341743,99.02331935884116,169.64460808445497,-64.31900340986375,29.836860369654826,35.0,0.12184626240013113,12.38940943266348
13.453306039000015,109.04208323299966,SAT_10071,20.75359646726801,195.48898012838256,99.03212953120385,169.62061237085925,-64.23610357609218,29.869538875774108,35.0,0.12147792489464464,12.363552156112402
13.453306039000015,109.14208323299965,SAT_10071,20.826121345057473,195.89693256594828,99.0397466167991,169.59956212657235,-64.16357869830271,29.898057737060345,35.0,0.12115587031785245,12.34091843847285
13.553306039000015,107.64208323299974,SAT_10117,20.92051836745162,196.42791581691537,99.04942953516664,169.5693017532679,-64.06918167590857,29.933564409744918,35.0,0.12075467901892928,12.31268965336666
13.553306039000015,107.74208323299973,SAT_10117,20.90360267524605,196.332765048259,99.04768531192673,169.5742336252735,-64.08609736811414,29.92694066670533,35.0,0.12082975008612509,12.317974659459841
13.553306039000015,107.84208323299973,SAT_10117,20.876054666751287,196.17780750047598,99.04483526835509,169.582259110651,-64.1136453766089,29.91614595134995,35.0,0.12095202725162509,12.326580190056232
13.553306039000015,107.94208323299972,SAT_10117,20.83790227181666,195.9632002789687,99.04086857121115,169.59336106083438,-64.15179777154353,29.901180285786886,35.0,0.1211214156370522,12.338495580858988
13.553306039000015,108.04208323299972,SAT_10117,20.789183941895942,195.68915967316468,99.03577002874775,169.60751587516202,-64.20051610146425,29.882043700667403,35.0,0.12133778454514715,12.353706142424466
13.553306039000015,108.14208323299971,SAT_10117,20.72994839221667,195.35595970621875,99.02951991896103,169.62469366673366,-64.25975165114352,29.8587362351867,35.0,0.12160096826431308,12.372193251332247
13.553306039000015,108.2420832329997,SAT_10117,20.66025427852017,194.96393031667597,99.0220937642027,169.64485847020055,-64.32944576484002,29.831257937084867,35.0,0.12191076707995291,12.393934464644381
13.553306039000015,108.3420832329997,SAT_10057,20.593408331555977,194.58792186500236,99.01490086021079,169.66427179613976,-64.39629171180421,29.80490949535089,35.0,0.12220727108490488,12.414722139930449
13.553306039000015,108.44208323299969,SAT_10057,20.63653215373806,194.83049336477657,99.01955254793016,169.6518299293351,-64.35316788962213,29.821954908653517,35.0,0.12201547000802936,12.401277398932514
13.553306039000015,108.54208323299969,SAT_10057,20.669203641464023,195.01427048323515,99.02305632585275,169.6423911254932,-64.32049640189616,29.8348535608922,35.0,0.1218701980384261,12.391088639256747
13.553306039000015,108.64208323299968,SAT_10057,20.691390642407285,195.13907236354098,99.02542575260335,169.6359750955309,-64.2983094009529,29.843605425571937,35.0,0.12177156468149754,12.384168166312438
13.553306039000015,108.74208323299968,SAT_10057,20.703071213902078,195.2047755781992,99.02666993895804,169.63259529513053,-64.28662882945811,29.848210484716024,35.0,0.12171964463507903,12.380524374408523
13.553306039000015,108.84208323299967,SAT_10057,20.704233768678733,195.2113149488179,99.02679365020768,169.6322588310702,-64.28546627468145,29.848668728865608,35.0,0.12171447733335287,12.380161695143501
13.553306039000015,108.94208323299966,SAT_10071,20.697112033303597,195.17125518733272,99.02613604153917,169.63696964393364,-64.29258801005659,29.847282367491925,35.0,0.12172887000550374,12.38117186360937
13.553306039000015,109.04208323299966,SAT_10071,20.78004598736952,195.63775867895356,99.03491354349961,169.6129416727571,-64.20965405599067,29.879947153047855,35.0,0.1213604528523936,12.35529908342902
13.553306039000015,109.14208323299965,SAT_10071,20.852601092183846,196.04588114353416,99.04250258904075,169.59186298317343,-64.13709895117634,29.908454040287825,35.0,0.12103832740478798,12.33265168088595
13.553306039000015,109.24208323299965,SAT_10071,20.914705905075834,196.39522071605157,99.04893298185942,169.5737773823522,-64.07499413828435,29.93280297071471,35.0,0.12076273688368946,12.313256989763161
13.653306039000014,107.64208323299974,SAT_10117,20.854335634954964,196.05563794662166,99.04257555841683,169.5885809559546,-64.13536440840522,29.90762866145518,35.0,0.12104844914072037,12.33336366476509
13.653306039000014,107.74208323299973,SAT_10117,20.837462567382445,195.96072694152627,99.04081851834827,169.593488923131,-64.15223747597774,29.901007701641113,35.0,0.12112336811087604,12.338632886376981
13.653306039000014,107.84208323299973,SAT_10117,20.80998384366559,195.80615912061893,99.03794749080006,169.60147556660857,-64.1797161996946,29.890217522112515,35.0,0.12124539797022606,12.347212757228325
13.653306039000014,107.94208323299972,SAT_10117,20.771927136010063,195.5920901400566,99.03395150270829,169.61252390297346,-64.21777290735012,29.875258144973383,35.0,0.1214144446493161,12.359092704700734
13.653306039000014,108.04208323299972,SAT_10117,20.72333054243731,195.31873430120987,99.02881516577284,169.62661055802556,-64.26636950092288,29.856129600869277,35.0,0.12163037856204184,12.374258165204552
13.653306039000014,108.14208323299971,SAT_10117,20.664242332522136,194.98636312043703,99.0225185019973,169.64370593026183,-64.32545771083805,29.832831928988092,35.0,0.12189303540037712,12.392690674163948
13.653306039000014,108.2420832329997,SAT_10057,20.626552299719677,194.77435668592318,99.01847685489474,169.6547109471163,-64.36314774364051,29.81801224692534,35.0,0.12205985183523659,12.40438919161429
13.653306039000014,108.3420832329997,SAT_10057,20.680208729864773,195.07617410548934,99.02423008625408,169.63920930452272,-64.30949131349541,29.839195379819426,35.0,0.12182127238404264,12.387656116408083
13.653306039000014,108.44208323299969,SAT_10057,20.72343168466901,195.31930322626317,99.0288304095862,169.62670061786426,-64.26626835869118,29.85623354899178,35.0,0.12162915321165912,12.374172136607037
13.653306039000014,108.54208323299969,SAT_10057,20.756178585195855,195.5035045417267,99.03229563273293,169.6172109937736,-64.23352145816433,29.86912671943751,35.0,0.12148363930042144,12.363953544527812
13.653306039000014,108.64208323299968,SAT_10057,20.77841695041832,195.62859534610305,99.03463905231851,169.6107603552794,-64.21128309294187,29.877874864668456,35.0,0.12138484117620342,12.35701276115471
13.653306039000014,108.74208323299968,SAT_10057,20.790124612665494,195.6944509462434,99.03586960347445,169.60736230330798,-64.1995754306947,29.882477966712557,35.0,0.12133283423454902,12.353358259864715
13.653306039000014,108.84208323299967,SAT_10057,20.791289865626894,195.70100549415127,99.03599195975362,169.6070240214954,-64.1984101777333,29.882936016113398,35.0,0.12132765827849697,12.35299451407281
13.653306039000014,108.94208323299966,SAT_10057,20.781911542827018,195.64825242840197,99.03500658516644,169.60974622570265,-64.20778850053317,29.87924901192999,35.0,0.12136931727377172,12.355921969486731
13.653306039000014,109.04208323299966,SAT_10071,20.795316908866354,195.72365761237324,99.03651399168513,169.60850965106448,-64.19438313449383,29.885952531515215,35.0,0.12129263956794079,12.350533375376624
13.653306039000014,109.14208323299965,SAT_10071,20.86787641548041,196.13180483707728,99.04408524917405,169.58741831851214,-64.12182362787978,29.914447367892166,35.0,0.12097053119450088,12.327882146065305
13.753306039000014,107.54208323299974,SAT_10117,20.783324773017753,195.65620184822487,99.03514705217525,169.60921658266696,-64.20637527034243,29.879740229128213,35.0,0.12136381169589797,12.355535105107787
13.753306039000014,107.64208323299974,SAT_10117,20.777092327571978,195.6211443425924,99.03449164161165,169.6110252532743,-64.21260771578821,29.87728953982561,35.0,0.12139149823035028,12.35748050410916
13.753306039000014,107.74208323299973,SAT_10117,20.760267548975406,195.52650496298665,99.03271923433225,169.6159058594427,-64.22943249438478,29.870671381093636,35.0,0.12146624572301892,12.362731770312699
13.753306039000014,107.84208323299973,SAT_10117,20.73286731617931,195.3723786535086,99.02982304678473,169.62384804454013,-64.25683272718088,29.859885766492788,35.0,0.12158799677088503,12.37128245236266
13.753306039000014,107.94208323299972,SAT_10117,20.694919008016512,195.1589194200929,99.02579193754345,169.63483501320812,-64.29478103534368,29.844932718123008,35.0,0.12175665822624457,12.383122082032312
13.753306039000014,108.04208323299972,SAT_10117,20.64646032004073,194.88633930022914,99.02061028161302,169.6488436491291,-64.34323972331946,29.82581226662426,35.0,0.12197210176919704,12.398236239045424
13.753306039000014,108.14208323299971,SAT_10057,20.638131880806355,194.83949182953575,99.01972041256161,169.65136802055738,-64.35156816255383,29.82258678567223,35.0,0.12200835609724169,12.40077857157144
13.753306039000014,108.2420832329997,SAT_10057,20.702293697503848,195.20040204845915,99.02658167590899,169.63282031453167,-64.28740634585634,29.847904001780048,35.0,0.1217231005501718,12.380766932554549
13.753306039000014,108.3420832329997,SAT_10057,20.756054961679382,195.50280915944654,99.03227924576255,169.61724683886345,-64.2336450816808,29.869078071168673,35.0,0.12148418856670792,12.363992125419317
13.753306039000014,108.44208323299969,SAT_10057,20.79936281756848,195.7464158488227,99.03683525942624,169.60468000010752,-64.19033722579171,29.8861089503267,35.0,0.12129180013323293,12.350474375877655
13.753306039000014,108.54208323299969,SAT_10057,20.83217431140136,195.93098050163263,99.04026722218256,169.59514614696286,-64.15752573195883,29.898996604258162,35.0,0.12114608139377886,12.34023010786035
13.753306039000014,108.64208323299968,SAT_10057,20.854456675006404,196.05631879691103,99.04258820546339,169.58866538797895,-64.13524336835378,29.907741006481654,35.0,0.12104714376266307,12.333271843093828
13.753306039000014,108.74208323299968,SAT_10057,20.866187544144765,196.1223049358143,99.04380699342134,169.58525145112355,-64.12351249921542,29.91234213902969,35.0,0.12099506324288997,12.32960812387867
13.753306039000014,108.84208323299967,SAT_10057,20.867355108507255,196.12887248535333,99.04392818075061,169.58491158726034,-64.12234493485293,29.912799992448274,35.0,0.12098987995865046,12.329243460082223
13.753306039000014,108.94208323299966,SAT_10057,20.85795819124796,196.0760148257698,99.0429522236364,169.58764651895456,-64.13174185211223,29.909114565796646,35.0,0.12103159790768382,12.33217830104663
13.753306039000014,109.04208323299966,SAT_10057,20.838006256922355,195.96378519518825,99.04087544480544,169.59345043536277,-64.15169378643783,29.90128586664729,35.0,0.12112018493657345,12.338409032785774
13.753306039000014,109.14208323299965,SAT_10071,20.87193099300957,196.15461183567885,99.04450131362958,169.5862381545062,-64.11776905035062,29.916037707927206,35.0,0.1209525371296146,12.326616066642014
13.853306039000014,107.54208323299974,SAT_10117,20.695081415581214,195.15983296264432,99.0258065628141,169.6347880235308,-64.29461862777897,29.84499675077011,35.0,0.12175593630424746,12.383071418714035
13.853306039000014,107.64208323299974,SAT_10117,20.688868910252182,195.1248876201685,99.02514449074683,169.63658530741614,-64.300831133108,29.842547105311876,35.0,0.12178355228601234,12.385009378717736
13.853306039000014,107.74208323299973,SAT_10117,20.672097906932223,195.03055072649374,99.0233540503309,169.641435210595,-64.31760213642796,29.835931765513617,35.0,0.12185810948025336,12.39024058186632
13.853306039000014,107.84208323299973,SAT_10117,20.64478508228396,194.87691608784726,99.02042833738449,169.649327506114,-64.34491496107623,29.82515074493339,35.0,0.1219795511197297,12.398758648775896
13.853306039000014,107.94208323299972,SAT_10117,20.60695748779851,194.66413586886662,99.01635601201562,169.66024560840268,-64.38274255556168,29.810204065667175,35.0,0.12214778508647334,12.410553227739712
13.853306039000014,108.04208323299972,SAT_10057,20.628137620016474,194.78327411259266,99.01864363704456,169.65425335918798,-64.36156242334371,29.81863862905385,35.0,0.12205280147359081,12.403894891735993
13.853306039000014,108.14208323299971,SAT_10057,20.702756040767866,195.20300272931925,99.02662811320253,169.63268650947407,-64.28694400259232,29.848086250055452,35.0,0.12172104551837179,12.38062269765533
13.853306039000014,108.2420832329997,SAT_10057,20.76702068793098,195.56449136961177,99.0334322221606,169.6140666785624,-64.22267935542921,29.873392560991782,35.0,0.1214354691818711,12.36056976867671
13.853306039000014,108.3420832329997,SAT_10057,20.820868691883064,195.86738639184225,99.03908258834157,169.59843240436228,-64.16883135147712,29.894557509848045,35.0,0.12119628662783628,12.343760170335049
13.853306039000014,108.44208323299969,SAT_10057,20.86424680745705,196.1113882919459,99.04360102416105,169.58581634510637,-64.12545323590314,29.911581053123797,35.0,0.12100367904775598,12.330214264872806
13.853306039000014,108.54208323299969,SAT_10057,20.89711176272,196.29625366530001,99.04700477904022,169.5762450552462,-64.09258828064019,29.924463155831862,35.0,0.12085779356817772,12.319948587657658
13.853306039000014,108.64208323299968,SAT_10057,20.919430545755006,196.4217968198719,99.04930673396164,169.56973880102936,-64.07026949760518,29.933203791497505,35.0,0.12075874235485602,12.312975745718477
13.853306039000014,108.74208323299968,SAT_10057,20.931180625457685,196.4878910181995,99.05051554538557,169.56631141841714,-64.0585194179025,29.937802942157756,35.0,0.12070660192459365,12.30930433971852
13.853306039000014,108.84208323299967,SAT_10057,20.932350103232324,196.4944693306818,99.05063574130824,169.56597021542282,-64.05734994012786,29.938260598360994,35.0,0.12070141267322078,12.308938910392824
13.853306039000014,108.94208323299966,SAT_10057,20.922937793430066,196.44152508804413,99.04966777129636,169.56871592031013,-64.06676224993012,29.934576759166703,35.0,0.12074317862555607,12.311879910161135
13.853306039000014,109.04208323299966,SAT_10057,20.902953231375022,196.3291119264845,99.04760801144667,169.57454267642476,-64.08674681198517,29.92675143214545,35.0,0.12083186741046242,12.318123700295398
13.853306039000014,109.14208323299965,SAT_10057,20.87241660886906,196.15734342488847,99.04444872436515,169.5834380837291,-64.11728343449113,29.914784633379085,35.0,0.12096741046130795,12.3276625736798
13.953306039000013,107.54208323299974,SAT_10117,20.5959465219957,194.60219918622582,99.0151645936461,169.66342094893218,-64.39375352136449,29.805850022154466,35.0,0.12219676388939632,12.413985830697362
13.953306039000013,107.64208323299974,SAT_10117,20.589755917911035,194.5673770382496,99.01449482452479,169.66520565371547,-64.39994412544915,29.803401427149186,35.0,0.12222430257102929,12.415915596311834
13.953306039000013,107.74208323299973,SAT_10117,20.57304397875359,194.47337238048897,99.01268354742416,169.67002163844285,-64.4166560646066,29.79678892413135,35.0,0.12229865126820301,12.421124699026905
13.953306039000013,107.84208323299973,SAT_10117,20.54582715910935,194.3202777699901,99.00972371809848,169.67785881847263,-64.44387288425084,29.78601252665662,35.0,0.12241975391281211,12.429606838522014
13.953306039000013,107.94208323299972,SAT_10057,20.596603883728136,194.6058968459708,99.015240262254,169.66335047969113,-64.39309615963205,29.8061733786243,35.0,0.12219305620253487,12.413726002362685
13.953306039000013,108.04208323299972,SAT_10057,20.681608913134554,195.0840501363819,99.0243719983595,169.6388043912492,-64.30809113022563,29.839747684279214,35.0,0.12181504783141721,12.387219375424225
13.953306039000013,108.14208323299971,SAT_10057,20.756320425578963,195.50430239388166,99.03230058486943,169.61716986644427,-64.23337961778122,29.869182536165646,35.0,0.12148300909618465,12.363909278406418
13.953306039000013,108.2420832329997,SAT_10057,20.82066590926972,195.86624573964218,99.0390573715873,169.598491336167,-64.16903413409047,29.894477873768228,35.0,0.12119718716981645,12.343823484521874
13.953306039000013,108.3420832329997,SAT_10057,20.87458212218145,196.16952443727064,99.04466865355364,169.58280757926394,-64.11511792117874,29.91563364508508,35.0,0.12095779736682846,12.326986189633043
13.953306039000013,108.44208323299969,SAT_10057,20.918015501670652,196.41383719689742,99.04915597468293,169.5701514595119,-64.07168454168954,29.93264980662656,35.0,0.1207650218571372,12.313417866947066
13.953306039000013,108.54208323299969,SAT_10057,20.95092251639217,196.59893915470593,99.05253637292927,169.56054969941007,-64.03877752696802,29.94552632341418,35.0,0.12061900856502078,12.303135142407108
13.953306039000013,108.64208323299968,SAT_10057,20.973269955683932,196.72464350072212,99.05482257186306,169.55402269401074,-64.01643008767626,29.95426316897977,35.0,0.12051987026636111,12.296150692378914
13.953306039000013,108.74208323299968,SAT_10057,20.985035152378003,196.79082273212626,99.05602312239952,169.55058436748516,-64.00466489098218,29.958860325364824,35.0,0.1204676838951456,12.292473164966706
13.953306039000013,108.84208323299967,SAT_10057,20.986206135887926,196.7974095143696,99.0561424974041,169.55024207452723,-64.00349390747226,29.959317783120063,35.0,0.12046249006776766,12.292107125997335
13.953306039000013,108.94208323299966,SAT_10057,20.976781713385606,196.74439713779404,99.05518114097262,169.55299654805646,-64.01291832997458,29.955635541305202,35.0,0.12050429283103371,12.295053030392294
13.953306039000013,109.04208323299966,SAT_10057,20.95677147790265,196.63183956320242,99.05313547331639,169.55884189399828,-64.03292856545754,29.947813607488936,35.0,0.1205930596370236,12.301307219311175
13.953306039000013,109.14208323299965,SAT_10057,20.926195743240896,196.45985105573004,99.04999785134423,169.5677656332184,-64.06350430011929,29.935851997749115,35.0,0.12072872154511909,12.3108619431049
14.053306039000013,107.44208323299975,SAT_10117,20.481699995681495,193.95956247570842,99.00270013902224,169.6962948099933,-64.50800004767869,29.760585543776596,35.0,0.1227051860743689,12.449585595387623
14.053306039000013,107.54208323299974,SAT_10117,20.486020172177263,193.9838634684971,99.00317543816304,169.6950541038148,-64.50367987118292,29.762300121299802,35.0,0.1226859526394829,12.448239936028427
14.053306039000013,107.64208323299974,SAT_10117,20.479853350731133,193.94917509786262,99.00249687666432,169.6968250881685,-64.50984669262905,29.759852583354263,35.0,0.1227134075257305,12.450160780289073
14.053306039000013,107.74208323299973,SAT_10117,20.463205549767025,193.85553121743953,99.00066179742032,169.7016040765408,-64.52649449359316,29.753242934958703,35.0,0.12278753020695392,12.455345821804107
14.053306039000013,107.84208323299973,SAT_10057,20.543608488654627,194.3077977486823,99.00948551367892,169.67861630821105,-64.44609155470556,29.785196719983194,35.0,0.12242884034549369,12.430243126132202
14.053306039000013,107.94208323299972,SAT_10057,20.63890955493484,194.84386624650847,99.01979780134006,169.6511434637843,-64.35079048842535,29.822893948151467,35.0,0.12200489784728998,12.400536074945208
14.053306039000013,108.04208323299972,SAT_10057,20.723990297343605,195.32244542255776,99.02887770245547,169.62653883104795,-64.26570974601658,29.856453598482812,35.0,0.1216266706684311,12.373997842783016
14.053306039000013,108.14208323299971,SAT_10057,20.79876903505955,195.74307582221,99.03676161709618,169.60485243053165,-64.19093100830064,29.8858756019638,35.0,0.12129443750153401,12.350659742231258
14.053306039000013,108.2420832329997,SAT_10057,20.86317293144063,196.10534773935353,99.04348057946567,169.58612890364532,-64.12652711191956,29.911159898093896,35.0,0.121008446521093,12.330549659847051
14.053306039000013,108.3420832329997,SAT_10057,20.91713845892656,196.4089038314619,99.04906062147774,169.57040721442706,-64.07256158443363,29.932306434883962,35.0,0.12076891391910478,12.313691890971436
14.053306039000013,108.44208323299969,SAT_10057,20.960611811437104,196.65344143933373,99.05352307254991,169.55772038465017,-64.02908823192308,29.949315168854998,35.0,0.12057602261156056,12.300106993516355
14.053306039000013,108.54208323299969,SAT_10057,20.993549258703666,196.83871458020812,99.05688480169897,169.54809526599297,-63.99615078465652,29.96218606503709,35.0,0.12042992113103282,12.28981166256961
14.053306039000013,108.64208323299968,SAT_10057,21.015917437654167,196.9645355868047,99.05915840673984,169.54155235252534,-63.97378260570602,29.97091909696855,35.0,0.12033072271864773,12.282818627430572
14.053306039000013,108.74208323299968,SAT_10057,21.0276935767767,197.03077636936894,99.06035235426779,169.53810563622991,-63.96200646658349,29.975514246695266,35.0,0.12027850462651306,12.279136572422328
14.053306039000013,108.84208323299967,SAT_10057,21.028865650275243,197.03736928279827,99.06047107310401,169.53776250768752,-63.960834393084944,29.97597150477027,35.0,0.12027330763921144,12.278770082528485
14.053306039000013,108.94208323299966,SAT_10057,21.019432459816215,196.98430758646623,99.05951500297363,169.54052370339662,-63.97026758354397,29.972290870253516,35.0,0.12031513582031593,12.281719614580553
14.053306039000013,109.04208323299966,SAT_10057,20.999403642687135,196.87164549011513,99.0574805993313,169.54638330051483,-63.99029640067305,29.96447235071184,35.0,0.12040395648710149,12.287981494382962
14.053306039000013,109.14208323299965,SAT_10057,20.96879960624935,196.69949778515257,99.05436029442453,169.55532875910183,-64.02090043711084,29.952515962219156,35.0,0.1205397004137696,12.297547939814404
14.153306039000013,107.44208323299975,SAT_10117,20.361109008371173,193.28123817208785,98.98930404821496,169.7308512398452,-64.62859103498901,29.71263330261584,35.0,0.12324230034356493,12.487130797416087
14.153306039000013,107.54208323299974,SAT_10117,20.365411264288312,193.30543836162175,98.98978632146054,169.72962090777784,-64.62428877907188,29.714347135008364,35.0,0.12322312997622811,12.485791876326168
14.153306039000013,107.64208323299974,SAT_10117,20.359270021430973,193.27089387054923,98.98909780253537,169.7313770850187,-64.63043002192921,29.71190066072758,35.0,0.12325049484322796,12.487703102794875
14.153306039000013,107.74208323299973,SAT_10057,20.46927174494371,193.88965356530835,99.00133554020783,169.6999817922204,-64.52042829841648,29.755714422730758,35.0,0.12275972881387413,12.453401200112971
14.153306039000013,107.84208323299973,SAT_10057,20.574758609609503,194.48301717905346,99.01287150999202,169.6696466697168,-64.41494143375068,29.797530769393376,35.0,0.12229023790476559,12.420535295522493
14.153306039000013,107.94208323299972,SAT_10057,20.670110588350212,195.01937205946993,99.02313891969389,169.64212895320455,-64.31958945500998,29.835211433777655,35.0,0.12186616584725678,12.390805769735824
14.153306039000013,108.04208323299972,SAT_10057,20.755237396117323,195.49821035315998,99.0321796403122,169.6174838910485,-64.23446264724286,29.868756338374364,35.0,0.12148782106948065,12.36424727349926
14.153306039000013,108.14208323299971,SAT_10057,20.830057103359877,195.91907120639928,99.04002978968845,169.5957616655211,-64.15964294000031,29.898165414186764,35.0,0.1211554830268621,12.340891205639096
14.153306039000013,108.2420832329997,SAT_10057,20.894496649635173,196.28154365419783,99.04672016311036,169.5770070636988,-64.09520339372501,29.92343860072894,35.0,0.12086940057760888,12.320765530177548
14.153306039000013,108.3420832329997,SAT_10057,20.948492310655112,196.585269247435,99.05227659331088,169.56125917776686,-64.04120773270508,29.944575846024325,35.0,0.12062979051272489,12.303894610449815
14.153306039000013,108.44208323299969,SAT_10057,20.99199011260736,196.8299443834164,99.05672024734677,169.5485511388316,-63.997709930752826,29.961577106604427,35.0,0.1204368362574843,12.290299062268154
14.153306039000013,108.54208323299969,SAT_10057,21.02494618815456,197.0153223083694,99.06006786636566,169.5389098879664,-63.96475385520563,29.97444234750777,35.0,0.12029068675967847,12.279995627987315
14.153306039000013,108.64208323299968,SAT_10057,21.047327069203035,197.14121476426706,99.06233195300132,169.5323559877647,-63.94237297415715,29.98317154227907,35.0,0.12019145557799978,12.272997073093515
14.153306039000013,108.74208323299968,SAT_10057,21.059109912337227,197.20749325689692,99.06352091003112,169.5289034771389,-63.93059013102296,29.98776467296854,35.0,0.12013922018169512,12.269312106670904
14.153306039000013,108.84208323299967,SAT_10057,21.060282653716335,197.2140899271544,99.06363913294176,169.52855977150534,-63.92941738964385,29.98822173013151,35.0,0.12013402147014672,12.268945326799878
14.153306039000013,108.94208323299966,SAT_10057,21.050844091212582,197.16099801307078,99.06268705815047,169.5313256098396,-63.938855952147605,29.98454271282814,35.0,0.12017586351837187,12.271897191617784
14.153306039000013,109.04208323299966,SAT_10057,21.030803892610578,197.04827189593453,99.06066116778544,169.5371950493902,-63.95889615074961,29.976727628623454,35.0,0.12026471355163294,12.278164016431239
14.153306039000013,109.14208323299965,SAT_10057,21.000182529743526,196.87602672980734,99.05755395111427,169.54615550813554,-63.98951751361666,29.96477649358748,35.0,0.12040050214947676,12.28773799691912
14.253306039000012,107.44208323299975,SAT_10117,20.229953681393297,192.54348945783732,98.97444657841874,169.7682691346063,-64.75974636196689,29.660278076232554,35.0,0.12382699791419417,12.52792830567895
14.253306039000012,107.54208323299974,SAT_10057,20.248278463240155,192.6465663557259,98.97654594036915,169.76316980845024,-64.74142158012003,29.66766704856318,35.0,0.12374446736822173,12.522174352864738
14.253306039000012,107.64208323299974,SAT_10057,20.37375494052857,193.3523715404732,98.99072639358302,169.72735287061752,-64.61594510283162,29.717732340424302,35.0,0.12318515615947469,12.483139416478924
14.253306039000012,107.74208323299973,SAT_10057,20.48929885841258,194.0023060785708,99.00353984673471,169.69423120046488,-64.5004011849476,29.763663959702935,35.0,0.12267056631548291,12.447163377870176
14.253306039000012,107.84208323299973,SAT_10057,20.59480474749418,194.59577670465478,99.0150409953276,169.66386920524127,-64.39489529586601,29.80546181188155,35.0,0.12220105931992428,12.414286843186362
14.253306039000012,107.94208323299972,SAT_10057,20.690174363047376,195.13223079214148,99.02527771049918,169.63632694879922,-64.29952568031281,29.84312581095706,35.0,0.12177697129069874,12.384547571179949
14.253306039000012,108.04208323299972,SAT_10057,20.77531727313007,195.61115966135662,99.03429163625776,169.61165977601013,-64.21438277023012,29.876655879438722,35.0,0.12139861109842852,12.35798026256028
14.253306039000012,108.14208323299971,SAT_10057,20.85015141351981,196.03210170104893,99.04211869629789,169.58991795771053,-64.13954862984038,29.906051948346263,35.0,0.12106625860225444,12.334616361873854
14.253306039000012,108.2420832329997,SAT_10057,20.914603602590006,196.3946452645688,99.04878952159706,169.57114636073908,-64.07509644077018,29.931313957208186,35.0,0.12078016302213751,12.31448387421716
14.253306039000012,108.3420832329997,SAT_10057,20.968610009518187,196.69843130353982,99.05432980793579,169.55538414745348,-64.021090033842,29.952441854060318,35.0,0.12054054146594258,12.29760719898289
14.253306039000012,108.44208323299969,SAT_10057,21.01211656965335,196.9431557043001,99.05876061075737,169.5426645088314,-63.97758347370684,29.96943559544452,35.0,0.12034757762829185,12.284006982691672
14.253306039000012,108.54208323299969,SAT_10057,21.04507934142159,197.12857129549644,99.0620985833215,169.5330144349002,-63.9446207019386,29.982295146407658,35.0,0.12020142067654323,12.27369999276952
14.253306039000012,108.64208323299968,SAT_10057,21.067464799846903,197.25448949913883,99.06435616285027,169.52645452577838,-63.922235243513285,29.99102048050074,35.0,0.12010218433729836,12.266699013898343
14.253306039000012,108.74208323299968,SAT_10057,21.07925006256761,197.3207816019428,99.06554170826755,169.52299884607842,-63.91044998079258,29.995611579778263,35.0,0.12004994619460442,12.263012768297807
14.253306039000012,108.84208323299967,SAT_10057,21.080423045134964,197.32737962888416,99.06565959215506,169.52265482481818,-63.909276998225224,29.996068434797795,35.0,0.12004474720853464,12.262645860996303
14.253306039000012,108.94208323299966,SAT_10057,21.07098254336688,197.2742768064387,99.0647102486572,169.52542320232897,-63.918717499993306,29.992391044619737,35.0,0.12008659146015639,12.265598750823923
14.253306039000012,109.04208323299966,SAT_10057,21.050938241566456,197.16152760881133,99.06269017823,169.53129802495687,-63.93876180179373,29.984579416807296,35.0,0.12017544612608817,12.27186774751807
14.253306039000012,109.14208323299965,SAT_10057,21.020310646488262,196.9892473864965,99.05959190932273,169.54026668763493,-63.969389396871925,29.97263356742668,35.0,0.12031124168296525,12.281445034980717
14.353306039000012,107.44208323299975,SAT_10057,20.121984621560443,191.93616349627752,98.9619895500502,169.79906113283775,-64.86771542179974,29.617081677061027,35.0,0.12430792831490449,12.561428037708112
14.353306039000012,107.54208323299974,SAT_10057,20.257258309352125,192.69707799010573,98.97757251384192,169.76061177374078,-64.73244173400806,29.67125641053604,35.0,0.12370442301067423,12.519381947792663
14.353306039000012,107.64208323299974,SAT_10057,20.38271340959666,193.40276292898125,98.99172902233644,169.72478965573788,-64.60698663376353,29.721299414712156,35.0,0.12314524308305441,12.480351149654735
14.353306039000012,107.74208323299973,SAT_10057,20.498237817069807,194.05258772101766,99.00452110163599,169.69166315705397,-64.49146222629038,29.76721058657939,35.0,0.1226307734603704,12.444378882355444
14.353306039000012,107.84208323299973,SAT_10057,20.60372603810133,194.64595896432,99.016003277927,169.6612967031368,-64.38597400525886,29.808989831642478,35.0,0.12216137568057787,12.411505758083957
14.353306039000012,107.94208323299972,SAT_10057,20.69907980504547,195.1823239033808,99.02622327588193,169.63375037502718,-64.29062023831472,29.846637063918575,35.0,0.12173738591200334,12.38176954129412
14.353306039000012,108.04208323299972,SAT_10057,20.784208664600612,195.66117373837844,99.0352226134347,169.60907953361684,-64.20549137875958,29.880152205935172,35.0,0.12135911307159596,12.355204938006326
14.353306039000012,108.14208323299971,SAT_10057,20.8590305329451,196.08204674781618,99.0430371065425,169.58733446444387,-64.13066951041509,29.90953518872822,35.0,0.12102683706047958,12.331843397638973
14.353306039000012,108.2420832329997,SAT_10057,20.92347221080091,196.44453118575512,99.04969729507667,169.56856004758856,-64.06622783255928,29.934785951840446,35.0,0.12074080713601985,12.311712929675137
14.353306039000012,108.3420832329997,SAT_10057,20.97746985181844,196.74826791647877,99.0552287989362,169.55279545705707,-64.01223019154175,29.955904443319888,35.0,0.12050124043868837,12.294837937365878
14.353306039000012,108.44208323299969,SAT_10057,21.020969378098002,196.99295275180125,99.05965261176172,169.54007389376667,-63.968730665262186,29.97289061971863,35.0,0.12030832069071608,12.281239070523425
14.353306039000012,108.54208323299969,SAT_10057,21.053926837233412,197.17833845943792,99.06298533817377,169.53042235587168,-63.935773206126775,29.985744446091743,35.0,0.12016219708189688,12.270933099264946
14.353306039000012,108.64208323299968,SAT_10057,21.076308695945258,197.30423641469207,99.06523937920967,169.52386144972027,-63.91339134741493,29.994465895996456,35.0,0.1200629833559487,12.263932810335168
14.353306039000012,108.74208323299968,SAT_10057,21.088092066185474,197.3705178722933,99.06642306954176,169.52040524419112,-63.90160797717471,29.99905495149148,35.0,0.1200107571086015,12.26024692736646
14.353306039000012,108.84208323299967,SAT_10057,21.089264860495263,197.37711484028586,99.06654076908755,169.52006117056058,-63.900435182864925,29.9995116031366,35.0,0.1200055593060984,12.259880056134838
14.353306039000012,108.94208323299966,SAT_10057,21.07982587439313,197.32402054346136,99.06559291073496,169.52282996938442,-63.90987416896706,29.995835849992442,35.0,0.12004739403012159,12.262832655544962
14.353306039000012,109.04208323299966,SAT_10057,21.059784794593824,197.21128946959027,99.06357600507314,169.52870568519953,-63.92991524876636,29.988027699620435,35.0,0.12013622845234505,12.269101034734923
14.453306039000012,107.54208323299974,SAT_10057,20.255223392698653,192.68563158392993,98.97734297554275,169.761191518853,-64.73447665066153,29.6704431139456,35.0,0.12371349720943711,12.520014748544698
14.453306039000012,107.64208323299974,SAT_10057,20.380614335184774,193.39095563541437,98.99149534539714,169.72539031944675,-64.60908570817541,29.72046369556752,35.0,0.12315459495392206,12.481004489342268
14.453306039000012,107.74208323299973,SAT_10057,20.496079386436747,194.0404465487067,99.00428375120526,169.69228331930114,-64.49362065692344,29.766354296291933,35.0,0.12264038173844496,12.44505125217579
14.453306039000012,107.84208323299973,SAT_10057,20.60151317185202,194.63351159166763,99.01576268331311,169.6619348703873,-64.38818687150817,29.80811482164551,35.0,0.12217121869903831,12.412195604067334
14.453306039000012,107.94208323299972,SAT_10057,20.696817536051768,195.1695986402912,99.02597983566945,169.63440498435153,-64.29288250730842,29.845745185665372,35.0,0.12174744162626475,12.382475266996003
14.453306039000012,108.04208323299972,SAT_10057,20.781902130216068,195.64819948246537,99.03497669998939,169.60974895740716,-64.20779791314412,29.879245310896987,35.0,0.12136935908653468,12.355924907547418
14.453306039000012,108.14208323299971,SAT_10057,20.85668496627821,196.06885293531494,99.04278907000634,169.58801701573637,-64.13301507708198,29.908615128392302,35.0,0.12103725066057562,12.332575939077337
14.453306039000012,108.2420832329997,SAT_10057,20.921092931098755,196.4311477374305,99.04944746693917,169.56925398596152,-64.06860711226143,29.93385457770806,35.0,0.12075136531822638,12.31245633868974
14.453306039000012,108.3420832329997,SAT_10057,20.975062254031698,196.73472517892827,99.05497749525651,169.55349899505876,-64.01463778932849,29.954963606904347,35.0,0.12051191994779713,12.29559048122627
14.453306039000012,108.44208323299969,SAT_10057,21.018538921713073,196.97928143463605,99.05940013610639,169.54078520381827,-63.971161121647114,29.971942172543315,35.0,0.12031909805694985,12.28199899231521
14.453306039000012,108.54208323299969,SAT_10057,21.051479034467015,197.16456956887694,99.06273198432716,169.53113957758418,-63.93822100889317,29.984790239688135,35.0,0.12017304866042434,12.271698622336702
14.453306039000012,108.64208323299968,SAT_10057,21.073849099411504,197.2904011841897,99.06498543370812,169.52458269755442,-63.91585094394868,29.993507781902153,35.0,0.12007388536798676,12.264702142928428
14.453306039000012,108.74208323299968,SAT_10057,21.085626256154136,197.35664769086705,99.06616881407842,169.5211286153832,-63.90407378720605,29.998094781248252,35.0,0.1200216856837435,12.261018267387373
14.453306039000012,108.84208323299967,SAT_10057,21.08679843186942,197.36324117926546,99.06628648283123,169.52078475323026,-63.90290161149077,29.998551228288395,35.0,0.12001649052548649,12.260651596023415
14.453306039000012,108.94208323299966,SAT_10057,21.077364423534085,197.31017488237924,99.06533887260407,169.52355185074322,-63.9123356198261,29.994877122083423,35.0,0.12005830397006749,12.26360258719624
14.453306039000012,109.04208323299966,SAT_10057,21.05733390613421,197.1975032220049,99.06332249600554,169.52942395976572,-63.932366137225976,29.98707247019302,35.0,0.12014709322799556,12.269867554425284
14.553306039000011,107.54208323299974,SAT_10057,20.242175769092142,192.6122387011433,98.97585674882477,169.76490778611847,-64.74752427426805,29.66522716041295,35.0,0.12377168293808848,12.524071965624435
14.553306039000011,107.64208323299974,SAT_10057,20.36745986333814,193.31696173127705,98.99002477494258,169.72915354788614,-64.62224018002205,29.71522518465605,35.0,0.12321320444607238,12.48509861234588
14.553306039000011,107.74208323299973,SAT_10057,20.48282579765727,193.96589511182216,99.00282719813069,169.69609032029518,-64.50687424570292,29.761095090547084,35.0,0.12269938354185236,12.449179632412969
14.553306039000011,107.84208323299973,SAT_10057,20.58816845931875,194.558447583668,99.0143186061434,169.66578229051078,-64.40153158404144,29.802836783634366,35.0,0.12223058050497977,12.416355496660035
14.553306039000011,107.94208323299972,SAT_10057,20.683389939881977,195.0940684118361,99.02454677775471,169.6382893145364,-64.30631010347821,29.840450177974684,35.0,0.12180713032162853,12.386663836594883
14.553306039000011,108.04208323299972,SAT_10057,20.768400120365882,195.5722506770581,99.03355327815476,169.61366654352145,-64.2212999229943,29.87393519613123,35.0,0.12142934081227587,12.360139234791811
14.553306039000011,108.14208323299971,SAT_10057,20.84311722336048,195.9925343814027,99.04137396423086,169.59196407052906,-64.14658281999971,29.90329176917172,35.0,0.12109749087623364,12.33681302776613
14.553306039000011,108.2420832329997,SAT_10057,20.907468325243343,196.35450932949382,99.04803941089028,169.57322660229187,-64.08223171811684,29.928519836666712,35.0,0.12081182887211497,12.316713123619571
14.553306039000011,108.3420832329997,SAT_10057,20.96138982193905,196.65781774840715,99.05357526753001,169.5574931603141,-64.02831022142114,29.949619346688166,35.0,0.1205725711523911,12.299863836642812
14.553306039000011,108.44208323299969,SAT_10057,21.00482784208856,196.90215661174815,99.05800255204109,169.54479681539777,-63.98487220127163,29.96659025580816,35.0,0.12037990076891199,12.286285740913096
14.553306039000011,108.54208323299969,SAT_10057,21.037738602050503,197.0872796365341,99.06133788827867,169.53516445930848,-63.951961441309685,29.97943252909785,35.0,0.12023396636464082,12.27599554473442
14.553306039000011,108.64208323299968,SAT_10057,21.060088697842204,197.21299892536237,99.06359369167818,169.5286166168435,-63.92961134551798,29.988146140126617,35.0,0.12013488126491367,12.269005987536191
14.553306039000011,108.74208323299968,SAT_10057,21.071855329932674,197.2791862308713,99.06477830660536,169.52516730103065,-63.91784471342751,29.99273107096144,35.0,0.12008272277931192,12.265325760578992
14.553306039000011,108.84208323299967,SAT_10057,21.07302645769883,197.28577382455595,99.06489609805396,169.52482391358723,-63.91667358566136,29.993187312166445,35.0,0.12007753172276991,12.264959452517804
14.553306039000011,108.94208323299966,SAT_10057,21.063600881328156,197.2327549574709,99.06394749941599,169.52758719212255,-63.92609916203203,29.98951486280268,35.0,0.12011931216188516,12.267907520550276
14.553306039000011,109.04208323299966,SAT_10057,21.0435882499944,197.12018390621853,99.06192901721745,169.53345120486648,-63.94611179336579,29.981713730428105,35.0,0.12020803138960925,12.274166287537813
14.653306039000011,107.64208323299974,SAT_10057,20.343263424565976,193.18085676318358,98.98731154507102,169.7360711192204,-64.64643661879421,29.705583892418527,35.0,0.1233210257058044,12.492628366286521
14.653306039000011,107.74208323299973,SAT_10057,20.458490731889754,193.82901036687988,99.00014579456881,169.7030757789209,-64.53120931147043,29.751432979826138,35.0,0.12280773221400954,12.456758780161667
14.653306039000011,107.84208323299973,SAT_10057,20.56370581494923,194.42084520908944,99.01166550323927,169.6728304340175,-64.42599422841096,29.793155728127186,35.0,0.12233941369643361,12.423980108824214
14.653306039000011,107.94208323299972,SAT_10057,20.658811145564755,194.95581269380176,99.02191865109099,169.6453946995096,-64.33088889779543,29.830752051397855,35.0,0.12191640391210587,12.39432984577157
14.653306039000011,108.04208323299972,SAT_10057,20.743716958676686,195.43340789255637,99.03094697721743,169.620823501938,-64.2459830846835,29.8642218722188,35.0,0.12153900954380677,12.367842445420502
14.653306039000011,108.14208323299971,SAT_10057,20.818341801254206,195.85317263205494,99.03878648766077,169.5991667282612,-64.17135824210598,29.893565121673277,35.0,0.12120750845176567,12.344549127066298
14.653306039000011,108.2420832329997,SAT_10057,20.88261304149681,196.21469835841955,99.04546788388117,169.58046889959957,-64.10708700186338,29.91878173934547,35.0,0.12092214806270686,12.324477693546564
14.653306039000011,108.3420832329997,SAT_10057,20.936467331815066,196.51762874145976,99.05101692099628,169.56476887417261,-64.05323271154512,29.93987167331903,35.0,0.12068314391226855,12.307652366779267
14.653306039000011,108.44208323299969,SAT_10057,20.979851019507066,196.76166198472723,99.05545470322707,169.5520995834735,-64.00984902385312,29.956834880175823,35.0,0.12049067835754418,12.294093642197897
14.653306039000011,108.54208323299969,SAT_10057,21.012720499597613,196.94655281023657,99.05879792251984,169.54248780536605,-63.976979543762575,29.969671324994874,35.0,0.12034489947488315,12.283818163916518
14.653306039000011,108.64208323299968,SAT_10057,21.035042504987466,197.07211409055446,99.0610590450544,169.53595397733977,-63.95465753837272,29.978380981351517,35.0,0.12024592015616223,12.276838622228308
14.653306039000011,108.74208323299968,SAT_10057,21.04679432985816,197.13821810545215,99.06224644924947,169.53251205262882,-63.94290571350203,29.982963831316766,35.0,0.1201938174145306,12.27316367477545
14.653306039000011,108.84208323299967,SAT_10057,21.0479639831689,197.14479740532505,99.06236451789543,169.53216940130767,-63.94173606019129,29.98341986545687,35.0,0.12018863190818524,12.272797892432303
14.653306039000011,108.94208323299966,SAT_10057,21.038550270051914,197.091845269042,99.0614136861507,169.53492675782954,-63.95114977330827,29.979749082833095,35.0,0.12023036768809814,12.275741730623732
14.653306039000011,109.04208323299966,SAT_10057,21.018562799935637,196.97941574963795,99.05939044629974,169.54077821579023,-63.97113724342455,29.97195149100169,35.0,0.1203189921728486,12.281991526463166
14.75330603900001,107.54208323299974,SAT_10057,20.183106074255846,192.27997166768915,98.96908524346782,169.78171093988618,-64.80659396910434,29.64158733288343,35.0,0.1240351713106973,12.54243519079089
14.75330603900001,107.64208323299974,SAT_10057,20.308049640754888,192.98277922924623,98.98334464237341,169.7461279633436,-64.6816504026053,29.691539838071197,35.0,0.1234779746451266,12.503584302687763
14.75330603900001,107.74208323299973,SAT_10057,20.423099224772585,193.6299331393458,98.99622877456912,169.71322436118749,-64.5666008185876,29.737367983385454,35.0,0.12296534234986302,12.467779098435713
14.75330603900001,107.84208323299973,SAT_10057,20.528150659235564,194.22084745820004,99.00779282763745,169.68306372125983,-64.46154938412462,29.779071674416837,35.0,0.12249763164645794,12.43505970563517
14.75330603900001,107.94208323299972,SAT_10057,20.62310692738069,194.75497646651638,99.01808510116248,169.65570533362614,-64.3665931159795,29.81665082526064,35.0,0.12207517465016732,12.40546343296382
14.75330603900001,108.04208323299972,SAT_10057,20.70787874010915,195.23181791311399,99.02714761021628,169.63120382202487,-64.28182130325104,29.850105358514732,35.0,0.12169827652005921,12.379024563220835
14.75330603900001,108.14208323299971,SAT_10057,20.782385080597763,195.65091607836243,99.03501659739246,169.60960879557862,-64.20731496276242,29.879435205277677,35.0,0.12136721372491904,12.355774158736553
14.75330603900001,108.2420832329997,SAT_10057,20.84655370945255,196.0118646156706,99.04172296473955,169.59096452521297,-64.14314633390764,29.904640305147083,35.0,0.12108223244372186,12.335739881398029
14.75330603900001,108.3420832329997,SAT_10057,20.900321623959357,196.31430913477138,99.04729263485686,169.57530964906226,-64.08937841940083,29.92572060621814,35.0,0.12084354711852235,12.318945829438183
14.75330603900001,108.44208323299969,SAT_10057,20.94363546541672,196.55794949296904,99.05174684866688,169.56267691085873,-64.04606457794347,29.942676065082345,35.0,0.12065133917634717,12.305412392990734
14.75330603900001,108.54208323299969,SAT_10057,20.976451869070843,196.74254176352352,99.05510240589572,169.5530929349561,-64.01324817428934,29.955506646826475,35.0,0.12050575593507558,12.29515613022464
14.75330603900001,108.64208323299968,SAT_10057,20.998737751861427,196.8678998542205,99.05737185302124,169.5465780411794,-63.99096229149876,29.96421232503174,35.0,0.12040690970638608,12.288189665644708
14.75330603900001,108.74208323299968,SAT_10057,21.0104705339631,196.93389675354246,99.05856362233575,169.54314610218154,-63.979229509397086,29.968793081773118,35.0,0.1203548771066597,12.284521611882004
14.75330603900001,108.84208323299967,SAT_10057,21.01163829099761,196.94046538686158,99.05868212478114,169.54280444539233,-63.97806175236258,29.96924890761896,35.0,0.12034969858430876,12.284156516004892
14.75330603900001,108.94208323299966,SAT_10057,21.00223983474423,196.8875990704363,99.05772779830984,169.5455538010126,-63.98746020861596,29.965579801630742,35.0,0.12039137816939154,12.287094831064703
14.85330603900001,107.64208323299974,SAT_10057,20.26185415526301,192.72292962335445,98.97810767247036,169.75930227082512,-64.72784588809718,29.67309304960628,35.0,0.12368392947788176,12.517952737400455
14.85330603900001,107.74208323299973,SAT_10057,20.376687492374487,193.3688671446065,98.99106012442533,169.72651389192413,-64.6130125509857,29.718900129257,35.0,0.12317209034351648,12.48222669797507
14.85330603900001,107.84208323299973,SAT_10057,20.481539740781898,193.95866104189818,99.00268490228545,169.6964596367061,-64.50816030257829,29.76058465057146,35.0,0.12270510906151616,12.449580207382137
14.85330603900001,107.94208323299972,SAT_10057,20.576314523335952,194.49176919376475,99.01303074659388,169.66919838832973,-64.41338552002424,29.798146527663768,35.0,0.12228331569504781,12.42005034366322
14.85330603900001,108.04208323299972,SAT_10057,20.66092314615217,194.96769269710597,99.02214005306996,169.64478439138242,-64.32877689720802,29.831585683148756,35.0,0.12190701350124795,12.393671175473106
14.85330603900001,108.14208323299971,SAT_10057,20.73528513786249,195.38597890047652,99.0300493904515,169.62326690713036,-64.2544149054977,29.860902048140076,35.0,0.12157647721229049,12.370473569295125
14.85330603900001,108.2420832329997,SAT_10057,20.799328749718754,195.74622421716796,99.03678993725322,169.6046898932783,-64.19037129364143,29.88609556224857,35.0,0.12129195145005126,12.35048501116165
14.85330603900001,108.3420832329997,SAT_10057,20.852991410195415,196.0480766823492,99.04238784684085,169.58909171245318,-64.13670863316477,29.907166173580773,35.0,0.1210536492920028,12.33372944500036
14.85330603900001,108.44208323299969,SAT_10057,20.896220128148727,196.29123822083662,99.04686454844308,169.57650487336178,-64.09347991521146,29.924113838737696,35.0,0.12086175100471969,12.32022712958265
14.85330603900001,108.54208323299969,SAT_10057,20.92897183913641,196.4754665951423,99.05023699022057,169.56695580821338,-64.06072820422378,29.936938522813747,35.0,0.12071640295979329,12.309994515864346
14.85330603900001,108.64208323299968,SAT_10057,20.951213690164494,196.6005770071753,99.0525178292184,169.56046468956225,-64.0384863531957,29.945640199395914,35.0,0.12061771674506769,12.30304414628428
14.85330603900001,108.74208323299968,SAT_10057,20.96292325890741,196.66644333135417,99.05371557190146,169.5570452892071,-64.02677678445278,29.9502188505631,35.0,0.1205657684819483,12.299384577326826
14.85330603900001,108.84208323299967,SAT_10057,20.96408870431665,196.67299896178113,99.05383466796715,169.55670488120688,-64.02561133904354,29.950674466885722,35.0,0.12056059835714321,12.29902032636523
14.85330603900001,108.94208323299966,SAT_10057,20.95470884648134,196.62023726145753,99.0528755592142,169.55944419043954,-64.03499119687885,29.947007047425448,35.0,0.12060221037462106,12.301951843490137
14.95330603900001,107.54208323299974,SAT_10057,20.080285681416626,191.70160695796852,98.95714519605056,169.8108766542265,-64.90941436194356,29.600337116434375,35.0,0.12449407930656281,12.574380744844879
14.95330603900001,107.64208323299974,SAT_10057,20.20472338866489,192.40156906124002,98.97157865966216,169.77556564945166,-64.7849766546953,29.650243563792795,35.0,0.12393873149179906,12.535715837544634
14.95330603900001,107.74208323299973,SAT_10057,20.31930268118333,193.04607758165622,98.98461838820958,169.74291551514267,-64.67039736217686,29.696029454249185,35.0,0.12342781517623554,12.500083486107133
14.95330603900001,107.84208323299973,SAT_10057,20.423920880898976,193.63455495505676,98.99632073073138,169.71298889288704,-64.56577916246121,29.737694693435273,35.0,0.12296168278438478,12.467523280225054
14.95330603900001,107.94208323299972,SAT_10057,20.518482374765938,194.16646335805842,99.00673499433034,169.68584417941744,-64.47121766859425,29.77523919548374,35.0,0.12254066192940948,12.438072022731136
14.95330603900001,108.04208323299972,SAT_10057,20.602899179877312,194.6413078868099,99.01590406363461,169.66153516613346,-64.38680086348288,29.808662883026102,35.0,0.12216505359804547,12.411763526777463
14.95330603900001,108.14208323299971,SAT_10057,20.677091476332166,195.05863955436843,99.02386492616051,169.64011069857088,-64.31260856702802,29.8379656871909,35.0,0.12183513044968258,12.388628425198357
14.95330603900001,108.2420832329997,SAT_10057,20.740988101332746,195.41805806999668,99.03064911531774,169.62161436013525,-64.24871194202744,29.863147547601983,35.0,0.12155113524788597,12.368693994246282
14.95330603900001,108.3420832329997,SAT_10057,20.794526998251598,195.71921436516527,99.03628308063202,169.60608418425454,-64.19517304510859,29.884208412377095,35.0,0.12131327944173574,12.351983993789407
14.95330603900001,108.44208323299969,SAT_10057,20.837655614828947,195.96181283341286,99.04078849295014,169.5935523988282,-64.15204442853124,29.901148238126595,35.0,0.12112174191312325,12.33851852591652
14.95330603900001,108.54208323299969,SAT_10057,20.870331245188396,196.14561325418475,99.04418249085825,169.58404520650814,-64.11936879817179,29.91396698995242,35.0,0.12097666790457999,12.328313913711504
14.95330603900001,108.64208323299968,SAT_10057,20.892521311017873,196.27043237447555,99.04647787322808,169.57758260391117,-64.09717873234231,29.922664641447252,35.0,0.12087816814035555,12.321382601738039
14.95330603900001,108.74208323299968,SAT_10057,20.904203578027804,196.3361451264064,99.04768324165758,169.5741782423552,-64.08549646533238,29.927241174693854,35.0,0.12082631815133128,12.317733079519698
14.95330603900001,108.84208323299967,SAT_10057,20.90536630465499,196.34268546368432,99.04780309554872,169.57383933214203,-64.0843337387052,29.927696580264676,35.0,0.12082115781199976,12.317369829015846
15.05330603900001,107.64208323299974,SAT_10057,20.136714223675796,192.01901750817635,98.96372977536438,169.79488332601693,-64.85298581968439,29.622991426177613,35.0,0.12424218604678029,12.55685173379828
15.05330603900001,107.74208323299973,SAT_10057,20.25100254576735,192.66188931994134,98.97687640432838,169.76239390064904,-64.73869749759284,29.66875600394786,35.0,0.12373231943486143,12.521327281456799
15.05330603900001,107.84208323299973,SAT_10057,20.355352644465114,193.24885862511627,98.98867374079242,169.73261564152435,-64.63434739889507,29.710401848629633,35.0,0.12326715283136389,12.488866453168997
15.05330603900001,107.94208323299972,SAT_10057,20.44966979090802,193.7793925738576,98.99917178949828,169.70560638234736,-64.54003025245217,29.74792887437387,35.0,0.12284701101389398,12.459505733464782
15.05330603900001,108.04208323299972,SAT_10057,20.533866824777405,194.25300088937288,99.00841403691055,169.68141939004522,-64.45583321858278,29.781337003828558,35.0,0.12247219234190557,12.433278640024213
15.05330603900001,108.14208323299971,SAT_10057,20.607864679810632,194.66923882393482,99.01643798590808,169.66010302909592,-64.38183536354956,29.810626168136867,35.0,0.12214296707651813,12.41021553551398
15.05330603900001,108.2420832329997,SAT_10057,20.671592870974607,195.02770989923218,99.02327560653521,169.6417004498453,-64.31810717238558,29.835796306935492,35.0,0.12185957583144127,12.390343453644334
15.05330603900001,108.3420832329997,SAT_10057,20.724989937161098,195.32806839653117,99.02895371260847,169.6262493048821,-64.26471010619909,29.856847368353197,35.0,0.12162222817208919,12.373685941498103
15.05330603900001,108.44208323299969,SAT_10057,20.76800383366836,195.57002156438452,99.03349427211943,169.6137814972801,-64.22169620969183,29.873779309009556,35.0,0.12143110137874523,12.360262920042558
15.05330603900001,108.54208323299969,SAT_10057,20.80059226926265,195.75333151460242,99.03691465780453,169.60432296416923,-64.18910777409754,29.88659209401392,35.0,0.12128633938809912,12.35009056455413
15.05330603900001,108.64208323299968,SAT_10057,20.822722983252774,195.87781678079685,99.03922784290594,169.59789349867816,-64.16697706010741,29.895285696964578,35.0,0.12118805192564706,12.343181206468179
15.05330603900001,108.74208323299968,SAT_10057,20.834373958771977,195.94335351809235,99.04044254597343,169.594506612782,-64.15532608458821,29.899860099948103,35.0,0.12113631383935347,12.339543257914954
15.05330603900001,108.84208323299967,SAT_10057,20.835533569285218,195.94987632722936,99.0405633275097,169.59416944304786,-64.15416647407497,29.900315293538938,35.0,0.12113116464265572,12.339181159923388
15.15330603900001,107.64208323299974,SAT_10057,20.057893623734117,191.5756516335044,98.9545269893657,169.81721439038517,-64.93180641962607,29.591336691086735,35.0,0.12459406378704749,12.581334656540593
15.15330603900001,107.74208323299973,SAT_10057,20.171855058730273,192.21668470535778,98.96780096737152,169.78490749382988,-64.81784498462991,29.63707983271767,35.0,0.12408537054791713,12.545931952969799
15.15330603900001,107.84208323299973,SAT_10057,20.275903941804756,192.80195967265178,98.97971145567615,169.75529772867944,-64.71379610155543,29.67870617055432,35.0,0.12362128365074988,12.513583259779564
15.15330603900001,107.94208323299972,SAT_10057,20.369946543309254,193.33094930611455,98.99030929459643,169.72844229235164,-64.61975350005093,29.716215618765617,35.0,0.12320212466622535,12.484324701798675
15.15330603900001,108.04208323299972,SAT_10057,20.453896632370856,193.80316855708608,98.99963869119877,169.70439385916433,-64.53580341098933,29.749608100015756,35.0,0.12282818898292105,12.458189462857844
15.15330603900001,108.14208323299971,SAT_10057,20.527675994133944,194.21817746700344,99.00773776524737,169.68320025013003,-64.46202404922624,29.778883545462335,35.0,0.12249974415045017,12.435207600408095
15.15330603900001,108.2420832329997,SAT_10057,20.591214909152242,194.57558386398136,99.01463900930077,169.6649041264232,-64.39848513420795,29.804041894754683,35.0,0.12221702835219989,12.415405874187211
15.15330603900001,108.3420832329997,SAT_10057,20.644452588920814,194.8750458126796,99.02036967301828,169.64954271050274,-64.34524745443937,29.82508309603242,35.0,0.12198024902442521,12.398807590944624
15.15330603900001,108.44208323299969,SAT_10057,20.687337561936573,195.11627378589324,99.02495207983084,169.63714753861427,-64.30236248142361,29.8420071059242,35.0,0.1217895816372468,12.385432467096289
15.15330603900001,108.54208323299969,SAT_10057,20.719828005191886,195.29903252920434,99.02840388251623,169.62774424805974,-64.2698720381683,29.854813889546676,35.0,0.12164516865159089,12.375296511003645
15.15330603900001,108.64208323299968,SAT_10057,20.741892016640918,195.42314259360515,99.03073826283565,169.6213524022017,-64.24780802671927,29.863503420503655,35.0,0.12154711866431012,12.368411926356934
15.15330603900001,108.74208323299968,SAT_10057,20.753507824907643,195.4884815151055,99.03196407918136,169.61798535568906,-64.23619221845254,29.86807568088546,35.0,0.12149550575167248,12.36478703789726
15.15330603900001,108.84208323299967,SAT_10057,20.754663933333404,195.49498462500043,99.0320859651118,169.6176501618382,-64.23503611002678,29.868530661268508,35.0,0.12149036901913461,12.364426240437947
15.253306039000009,107.64208323299974,SAT_10071,20.17571530419825,192.23839858611515,98.96835697316105,169.78643476135557,-64.81398473916194,29.6399809638711,35.0,0.12405018058737627,12.543480761090088
15.253306039000009,107.74208323299973,SAT_10071,20.207252761539976,192.41579678366236,98.97198483021059,169.77747173394505,-64.78244728182021,29.652614479921205,35.0,0.12390952514312048,12.533680502653233
15.253306039000009,107.84208323299973,SAT_10071,20.22863843083458,192.5360911734445,98.9744345649173,169.7713882262284,-64.76106161252561,29.661174422279228,35.0,0.12381416410322202,12.527033644473219
15.253306039000009,107.94208323299972,SAT_10057,20.279392395861322,192.82158222671995,98.98010949101293,169.75430312550094,-64.71030764749887,29.680099491870116,35.0,0.12360573014894813,12.512498283719093
15.253306039000009,108.04208323299972,SAT_10057,20.36306924448762,193.29226450024285,98.98954067840222,169.73040922802866,-64.62663079887257,29.71347623482676,35.0,0.1232327679989803,12.48646503767168
15.253306039000009,108.14208323299971,SAT_10057,20.436606842525762,193.7059134892074,98.9977274916902,169.70935251614355,-64.55309320083443,29.74273788243083,35.0,0.12290518367564464,12.463573383446054
15.253306039000009,108.2420832329997,SAT_10057,20.499936319491752,194.0621417971411,99.00470303688427,169.69117510868676,-64.48976372386844,29.76788437434411,35.0,0.12262321266389692,12.44384977686188
15.253306039000009,108.3420832329997,SAT_10057,20.552997632632525,194.36061168355795,99.01049507521512,169.67591375130897,-64.43670241072766,29.788915658716906,35.0,0.12238706003624687,12.427317258099352
15.253306039000009,108.44208323299969,SAT_10057,20.595739945907752,194.6010371957311,99.01512634722597,169.66359957366845,-64.39396009745244,29.805831692186814,35.0,0.12219689925342955,12.413995316717369
15.253306039000009,108.54208323299969,SAT_10057,20.628121955349286,194.78318599883974,99.0186148342708,169.65425788077334,-64.3615780880109,29.818632439877675,35.0,0.1220528711383335,12.403899775976898
15.253306039000009,108.64208323299968,SAT_10057,20.65011215644664,194.90688088001232,99.02097396273616,169.64790798136224,-64.33958788691355,29.827317875398734,35.0,0.12195508303515012,12.3970426979149
15.253306039000009,108.74208323299968,SAT_10057,20.661689049920923,194.9720009058052,99.0222127550555,169.64456305574586,-64.32801099343926,29.831887980844005,35.0,0.12190360816369859,12.39343231037371
15.253306039000009,108.84208323299967,SAT_10057,20.66284128306036,194.97848221721452,99.02233593047964,169.64423006499158,-64.32685876029983,29.832342746791838,35.0,0.12189848517666198,12.393072956923435
15.353306039000008,107.64208323299974,SAT_10071,20.305747756647165,192.9698311311403,98.9832006558792,169.74941524846955,-64.68395228671302,29.691992292022896,35.0,0.12347044596846102,12.503058884297898
15.353306039000008,107.74208323299973,SAT_10071,20.33739542814918,193.14784928333916,98.98676662888342,169.74037973390762,-64.65230461521101,29.704619723722114,35.0,0.12332943000574449,12.493215175019767
15.353306039000008,107.84208323299973,SAT_10071,20.35885604022934,193.26856522629004,98.98917467807972,169.7342469407386,-64.63084400313085,29.71317554358092,35.0,0.12323382385712363,12.486538782116057
15.353306039000008,107.94208323299972,SAT_10071,20.370109412985826,193.33186544804528,98.99043415788246,169.7310292189087,-64.61959063037436,29.717659733863517,35.0,0.1231836964381332,12.483037448891034
15.353306039000008,108.04208323299972,SAT_10071,20.371144933658414,193.33769025182858,98.99054994198386,169.73073306441364,-64.61855510970177,29.718072285274516,35.0,0.1231790839824245,12.482715246580229
15.353306039000008,108.14208323299971,SAT_10071,20.361961624602344,193.2860341383882,98.98952247777069,169.73335907569972,-64.62773841875784,29.714413196958738,35.0,0.12321998982750154,12.48557255018934
15.353306039000008,108.2420832329997,SAT_10057,20.397848908079396,193.48790010794661,98.99342506024755,169.72045722310455,-64.59185113528079,29.727323817769115,35.0,0.12307781506414983,12.47563991488122
15.353306039000008,108.3420832329997,SAT_10057,20.450717508168736,193.78528598344914,98.99928776484369,169.70530584813798,-64.53898253519145,29.748345128489415,35.0,0.12284234549850155,12.459179470044393
15.353306039000008,108.44208323299969,SAT_10057,20.493303939906596,194.0248346619746,99.00397529693124,169.69308069391002,-64.49639610345359,29.765253139894167,35.0,0.12265273689128628,12.445915812546453
15.353306039000008,108.54208323299969,SAT_10057,20.52556746616125,194.20631699715705,99.00750601815213,169.68380670267265,-64.46413257719894,29.778047817114285,35.0,0.12250912827342492,12.435864563367144
15.353306039000008,108.64208323299968,SAT_10057,20.547477016528006,194.32955821797003,99.00989363797682,169.67750290522378,-64.44222302683218,29.78672913376437,35.0,0.12241162561883612,12.42903762975394
15.353306039000008,108.74208323299968,SAT_10057,20.55901138884016,194.3944390622259,99.01114736865009,169.6741822915812,-64.43068865452003,29.79129707194207,35.0,0.12236030121053054,12.425443133670369
15.353306039000008,108.84208323299967,SAT_10057,20.56015938755941,194.40089655502166,99.01127202857049,169.67385172212613,-64.42954065580078,29.791751622227647,35.0,0.1223551932059512,12.425085362696347
15.453306039000008,107.54208323299974,SAT_10071,20.383290528753335,193.4060092242375,98.99190742091733,169.727258671431,-64.60640951460685,29.722910109449497,35.0,0.12312498717639161,12.478935965448954
15.453306039000008,107.64208323299974,SAT_10071,20.425228819922566,193.64191211206446,98.99657155287225,169.71525031197888,-64.56447122343762,29.73960103566345,35.0,0.12293822932029783,12.465883717801907
15.453306039000008,107.74208323299973,SAT_10071,20.456977701664243,193.82049957186135,99.00008223903066,169.70614774456925,-64.53272234169594,29.75222234901824,35.0,0.1227968841507272,12.456000061994212
15.453306039000008,107.84208323299973,SAT_10071,20.478507137508757,193.94160264848676,99.0024530451517,169.69996935960853,-64.51119290585143,29.760774023345324,35.0,0.12270105416934533,12.449296515418872
15.453306039000008,107.94208323299972,SAT_10071,20.489796661805315,194.00510622265492,99.00369307508554,169.6967276909608,-64.49990338155487,29.76525604091438,35.0,0.12265080918614016,12.4457809223223
15.453306039000008,108.04208323299972,SAT_10071,20.490835511248193,194.01094975077106,99.00380707217049,169.6964293315365,-64.498864532112,29.765668392432904,35.0,0.12264618590567297,12.44545740710271
15.453306039000008,108.14208323299971,SAT_10071,20.481622694314737,193.9591276555204,99.0027954718339,169.6990748887168,-64.50807734904545,29.762011077045972,35.0,0.12268718770884542,12.448326349665772
15.453306039000008,108.2420832329997,SAT_10071,20.462166997672583,193.84968936190828,99.00065440641296,169.70465898023957,-64.5275330456876,29.75428410233624,35.0,0.12277378463277411,12.454384383151508
15.453306039000008,108.3420832329997,SAT_10071,20.432486929463963,193.6827389782348,98.99737566228805,169.71317027060996,-64.55721311389622,29.742487484324105,35.0,0.12290591354901105,12.463624414061348
15.453306039000008,108.44208323299969,SAT_10071,20.392610600245234,193.45843462637944,98.99294658850174,169.72459154751616,-64.59708944311495,29.726621247468096,35.0,0.12308347853799398,12.476035664528904
15.453306039000008,108.54208323299969,SAT_10057,20.412267110236698,193.56900249508143,98.99502924477703,169.7163279675536,-64.57743293312349,29.7330601021463,35.0,0.12301358942225084,12.47115147829392
15.553306039000008,107.44208323299975,SAT_10071,20.439746645638962,193.72357488171917,98.99817923121732,169.71108923774747,-64.54995339772123,29.745373925090863,35.0,0.12287359232091592,12.461364492743693
15.553306039000008,107.54208323299974,SAT_10071,20.491984156155226,194.01741087837314,99.00393268482217,169.69609942596418,-64.49771588720496,29.766124309720908,35.0,0.12264107403366811,12.44509969692802
15.553306039000008,107.64208323299974,SAT_10071,20.53404319744881,194.25399298564955,99.00853132144579,169.68401034231198,-64.45565684591138,29.782807099849766,35.0,0.12245392596694189,12.431999677482214
15.553306039000008,107.74208323299973,SAT_10071,20.565883851148996,194.4330966627131,99.01199287645571,169.6748464345079,-64.42381619221119,29.79542226088065,35.0,0.12231228428253219,12.422079734301404
15.553306039000008,107.84208323299973,SAT_10071,20.58747569599366,194.55455078996434,99.01433058503136,169.66862634083512,-64.40222434736653,29.803969766653026,35.0,0.12221625268361429,12.415351520500815
15.553306039000008,107.94208323299972,SAT_10071,20.598798003383763,194.61823876903367,99.0155533296937,169.66536276459763,-64.39090203997642,29.808449599442003,35.0,0.12216590180028712,12.411822973020506
15.553306039000008,108.04208323299972,SAT_10071,20.599839871473606,194.62409927703902,99.01566573862857,169.6650623879967,-64.38986017188658,29.808861749957913,35.0,0.1221612687688956,12.411498265078906
15.553306039000008,108.14208323299971,SAT_10071,20.59060029596978,194.57212666483,99.01466823669824,169.6677258266449,-64.39909974739041,29.805206217346097,35.0,0.12220235701013395,12.414377781081482
15.553306039000008,108.2420832329997,SAT_10071,20.571088176662485,194.46237099372647,99.01255705011681,169.67334762536964,-64.4186118666977,29.797483009186887,35.0,0.12228913620858174,12.42045811430637
15.553306039000008,108.3420832329997,SAT_10071,20.541322259601287,194.29493771025727,99.00932416487832,169.68191629536418,-64.4483777837589,29.785692141495787,35.0,0.12242154249391776,12.429732087396602
15.553306039000008,108.44208323299969,SAT_10071,20.501331015707407,194.06998696335418,99.00495723814328,169.6934143921589,-64.48836902765278,29.769833638723835,35.0,0.12259947882164474,12.442188795396074
15.553306039000008,108.54208323299969,SAT_10071,20.451152457488433,193.78773257337244,98.99943946088004,169.70781863330154,-64.53854758587175,29.74990753375818,35.0,0.12282281554879211,12.45781367077959
15.653306039000007,107.34208323299976,SAT_10071,20.475021322725226,193.9219949403294,99.00206929427478,169.70097001473073,-64.51467872063496,29.75938981467499,35.0,0.12271656891470403,12.45038195166452
15.653306039000007,107.44208323299975,SAT_10071,20.537546177406767,194.2736972479131,99.00891205121535,169.68300266894647,-64.45215386595342,29.78419558037714,35.0,0.12243834151180136,12.43090843587229
15.653306039000007,107.54208323299974,SAT_10071,20.589916878809348,194.56828244330256,99.0145928802479,169.6679227969152,-64.39978316455084,29.804935789301698,35.0,0.12220539626539897,12.414590760671935
15.653306039000007,107.64208323299974,SAT_10071,20.63208370685632,194.80547085106681,99.01913372102267,169.6557608527277,-64.35761633650387,29.821610398427865,35.0,0.12201790274051207,12.401447979463518
15.653306039000007,107.74208323299973,SAT_10071,20.664006286941003,194.98503536404314,99.0225519188089,169.64654157821772,-64.32569375641918,29.834219373169326,35.0,0.12187599852079248,12.391495552850003
15.653306039000007,107.84208323299973,SAT_10071,20.68565384869352,195.10680289890104,99.02486041860502,169.64028383682228,-64.30404619466667,29.842762687373476,35.0,0.12177978839566116,12.384745256822205
15.653306039000007,107.94208323299972,SAT_10071,20.697005424936492,195.17065551526775,99.02606790863175,169.6370004857633,-64.2926946184237,29.847240323320783,35.0,0.12172934373668602,12.381205112244484
15.653306039000007,108.04208323299972,SAT_10071,20.698049988121397,195.17653118318287,99.02617891597922,169.63669828835432,-64.29165005523879,29.8476522717244,35.0,0.12172470207060201,12.38087933653826
15.653306039000007,108.14208323299971,SAT_10071,20.688786522366897,195.12442418831378,99.02519385623417,169.63937786768585,-64.30091352099329,29.84399853172992,35.0,0.12176586685408147,12.383768318183284
15.653306039000007,108.2420832329997,SAT_10071,20.669224030105838,195.01438516934536,99.02310903802864,169.64503370235116,-64.32047601325435,29.836279110915388,35.0,0.12185280745296237,12.389868614365618
15.653306039000007,108.3420832329997,SAT_10071,20.639381473244825,194.84652078700213,99.01991662259557,169.65365416427787,-64.35031857011536,29.82449402529145,35.0,0.12198545932618511,12.399172971802749
15.653306039000007,108.44208323299969,SAT_10071,20.59928764965737,194.6209930293227,99.01560453756596,169.66522159811535,-64.39041239370282,29.808643299301743,35.0,0.12216372441222484,12.411670370476973
15.753306039000007,107.24208323299976,SAT_10071,20.48906077523084,194.0009668606735,99.0036111788808,169.69693903230802,-64.50063926812935,29.76496393671089,35.0,0.12265408418616174,12.44601008834605
15.753306039000007,107.34208323299976,SAT_10071,20.561840433653714,194.41035243930216,99.0115518305878,169.67601072076488,-64.42785960970647,29.793820964922027,35.0,0.12233026941568857,12.423339584447922
15.753306039000007,107.44208323299975,SAT_10071,20.624503554816926,194.76283249584523,99.01831769506167,169.65794848574913,-64.36519648854326,29.818614493434072,35.0,0.12205160338583035,12.403810892842364
15.753306039000007,107.54208323299974,SAT_10071,20.67699080316632,195.05807326781056,99.02393502581991,169.64278866865095,-64.31270924019387,29.83934447080615,35.0,0.12181828847585943,12.387446753873208
15.753306039000007,107.64208323299974,SAT_10071,20.71925196030334,195.29579227670627,99.02842533129328,169.63056204502126,-64.27044808305685,29.856010854030345,35.0,0.12163049580159499,12.374266396264328
15.753306039000007,107.74208323299973,SAT_10071,20.751246244845078,195.47576012725355,99.03180561722083,169.62129361924653,-64.23845379851511,29.86861360853072,35.0,0.12148836420996953,12.36428542358933
15.753306039000007,107.84208323299973,SAT_10071,20.77294257513789,195.59780198515062,99.03408857600746,169.615002455769,-64.2167574682223,29.8771527081625,35.0,0.12139199945555539,12.357515721160237
15.753306039000007,107.94208323299972,SAT_10071,20.784319771264222,195.66179871336126,99.03528272672796,169.611701549227,-64.20538027209597,29.881628135211475,35.0,0.12134147356875657,12.353965384511666
15.753306039000007,108.04208323299972,SAT_10071,20.785366693582972,195.66768765140424,99.03539250846029,169.61139773535248,-64.20433334977722,29.882039880393567,35.0,0.12133682442319964,12.3536386703951
15.753306039000007,108.14208323299971,SAT_10071,20.776082315879165,195.6154630268203,99.03441832871593,169.61409164391267,-64.21361772748102,29.878387942854637,35.0,0.12137805550752638,12.356535970915449
15.753306039000007,108.2420832329997,SAT_10071,20.75647573211478,195.50517599314563,99.03235656787889,169.61977769436612,-64.23322431124541,29.87067233017045,35.0,0.12146513590434758,12.362653811145389
15.753306039000007,108.3420832329997,SAT_10071,20.726566096679406,195.33693429382166,99.0291995397366,169.62844413430264,-64.26313394668078,29.858893058346858,35.0,0.12159800047661203,12.371984870248392
15.753306039000007,108.44208323299969,SAT_10071,20.6863824989766,195.11090155674336,99.02493540736037,169.6400731201082,-64.30331754438359,29.843050151820172,35.0,0.12177655025913672,12.384518025836405
15.853306039000007,107.34208323299976,SAT_10071,20.63774986384604,194.83734298413398,99.01973756243409,169.654125217412,-64.35195017951415,29.8238493710837,35.0,0.12199271276185475,12.399681620423982
15.853306039000007,107.44208323299975,SAT_10071,20.70053082722623,195.1904859031476,99.02643701666446,169.6359805244684,-64.28916921613396,29.848630595637832,35.0,0.12171367825008593,12.380105609053286
15.853306039000007,107.54208323299974,SAT_10071,20.753117425295272,195.48628551728592,99.03199950291916,169.62075123317945,-64.23658261806492,29.869350285633036,35.0,0.12148005270838746,12.36370161781012
15.853306039000007,107.64208323299974,SAT_10071,20.795459005081,195.72445690358063,99.03644615859916,169.6084683998059,-64.19424103827919,29.886008398074164,35.0,0.1212920086001409,12.350489027947313
15.853306039000007,107.74208323299973,SAT_10071,20.827514430434434,195.9047686711937,99.03979369727071,169.59915725802102,-64.16218561292575,29.898604898395533,35.0,0.12114968587006142,12.3404835674302
15.853306039000007,107.84208323299973,SAT_10071,20.84925234820001,196.02704445862508,99.04205459395678,169.59283704781728,-64.14044769516018,29.907139760460122,35.0,0.12105319111146945,12.333697216691546
15.853306039000007,107.94208323299972,SAT_10071,20.860651392902042,196.09116408507398,99.04323722215564,169.58952088385016,-64.12904865045815,29.91161296655897,35.0,0.12100259692733764,12.33013813623962
15.853306039000007,108.04208323299972,SAT_10071,20.861700327124765,196.09706434007683,99.04334594519398,169.5892156651039,-64.12799971623542,29.912024507410763,35.0,0.12099794149276843,12.329810617049521
15.853306039000007,108.14208323299971,SAT_10071,20.852398115640113,196.04473940047566,99.04238116363277,169.5919220271768,-64.13730192772007,29.908374382161604,35.0,0.12103922832418805,12.332715054380701
15.853306039000007,108.2420832329997,SAT_10071,20.832753932246945,195.93424086888908,99.04033931961276,169.59763433787842,-64.15694611111324,29.90066259838502,35.0,0.12112642625805986,12.338847945361794
15.853306039000007,108.3420832329997,SAT_10071,20.80278709922628,195.76567743314783,99.03721285821956,169.6063407362023,-64.18691294413391,29.88888917208211,35.0,0.12125946963937692,12.348201910374344
15.953306039000006,107.44208323299975,SAT_10071,20.765549959810116,195.5562185239319,99.03330467466938,169.6171465917726,-64.22415008355007,29.87424382714729,35.0,0.12142483218824207,12.359822486736515
15.953306039000006,107.54208323299974,SAT_10071,20.81821821880834,195.85247748079692,99.03882057064963,169.60185861360765,-64.17148182455185,29.894953173963668,35.0,0.12119095658274268,12.343385428325126
15.953306039000006,107.64208323299974,SAT_10071,20.86062591606735,196.0910207778788,99.0432301448955,169.58952829695562,-64.12907412729284,29.91160297075867,35.0,0.12100271000040778,12.330146091095477
15.953306039000006,107.74208323299973,SAT_10071,20.892731614960056,196.2716153341503,99.04654986346785,169.58018106998964,-64.09696842840013,29.924193182976747,35.0,0.12086023331208094,12.320120308075166
15.953306039000006,107.84208323299973,SAT_10071,20.91450373236512,196.3940834945538,99.04879201722846,169.5738363216239,-64.07519631099507,29.932723784488562,35.0,0.12076363381870417,12.313320140041016
15.953306039000006,107.94208323299972,SAT_10071,20.925920745628517,196.45830419416043,99.04996485634037,169.57050726833202,-64.06377929773167,29.937194757590344,35.0,0.12071298460631791,12.309753802383673
15.953306039000006,108.04208323299972,SAT_10071,20.926971334512444,196.46421375663252,99.05007267995013,169.5702008627597,-64.06272870884774,29.9376060930035,35.0,0.1207083241043793,12.309425614987171
15.953306039000006,108.14208323299971,SAT_10071,20.917654456154196,196.41180631586732,99.04911588273005,169.572917745452,-64.07204558720599,29.933957789874388,35.0,0.12074965585275621,12.31233597577562
15.953306039000006,108.2420832329997,SAT_10071,20.897979351980723,196.30113385489156,99.04709095914411,169.57865224040046,-64.09172069137946,29.92624985577431,35.0,0.12083694848023759,12.318481358273077
16.053306039000006,107.54208323299974,SAT_10071,20.872225166961613,196.15626656415907,99.0444267939429,169.58615252285722,-64.11747487639857,29.916153084760186,35.0,0.12095123161771351,12.326524206683818
16.053306039000006,107.64208323299974,SAT_10071,20.914684331958952,196.3950993672691,99.04880559092348,169.57378367156815,-64.07501571140124,29.932794521063894,35.0,0.12076283259230838,12.31326372830467
16.053306039000006,107.74208323299973,SAT_10071,20.94682917473864,196.57591410790485,99.05210221874314,169.56440715948014,-64.04287086862155,29.94537841126794,35.0,0.12062023994081542,12.303221880468524
16.053306039000006,107.84208323299973,SAT_10071,20.968627925267185,196.69853207962794,99.05432881567646,169.55804249678602,-64.021072118093,29.95390472925056,35.0,0.12052356153659484,12.296410789020943
16.053306039000006,107.94208323299972,SAT_10071,20.980058933134856,196.76283149888357,99.05549352969352,169.55470298287995,-64.00964111022533,29.958373457313133,35.0,0.12047287085646238,12.292838713802054
16.053306039000006,108.04208323299972,SAT_10071,20.981110810784642,196.7687483106636,99.05560060676191,169.5543956141098,-64.00858923257555,29.95878458617976,35.0,0.1204682065356363,12.292509998109864
16.053306039000006,108.14208323299971,SAT_10071,20.971782509147374,196.71627661395397,99.05465043667444,169.55712103505024,-64.01791753421281,29.95513811499705,35.0,0.12050957213294769,12.295425042026684
16.053306039000006,108.2420832329997,SAT_10071,20.952083324620432,196.60546870098995,99.05263955724988,169.56287353400603,-64.03761671873976,29.947434051334103,35.0,0.12059693610918647,12.301580299958635
16.153306039000007,107.24208323299976,SAT_10071,20.726122541464264,195.3344392957365,99.02914056908048,169.62857258748912,-64.26357750189592,29.858718290122475,35.0,0.12159997105855663,12.372123233470731
16.153306039000007,107.34208323299976,SAT_10071,20.799297815831068,195.74605021404977,99.03683652312147,169.60735389513042,-64.19040222752912,29.88751757028153,35.0,0.12127496289509992,12.349290939785142
16.153306039000007,107.44208323299975,SAT_10071,20.86230434475148,196.10046193922707,99.04339518569543,169.58903990300442,-64.12739569860871,29.91226148262234,35.0,0.1209952607267737,12.329622017499856
16.153306039000007,107.54208323299974,SAT_10071,20.915081231493517,196.39733192715101,99.0488413943167,169.57366796258324,-64.07461881186667,29.932949975764096,35.0,0.12076107175946799,12.313139753288063
16.153306039000007,107.64208323299974,SAT_10071,20.957576927766837,196.63637021868846,99.05319550296566,169.56126971044193,-64.03212311559335,29.949583006749105,35.0,0.12057257120984767,12.299863840690675
16.153306039000007,107.74208323299973,SAT_10071,20.989749566437226,196.81734131120942,99.0564736082165,169.55187085431578,-63.99995047692296,29.96216054104179,35.0,0.12042990126570419,12.289810262383257
16.153306039000007,107.84208323299973,SAT_10071,21.01156723487925,196.94006569619577,99.0586877259949,169.54549099718417,-63.978132808480936,29.970682552527904,35.0,0.12033317023423457,12.282991193590433
16.153306039000007,107.94208323299972,SAT_10071,21.02300818521796,197.00442104185103,99.05984592232933,169.54214350188263,-63.96669185814223,29.9751490235139,35.0,0.12028245188842442,12.27941492788506
16.153306039000007,108.04208323299972,SAT_10071,21.02406097853715,197.01034300427148,99.05995240054658,169.54183539819576,-63.96563906482304,29.975559944726548,35.0,0.12027778501943921,12.279085826334379
16.153306039000007,108.2420832329997,SAT_10071,20.995008271039957,196.84692152459976,99.0570079328525,169.55033356963958,-63.99469177232023,29.96421514283928,35.0,0.12040658476501662,12.288166760754915
16.253306039000005,107.24208323299976,SAT_10102,20.773295438044983,195.59978683900303,99.03404309073791,169.61316448655313,-64.2164046053152,29.87635562864764,35.0,0.12140165451312408,12.358194092896591
16.253306039000005,107.34208323299976,SAT_10071,20.83089985546745,195.9238116870044,99.04012979475748,169.59817327834367,-64.15880018789274,29.89993448922719,35.0,0.12113465691900654,12.339426741857254
16.253306039000005,107.44208323299975,SAT_10071,20.893937529732625,196.278398604746,99.04665990390427,169.57982977444607,-64.09576251362756,29.924665830805104,35.0,0.12085488244423477,12.319743687542376
16.253306039000005,107.54208323299974,SAT_10071,20.946740751482025,196.5754167270864,99.05208253086997,169.5644329667687,-64.04295929187816,29.94534381349506,35.0,0.12062063213405,12.303249506470477
16.253306039000005,107.64208323299974,SAT_10071,20.98925781678372,196.81457521940843,99.05641787065362,169.55201459359245,-64.00044222657647,29.961968394351583,35.0,0.1204320816752286,12.289963945660375
16.253306039000005,107.74208323299973,SAT_10071,21.021446731415857,196.99563786421422,99.05968189462524,169.5426004457433,-63.96825331194433,29.974539538848916,35.0,0.12028937363854554,12.27990303141141
16.253306039000005,107.84208323299973,SAT_10071,21.04327548547529,197.1184246057985,99.06188652554947,169.53621018982798,-63.946424557884896,29.983057220880227,35.0,0.12019261662381886,12.273078972313318
16.253306039000005,107.94208323299972,SAT_10071,21.054722264594076,197.18281273834168,99.06303976706367,169.53285723218653,-63.93497777876611,29.987521422757005,35.0,0.120141884603795,12.269500084732785
16.353306039000003,107.04208323299977,SAT_10102,20.92640632543302,196.46103558056075,99.04993050677207,169.56862497828308,-64.06329371792717,29.936436133805202,35.0,0.12072191922377838,12.310382954225513
16.353306039000003,107.14208323299977,SAT_10102,20.87758884457817,196.18643725075222,99.044903533307,169.58285198826843,-64.11211119878202,29.9173119129402,35.0,0.12093855989371916,12.325632563560061
16.353306039000003,107.24208323299976,SAT_10102,20.81854245742656,195.8543013230244,99.03877381777153,169.60002730460457,-64.17115758593363,29.89414085855106,35.0,0.12120069973973005,12.344070440140392
16.353306039000003,107.34208323299976,SAT_10071,20.851312828309318,196.03863465923993,99.0422468274538,169.59223772006862,-64.13838721505087,29.907948452546425,35.0,0.12104404543797585,12.333053902090695
16.353306039000003,107.44208323299975,SAT_10071,20.914359155136708,196.393270247644,99.04875719418965,169.57387846986603,-64.07534088822348,29.932667156725735,35.0,0.12076427523339645,12.313365299849785
16.353306039000003,107.54208323299974,SAT_10071,20.96716976638625,196.69032993592265,99.05416351744452,169.55846839388443,-64.02253027697394,29.95333457324995,35.0,0.12053002803992516,12.29686642829954
16.353306039000003,107.64208323299974,SAT_10071,21.009692876128284,196.9295224282216,99.05848588166931,169.5460392847372,-63.9800071672319,29.969950659185677,35.0,0.12034147978468243,12.283577061895718
16.353306039000003,107.74208323299973,SAT_10071,21.041886423181452,197.11061113039568,99.06174017118887,169.5366169776399,-63.947813620178735,29.982515380016874,35.0,0.12019877323420505,12.273513249321496
16.353306039000003,107.84208323299973,SAT_10071,21.063718346387255,197.2334156984283,99.06393824400956,169.53022117319082,-63.92598169697293,29.99102870964405,35.0,0.12010201713786224,12.26668721628829
16.353306039000003,112.04208323299949,SAT_10071,20.878950606557353,196.1940971618851,99.0451083736265,169.58419455939713,-64.11074943680283,29.918790549518825,35.0,0.12092138563322027,12.324424041291314
16.453306039000005,106.74208323299979,SAT_10102,21.045255191885047,197.1295604543534,99.06201070756391,169.5338857813425,-63.94444485147514,29.982870701541426,35.0,0.12019482777027665,12.273234943903805
16.453306039000005,106.94208323299978,SAT_10102,20.99911867861786,196.87004256722548,99.05734459123096,169.547388686516,-63.990581364742326,29.96486601519055,35.0,0.12039938584411354,12.287659307572763
16.453306039000005,107.04208323299977,SAT_10102,20.960555619584113,196.65312536016066,99.05341982907152,169.5586581662804,-64.02914442377607,29.949796428212345,35.0,0.12057041972188991,12.299712265986138
16.453306039000005,107.14208323299977,SAT_10102,20.911710174371734,196.378369730841,99.04841608233093,169.57291049779036,-64.07798986898845,29.93068205099112,35.0,0.12078712900091751,12.31497429318829
16.453306039000005,107.24208323299976,SAT_10102,20.852630244289927,196.04604512413084,99.04231483220964,169.59011627260048,-64.13706979907026,29.907522923256057,35.0,0.12104935095032111,12.333427098775507
16.453306039000005,107.34208323299976,SAT_10071,20.860514977988274,196.09039675118404,99.04319648384345,169.589560577014,-64.12918506537191,29.911559444265226,35.0,0.12100320237379954,12.330180730249339
16.453306039000005,107.44208323299975,SAT_10071,20.92354732291969,196.44495369142325,99.04969578960805,169.5711994382019,-64.0661527204405,29.93626544443602,35.0,0.12072351344716638,12.310495213227467
16.453306039000005,107.54208323299974,SAT_10071,20.976346258471978,196.74194770390486,99.05509298044423,169.555787770816,-64.01335378488821,29.95692223910213,35.0,0.12048933419362136,12.293998918980705
16.453306039000005,107.64208323299974,SAT_10071,21.018859991011986,196.9810874494424,99.05940807776467,169.54335737398935,-63.9708400523482,29.973529785342098,35.0,0.12030084054919256,12.280711623151749
16.453306039000005,107.74208323299973,SAT_10071,21.05104645306112,197.1621362984688,99.06265691628563,169.53393408826443,-63.93865359029907,29.98608804864949,35.0,0.12015817528759043,12.270649375396536
16.453306039000005,111.54208323299952,SAT_10071,21.076680912494048,197.30633013277904,99.0652333651422,169.5264213679389,-63.91301913086614,29.996080619240757,35.0,0.12004457639056702,12.262633805777437
16.453306039000005,111.7420832329995,SAT_10071,21.02878222021021,197.03689998868242,99.06041126013608,169.54045356910643,-63.96091782314998,29.97740254640743,35.0,0.12025685694620751,12.277609943504771
16.553306039000006,106.74208323299979,SAT_10102,21.06818876844366,197.2585618224956,99.06431178331793,169.52716554634617,-63.921511274916526,29.99181056832127,35.0,0.12009317244372524,12.2660631244479
16.553306039000006,106.84208323299978,SAT_10102,21.050290891825163,197.15788626651656,99.06251172567234,169.53241063509583,-63.939409151535024,29.98483426074256,35.0,0.1201725050229359,12.271660272158817
16.553306039000006,106.94208323299978,SAT_10102,21.02204219202629,196.99898733014788,99.05966093028287,169.54068234897943,-63.9676578513339,29.973815202620997,35.0,0.12029773964654156,12.280492965328923
16.553306039000006,107.04208323299977,SAT_10102,20.983470810589182,196.78202330956415,99.05574905798763,169.55196339444953,-64.006229232771,29.958753416863534,35.0,0.12046878087005491,12.292550474314943
16.553306039000006,107.14208323299977,SAT_10102,20.93461493948317,196.50720903459285,99.0507618130662,169.56623030996593,-64.05508510387702,29.93964893478219,35.0,0.12068549908249947,12.307818229610778
16.553306039000006,107.24208323299976,SAT_10102,20.87552257069349,196.17481446015088,99.0446807876982,169.58345362724629,-64.1141774726667,29.916501796094764,35.0,0.12094773128498472,12.326277910230187
16.553306039000006,107.34208323299976,SAT_10071,20.85849647041114,196.07904264606267,99.04298292842178,169.59014788746543,-64.13120357294905,29.910767457186004,35.0,0.12101216113105713,12.330810981538567
16.553306039000006,107.44208323299975,SAT_10071,20.921492154131727,196.43339336699097,99.04947978670108,169.57179874765484,-64.06820788922846,29.935460686763975,35.0,0.12073263061971658,12.31113719771788
16.553306039000006,107.54208323299974,SAT_10071,20.97426031096674,196.73021424918792,99.05487496052268,169.55639719099975,-64.01543973239345,29.956106803901,35.0,0.12049858423834851,12.294650761056367
16.553306039000006,107.64208323299974,SAT_10071,21.016749214041283,196.96921432898225,99.05918845526269,169.54397497522254,-63.972950829318904,29.97270576568745,35.0,0.1203101977000899,12.281371422083724
16.653306039000004,106.6420832329998,SAT_10102,21.087360724775657,197.3664040768631,99.06622799432587,169.52154339632162,-63.90233931858453,29.999279037637816,35.0,0.12000820443624224,12.26006675546449
16.653306039000004,106.74208323299979,SAT_10102,21.079832675696842,197.32405880079472,99.0654736619175,169.52375144100455,-63.909867367663345,29.99634702242764,35.0,0.12004156644947468,12.262421382636962
16.653306039000004,106.84208323299978,SAT_10102,21.06193741659446,197.22339796834385,99.06367713745884,169.5289979227796,-63.92776262676573,29.989374347003853,35.0,0.12012088042180491,12.268018170568174
16.653306039000004,106.94208323299978,SAT_10102,21.03369286077556,197.06452234186253,99.06083195029454,169.53727183010284,-63.95600718258463,29.978361025864775,35.0,0.12024608563245762,12.276850292714105
16.653306039000004,107.04208323299977,SAT_10102,20.995127162634518,196.84759028981915,99.05692779882081,169.54855586027975,-63.99457288072567,29.963307081910862,35.0,0.12041708660560704,12.28890701575118
16.653306039000004,107.14208323299977,SAT_10102,20.946278531513556,196.57281673976377,99.0519504394213,169.5628265394076,-64.04342151184663,29.944212546445254,35.0,0.12063375368779027,12.30417376519649
16.653306039000004,107.24208323299976,SAT_10102,20.88719498111641,196.24047176877983,99.04588153166151,169.58005438375233,-64.10250506224378,29.921077459174494,35.0,0.12089592382679938,12.322632213839153
16.653306039000004,107.34208323299976,SAT_10071,20.845259464107045,196.00458448560215,99.04160567684649,169.59399832600369,-64.14444057925314,29.905572492887373,35.0,0.12107091437809553,12.334943831758729
16.653306039000004,107.44208323299975,SAT_10071,20.908195859883904,196.35860171184697,99.04810869386061,169.57567503998706,-64.08150418347628,29.930252885313603,35.0,0.12079161924589747,12.315290409556939
16.753306039,106.6420832329998,SAT_10102,21.08769839100738,197.36830344941652,99.06625509287419,169.52144434199337,-63.90200165235281,29.999410534807566,35.0,0.12000670804737967,12.259961137119626
16.753306039,106.74208323299979,SAT_10102,21.080174201393902,197.3259798828407,99.06550125888658,169.52365128116784,-63.909525841966285,29.996480054821685,35.0,0.12004005287064452,12.262314562749484
16.753306039,106.84208323299978,SAT_10102,21.06228811321253,197.2253706368205,99.06370592316841,169.52889513842322,-63.927411930147656,29.98951103034246,35.0,0.1201193259881662,12.267908496078723
16.753306039,106.94208323299978,SAT_10102,21.034058021859693,197.06657637296078,99.06086262352795,169.53716491321012,-63.955642021500495,29.978503475864127,35.0,0.12024446674009126,12.276736117414412
16.753306039,107.04208323299977,SAT_10102,20.995512053648845,196.84975530177474,99.05696107188109,169.54844332006556,-63.99418798971134,29.963457414280725,35.0,0.12041537974616773,12.28878670418034
16.753306039,107.14208323299977,SAT_10102,20.946688379949293,196.57512213721478,99.05198704339547,169.5627069083763,-64.0430116634109,29.94437287688662,35.0,0.12063193548229086,12.304045696438928
16.753306039,107.24208323299976,SAT_10102,20.887634966972357,196.2429466892195,99.04592222197684,169.57992622351605,-64.10206507638783,29.921249903377216,35.0,0.12089397105822997,12.32249478519076
16.753306039,107.34208323299976,SAT_10071,20.82081809477549,195.86710178311213,99.03905959050586,169.60110321345087,-64.1688819485847,29.895974561724216,35.0,0.12117941409513372,12.342573882762908
16.853306039000003,106.6420832329998,SAT_10102,21.076730546150095,197.3066093220943,99.0651493587373,169.52466115254617,-63.91296949721009,29.995138602101957,35.0,0.12005531469455992,12.263391632071322
16.853306039000003,106.74208323299979,SAT_10102,21.069212972265724,197.26432296899472,99.06439504221083,169.52686529634693,-63.92048707109446,29.992209665238352,35.0,0.12008863297213991,12.265742807013746
16.853306039000003,106.84208323299978,SAT_10102,21.05134259904979,197.16380211965506,99.0625985562931,169.5321025172666,-63.9383574443104,29.98524431048603,35.0,0.12016784301890418,12.271331394510925
16.853306039000003,106.94208323299978,SAT_10102,21.023137277953822,197.00514718849024,99.05975343224328,169.54036184253255,-63.966562765406366,29.97424255233521,35.0,0.12029288431655795,12.280150590892468
16.853306039000003,107.04208323299977,SAT_10102,20.984625066396674,196.7885159984813,99.05584937155552,169.55162603021523,-64.00507497696351,29.95920441367358,35.0,0.12046366170696178,12.29218969871489
16.853306039000003,107.14208323299977,SAT_10102,20.935844042589267,196.51412273956464,99.05087213499664,169.56587168853983,-64.05385600077092,29.940129925786813,35.0,0.12068004596671025,12.307434192051183
16.853306039000003,107.24208323299976,SAT_10102,20.87684205623745,196.18223656633566,99.04480338794276,169.58306943642103,-64.11285798712274,29.917019128359296,35.0,0.12094187458221801,12.32586580447879
16.953306039000005,106.6420832329998,SAT_10102,21.05446917456409,197.181389106923,99.06290682264286,169.53118645925736,-63.9352308687961,29.986463248032727,35.0,0.12015398376548346,12.270353673805978
16.953306039000005,106.74208323299979,SAT_10102,21.04696095673897,197.13915538165674,99.06215103807511,169.53338612796287,-63.942739086621216,29.983535862186343,35.0,0.12018726619225384,12.272701554652437
16.953306039000005,106.84208323299978,SAT_10102,21.02911280474183,197.03875952667278,99.06035105218714,169.53861272478733,-63.96058723861836,29.97657419593606,35.0,0.12026639107233852,12.278282318694743
16.953306039000005,106.94208323299978,SAT_10102,21.00094250029366,196.88030156415186,99.05750037460959,169.54685532135272,-63.98875754306653,29.965578263768112,35.0,0.12039129810893676,12.287089187372974
16.953306039000005,107.04208323299977,SAT_10102,20.962477991493188,196.66393870214918,99.05358867236652,169.5580967453083,-64.027222051867,29.950548088563913,35.0,0.12056189249146272,12.299111502631167
16.953306039000005,107.14208323299977,SAT_10102,20.913757208729137,196.38988429910142,99.04860165849034,169.57231369892236,-64.07594283463105,29.931483701600545,35.0,0.12077804546707102,12.31433479184216
17.053306039000002,106.4420832329998,SAT_10102,21.004941251077994,196.90279453731372,99.05789985920316,169.54568579153613,-63.98475879228219,29.9671397316643,35.0,0.12037356604268015,12.285839166367687
17.053306039000002,106.5420832329998,SAT_10102,21.018103877860682,196.9768343129663,99.05923240334282,169.541834900354,-63.971596165499506,29.972278178690036,35.0,0.12031520145306472,12.281724242382483
17.053306039000002,106.6420832329998,SAT_10102,21.020938527253534,196.9927792158011,99.05951903438395,169.54100535370384,-63.96876151610665,29.97338448988561,35.0,0.12030263305358756,12.280838019234833
17.053306039000002,106.74208323299979,SAT_10102,21.013442378058002,196.95061337657629,99.05876078481262,169.54319888535775,-63.976257665302185,29.970458662948378,35.0,0.12033587041167869,12.283181572481128
17.053306039000002,106.84208323299978,SAT_10102,20.995622887688896,196.85037874325005,99.05695492185157,169.5484109124608,-63.99407715567129,29.963500703968094,35.0,0.1204148882361903,12.28875205894239
17.053306039000002,106.94208323299978,SAT_10102,20.967497742767378,196.69217480306648,99.05409491822749,169.55663056737106,-64.02220230059281,29.95251062742707,35.0,0.12053962653059501,12.297542734118226
17.053306039000002,107.04208323299977,SAT_10102,20.92909474229735,196.4761579254226,99.05017038213295,169.5678407729301,-64.06060530106284,29.9374884562005,35.0,0.12070999095549266,12.309542993377724
17.153306039,106.4420832329998,SAT_10102,20.9602091199296,196.651176299604,99.05334635396305,169.55875935605295,-64.02949092343059,29.94966093960593,35.0,0.12057195673332988,12.299820550250239
17.153306039,106.5420832329998,SAT_10102,20.973345872691127,196.7250705338876,99.0546850177588,169.55492210712933,-64.01635417066906,29.954796634961557,35.0,0.12051368721637921,12.295715011284912
17.153306039,106.6420832329998,SAT_10102,20.976174946447586,196.7409840737677,99.05497296422385,169.55409550082894,-64.0135250969126,29.955902353720816,35.0,0.12050113930166047,12.29483081050282
17.153306039,106.74208323299979,SAT_10102,20.968693539155055,196.69890115774717,99.05421123414204,169.5562812586687,-64.02100650420513,29.952978093581674,35.0,0.12053432249633239,12.297169016621794
17.153306039,106.84208323299978,SAT_10102,20.950909057607817,196.598863449044,99.05239707277029,169.5614748301802,-64.03879098575237,29.946023860632256,35.0,0.1206132116685392,12.302726804535876
17.153306039,106.94208323299978,SAT_10102,20.922839068537087,196.4409697605211,99.04952390032739,169.56966542441407,-64.0668609748231,29.93503966935098,35.0,0.1207377471992105,12.3114974725608
17.153306039,107.34208323299976,SAT_10102,20.70840269180448,195.23476514140023,99.02717046063259,169.6319691226033,-64.28129735155571,29.85080390415989,35.0,0.12168997921725694,12.37844215389505
17.253306039,106.24208323299982,SAT_10102,20.84729552819023,196.01603734607005,99.04172698243417,169.59166812964187,-64.14240451516996,29.905429593186664,35.0,0.12107303439702458,12.335092944317722
17.253306039,106.34208323299981,SAT_10102,20.880920663336312,196.20517873126673,99.04520610804236,169.58188176691183,-64.10877938002388,29.91861809555561,35.0,0.12092377153627908,12.324591937131382
17.253306039,106.4420832329998,SAT_10102,20.904297822742507,196.3366752529266,99.0476145796619,169.5750711573063,-64.08540222061768,29.92777882119682,35.0,0.12082002182147653,12.317289862686733
17.253306039,106.5420832329998,SAT_10102,20.917404098400056,196.4103980535003,99.04896119423151,169.57125036627275,-64.07229594496013,29.93291175103268,35.0,0.12076186306224537,12.313195466657813
17.253306039,106.6420832329998,SAT_10102,20.92022660448137,196.42627465020772,99.04925084970584,169.5704273071675,-64.06947343887882,29.934016874373786,35.0,0.12074933901238438,12.3123136670727
17.253306039,106.74208323299979,SAT_10102,20.912762561940966,196.38428941091794,99.04848459770574,169.57260368678007,-64.07693748141922,29.931094188918713,35.0,0.12078245910678007,12.314645524451077
17.253306039,106.84208323299978,SAT_10102,20.89501931679601,196.28448365697753,99.04665965480035,169.57777499356038,-64.09468072656418,29.924143700753973,35.0,0.12086119840458706,12.320188235353186
17.353306039000003,106.14208323299982,SAT_10102,20.73669208867642,195.39389299880486,99.03015483299214,169.6237767040601,-64.25300795468377,29.8619493642478,35.0,0.12156426968635954,12.369616345185106
17.353306039000003,106.24208323299982,SAT_10102,20.78041625959972,195.63984146024842,99.03475100050329,169.6110983917639,-64.20928378376047,29.87915629364345,35.0,0.1213700244577163,12.355971661182291
17.353306039000003,106.34208323299981,SAT_10102,20.81395201547906,195.82848008706972,99.03825565714833,169.60136106605995,-64.17574802788113,29.892337654727992,35.0,0.12122108410585583,12.345503532443313
17.353306039000003,106.4420832329998,SAT_10102,20.837266888950964,195.95962625034917,99.04068175835502,169.59458464766215,-64.15243315440922,29.901493420042364,35.0,0.12111755904427585,12.33822436774516
17.353306039000003,106.5420832329998,SAT_10102,20.850338191477903,196.0331523270632,99.04203821397772,169.59078306146492,-64.13936185188228,29.906623570513958,35.0,0.12105952639235006,12.334142834538973
17.353306039000003,106.6420832329998,SAT_10102,20.853153160931086,196.04898653023739,99.04232998475912,169.58996414158787,-64.1365468824291,29.90772809545618,35.0,0.12104702951512,12.333263806782295
17.353306039000003,106.74208323299979,SAT_10102,20.845709044966114,196.0071133779344,99.04155813579347,169.592129577715,-64.14399099839407,29.904806992568215,35.0,0.12108007776358441,12.335588335483685
17.453306039,106.04208323299983,SAT_10102,20.605203168192375,194.65426782108213,99.01614580578557,169.6617858593841,-64.38449687516781,29.810061361847943,35.0,0.12214878896756853,12.410623588664071
17.453306039,106.14208323299982,SAT_10102,20.658913382282066,194.95638777533662,99.02190087195416,169.64628126207262,-64.33078666107812,29.831282263253968,35.0,0.12190995787416613,12.393877704385298
17.453306039,106.24208323299982,SAT_10102,20.702506883080858,195.20160121732982,99.02653734442328,169.6336754804915,-64.28719316027933,29.848479823995955,35.0,0.12171618171784061,12.38028132206596
17.453306039,106.34208323299981,SAT_10102,20.73594209139013,195.38967426406947,99.03007262852492,169.62399400367303,-64.25375795197006,29.8616540082371,35.0,0.12156760210837726,12.369850354425745
17.453306039,106.4420832329998,SAT_10102,20.759186894480152,195.52042628145088,99.0325198779299,169.61725652527335,-64.23051314888004,29.87080478852547,35.0,0.12146432834209242,12.362597083790066
17.453306039,106.5420832329998,SAT_10102,20.772218852401593,195.59373104475898,99.03388813854376,169.61347681096981,-64.2174811909586,29.87593214579342,35.0,0.12140643675614518,12.358530089026065
17.453306039,106.6420832329998,SAT_10102,20.775025343131404,195.60951755511414,99.03418244675711,169.6126626051261,-64.21467470022878,29.877036069357136,35.0,0.12139397027504106,12.357654194184773
17.553306039,105.94208323299983,SAT_10102,20.45310014611063,193.7986883218723,98.99958761795736,169.70553489591623,-64.53659989724956,29.749772438514597,35.0,0.12282564845494837,12.458011791392982
17.553306039,106.04208323299983,SAT_10102,20.516666492132487,194.15624901824526,99.0065541837018,169.6872799345025,-64.4730335512277,29.77500281600402,35.0,0.12254268656510943,12.438213746164115
17.553306039,106.14208323299982,SAT_10102,20.570199139251145,194.45737015828772,99.0123682421404,169.67187474391056,-64.41950090410904,29.796212099697527,35.0,0.12230449062316869,12.42153376927283
17.553306039,106.24208323299982,SAT_10102,20.613647923802546,194.70176957138935,99.01705203359319,169.65935004376792,-64.37605211955764,29.81340024538398,35.0,0.12211123176847731,12.40799108940523
17.553306039,106.34208323299981,SAT_10102,20.646971774716675,194.8892162327813,99.0206232737201,169.64973099796552,-64.34272826864351,29.82656721723578,35.0,0.1219630500059022,12.397601437907863
17.553306039,106.4420832329998,SAT_10102,20.670138973346624,195.01953172507476,99.02309535001622,169.64303704787343,-64.31956107001356,29.835712987808062,35.0,0.1218600533889939,12.390376956559205
17.553306039,106.5420832329998,SAT_10102,20.683127355968736,195.09259137732417,99.02447746884062,169.63928178227164,-64.30657268739145,29.840837538038073,35.0,0.12180231738481222,12.386326125773069
17.653306039,105.84208323299984,SAT_10102,20.28068667990165,192.82886257444676,98.98034282489685,169.75484365024596,-64.70901336345854,29.681089528938504,35.0,0.12359379172746099,12.51166545042362
17.653306039,105.94208323299983,SAT_10102,20.353963908018414,193.2410469826036,98.98858556496671,169.73392349271987,-64.63573613534177,29.71032484569633,35.0,0.12326720763887636,12.488870280679366
17.653306039,106.04208323299983,SAT_10102,20.41730083712163,193.59731720880916,98.99563427680059,169.7157977794373,-64.57239920623856,29.73554133473838,35.0,0.12298506441238088,12.469157697127237
17.653306039,106.14208323299982,SAT_10102,20.4706393135273,193.89734613859108,99.00151652982413,169.70050208059797,-64.51906072983289,29.756738943482326,35.0,0.12274756082649994,12.452550031890754
17.653306039,106.24208323299982,SAT_10102,20.51392984921057,194.14085540180946,99.00625501880278,169.68806668388686,-64.47577019414962,29.773917627728274,35.0,0.12255486587914606,12.439066272111887
17.653306039,106.34208323299981,SAT_10102,20.547131929179542,194.32761710163496,99.00986781996792,169.67851639747576,-64.44256811418065,29.787077351657736,35.0,0.12240711781615421,12.428721950546464
17.653306039,106.4420832329998,SAT_10057,20.588861750604366,194.56234734714957,99.01434727950293,169.66558245190527,-64.40083829275582,29.803111045069144,35.0,0.12222749636742038,12.41613938955228
17.753306039,105.74208323299985,SAT_10102,20.088295136813528,191.7466601445761,98.95824533554273,169.80951477043055,-64.90140490654666,29.604019649929004,35.0,0.12445206118083428,12.57145772486427
17.753306039,105.84208323299984,SAT_10102,20.17112436464255,192.2125745511144,98.9678426857389,169.78602274472996,-64.81857567871764,29.637255328274293,35.0,0.12408241153659673,12.545725850725365
17.753306039,105.94208323299983,SAT_10102,20.244116075313627,192.62315292363914,98.97619589733154,169.76526419473703,-64.74558396804656,29.66647446418724,35.0,0.12375684479404733,12.523037392702728
17.753306039,106.04208323299983,SAT_10102,20.307204773010625,192.97802684818475,98.98333849256822,169.74727912792306,-64.68249527034956,29.691676996717266,35.0,0.12347558529503391,12.503417553848728
17.753306039,106.14208323299982,SAT_10102,20.360333156673946,193.27687400629094,98.98929867857935,169.73210257002893,-64.62936688668624,29.71286287329529,35.0,0.12323882910411829,12.486888360848491
17.753306039,106.24208323299982,SAT_10057,20.415410574842326,193.58668448348809,98.99538949560232,169.71542742700976,-64.57428946851786,29.73431039156596,35.0,0.12299958779968839,12.470172845274366
17.753306039,106.34208323299981,SAT_10057,20.52345292382124,194.19442269649448,99.00725696445272,169.6844148398715,-64.46624711953895,29.77720964995518,35.0,0.1225185393084784,12.436523390314164
17.753306039,106.4420832329998,SAT_10057,20.621765398192267,194.7474303648315,99.01788494279396,169.65609248657796,-64.36793464516792,29.816120687038485,35.0,0.12208114101970789,12.405881704608735
17.853306039,105.74208323299985,SAT_10102,19.968493341834943,191.07277504782155,98.94414231268104,169.84337255970647,-65.02120670152524,29.55580132177796,35.0,0.12498709387548884,12.608648369721255
17.853306039,105.84208323299984,SAT_10102,20.05097743526636,191.53674807337327,98.95388452382579,169.82007655287703,-64.93872260809383,29.589018505231355,35.0,0.12461867304102404,12.583045887407135
17.853306039,105.94208323299983,SAT_10102,20.123662967588672,191.9456041926863,98.9623629195192,169.79949209068445,-64.86603707577152,29.618221381414646,35.0,0.12429419538334405,12.560472171118354
17.853306039,106.04208323299983,SAT_10057,20.192263411075714,192.3314816873009,98.97023804132516,169.7791082948412,-64.79743663228447,29.645254904058923,35.0,0.12399431651132027,12.539588924990891
17.853306039,106.14208323299982,SAT_10057,20.31948400890522,193.04709755009188,98.98468572828733,169.74286374043461,-64.67021603445497,29.696101785743895,35.0,0.12342700695652588,12.500027072807713
17.853306039,106.24208323299982,SAT_10057,20.4371729101521,193.70909761960556,98.99779615876506,169.70919021747048,-64.55252713320809,29.742962871440366,35.0,0.12290266271715236,12.46339712446083
17.853306039,106.34208323299981,SAT_10057,20.545227481377268,194.31690458274713,99.009623763288,169.67815036353346,-64.44447256198292,29.785838063057632,35.0,0.12242163586181268,12.429738625645289
17.853306039,106.4420832329998,SAT_10057,20.6435515559874,194.86997750242912,99.02021639635382,169.64980293790956,-64.34614848737279,29.824727270856535,35.0,0.1219842556789722,12.399088564640781
17.953306038999997,105.64208323299985,SAT_10057,20.10719963658414,191.8529979557858,98.96041808799795,169.80325247928644,-64.88250040677605,29.61114705710147,35.0,0.12437392466465498,12.566021059926433
17.953306038999997,105.74208323299985,SAT_10057,19.963982981600623,191.0474042715035,98.94357388359555,169.8437403197076,-65.02571706175956,29.553523431442233,35.0,0.12501356289521856,12.610486610598981
17.953306038999997,105.84208323299984,SAT_10057,19.920485608636966,190.80273154858295,98.93838035161725,169.8559970369933,-65.06921443472322,29.53597302263975,35.0,0.12520795934887077,12.623982461020805
17.953306038999997,105.94208323299983,SAT_10057,20.06640366245236,191.62352060129453,98.95565940228396,169.81480633726585,-64.92329638090783,29.594757993700608,35.0,0.12455606310605122,12.57869197423654
17.953306038999997,106.04208323299983,SAT_10057,20.203014895240813,192.3919587857296,98.97147332602789,169.77605150328384,-64.78668514811937,29.649559638119612,35.0,0.12394635293464108,12.536246930020505
17.953306038999997,106.14208323299982,SAT_10057,20.330205438078096,193.10740558918928,98.98589159428715,169.7398018525045,-64.65949460528209,29.70037784113214,35.0,0.12337922093067433,12.496691372979038
17.953306038999997,106.24208323299982,SAT_10057,20.447866737088987,193.76925039612556,98.99897566036422,169.70612355641106,-64.5418333062712,29.74721249632701,35.0,0.12285504014785088,12.460067206039305
17.953306038999997,106.34208323299981,SAT_10057,20.55589613712236,194.3769157713133,99.01077975089405,169.6750792697544,-64.43380390623783,29.790063505644124,35.0,0.12237416269620391,12.42641397943135
17.953306038999997,106.4420832329998,SAT_10057,20.65419745094715,194.92986066157772,99.02135154328334,169.6467277681333,-64.33550259241304,29.828930779372307,35.0,0.12193691790263846,12.395768685749406
18.053306039,105.64208323299985,SAT_10057,20.107010128288465,191.8519319716226,98.96040026793173,169.80330618826815,-64.88268991507172,29.611070972177554,35.0,0.12437477062547811,12.566079928355645
18.053306039,105.74208323299985,SAT_10071,20.01470253775628,191.33270177487907,98.94969817850675,169.8320408726342,-64.97499750560391,29.57529288294191,35.0,0.12476877872722303,12.593480737184398
18.053306039,105.84208323299984,SAT_10071,20.006287462386098,191.28536697592182,98.94870469889038,169.83441733625023,-64.98341258097409,29.571903421400723,35.0,0.12480635752497642,12.596092308599607
18.053306039,105.94208323299983,SAT_10057,20.066237505957687,191.622585971012,98.9556446864549,169.81485336080613,-64.9234625374025,29.594691201979263,35.0,0.12455680503855028,12.578743573537082
18.053306039,106.04208323299983,SAT_10057,20.20277042593716,192.39058364589653,98.97144835597057,169.77612102200564,-64.78692961742303,29.64946177189505,35.0,0.1239474434988484,12.536322923813591
18.053306039,106.14208323299982,SAT_10057,20.329887755752736,193.10561862610916,98.98585742835324,169.7398925946433,-64.65981228760745,29.70025115928018,35.0,0.12338063680615298,12.496790215438185
18.053306039,106.24208323299982,SAT_10057,20.44748106356839,193.7670809825722,98.99893327548762,169.7062341757747,-64.5422189797918,29.747059257756394,35.0,0.12285675759459745,12.460187304178882
18.053306039,106.34208323299981,SAT_10057,20.555447811202086,194.37439393801174,99.01073005348206,169.67520834867963,-64.4342522321581,29.789885969293913,35.0,0.12237615757326438,12.42655369519912
18.153306039,105.54208323299986,SAT_10057,20.22953451785409,192.54113166292927,98.9745089252469,169.76850668636615,-64.7601655255061,29.66017167899454,35.0,0.12382806162300043,12.52800245651149
18.153306039,105.64208323299985,SAT_10071,20.15997071422717,192.14983526752786,98.96664193188379,169.79090570568016,-64.82972932913302,29.633669345348522,35.0,0.12412041244113119,12.54837255636025
18.153306039,105.74208323299985,SAT_10071,20.161362563621097,192.15766442036866,98.96680232656668,169.79051056581784,-64.82833747973909,29.634227425009513,35.0,0.12411420350591845,12.54794013542484
18.153306039,105.84208323299984,SAT_10071,20.15291501972223,192.11014698593755,98.96582829667989,169.7929084893539,-64.83678502363796,29.63083991275567,35.0,0.12415188830487908,12.550564558734868
18.153306039,105.94208323299983,SAT_10071,20.13463565520624,192.00732556053507,98.96371612964458,169.79809484707255,-64.85506438815395,29.62350681571172,35.0,0.12423344093252621,12.556242915860588
18.153306039,106.04208323299983,SAT_10057,20.191530248902126,192.32735765007445,98.97016341818153,169.77931670072155,-64.79816979445806,29.644961305580313,35.0,0.12399758736363188,12.539816811953182
18.153306039,106.14208323299982,SAT_10057,20.318531285135677,193.04173847888822,98.98458347525202,169.74313576903765,-64.67116875822451,29.69572174044052,35.0,0.12343125347907585,12.500323476148301
18.153306039,106.24208323299982,SAT_10057,20.436016286386376,193.70259161092338,98.99766921181057,169.7095218325369,-64.55368375697381,29.742503156033926,35.0,0.12290781370371648,12.463757266767132
18.253306038999998,105.34208323299987,SAT_10057,20.44588977107321,193.75812996228683,98.99875818597836,169.706690576423,-64.54381027228698,29.746426974686077,35.0,0.12286384384642564,12.460682826703627
18.253306038999998,105.44208323299986,SAT_10057,20.331343924291275,193.11380957413843,98.98602376278367,169.73947664928215,-64.65835611906891,29.700831823960527,35.0,0.12337414684831972,12.496337146898963
18.253306038999998,105.54208323299986,SAT_10071,20.284983401656987,192.85303163432056,98.98090983663363,169.75533808665608,-64.7047166417032,29.683700655790624,35.0,0.12356298533529449,12.509516225502455
18.253306038999998,105.64208323299985,SAT_10071,20.296253574583233,192.9164263570307,98.98218200397527,169.7521239110338,-64.69344646877695,29.688201722511824,35.0,0.1235127564640646,12.506011523790898
18.253306038999998,105.74208323299985,SAT_10071,20.29765040706046,192.9242835397151,98.98233952005027,169.75172545544058,-64.69204963629973,29.688759479533505,35.0,0.12350653134770852,12.505577129044948
18.253306038999998,105.84208323299984,SAT_10071,20.28917263062111,192.87659604724374,98.981382976832,169.75414349595695,-64.70052741273908,29.685373925682345,35.0,0.12354431431975149,12.508213528144712
18.253306038999998,105.94208323299983,SAT_10071,20.27082793909858,192.77340715742952,98.97930877642722,169.7593733254685,-64.7188721042616,29.678045068080387,35.0,0.12362607909390258,12.513917767779615
18.253306038999998,106.04208323299983,SAT_10071,20.242632941096076,192.61481029366544,98.97610909207046,169.767404784138,-64.74706710226411,29.66677292214521,35.0,0.1237517689141261,12.522683471357198
18.253306038999998,106.14208323299982,SAT_10057,20.29614756813359,192.91583007075147,98.98206478431659,169.74952431206913,-64.6935524752266,29.686789593640928,35.0,0.12353103152526011,12.507286725273138
18.353306038999996,105.24208323299987,SAT_10057,20.51700148082638,194.15813332964836,99.00654979904829,169.68626997946416,-64.47269856253381,29.774652071935343,35.0,0.12254725315798767,12.438533401847007
18.353306038999996,105.34208323299987,SAT_10057,20.41226122444712,193.56896938751507,98.99504368678677,169.71632965362267,-64.57743881891307,29.733057761003977,35.0,0.12301361563903856,12.471153310655332
18.353306038999996,105.44208323299986,SAT_10071,20.389527203093948,193.44109051740347,98.99262545074671,169.72547401967262,-64.60017284026624,29.72539359443097,35.0,0.12309721070097585,12.476995204323615
18.353306038999996,105.54208323299986,SAT_10071,20.41072982794681,193.56035528220082,98.9949778113661,169.71940386892098,-64.57897021541338,29.733833053939428,35.0,0.12300278923604162,12.470396611195795
18.353306038999996,105.64208323299985,SAT_10071,20.42203704024989,193.62395835140566,98.99622913376533,169.7161648496051,-64.5676630031103,29.738331504866952,35.0,0.12295244083316874,12.466877217538988
18.353306038999996,105.74208323299985,SAT_10071,20.423438466517723,193.6318413741622,98.9963840703932,169.71576331289265,-64.56626157684246,29.738888937748346,35.0,0.12294620089234704,12.466441000805812
18.353306038999996,105.84208323299984,SAT_10071,20.414932819588515,193.58399711018538,98.99544319644346,169.71820004689917,-64.57476722377167,29.735505351410726,35.0,0.12298407380561856,12.469088454477607
18.353306038999996,105.94208323299983,SAT_10071,20.39652790664266,193.48046947486495,98.99340301603908,169.72347027154242,-64.59317213671753,29.728180752973476,35.0,0.1230660329318442,12.474816585216736
18.453306038999997,105.14208323299988,SAT_10057,20.56698475125559,194.4392892258127,99.01197404836107,169.67188606363646,-64.4227152921046,29.79445379066595,35.0,0.12232482472821975,12.422958194405874
18.453306038999997,105.24208323299987,SAT_10057,20.472146747873623,193.90582545678913,99.00164503911645,169.69915651196632,-64.51755329548656,29.756855925850495,35.0,0.12274692824693707,12.452505781123792
18.453306038999997,105.34208323299987,SAT_10071,20.47342286784972,193.91300363165468,99.00188795419716,169.70142883401377,-64.51627717551047,29.75875502213794,35.0,0.12272368348595925,12.450879680148677
18.453306038999997,105.44208323299986,SAT_10071,20.504593822067676,194.08834024913065,99.00529848043679,169.69247689130086,-64.48510622129251,29.77112824006255,35.0,0.12258495940961336,12.441172610644601
18.453306038999997,105.54208323299986,SAT_10071,20.525859602995,194.20796026684687,99.00761583084562,169.68636396541098,-64.46384044036519,29.77956276941389,35.0,0.12249033562113304,12.43454890874697
18.453306038999997,105.64208323299985,SAT_10071,20.537200555320283,194.2717531236766,99.00884855776617,169.6831020967267,-64.4524994880399,29.784058592440836,35.0,0.12243987913691352,12.431016104617099
18.453306038999997,105.74208323299985,SAT_10071,20.53860616623554,194.2796596850749,99.00900119328504,169.68269772621426,-64.45109387712465,29.7846156996817,35.0,0.12243362579148614,12.430578224800605
18.453306038999997,105.84208323299984,SAT_10071,20.530075131279872,194.23167261344932,99.00807429772375,169.6851516531397,-64.45962491208032,29.781234089964027,35.0,0.12247158003083439,12.433235768873795
18.453306038999997,105.94208323299983,SAT_10071,20.511615362521212,194.1278364141818,99.00606446562355,169.69045902981478,-64.47808468083898,29.773913770404572,35.0,0.12255371488671853,12.43898570654206
18.553306039,105.14208323299988,SAT_10057,20.510900192157422,194.1238135808855,99.00588343241917,169.68802404327892,-64.47879985120277,29.77223283596021,35.0,0.12257440979444129,12.440434234089617
18.553306039,105.24208323299987,SAT_10071,20.53652764856706,194.26796802318972,99.00877456214513,169.68329567355033,-64.45317239479313,29.783791880416626,35.0,0.12244287281758802,12.431225728841834
18.553306039,105.34208323299987,SAT_10071,20.577683786759223,194.49947130052064,99.01323006618911,169.67144774146453,-64.41201625660096,29.800094182320358,35.0,0.12225980116985562,12.418402896286919
18.553306039,105.44208323299986,SAT_10071,20.60893760425911,194.67527402395748,99.01659478543556,169.6624389906272,-64.38076243910108,29.81246013453374,35.0,0.12212081401505502,12.408662768992553
18.553306039,105.54208323299986,SAT_10071,20.630260080383763,194.79521295215866,99.01888108667505,169.65628720496335,-64.35943996297642,29.820889711025405,35.0,0.12202601024165789,12.402016458796815
18.553306039,105.64208323299985,SAT_10071,20.641631322318815,194.85917618804336,99.0200973216713,169.6530045780975,-64.34806872104137,29.82538289405075,35.0,0.1219754576045549,12.39847157939007
18.553306039,105.74208323299985,SAT_10071,20.643040689998116,194.86710388123942,99.02024791637089,169.65259763312122,-64.34665935336207,29.82593967415157,35.0,0.12196919233369465,12.398032202058733
18.553306039,105.84208323299984,SAT_10071,20.63448686315907,194.81898860526977,99.01933341798002,169.65506717949899,-64.35521318020112,29.822560050155833,35.0,0.1220072189241458,12.400698831933816
18.653306038999997,105.24208323299987,SAT_10071,20.629875856971978,194.79305169546737,99.01883800394377,169.6563980988282,-64.35982418638821,29.820737862752754,35.0,0.12202771844069336,12.402136231872078
18.653306038999997,105.34208323299987,SAT_10071,20.671127773975343,195.02509372861132,99.0232399479502,169.6444834702787,-64.31857226938484,29.83703054221867,35.0,0.12184434619005884,12.38927499513477
18.653306038999997,105.44208323299986,SAT_10071,20.70245462176824,195.20130724744635,99.02656435472525,169.63542388319428,-64.28724542159195,29.849389195432757,35.0,0.12170512984351202,12.379505603986917
18.653306038999997,105.54208323299986,SAT_10071,20.72382706905732,195.32152726344742,99.02882333036779,169.6292373221118,-64.26587297430287,29.857813796373144,35.0,0.12161016925281648,12.372839279311375
18.653306038999997,105.64208323299985,SAT_10071,20.735225009496332,195.38564067841688,99.03002505098554,169.6259361186107,-64.25447503386386,29.862304327301704,35.0,0.1215595328343224,12.369283709720541
18.653306038999997,105.74208323299985,SAT_10071,20.736637688601107,195.39358699838124,99.03017384956838,169.62552686971793,-64.25306235475908,29.86286077876368,35.0,0.12155325717215687,12.368843006632668
18.753306038999995,104.94208323299989,SAT_10071,20.529086644416694,194.22611237484392,99.0079643332894,169.68543594083025,-64.4606133989435,29.780842206549956,35.0,0.12247597792252202,12.433543686740673
18.753306038999995,105.04208323299989,SAT_10071,20.59998726879624,194.62492838697884,99.01562961784023,169.66501989160562,-64.38971277456395,29.808920057488493,35.0,0.1221606133179246,12.411452327128883
18.753306038999995,105.14208323299988,SAT_10071,20.661085796979137,194.96860760800763,99.02216863970288,169.64738544975785,-64.32861424638105,29.833066343933446,35.0,0.12188897947936633,12.392406161077275
18.753306038999995,105.24208323299987,SAT_10071,20.712326030354717,195.25683392074532,99.02760578538272,169.63256704178858,-64.27737401300547,29.85328101502608,35.0,0.12166126801679861,12.376426718226178
18.753306038999995,105.34208323299987,SAT_10071,20.753660358021946,195.48933951387346,99.03196107066198,169.62059385034587,-64.23603968533824,29.86956402819062,35.0,0.12147764110458281,12.363532222078414
18.753306038999995,105.44208323299986,SAT_10071,20.785050050997512,195.665906536861,99.03525035818134,169.6114896253124,-64.20464999236268,29.881915349133305,35.0,0.12133823055759334,12.353737485625995
18.753306038999995,105.54208323299986,SAT_10071,20.806465504206372,195.78636846116083,99.03748552787376,169.6052725282991,-64.18323453915382,29.890334951841695,35.0,0.1212431370733891,12.34705382562301
18.753306038999995,105.64208323299985,SAT_10071,20.817886423078207,195.85061112981492,99.03867460344364,169.60195501266134,-64.17181362028198,29.89482281858409,35.0,0.12119242964911886,12.343488996555616
18.753306038999995,105.74208323299985,SAT_10071,20.819301952270123,195.85857348151944,99.03882183722591,169.60154374069108,-64.17039809109006,29.89537893990915,35.0,0.12118614517990478,12.34304714512823
18.853306038999996,104.7420832329999,SAT_10057,20.55462281585649,194.36975333919275,99.01063181119113,169.67544587036028,-64.4350772275037,29.789559265977374,35.0,0.12237982850074625,12.426810794620042
18.853306038999996,104.8420832329999,SAT_10071,20.5194859179267,194.1721082883377,99.00691920154365,169.68819658437536,-64.47021412543349,29.777035394040166,35.0,0.12251869430490658,12.43653424079339
18.853306038999996,104.94208323299989,SAT_10071,20.60025423095408,194.6264300491167,99.01565669937196,169.664942922697,-64.38944581240611,29.809025661873026,35.0,0.12215942618414975,12.41136912539798
18.853306038999996,105.04208323299989,SAT_10071,20.671270228302717,195.0258950342028,99.02325029729774,169.64444229574508,-64.31842981505747,29.83708676890426,35.0,0.12184371305108486,12.389230575165563
18.853306038999996,105.14208323299988,SAT_10071,20.732468965826385,195.37013793277342,99.02972853961919,169.62673447750694,-64.2572310775338,29.861218656012372,35.0,0.12157177642557215,12.370143479613654
18.853306038999996,105.24208323299987,SAT_10071,20.78379380527643,195.65884015467992,99.03511541037446,169.61185417882405,-64.20590623808376,29.881421272356924,35.0,0.12134380927854362,12.354129522338095
18.853306038999996,105.34208323299987,SAT_10071,20.825196760961774,195.89173178041,99.03943059661427,169.59983082490345,-64.16450328239841,29.897694575377432,35.0,0.1211599749416527,12.341207057930747
18.853306038999996,105.44208323299986,SAT_10071,20.856638797454806,196.0685932356833,99.04268970148958,169.5906883640622,-64.13306124590538,29.910038530792477,35.0,0.1210204061740531,12.331391006461597
18.853306038999996,105.54208323299986,SAT_10071,20.878090074482557,196.1892566689644,99.04490441119532,169.5844451102754,-64.11160996887763,29.91845311259897,35.0,0.12092520439686326,12.324692766804334
18.853306038999996,105.64208323299985,SAT_10071,20.889530135771366,196.25360701371392,99.04608261887714,169.58111362168393,-64.10016990758882,29.92293830307158,35.0,0.12087443910410571,12.321120149872371
18.953306038999997,104.64208323299991,SAT_10057,20.49857436173197,194.05448078474234,99.0045361881524,169.6915664564925,-64.49112568162822,29.767344095052263,35.0,0.12262927534163758,12.444274044846349
18.953306038999997,104.7420832329999,SAT_10071,20.488994014785803,194.00059133317015,99.00359183349522,169.69695820515838,-64.50070602857438,29.764937436364526,35.0,0.12265438129865681,12.446030878481883
18.953306038999997,104.8420832329999,SAT_10071,20.579555955306773,194.5100022486006,99.01342650007304,169.67090837769382,-64.41014408805341,29.800835267883027,35.0,0.12225147465616534,12.41781950358646
18.953306038999997,104.94208323299989,SAT_10071,20.660427327413004,194.96490371669816,99.0220939254713,169.64757570163295,-64.32927271594718,29.832806361110755,35.0,0.12189190627546861,12.39261146914953
18.953306038999997,105.04208323299989,SAT_10071,20.73153481068273,195.36488331009036,99.02962705492055,169.6270050619543,-64.25816523267746,29.860850648667963,35.0,0.12157592642140469,12.37043489296972
18.953306038999997,105.14208323299988,SAT_10071,20.7928130460286,195.70957338391085,99.03605402731718,169.60923650134197,-64.19688699733159,29.884968071454264,35.0,0.1213037578961144,12.35131480954777
18.953306038999997,105.24208323299987,SAT_10071,20.84420503064902,195.99865329740078,99.0413984880271,169.59430496688816,-64.14549501271117,29.905158578647363,35.0,0.12107559479367533,12.335273029676694
18.953306038999997,105.34208323299987,SAT_10071,20.885662468047983,196.23185138276992,99.04567984745402,169.5822400853515,-64.1040375753122,29.921422127701973,35.0,0.12089160140082665,12.32232801626187
18.953306038999997,105.44208323299986,SAT_10071,20.91714606865638,196.40894663619216,99.04891349035853,169.57306596994357,-64.07255397470381,29.933758684348902,35.0,0.12075191125603696,12.312494777853109
18.953306038999997,105.54208323299986,SAT_10071,20.93862579713499,196.52977010888432,99.0511109398742,169.56680106125793,-64.0510742462252,29.942168222594333,35.0,0.12065662637759358,12.305784781183997
19.053306038999995,104.44208323299992,SAT_10057,20.44607643844344,193.75917996624437,98.99877977383646,169.70663703943657,-64.54362360491675,29.74650114658118,35.0,0.12286301258584449,12.460624699475517
19.053306038999995,104.54208323299991,SAT_10057,20.421535326956118,193.62113621412817,98.9960729287733,169.7136725205905,-64.56816471640407,29.736746117466865,35.0,0.12297230783779511,12.468266005442635
19.053306038999995,104.64208323299991,SAT_10071,20.43768859729363,193.7119983597767,98.99795909021518,169.71167924124174,-64.55201144606656,29.744555717123834,35.0,0.12288275485524469,12.462005167093412
19.053306038999995,104.7420832329999,SAT_10071,20.537951475717506,194.27597705091097,99.00892453408132,169.68288607210405,-64.45174856764268,29.784356219217884,35.0,0.12243653840031174,12.430782176356198
19.053306038999995,104.8420832329999,SAT_10071,20.628596973649977,194.78585797678113,99.0186933507036,169.65676719700366,-64.36110306971021,29.820232424339032,35.0,0.1220334041967308,12.402534892848843
19.053306038999995,104.94208323299989,SAT_10071,20.70954384744749,195.24118414189215,99.02730320756818,169.63337232184682,-64.2801561959127,29.85218425685357,35.0,0.12167362982229078,12.377294501097152
19.053306038999995,105.04208323299989,SAT_10071,20.780718413312357,195.64154107488204,99.03478665776872,169.61274656736822,-64.20898163004783,29.880211649405627,35.0,0.12135746666181792,12.355089245423411
19.053306038999995,105.14208323299988,SAT_10071,20.842054985466405,195.98655929324855,99.04117150752924,169.5949301883948,-64.14764505789378,29.904314542915756,35.0,0.12108513852075728,12.335944273893963
19.053306038999995,105.24208323299987,SAT_10071,20.89349627406763,196.2759165416304,99.04648112428977,169.57995831855618,-64.09620376929256,29.92449288657967,35.0,0.12085684037198383,12.319881496944069
19.053306038999995,105.34208323299987,SAT_10071,20.93499373788329,196.50933977559353,99.05073469142029,169.56786074375992,-64.0547063054769,29.940746637867143,35.0,0.12067273724954342,12.306919462334566
19.053306038999995,105.44208323299986,SAT_10071,20.96650788721439,196.68660686558096,99.05394741445173,169.55866170742848,-64.0231921561458,29.95307576252113,35.0,0.12053296330168417,12.29707324793676
19.053306038999995,105.54208323299986,SAT_10071,20.988008533106054,196.80754799872156,99.05613068269311,169.55237975014413,-64.00169151025413,29.961480234557012,35.0,0.12043762101395528,12.29035437365307
19.153306038999993,104.24208323299993,SAT_10057,20.342806323633113,193.17828557043626,98.98732036016766,169.73620174419244,-64.64689371972707,29.70540168739578,35.0,0.1233230627646465,12.492770600165771
19.153306038999993,104.34208323299993,SAT_10057,20.3381994804748,193.15237207767075,98.98680483380645,169.73751811699594,-64.65150056288539,29.703565210697498,35.0,0.1233435934193754,12.494204063167565
19.153306038999993,104.44208323299992,SAT_10057,20.323672300515994,193.07065669040247,98.98517673699989,169.74166776105562,-64.6660277428442,29.697772380276888,35.0,0.12340833906228456,12.498724023003174
19.153306038999993,104.54208323299991,SAT_10071,20.365687008338668,193.306989421905,98.98997955638947,169.73229388649594,-64.62401303502152,29.715897700140115,35.0,0.12320339526864695,12.484413453397053
19.153306038999993,104.64208323299991,SAT_10071,20.475540378215,193.9249146274594,99.00211861250997,169.7008210198855,-64.51415966514519,29.759595939826742,35.0,0.12271425866562162,12.450220326420805
19.153306038999993,104.7420832329999,SAT_10071,20.57586034317211,194.4892144303431,99.01302514597575,169.6719730336066,-64.41383970018808,29.799372342653825,35.0,0.12226791108765146,12.418971098147646
19.153306038999993,104.8420832329999,SAT_10071,20.666558264246447,194.99939023638626,99.0227419547285,169.64580411680242,-64.32314177911374,29.835226824737724,35.0,0.12186465575109268,12.390699831297953
19.153306038999993,104.94208323299989,SAT_10071,20.747552610906553,195.45498343634935,99.03130634483492,169.6223641621895,-64.24214743245363,29.86715931047133,35.0,0.12150477111321825,12.365437809622223
19.153306038999993,105.04208323299989,SAT_10071,20.818769436635066,195.85557808107225,99.03875055948434,169.6016984617435,-64.17093060672512,29.895169732522472,35.0,0.12118850936083564,12.34321336814327
19.153306038999993,105.14208323299988,SAT_10071,20.88014281943947,196.20080335934702,99.04510214200009,169.58384742438858,-64.10955722392072,29.91925803183248,35.0,0.12091609501777482,12.32405173634685
19.153306038999993,105.24208323299987,SAT_10071,20.931615261916036,196.4903358482777,99.05038424019307,169.56884631926124,-64.05808478144415,29.939424157614923,35.0,0.12068772368611623,12.307974896111718
19.153306038999993,105.34208323299987,SAT_10071,20.973138045852465,196.72390150792012,99.0546158580271,169.5567250478826,-64.01656199750772,29.955668067354534,35.0,0.12050356093494549,12.295001456044712
19.153306038999993,105.44208323299986,SAT_10071,21.004671536817696,196.90127739459956,99.05781205940643,169.54750794827223,-63.98502850654249,29.9679897268063,35.0,0.12036374134907447,12.285146543727498
19.153306038999993,105.54208323299986,SAT_10071,21.026185434759967,197.02229307052482,99.05998412789481,169.54121363365465,-63.96351460860022,29.976389109994745,35.0,0.12026836774857505,12.27842171719174
19.153306038999993,105.64208323299985,SAT_10071,21.0376589672791,197.08683169094493,99.0611396852962,169.53785486798526,-63.95204107608109,29.980866199213356,35.0,0.12021751058815863,12.274834896721018
19.253306038999995,104.04208323299994,SAT_10057,20.189315133165323,192.31489762405494,98.96994434877557,169.77994632850493,-64.80038491019486,29.644074211587697,35.0,0.12400746975071542,12.54050532352691
19.253306038999995,104.14208323299994,SAT_10057,20.204481607421812,192.4002090417477,98.97168022674627,169.77563440790522,-64.78521843593838,29.650146778691358,35.0,0.12393981005158637,12.53579099667292
19.253306038999995,104.24208323299993,SAT_10057,20.20977454493594,192.42998181526468,98.97228504749893,169.77412905355055,-64.77992549842425,29.652265380260207,35.0,0.12391619925850368,12.5341456258754
19.253306038999995,104.34208323299993,SAT_10057,20.205189164143007,192.40418904830443,98.9717611082091,169.77543318922162,-64.78451087921718,29.65043001184395,35.0,0.1239366537233628,12.535571048116147
19.253306038999995,104.44208323299992,SAT_10071,20.273144873335312,192.78643991251113,98.97959260090217,169.75871298391388,-64.71655517002488,29.678970929397007,35.0,0.12361575161251641,12.51319736389549
19.253306038999995,104.54208323299991,SAT_10071,20.39246162027939,193.45759661407158,98.9929581212313,169.7246341879692,-64.5972384230808,29.72656193384835,35.0,0.12308414202551488,12.476082026934437
19.253306038999995,104.64208323299991,SAT_10071,20.50233896030369,194.07565665170824,99.00504811072965,169.6931247913255,-64.4873610830565,29.770233580337777,35.0,0.12259499345500006,12.441874878613783
19.253306038999995,104.7420832329999,SAT_10071,20.602681451291872,194.64008316351678,99.01591100477948,169.6642430880663,-64.38701859206832,29.809985776735516,35.0,0.12214863286853232,12.410612647868987
19.253306038999995,104.8420832329999,SAT_10071,20.693400266142078,195.1503764970492,99.02558929018024,169.63804339096225,-64.29629977721811,29.84581843918723,35.0,0.12174536405058868,12.382329461392487
19.253306038999995,104.94208323299989,SAT_10071,20.77441369938478,195.6060770590394,99.03412000424868,169.61457570780283,-64.21528634397541,29.87773149211221,35.0,0.12138546598396,12.357056662300835
19.253306038999995,105.04208323299989,SAT_10071,20.84564764428535,196.0067679991051,99.0415351597739,169.5938854360506,-64.14405239907484,29.905724868201805,35.0,0.12106919133453002,12.334822639891495
19.253306038999995,105.14208323299988,SAT_10071,20.907036034785406,196.3520776956679,99.04786210465826,169.57601307955943,-64.08266400857478,29.929798508417942,35.0,0.12079676505516906,12.31565267237813
19.253306038999995,105.24208323299987,SAT_10071,20.958521246880167,196.64168201370097,99.05312382348251,169.56099399094583,-64.03117879648002,29.949952361991922,35.0,0.12056838312366587,12.299568784402448
19.253306038999995,105.34208323299987,SAT_10071,21.000054454400697,196.87530630600392,99.05733918689289,169.54885814295926,-63.98964558895949,29.966186386423306,35.0,0.12038421142853732,12.286589620994995
19.253306038999995,105.44208323299986,SAT_10071,21.031595934626786,197.05272713227566,99.06052315356278,169.53962993189936,-63.9581041087334,29.978500547479033,35.0,0.12024438481520218,12.276730339497874
19.253306038999995,105.54208323299986,SAT_10071,21.053115319732377,197.1737736734946,99.06268692849305,169.53332801574564,-63.93658472362781,29.986894819192678,35.0,0.12014900630340727,12.270002520771447
19.253306038999995,105.64208323299985,SAT_10071,21.064591790714147,197.23832882276707,99.06383808054652,169.52996518923675,-63.92510825264604,29.99136918386391,35.0,0.12009814648497447,12.266414100788227
19.253306038999995,105.74208323299985,SAT_10071,21.06601421119607,197.24632993797792,99.0639806213351,169.52954829763937,-63.92368583216412,29.991923632058118,35.0,0.12009184310892894,12.265969323473941
19.353306038999996,103.94208323299995,SAT_10102,20.27571350709411,192.80088847740438,98.9798161610402,169.7562615079697,-64.71398653626608,29.67910301082311,35.0,0.12361596252565829,12.513212076593831
19.353306038999996,104.04208323299994,SAT_10102,20.14984618932381,192.09288481494644,98.96544800716923,169.792064173962,-64.83985385403638,29.628725302946137,35.0,0.12417735091697028,12.552337632103558
19.353306038999996,104.14208323299994,SAT_10057,20.061057833537987,191.5934503136512,98.95510056340237,169.81631910987846,-64.9286422098222,29.592608905249314,35.0,0.12457993407549452,12.580352071117547
19.353306038999996,104.24208323299993,SAT_10057,20.066324623955992,191.62307600975248,98.95571625702226,169.8148287057901,-64.9233754194042,29.594726221783983,35.0,0.12455641603364098,12.57871651936445
19.353306038999996,104.34208323299993,SAT_10071,20.160254236180847,192.15143007851728,98.96671697720375,169.79082521662065,-64.82944580717934,29.63378302898133,35.0,0.12411914766610176,12.548284471873918
19.353306038999996,104.44208323299992,SAT_10071,20.28889185776991,192.87501669995575,98.9813728669978,169.75422356597795,-64.70080818559028,29.685261785552093,35.0,0.12354556568152025,12.508300839482896
19.353306038999996,104.54208323299991,SAT_10071,20.408193232667273,193.54608693375343,98.9947023420269,169.7201303151792,-64.58150681069291,29.73282368183194,35.0,0.12301408467307791,12.471186092672573
19.353306038999996,104.64208323299991,SAT_10071,20.518056760218087,194.16406927622674,99.00676009667548,169.68860745217603,-64.4716432831421,29.77646861744856,35.0,0.12252505329218932,12.436979395122432
19.353306038999996,104.7420832329999,SAT_10071,20.61838692792753,194.72842646959236,99.01759432813463,169.65971331941813,-64.37131311543266,29.816196500304144,35.0,0.12207879870132092,12.405717497617353
19.353306038999996,104.8420832329999,SAT_10071,20.709094842383607,195.2386584884078,99.02724731651897,169.63350227528412,-64.28060520097658,29.852007246573415,35.0,0.12167562486705603,12.377434547398822
19.353306038999996,104.94208323299989,SAT_10071,20.79009873643882,195.69430539246838,99.03575592072055,169.6100243700169,-64.19960130692137,29.883900780701868,35.0,0.12131581094031317,12.352161906666012
19.353306038999996,105.04208323299989,SAT_10071,20.861324446854525,196.0949500135567,99.04315200064447,169.58932503999634,-64.12837559650566,29.911877035404167,35.0,0.1209996097399952,12.329927982173484
19.353306038999996,105.14208323299988,SAT_10071,20.92270585675034,196.44022044422067,99.04946277458205,169.57144482409979,-64.06699418660985,29.935935951662696,35.0,0.12072724635582043,12.310758067816943
19.353306038999996,105.24208323299987,SAT_10071,20.974185297449694,196.72979229815454,99.05471111889999,169.55641910574406,-64.0155147459105,29.956077478726332,35.0,0.12049891688527664,12.29467420200749
19.353306038999996,105.34208323299987,SAT_10071,21.01571390468429,196.96339071384912,99.05891581589465,169.54427788395765,-63.9739861386759,29.97230157410936,35.0,0.12031478731855398,12.281695041509064
19.353306038999996,105.44208323299986,SAT_10071,21.047251924568798,197.14079207569947,99.06209175452476,169.5350455765438,-63.94244811879139,29.984608203590565,35.0,0.12017499258395849,12.27183575325419
19.353306038999996,105.54208323299986,SAT_10071,21.068768965350856,197.26182543009855,99.06425008775717,169.52874085799507,-63.92093107800933,29.992997341212515,35.0,0.12007963576470804,12.26510792546206
19.353306038999996,105.64208323299985,SAT_10071,21.080244191574117,197.32637357760441,99.06539834939726,169.52537653440731,-63.90945585178607,29.997468969281005,35.0,0.12002878749619011,12.261519499163565
19.353306038999996,105.74208323299985,SAT_10071,21.08166645804436,197.33437382649956,99.06554053250572,169.52495945713503,-63.90803358531583,29.99802307836469,35.0,0.12002248555075146,12.261074720994745
19.453306038999994,104.14208323299994,SAT_10102,20.043855740961504,191.49668854290846,98.9531285439523,169.8220905903847,-64.94584430239868,29.586153774982396,35.0,0.12465047415512762,12.585257012841236
19.453306038999994,104.24208323299993,SAT_10071,20.027241278784985,191.40323219316554,98.95124890620977,169.82849856372218,-64.9624587645752,29.58034170302583,35.0,0.12471278919098532,12.589589114687861
19.453306038999994,104.34208323299993,SAT_10071,20.165043324692846,192.17836870139726,98.96727144562554,169.7894655211458,-64.82465671866734,29.635703159280208,35.0,0.12409778420359385,12.546796572598168
19.453306038999994,104.44208323299992,SAT_10071,20.29362051023884,192.90161537009345,98.98190786032445,169.75287495670563,-64.69607953312135,29.687150271677485,35.0,0.12352449113422125,12.506830356958984
19.453306038999994,104.54208323299991,SAT_10071,20.412865760686472,193.57236990386144,98.99521986043858,169.71879211670546,-64.57683428267372,29.73468293160616,35.0,0.12299327810627933,12.469731819468132
19.453306038999994,104.64208323299991,SAT_10071,20.52267753808401,194.19006115172257,99.00726200213606,169.6872789525678,-64.46702250527618,29.77830103872848,35.0,0.12250449354130712,12.435540097895553
19.453306038999994,104.7420832329999,SAT_10071,20.62296038960939,194.7541521915528,99.0180823625119,169.6583937719052,-64.3667396537508,29.818004500978326,35.0,0.1220584643832105,12.404291918440723
19.453306038999994,104.8420832329999,SAT_10071,20.713625478011764,195.2641433138162,99.02772311767663,169.63219090024654,-64.27607456534842,29.853793234559276,35.0,0.12165549439307918,12.376021405268077
19.453306038999994,104.94208323299989,SAT_10071,20.794591088329028,195.7195748718508,99.03622103690707,169.6087203572569,-64.19510895503116,29.885667163942816,35.0,0.12129586253108819,12.350759899185967
19.453306038999994,105.04208323299989,SAT_10071,20.86578310508679,196.12002996611318,99.04360790345535,169.58802755128482,-64.1239169382734,29.913626221866735,35.0,0.12097982144174059,12.32853578741357
19.453306038999994,105.14208323299988,SAT_10071,20.9271354543298,196.46513693060515,99.0499108707327,169.57015299598118,-64.06256458903039,29.93767034933372,35.0,0.12070759605818177,12.30937434632476
19.453306038999994,105.24208323299987,SAT_10071,20.978590505084696,196.7545715911014,99.05515276101457,169.55513205257807,-64.01110953827549,29.95779949561009,35.0,0.12047938234050591,12.293297598967001
19.453306038999994,105.34208323299987,SAT_10071,21.02009942521906,196.98805926685722,99.05935231249077,169.542994701176,-63.96960061814113,29.974013618224728,35.0,0.12029534616189241,12.280324189027953
19.453306038999994,105.44208323299986,SAT_10071,21.051622487121165,197.16537649005653,99.06252437935375,169.53376534408943,-63.93807755623902,29.986312682968176,35.0,0.120155622355056,12.270469272762707
19.453306038999994,105.54208323299986,SAT_10071,21.073129319200774,197.28635242050436,99.06468008864316,169.52746264391737,-63.91657072415941,29.994696663891922,35.0,0.12006031392989804,12.263744430204058
19.453306038999994,105.64208323299985,SAT_10071,21.0845990998628,197.35086993672823,99.06582695670716,169.52409939857492,-63.90510094349739,29.999165543307843,35.0,0.12000949147142519,12.260157596758885
19.453306038999994,105.74208323299985,SAT_10071,21.086020691340416,197.35886638878986,99.0659689673723,169.52368245503163,-63.90367935201977,29.99971931178783,35.0,0.1200031927249955,12.25971301605097
19.55330603899999,104.14208323299994,SAT_10102,20.06204491649278,191.59900265527187,98.95526299577703,169.81694563710175,-64.9276551268674,29.59346922443778,35.0,0.12456925562952835,12.57960945857391
19.55330603899999,104.24208323299993,SAT_10071,20.02116132162783,191.36903243415657,98.95053906475991,169.8302164014313,-64.96853872173236,29.577893799391223,35.0,0.12473993755161913,12.591476182140662
19.55330603899999,104.34208323299993,SAT_10071,20.158852720332348,192.14354655186946,98.96656273422066,169.79122308521477,-64.83084732302784,29.6332210544586,35.0,0.12412539977198546,12.548719892499687
19.55330603899999,104.44208323299992,SAT_10071,20.287326041712845,192.86620898463477,98.98120021350837,169.75467008657216,-64.70237400164734,29.68463638400767,35.0,0.12355254433094075,12.508787754751916
19.55330603899999,104.54208323299991,SAT_10071,20.406474418177112,193.53641860224624,98.99451320745159,169.72062252336855,-64.58322562518308,29.732139679464066,35.0,0.12302173865681898,12.471721042621786
19.55330603899999,104.64208323299991,SAT_10071,20.51619651092423,194.15360537394878,99.00655626820274,169.68914222332023,-64.47350353243596,29.775730840524314,35.0,0.12253333050546794,12.437558819134571
19.55330603899999,104.7420832329999,SAT_10071,20.616397056731245,194.71723344411325,99.01737746987372,169.66028737607147,-64.37330298662894,29.815409775153764,35.0,0.12208764618930511,12.406337739521936
19.55330603899999,104.8420832329999,SAT_10071,20.706987396861592,195.22680410734645,99.02701898641179,169.63411219591066,-64.2827126464986,29.851176399584595,35.0,0.12168498887684207,12.378091861295694
19.55330603899999,104.94208323299989,SAT_10071,20.78788598228674,195.6818586503629,99.0355175855724,169.6106665989605,-64.20181406107345,29.883030638314082,35.0,0.12132563697912532,12.352852463447897
19.55330603899999,105.04208323299989,SAT_10071,20.85901884945764,196.08198102819924,99.04290504958017,169.5899958986516,-64.13068119390255,29.910972424102976,35.0,0.12100984263929024,12.330647876714623
19.55330603899999,105.14208323299988,SAT_10071,20.92032006099261,196.4268003430834,99.049208531189,169.57214052321592,-64.06937998236758,29.93500169797409,35.0,0.12073783034089809,12.311503326784843
19.55330603899999,105.24208323299987,SAT_10071,20.97173210590684,196.715993095726,99.05445085228568,169.55713575876868,-64.01796793745335,29.955118409211046,35.0,0.12050979564992075,12.295440792245799
19.55330603899999,105.34208323299987,SAT_10071,21.01320625436439,196.9492851807997,99.0586507508566,169.5450115213183,-63.976493788995796,29.97132251535722,35.0,0.12032590410415532,12.282478878930574
19.55330603899999,105.44208323299986,SAT_10071,21.044702862400108,197.1264536010006,99.06182308100927,169.53579216073751,-63.94499718096008,29.983613982214816,35.0,0.12018629026250408,12.27263271217488
19.55330603899999,105.54208323299986,SAT_10071,21.06619162262593,197.24732787727083,99.06397896976506,169.52949629935353,-63.92350842073426,29.991992783844175,35.0,0.12009105692496291,12.265913848299954
19.55330603899999,105.64208323299985,SAT_10071,21.07765175758867,197.31179113643626,99.06512593348218,169.52613670738225,-63.91204828577152,29.9964589025632,35.0,0.12004027453234804,12.262330206420128
19.55330603899999,105.74208323299985,SAT_10071,21.079072153176256,197.31978086161644,99.06526795599991,169.52572021694635,-63.91062789018393,29.997012328946997,35.0,0.12003398075279252,12.26188602143178
19.653306038999993,104.14208323299994,SAT_10102,20.06929087181277,191.6397611539468,98.95611423981774,169.81489514754915,-64.92040917154742,29.5963823363471,35.0,0.12453690380070823,12.577359456544672
19.653306038999993,104.24208323299993,SAT_10071,20.004153640016142,191.2733642250908,98.9485406256005,169.83501982814883,-64.98554640334405,29.571043814746538,35.0,0.12481588678556495,12.596754503156177
19.653306038999993,104.34208323299993,SAT_10071,20.1416886160019,192.04699846501072,98.96458822723534,169.79609412223562,-64.84801142735829,29.626336719466064,35.0,0.12420197318922589,12.554052051399509
19.653306038999993,104.44208323299992,SAT_10071,20.270014826140752,192.76883339704173,98.97924734567502,169.75960505529775,-64.71968521721944,29.677720127555183,35.0,0.12362970349667265,12.514170585980185
19.653306038999993,104.7420832329999,SAT_10071,20.598703787234342,194.61770880319318,99.01547715599622,169.66538992711548,-64.39099625612585,29.808412328003122,35.0,0.12216632076713828,12.41185233624635
19.653306038999993,104.8420832329999,SAT_10071,20.68918759542254,195.12668022425177,99.02513245169739,169.63926187014647,-64.30051244793765,29.844156746865824,35.0,0.1217640845163357,12.383643240140668
19.653306038999993,104.94208323299989,SAT_10071,20.76999054053171,195.58119679049088,99.03364311617204,169.61585872368988,-64.21970950282848,29.875991209071117,35.0,0.12140511007522985,12.35843687813448
19.653306038999993,105.04208323299989,SAT_10071,20.84103891432804,195.9808438930952,99.04104100630569,169.59522563987656,-64.14866112903215,29.903915647402535,35.0,0.12108964876088231,12.336261487797232
19.653306038999993,105.14208323299988,SAT_10071,20.902267008951526,196.32525192535235,99.04735333847223,169.57740290178555,-64.08743303440866,29.92793000290285,35.0,0.12081792431630674,12.31714221120966
19.653306038999993,105.24208323299987,SAT_10071,20.953617515070064,196.61409852226913,99.05260298791822,169.56242566789024,-64.03608252829012,29.948034224872874,35.0,0.12059013165843303,12.301100953614316
19.653306038999993,105.34208323299987,SAT_10071,20.995041874769832,196.8471105455803,99.0568087363674,169.55032374529435,-63.994658168590355,29.96422827087034,35.0,0.12040643577285486,12.288156258393485
19.653306038999993,105.44208323299986,SAT_10071,21.02650058466729,197.0240657887535,99.05998547255396,169.54112139476302,-63.9631994586929,29.976512106709034,35.0,0.12026697076771371,12.278323199871194
19.653306038999993,105.54208323299986,SAT_10071,21.047963445277098,197.1447943796837,99.06214434941242,169.5348371701964,-63.94173659808309,29.984885706458073,35.0,0.12017183909749095,12.271613295247276
19.653306038999993,105.64208323299985,SAT_10071,21.059409753334727,197.20917986250785,99.0632929007935,169.53148379474663,-63.93029029002546,29.98934905244134,35.0,0.1201211109656784,12.26803443675449
19.653306038999993,105.74208323299985,SAT_10071,21.060828434483625,197.2171599439704,99.06343511980418,169.53106807531097,-63.92887160887656,29.989902135237134,35.0,0.12011482391331,12.267590844889414
19.753306038999995,104.8420832329999,SAT_10071,20.660244793249703,194.9638769620296,99.02205624969169,169.64762844052032,-64.32945525011048,29.832734290396242,35.0,0.12189271761430195,12.39266838237211
19.753306038999995,104.94208323299989,SAT_10071,20.740923729523175,195.41769597856785,99.03059046618779,169.62428509178451,-64.24877631383701,29.86454889024593,35.0,0.12153421733641727,12.367505894962003
19.753306038999995,105.04208323299989,SAT_10071,20.81186248615454,195.8167264846193,99.03800869848098,169.60370499512334,-64.17783755720565,29.892455905831387,35.0,0.12121917462467106,12.345369293289027
19.753306038999995,105.14208323299988,SAT_10071,20.87299567646039,196.16060068008971,99.04433829146132,169.58592822958286,-64.1167043668998,29.916455278215203,35.0,0.12094781219422773,12.326283603337924
19.753306038999995,105.24208323299987,SAT_10071,20.924266273278405,196.44899778719105,99.04960222799728,169.5709897742282,-64.06543377008178,29.93654695671522,35.0,0.12072032406129063,12.310270628507519
19.753306038999995,105.34208323299987,SAT_10071,20.96562595926008,196.68164602083797,99.05381937790855,169.55891928309478,-64.0240740841001,29.952730898903432,35.0,0.12053687444519912,12.297348825463562
19.753306038999995,105.44208323299986,SAT_10071,20.997035427727127,196.8583242809651,99.05700469959554,169.54974089171188,-63.99266461563306,29.965007070605107,35.0,0.12039759682865922,12.287533197697632
19.753306038999995,105.54208323299986,SAT_10071,21.018464630173924,196.9788635447283,99.05916939808137,169.54347305781,-63.971235413186264,29.973375445898075,35.0,0.12030259318677948,12.280835208087565
19.753306038999995,105.64208323299985,SAT_10071,21.029892967140448,197.043147940165,99.06032104235602,169.54012843839834,-63.95980707621974,29.977836007112153,35.0,0.12025193339379898,12.27726271153976
19.753306038999995,105.74208323299985,SAT_10102,21.038266841107458,197.09025098122945,99.06110101015315,169.53593249748738,-63.95143320225273,29.98014522334043,35.0,0.12022580783106823,12.275420120274715
19.753306038999995,105.84208323299984,SAT_10102,21.065158920701897,197.24151892894818,99.06380016152248,169.52805369629675,-63.92454112265829,29.990629864138043,35.0,0.12010660152776315,12.26701068897182
19.853306038999992,104.8420832329999,SAT_10071,20.620189300671655,194.73856481627806,99.0177782376888,169.6591933193455,-64.36951074268853,29.816909052946357,35.0,0.12207078499189129,12.405155691297507
19.853306038999992,104.94208323299989,SAT_10071,20.700716225212545,195.19152876682057,99.0263476766227,169.63592688204074,-64.28898381814764,29.848703704647505,35.0,0.12171285442639299,12.380047786328015
19.853306038999992,105.04208323299989,SAT_10071,20.771520566542165,195.58980318679968,99.03379632533486,169.6154149350794,-64.21817947681802,29.876593222232255,35.0,0.12139831486530588,12.357959449105575
19.853306038999992,105.14208323299988,SAT_10071,20.832537348939113,195.93302258778255,99.0401517233243,169.59769729583275,-64.15716269442107,29.90057754678288,35.0,0.12112738771387703,12.338915557657337
19.853306038999992,105.24208323299987,SAT_10071,20.883709906273893,196.22086822279067,99.04543701633652,169.58280871328682,-64.1059901370863,29.920656627634106,35.0,0.12090026584051998,12.322937785593057
19.853306038999992,105.34208323299987,SAT_10071,20.924990228983006,196.4530700380294,99.04967120745147,169.57077864519007,-64.06470981437718,29.93683042237208,35.0,0.12071711248822625,12.310044479070962
19.853306038999992,105.44208323299986,SAT_10071,20.95633926205018,196.62940834903227,99.05286936040851,169.56163106648123,-64.03336078131001,29.949098896833465,35.0,0.12057806034283909,12.300250551319412
19.853306038999992,105.54208323299986,SAT_10071,20.97772715012441,196.7497152194498,99.05504275896566,169.55538431157774,-64.01197289323578,29.957462025104725,35.0,0.12048321076873499,12.293567395994021
19.853306038999992,105.64208323299985,SAT_10102,20.994418830371714,196.8436059208409,99.05667117208841,169.54876296910203,-63.99528121298847,29.963030413640464,35.0,0.12042022782883359,12.289128429698078
19.853306038999992,105.74208323299985,SAT_10102,21.03124670834513,197.05076273444138,99.06038851527899,169.53798801271893,-63.95845333501506,29.977406734326664,35.0,0.12025693043432913,12.277615126188465
19.853306038999992,105.84208323299984,SAT_10102,21.05811582791678,197.20190153203188,99.06308789749515,169.53011789524857,-63.93158421544341,29.98788479019172,35.0,0.12013781956418208,12.269213290822375
19.95330603899999,104.94208323299989,SAT_10071,20.649410196320403,194.9029323543023,99.0208978499209,169.65075823106918,-64.34028984703978,29.82845568386243,35.0,0.12194087783277174,12.39604642200026
19.95330603899999,105.04208323299989,SAT_10071,20.72005575220615,195.3003136061596,99.02838722076429,169.6303293225177,-64.26964429115404,29.856327628225255,35.0,0.12162692462028675,12.374015672241313
19.95330603899999,105.14208323299988,SAT_10071,20.78093499603348,195.6427593526883,99.0347771638006,169.6126837245838,-64.20876504732671,29.880296840254804,35.0,0.12135650483820751,12.355021658159497
19.95330603899999,105.24208323299987,SAT_10071,20.831991699426027,195.92995330927138,99.04009104439909,169.5978559069256,-64.15770834393416,29.90036326930258,35.0,0.121129809966046,12.339085896345093
19.95330603899999,105.34208323299987,SAT_10071,20.873178225988,196.16162752118248,99.04434804527533,169.58587508900493,-64.11652181737219,29.916526872968767,35.0,0.12094700206544767,12.326226599270582
19.95330603899999,105.44208323299986,SAT_10071,20.90445582580854,196.33756402017303,99.04756337213107,169.57676505082117,-64.08524421755165,29.928787617101325,35.0,0.12080821285814625,12.316458570973655
19.95330603899999,105.54208323299986,SAT_10102,20.92946813314336,196.4782582489314,99.05006036033119,169.56773184974278,-64.06023191021683,29.9376346048053,35.0,0.12070833427230925,12.30942633100703
19.95330603899999,105.64208323299985,SAT_10102,20.976162849640076,196.74091602922542,99.05481534110352,169.55409903548224,-64.01353719372011,29.955897626002205,35.0,0.12050119295459151,12.294834591285486
19.95330603899999,105.74208323299985,SAT_10102,21.012945940192026,196.94782091358016,99.05853786230841,169.54334413304792,-63.97675410316816,29.970264873131963,35.0,0.12033807164605807,12.283336771606146
19.95330603899999,105.84208323299984,SAT_10102,21.039782317786518,197.09877553754916,99.06124099524493,169.53548869456404,-63.94991772557367,29.980736315821318,35.0,0.1202190894315961,12.274946257399355
19.95330603899999,105.94208323299983,SAT_10102,21.056646234793355,197.19363507071262,99.06293416316969,169.53054854072315,-63.93305380856683,29.98731193193353,35.0,0.12014433364731938,12.2696728661299
20.05330603899999,105.04208323299989,SAT_10071,20.657521935137737,194.9485608851498,99.02175965422153,169.64841510508094,-64.33217810822245,29.831659164208784,35.0,0.12190482046715152,12.393517346883138
20.05330603899999,105.14208323299988,SAT_10071,20.71824296795893,195.29011669476895,99.02819314301644,169.63085417003595,-64.27145707540126,29.85561319905801,35.0,0.12163497870159208,12.374581125721729
20.05330603899999,105.24208323299987,SAT_10071,20.76916639083015,195.5765609484196,99.03354305752006,169.61609776084626,-64.22053365253004,29.875666922171643,35.0,0.12140877035228258,12.358694043503142
20.05330603899999,105.34208323299987,SAT_10071,20.810245003673586,195.80762814566393,99.03782880809887,169.6041748181709,-64.1794550396866,29.891820291163782,35.0,0.12122635610069452,12.345874156578796
20.05330603899999,105.44208323299986,SAT_10102,20.843564608207004,195.9950509211644,99.04122148710219,169.5927532723411,-64.14613543515318,29.90396537848201,35.0,0.12108959835863208,12.33625794293547
20.05330603899999,105.54208323299986,SAT_10102,20.900038087351206,196.31271424135056,99.04704162876239,169.57631259074674,-64.08966195600898,29.926110081112732,35.0,0.12083892551706173,12.318620520857921
20.05330603899999,105.64208323299985,SAT_10102,20.94665934628496,196.57495882285292,99.05180953383835,169.56271538309593,-64.04304069707523,29.94436151914675,35.0,0.12063206428378896,12.30405476884226
20.05330603899999,105.74208323299985,SAT_10102,20.983384401501255,196.7815372584446,99.05554213758762,169.55198864942037,-64.00631564185893,29.9587196539869,35.0,0.12046916409904039,12.292577482326426
20.05330603899999,105.84208323299984,SAT_10102,21.010178342327045,196.93225317558966,99.05825257245269,169.54415382956088,-63.97952170103314,29.969184455270348,35.0,0.12035034348727729,12.28420198325533
20.05330603899999,105.94208323299983,SAT_10102,21.02701555098514,197.02696247429142,99.05995030569868,169.53922666149305,-63.96268449237505,29.97575590086795,35.0,0.12027568937242886,12.278938042377524
20.05330603899999,106.04208323299983,SAT_10102,21.033879865318724,197.06557424241782,99.06064123787603,169.5372170765088,-63.95582017804146,29.97843397688378,35.0,0.1202452565725049,12.276791821843943
20.05330603899999,106.14208323299982,SAT_10102,21.030764681990604,197.04805133619718,99.06032776386454,169.5381291327175,-63.95893536136958,29.97721867765486,35.0,0.1202590674794873,12.277765838827452
20.05330603899999,106.24208323299982,SAT_10102,21.01767299876964,196.97441061807925,99.05900879757868,169.54196098779133,-63.97202704459055,29.97211000575102,35.0,0.12031711192826329,12.281858950621976
20.153306038999993,104.8420832329999,SAT_10071,20.43381863324204,193.69022981198648,98.99753525280745,169.71278857104394,-64.55588141011815,29.74301701409381,35.0,0.1228999844984514,12.463209868669555
20.153306038999993,104.94208323299989,SAT_10071,20.513726856325206,194.1397135668293,99.0062835217709,169.68985212785472,-64.47597318703498,29.774751306972476,35.0,0.12254431945187998,12.438328046700851
20.153306038999993,105.04208323299989,SAT_10071,20.58398392741441,194.53490959170603,99.01388656805202,169.66963255632697,-64.40571611594578,29.802587879360697,35.0,0.12223178159941363,12.416439657380089
20.153306038999993,105.14208323299988,SAT_10071,20.644526615644978,194.875462213003,99.02037293276783,169.65216856068977,-64.34517342771521,29.826526672398778,35.0,0.1219625867985841,12.39756895262564
20.153306038999993,105.24208323299987,SAT_10071,20.695299787484856,195.16106130460233,99.02576659943055,169.63749391138316,-64.29440025587533,29.846567635471366,35.0,0.12173692305777213,12.381737056905758
20.153306038999993,105.34208323299987,SAT_10102,20.73689785612183,195.39505044068528,99.0300896660243,169.6237170852582,-64.25280218723836,29.8620303961908,35.0,0.12156335541432978,12.369552142756636
20.153306038999993,105.44208323299986,SAT_10102,20.80304392840732,195.76712209729118,99.03701115759348,169.60452956463766,-64.18665611495287,29.888051721508447,35.0,0.12126952546809247,12.348908746355567
20.153306038999993,105.54208323299986,SAT_10102,20.85940882250432,196.0841746265868,99.04285497973298,169.58814397769305,-64.13029122085587,29.910182310404114,35.0,0.121019258844902,12.33131029472203
20.153306038999993,105.64208323299985,SAT_10102,20.905940093646677,196.3459130267626,99.04764219786357,169.57459249318873,-64.08375994971351,29.92842211606147,35.0,0.1208127339737416,12.316776838612514
20.153306038999993,105.74208323299985,SAT_10102,20.94259404082507,196.552091479641,99.05138986672661,169.56390193096283,-64.04710600253512,29.942771099896497,35.0,0.12065009939930502,12.305325072069484
20.153306038999993,105.84208323299984,SAT_10102,20.969335978618233,196.70251487972754,99.05411121118605,169.5560935871006,-64.02036406474195,29.953229231556698,35.0,0.12053147293316184,12.296968236264878
20.153306038999993,105.94208323299983,SAT_10102,20.98614045511735,196.7970400600351,99.0558157650091,169.55118309367748,-64.00355958824284,29.95979648892046,35.0,0.12045694097494557,12.291716042510878
20.153306038999993,106.04208323299983,SAT_10102,20.992991413060793,196.83557669846695,99.05650947014108,169.5491803149957,-63.996708630299395,29.962472858096596,35.0,0.12042655801138272,12.289574615388894
20.153306038999993,106.14208323299982,SAT_10102,20.98988229202447,196.81808789263764,99.05619473825134,169.55008928175454,-63.99981775133572,29.961258333424045,35.0,0.12044034629899085,12.290546456706233
20.153306038999993,106.24208323299982,SAT_10102,20.97681607029186,196.74459039539173,99.05487047564112,169.55390816407234,-64.01288397306833,29.95615291747177,35.0,0.12049829573416306,12.29463043073359
20.25330603899999,104.64208323299991,SAT_10071,20.161961687307837,192.1610344911066,98.96694499046103,169.7903404713257,-64.82773835605235,29.634467643993712,35.0,0.12411153087918654,12.547753997841184
20.25330603899999,104.7420832329999,SAT_10071,20.26063691341362,192.71608263795162,98.97819991137949,169.7622771974839,-64.72906312994657,29.673971892909588,35.0,0.12367150650818895,12.517086318864056
20.25330603899999,104.8420832329999,SAT_10071,20.34983824394169,193.217840122172,98.98822459667655,169.7368245171577,-64.6398617994185,29.709581056000385,35.0,0.12327399597426289,12.48934434228694
20.25330603899999,104.94208323299989,SAT_10071,20.42948832071467,193.66587180402001,98.99705837958143,169.71402968135004,-64.56021172264552,29.741295057938267,35.0,0.12291926425170709,12.464557834982035
20.25330603899999,105.04208323299989,SAT_10071,20.499517016121317,194.05978321568242,99.00473524571262,169.69393556139346,-64.49018302723887,29.769113831639704,35.0,0.12260755122631531,12.442753746258793
20.25330603899999,105.14208323299988,SAT_10071,20.559861840235286,194.3992228513235,99.01128421981117,169.67658038861651,-64.4298382031249,29.793037318264055,35.0,0.12233907039859532,12.423956062373845
20.25330603899999,105.24208323299987,SAT_10071,20.61046831018993,194.68388424481836,99.01672968971596,169.6619975178338,-64.37923173317026,29.81306546721234,35.0,0.1221140077125248,12.408185674836265
20.25330603899999,105.34208323299987,SAT_10102,20.685390509559042,195.1053216162696,99.02464923107269,169.63862727221874,-64.30430953380115,29.84173024888289,35.0,0.12179225777169134,12.38562025269361
20.25330603899999,105.44208323299986,SAT_10102,20.751386891380363,195.47655126401455,99.03160846535447,169.6195179625366,-64.23831315197982,29.86773490894423,35.0,0.1214989808030308,12.365031117584415
20.25330603899999,105.54208323299986,SAT_10102,20.807623621935363,195.79288287338642,99.03748398310881,169.60319943843157,-64.18207642142482,29.889851324419755,35.0,0.12124918718026427,12.347479120232736
20.25330603899999,105.64208323299985,SAT_10102,20.85404866476614,196.05402373930954,99.04229704934009,169.58970360806313,-64.13565137859405,29.908079448508957,35.0,0.12104305403804069,12.332984165001838
20.25330603899999,105.74208323299985,SAT_10102,20.890618661019957,196.25972996823725,99.04606487982288,169.5790570727434,-64.09908138234023,29.922419242640874,35.0,0.12088072883863307,12.321562823399054
20.25330603899999,105.84208323299984,SAT_10102,20.91729919808388,196.40980798922183,99.0488008239532,169.57128095423064,-64.0724008452763,29.93287067647326,35.0,0.12076232853199993,12.313228238986918
20.25330603899999,105.94208323299983,SAT_10102,20.93406502492934,196.50411576522754,99.05051450508971,169.5663907561843,-64.05563501843085,29.939433727891984,35.0,0.12068793888413323,12.3079900512544
20.25330603899999,106.04208323299983,SAT_10102,20.94090021132928,196.5425636887272,99.05121192093841,169.56439626167548,-64.04879983203091,29.942108383010545,35.0,0.12065761398139736,12.305854339384572
20.25330603899999,106.14208323299982,SAT_10102,20.9377982488283,196.5251151496592,99.05089550578337,169.5653014681676,-64.05190179453189,29.940894636169805,35.0,0.12067137591660144,12.30682358661749
20.25330603899999,106.24208323299982,SAT_10102,20.92476209211266,196.45178676813373,99.04956415567122,169.56910456087058,-64.06493795124753,29.935792489937853,35.0,0.12072921466046818,12.310896665654326
20.25330603899999,106.34208323299981,SAT_10102,20.901804140219866,196.32264828873673,99.04721321699503,169.57579792484424,-64.08789590314032,29.926801955110065,35.0,0.1208310881200037,12.318068845286149
20.25330603899999,106.4420832329998,SAT_10102,20.86894615784624,196.13782213788508,99.04383443827622,169.58536819567624,-64.12075388551395,29.913923050709336,35.0,0.1209769223830845,12.328331818163967
20.25330603899999,106.5420832329998,SAT_10102,20.82621913780349,195.89748265014464,99.0394158842875,169.59779634803485,-64.1634809055567,29.897155803986465,35.0,0.12116661214640366,12.341673749361902
20.35330603899999,104.64208323299991,SAT_10071,20.067843448093697,191.63161939552703,98.95604871398805,169.81701739900257,-64.92185659526649,29.596677411771246,35.0,0.12453152122092194,12.576985086814263
20.35330603899999,104.7420832329999,SAT_10071,20.166173572851307,192.1847263472886,98.96743245150435,169.78914459309865,-64.82352647050888,29.636156278671102,35.0,0.12409274242847182,12.546445413652869
20.35330603899999,104.8420832329999,SAT_10071,20.25506050311654,192.68471533003057,98.97757089861243,169.76386572267597,-64.73463954024365,29.67174256246916,35.0,0.12369636525873245,12.518820014778111
20.35330603899999,104.94208323299989,SAT_10071,20.33442787096341,193.1311567741692,98.98650416531378,169.7412274080799,-64.65527217239678,29.703436187861794,35.0,0.12334265151169764,12.494138300666975
20.35330603899999,105.04208323299989,SAT_10071,20.404206454746074,193.52366130794667,98.99426690367387,169.72127194304852,-64.58549358861411,29.73123708778702,35.0,0.12303183817893884,12.472426895173681
20.35330603899999,105.14208323299988,SAT_10071,20.46433457841249,193.86188200357026,99.00088870411219,169.70403703954054,-64.5253654649477,29.7551452034231,35.0,0.12276413616878154,12.453709492661483
20.35330603899999,105.24208323299987,SAT_10102,20.547324012193172,194.32869756858662,99.0098609598503,169.6784611140117,-64.44237603116702,29.787153444715365,35.0,0.12240626315768355,12.428662098713
20.35330603899999,105.34208323299987,SAT_10102,20.622823435481365,194.7533818245827,99.01798495885326,169.6567026266436,-64.36687660787882,29.817027056621285,35.0,0.12207042724126244,12.405130610615235
20.35330603899999,105.44208323299986,SAT_10102,20.68864777772042,195.12364374967737,99.02499176809559,169.6376851699397,-64.30105226563977,29.843014981279087,35.0,0.12177777965980413,12.384604297319365
20.35330603899999,105.54208323299986,SAT_10102,20.744737193318002,195.4391467124138,99.03090723572234,169.6214454033283,-64.24496285004219,29.86511716367624,35.0,0.1215285244751287,12.367106085915001
20.35330603899999,105.64208323299985,SAT_10102,20.791040122903937,195.69960069133467,99.03575287968867,169.60801493025218,-64.19865992045625,29.88333355702794,35.0,0.12132283731072899,12.352655709921278
20.35330603899999,105.74208323299985,SAT_10102,20.827513607390657,195.90476404157246,99.03954611981777,169.5974200965273,-64.16218643596953,29.897664122776163,35.0,0.12116086436523615,12.34126959785317
20.35330603899999,105.84208323299984,SAT_10102,20.854123552888126,196.0544449849957,99.04230046327531,169.58968182010443,-64.13557649047206,29.90810883058886,35.0,0.12104272158280999,12.332960779373677
20.35330603899999,105.94208323299983,SAT_10102,20.870844943045498,196.14850280463094,99.04402564690822,169.58481545451912,-64.11885510031469,29.914667658359306,35.0,0.1209684939897996,12.327738810165082
20.35330603899999,106.04208323299983,SAT_10102,20.87766199603992,196.18684872772457,99.04472773904962,169.5828306878817,-64.11203804732027,29.91734059220567,35.0,0.12093823520524667,12.325609716438983
20.35330603899999,106.14208323299982,SAT_10102,20.874568264125557,196.16944648570626,99.04440920262617,169.58373147880332,-64.11513177923463,29.916127626470704,35.0,0.1209519671308754,12.326575959771155
20.35330603899999,106.24208323299982,SAT_10102,20.86156667442239,196.09631254362594,99.04306892069664,169.58751603013582,-64.1281333689378,29.911028763721642,35.0,0.1210096798241677,12.330636422699454
20.35330603899999,106.34208323299981,SAT_10102,20.83866951038982,195.96751599594273,99.04070218487539,169.59417680090007,-64.15103053297037,29.902044014750235,35.0,0.12111133155600348,12.33778641526453
20.35330603899999,106.4420832329998,SAT_10102,20.805898334241164,195.78317813010653,99.03730064643557,169.60370055622806,-64.18380170911902,29.889173398572996,35.0,0.12125684905219283,12.348017702411756
20.35330603899999,106.5420832329998,SAT_10102,20.763283851330243,195.54347166373262,99.03285222921947,169.61606845463305,-64.22641619202994,29.872416942431574,35.0,0.1214461279160922,12.361318551912367
20.45330603899999,104.44208323299992,SAT_10071,19.7392673920007,189.78337908000395,98.91668043990099,169.9094630974713,-65.25043265135949,29.463908298365066,35.0,0.12599992176986385,12.678877930483399
20.45330603899999,104.54208323299991,SAT_10071,19.85579151610939,190.43882727811533,98.93088519262896,169.87680024410133,-65.1339085272508,29.5111415575923,35.0,0.12547879345155633,12.642771047290209
20.45330603899999,104.7420832329999,SAT_10071,20.06103196045032,191.59330477753306,98.9552582549522,169.81894463851418,-64.92866808290987,29.59393830052933,35.0,0.12456192742292582,12.579099817502088
20.45330603899999,104.8420832329999,SAT_10071,20.14957824639849,192.0913776359915,98.96552735176292,169.79385547161513,-64.8401217969617,29.62950160895645,35.0,0.124166774393048,12.551601159909968
20.45330603899999,104.94208323299989,SAT_10071,20.228639305432097,192.53609609305553,98.97457485872621,169.77138797734125,-64.76106073792809,29.661174772236304,35.0,0.12381416020359318,12.527033372619552
20.45330603899999,105.04208323299989,SAT_10071,20.298146898152467,192.92707630210762,98.98243619792007,169.7515838234038,-64.69155314520772,29.68895772332829,35.0,0.12350431870308694,12.505422726429128
20.45330603899999,105.14208323299988,SAT_10102,20.389123695084763,193.4388207848518,98.9925290236017,169.7238664743644,-64.60057634827542,29.724329170214506,35.0,0.12311056752825134,12.477928476597278
20.45330603899999,105.24208323299987,SAT_10102,20.47398289498888,193.91615378431246,99.00187815143352,169.6995422968118,-64.51571714837131,29.758066575046552,35.0,0.1227326757085682,12.451508750897483
20.45330603899999,105.34208323299987,SAT_10102,20.549261297763593,194.3395947999202,99.01006955262454,169.67790352243264,-64.4404387455966,29.787920868641955,35.0,0.12239764342276091,12.428058448383133
20.45330603899999,105.44208323299986,SAT_10102,20.61489183443547,194.7087665686995,99.01713412985268,169.65899118744858,-64.37480820892472,29.813891987780366,35.0,0.12210569979780848,12.407603309458693
20.45330603899999,105.54208323299986,SAT_10102,20.670815285551697,195.02333598122829,99.02309810372833,169.64284155155048,-64.31888475780849,29.835979877467587,35.0,0.1218570469072946,12.390166036818309
20.45330603899999,105.64208323299985,SAT_10102,20.71698063478466,195.28301607066373,99.0279833008712,169.62948587122796,-64.27271940857553,29.854184490934415,35.0,0.12165185865455809,12.37576616962742
20.45330603899999,105.74208323299985,SAT_10102,20.75334537804008,195.48756775147547,99.03180739004786,169.61895020141188,-64.2363546653201,29.86850578963567,35.0,0.12149027979994671,12.364419973743944
20.45330603899999,105.84208323299984,SAT_10102,20.77987578415727,195.63680128588464,99.03458407087574,169.611255228034,-64.20982425920292,29.8789437432494,35.0,0.12137242514289508,12.356140349275439
20.45330603899999,105.94208323299983,SAT_10102,20.7965471038529,195.73057745917257,99.03632321862123,169.60641613373312,-64.19315293950729,29.885498329676253,35.0,0.12129837886799044,12.350936756582422
20.45330603899999,106.04208323299983,SAT_10102,20.80334372418301,195.76880844852943,99.0370309877527,169.60444249852515,-64.18635631917718,29.888169535039015,35.0,0.12126819406245024,12.348815161628602
20.45330603899999,106.14208323299982,SAT_10102,20.80025926648713,195.75145837399012,99.03670987612716,169.6053382367948,-64.18944077687306,29.886957353682327,35.0,0.12128189241054362,12.349778001350044
20.45330603899999,106.24208323299982,SAT_10102,20.78729662651574,195.67854352415105,99.03535875096449,169.6091015714763,-64.20240341684445,29.881861788172564,35.0,0.12133946406848446,12.353824169472226
20.45330603899999,106.34208323299981,SAT_10102,20.764467956204854,195.5501322536523,99.03297283707349,169.61572504578075,-64.22523208715533,29.872882849297888,35.0,0.12144086772124571,12.360949022951232
20.45330603899999,106.4420832329998,SAT_10102,20.73179458734242,195.36634455380113,99.0295436671198,169.62519557230664,-64.25790545601777,29.860020556068473,35.0,0.12158603082063607,12.371144408958969
20.45330603899999,106.5420832329998,SAT_10102,20.689306898142135,195.12735130204948,99.02505899304353,169.63749451885542,-64.30039314521805,29.843274935716895,35.0,0.12177485000188623,12.38439871207764
20.55330603899999,104.54208323299991,SAT_10071,19.843176464397658,190.36786761223684,98.92936803505911,169.88034279060167,-65.14652357896253,29.50603590104196,35.0,0.12553519119450196,12.646681498208329
20.55330603899999,104.64208323299991,SAT_10071,19.847757664606746,190.39363686341295,98.92992205755682,169.87905648309624,-65.14194237875344,29.507890259540112,35.0,0.1255147095859423,12.645261445611387
20.55330603899999,104.7420832329999,SAT_10071,19.94531241976115,190.9423823611565,98.94162205505378,169.85161612399776,-65.04438762359904,29.547318042686456,35.0,0.1250787170303623,12.615010825257372
20.55330603899999,104.8420832329999,SAT_10071,20.033492961103704,191.43839790620837,98.95203974829094,169.82673182512443,-64.95620708225648,29.58285827970563,35.0,0.12468487524825546,12.587648661589439
20.55330603899999,104.94208323299989,SAT_10071,20.112225146187285,191.88126644730352,98.96121717329376,169.8044487902659,-64.8774748971729,29.614510895341848,35.0,0.12433343888678172,12.563203563362084
20.55330603899999,105.04208323299989,SAT_10102,20.21109862097238,192.43742974296964,98.97251081708418,169.77466081135478,-64.77860142238781,29.653265366263042,35.0,0.12390409241160916,12.53330188488446
20.55330603899999,105.14208323299988,SAT_10102,20.305161122173644,192.96653131222675,98.98315791083218,169.74786234807024,-64.68453892118654,29.690861365532633,35.0,0.12348469422657056,12.504053244422371
20.55330603899999,105.24208323299987,SAT_10102,20.389745867318283,193.44232050366531,98.99259879383536,169.72368839784792,-64.5999541760419,29.724576848239696,35.0,0.12310779605062791,12.47773483038305
20.55330603899999,105.34208323299987,SAT_10102,20.46477919649611,193.86438298029063,99.00087001125415,169.7021839702431,-64.52492084686408,29.754411742960098,35.0,0.12277365005037767,12.45437496953069
20.55330603899999,105.44208323299986,SAT_10102,20.530194825889666,194.23234589562938,99.00800299113392,169.68338960063875,-64.45950521747052,29.780365986494424,35.0,0.12248248285080243,12.433999120475391
20.55330603899999,105.54208323299986,SAT_10102,20.58593423464619,194.54588006988482,99.0140243973928,169.6673411027044,-64.403765808714,29.802439523866667,35.0,0.12223449430562268,12.41662973557064
20.55330603899999,105.64208323299985,SAT_10102,20.631947012257413,194.80470194394798,99.01895642394027,169.6540693458491,-64.35775303110277,29.82063230832309,35.0,0.12202985639784204,12.402286137178924
20.55330603899999,105.74208323299985,SAT_10102,20.668191162169705,195.0085752872046,99.02281703571202,169.6436000605106,-64.32150888119048,29.834944301331273,35.0,0.12186871228229634,12.390984409728862
20.55330603899999,105.84208323299984,SAT_10102,20.69463335781279,195.15731263769695,99.02562016125106,169.63595367381518,-64.2950666855474,29.84537547257929,35.0,0.12175117548069489,12.382737308830821
20.55330603899999,105.94208323299983,SAT_10102,20.711249147773785,195.25077645622753,99.02737584045695,169.63114517778766,-64.2784508955864,29.85192579997509,35.0,0.12167732923811715,12.377554188535722
20.55330603899999,106.04208323299983,SAT_10102,20.718023107458905,195.28887997945637,99.02809033023733,169.62918403188206,-64.27167693590128,29.854595269646055,35.0,0.12164722604822395,12.375440947617053
20.55330603899999,106.14208323299982,SAT_10102,20.714948935256032,195.2715877608152,99.02776616998945,169.63007410115776,-64.27475110810416,29.853383875938693,35.0,0.12166088735259321,12.37639999553249
20.55330603899999,106.24208323299982,SAT_10102,20.702029491930134,195.198915892107,99.02640220809714,169.63381363094695,-64.28767055143005,29.84829162141853,35.0,0.12171830341762845,12.38043023848401
20.55330603899999,106.34208323299981,SAT_10102,20.679276782731677,195.07093190286568,99.02399358992025,169.64039525835955,-64.31042326062851,29.839318516870158,35.0,0.12181943339045748,12.387527085748664
20.55330603899999,106.4420832329998,SAT_10102,20.646711882451683,194.88775433879073,99.02053170706,169.64980606047106,-64.3429881609085,29.826464581297472,35.0,0.12196420553317736,12.397682476201732
20.55330603899999,106.5420832329998,SAT_10102,20.60436480441743,194.64955202484805,99.01600410698508,169.6620276385286,-64.38533523894276,29.80972984192404,35.0,0.12215251763275402,12.410884924705442
20.65330603899999,104.64208323299991,SAT_10071,19.952812042626434,190.9845677397737,98.94251999877204,169.8495027389958,-65.03688800073375,29.550344343191135,35.0,0.12504521191873563,12.612684393010364
20.65330603899999,104.7420832329999,SAT_10071,19.900395619992864,190.68972536245982,98.93626496810977,169.86426202531283,-65.08930442336732,29.529178693667692,35.0,0.1252794228063343,12.628941668915848
20.65330603899999,104.8420832329999,SAT_10071,19.906914149573566,190.7263920913513,98.9370457487112,169.8624280272384,-65.08278589378662,29.53181266774953,35.0,0.12525029157644588,12.626920242721308
20.65330603899999,104.94208323299989,SAT_10102,20.013584156729138,191.32641088160142,98.94963485393909,169.83064588548572,-64.97611588663105,29.573970053363684,35.0,0.12478566623846782,12.59465438827054
20.65330603899999,105.04208323299989,SAT_10102,20.116681971322393,191.90633608868848,98.96166705778282,169.80147137810872,-64.8730180720378,29.615419409038832,35.0,0.12432535222690295,12.56264075074101
20.65330603899999,105.14208323299988,SAT_10102,20.210412821037806,192.43357211833765,98.97243551747866,169.7748558714969,-64.77928722232238,29.65299086147742,35.0,0.12390715123414162,12.533515061068758
20.65330603899999,105.24208323299987,SAT_10102,20.29469712113533,192.90767130638622,98.98198314892038,169.75084792469264,-64.69500292222486,29.6866843310553,35.0,0.12353133631423192,12.5073079922733
20.65330603899999,105.34208323299987,SAT_10102,20.369462161612503,193.32822465907032,98.99034721665943,169.7294919420193,-64.62023788174768,29.716499746371813,35.0,0.1231981565933544,12.48404752950683
20.65330603899999,105.44208323299986,SAT_10102,20.434642520876707,193.6948641799315,98.99755976333174,169.71082790894235,-64.55505752248348,29.74243704424831,35.0,0.12290783594560806,12.463758821843829
20.65330603899999,105.54208323299986,SAT_10102,20.490180445134953,194.00726500388413,99.00364797131158,169.69489114947822,-64.49951959822523,29.76449616972684,35.0,0.12266057178436977,12.446464046689476
20.65330603899999,105.64208323299985,SAT_10102,20.536026188980173,194.2651473130135,99.0086344639605,169.68171210814705,-64.45367385438001,29.78267707606903,35.0,0.12245653398183168,12.432182288320172
20.65330603899999,105.74208323299985,SAT_10102,20.572138313004146,194.4682780106483,99.01253755244097,169.67131615923861,-64.41756173035604,29.796979724755104,35.0,0.1222958639282475,12.420929431944288
20.65330603899999,105.84208323299984,SAT_10102,20.59848393473193,194.61647213286713,99.01537143287106,169.66372344585196,-64.39121610862826,29.80740408548309,35.0,0.12217867374112244,12.412718074518262
20.65330603899999,105.94208323299983,SAT_10102,20.615038929683152,194.7095939794677,99.01714633755529,169.658948750837,-64.37466111367704,29.81395013616819,35.0,0.12210504563309316,12.407557453375125
20.65330603899999,106.04208323299983,SAT_10102,20.621788079981457,194.74755794989568,99.01786864311063,169.65700140135252,-64.36791196337873,29.816617862942344,35.0,0.12207503144557812,12.40545339352297
20.65330603899999,106.14208323299982,SAT_10102,20.618725168574585,194.73032907323204,99.01754093747559,169.65788520833328,-64.3709748747856,29.81540726015391,35.0,0.12208865235347492,12.40640827425275
20.65330603899999,106.24208323299982,SAT_10102,20.60585301783182,194.65792322530402,99.01616204702366,169.66159844168817,-64.38384702552837,29.810318330367576,35.0,0.12214589874426808,12.410421015463513
20.65330603899999,106.34208323299981,SAT_10102,20.583183472015378,194.53040703008648,99.01372702427344,169.66813384156353,-64.40651657134481,29.80135108436439,35.0,0.12224673027292861,12.417487083872748
20.65330603899999,106.4420832329998,SAT_10102,20.550737323850115,194.3478974466569,99.0102270959718,169.67747866552452,-64.43896271951007,29.788505541142012,35.0,0.12239107609197823,12.42759851903559
20.65330603899999,106.5420832329998,SAT_10102,20.50854418616062,194.1105610471535,99.00564957060706,169.68961477100606,-64.48115585719957,29.77178172791507,35.0,0.12257883525409284,12.440743978854487
20.65330603899999,106.6420832329998,SAT_10102,20.456642310246536,193.81861299513676,98.99997770365705,169.70451873192135,-64.53305773311365,29.751179680115754,35.0,0.12280987728267734,12.456908804025367
20.753306038999987,103.54208323299997,SAT_10102,20.08468787005316,191.72636926904903,98.95795884731339,169.81053631436038,-64.90501217330703,29.602570321277906,35.0,0.12446816458399061,12.572578015640572
20.753306038999987,103.64208323299997,SAT_10071,20.0988812355248,191.80620694982701,98.95967843023455,169.80822975455175,-64.89081880783539,29.609151549064272,35.0,0.12439298828733207,12.567347614060589
20.753306038999987,103.74208323299996,SAT_10071,20.141289823581843,192.04475525764786,98.9645835078369,169.79620726152552,-64.84841021977834,29.626176725604264,35.0,0.1242037524139051,12.554175931443185
20.753306038999987,104.54208323299991,SAT_10071,20.138211029101143,192.02743703869393,98.9642285228094,169.79708067678757,-64.85148901425904,29.624941460987262,35.0,0.12421748871953153,12.555132309739195
20.753306038999987,104.64208323299991,SAT_10071,20.09503773316493,191.78458724905272,98.95923223797493,169.80931847352173,-64.89466231019526,29.60760747323524,35.0,0.12441014159091798,12.568541168317868
20.753306038999987,104.7420832329999,SAT_10071,20.042432158251714,191.4886808901659,98.95309757409211,169.82420491702015,-64.94726788510847,29.586455876884788,35.0,0.12464496360433186,12.584873881368775
20.753306038999987,104.8420832329999,SAT_10071,19.980439027296953,191.13996952854538,98.94580128935927,169.8417126994886,-65.00926101606323,29.561486717073045,35.0,0.12492180150435221,12.604113232143336
20.753306038999987,104.94208323299989,SAT_10071,19.909110511589716,190.73874662769217,98.93731535817469,169.86180998329402,-65.08058953177047,29.53270004708612,35.0,0.1252404763590063,12.626239119203568
20.753306038999987,105.04208323299989,SAT_10102,20.011599621930344,191.3152478733582,98.94940667983583,169.83120643405073,-64.97810042142984,29.573170929380012,35.0,0.12479453012199901,12.595270386637136
20.753306038999987,105.14208323299988,SAT_10102,20.104971256170757,191.8404633159605,98.96031452987616,169.80479057187142,-64.88472878718943,29.610717733552463,35.0,0.12437762170566666,12.566278327164804
20.753306038999987,105.24208323299987,SAT_10102,20.18893013909694,192.31273203242029,98.96998474960388,169.78096375469502,-64.80076990426325,29.644389099036907,35.0,0.12400297640415134,12.540192272200992
20.753306038999987,105.34208323299987,SAT_10102,20.263404590412335,192.7316508210694,98.97845543489858,169.75976973097465,-64.72629545294785,29.67418495445599,35.0,0.12367084004246316,12.517039836386724
20.753306038999987,105.44208323299986,SAT_10102,20.32833012300756,193.09685694191754,98.98575933838973,169.74124789036367,-64.66136992035263,29.700105236651655,35.0,0.1233814335084048,12.496845833132207
20.753306038999987,105.54208323299986,SAT_10102,20.38364981429754,193.40803020542367,98.99192424121824,169.72543302645016,-64.60605022906265,29.722149890683895,35.0,0.12313495156657038,12.479632141729812
20.753306038999987,105.64208323299985,SAT_10102,20.429314639495715,193.6648948471634,98.99697326259943,169.71235512355125,-64.56038540386447,29.74031886982956,35.0,0.12293156179834615,12.465417588344447
20.753306038999987,105.74208323299985,SAT_10102,20.465283762777005,193.86722116562066,99.0009251133732,169.70203917025407,-64.52441628058318,29.75461213558144,35.0,0.12277140367914217,12.454217842231413
20.753306038999987,105.84208323299984,SAT_10102,20.491524782727936,194.01482690284467,99.0037942984889,169.69450500209405,-64.49817526063225,29.765029657647432,35.0,0.12265458780282087,12.446045328382814
20.753306038999987,105.94208323299983,SAT_10102,20.50801392899028,194.10757835057032,99.00559127229361,169.6897671754278,-64.48168611436991,29.771571413949946,35.0,0.12258119526183416,12.440909157630225
20.753306038999987,106.04208323299983,SAT_10102,20.514736207585088,194.1453911676661,99.00632254954117,169.68783487417375,-64.4749638357751,29.774237390625434,35.0,0.12255127718996013,12.43881507503683
20.753306038999987,106.14208323299982,SAT_10102,20.511685493044112,194.12823089837315,99.00599077418069,169.68871185066683,-64.47801455031608,29.773027582024095,35.0,0.12256485447277318,12.439765427200564
20.753306038999987,106.24208323299982,SAT_10102,20.49886456615249,194.05611318460777,99.0045947471887,169.69239640142382,-64.4908354772077,29.767941990709787,35.0,0.12262191762911878,12.443759148864544
20.753306038999987,106.34208323299981,SAT_10102,20.47628509680608,193.92910366953421,99.0021294139534,169.69888137815136,-64.51341494655411,29.758980627460044,35.0,0.122722426864938,12.450791768997865
20.753306038999987,106.4420832329998,SAT_10102,20.443967572213126,193.74731759369882,98.99858581098087,169.70815423384198,-64.54573247114706,29.74614351126633,35.0,0.12286631229883062,12.46085543627257
20.753306038999987,106.5420832329998,SAT_10102,20.40194117136994,193.51091908895592,98.99395097094627,169.72019710334035,-64.58775887199025,29.729430669334402,35.0,0.12305347435680306,12.473938963627496
20.753306038999987,106.6420832329998,SAT_10102,20.35024358743759,193.22012017933642,98.98820778433581,169.73498691729498,-64.6394564559226,29.708842137084904,35.0,0.12328378433175749,12.490027891380766
20.753306038999987,106.74208323299979,SAT_10102,20.288920800296296,192.87517950166668,98.98133481509444,169.7524955479811,-64.70077924306389,29.684377958154073,35.0,0.12355708510147655,12.509104568135378
20.753306038999987,107.04208323299977,SAT_10102,20.047779256363583,191.51875831704515,98.95365265833308,169.8209810700649,-64.9419207869966,29.587732100890086,35.0,0.12463295394716704,12.584038863874627
20.85330603899999,103.24208323299999,SAT_10102,20.159094929938433,192.14490898090372,98.96656671366365,169.7894387690215,-64.83060511342175,29.632433627891004,35.0,0.1241360829436209,12.549463889347637
20.85330603899999,103.34208323299998,SAT_10102,20.102333171580412,191.8256240901398,98.96001282162808,169.80553810198631,-64.88736687177978,29.609658352591136,35.0,0.1243893971008866,12.56709772528372
20.85330603899999,103.44208323299998,SAT_10071,20.117274856977915,191.9096710705008,98.96181400545383,169.8030175058268,-64.87242518638227,29.616538458732638,35.0,0.12431090518430393,12.561635234103804
20.85330603899999,103.54208323299997,SAT_10071,20.17871309802085,192.25526117636727,98.96888782658375,169.7855832069493,-64.81098694533934,29.641182363815147,35.0,0.12403680922506746,12.54254929298012
20.85330603899999,103.64208323299997,SAT_10071,20.230729856224258,192.54785544126145,98.97482317953951,169.77079304055607,-64.75897018713593,29.662011248177702,35.0,0.1238048389881473,12.52638355576941
20.85330603899999,103.74208323299996,SAT_10071,20.273280356696347,192.78720200641698,98.97964223473743,169.75867436859917,-64.71641968666384,29.67902506736164,35.0,0.12361514771552044,12.513155237710787
20.85330603899999,104.34208323299993,SAT_10071,20.328295615829205,193.09666283903928,98.98582534270172,169.74297878918327,-64.66140442753098,29.700990150154706,35.0,0.12336997374714362,12.496045814755272
20.85330603899999,104.44208323299992,SAT_10071,20.304008448054446,192.96004752030626,98.98310231786387,169.74991153572714,-64.68569159530574,29.691297952310553,35.0,0.12347819692206753,12.503599814967089
20.85330603899999,104.54208323299991,SAT_10071,20.270191237731837,192.76982571224158,98.97929346380367,169.7595547801538,-64.71950880562835,29.67779062677914,35.0,0.12362891715068236,12.514115735103022
20.85330603899999,104.64208323299991,SAT_10071,20.226873524360343,192.52616357452695,98.97438482922625,169.77189045594113,-64.76282651899984,29.66046820238965,35.0,0.12382203346454976,12.52758223198382
20.85330603899999,104.7420832329999,SAT_10071,20.1740928869567,192.22927248913146,98.96835826888595,169.786895588449,-64.81560715640349,29.639330716115072,35.0,0.12405741733739409,12.543984866732167
20.85330603899999,104.8420832329999,SAT_10071,20.11189472367873,191.87940782069288,98.96119124897001,169.80454243602543,-64.87780531968146,29.614378213072914,35.0,0.12433491338390763,12.563306183345029
20.85330603899999,104.94208323299989,SAT_10071,20.04033198859129,191.476867435826,98.95285660224819,169.8247986584152,-64.9493680547689,29.585610746526125,35.0,0.12465434019681625,12.585525802683003
20.85330603899999,105.04208323299989,SAT_10071,19.95946488875667,191.02198999925628,98.94332222824119,169.84762751036044,-65.03023515460352,29.55302837788413,35.0,0.12501549131337328,12.610620530813833
20.85330603899999,105.14208323299988,SAT_10102,19.98893750435316,191.18777346198655,98.94674015126033,169.8376047787034,-65.00076253900703,29.56404206604682,35.0,0.12489575875343228,12.602304067597021
20.85330603899999,105.24208323299987,SAT_10102,20.072547092175682,191.65807739348824,98.95654979080385,169.8139735196838,-64.9171529511845,29.597691236513256,35.0,0.12452236592678438,12.57634830208717
20.85330603899999,105.34208323299987,SAT_10102,20.146709636598374,192.07524170586586,98.96514171942593,169.792954341974,-64.84299040676181,29.62746745157646,35.0,0.12419134686120241,12.553312169503076
20.85330603899999,105.44208323299986,SAT_10102,20.211361652156214,192.4389092933787,98.97254950249784,169.77458599689146,-64.77833839120397,29.653370648098846,35.0,0.12390291923711054,12.533220123174248
20.85330603899999,105.54208323299986,SAT_10102,20.266447107052343,192.74876497716946,98.97880160637096,169.7589027098437,-64.72325293630784,29.675400771158177,35.0,0.12365727497468361,12.516093722647627
20.85330603899999,105.64208323299985,SAT_10102,20.311917748655475,193.00453733618707,98.98392171755127,169.74593397226968,-64.67778229470471,29.693557774046436,35.0,0.12345457919564792,12.501951517285818
20.85330603899999,105.74208323299985,SAT_10102,20.347733387804112,193.20600030639812,98.9879290040356,169.7357043597246,-64.64196665555608,29.70784161826887,35.0,0.12329496931966906,12.49080894478068
20.85330603899999,105.84208323299984,SAT_10102,20.373862138430127,193.35297452866948,98.99083832395577,169.72823337842104,-64.61583790493006,29.718252273543182,35.0,0.12317855430500678,12.482678245747206
20.85330603899999,105.94208323299983,SAT_10102,20.3902806095022,193.44532842844987,98.99266038555365,169.7235353422209,-64.59941943385799,29.724789717798927,35.0,0.12310541404170218,12.477568395394302
20.85330603899999,106.04208323299983,SAT_10102,20.396974046861928,193.48297901359834,98.99340186152094,169.72161928169098,-64.59272599649826,29.72745393717703,35.0,0.12307559890398743,12.475485053080321
20.85330603899999,106.14208323299982,SAT_10102,20.393936423137063,193.465892380146,98.993065459843,169.72248888643014,-64.59576362022312,29.726244926029537,35.0,0.12308912946689984,12.476430530355625
20.85330603899999,106.24208323299982,SAT_10102,20.381170474570837,193.39408391946094,98.99164995246046,169.7261424814421,-64.60852956878935,29.72116268691946,35.0,0.12314599639027704,12.480403777876418
20.85330603899999,106.34208323299981,SAT_10102,20.358687684295816,193.26761822416398,98.98915016227777,169.73257303786613,-64.63101235906437,29.712207230620855,35.0,0.12324616047143643,12.487400391347668
20.85330603899999,106.4420832329998,SAT_10102,20.326508212264812,193.08660869398958,98.98555690827865,169.74176821792497,-64.66319183109538,29.699378576119035,35.0,0.12338955286594754,12.497412636423492
20.85330603899999,106.5420832329998,SAT_10102,20.284660772745085,192.8512168466911,98.98085690773367,169.7537104534871,-64.7050392706151,29.682676750610963,35.0,0.12357607547401803,12.510429492264965
20.85330603899999,106.6420832329998,SAT_10102,20.233182460946296,192.56165134282293,98.97503263367648,169.7683770571976,-64.75651758241389,29.662101789505815,35.0,0.12380560148818047,12.526436713233933
20.85330603899999,106.74208323299979,SAT_10102,20.172118530991114,192.21816673682503,98.96806212496139,169.7857403647083,-64.81758151236907,29.637653736425708,35.0,0.12407797609621751,12.545416907990276
20.85330603899999,106.84208323299978,SAT_10102,20.101522128010856,191.82106197006107,98.95991874526369,169.8057679061594,-64.88817791534933,29.60933264320659,35.0,0.12439301733163466,12.567349635064886
20.85330603899999,106.94208323299978,SAT_10102,20.021453977688026,191.37067862449516,98.95057088631695,169.828422604705,-64.96824606567216,29.577138569899322,35.0,0.12475051706251128,12.592211513803973
20.85330603899999,107.34208323299976,SAT_10102,19.60792324370901,189.0445682458632,98.90030639362793,169.94442326749433,-65.38177679965118,29.409633964401824,35.0,0.1266000882075366,12.72038740835113
20.95330603899999,103.142083233,SAT_10102,20.070276991512173,191.645308077256,98.95628982862247,169.8146160511892,-64.91942305184801,29.59677873962723,35.0,0.12453250108928865,12.57705323919674
20.95330603899999,103.24208323299999,SAT_10071,20.086891339874114,191.73876378679188,98.9582944734176,169.81162555412976,-64.90280870348607,29.604334175722617,35.0,0.12444649995785914,12.571070825121067
20.95330603899999,103.34208323299998,SAT_10071,20.16724630498271,192.19076046552775,98.96757624358995,169.78883998465963,-64.82245373837748,29.636586325365265,35.0,0.12408795725640633,12.546112121826713
20.95330603899999,103.44208323299998,SAT_10071,20.238265849077735,192.59024540106225,98.9756815896044,169.7686480571575,-64.75143419428245,29.665026124553812,35.0,0.12377123913324108,12.524041022545527
20.95330603899999,103.54208323299997,SAT_10071,20.299889525173896,192.93687857910317,98.98264130618307,169.75108669158857,-64.68981051818629,29.689653512564128,35.0,0.12349655263546801,12.50488078652638
20.95330603899999,103.64208323299997,SAT_10071,20.352064259396755,193.23036145910675,98.98848142435378,169.73618832620687,-64.63763578396343,29.71046843681494,35.0,0.12326407936780548,12.488651815203688
20.95330603899999,103.74208323299996,SAT_10071,20.39474465702027,193.470438695739,98.99322349609409,169.7239807217709,-64.59495538633992,29.727470852866794,35.0,0.12307397451926513,12.475371542916555
20.95330603899999,103.84208323299995,SAT_10071,20.427893267781272,193.65689963126965,98.99688482645574,169.71448679164405,-64.56180677557892,29.7406607244212,35.0,0.12292636602218877,12.465054342333884
20.95330603899999,103.94208323299995,SAT_10071,20.451480807228222,193.78957954065874,98.9994786576127,169.70772445993515,-64.53821923613197,29.750038023319878,35.0,0.12282135385259202,12.457711445664092
20.95330603899999,104.04208323299994,SAT_10071,20.46548633136517,193.8683606139291,99.00101430828772,169.70370654949818,-64.52421371199502,29.755602729544222,35.0,0.12275900947937118,12.45335088256169
20.95330603899999,104.14208323299994,SAT_10071,20.46989736238976,193.8931726634424,99.0014972711332,169.702440701258,-64.51980268097043,29.757354831214894,35.0,0.12273937546839576,12.451977435458922
20.95330603899999,104.24208323299993,SAT_10071,20.464709963938958,193.86399354715664,99.00092926984418,169.7039293259163,-64.52499007942123,29.7552943245916,35.0,0.12276246524585173,12.453592612850667
20.95330603899999,104.34208323299993,SAT_10071,20.449928764877285,193.78084930243475,98.99930827703776,169.70816958868173,-64.5397712784829,29.749421214073006,35.0,0.12282826302346213,12.45819464085073
20.95330603899999,104.44208323299992,SAT_10071,20.42556693132508,193.64381398870358,98.99662849322141,169.7151534272253,-64.56413311203511,29.739735512196827,35.0,0.12293672388641602,12.465778473120235
20.95330603899999,104.54208323299991,SAT_10071,20.391646087286432,193.4530092409862,98.99288028647088,169.72486760262117,-64.59805395607376,29.726237239640074,35.0,0.12308777404302831,12.476335819049622
20.95330603899999,104.64208323299991,SAT_10071,20.348196184884983,193.20860353997801,98.98805009172456,169.7372937826023,-64.6415038584752,29.708926425219477,35.0,0.1232813112333615,12.489855189859009
20.95330603899999,104.7420832329999,SAT_10071,20.295255325854356,192.91081120793075,98.98212026785438,169.75240865603377,-64.69444471750583,29.68780310589203,35.0,0.12351720529230549,12.506321962071794
20.95330603899999,104.8420832329999,SAT_10071,20.232869536523523,192.55989114294482,98.97506890986978,169.77018407711336,-64.75683050683666,29.66286732675574,35.0,0.12379529886096499,12.525718457618085
20.95330603899999,104.94208323299989,SAT_10071,20.161092499081064,192.156145307331,98.96686961272401,169.79058723744964,-64.82860754427912,29.634119141050533,35.0,0.12411540823867934,12.54802403964134
20.95330603899999,105.04208323299989,SAT_10071,20.079985242399516,191.69991698849728,98.95749118219467,169.81358086383622,-64.90971480096067,29.60155861015927,35.0,0.12447732436661982,12.573215222917105
20.95330603899999,105.14208323299988,SAT_10071,19.98961579611013,191.1915888531195,98.9468972871627,169.83912343927616,-65.00008424725006,29.565185803608994,35.0,0.12488081393270462,12.601265797650182
20.95330603899999,105.24208323299987,SAT_10102,19.945658197176925,190.9443273591202,98.94161640576439,169.84981001552669,-65.04404184618326,29.546590836600696,35.0,0.1250891262584612,12.615733540998809
20.95330603899999,105.34208323299987,SAT_10102,20.01948855884899,191.35962314352557,98.95034520230477,169.82897790700707,-64.9702114845112,29.57634733088446,35.0,0.12475929507925791,12.592821613309324
20.95330603899999,105.44208323299986,SAT_10102,20.083849285116244,191.72165222877888,98.95787023993556,169.81077377520833,-64.90585075824394,29.602233371771437,35.0,0.12447190821706859,12.572838446589975
20.95330603899999,105.54208323299986,SAT_10102,20.1386852897799,192.03010475501193,98.9642207639076,169.79523124275903,-64.85101475358029,29.624248904357042,35.0,0.1242271545654377,12.555805260612868
20.95330603899999,105.64208323299985,SAT_10102,20.18394913973819,192.28471391102732,98.96942110540073,169.78237927829719,-64.805750903622,29.64239388194827,35.0,0.1240251966292563,12.541740310643815
20.95330603899999,105.74208323299985,SAT_10102,20.21960133207456,192.4852574929194,98.9734909518048,169.77224201933214,-64.77009871128563,29.65666826606273,35.0,0.1238661696413542,12.530658788374861
20.95330603899999,105.84208323299984,SAT_10102,20.245610527545324,192.63155921744246,98.97644556243756,169.76483862285284,-64.74408951581486,29.667072026427864,35.0,0.12375018082026491,12.522572738569627
20.95330603899999,105.94208323299983,SAT_10102,20.26195373758435,192.72348977391195,98.97829593390183,169.76018314559326,-64.72774630577584,29.673605140980303,35.0,0.12367730877717137,12.517490992385708
20.95330603899999,106.04208323299983,SAT_10102,20.26861646246715,192.76096760137773,98.97904891824894,169.75828445552474,-64.72108358089304,29.676267595865436,35.0,0.1236476030785116,12.515419118155213
20.95330603899999,106.14208323299982,SAT_10102,20.265592778889612,192.7439593812541,98.9787072961818,169.75914617573267,-64.72410726447058,29.675059385437113,35.0,0.12366108396906966,12.516359390205954
20.95330603899999,106.24208323299982,SAT_10102,20.25288537584214,192.67248023911205,98.97726980666914,169.7627666614223,-64.73681466751805,29.669980512257524,35.0,0.12371774225862626,12.520310776094657
20.95330603899999,106.34208323299981,SAT_10102,20.23050553831665,192.54659365303118,98.97473113352227,169.76913901036255,-64.75919450504354,29.66103098709727,35.0,0.12381753937343205,12.527268942404817
20.95330603899999,106.4420832329998,SAT_10102,20.198473079058317,192.36641106970305,98.97108184868486,169.77825110662565,-64.79122696430187,29.648210828935564,35.0,0.12396040757193028,12.537226279039857
20.95330603899999,106.5420832329998,SAT_10102,20.156816219233676,192.13209123318944,98.96630831117578,169.79008569704305,-64.83288382412651,29.63152006496063,35.0,0.12414625032232844,12.550171941721754
20.95330603899999,106.6420832329998,SAT_10102,20.10557141953248,191.8438392348702,98.96039251978237,169.8046204993695,-64.8841286238277,29.61095873057027,35.0,0.12437494283784327,12.566091912190648
20.95330603899999,106.74208323299979,SAT_10102,20.04478316383299,191.50190529656055,98.95331191669818,169.8218283407386,-64.9449168795272,29.58652686937258,35.0,0.12464633276374706,12.58496907539744
20.95330603899999,106.84208323299978,SAT_10102,19.974503698122803,191.10658330194076,98.94503913830555,169.8416773246238,-65.01519634523738,29.558224533186856,35.0,0.1249602410087657,12.606783312791693
20.95330603899999,107.04208323299977,SAT_10102,19.805717077546078,190.1571585611967,98.92478166616911,169.88914869953868,-65.18398296581411,29.490008684191025,35.0,0.12571476833482484,12.659128182131628
20.95330603899999,107.14208323299977,SAT_10102,19.70735031612321,189.60384552819306,98.91271512570593,169.916685536453,-65.28234972723698,29.450095316085932,35.0,0.12615490486772538,12.689604602002182
20.95330603899999,107.44208323299975,SAT_10071,19.778914163742797,190.00639217105325,98.9215864089159,169.89836464165765,-65.21078587961739,29.479997489212877,35.0,0.12582256327867195,12.666596163893946
21.053306038999988,103.042083233,SAT_10071,20.00794295238056,191.29467910714067,98.94906365287439,169.8339498720898,-64.98175709097963,29.57257029473633,35.0,0.12479896450756546,12.595578549118596
21.053306038999988,103.142083233,SAT_10071,20.107018708266864,191.8519802340011,98.96063473343271,169.80592423203674,-64.88268133509332,29.61242007857767,35.0,0.12435667280635934,12.564820508827887
21.053306038999988,103.24208323299999,SAT_10071,20.196879023099484,192.35744450493462,98.97097233203401,169.78042107187264,-64.7928210202607,29.648460224955063,35.0,0.1239557880056522,12.536904385337476
21.053306038999988,103.34208323299998,SAT_10071,20.27744886409056,192.8106498605094,98.98011678457122,169.75748617556008,-64.71225117926963,29.680690656887997,35.0,0.12359656749763726,12.511859093099913
21.053306038999988,103.44208323299998,SAT_10071,20.348659925544368,193.21121208118706,98.98810306394935,169.73716125815895,-64.64104011781582,29.709111305537895,35.0,0.12327924529217124,12.4897109199026
21.053306038999988,103.54208323299997,SAT_10071,20.410451011899696,193.55878694193578,98.99496117425703,169.7194837211992,-64.57924903146049,29.733722110206738,35.0,0.12300403079139131,12.470483389676646
21.053306038999988,103.64208323299997,SAT_10071,20.462768387200924,193.8530721780052,99.00071648225986,169.7044864291944,-64.52693165615926,29.754523018335856,35.0,0.1227711076768327,12.454197137623902
21.053306038999988,103.74208323299996,SAT_10071,20.505566086883732,194.09380923872098,99.00538999281446,169.69219751002296,-64.48413395647646,29.771513985504917,35.0,0.12258063292050057,12.44086979903792
21.053306038999988,103.84208323299995,SAT_10071,20.53880618811769,194.280784808162,99.00899857354315,169.6826401816722,-64.4508938552425,29.78469497543102,35.0,0.12243273593029404,12.43051591307101
21.053306038999988,103.94208323299995,SAT_10071,20.56245903538455,194.41383207403808,99.01155513302683,169.6758326075529,-64.42724100797564,29.79406595996799,35.0,0.12232751783893583,12.423146842551796
21.053306038999988,104.04208323299994,SAT_10071,20.57650341847652,194.4928317289304,99.01306875582688,169.67178778225727,-64.41319662488367,29.799626919105826,35.0,0.12226505094413818,12.418770710788095
21.053306038999988,104.14208323299994,SAT_10071,20.580926700664207,194.51771269123617,99.01354479680636,169.67051344925932,-64.40877334269598,29.8013778409703,35.0,0.12224537830616644,12.417392356100802
21.053306038999988,104.24208323299993,SAT_10071,20.575724895396533,194.4884525366055,99.0129849364547,169.67201205164878,-64.41397514796365,29.79931872182272,35.0,0.12226851350726814,12.41901330463032
21.053306038999988,104.34208323299993,SAT_10071,20.56090269055254,194.40507763435804,99.01138719820848,169.67628071655048,-64.42879735280765,29.79344956605986,35.0,0.12233444057565446,12.423631761741376
21.053306038999988,104.44208323299992,SAT_10071,20.536473419925855,194.26766298708296,99.00874592807699,169.68331127344402,-64.45322662343433,29.78377038621405,35.0,0.12244311407488606,12.431242622129485
21.053306038999988,104.54208323299991,SAT_10071,20.50245898231651,194.0763317755304,99.00505173620925,169.69309030613175,-64.48724106104368,29.77028120295342,35.0,0.12259445935766153,12.441837498507672
21.053306038999988,104.64208323299991,SAT_10071,20.458889709262422,193.83125461460114,99.00029139935374,169.7055992376691,-64.53081033409777,29.7529820450823,35.0,0.12278837298117526,12.455404768529798
21.053306038999988,104.7420832329999,SAT_10071,20.405804183101168,193.53264852994405,98.99444772244688,169.72081444712938,-64.58389586025902,29.73187294954181,35.0,0.12302472327943612,12.471929639392014
21.053306038999988,104.8420832329999,SAT_10071,20.3432490076587,193.1807756680802,98.98749935679517,169.7387074166751,-64.64645103570149,29.70695396141057,35.0,0.1233033510862536,12.491394229350684
21.053306038999988,104.94208323299989,SAT_10071,20.271278534424454,192.77594175613754,98.97942057146801,169.75924490703278,-64.71842150893573,29.678225133905595,35.0,0.12362407060103954,12.51377766520751
21.053306038999988,105.04208323299989,SAT_10071,20.189954547572384,192.31849433009467,98.97018097356145,169.78238915913832,-64.7997454957878,29.64568652838336,35.0,0.12398667038816542,12.539056194644685
21.053306038999988,105.14208323299988,SAT_10071,20.09934591161685,191.80882075284478,98.95974517189828,169.8080981194381,-64.89035413174334,29.609338214341008,35.0,0.12439091449938286,12.56720331214685
21.053306038999988,105.24208323299987,SAT_10071,19.99952818584393,191.2473460453721,98.94807237745485,169.83632568610076,-64.99017185751626,29.5691802694177,35.0,0.12483654370777979,12.598189897125419
21.053306038999988,105.34208323299987,SAT_10071,19.89058320993169,190.63453055586575,98.93511593230282,169.86702197321816,-65.0991168334285,29.525212779396192,35.0,0.1253232768409126,12.631984362765609
21.053306038999988,105.44208323299986,SAT_10102,19.945912663835827,190.94575873407652,98.94165290996457,169.84973830717007,-65.04378737952436,29.54669350964081,35.0,0.12508798915643796,12.615654592838675
21.053306038999988,105.54208323299986,SAT_10102,20.00048483155851,191.25272717751662,98.94811389840939,169.83434518027505,-64.98921521180168,29.568694392277493,35.0,0.1248441763849827,12.598720247419145
21.053306038999988,105.64208323299985,SAT_10102,20.045529969849184,191.50610608040168,98.95340428144065,169.82161715837253,-64.944170073511,29.58682729555318,35.0,0.12464299793356813,12.584737212758078
21.053306038999988,105.74208323299985,SAT_10102,20.081009298007146,191.7056773012902,98.95754433367303,169.81157791829958,-64.90869074535304,29.601092180997757,35.0,0.12448458672725317,12.573720421323962
21.053306038999988,105.84208323299984,SAT_10102,20.106892052209957,191.85126779368102,98.9605497679098,169.80424624982567,-64.88280799115023,29.61148901834831,35.0,0.12436904814883255,12.565681711524046
21.053306038999988,105.94208323299983,SAT_10102,20.123155667362568,191.94275062891444,98.96243190665423,169.79963593933505,-64.86654437599762,29.618017785548517,35.0,0.12429645946016343,12.560629762750924
21.053306038999988,106.04208323299983,SAT_10102,20.129785911437793,191.9800457518376,98.96319780464454,169.79775568385338,-64.8599141319224,29.62067846874818,35.0,0.12426686937542676,12.55857004744177
21.053306038999988,106.14208323299982,SAT_10102,20.12677697062223,191.96312045975006,98.96285032475396,169.79860903653773,-64.86292307273796,29.61947106230295,35.0,0.12428029779098593,12.55950480071219
21.053306038999988,106.24208323299982,SAT_10102,20.114131484191617,191.89198959857785,98.96138816869355,169.80219438434523,-64.87556855916857,29.6143955687742,35.0,0.12433673567481235,12.563433007922729
21.053306038999988,106.34208323299981,SAT_10102,20.09186052867122,191.7667154737756,98.95880586309563,169.80850495817606,-64.89783951468897,29.605451998929095,35.0,0.12443614511669848,12.570350410325316
21.053306038999988,106.4420832329998,SAT_10102,20.059983551485786,191.58740747710755,98.95509370071667,169.81752887535373,-64.9297164918744,29.5926403717408,35.0,0.12457845953870358,12.580249528722765
21.053306038999988,106.5420832329998,SAT_10102,20.018528254935333,191.35422143401124,98.95023763564784,169.8292492138885,-64.97117178842485,29.575960714388863,35.0,0.12476358406351443,12.593119704861712
21.053306038999988,106.6420832329998,SAT_10102,19.967530431960412,191.06735867977733,98.94421913053957,169.8436441175503,-65.02216961139978,29.555413062259802,35.0,0.12499139603668638,12.608947160072592
21.053306038999988,106.74208323299979,SAT_10102,19.907033755746895,190.72706487607627,98.93701495289713,169.86068693039059,-65.08266628761329,29.530997458947798,35.0,0.12526174569709073,12.627715070473414
21.053306038999988,106.84208323299978,SAT_10102,19.83708952576447,190.33362858242515,98.92859691646262,169.88034635899172,-65.15261051759572,29.502713956255615,35.0,0.1255744569883683,12.649403657871254
21.053306038999988,106.94208323299978,SAT_10102,19.757756373323915,189.887379599947,98.91893156252448,169.90258666039907,-65.23194367003627,29.470562614195646,35.0,0.12592932850279942,12.67399029533005
21.053306038999988,107.04208323299977,SAT_10102,19.66909993016381,189.38868710717142,98.90797977464857,169.9273678534115,-65.32060011319638,29.43454350099117,35.0,0.12632613454777286,12.70144962622827
21.053306038999988,107.14208323299977,SAT_10071,19.7310354751462,189.73707454769738,98.91572131250213,169.91176555992897,-65.25866456821399,29.460565313022528,35.0,0.12603675304502915,12.681427568262512
21.053306038999988,107.24208323299976,SAT_10071,19.80690322963251,190.16383066668286,98.92500707900481,169.89052030553432,-65.18279681372768,29.491344466023826,35.0,0.12569738435892758,12.657923589858257
21.053306038999988,107.34208323299976,SAT_10071,19.87354711898898,190.53870254431303,98.9330690907742,169.8718114850107,-65.1161529243712,29.518324490397394,35.0,0.12539942236289348,12.637266507394992
21.153306038999986,102.942083233,SAT_10071,19.9983746346943,191.24085732015544,98.94794193371324,169.83665132364672,-64.99132540866589,29.568715475849405,35.0,0.12484169548276308,12.598547865385804
21.153306038999986,103.042083233,SAT_10071,20.106832452893713,191.85093254752715,98.96061732894317,169.805977009577,-64.88286759046647,29.612345275495922,35.0,0.12435750399360411,12.564878352391803
21.153306038999986,103.142083233,SAT_10071,20.2061379336443,192.4095258767492,98.9720320748751,169.77778874003343,-64.78356210971589,29.65216810012865,35.0,0.12391449668079815,12.53402697313031
21.153306038999986,103.24208323299999,SAT_10071,20.296208852820598,192.91617479711587,98.98223123983712,169.75213666788602,-64.69349119053959,29.688183864660086,35.0,0.12351295577186804,12.506025431541795
21.153306038999986,103.34208323299998,SAT_10071,20.376969360691803,193.37045265389142,98.99125421099504,169.72906710233866,-64.61273068266838,29.720392492142658,35.0,0.12315314123783905,12.48090293123454
21.153306038999986,103.44208323299998,SAT_10071,20.44835040081128,193.77197100456345,98.99913514514222,169.70862224163164,-64.54134964254891,29.74879391376724,35.0,0.12283528944938321,12.458686025235128
21.153306038999986,103.54208323299997,SAT_10071,20.510290099345028,194.12038180881578,99.00590335105596,169.6908399242261,-64.47940994401516,29.773388068861767,35.0,0.12255961193429854,12.439398476716514
21.153306038999986,103.64208323299997,SAT_10071,20.562734120353838,194.41537942699034,99.01158361118534,169.6757534014407,-64.42696592300635,29.794174904890053,35.0,0.12232629424886116,12.42306113220686
21.153306038999986,103.74208323299996,SAT_10071,20.605635982819933,194.65670240336212,99.01619644901433,169.66339113433264,-64.38406406054025,29.81115437745075,35.0,0.12213549497473021,12.40969180868363
21.153306038999986,103.84208323299995,SAT_10071,20.638957335575668,194.84413501261312,99.01975834723665,169.65377661737716,-64.35074270778452,29.82432645027647,35.0,0.12198734485201343,12.399305195831825
21.153306038999986,103.94208323299995,SAT_10071,20.662668186739268,194.9775085504084,99.02228192083807,169.64692823120149,-64.32703185662092,29.83369109523307,35.0,0.12188194605783245,12.391912774594665
21.153306038999986,104.04208323299994,SAT_10071,20.676747084773837,195.05670235185283,99.02377604827367,169.64285912629552,-64.31295295858635,29.839248292319105,35.0,0.12181937163827788,12.38752275297165
21.153306038999986,104.14208323299994,SAT_10071,20.681181248871297,195.08164452490107,99.02424596311762,169.64157713922793,-64.30851879448889,29.840998029665414,35.0,0.12179966510004313,12.386140019826323
21.153306038999986,104.24208323299993,SAT_10071,20.675966646981706,195.0523123892721,99.02369330782643,169.64308474249006,-64.31373339637848,29.838940303534912,35.0,0.12182284016629764,12.387766117257033
21.153306038999986,104.34208323299993,SAT_10071,20.661108020484818,194.9687326152271,99.02211615057183,169.64737902863448,-64.32859202287537,29.833075118322487,35.0,0.12188888069954346,12.392399231863827
21.153306038999986,104.44208323299992,SAT_10071,20.636618855181624,194.83098106039665,99.01950896544044,169.65445172892427,-64.35308118817856,29.823402486555118,35.0,0.12199774079232371,12.400034205017096
21.153306038999986,104.54208323299991,SAT_10071,20.602521298981927,194.63918230677336,99.01586257565,169.66428926624184,-64.38717874437826,29.80992242889209,35.0,0.12214934502476159,12.410662562003752
21.153306038999986,104.64208323299991,SAT_10071,20.5588460273525,194.39350890385782,99.01116405877298,169.67687284154732,-64.43085401600769,29.792634974125438,35.0,0.1223435888860365,12.42427255969976
21.153306038999986,104.7420832329999,SAT_10071,20.505632058249233,194.09418032765194,99.00539661226814,169.69217855273808,-64.48406798511095,29.771540159180475,35.0,0.12258033935509273,12.440849252198252
21.153306038999986,104.8420832329999,SAT_10071,20.44292651888837,193.74146166874706,98.99853937688063,169.7101775443395,-64.54677352447182,29.74663802911655,35.0,0.12285943563415784,12.460374573614706
21.153306038999986,104.94208323299989,SAT_10071,20.370784367278603,193.33566206594216,98.99056721465342,169.73083618608297,-64.61891567608158,29.71792863712793,35.0,0.12318069002705626,12.482827437099484
21.153306038999986,105.04208323299989,SAT_10071,20.289268071952165,192.87713290473096,98.98145043737591,169.7541162780837,-64.70043197140802,29.68541204454484,35.0,0.12354388895287073,12.508183848916302
21.153306038999986,105.14208323299988,SAT_10071,20.198447253768492,192.36626580244777,98.97115448024175,169.77997528004548,-64.7912527895917,29.649088320834686,35.0,0.12394879408424832,12.536417036296664
21.153306038999986,105.24208323299987,SAT_10071,20.098398294023937,191.80349040388464,98.95963951426636,169.80836656168424,-64.89130174933625,29.60895754360342,35.0,0.12439514359859455,12.567497587656842
21.153306038999986,105.34208323299987,SAT_10071,19.989203913373387,191.18927201272533,98.94685998957276,169.8392396713871,-65.0004961299868,29.565019798597074,35.0,0.12488265352955671,12.601393603667214
21.153306038999986,105.44208323299986,SAT_10071,19.870952726265315,190.52410908524243,98.9327640999418,169.87254061999784,-65.11874731709487,29.517275179703446,35.0,0.12541101920557612,12.638070857594913
21.153306038999986,105.54208323299986,SAT_10102,19.851972981339557,190.417348020035,98.93040372606337,169.87616704880293,-65.13772706202063,29.508737345709108,35.0,0.12550790232008763,12.644789456606727
21.153306038999986,105.64208323299985,SAT_10102,19.89678820120743,190.6694336317918,98.93579473617446,169.86356968521451,-65.09291184215276,29.526858125671712,35.0,0.12530754268978736,12.630892739920164
21.153306038999986,105.74208323299985,SAT_10102,19.93208581306635,190.86798269849822,98.94001324231432,169.85363376970568,-65.05761423029384,29.54111347390098,35.0,0.12514977833315832,12.619944156155976
21.153306038999986,105.84208323299984,SAT_10102,19.957835654171802,191.0128255547164,98.94307546811534,169.8463777087727,-65.03186438918839,29.551503360143588,35.0,0.12503471270954836,12.61195532784972
21.153306038999986,105.94208323299983,SAT_10102,19.974015601738813,191.10383775978084,98.94499310312841,169.8418150066592,-65.01568444162137,29.558027762350182,35.0,0.1249624216671422,12.606934775645204
21.153306038999986,106.04208323299983,SAT_10102,19.980611703327995,191.14094083121998,98.94577343034234,169.83995418200175,-65.00908834003219,29.560686666674954,35.0,0.12493295302727442,12.604887871678127
21.153306038999986,106.14208323299982,SAT_10102,19.97761825947532,191.12410270954868,98.9454194051584,169.84079871498753,-65.01208178388487,29.55948006747534,35.0,0.12494632632130558,12.60581681005137
21.153306038999986,106.24208323299982,SAT_10102,19.96503785753538,191.0533379486365,98.94392968733392,169.8443470257071,-65.02466218582481,29.55440796731191,35.0,0.12500253268292583,12.609720594746697
21.153306038999986,106.34208323299981,SAT_10102,19.942881356312114,190.92870762925565,98.94129862650374,169.85059248398503,-65.04681868704807,29.545470376948415,35.0,0.12510153489706027,12.616595045114403
21.153306038999986,106.4420832329998,SAT_10102,19.911167821668514,190.7503189968854,98.93751620100353,169.85952345056222,-65.07853222169167,29.532667315352008,35.0,0.12524326760484353,12.626432818876614
21.153306038999986,106.5420832329998,SAT_10102,19.869924413924068,190.51832482832287,98.93256790882586,169.8711233490921,-65.11977562943612,29.51599880969364,35.0,0.12542763766242823,12.63922345237523
21.153306038999986,106.6420832329998,SAT_10102,19.81918622844411,190.23292253499812,98.92643460860842,169.88537076801856,-65.17051381491608,29.495464895348622,35.0,0.12565452464973814,12.654953417596403
21.153306038999986,106.74208323299979,SAT_10102,19.758996091386678,189.89435301405007,98.91909230755547,169.9022395910332,-65.23070395197351,29.47106561589733,35.0,0.12592378152369618,12.67360619531393
21.153306038999986,106.84208323299978,SAT_10102,19.689404313106635,189.50289926122483,98.91051189209409,169.92169915445288,-65.30029573025355,29.442801023126115,35.0,0.12623523540898318,12.695162363517815
21.153306038999986,106.94208323299978,SAT_10071,19.692289858893986,189.51913045627867,98.91094371078992,169.92259380345186,-65.2974101844662,29.44481979686691,35.0,0.1262101368351769,12.693426041046076
21.153306038999986,107.04208323299977,SAT_10071,19.786739743598815,190.05041105774333,98.92255883095922,169.89617218347647,-65.20296029976137,29.483170985335278,35.0,0.12578756154370463,12.664171540076483
21.153306038999986,107.14208323299977,SAT_10071,19.872066750424224,190.53037547113627,98.93289816260757,169.8722275398079,-65.11763329293596,29.51772576037919,35.0,0.12540603953182153,12.63772547397543
21.153306038999986,107.24208323299976,SAT_10071,19.948201755275647,190.95863487342552,98.94200298603127,169.85080197829123,-65.04149828808454,29.548484048072833,35.0,0.12506580850556231,12.614114549360577
21.153306038999986,107.34208323299976,SAT_10071,20.015082194605824,191.33483734465776,98.94990895325793,169.831933638939,-64.97461784875436,29.575445782616622,35.0,0.12476708336418058,12.593362909067805
21.153306038999986,107.44208323299975,SAT_10071,20.072652410039282,191.65866980647095,98.95664649440764,169.81565647627542,-64.9170476333209,29.598610906335914,35.0,0.124510055090196,12.575492008291214
21.153306038999986,107.54208323299974,SAT_10071,20.120863960182376,191.92985977602586,98.9622411577501,169.8020000603465,-64.86883608317781,29.617979369679873,35.0,0.12429488974938951,12.560520502761797
21.253306038999987,102.84208323300001,SAT_10071,19.96860098096073,191.07338051790413,98.94442938109749,169.84505162092205,-65.02109906239946,29.55671338604729,35.0,0.12497467942618747,12.60778614809851
21.253306038999987,102.942083233,SAT_10071,20.086352971726768,191.7357354659631,98.9582451839484,169.8117779982445,-64.90334707163342,29.604117825968704,35.0,0.1244489028355018,12.571237996522115
21.253306038999987,103.042083233,SAT_10071,20.195025860375864,192.34702046461425,98.9707668022036,169.78094782806778,-64.79467418298432,29.64771797164095,35.0,0.12396405275414574,12.537480273803357
21.253306038999987,103.142083233,SAT_10071,20.294530665583352,192.90673499390638,98.98204441616294,169.75261535516708,-64.69516937777684,29.68751372987459,35.0,0.12352043485711163,12.506547317627218
21.253306038999987,103.24208323299999,SAT_10071,20.384784383277832,193.41441215593778,98.99212213863538,169.72683123402265,-64.60491566008236,29.723505015618322,35.0,0.12311833383515308,12.47847110784286
21.253306038999987,103.34208323299998,SAT_10071,20.46571043662226,193.86962120600023,99.00103852902869,169.70364224200264,-64.52398960673793,29.75569175195734,35.0,0.12275801194572702,12.453281104746898
21.253306038999987,103.44208323299998,SAT_10071,20.537239100869883,194.2719699423931,99.00882703189579,169.6830910080902,-64.4524609424903,29.784073870111776,35.0,0.12243970765287401,12.431004096859004
21.253306038999987,103.54208323299997,SAT_10071,20.599307898320873,194.62110692805493,99.01551634905681,169.66521576031283,-64.39039214503931,29.808651309435376,35.0,0.12216363436943614,12.411664059792416
21.253306038999987,103.64208323299997,SAT_10071,20.65186195880449,194.91672351827526,99.02113075279004,169.6500500949058,-64.3378380845557,29.829424017414304,35.0,0.12192997931436582,12.395282027749857
21.253306038999987,103.74208323299996,SAT_10071,20.694854341397217,195.15855567035936,99.02569034621635,169.6376227700568,-64.29484570196297,29.84639194966608,35.0,0.12173890249700854,12.381875979075252
21.253306038999987,103.84208323299995,SAT_10071,20.728246313460687,195.34638551321638,99.02921127583818,169.62795752683505,-64.2614537298995,29.85955506993874,35.0,0.12159053583915486,12.37146073716404
21.253306038999987,103.94208323299995,SAT_10071,20.75200758353023,195.48004265735756,99.03170590018985,169.6210729396139,-64.23769245982996,29.868913350110105,35.0,0.12148498244436783,12.364047887881796
21.253306038999987,104.04208323299994,SAT_10071,20.766116485118644,195.55940522879237,99.03318291767982,169.61698229794172,-64.22358355824154,29.874466770187222,35.0,0.12142231602261885,12.359645714464433
21.253306038999987,104.14208323299994,SAT_10071,20.770560109082453,195.58440061358877,99.03364745592278,169.61569352143016,-64.21913993427773,29.876215318305984,35.0,0.12140258047663462,12.358259150676915
21.253306038999987,104.24208323299993,SAT_10071,20.76533438284349,195.55500590349462,99.0331011241483,169.61720910879833,-64.2243656605167,29.874158990730887,35.0,0.12142578965460032,12.359889752794658
21.253306038999987,104.34208323299993,SAT_10071,20.750444095437743,195.47124803683732,99.03154202961038,169.62152612175822,-64.23925594792244,29.868297791854957,35.0,0.12149192727201294,12.36453569074716
21.253306038999987,104.44208323299992,SAT_10071,20.72590286806235,195.3332036328507,99.02896475828501,169.62863620396257,-64.26379717529784,29.858631734199847,35.0,0.12160094700356924,12.372191758531551
21.253306038999987,104.54208323299991,SAT_10071,20.691733070508704,195.14099852161146,99.02536031951776,169.63852563475402,-64.29796697285148,29.845160838416064,35.0,0.12175277274404861,12.382849403769475
21.253306038999987,104.64208323299991,SAT_10071,20.64796568456127,194.89480697565716,99.02071605364459,169.65117541699783,-64.34173435879892,29.82788513328339,35.0,0.1219472990352436,12.396496776049228
21.253306038999987,104.7420832329999,SAT_10071,20.59464011612954,194.59485065322866,99.0150155009442,169.66656139781668,-64.39505992723065,29.806804655711453,35.0,0.1221843916541482,12.413118793471284
21.253306038999987,104.8420832329999,SAT_10071,20.531803958508178,194.24139726660852,99.00823822956288,169.68465442063285,-64.45789608485201,29.78191945074044,35.0,0.12246388835586292,12.432697226603734
21.253306038999987,104.94208323299989,SAT_10071,20.459512709752133,193.83475899235575,99.00035961926508,169.70542050652773,-64.53018733360805,29.75322957154199,35.0,0.12278559976305897,12.455210798859264
21.253306038999987,105.04208323299989,SAT_10071,20.377829447671758,193.37529064315365,98.99135059697619,169.72882106258552,-64.61187059568843,29.720735079420248,35.0,0.12314931039238372,12.480635302130766
21.253306038999987,105.14208323299988,SAT_10071,20.286824466397064,192.8633876234835,98.98117731906918,169.7548131145979,-64.70287557696312,29.68443604381306,35.0,0.12355477980691652,12.508943726371356
21.253306038999987,105.24208323299987,SAT_10071,20.1865748788305,192.29948369342156,98.96980079416797,169.7833495612609,-64.80312516452969,29.644332542293355,35.0,0.1240017438827133,12.540106401679422
21.253306038999987,105.34208323299987,SAT_10071,20.077164189579236,191.68404856638318,98.95717643885315,169.81437944682384,-64.91253585378095,29.600424660570663,35.0,0.12448991617662551,12.574091151351164
21.253306038999987,105.44208323299986,SAT_10071,19.958681843151936,191.01758536772962,98.94325355700626,169.8478482490255,-65.03101820020825,29.55271249249281,35.0,0.1250189893819524,12.610863454293609
21.253306038999987,105.54208323299986,SAT_10071,19.83122275231169,190.30062798175325,98.92797473155031,169.88369817908873,-65.1584772910485,29.50119614004775,35.0,0.12558863685808314,12.650386615149444
21.253306038999987,105.64208323299985,SAT_10102,19.737857856822217,189.775450444625,98.91650548357276,169.90815535944802,-65.25184218653797,29.462486491910017,35.0,0.12601836866573615,12.680154950334234
21.253306038999987,105.74208323299985,SAT_10102,19.772965480796188,189.97293082947857,98.9208113858506,169.89832770546545,-65.216734562564,29.476732264394947,35.0,0.12586128034071414,12.66927784115277
21.253306038999987,105.84208323299984,SAT_10102,19.798576362418785,190.11699203860567,98.92393687262272,169.89115086134393,-65.1911236809414,29.48711517144817,35.0,0.12574670900272664,12.661341282042917
21.253306038999987,105.94208323299983,SAT_10102,19.814668837870457,190.20751221302132,98.92589404586789,169.88663803883532,-65.17503120548973,29.493635191027273,35.0,0.12567472902814317,12.656353628653543
21.253306038999987,106.04208323299983,SAT_10102,19.821229244806332,190.24441450203562,98.92669044501274,169.8847975716567,-65.16847079855386,29.496292309290794,35.0,0.12564538730878763,12.654320148879165
21.253306038999987,106.14208323299982,SAT_10102,19.81825200240472,190.22766751352657,98.92632912940591,169.8856328643568,-65.17144804095547,29.49508652059794,35.0,0.1256587029960422,12.655242994200556
21.253306038999987,106.24208323299982,SAT_10102,19.805739644151274,190.15728549835092,98.92480871167393,169.88914237136996,-65.18396039920891,29.490017827508474,35.0,0.12571466739611387,12.659121187951305
21.253306038999987,106.34208323299981,SAT_10102,19.783702802949193,190.03332826658922,98.92212334260262,169.89531960652988,-65.205997240411,29.48108624078277,35.0,0.1258132440175941,12.665950630646288
21.253306038999987,106.4420832329998,SAT_10102,19.752160148744522,189.8559008366879,98.91826264725265,169.90415318291664,-65.23753989461567,29.468291779382017,35.0,0.12595436877079855,12.675724122310232
21.253306038999987,106.5420832329998,SAT_10102,19.711138279435488,189.6251528218246,98.9132116110722,169.91562688252844,-65.2785617639247,29.45163447046863,35.0,0.12613795031673705,12.68843140154815
21.253306038999987,106.6420832329998,SAT_10102,19.660671566411892,189.3412775610669,98.9069504137848,169.92971975488484,-65.3290284769483,29.431114349406794,35.0,0.12636387056197398,12.704059200908281
21.253306038999987,106.74208323299979,SAT_10071,19.60577387563312,189.0324780504363,98.90015447817123,169.9467196548427,-65.38392616772707,29.409596454192787,35.0,0.12659745576278258,12.720205511314365
21.253306038999987,106.84208323299978,SAT_10071,19.71858819597736,189.66705860237263,98.91420528625196,169.91524580010054,-65.27111184738283,29.45550892472715,35.0,0.1260924486727617,12.68528252333668
21.253306038999987,106.94208323299978,SAT_10071,19.822411887365334,190.25106686643,98.92690677211681,169.88617047785482,-65.16728815599485,29.497627739626704,35.0,0.12562803352386512,12.653117384242874
21.253306038999987,107.04208323299977,SAT_10071,19.917162688066185,190.78404012037228,98.93831128726276,169.85954373981167,-65.072537355294,29.535952808748778,35.0,0.12520449365627442,12.623741930574827
21.253306038999987,107.14208323299977,SAT_10071,20.002764196153933,191.26554860336586,98.9484647338674,169.8354121180823,-64.98693584720625,29.57048405007638,35.0,0.12482209186448318,12.597185687335847
21.253306038999987,107.24208323299976,SAT_10071,20.079146276418413,191.6951978048536,98.95740710787808,169.8138183663818,-64.91055376694177,29.601221389716567,35.0,0.12448106907723094,12.573475721199303
21.253306038999987,107.34208323299976,SAT_10071,20.146245442049434,192.07263061152807,98.9651729607608,169.7948012168787,-64.84345460131075,29.628164761899008,35.0,0.12418164312604002,12.552636503205012
21.35330603899999,102.942083233,SAT_10071,20.16358362344147,192.17015788185827,98.96716963503114,169.78987997685095,-64.82611641991872,29.635117938304305,35.0,0.1241042956524271,12.547250085719645
21.35330603899999,103.042083233,SAT_10071,20.272437617766812,192.78246159993833,98.97955785396714,169.75891456211582,-64.71726242559338,29.678688312626775,35.0,0.1236189041088568,12.513417271995477
21.35330603899999,103.142083233,SAT_10071,20.372110355117073,193.34312074753353,98.99071649652898,169.73045694828758,-64.61758968824311,29.718456897329187,35.0,0.12317478379628154,12.482414853488436
21.35330603899999,103.24208323299999,SAT_10071,20.462518152713372,193.85166460901272,99.00068885035054,169.70455822706742,-64.52718189064682,29.754423607396244,35.0,0.12277222154033433,12.454275049435306
21.35330603899999,103.34208323299998,SAT_10071,20.54358380089414,194.30765888002955,99.00951275982494,169.68126558395352,-64.44611624246605,29.786588365945683,35.0,0.1224114815803069,12.42902754287789
21.35330603899999,103.44208323299998,SAT_10071,20.61523699318694,194.71070808667653,99.01722105414163,169.66062202348837,-64.37446305017325,29.814951104226747,35.0,0.12209280419488981,12.406699326716739
21.35330603899999,103.54208323299997,SAT_10071,20.67741472618684,195.06045783480096,99.02384191062042,169.6426661133995,-64.31228531717335,29.839511761618834,35.0,0.12181640443111778,12.38731456096155
21.35330603899999,103.64208323299997,SAT_10071,20.730061664587566,195.35659686330507,99.02939916060404,169.62743175072066,-64.25963837877262,29.86027028563031,35.0,0.12158247094946233,12.370894442732803
21.35330603899999,103.74208323299996,SAT_10071,20.773130467005544,195.59885887690618,99.03391254384658,169.6149479527874,-64.21656957635464,29.87722663189748,35.0,0.12139116499713144,12.357457090467603
21.35330603899999,103.84208323299995,SAT_10071,20.806582068611405,195.7870241359392,99.03739791620876,169.6052386757583,-64.18311797474878,29.89038076418369,35.0,0.12124261952053696,12.347017443653634
21.35330603899999,103.94208323299995,SAT_10071,20.83038591704316,195.9209207833678,99.03986741449874,169.5983226630095,-64.15931412631703,29.89973265437866,35.0,0.12113693842658092,12.339587179259603
21.35330603899999,104.04208323299994,SAT_10071,20.844520158610052,196.00042589218154,99.04132958144709,169.59421332539551,-64.14517988475014,29.905282282497886,35.0,0.12107419600091959,12.33517464585159
21.35330603899999,104.14208323299994,SAT_10071,20.848971772396425,196.0254662197299,99.04178945304602,169.59291865497119,-64.14072827096376,29.907029636682275,35.0,0.12105443648970765,12.33378481618514
21.35330603899999,104.24208323299993,SAT_10071,20.843736650526083,195.99601865920923,99.04124860979344,169.59444117333584,-64.1459633928341,29.904974713197905,35.0,0.12107767384954135,12.335419258846624
21.35330603899999,104.34208323299993,SAT_10071,20.828819623540966,195.91211038241792,99.03970519273815,169.59877791529743,-64.16088041981922,29.899117516435943,35.0,0.12114389166843793,12.340076129289306
21.35330603899999,104.44208323299992,SAT_10071,20.80423443056047,195.77381867190266,99.03715388460594,169.60592044808033,-64.18546561279972,29.889458058912748,35.0,0.12125304325875119,12.347750180373396
21.35330603899999,104.54208323299991,SAT_10071,20.770003634613957,195.5812704447035,99.0335858556775,169.61585492581384,-64.21969640874623,29.875996361270097,35.0,0.12140505192096505,12.358432792281526
21.35330603899999,104.64208323299991,SAT_10071,20.726158484248614,195.33464147389847,99.02898867347093,169.6285621785663,-64.26354155911157,29.858732452275614,35.0,0.1215998113753735,12.372112021445501
21.35330603899999,104.7420832329999,SAT_10071,20.672738723207445,195.03415531804188,99.02334617463458,169.64401783472653,-64.31696132015274,29.83766636882331,35.0,0.12183718635677956,12.388772667892738
21.35330603899999,104.8420832329999,SAT_10071,20.60979235061764,194.6800819722242,99.01663829676153,169.6621924751056,-64.37990769274255,29.812798155934328,35.0,0.12211701336557128,12.40839636020571
21.35330603899999,104.94208323299989,SAT_10071,20.537375334728324,194.27273625784682,99.0088408670721,169.683051816733,-64.45232470863186,29.784127866757817,35.0,0.12243910156688928,12.430961657089767
21.35330603899999,105.04208323299989,SAT_10071,20.455551283760826,193.81247597115464,98.99992534405197,169.70655692397585,-64.53414875959936,29.751655562571994,35.0,0.1228032338281215,12.45644416436739
21.35330603899999,105.14208323299988,SAT_10071,20.364391077892137,193.2996998131433,98.98985850715044,169.73266444430612,-64.62530896546805,29.715381312785325,35.0,0.12320916788366747,12.48481666606359
21.35330603899999,105.24208323299987,SAT_10071,20.26397246675768,192.73484512551195,98.97860208850142,169.76132686580547,-64.72572757660251,29.675305194937902,35.0,0.12365663761483234,12.516049268120115
21.35330603899999,105.34208323299987,SAT_10071,20.154379637148338,192.1183854589594,98.96611233928964,169.79249279330583,-64.83532040621185,29.631427294702977,35.0,0.12414535443184835,12.550109553177142
21.35330603899999,105.44208323299986,SAT_10071,20.035702755757654,191.4508280011368,98.95233952178782,169.82610723995603,-64.95399728760253,29.583747705888623,35.0,0.12467500874438792,12.586962744790734
21.35330603899999,105.54208323299986,SAT_10071,19.90803749194913,190.73271089221384,98.93722731618155,169.86211193093112,-65.08166255141106,29.53226653043961,35.0,0.12524527150653145,12.626571879413016
21.35330603899999,105.64208323299985,SAT_10102,19.79606995634208,190.1028935044242,98.92363980450963,169.89185350591984,-65.19363008701811,29.48609939712687,35.0,0.12575792061864136,12.662118057606511
21.35330603899999,105.74208323299985,SAT_10102,19.680290467791707,189.45163388132835,98.90940049725077,169.9242441091279,-65.30940957556848,29.439095153692687,35.0,0.12627603491976203,12.697984585213515
21.35330603899999,105.84208323299984,SAT_10102,19.62925453357657,189.1645567513682,98.90303658597655,169.93848046181736,-65.36044550978362,29.418324580695366,35.0,0.1265045521207171,12.713785076540908
21.35330603899999,105.94208323299983,SAT_10102,19.645256005463438,189.25456503073187,98.90503770001631,169.93401961698163,-65.34444403789675,29.42484020002054,35.0,0.12643289574342026,12.708831725192237
21.35330603899999,106.04208323299983,SAT_10102,19.65177927709162,189.2912584336404,98.90585196026161,169.93220036322074,-65.33792076626857,29.42749552503948,35.0,0.12640368605602445,12.706812242031273
21.35330603899999,106.14208323299982,SAT_10102,19.648818890010077,189.27460625630667,98.90548254267387,169.9330260271482,-65.34088115335011,29.426290550113148,35.0,0.12641694181657015,12.70772873449849
21.35330603899999,106.24208323299982,SAT_10102,19.636377322142295,189.20462243705043,98.90392800700673,169.93649509858545,-65.35332272121789,29.42122527780051,35.0,0.1264726545098474,12.711580245923102
21.35330603899999,106.34208323299981,SAT_10102,19.614464973387896,189.0813654753069,98.90118228095967,169.9426012397505,-65.37523506997229,29.412299718858577,35.0,0.12657078839357794,12.718362760686793
21.35330603899999,106.4420832329998,SAT_10102,19.583100105300502,188.90493809231535,98.89723459321327,169.9513333237474,-65.40659993805968,29.39951389224263,35.0,0.12671128069198784,12.728069225862917
21.35330603899999,106.5420832329998,SAT_10102,19.54230873558032,188.67548663763932,98.89206935403149,169.962675501868,-65.44739130777987,29.3828678251066,35.0,0.12689404193470838,12.740689589083756
21.35330603899999,106.6420832329998,SAT_10071,19.602815787860536,189.01583880671552,98.8997933982818,169.94754326069688,-65.38688425549965,29.40839054421271,35.0,0.12661070272242508,12.721120836293057
21.35330603899999,106.74208323299979,SAT_10071,19.724873898461198,189.70241567884423,98.91498964750451,169.91348851637645,-65.26482614489899,29.45806256236493,35.0,0.126064322561145,12.683335868326324
21.35330603899999,106.84208323299978,SAT_10071,19.838008221604056,190.3387962465228,98.9288037992061,169.88179368041128,-65.15169182175613,29.503943618871503,35.0,0.12555829813133576,12.648283462085024
21.35330603899999,106.94208323299978,SAT_10071,19.942129926717357,190.92448083778515,98.9412935473854,169.85251277922583,-65.04757011664283,29.546033615505863,35.0,0.1250929355803258,12.61599801734254
21.35330603899999,107.04208323299977,SAT_10071,20.037155672848456,191.45900065977258,98.9525097245293,169.82569655533652,-64.95254437051173,29.584332462165243,35.0,0.12466852170380933,12.586511755636641
21.35330603899999,107.14208323299977,SAT_10071,20.12300804470277,191.9419202514531,98.96249691378782,169.8013921903012,-64.86669199865742,29.61884007686894,35.0,0.12428532252655734,12.559854562698604
21.35330603899999,107.24208323299976,SAT_10071,20.19961596754895,192.37283981746288,98.97129397175419,169.7796430406147,-64.79008407581124,29.649556385756693,35.0,0.12394358196019292,12.536053838993041
21.35330603899999,107.34208323299976,SAT_10071,20.26691509651836,192.75139741791577,98.97893447320763,169.7604883894988,-64.72278494684183,29.676481323087266,35.0,0.12364352055073474,12.515134359879573
21.35330603899999,107.44208323299975,SAT_10071,20.324848175967247,193.07727098981576,98.98544708715802,169.74396321744683,-64.66485186739294,29.69961483123715,35.0,0.12338533432812743,12.49711814685512
21.35330603899999,107.54208323299974,SAT_10071,20.373365364776134,193.35018017686576,98.9908558918449,169.7300979942563,-64.61633467858405,29.71895686069943,35.0,0.1231691937692907,12.482024351257865
21.453306038999987,102.942083233,SAT_10071,20.229991323907583,192.54370119698018,98.97475521659484,169.77100321983855,-64.7597087194526,29.661715751032478,35.0,0.1238081318933962,12.526613118753135
21.453306038999987,103.042083233,SAT_10071,20.33899151064915,193.15682724740148,98.98702941696511,169.7399237809876,-64.65070853271104,29.70525623669323,35.0,0.12332231901607282,12.492718669400599
21.453306038999987,103.142083233,SAT_10071,20.43879990543371,193.71824946806464,98.99808636543804,169.71136065554188,-64.55090013792648,29.744997540790283,35.0,0.12287780723879325,12.461659215936082
21.453306038999987,103.24208323299999,SAT_10071,20.529332252231413,194.22749391880168,99.00796864674415,169.68536530522712,-64.46036779112877,29.78093957834414,35.0,0.12247488518216464,12.433467179063634
21.453306038999987,103.34208323299998,SAT_10071,20.6105108068098,194.6841232883051,99.01671349609967,169.66198526099151,-64.37918923655039,29.81308227250489,35.0,0.12211381875187652,12.408172429311884
21.453306038999987,103.44208323299998,SAT_10071,20.68226477123136,195.0877393381764,99.02435321833337,169.64126384529482,-64.30743527212883,29.84142555455071,35.0,0.1217948497525302,12.385802131632184
21.453306038999987,103.54208323299997,SAT_10071,20.744530697903855,195.4379851757092,99.03091554376708,169.62323991345818,-64.24516934545633,29.865969363886503,35.0,0.12151819460540156,12.366380601279253
21.453306038999987,103.64208323299997,SAT_10071,20.797252858473115,195.73454732891128,99.0364239279165,169.60794761719757,-64.19244718488707,29.88671364804271,35.0,0.12128404318323718,12.34992917254899
21.453306038999987,103.74208323299996,SAT_10071,20.84038357313078,195.97715759886066,99.04089780079151,169.59541619328354,-64.14931647022941,29.903658362674292,35.0,0.12109255777429628,12.336466081845868
21.453306038999987,103.84208323299995,SAT_10071,20.87388349629724,196.16559466667198,99.04435277048049,169.58566978001448,-64.11581654706295,29.916803471559845,35.0,0.12094387218673597,12.326006366421574
21.453306038999987,103.94208323299995,SAT_10071,20.8977218551004,196.29968543493973,99.04680078475691,169.57872726388825,-64.09197818825979,29.926148946600893,35.0,0.12083809100311736,12.3185617799693
21.453306038999987,104.04208323299994,SAT_10071,20.911876637619542,196.37930608660994,99.04825025362007,169.57460215849198,-64.07782340574065,29.93169476782134,35.0,0.12077528899329512,12.314140726076703
21.453306038999987,104.14208323299994,SAT_10071,20.916334728462687,196.40438284760262,99.04870613494214,169.57330251723388,-64.0733653148975,29.933440923367083,35.0,0.1207555106922797,12.312748210338423
21.453306038999987,104.24208323299993,SAT_10071,20.911091989917267,196.37489244328464,99.04816998472307,169.57483088109115,-64.07860805344292,29.931387409505763,35.0,0.12077877014785209,12.314385811709682
21.453306038999987,104.34208323299993,SAT_10071,20.896153287608968,196.29086224280044,99.04663997282668,169.5791842620859,-64.09354675575122,29.925534230626706,35.0,0.12084505084080614,12.319051673451217
21.453306038999987,104.44208323299992,SAT_10071,20.87153246033138,196.15237008936398,99.04411086447027,169.5863541627146,-64.11816758302881,29.915881399241,35.0,0.12095430577873083,12.32674051377648
21.453306038999987,104.54208323299991,SAT_10071,20.83725223444476,195.95954381875177,99.04057396714776,169.59632663106433,-64.15244780891543,29.90242893598176,35.0,0.12110645776225942,12.337443656070601
21.453306038999987,104.64208323299991,SAT_10071,20.793344083961642,195.71256047228425,99.03601704206241,169.60908235087032,-64.19635595939855,29.885176869604496,35.0,0.12130139982075508,12.351149078311959
21.453306038999987,104.7420832329999,SAT_10071,20.739848038143407,195.41164521455667,99.03042417851657,169.62459676529562,-64.24985200521678,29.864125236987718,35.0,0.121538995812501,12.367841481096374
21.453306038999987,104.8420832329999,SAT_10071,20.67681243907991,195.05706996982448,99.02377562902771,169.64284023278506,-64.31288760428028,29.839274083133628,35.0,0.12181908118266656,12.387502373446186
21.453306038999987,104.94208323299989,SAT_10071,20.604293652339848,194.64915179441167,99.01604760219723,169.66377821293318,-64.38540639102034,29.810623461169026,35.0,0.1221414638706568,12.410110175385528
21.453306038999987,105.04208323299989,SAT_10071,20.522355734304057,194.18825100546033,99.00721200952083,169.6873714799616,-64.46734430905613,29.77817343234634,35.0,0.12250592535695426,12.435640336083914
21.453306038999987,105.14208323299988,SAT_10071,20.43107006026095,193.67476908896782,98.99723616137409,169.7135763610911,-64.55862998309924,29.74192406604483,35.0,0.12291222183825695,12.464065466214706
21.453306038999987,105.24208323299987,SAT_10071,20.330514917712847,193.10914641213478,98.98608240629714,169.74234499685383,-64.65918512564734,29.701875439771957,35.0,0.12336008551862032,12.495355483046838
21.453306038999987,105.34208323299987,SAT_10071,20.220775069630378,192.49185976667087,98.97370770639871,169.7736256202032,-64.76892497372981,29.658027639164896,35.0,0.12384922600344071,12.52947776668807
21.453306038999987,105.44208323299986,SAT_10102,20.111059453465614,191.8747094257441,98.96104903392187,169.8030651507527,-64.87864058989457,29.613162260753313,35.0,0.12435044717192872,12.564387252723257
21.453306038999987,105.54208323299986,SAT_10102,20.01308012975329,191.32357572986226,98.94961850905845,169.83078825583965,-64.9766199136069,29.573767098452336,35.0,0.12478791745280503,12.594810838766781
21.453306038999987,105.64208323299985,SAT_10102,19.906009008282865,190.72130067159114,98.93691934930877,169.86097530639893,-65.08369103507732,29.530583505006454,35.0,0.1252663261074996,12.628032907577351
21.453306038999987,105.74208323299985,SAT_10102,19.78993207803839,190.06836793896593,98.92290003520107,169.89357393569304,-65.1997679653218,29.483611572869364,35.0,0.12578537729912542,12.66402022519899
21.453306038999987,105.84208323299984,SAT_10102,19.664940733627574,189.3652916266551,98.90750217205894,169.92852854715707,-65.32475930973261,29.43285140261399,35.0,0.12634475609854257,12.702737409090991
21.453306038999987,105.94208323299983,SAT_10102,19.531131311069842,188.61261362476787,98.89065976518987,169.96578060875305,-65.45856873229035,29.378303102934485,35.0,0.1269441300055781,12.744147096466195
21.453306038999987,106.04208323299983,SAT_10102,19.472407114164653,188.2822900171762,98.88314804136897,169.9820744361304,-65.51729292919553,29.35429645116723,35.0,0.12720734620962162,12.762307598022744
21.453306038999987,106.14208323299982,SAT_10102,19.46946418512077,188.2657360413043,98.88276963366187,169.98289011516673,-65.52023585823942,29.35309229326581,35.0,0.12722053989177615,12.763217496446716
21.453306038999987,106.24208323299982,SAT_10102,19.457095939606404,188.19616466028603,98.88117723936058,169.98631725503256,-65.53260410375378,29.348030455427107,35.0,0.1272759918394447,12.767041312308889
21.453306038999987,106.34208323299981,SAT_10102,19.435312538474818,188.07363302892085,98.87836453603589,169.99234967000933,-65.55438750488537,29.339110948404794,35.0,0.1273736670818875,12.773775116198937
21.453306038999987,106.4420832329998,SAT_10071,19.439982952572407,188.0999041082198,98.87904493841928,169.9927492684196,-65.54971709078778,29.34184848578878,35.0,0.1273403144656337,12.771475993691324
21.453306038999987,106.5420832329998,SAT_10071,19.57994341252109,188.88718169543114,98.89692249170112,169.95390863663872,-65.4097566308391,29.399062744930355,35.0,0.12671313920664284,12.728197599924085
21.453306038999987,106.6420832329998,SAT_10071,19.711155922698197,189.62525206517736,98.91330644373461,169.91732313124464,-65.27854412066199,29.452488869084227,35.0,0.12612570681775082,12.687584151683822
21.453306038999987,106.74208323299979,SAT_10071,19.83352091834813,190.3135551657082,98.92826846446823,169.88305319629882,-65.15617912501206,29.502126743820742,35.0,0.12557836129534078,12.64967431123864
21.453306038999987,106.84208323299978,SAT_10071,19.94694344400314,190.95155687251764,98.94187206392748,169.85115655045894,-65.04275659935705,29.547976262834446,35.0,0.12507143016136116,12.614504881571207
21.453306038999987,106.94208323299978,SAT_10071,20.051333626013502,191.53875164632595,98.95417339763208,169.82168788780766,-64.93836641734669,29.590037327942017,35.0,0.12460522290694853,12.58211063457409
21.453306038999987,107.04208323299977,SAT_10071,20.146607132952255,192.07466512285643,98.96522195682212,169.79469858569945,-64.84309291040793,29.628309849080367,35.0,0.12418002948734706,12.552524144301506
21.453306038999987,107.14208323299977,SAT_10071,20.23268561928019,192.55885660845107,98.9750611594928,169.77023642265357,-64.75701442408,29.662793744304874,35.0,0.12379611888144408,12.525775626849864
21.453306038999987,107.24208323299976,SAT_10071,20.309497147637458,192.9909214554607,98.98372885541572,169.74834530934322,-64.68020289572273,29.693488939787784,35.0,0.12345373772916833,12.50189278843812
21.453306038999987,107.34208323299976,SAT_10071,20.37697658517969,193.37049329163577,98.99125775600245,169.72906503570505,-64.6127234581805,29.720395369816785,35.0,0.12315310905972027,12.48090068323252
21.453306038999987,107.44208323299975,SAT_10071,20.43506596952362,193.69724607857037,98.9976757979431,169.71243103709963,-64.55463407383657,29.743512976793706,35.0,0.12289443112311567,12.462821582407528
21.453306038999987,107.54208323299974,SAT_10071,20.483714840080637,193.97089597545357,99.0030064479443,169.6984741823204,-64.50598520327955,29.76284171123341,35.0,0.12267787633682545,12.447674855855723
21.453306038999987,107.64208323299974,SAT_10071,20.522880530860093,194.191202986088,99.00726895453431,169.68722058605016,-64.4668195125001,29.77838153176282,35.0,0.12250359035838675,12.435476867854364
21.453306038999987,107.74208323299973,SAT_10071,20.552528421208663,194.35797236929872,99.01047855174431,169.67869144811158,-64.43717162215152,29.790132405120126,35.0,0.12237169129375682,12.42624088786631
21.553306038999985,103.042083233,SAT_10071,20.39462116703845,193.46974406459128,98.99321407636504,169.72401606924916,-64.59507887632174,29.72742169086285,35.0,0.12307452447773201,12.4754099734577
21.553306038999985,103.142083233,SAT_10071,20.49453218059169,194.03174351582825,99.004185869309,169.69536755302698,-64.4951678627685,29.767135607338087,35.0,0.12262973458501594,12.444306182494588
21.553306038999985,103.24208323299999,SAT_10071,20.585158842774646,194.54151849060742,99.01399272365758,169.66929399728753,-64.40454120058554,29.803052875594364,35.0,0.12222655636302286,12.416073522529356
21.553306038999985,103.34208323299998,SAT_10071,20.666422976486643,194.9986292427374,99.0226713655545,169.6458432134473,-64.32327706687354,29.835173418813948,35.0,0.12186525705905213,12.390742015181132
21.553306038999985,103.44208323299998,SAT_10071,20.738253385781448,195.40267529502066,99.03025366159177,169.62505878210808,-64.25144665757874,29.86349716830377,35.0,0.12154607970623132,12.368338964068188
21.553306038999985,103.54208323299997,SAT_10071,20.800586263312624,195.75329773113353,99.03676696847941,169.6069797921292,-64.18911378004756,29.88802406349409,35.0,0.12126924183227274,12.348888809580163
21.553306038999985,103.64208323299997,SAT_10071,20.853365562362143,196.05018128828704,99.04223442758534,169.59164060205637,-64.13633448099804,29.908754051937297,35.0,0.12103493428597546,12.332412996592986
21.553306038999985,103.74208323299996,SAT_10071,20.89654332898236,196.2930562255258,99.04667520999394,169.57907062687633,-64.09315671437783,29.925687089306898,35.0,0.12084332019380675,12.318929856614595
21.553306038999985,103.84208323299995,SAT_10071,20.93007999015846,196.48169994464135,99.05010471666229,169.5692941528229,-64.05962005320173,29.93882313939664,35.0,0.12069453405777439,12.308454505717712
21.553306038999985,103.94208323299995,SAT_10071,20.953944594375542,196.61593834336244,99.05253473732992,169.56233018264302,-64.03575544898464,29.948162174119794,35.0,0.12058868100446661,12.300998759456956
21.553306038999985,104.04208323299994,SAT_10071,20.96811500151965,196.69564688354805,99.05397357102892,169.558192313371,-64.02158504184054,29.953704173508626,35.0,0.12052583619360939,12.296571065784565
21.553306038999985,104.14208323299994,SAT_10071,20.97257801965617,196.72075136056594,99.05442611031974,169.55688864825075,-64.01712202370402,29.955449125713972,35.0,0.12050604439279833,12.295176456774442
21.553306038999985,104.24208323299993,SAT_10071,20.96732948689872,196.6912283638053,99.05389389072077,169.5584217440006,-64.02237055646147,29.95339702700505,35.0,0.120529319723236,12.296816519742672
21.553306038999985,104.34208323299993,SAT_10071,20.952374297297837,196.60710542230035,99.0523751061866,169.56278859413368,-64.03732574606235,29.94754788176934,35.0,0.12059564557938046,12.301489388118625
21.553306038999985,104.44208323299992,SAT_10071,20.927726370401615,196.46846083350908,99.04986459090104,169.5699806485689,-64.06197367295857,29.937901702512708,35.0,0.1207049747234256,12.309189752178956
21.553306038999985,104.54208323299991,SAT_10071,20.89340856489521,196.27542317753557,99.04635376707195,169.57998386925868,-64.09629147846498,29.92445850985963,35.0,0.12085722955353087,12.319908889512392
21.553306038999985,104.64208323299991,SAT_10071,20.849452537448173,196.02817052314597,99.04183055782403,169.5927788210808,-64.14024750591201,29.907218332553605,35.0,0.12105230254273613,12.333634714842093
21.553306038999985,104.7420832329999,SAT_10071,20.795898548618183,195.72692933597727,99.03627926367093,169.60834079675735,-64.193801494742,29.886181207457707,35.0,0.12129005684357902,12.350351848598786
21.553306038999985,104.8420832329999,SAT_10071,20.73279521830925,195.37197310298953,99.02968040038493,169.62663997413682,-64.25690482505094,29.861347179555324,35.0,0.12157032705161493,12.37004170341783
21.553306038999985,104.94208323299989,SAT_10071,20.660199233911186,194.96362069075042,99.02201049535604,169.6476416037504,-64.329500809449,29.83271630195103,35.0,0.12189292011936038,12.392682587530262
21.553306038999985,105.04208323299989,SAT_10071,20.57817501477473,194.50223445810786,99.01324183871435,169.67130622420964,-64.41152502858546,29.80028863587162,35.0,0.12225761641066674,12.41824982383678
21.553306038999985,105.14208323299988,SAT_10071,20.486794337145213,193.98821814644185,99.00334218455615,169.69758990270145,-64.50290570621497,29.76406425066732,35.0,0.12266417088421504,12.44671588329663
21.553306038999985,105.24208323299987,SAT_10071,20.386135924058507,193.42201457282914,98.99227439653102,169.72644449758712,-64.60356411930168,29.724043223813148,35.0,0.12311231439371573,12.478050531133984
21.553306038999985,105.34208323299987,SAT_10102,20.29991929131583,192.93704601365155,98.98258701448678,169.74935807829206,-64.68978075204436,29.688769091464177,35.0,0.12350805865083063,12.50568370656564
21.553306038999985,105.44208323299986,SAT_10102,20.210902919555366,192.43632892249892,98.97251750609524,169.7747164746357,-64.77879712380482,29.65318703354221,35.0,0.12390496528258703,12.533362717428737
21.553306038999985,105.54208323299986,SAT_10102,20.112695471504836,191.8839120272147,98.961242485979,169.80260143348409,-64.87700457185535,29.613819076446216,35.0,0.12434314504102201,12.56387906977646
21.553306038999985,105.64208323299985,SAT_10102,20.005377950604412,191.28025097214982,98.94871777084147,169.83296354503764,-64.98432209275578,29.570665304475483,35.0,0.12482231988837295,12.597201532305238
21.553306038999985,105.74208323299985,SAT_10102,19.889037267685524,190.62583463073108,98.93489308457536,169.86574985121067,-65.10066277567466,29.523725810043167,35.0,0.12534219105268346,12.633296543454493
21.553306038999985,105.84208323299984,SAT_10102,19.763765785054304,189.92118254093046,98.91971145705814,169.90090413553304,-65.22593425830588,29.473000693678117,35.0,0.12590244050793767,12.67212837594302
21.553306038999985,105.94208323299983,SAT_10102,19.629660845113506,189.16684225376346,98.90310852267822,169.93836722225083,-65.36003919824668,29.4184900640268,35.0,0.12650273251526442,12.713659307507386
21.553306038999985,106.04208323299983,SAT_10102,19.486824288208723,188.36338662117407,98.88501170228518,169.97807728154925,-65.50287575515146,29.360194037855432,35.0,0.12714271521167897,12.757849796245972
21.553306038999985,106.14208323299982,SAT_10102,19.335361964258723,187.51141104895532,98.86533924873626,170.0199701379182,-65.65433807910146,29.298112740052268,35.0,0.127822022233015,12.80465865900252
21.553306038999985,106.24208323299982,SAT_10102,19.268044362891445,187.1327495412644,98.85643118279383,170.03851873108357,-65.72165568046874,29.270433506433772,35.0,0.1281241628596576,12.825446292959295
21.553306038999985,106.34208323299981,SAT_10071,19.388297368719776,187.80917269904876,98.8723493439679,170.00704481349683,-65.60140267464041,29.320661185330778,35.0,0.1275720722058654,12.787446974268498
21.553306038999985,106.4420832329998,SAT_10071,19.537216881501053,188.64684495844344,98.89152133857267,169.96578583054858,-65.45248316185913,29.381621331825666,35.0,0.12690453746766733,12.74141412566856
21.553306038999985,106.5420832329998,SAT_10071,19.677478748375904,189.43581795961447,98.9091451886269,169.92672919910217,-65.31222129498428,29.438796081859312,35.0,0.12627642765488353,12.698011750086541
21.553306038999985,106.6420832329998,SAT_10071,19.80897823223728,190.1755025563347,98.92529964678593,169.88993845084806,-65.18072181112291,29.492185312929333,35.0,0.12568810503546532,12.657280568168721
21.553306038999985,106.74208323299979,SAT_10071,19.931614751319927,190.86533297617459,98.94005461720187,169.8554746797198,-65.05808529204026,29.541788910656244,35.0,0.12513991689123177,12.61925960608546
21.553306038999985,106.84208323299978,SAT_10071,20.045292366372564,191.50476956084572,98.95347206464974,169.82339623401995,-64.94440767698762,29.58760676878117,35.0,0.1246321939035013,12.583986017845339
21.553306038999985,106.94208323299978,SAT_10071,20.1499202602822,192.0933014640874,98.965606793951,169.7937584125571,-64.83977978307799,29.629638789163824,35.0,0.12416524857683216,12.551494911107861
21.553306038999985,107.04208323299977,SAT_10071,20.245413205540814,192.6304492811671,98.97650711833298,169.76661316781275,-64.74428683781937,29.667884881780548,35.0,0.12373937371429693,12.521819178072874
21.553306038999985,107.14208323299977,SAT_10071,20.33169201484874,193.11576758352416,98.98621543206518,169.74200881922783,-64.65800802851145,29.702344964722602,35.0,0.12335484095784605,12.494989333048363
21.553306038999985,107.24208323299976,SAT_10071,20.408683970124855,193.54884733195232,98.99476870001601,169.71998977972459,-64.58101607323533,29.73301896419456,35.0,0.12301189940724913,12.471033358298047
21.553306038999985,107.34208323299976,SAT_10071,20.47632322524963,193.92931814202916,99.00219887455299,169.70059629854885,-64.51337681811056,29.759906814512856,35.0,0.12271077433082586,12.449976559743751
21.553306038999985,107.44208323299975,SAT_10071,20.53455117800489,194.2568503762775,99.0085332483678,169.6838642234345,-64.4551488653553,29.783008458104526,35.0,0.12245166598068662,12.431841434044623
21.553306038999985,107.54208323299974,SAT_10071,20.583316806902218,194.53115703882497,99.01379475026674,169.66982478494458,-64.40638323645797,29.802323845506084,35.0,0.12223474852449506,12.41664754849497
21.553306038999985,107.64208323299974,SAT_10071,20.622576968893142,194.7519954500239,99.01800218966524,169.6585044056488,-64.36712307446705,29.817852935362552,35.0,0.12206016910484294,12.404411435075941
21.553306038999985,107.74208323299973,SAT_10071,20.652296654344198,194.9191686806861,99.02117045441295,169.6499245365428,-64.33740338901599,29.829595694426658,35.0,0.12192804703620475,12.395146499863626
21.553306038999985,107.84208323299973,SAT_10071,20.67244919612837,195.03252672822208,99.02331066561364,169.64410152280158,-64.31725084723182,29.837552097558195,35.0,0.12183847314812918,12.388862948840305
21.553306038999985,107.94208323299972,SAT_10071,20.68301643019828,195.0919674198653,99.02443029225498,169.6410465006251,-64.30668361316191,29.841722127723525,35.0,0.12179150928184779,12.385567730978492
21.653306038999986,103.042083233,SAT_10071,20.439270500152134,193.72089656335578,98.99813848115411,169.71122574343963,-64.55042954320805,29.745184630939352,35.0,0.12287571213234649,12.461512718575422
21.653306038999986,103.142083233,SAT_10071,20.5392504562123,194.2832838161942,99.0090410512662,169.6825123681869,-64.45044958714789,29.784871052833648,35.0,0.12243075946649895,12.430377512328139
21.653306038999986,103.24208323299999,SAT_10071,20.629940613154417,194.79341594899358,99.01878659060314,169.65637940912126,-64.35975943020577,29.820763455059822,35.0,0.12202743054418719,12.402116045600147
21.653306038999986,103.34208323299998,SAT_10071,20.71126246558518,195.25085136891664,99.02741141165995,169.63287489122627,-64.27843757777501,29.852861760832123,35.0,0.12166599362178826,12.376758453759075
21.653306038999986,103.44208323299998,SAT_10071,20.783144515675573,195.65518790067512,99.03494702493202,169.61204259168392,-64.20655552768461,29.88116590148607,35.0,0.12134669265641075,12.354332144830362
21.653306038999986,103.54208323299997,SAT_10071,20.84552268318683,196.0060650929259,99.0414204835418,169.59392177721094,-64.14417736017336,29.90567581647713,35.0,0.12106974600789419,12.334861653431659
21.653306038999986,103.64208323299997,SAT_10071,20.898340679888094,196.30316632437052,99.04685467358728,169.57854696387815,-64.0913593634721,29.92639145337952,35.0,0.12083534525908578,12.318368507714382
21.653306038999986,103.74208323299996,SAT_10071,20.941550343852526,196.54622068417046,99.05126855575482,169.56594770241355,-64.04814969950766,29.94331276788518,35.0,0.12064365416682114,12.304871110812464
21.653306038999986,103.84208323299995,SAT_10071,20.975111929510277,196.73500460349533,99.05467736269065,169.55614839173236,-64.01458811384991,29.956439723802912,35.0,0.12049480775490543,12.294384638165555
21.653306038999986,103.94208323299995,SAT_10071,20.998994349804533,196.8693432176505,99.05709275571918,169.54916812313036,-63.990705693555654,29.965772293057682,35.0,0.12038891155904796,12.28692095192393
21.653306038999986,104.04208323299994,SAT_10071,21.01317536735378,196.94911144136503,99.05852294370294,169.54502055720656,-63.976524676006406,29.97131045569004,35.0,0.12032604103216474,12.282488533457729
21.653306038999986,104.14208323299994,SAT_10071,21.017641732143417,196.97423474330674,99.05897276613153,169.54371383516875,-63.97205831121677,29.973054199855774,35.0,0.12030624111675872,12.281092434787032
21.653306038999986,104.24208323299993,SAT_10071,21.012389263945536,196.94468960969365,99.05844374188055,169.545250525725,-63.97731077941465,29.97100352182563,35.0,0.12032952598924661,12.28273424952602
21.653306038999986,104.34208323299993,SAT_10071,20.997422878378813,196.86050369088085,99.05693408448019,169.54962760828923,-63.992277164981374,29.965158425985276,35.0,0.12039587897916065,12.287412103698264
21.653306038999986,104.44208323299992,SAT_10071,20.972756556265495,196.72175562899338,99.05443868415483,169.5568364927296,-64.0169434870947,29.955518924835374,35.0,0.12050525266415418,12.295120666536329
21.653306038999986,104.54208323299991,SAT_10071,20.93841325669304,196.52857456889836,99.0509490563264,169.5668630753866,-64.05128678666715,29.942085038991824,35.0,0.12065756913971902,12.305851181132642
21.653306038999986,104.64208323299991,SAT_10071,20.89442477491953,196.28113935892236,99.0464532556937,169.57968783060127,-64.09527526844066,29.92485679718617,35.0,0.12085272046052674,12.319591514565028
21.653306038999986,104.7420832329999,SAT_10071,20.840831546985882,195.9796774517956,99.04093575439667,169.59528593650685,-64.1488684963743,29.903834236266157,35.0,0.12109056924837161,12.336326226885246
21.653306038999986,104.8420832329999,SAT_10071,20.777682403561286,195.62446352003226,99.03437728212334,169.61362743339907,-64.2120176397989,29.87901740119646,35.0,0.12137094945986211,12.356036658136423
21.653306038999986,104.94208323299989,SAT_10071,20.70503427617102,195.215817803462,99.02675462530468,169.63467741258225,-64.28466576718917,29.85040634505955,35.0,0.12169366730531572,12.378701032361153
21.653306038999986,105.04208323299989,SAT_10071,20.62295185949418,194.75410420965477,99.01804038173934,169.65839623323495,-64.36674818386601,29.81800112905675,35.0,0.12205850230878744,12.404294577379018
21.653306038999986,105.14208323299988,SAT_10102,20.539695792882455,194.28578883496382,99.00902270990098,169.68065630658987,-64.45000425047773,29.78413120113296,35.0,0.12244020524839987,12.431038939772433
21.653306038999986,105.24208323299987,SAT_10102,20.469132508838555,193.88887036221686,99.00134540242222,169.70093457592327,-64.52056753452163,29.75614059358007,35.0,0.12275426901064733,12.45301928316779
21.653306038999986,105.34208323299987,SAT_10102,20.389217641207978,193.43934923179486,98.99254879493515,169.72383958559934,-64.60048240215221,29.72436656915048,35.0,0.12311014904272498,12.477899236660619
21.653306038999986,105.44208323299986,SAT_10102,20.30001975811392,192.9376111393908,98.98260012593678,169.7493294131814,-64.68968028524627,29.688809195890826,35.0,0.12350761083169941,12.50565245712398
21.653306038999986,105.54208323299986,SAT_10102,20.201614240671276,192.38408010377594,98.97146160845043,169.77735801058546,-64.78808580268891,29.64946854995495,35.0,0.12394639621375911,12.536249945844643
21.653306038999986,105.64208323299985,SAT_10102,20.094082866246055,191.7792161226341,98.95909000341497,169.80787547019708,-64.89561717711413,29.60634471560539,35.0,0.12442622470790847,12.569660197814542
21.653306038999986,105.74208323299985,SAT_10102,19.97751336657248,191.1235126869702,98.94543611961252,169.84082830656067,-65.0121866767877,29.55943778521501,35.0,0.12494679493836351,12.605849360503681
21.653306038999986,105.84208323299984,SAT_10102,19.851998965512095,190.41749418100554,98.93044422945995,169.87615975048288,-65.13770107784809,29.50874785926881,35.0,0.12550778613211627,12.644781400501902
21.653306038999986,105.94208323299983,SAT_10102,19.717637901268233,189.66171319463382,98.91405138772362,169.91381005238117,-65.27206214209195,29.45427504636585,35.0,0.12610885967792443,12.68641827639871
21.653306038999986,106.04208323299983,SAT_10102,19.574532937821232,188.8567477752444,98.89618663746171,169.95371679174912,-65.41516710553896,29.3960194632214,35.0,0.12674966073298144,12.730720116278258
21.653306038999986,106.14208323299982,SAT_10102,19.422790870222386,188.00319864500094,98.87677008412335,169.99581518970467,-65.5669091731378,29.333981234669164,35.0,0.12742981986371915,12.777645398238581
21.653306038999986,106.24208323299982,SAT_10071,19.316979505264953,187.40800971711536,98.86300973894929,170.0267282238913,-65.67272053809523,29.291374160899394,35.0,0.1278919931108964,12.80947448199243
21.653306038999986,106.34208323299981,SAT_10071,19.474730588758092,188.29535956176426,98.88354831507435,169.98312406513355,-65.5149694546021,29.35607465794519,35.0,0.127184551743846,12.760735495669879
21.653306038999986,106.4420832329998,SAT_10071,19.623921962465516,189.13456103886853,98.90247502869302,169.94166491199522,-65.36577808089467,29.416992515263804,35.0,0.126516190539988,12.714589493623269
21.653306038999986,106.5420832329998,SAT_10071,19.76444428096859,189.92499908044832,98.91987653630906,169.90241702640685,-65.2252557623916,29.474127602284664,35.0,0.1258872881913655,12.671079050078054
21.653306038999986,106.6420832329998,SAT_10071,19.89619188079257,190.6660793294582,98.93582983447484,169.86544453186863,-65.09350816256762,29.52747979655884,35.0,0.12529820996720617,12.630245217290607
21.653306038999986,106.74208323299979,SAT_10071,20.019063276839475,191.35723093222208,98.95040328948197,169.83080910040596,-64.97063676652071,29.577048983756722,35.0,0.12474930605709302,12.592127343814388
21.653306038999986,106.84208323299978,SAT_10071,20.132961655837832,191.99790931408782,98.96365751977201,169.79856964054767,-64.85673838752236,29.622835057665778,35.0,0.12424090993894482,12.55676289470152
21.653306038999986,106.94208323299978,SAT_10071,20.237795362296836,192.5875989129197,98.97564615289923,169.76878198927182,-64.75190468106335,29.66483792018847,35.0,0.12377333678510546,12.524187275194901
21.653306038999986,107.04208323299977,SAT_10071,20.33347837227771,193.12581584406212,98.98641647498432,169.74149861098874,-64.65622167108248,29.703057481340387,35.0,0.12334688192016914,12.49443365951395
21.653306038999986,107.14208323299977,SAT_10071,20.41993075019232,193.61211046983183,98.99600998743485,169.7167683067098,-64.56976929316787,29.73749365924845,35.0,0.1229618193443076,12.467532826362199
21.653306038999986,107.24208323299976,SAT_10071,20.49707908381741,194.04606984647296,99.00446288311755,169.69463593657133,-64.49262095954278,29.76814638014937,35.0,0.1226184003358045,12.443513002785012
21.653306038999986,107.34208323299976,SAT_10071,20.56485689276134,194.42732002178255,99.0118064520339,169.67514215886087,-64.42484315059885,29.795015578388185,35.0,0.1223168521462249,12.422399717979948
21.653306038999986,107.44208323299975,SAT_10071,20.62320500576442,194.75552815742486,99.01806742477824,169.65832318860288,-64.36649503759577,29.818101196416983,35.0,0.12205737680115455,12.40421566860873
21.753306038999987,102.74208323300002,SAT_10071,20.117979005251357,191.91363190453887,98.96193179271621,169.8028179026915,-64.87172103810883,29.616821164236658,35.0,0.12430776307464539,12.561416536579358
21.753306038999987,102.942083233,SAT_10071,20.363672328718053,193.29565684903903,98.98978284258561,169.7328699558703,-64.62602771464213,29.715094905072373,35.0,0.12321236951563898,12.485040294328556
21.753306038999987,103.042083233,SAT_10071,20.472894088029648,193.91002924516678,99.00182367517559,169.70158060889673,-64.51680595533054,29.758545021506382,35.0,0.12272603705301043,12.451044330887175
21.753306038999987,103.142083233,SAT_10071,20.57290880587054,194.4726120330218,99.01267247286516,169.67282323212373,-64.41679123748965,29.798203841917616,35.0,0.12228103852555716,12.41989080875797
21.753306038999987,103.24208323299999,SAT_10071,20.663631172709614,194.98292534649158,99.02237038435588,169.64664997181734,-64.32606887065057,29.834071281432706,35.0,0.12187766580840109,12.391612514457538
21.753306038999987,103.34208323299998,SAT_10071,20.744982461698655,195.44052634705497,99.03095340019507,169.62310899811143,-64.24471758166153,29.866147263297695,35.0,0.1215161878284276,12.366239659019367
21.753306038999987,103.44208323299998,SAT_10071,20.81689097134864,195.84501171383613,99.03845275375264,169.60224422180113,-64.17280907201155,29.894431718876532,35.0,0.12119684915659877,12.343799719930344
21.753306038999987,103.54208323299997,SAT_10071,20.87929243730275,196.196019959828,99.04489526191298,169.58409503049654,-64.11040760605744,29.91892458764974,35.0,0.12091986870550081,12.32431729450514
21.753306038999987,103.64208323299997,SAT_10071,20.932130408369943,196.49323354708093,99.05030361215292,169.56869604734723,-64.05756963499024,29.93962581721323,35.0,0.12068543854551758,12.307813966310718
21.753306038999987,103.74208323299996,SAT_10071,20.9753565822827,196.7363807753402,99.05469660146535,169.55607691535369,-64.01434346107749,29.956535363277276,35.0,0.12049372285211758,12.294308186148964
21.753306038999987,103.84208323299995,SAT_10071,21.00893109702612,196.92523742077194,99.05808933155699,169.54626211003202,-63.98076894633407,29.969653189665653,35.0,0.12034485699560814,12.283815168972092
21.753306038999987,103.94208323299995,SAT_10071,21.032822774071633,197.05962810415292,99.06049336385593,169.5392707828753,-63.956877269288555,29.97897926831493,35.0,0.12023894678336071,12.276346807944831
21.753306038999987,104.04208323299994,SAT_10071,21.047009310393854,197.13942737096542,99.06191683708366,169.5351166376957,-63.942690732966334,29.984513579273926,35.0,0.1201760678629649,12.271911606681599
21.753306038999987,104.14208323299994,SAT_10071,21.05147741678119,197.1645604693942,99.06236454944826,169.53380784150934,-63.938222626579,29.986256110703312,35.0,0.12015626529305617,12.270514630479905
21.753306038999987,104.24208323299993,SAT_10071,21.046222900626226,197.1350038160225,99.06183800687984,169.53534697117624,-63.94347714273396,29.984206858875392,35.0,0.12017955328671082,12.272157477146406
21.753306038999987,104.34208323299993,SAT_10071,21.03125069210372,197.05078514308343,99.06033543813531,169.5397309965253,-63.95844935125647,29.97836582817401,35.0,0.12024591513035326,12.27683826777483
21.753306038999987,104.44208323299992,SAT_10071,21.006574813390387,196.91198332532093,99.05785177703078,169.54695130019584,-63.9831252299698,29.968733031094665,35.0,0.12035530327910812,12.284551657589523
21.753306038999987,104.54208323299991,SAT_10071,20.97221829133251,196.7187278887454,99.05437861149768,169.55699373392406,-64.01748175202768,29.955308488244725,35.0,0.1205076396275,12.295288866720847
21.753306038999987,104.64208323299991,SAT_10071,20.9282130147149,196.4711982077713,99.04990409858894,169.56983871050306,-64.06148702864529,29.938092228343848,35.0,0.12070281595239686,12.309037730533678
21.753306038999987,104.7420832329999,SAT_10071,20.874599537999032,196.16962240124457,99.04441284396395,169.5854613301687,-64.11510050536116,29.91708428822454,35.0,0.12094069452314805,12.325782768893855
21.753306038999987,104.8420832329999,SAT_10071,20.81142683407535,195.81427594167383,99.03788574374227,169.60383153971182,-64.17827320928484,29.89228471283287,35.0,0.12122110887202907,12.345505273533856
21.753306038999987,104.94208323299989,SAT_10071,20.738751999196737,195.40547999548164,99.0302997859116,169.62491432220273,-64.25094804416345,29.863693555229343,35.0,0.12154386471640262,12.368183412473662
21.753306038999987,105.04208323299989,SAT_10102,20.679672193187926,195.0731560866821,99.02400583006799,169.64028092388094,-64.31002785017226,29.83947451167172,35.0,0.12181767574728816,12.387403762215763
21.753306038999987,105.14208323299988,SAT_10102,20.618413963243995,194.72857854324747,99.01748774751644,169.65797500169143,-64.37128608011619,29.815284251077387,35.0,0.12209003631501826,12.406505293187141
21.753306038999987,105.24208323299987,SAT_10102,20.547727163824206,194.33096529651118,99.00989022211478,169.67834508161621,-64.44197287953598,29.78731315043693,35.0,0.12240446936966658,12.428536478987034
21.753306038999987,105.34208323299987,SAT_10102,20.467673683610826,193.8806644703109,99.00118567416281,169.70135327795643,-64.52202635974936,29.755561269665115,35.0,0.12276076366361009,12.453473587794452
21.753306038999987,105.44208323299986,SAT_10102,20.378322667420235,193.3780650042388,98.99134195054516,169.72695729591393,-64.61137737593995,29.720028676779076,35.0,0.12315868288558941,12.481290073919507
21.753306038999987,105.54208323299986,SAT_10102,20.279750124412004,192.8235944498175,98.98032197140762,169.755110682296,-64.70994991894818,29.680715447899644,35.0,0.1235979669057046,12.511956717646125
21.753306038999987,105.64208323299985,SAT_10102,20.172038506185245,192.217716597292,98.96808331385844,169.785763095078,-64.81766153717494,29.637621667252816,35.0,0.12407833312309118,12.545441776226655
21.753306038999987,105.74208323299985,SAT_10102,20.055276259512468,191.56092895975763,98.95457772417518,169.81886058867929,-64.93442378384772,29.590747427171394,35.0,0.12459947790298288,12.58171114443684
21.753306038999987,105.84208323299984,SAT_10102,19.929557358565944,190.85376014193344,98.93975054818468,169.8543459117475,-65.06014268479424,29.540092828096775,35.0,0.12516107808943677,12.620728523054096
21.753306038999987,105.94208323299983,SAT_10102,19.794980821529435,190.09676712110308,98.9235400672983,169.89215881422734,-65.19471922183075,29.48565797858089,35.0,0.12576279257978537,12.662455593604507
21.753306038999987,106.04208323299983,SAT_10102,19.651650216429985,189.29053246741867,98.90587672502646,169.93223636053912,-65.3380498269302,29.42744299528832,35.0,0.1264042639468869,12.706852197732513
21.753306038999987,106.14208323299982,SAT_10102,19.499673160897572,188.43566153004886,98.88668222554661,169.97451324578518,-65.49002688246262,29.36544800299855,35.0,0.1270851200954494,12.753876519580542
21.753306038999987,106.24208323299982,SAT_10071,19.39261218286137,187.8334435285952,98.8729396255242,170.00585237679314,-65.59708786049882,29.322431153832643,35.0,0.12755272152962038,12.786113916008691
21.753306038999987,106.34208323299981,SAT_10071,19.550599419337743,188.7221217337748,98.89324403682393,169.96206763220184,-65.43910062402244,29.38708656140092,35.0,0.12684458291696651,12.737274970304565
21.753306038999987,106.4420832329998,SAT_10071,19.700018386163407,189.5626034221692,98.9119581658723,169.92043507994595,-65.28968165719678,29.447961965536308,35.0,0.12617554855808866,12.691032994229055
21.753306038999987,106.5420832329998,SAT_10071,19.840758919208014,190.35426892054508,98.92916694032786,169.88102150490778,-65.14894112415217,29.505057235724927,35.0,0.12554599980655382,12.647430855162776
21.753306038999987,106.6420832329998,SAT_10071,19.972714550753267,191.09651934798714,98.94494584280453,169.8438915452543,-65.01698549260692,29.55837224957099,35.0,0.12495630452761847,12.606509892395994
21.753306038999987,106.74208323299979,SAT_10071,20.095783011284865,191.78877943847738,98.95936191331623,169.80910737585612,-64.89391703207532,29.607906892794496,35.0,0.12440681542628064,12.56830973358741
21.753306038999987,106.84208323299978,SAT_10071,20.209866728415676,192.43050034733818,98.97247460881208,169.77672839264358,-64.77983331494451,29.653661059228973,35.0,0.12389786839996887,12.532868113129927
21.753306038999987,106.94208323299978,SAT_10071,20.314873318356604,193.0211624157559,98.98433654089554,169.74681090089447,-64.67482672500358,29.69563465081942,35.0,0.12342978092933168,12.500220693999198
21.753306038999987,107.04208323299977,SAT_10071,20.4107160651877,193.5602778666808,98.99499410907256,169.71940781056213,-64.57898397817249,29.733827577620424,35.0,0.12300285052093136,12.470400894709835
21.753306038999987,107.14208323299977,SAT_10071,20.49731438306307,194.04739340472975,99.00448804382243,169.69456834184535,-64.49238566029712,29.768239757794387,35.0,0.12261735321579238,12.443439723030359
21.853306038999985,102.74208323300002,SAT_10071,20.140545241521693,192.04056698355953,98.96453898190877,169.7964184987326,-64.8491548018385,29.62587799720207,35.0,0.1242070744031737,12.554407225904786
21.853306038999985,102.84208323300001,SAT_10071,20.267899529138262,192.75693485140272,98.97905664593493,169.7602078648011,-64.72180051422193,29.67687476350705,35.0,0.12363913240622432,12.514828280521662
21.853306038999985,102.942083233,SAT_10071,20.386236004483095,193.4225775252174,98.99228790453361,169.72641585935838,-64.60346403887709,29.724083076773738,35.0,0.12311186866162087,12.478019387630832
21.853306038999985,103.042083233,SAT_10071,20.495457484639132,194.03694835109513,99.00428535510363,169.69510176029848,-64.49424255872106,29.767502835926496,35.0,0.12262561676525242,12.44401801758381
21.853306038999985,103.142083233,SAT_10071,20.595472417687887,194.59953234949438,99.01509546481388,169.66632147647658,-64.3942276256723,29.80713394800921,35.0,0.12218069041827918,12.412859406786653
21.853306038999985,103.24208323299999,SAT_10071,20.686195372980947,195.10984897301785,99.02475911333684,169.64012723516475,-64.30350467037924,29.842976328183482,35.0,0.12177738184916857,12.384576381548802
21.853306038999985,103.34208323299998,SAT_10071,20.76754751066693,195.56745474750147,99.03331205813495,169.61656728214604,-64.22215253269326,29.875029899726957,35.0,0.12141596031249549,12.359199189961673
21.853306038999985,103.44208323299998,SAT_10071,20.83945702531699,195.97194576740804,99.04078533200736,169.59568559785464,-64.1502430180432,29.903294594031852,35.0,0.12109667067901894,12.336755343541386
21.853306038999985,103.54208323299997,SAT_10071,20.90185955859532,196.32296001709867,99.0472055809106,169.57752163291119,-64.08784048476487,29.927770350603602,35.0,0.12081973213112275,12.317269470326154
21.853306038999985,103.64208323299997,SAT_10071,20.954698576121444,196.62017949068314,99.05259534864925,169.56211006627657,-64.03500146723874,29.94845711705968,35.0,0.12058533697704428,12.300763181044807
21.853306038999985,103.74208323299996,SAT_10071,20.99792570397559,196.86333208486272,99.05697331383688,169.5494805890483,-63.9917743393846,29.965354849128587,35.0,0.12039364959640833,12.287254949868474
21.853306038999985,103.84208323299995,SAT_10071,21.031501020687166,197.0521932413653,99.06035448350701,169.53965771666972,-63.95819902267302,29.978463510648986,35.0,0.12024480552844834,12.276760011123843
21.853306038999985,103.94208323299995,SAT_10071,21.055393301018697,197.18658731823018,99.06275034687164,169.53266063201224,-63.93430674234149,29.987783073568995,35.0,0.12013891071294305,12.269290273185304
21.853306038999985,104.04208323299994,SAT_10071,21.06958020842304,197.2663886723796,99.06416899195291,169.52850306141323,-63.92011983493715,29.99331351794563,35.0,0.12007604089234827,12.264854250577205
21.853306038999985,104.14208323299994,SAT_10071,21.074048433671123,197.29152243940007,99.06461518712236,169.5271931853421,-63.915651609689064,29.99505483194444,35.0,0.12005624118188499,12.263457015109523
21.853306038999985,104.24208323299993,SAT_10071,21.068793777833648,197.26196500031426,99.064090428954,169.5287335849079,-63.92090626552654,29.993007011839254,35.0,0.12007952581249105,12.26510016664539
21.853306038999985,104.34208323299993,SAT_10071,21.053821178519478,197.17774412917205,99.0625929572096,169.53312122494287,-63.93587886484071,29.987170062012122,35.0,0.12014587804958764,12.269781823860374
21.853306038999985,104.44208323299992,SAT_10071,21.02914467902322,197.0389388195056,99.06011773721161,169.54034747389383,-63.96055536433697,29.977543994953397,35.0,0.12025525028859667,12.277496635107934
21.853306038999985,104.54208323299991,SAT_10071,20.994787340794005,196.8456787919663,99.05665640930337,169.5503981602455,-63.99491270256618,29.96412883126197,35.0,0.12040756432610857,12.288235809256554
21.853306038999985,104.64208323299991,SAT_10071,20.950781100373604,196.5981436896015,99.05219720453141,169.56325366470963,-64.03891894298658,29.94692459964569,35.0,0.12060271180358814,12.301987166119044
21.853306038999985,104.7420832329999,SAT_10071,20.897166572688718,196.29656197137405,99.0467248250953,169.57888904691796,-64.09253347067147,29.925931336921906,35.0,0.12084055481855767,12.318735205856855
21.853306038999985,104.8420832329999,SAT_10102,20.84166422432945,195.98436126185317,99.0409493860675,169.59330594642154,-64.14803581903074,29.90321949852573,35.0,0.12109803556628192,12.336851335568644
21.853306038999985,104.94208323299989,SAT_10102,20.79935690581216,195.74638259519338,99.03656346040155,169.60560026734493,-64.19034313754803,29.886602706662586,35.0,0.12128589993310832,12.350059676932577
21.853306038999985,105.04208323299989,SAT_10102,20.747507059250083,195.45472720828172,99.03115005662009,169.6206426018582,-64.2421929841101,29.86620762621781,35.0,0.12151621817406259,12.366241790295653
21.853306038999985,105.14208323299988,SAT_10102,20.686161362905295,195.1096576663423,99.02469020579531,169.63840432745656,-64.30353868045489,29.842034300885906,35.0,0.12178883140250128,12.385379822481733
21.853306038999985,105.24208323299987,SAT_10102,20.615374481306603,194.71148145734963,99.01716097579067,169.65885194420932,-64.37432556205358,29.814082782458087,35.0,0.12210355336432414,12.407452846938034
21.853306038999985,105.34208323299987,SAT_10102,20.53520874358317,194.26054918265532,99.0085352291444,169.6819472812071,-64.45449129977702,29.782353130823292,35.0,0.12246017144970563,12.432436977943505
21.853306038999985,105.44208323299986,SAT_10102,20.445733782512818,193.7572525266346,98.99878133179712,169.707647727954,-64.54396626084737,29.746845413969325,35.0,0.12285844783294074,12.460305499029756
21.853306038999985,105.54208323299986,SAT_10102,20.34702613860165,193.2020220296343,98.98786280709068,169.73590648783534,-64.64267390475854,29.707559707984192,35.0,0.1232981207285002,12.491029004178884
21.853306038999985,105.64208323299985,SAT_10102,20.239168833794636,192.59532469009483,98.97573792822256,169.76667285061257,-64.75053120956555,29.66449609705756,35.0,0.12377890575050185,12.524575550260051
21.853306038999985,105.74208323299985,SAT_10102,20.122250919636613,191.93766142295596,98.96235924087232,169.79989248075123,-64.86744912372357,29.61765467348239,35.0,0.12430049736214281,12.560910819092598
21.853306038999985,105.84208323299984,SAT_10102,19.996367004803716,191.2295644020209,98.94767300595625,169.83550771833382,-64.99333303855647,29.567035537656718,35.0,0.12486257040120481,12.59999828747818
21.853306038999985,105.94208323299983,SAT_10102,19.86161676695987,190.47159431414926,98.9316185503478,169.8734578892915,-65.12808327640032,29.512638798085607,35.0,0.12546478166753638,12.641799403526878
21.853306038999985,106.04208323299983,SAT_10102,19.718104453834513,189.66433755281915,98.91412751082682,169.9136796217388,-65.27159558952567,29.454464571383248,35.0,0.12610677155842548,12.686273767611713
21.853306038999985,106.14208323299982,SAT_10102,19.565938378289417,188.808403377878,98.89512295337421,169.95610716528768,-65.42376166507077,29.3925129822752,35.0,0.12678816573798998,12.733379316320306
21.853306038999985,106.24208323299982,SAT_10071,19.457657998514748,188.19932624164545,98.8813780021649,169.9878546810322,-65.53204204484544,29.34908668983473,35.0,0.1272610782273569,12.766012975420628
21.853306038999985,106.34208323299981,SAT_10071,19.61583399170962,189.08906620336663,98.90148247045609,169.94391803019374,-65.37386605165057,29.413696833826915,35.0,0.12655240637827306,12.71709244890547
21.853306038999985,106.4420832329998,SAT_10071,19.76543510110335,189.93057244370632,98.92001506011638,169.90213960610959,-65.22426494225684,29.474529620862675,35.0,0.12588285596966234,12.67077210104027
21.853306038999985,106.5420832329998,SAT_10071,19.90635047311511,190.7232214112725,98.9370592287905,169.86258663497338,-65.08334957024508,29.531584920484498,35.0,0.12525281058749368,12.627095045168709
21.853306038999985,106.6420832329998,SAT_10071,20.03847296262333,191.46641041475624,98.95268917141115,169.82532418935645,-64.95122708073686,29.58486261034946,35.0,0.12466264027459036,12.586102861455272
21.853306038999985,106.74208323299979,SAT_10071,20.161699639285757,192.15956047098237,98.96697079960572,169.79041486863247,-64.82800040407443,29.63436257622688,35.0,0.1241126998460077,12.54783541182283
21.853306038999985,106.84208323299978,SAT_10071,20.275932291086605,192.80211913736218,98.97996258187894,169.75791848026813,-64.71376775227358,29.68008471199609,35.0,0.12360332722889456,12.512330656772646
21.853306038999985,106.94208323299978,SAT_10071,20.381077920472748,193.3935633026592,98.99171626504449,169.7278917250115,-64.60862212288744,29.72202891964439,35.0,0.1231348418404431,12.479624475679893
21.953306038999983,102.64208323300002,SAT_10071,20.01592688401874,191.3395887226054,98.95005083047583,169.83169505214934,-64.97377315934145,29.575785959175267,35.0,0.1247633114078416,12.593100754959522
21.953306038999983,102.74208323300002,SAT_10071,20.152148815823708,192.10583708900836,98.9658774983727,169.79312594919662,-64.83755122753648,29.63053261779271,35.0,0.12415530647980477,12.550802589652768
21.953306038999983,102.84208323300001,SAT_10071,20.279458576118884,192.8219544906687,98.98036197790013,169.75691326429842,-64.7102414672413,29.681493591607914,35.0,0.12358760983986804,12.51123418471093
21.953306038999983,102.942083233,SAT_10071,20.397753852538415,193.4873654205286,98.99356337383914,169.72311932939203,-64.59194619082177,29.72866877146854,35.0,0.12306057331994309,12.474435059578328
21.953306038999983,103.042083233,SAT_10071,20.506937457994127,194.10152320121696,99.00553406091518,169.69180342890024,-64.48276258536606,29.772058056340406,35.0,0.12257453049702716,12.440442682309182
21.953306038999983,103.142083233,SAT_10071,20.606917836547183,194.6639128305779,99.01632031204545,169.6630214779162,-64.382782206813,29.811661353305485,35.0,0.12212979505352049,12.40929228714876
21.953306038999983,103.24208323299999,SAT_10071,20.697609553715907,195.17405373965198,99.02596283796856,169.63682570961052,-64.29209048964428,29.847478577560146,35.0,0.12172665919959054,12.381016698394314
21.953306038999983,103.34208323299998,SAT_10071,20.778933766042556,195.63150243398937,99.03449724991609,169.61326437527407,-64.21076627731763,29.879509652413468,35.0,0.1213653921722797,12.355646162284756
21.953306038999983,103.44208323299998,SAT_10071,20.85081866475538,196.035854989249,99.04195445496133,169.5923814604114,-64.13888137860481,29.907754509285752,35.0,0.12104623882586656,12.333208188653307
21.953306038999983,103.54208323299997,SAT_10071,20.913199888475233,196.3867493726732,99.04836099199986,169.5742164202308,-64.07650015488495,29.932213087707208,35.0,0.12076941832756741,12.313727404033783
21.953306038999983,103.64208323299997,SAT_10071,20.966020900110735,196.6838675631229,99.05373931491044,169.5588039377573,-64.02367914324945,29.952885335316758,35.0,0.12053512297199893,12.297225417836913
21.953306038999983,103.74208323299996,SAT_10071,21.00923332339577,196.92693744410118,99.05810802825793,169.54617370758984,-63.98046671996442,29.969771207861015,35.0,0.12034351712691857,12.28372070310867
21.953306038999983,103.84208323299995,SAT_10071,21.042797234903333,197.11573444633123,99.06148207988716,169.53635024807951,-63.946902808456855,29.982870669193442,35.0,0.12019473632162257,12.27322849324916
21.953306038999983,103.94208323299995,SAT_10071,21.066681407854063,197.2500829191791,99.06387291388096,169.52935274438238,-63.923018635506125,29.992183691273635,35.0,0.120088886488029,12.265760695909357
21.953306038999983,104.04208323299994,SAT_10071,21.08086350459132,197.3298572133262,99.06528858658889,169.5251949244759,-63.90883653876887,29.997710254166773,35.0,0.12002604336292405,12.261325825096822
21.953306038999983,104.14208323299994,SAT_10071,21.08533021522247,197.3549824606264,99.0657338477473,169.5238849698089,-63.90436982813772,29.99945034604324,35.0,0.1200062520581323,12.259928952313913
21.953306038999983,104.24208323299993,SAT_10071,21.080077340608362,197.32543504092206,99.06521018808719,169.52542546179995,-63.909622702751825,29.9974039631784,35.0,0.12002952680351724,12.261571677326753
21.953306038999983,104.34208323299993,SAT_10071,21.065109818604313,197.24124272964926,99.063715854243,169.52981336491763,-63.924590224755875,29.9915711099525,35.0,0.12009585086576324,12.266252118924989
21.953306038999983,104.44208323299992,SAT_10071,21.040441693205487,197.10248452428084,99.06124583121563,169.53704004657493,-63.9492583501547,29.981951798850787,35.0,0.12020517664387481,12.273964925786682
21.953306038999983,104.54208323299991,SAT_10071,21.006096027005327,196.90929015190497,99.05779179209149,169.54709133356437,-63.98360401635486,29.96854605046373,35.0,0.12035742594029268,12.284701307313929
21.953306038999983,104.64208323299991,SAT_10071,20.96210475812282,196.66183926444086,99.0533420141587,169.55994760426074,-64.02759528523737,29.95135389348742,35.0,0.12055249040451509,12.298449084059538
21.953306038999983,104.7420832329999,SAT_10102,20.931303359909037,196.48858139948837,99.05014573788627,169.56719646825695,-64.05839668345115,29.938352904119046,35.0,0.12070019169422876,12.308852927619004
21.953306038999983,104.8420832329999,SAT_10102,20.898540790494806,196.30429194653328,99.04679726726032,169.5767489102098,-64.09115925286538,29.925523465294244,35.0,0.12084557030872925,12.319088237641102
21.953306038999983,104.94208323299989,SAT_10102,20.856186924647247,196.06605145114077,99.04244419199097,169.58908147983803,-64.13351311871294,29.908918359468885,35.0,0.12103356160867045,12.332316436735129
21.953306038999983,105.04208323299989,SAT_10102,20.804280400477438,195.7740772526856,99.03707151325652,169.60417046486407,-64.18541964288275,29.88853762222635,35.0,0.12126403426277384,12.348522765982262
21.953306038999983,105.14208323299988,SAT_10102,20.74286816769225,195.42863344326892,99.03066051816826,169.6219870662976,-64.24683187566794,29.864381297242414,35.0,0.12153682855466777,12.367689278058073
21.953306038999983,105.24208323299987,SAT_10102,20.672005206703403,195.03002928770667,99.0231885856612,169.6424975789634,-64.31769483665678,29.83644943628608,35.0,0.12185175726212577,12.389794936717339
21.953306038999983,105.34208323299987,SAT_10102,20.59175420416055,194.5786173984031,99.01462894854825,169.66566359983094,-64.39794583919964,29.804742099220604,35.0,0.12220860667616786,12.414815731913134
21.953306038999983,105.44208323299986,SAT_10102,20.50218518889328,194.0747916875247,99.00495040732531,169.69144226149206,-64.48751485446691,29.76925935400463,35.0,0.12260713774911469,12.44272480923037
21.953306038999983,105.54208323299986,SAT_10102,20.403375132624575,193.51898512101323,98.99411699028153,169.71978648788695,-64.58632491073561,29.730001276693525,35.0,0.12304708735956976,12.473492612182627
21.953306038999983,105.64208323299985,SAT_10102,20.295407520111425,192.9116673006268,98.9820875532584,169.7506452691903,-64.69429252324876,29.686967951440817,35.0,0.12352816968140834,12.50708703581787
21.953306038999983,105.74208323299985,SAT_10102,20.17837189358312,192.25334190140504,98.96881531096813,169.78396395262965,-64.81132814977707,29.640159470499853,35.0,0.1240500776431877,12.543473590004078
21.953306038999983,105.84208323299984,SAT_10102,20.05236337645013,191.54454399253203,98.95424729006805,169.81968454595125,-64.93733666691006,29.589575934225557,35.0,0.12461248446395705,12.58261557072041
21.953306038999983,105.94208323299983,SAT_10102,19.917482181290353,190.78583726975825,98.93832369212326,169.8577460302326,-65.07221786206983,29.53521745107638,35.0,0.12521504525124078,12.624474237662387
21.953306038999983,106.04208323299983,SAT_10102,19.773833107062018,189.97781122722384,98.92097715208487,169.89808467878802,-65.21586693629817,29.477084137616405,35.0,0.12585739864698225,12.669008996479564
21.953306038999983,106.14208323299982,SAT_10102,19.62152503035344,189.1210782957381,98.9021318748496,169.94063437901747,-65.36817501300675,29.41517611851757,35.0,0.12653916850745334,12.71617758399939
21.953306038999983,106.24208323299982,SAT_10071,19.51205718722491,188.50532167814012,98.88836483611423,169.97277149605682,-65.47764285613528,29.371340715724084,35.0,0.127017269112856,12.749194806689678
21.953306038999983,106.34208323299981,SAT_10071,19.670373484513945,189.39585085039093,98.90830204852948,169.92871229426498,-65.31932655884624,29.435905422137242,35.0,0.12630823142510594,12.700211455293388
21.953306038999983,106.4420832329998,SAT_10071,19.820110263683034,190.23812023321707,98.92668276557683,169.88681618022844,-65.16958977967715,29.496695428246998,35.0,0.12563832533840924,12.6538307023573
21.953306038999983,106.5420832329998,SAT_10071,19.961156115047913,191.03150314714452,98.94358921840784,169.8471507371098,-65.02854392831227,29.55371060365191,35.0,0.12500793623056475,12.610095858623797
21.953306038999983,106.6420832329998,SAT_10071,20.093403347004994,191.7753938269031,98.9590945273632,169.80978138891868,-64.8962966963552,29.606950826061606,35.0,0.12441743589213633,12.569048697605986
21.953306038999983,106.74208323299979,SAT_10071,20.216748496014304,192.46921029008047,98.97326366223444,169.77477107850748,-64.77295154734588,29.656415981294455,35.0,0.12386718083168764,12.530729269301174
21.953306038999983,106.84208323299978,SAT_10071,20.331092833885734,193.11239719060725,98.98615426635709,169.74217994637792,-64.65860720947445,29.702105963275336,35.0,0.12335751060537258,12.49517571576649
22.053306038999985,102.54208323300003,SAT_10071,19.953284305052918,190.98722421592268,98.94266195522408,169.8493696374283,-65.03641573830727,29.55053489111236,35.0,0.1250431021106839,12.612537889880636
22.053306038999985,102.64208323300002,SAT_10071,20.016649475647455,191.34365330051693,98.95014100502078,169.83149094689438,-64.97305056771273,29.576076957193138,35.0,0.12476008469629209,12.592876493315197
22.053306038999985,102.74208323300002,SAT_10071,20.152778141615755,192.10937704658863,98.96595341838932,169.79294733778573,-64.83692190174443,29.63078501672671,35.0,0.12415249894164172,12.550607081743767
22.053306038999985,102.84208323300001,SAT_10071,20.280000410339184,192.82500230815793,98.9804250601654,169.75675879598322,-64.709699633021,29.68171006070285,35.0,0.12358519480668628,12.51106570293395
22.053306038999985,102.942083233,SAT_10071,20.398214100661164,193.48995431621907,98.99361492787476,169.7229875737796,-64.59148594269902,29.728851980013765,35.0,0.12305852366925472,12.474291825263938
22.053306038999985,103.042083233,SAT_10071,20.50732215182073,194.10368710399163,99.00557530289227,169.6916928787673,-64.48237789153946,29.772210673666457,35.0,0.12257281867034901,12.440322867768257
22.053306038999985,103.142083233,SAT_10071,20.60723312837598,194.66568634711493,99.01635237702867,169.6629305526235,-64.3824669149842,29.8117860487808,35.0,0.1221283930775899,12.40919401806392
22.053306038999985,103.24208323299999,SAT_10071,20.697861709575278,195.17547211636094,99.02598679076132,169.63675275911135,-64.29183833378491,29.84757802058771,35.0,0.12172553871064044,12.380938056550642
22.053306038999985,103.34208323299998,SAT_10071,20.779129158010136,195.632601513807,99.03451409472781,169.61320768470495,-64.21057088535005,29.87958651242752,35.0,0.12136452444326713,12.355585188629364
22.053306038999985,103.44208323299998,SAT_10071,20.850963762401747,196.03667116350985,99.04196514408497,169.5923392552411,-64.13873628095844,29.907811455748462,35.0,0.12104559479651202,12.333162886669307
22.053306038999985,103.54208323299997,SAT_10071,20.913301249478934,196.38731952831904,99.04836643366086,169.57418687194007,-64.07639879388125,29.932252790105373,35.0,0.1207689686370257,12.31369574340952
22.053306038999985,103.64208323299997,SAT_10071,20.966085160111163,196.6842290256253,99.05374038042714,169.55878517000625,-64.02361488324902,29.952910463158496,35.0,0.12053483799394717,12.297205338407334
22.053306038999985,103.74208323299996,SAT_10071,21.00926718515575,196.9271279165011,99.05810555863577,169.54616380282857,-63.98043285820444,29.96978443067246,35.0,0.120343367006813,12.283710119041517
22.053306038999985,103.84208323299995,SAT_10071,21.042807456867592,197.11579194488021,99.0614768919548,169.53634725454717,-63.946892586492595,29.982874656515435,35.0,0.12019469101584554,12.273225297445016
22.053306038999985,103.94208323299995,SAT_10071,21.066674792200388,197.2500457061272,99.06386580606615,169.52935468343242,-63.9230252511598,29.99218111265843,35.0,0.12008891580461935,12.265762764581192
22.053306038999985,104.04208323299994,SAT_10071,21.080846884877573,197.32976372743633,99.0652803444227,169.52519979816196,-63.908853158482614,29.997703779174742,35.0,0.12002611700356122,12.261331022491834
22.053306038999985,104.14208323299994,SAT_10071,21.08531044374299,197.35487124605433,99.06572524917976,169.5238907686575,-63.9043895996172,29.99944264423957,35.0,0.12000633966102518,12.259935135538228
22.053306038999985,104.24208323299993,SAT_10071,21.080061275574522,197.3253446751067,99.06520200869238,169.5254301726968,-63.909638767785665,29.997397704129785,35.0,0.12002959798683552,12.261576701231824
22.053306038999985,104.34208323299993,SAT_10071,21.06510431127004,197.24121175089397,99.06370887238974,169.52981497902925,-63.92459573209015,29.99156896322386,35.0,0.12009587527124042,12.266253841013507
22.053306038999985,104.44208323299992,SAT_10071,21.040453575056958,197.1025513596954,99.06124083327859,169.53703656722945,-63.94924646830323,29.981956434001955,35.0,0.12020512398020926,12.27396121109553
22.053306038999985,104.54208323299991,SAT_10102,21.01371784964782,196.952162904269,99.05849119365952,169.54311828683632,-63.97598219371237,29.970566194891557,35.0,0.12033464895818428,12.283095452809425
22.053306038999985,104.64208323299991,SAT_10102,21.00020919156973,196.87617670257973,99.05712942239391,169.54706977700346,-63.98949085179046,29.965291893131127,35.0,0.12039454995227145,12.28731841796585
22.053306038999985,104.7420832329999,SAT_10102,20.97705052286517,196.7459091911166,99.05478851653265,169.5538396558358,-64.01264952049502,29.956244544845138,35.0,0.12049725587341653,12.294557153630945
22.053306038999985,104.8420832329999,SAT_10102,20.944263302327357,196.5614810755914,99.05146056982888,169.5634147412861,-64.04543674103283,29.943424169425803,35.0,0.1206426939053396,12.304803475267207
22.053306038999985,104.94208323299989,SAT_10102,20.901877756396956,196.32306237973287,99.04713427029395,169.57577647080538,-64.08782228696323,29.926830794353073,35.0,0.12083076142806548,12.31804584908285
22.053306038999985,105.04208323299989,SAT_10102,20.849932694174655,196.03087140473244,99.04179478560103,169.5909010204463,-64.13976734918553,29.906464455195138,35.0,0.12106132659337833,12.334269457340987
22.053306038999985,105.14208323299988,SAT_10102,20.788475272045716,195.68517340525716,99.03542361144576,169.608759456312,-64.20122477131447,29.88232519560915,35.0,0.12133422905865948,12.353456281552987
22.053306038999985,105.24208323299987,SAT_10102,20.71756071091741,195.28627899891043,99.02799838017884,169.62931791634742,-64.27213933244278,29.854413067342033,35.0,0.12164928087096417,12.375585202566425
22.053306038999985,105.34208323299987,SAT_10102,20.6372519696163,194.8345423290917,99.01949262625672,169.65253782010834,-64.35244807374389,29.822728130231503,35.0,0.12200626749167595,12.400632116375373
22.053306038999985,105.44208323299986,SAT_10102,20.547619378455877,194.33035900381432,99.00987550418027,169.67837610383842,-64.44208066490431,29.78727045220721,35.0,0.12240494895074473,12.428570064322352
22.053306038999985,105.54208323299986,SAT_10102,20.448740237379056,193.7741638352572,98.99911145357986,169.70678547792588,-64.54095980598113,29.74804010929205,35.0,0.122845061118391,12.459369376228913
22.053306038999985,105.64208323299985,SAT_10102,20.340698383375667,193.16642840648814,98.98715980491902,169.73771470361882,-64.64900165998452,29.705037185603622,35.0,0.12332631708126003,12.492997824888063
22.053306038999985,105.74208323299985,SAT_10102,20.223583732075426,192.50765849292426,98.97397431788458,169.7711088857546,-64.76611631128476,29.658261773355882,35.0,0.1238484086093394,12.529420790276724
22.053306038999985,105.84208323299984,SAT_10102,20.097491798541796,191.7983913667976,98.95950264285528,169.8069097781786,-64.89220824481839,29.607713972860882,35.0,0.1244110076995188,12.568601431801142
22.053306038999985,105.94208323299983,SAT_10102,19.962523202306215,191.03919301297245,98.9436856938194,169.84505609853218,-65.02717684105397,29.55339389253072,35.0,0.12501376818146664,12.610500866871043
22.053306038999985,106.04208323299983,SAT_10102,19.81878316163251,190.2306552841829,98.92645691866404,169.88548384912684,-65.17091688172768,29.495301648879643,35.0,0.125656327371514,12.655078354108964
22.053306038999985,106.14208323299982,SAT_10102,19.666380981855923,189.37339302293955,98.90774144976511,169.9281266407331,-65.32331906150426,29.433437366526274,35.0,0.12633830776046073,12.702291479536987
22.053306038999985,106.24208323299982,SAT_10071,19.555759243154142,188.75114574274207,98.89393279501664,169.9606335657451,-65.43394080020605,29.389193187103277,35.0,0.12682146806127412,12.735678953502953
22.053306038999985,106.34208323299981,SAT_10071,19.714166511873046,189.64218662928587,98.91373418238109,169.91648173216063,-65.27553353148714,29.45371228202957,35.0,0.12611223474414854,12.686651846611927
22.053306038999985,106.4420832329998,SAT_10071,19.863991636448105,190.48495295502062,98.93199156496314,169.87449665626372,-65.12570840691208,29.514459343476474,35.0,0.12544213606082663,12.640228958064007
22.053306038999985,106.5420832329998,SAT_10071,20.005122787834765,191.27881568157056,98.94878617848123,169.83474619159355,-64.98457725552542,29.571434241098302,35.0,0.12481155873091503,12.596453746299252
22.053306038999985,106.6420832329998,SAT_10071,20.137451862261912,192.02316672522323,98.96419027105115,169.7972960283795,-64.85224818109828,29.624636852656938,35.0,0.12422087585351138,12.555368129522202
22.153306038999986,102.44208323300003,SAT_10071,20.083054403195206,191.71718101797305,98.95790192977493,169.81271195683362,-64.90664564016498,29.60279217952462,35.0,0.12446362540752577,12.572262237448452
22.153306038999986,102.54208323300003,SAT_10071,19.943141533017666,190.93017112322437,98.94146392507658,169.85222777385047,-65.04655851034252,29.546441904478666,35.0,0.1250884159526171,12.615684225018102
22.153306038999986,102.64208323300002,SAT_10071,20.006442511519026,191.28623912729455,98.94894686029961,169.83437355585346,-64.98325753184116,29.57196588052921,35.0,0.12480566510945319,12.59604419140746
22.153306038999986,102.74208323300002,SAT_10071,20.142432589812728,192.0511833176966,98.9647674550859,169.7958830491292,-64.84726745354746,29.626635193500757,35.0,0.12419865394055653,12.553820943978467
22.153306038999986,102.84208323300001,SAT_10071,20.269524483601117,192.7660752202563,98.97924654334916,169.75974479528384,-64.72017555975907,29.67752417036024,35.0,0.1236318891796318,12.514323045655852
22.153306038999986,102.942083233,SAT_10071,20.387616277934697,193.43034156338268,98.99244316204636,169.7260208808676,-64.60208376542549,29.724632702044122,35.0,0.12310572131664074,12.477589865285378
22.153306038999986,103.042083233,SAT_10071,20.496611168392292,194.04343782220664,99.00440962780861,169.69477035359222,-64.4930888749679,29.76796068760039,35.0,0.1226204826410678,12.443658726335006
22.153306038999986,103.142083233,SAT_10071,20.596417964073623,194.60485104791414,99.01519216387183,169.6660489023655,-64.39328207928656,29.80750803418657,35.0,0.12217648561126176,12.412564725496365
22.153306038999986,103.24208323299999,SAT_10071,20.686951575064825,195.11410260973966,99.02483143859982,169.63990854652835,-64.30274846829536,29.84327465706794,35.0,0.12177402128563451,12.384340557549324
22.153306038999986,103.34208323299998,SAT_10071,20.76813347923131,195.57075082067612,99.03336302722538,169.6163973376889,-64.22156656412888,29.875260479615903,35.0,0.12141335783030638,12.359016348225566
22.153306038999986,103.44208323299998,SAT_10071,20.839892163219133,195.97439341810764,99.04081780641846,169.59555907753742,-64.14980788014105,29.903465433306472,35.0,0.12109473911760042,12.33661949679251
22.153306038999986,103.54208323299997,SAT_10071,20.90216353264985,196.3246698711554,99.04722228961374,169.5774330549649,-64.08753651071034,29.927889457718962,35.0,0.12081838342936393,12.317174530035029
22.153306038999986,103.64208323299997,SAT_10071,20.95489128669479,196.6212634876582,99.05259890962908,169.5620538056831,-64.0348087566654,29.948532500534807,35.0,0.12058448227843514,12.300702969238676
22.153306038999986,103.74208323299996,SAT_10071,20.998027252517808,196.86390329541268,99.05696625392257,169.54945089734383,-63.99167279084238,29.96539451753656,35.0,0.12039319936067201,12.28722321167444
22.153306038999986,103.84208323299995,SAT_10071,21.03153167545412,197.05236567442944,99.0603392568256,169.53964874291202,-63.95816836790607,29.978475472607013,35.0,0.12024466964883286,12.276750427952232
22.153306038999986,103.94208323299995,SAT_10071,21.055373461274925,197.18647571967145,99.06272935221713,169.53266644472507,-63.93432658208526,29.987775337728518,35.0,0.12013899863825464,12.26929647645046
22.153306038999986,104.04208323299994,SAT_10071,21.06953036743807,197.26610831683914,99.06414458933851,169.5285176713075,-63.92016967592212,29.993294092982445,35.0,0.12007626175273857,12.26486983584432
22.153306038999986,104.14208323299994,SAT_10071,21.073989140841775,197.291188917235,99.06458971376463,169.5272105686004,-63.91571090251841,29.995031726548774,35.0,0.12005650391734754,12.263475556549443
22.153306038999986,104.24208323299993,SAT_10071,21.068745600281687,197.2616940015845,99.06406621492502,169.52874770680737,-63.9209544430785,29.99298823470588,35.0,0.12007973930298196,12.265115231674026
22.153306038999986,104.34208323299993,SAT_10071,21.053804662524065,197.17765122669786,99.06257234098516,169.5331260635843,-63.93589538083612,29.987163621830472,35.0,0.12014595124566009,12.269786987836644
22.153306038999986,104.44208323299992,SAT_10102,21.052112602501396,197.16813338907036,99.06234056730409,169.53187692270208,-63.93758744085879,29.985544518062337,35.0,0.12016442977390532,12.271090606445146
22.153306038999986,104.54208323299991,SAT_10102,21.048264979516176,197.1464905097785,99.06195520337792,169.53300413272135,-63.94143506384401,29.984044339483027,35.0,0.12018148558446659,12.272293785021237
22.153306038999986,104.64208323299991,SAT_10102,21.03475094182801,197.07047404778254,99.06059995342696,169.5369620267614,-63.95494910153218,29.97877378060704,35.0,0.12024139478525837,12.276519460592574
22.153306038999986,104.7420832329999,SAT_10102,21.011583086323114,196.9401548605675,99.05827027725171,169.54374286345427,-63.978116957037074,29.969732852734435,35.0,0.12034411466183409,12.28376283165541
22.153306038999986,104.8420832329999,SAT_10102,20.978782936519423,196.75565401792176,99.05495833752256,169.55333341814588,-64.01091710684076,29.956921575249208,35.0,0.12048957220595945,12.294015691738133
22.153306038999986,104.94208323299989,SAT_10102,20.936380809742147,196.5171420547996,99.05065292110132,169.5657150684773,-64.05331923361804,29.940339975619636,35.0,0.12067766452774521,12.30726647623264
22.153306038999986,105.04208323299989,SAT_10102,20.884415631289883,196.2248379260056,99.0453393257112,169.58086391406337,-64.1052844120703,29.91998808939884,35.0,0.1209082594332269,12.323500327972551
22.153306038999986,105.14208323299988,SAT_10102,20.82293469798921,195.8790076761893,99.03899920998495,169.5987509286684,-64.16676534537098,29.895865960225432,35.0,0.12118119616089423,12.342699180767115
22.153306038999986,105.24208323299987,SAT_10102,20.751993394160465,195.47996284215262,99.03161040424656,169.61934214285964,-64.23770664919972,29.867973639824392,35.0,0.121496286268984,12.364841859895492
22.153306038999986,105.34208323299987,SAT_10102,20.671654863553442,195.02805860748813,99.02314667862225,169.64259885476824,-64.31804517980675,29.836311188008025,35.0,0.12185331466382386,12.389904198382705
22.153306038999986,105.44208323299986,SAT_10102,20.58198964129967,194.52369173231065,99.01357746421773,169.66847786626047,-64.40771040206052,29.80087867267715,35.0,0.12225204075817644,12.417859167719028
22.153306038999986,105.54208323299986,SAT_10102,20.483075250303074,193.96729828295477,99.00286752209959,169.69693174158024,-64.50662479305711,29.76167616982238,35.0,0.12269219974740603,12.448677021551848
22.153306038999986,105.64208323299985,SAT_10102,20.374995766798946,193.35935118824406,98.99097655365394,169.7279090853217,-64.61470427656124,29.71870376352559,35.0,0.12317350399038465,12.48232545077474
22.153306038999986,105.74208323299985,SAT_10102,20.25784136001289,192.7003576500725,98.9778587445139,169.76135483646408,-64.7318586833473,29.671961545961548,35.0,0.12369564448138619,12.518769748363384
22.153306038999986,105.84208323299984,SAT_10102,20.131707810966418,191.99085643668613,98.96346223259867,169.79721057513223,-64.85799223239377,29.621449617399673,35.0,0.12425829239877892,12.557972982262443
22.153306038999986,105.94208323299983,SAT_10102,19.996696015502778,191.23141508720312,98.94772848882299,169.8354148387365,-64.99300402785741,29.567168086205974,35.0,0.12486110071612506,12.599896174610759
22.153306038999986,106.04208323299983,SAT_10102,19.85291147654351,190.42262705555726,98.93059159662772,169.8759034441974,-65.13678856681668,29.509117068845143,35.0,0.1255037058613135,12.644498485603098
22.153306038999986,106.14208323299982,SAT_10102,19.70046379044939,189.56510882127782,98.9119774135465,169.91860981306107,-65.2892362529108,29.447296689882773,35.0,0.12618572940957912,12.691737400322921
22.153306038999986,106.24208323299982,SAT_10071,19.58872324320187,188.93656824301053,98.89810767516505,169.9514658124259,-65.40097680015832,29.402644068357766,35.0,0.1266738158674889,12.72548124022269
22.153306038999986,106.34208323299981,SAT_10071,19.747171455841794,189.8278394391101,98.91780366960863,169.90725171234828,-65.2425285875184,29.467117377983907,35.0,0.12596455934012027,12.676429693813906
22.153306038999986,106.4420832329998,SAT_10071,19.897036929211566,190.67083272681504,98.93596535862206,169.86520683477292,-65.09266311414862,29.52782133112012,35.0,0.12529443327093343,12.629983177224892
22.153306038999986,106.5420832329998,SAT_10071,20.038207554314525,191.4649174930192,98.95267320366575,169.82539921525256,-64.95149248904566,29.584755797476152,35.0,0.12466382526398327,12.586185246005273
22.153306038999986,106.6420832329998,SAT_10071,20.1705749521862,192.20948410604737,98.96799877448905,169.78789472324866,-64.81912509117399,29.637920654865866,35.0,0.12407310928041049,12.545077913510788
22.253306038999984,102.24208323300005,SAT_10071,20.31464761594536,193.0198928396927,98.98431947482875,169.74687532425963,-64.67505242741483,29.695544576679755,35.0,0.12343078666518988,12.500290893169748
22.253306038999984,102.34208323300004,SAT_10071,20.192708405386725,192.3339847803003,98.97053313482283,169.78160650982318,-64.79699163797346,29.646789694986396,35.0,0.12397438830983241,12.538200434826845
22.253306038999984,102.44208323300003,SAT_10071,20.061824676568378,191.59776380569716,98.955436155127,169.8187203713891,-64.92787536679181,29.594257105278444,35.0,0.12455838869563399,12.578853711985511
22.253306038999984,102.54208323300003,SAT_10071,19.922100046883244,190.81181276371825,98.93896608538527,169.85815382990523,-65.06759999647694,29.537946920181554,35.0,0.12518243111533817,12.622210655637922
22.253306038999984,102.64208323300002,SAT_10071,19.985316055836236,191.1674028140788,98.9464636613419,169.84033673091017,-65.00438398752395,29.563452737382132,35.0,0.12490001817621524,12.602599975819702
22.253306038999984,102.74208323300002,SAT_10071,20.12112249308899,191.9313140236256,98.96231496727744,169.8019267660269,-64.8685775502712,29.61808315639008,35.0,0.12429373612956193,12.56044020450482
22.253306038999984,102.84208323300001,SAT_10071,20.248041385497473,192.6452327934233,98.97682187133428,169.76586478301957,-64.74165865786271,29.668935928926565,35.0,0.12372765677586951,12.52100214699385
22.253306038999984,102.942083233,SAT_10071,20.36597121801961,193.30858810136033,98.99004359713915,169.73221261744243,-64.62372882534058,29.716010945972066,35.0,0.12320212928732048,12.4843250245829
22.253306038999984,103.042083233,SAT_10071,20.47481557131222,193.92083758863123,99.00203262566785,169.70102907490792,-64.51488447204797,29.7593081066153,35.0,0.12271748469013011,12.450446019065208
22.253306038999984,103.142083233,SAT_10071,20.574483621827937,194.48147037278213,99.01283532453289,169.67236961300722,-64.41521642153225,29.798827318051245,35.0,0.12227403424251602,12.419400092333774
22.253306038999984,103.24208323299999,SAT_10071,20.664890626414987,194.99000977358432,99.02249248849638,169.64628603241889,-64.3248094169452,29.834568495579354,35.0,0.1218720678743536,12.391219812231318
22.253306038999984,103.34208323299998,SAT_10071,20.745958386319415,195.4460159230467,99.03103980289053,169.622826180569,-64.24374165704077,29.866531562601907,35.0,0.12151185270300192,12.365935186370676
22.253306038999984,103.44208323299998,SAT_10071,20.81761568550573,195.84908823096973,99.03850823959834,169.6020336712033,-64.17208435785446,29.894716450622532,35.0,0.1211936316395976,12.343573505634094
22.253306038999984,103.54208323299997,SAT_10071,20.87979869832131,196.19886767805738,99.04492439356487,169.58394762316826,-64.10990134503888,29.919123099244896,35.0,0.12091762209969027,12.324159199015833
22.253306038999984,103.64208323299997,SAT_10071,20.93245136173357,196.49503890975132,99.05031076640014,169.56860242156736,-64.05724868162662,29.939751456171503,35.0,0.12068401483143576,12.30771370139932
22.253306038999984,103.74208323299996,SAT_10071,20.975525707659415,196.73733210558424,99.05468600244586,169.55602750427312,-64.01417433570077,29.956601477202714,35.0,0.1204929728736681,12.294255335756693
22.253306038999984,103.84208323299995,SAT_10071,21.008982151297673,196.92552460104943,99.05806508166334,169.5462471765163,-63.980717892062515,29.969673126235868,35.0,0.12034463065505129,12.283799211127054
22.253306038999984,103.94208323299995,SAT_10071,21.032789731838157,197.05944224158966,99.06045947282293,169.53928045597178,-63.95691031152203,29.978966375264605,35.0,0.12023909324417732,12.276357137570683
22.253306038999984,104.04208323299994,SAT_10071,21.046926302475732,197.138960451426,99.06187724970677,169.53514095039026,-63.942773740884455,29.9844812043783,35.0,0.1201764357589531,12.27193755911354
22.253306038999984,104.14208323299994,SAT_10071,21.051378667272175,197.16400500340598,99.06232317234999,169.53383676941613,-63.93832137608801,29.9862176017617,35.0,0.12015670294192632,12.270545505491654
22.253306038999984,104.24208323299993,SAT_10102,21.054084619762428,197.17922598616366,99.06253167784273,169.53129913575663,-63.93561542359776,29.986313330772767,35.0,0.12015568837394851,12.270473930239946
22.253306038999984,104.34208323299993,SAT_10102,21.06957211679066,197.26634315694747,99.06408004189069,169.52676000892384,-63.92012792656953,29.992349608363284,35.0,0.1200870411817405,12.265630484827225
22.253306038999984,104.44208323299992,SAT_10102,21.075394707182184,197.29909522789978,99.0646612440345,169.52505286177131,-63.914305336178,29.99461819499737,35.0,0.12006123506332246,12.26380943434074
22.253306038999984,104.54208323299991,SAT_10102,21.071546947547247,197.2774515799533,99.0642772222732,169.5261810402691,-63.91815309581294,29.99311908580979,35.0,0.12007828846913751,12.265012852884489
22.253306038999984,104.64208323299991,SAT_10102,21.058032435704668,197.20143245083878,99.06292669638715,169.53014233286908,-63.93166760765552,29.987852284015553,35.0,0.12013818920455376,12.269239369597452
22.253306038999984,104.7420832329999,SAT_10102,21.034863788317438,197.0711088092856,99.06060515519194,169.5369289849231,-63.95483625504275,29.978817800909948,35.0,0.12024089449910977,12.276484176530493
22.253306038999984,104.8420832329999,SAT_10102,21.002062562624403,196.88660191476225,99.05730481153002,169.5465277491371,-63.987637480735785,29.966015655868787,35.0,0.12038633124896034,12.286739056218497
22.253306038999984,104.94208323299989,SAT_10102,20.959659123297087,196.64808256854613,99.05301452423527,169.55891997137255,-64.0300409200631,29.949445876348765,35.0,0.12057439642975148,12.299992428609572
22.253306038999984,105.04208323299989,SAT_10102,20.907692456163247,196.35577006591828,99.04771968573374,169.57408171063005,-64.08200758719694,29.929108497887984,35.0,0.12080495767523532,12.31622941677963
22.253306038999984,105.14208323299988,SAT_10102,20.84620993120221,196.00993086301244,99.04140207333259,169.59198389161065,-64.14349011215798,29.905003564106647,35.0,0.12107785401510947,12.335431930638865
22.253306038999984,105.24208323299987,SAT_10102,20.7752670178417,195.6108769753596,99.03403966158047,169.61259248783065,-64.21443302551849,29.877131126707887,35.0,0.12139289676387385,12.357578767631853
22.253306038999984,105.34208323299987,SAT_10102,20.694926956131383,195.15896412823903,99.02560639233431,169.63586873290745,-64.2947730872288,29.84549124547876,35.0,0.12174987055096644,12.38264572924916
22.253306038999984,105.44208323299986,SAT_10102,20.605260387847622,194.6545896816429,99.01607189831576,169.6617693573144,-64.38443965551257,29.810083988291403,35.0,0.12214853448110002,12.410605752008472
22.253306038999984,105.54208323299986,SAT_10102,20.50634495196782,194.09819035481897,99.00540117495541,169.69024684765398,-64.48335509139237,29.770909431104325,35.0,0.1225886234125899,12.441429051430124
22.253306038999984,105.64208323299985,SAT_10102,20.39826484925881,193.4902397770808,98.99355419417122,169.72124972529727,-64.59143519410138,29.72796765796387,35.0,0.12306984934055877,12.47508327742743
22.253306038999984,105.74208323299985,SAT_10102,20.28111038092156,192.83124589268377,98.98048545236304,169.75472284111618,-64.70858966243863,29.681258761005843,35.0,0.12359190287123244,12.511533679457054
22.253306038999984,105.84208323299984,SAT_10102,20.15497746636082,192.1217482482796,98.96614344327804,169.79060768295454,-64.83472257699937,29.630782840457268,35.0,0.12415445477310419,12.550743279728996
22.253306038999984,105.94208323299983,SAT_10102,20.019967145159654,191.36231519152307,98.95047004444167,169.82884269248896,-64.96973289820053,29.576540004638314,35.0,0.12475715759054305,12.59267305275934
22.253306038999984,106.04208323299983,SAT_10102,19.876185068290113,190.55354100913192,98.933399803475,169.86936358816936,-65.11351497507007,29.518530369964385,35.0,0.12539964730544018,12.637282109559658
22.253306038999984,106.14208323299982,SAT_10102,19.723740983440507,189.69604303185287,98.91485910772016,169.91210369104164,-65.26595905991968,29.45675406094835,35.0,0.12608154503271668,12.684527884793678
22.253306038999984,106.24208323299982,SAT_10071,19.61091811214692,189.06141438082645,98.90090873469065,169.9452871679565,-65.37878193121327,29.41169333265487,35.0,0.1265744193908355,12.718613676520786
22.253306038999984,106.34208323299981,SAT_10071,19.769356738724454,189.95263165532506,98.92052901111833,169.9010414903304,-65.22034330463573,29.476120683261588,35.0,0.1258653136607143,12.669557183906194
22.253306038999984,106.4420832329998,SAT_10071,19.919214078383135,190.79557919090516,98.9386219672758,169.8589662845588,-65.07048596497705,29.536781364527766,35.0,0.12519532694593788,12.6231057180001
22.253306038999984,106.5420832329998,SAT_10071,20.06037788347551,191.58962559454974,98.95526750401903,169.81912967858307,-64.92932215988468,29.593675246218286,35.0,0.1245648472725141,12.57930288024738
22.253306038999984,106.6420832329998,SAT_10071,20.192739638709,192.33416046773814,98.97053670011438,169.7815976328462,-64.79696040465119,29.646802206198693,35.0,0.12397424901203984,12.538190728991635
22.353306038999982,102.24208323300005,SAT_10071,20.282065325940764,192.83661745841678,98.98066364916906,169.7561700944607,-64.70763471741942,29.68253498571961,35.0,0.12357599126615004,12.510423617412167
22.353306038999982,102.34208323300004,SAT_10071,20.160333836668272,192.15187783125904,98.96683156413557,169.79080261869103,-64.82936620669192,29.63381494616671,35.0,0.12411879257339031,12.548259741594197
22.353306038999982,102.44208323300003,SAT_10071,20.029671173184738,191.41690034916417,98.95168394973062,169.8278119164017,-64.96002887017545,29.58131989845448,35.0,0.12470193949641889,12.588834912731793
22.353306038999982,102.54208323300003,SAT_10071,19.890180413820758,190.63226482774178,98.93515800000101,169.8671352479069,-65.09951962953943,29.525049955163365,35.0,0.1253250770981669,12.632109259697733
22.353306038999982,102.64208323300002,SAT_10071,19.953290881943403,190.98726121093162,98.94268109637609,169.84936778379407,-65.03640916141678,29.55053754472979,35.0,0.1250430727288143,12.612535849623702
22.353306038999982,102.74208323300002,SAT_10071,20.088869075303364,191.74988854858142,98.95858590301225,169.8110655146472,-64.90083096805682,29.605128922448685,35.0,0.12443767288646052,12.570456702971855
22.353306038999982,102.84208323300001,SAT_10071,20.215572770490994,192.46259683401186,98.97314122625478,169.77510551214291,-64.7741272728692,29.655945353526672,35.0,0.12387242358713985,12.531094690665817
22.353306038999982,102.942083233,SAT_10071,20.333300983981488,193.1248180348959,98.9864066255915,169.74154927695648,-64.6563990593787,29.702986728988012,35.0,0.12334767226142809,12.494488839148804
22.353306038999982,103.042083233,SAT_10071,20.441957808203213,193.73601267114304,98.99843487712329,169.7104552917246,-64.54774223515697,29.746252947961914,35.0,0.12286374826643902,12.460676143127857
22.353306038999982,103.142083233,SAT_10071,20.54145290779067,194.29567260632254,99.00927260725392,169.6818787054781,-64.44824713556952,29.78574391768059,35.0,0.12242096127510045,12.42969138649689
22.353306038999982,103.24208323299999,SAT_10071,20.63170200038458,194.80332375216327,99.018960836919,169.65587102723993,-64.35799804297561,29.821459553477467,35.0,0.12201959972689311,12.401566969486261
22.353306038999982,103.34208323299998,SAT_10071,20.712627316928362,195.25852865772205,99.02753544813952,169.6324798321177,-64.27707272643183,29.853399778785537,35.0,0.1216599293544005,12.376332743745259
22.353306038999982,103.44208323299998,SAT_10071,20.78415803643422,195.6608889549425,99.0350275826385,169.61174848321338,-64.20554200692597,29.881564525135893,35.0,0.12134219179982796,12.354015857048658
22.353306038999982,103.54208323299997,SAT_10071,20.846230690290525,196.01004763288424,99.04146398055987,169.5937158726159,-64.14346935306966,29.905953732156398,35.0,0.12106660333522783,12.334640609274949
22.353306038999982,103.64208323299997,SAT_10071,20.89878953139774,196.30569111411228,99.04686726590735,169.5784161846029,-64.09091051196245,29.926567347570515,35.0,0.12083335369951279,12.31822832123054
22.353306038999982,103.74208323299996,SAT_10071,20.94178686369858,196.54755110830453,99.05125618412126,169.5658786840012,-64.0479131796616,29.94340532719631,35.0,0.12064260506445285,12.304797217792247
22.353306038999982,103.84208323299995,SAT_10071,20.975183328057568,196.73540622032382,99.0546457961871,169.55612753239797,-64.01451671530262,29.95646763494559,35.0,0.12049449114073961,12.294362326709507
22.353306038999982,103.94208323299995,SAT_10071,20.9989481409076,196.86908329260527,99.0570476327861,169.5491816345912,-63.99075190245259,29.965754242823202,35.0,0.12038911643388119,12.286935394250705
22.353306038999982,104.04208323299994,SAT_10071,21.01305928262756,196.94845846478003,99.0584698112215,169.5450545173044,-63.97664076073263,29.9712651309265,35.0,0.12032655565818096,12.282524818696537
22.353306038999982,104.14208323299994,SAT_10102,21.040952211751417,197.10535619110172,99.0612098097251,169.53514607826628,-63.94874783160877,29.981192598471043,35.0,0.12021390311944233,12.274580448694087
22.353306038999982,104.24208323299993,SAT_10102,21.066081851245315,197.24671041325487,99.06372497928999,169.52778316449144,-63.92361819211487,29.990989533985985,35.0,0.12010251082357139,12.266722050785843
22.353306038999982,104.34208323299993,SAT_10102,21.081564230877206,197.33379879868426,99.06526995215394,169.52324361231487,-63.90813581248298,29.99702148932476,35.0,0.12003389255712138,12.261879796935757
22.353306038999982,104.44208323299992,SAT_10102,21.087384898248644,197.36654005264865,99.06584988270858,169.52153630507695,-63.902315145111544,29.999288451547244,35.0,0.1200080973098691,12.260059194271971
22.353306038999982,104.54208323299991,SAT_10102,21.083538409354446,197.34490355261877,99.06546670105108,169.52266458937518,-63.90616163400574,29.997790415790252,35.0,0.12002514353187976,12.261262316888931
22.353306038999982,104.64208323299991,SAT_10102,21.07002836242033,197.26890953861437,99.06411913218118,169.5266262532466,-63.91967168093986,29.992527385267437,35.0,0.12008501902877146,12.265487793931918
22.353306038999982,104.7420832329999,SAT_10102,21.04686737553272,197.13862898737156,99.06180268332282,169.53341354059165,-63.94283266782747,29.98349937126935,35.0,0.12018768103095259,12.272730817474208
22.353306038999982,104.8420832329999,SAT_10102,21.0140770083554,196.95418317199912,99.05850959915627,169.54301320164222,-63.97562303500479,29.970706393163663,35.0,0.12033305643604034,12.282983170090192
22.353306038999982,104.94208323299989,SAT_10102,20.971687628961803,196.71574291291014,99.05422878420066,169.55540657878598,-64.01801241439838,29.95414847839555,35.0,0.12052104222168905,12.296233271786278
22.353306038999982,105.04208323299989,SAT_10102,20.919738227521663,196.42352752980935,99.04894569102018,169.5705697265849,-64.06996181583852,29.933825662488186,35.0,0.12075150602413866,12.312466245717687
22.353306038999982,105.14208323299988,SAT_10102,20.8582761792525,196.07780350829532,99.04264217231956,169.58847356437752,-64.13142386410769,29.909737989043457,35.0,0.12102428687596857,12.331664001897654
22.353306038999982,105.24208323299987,SAT_10102,20.787356959662404,195.67888289810102,99.0352962943313,169.6090840594451,-64.20234308369778,29.881885509742776,35.0,0.12133919609484946,12.353805337900592
22.353306038999982,105.34208323299987,SAT_10102,20.707043815663553,195.2271214631075,99.0268821081538,169.63236243835422,-64.28265622769663,29.850268284348083,35.0,0.12169601831355539,12.37886605537695
22.353306038999982,105.44208323299986,SAT_10102,20.617407396609636,194.72291660592919,99.01736937485452,169.65826542377582,-64.37229264675055,29.814886380702994,35.0,0.12209451264015742,12.406819091037582
22.353306038999982,105.54208323299986,SAT_10102,20.51852534969923,194.16670509205818,99.00672323917544,169.68674549382644,-64.47117469366096,29.77573987473409,35.0,0.12253441393619026,12.437634660632419
22.353306038999982,105.64208323299985,SAT_10102,20.410481884486273,193.5589606002353,98.9949038455342,169.71775116078308,-64.57921815887391,29.732828850452382,35.0,0.1230154341996776,12.471280414343541
22.353306038999982,105.74208323299985,SAT_10102,20.293367311450112,192.90019112690686,98.98186588866284,169.75122726588796,-64.69633273191008,29.68615339995493,35.0,0.12353726403923074,12.507721601937813
22.353306038999982,105.84208323299984,SAT_10102,20.16727755968283,192.19093627321593,98.96755808961014,169.78711528690047,-64.82242248367736,29.635713623426582,35.0,0.1240995742249989,12.546921245978472
22.353306038999982,105.94208323299983,SAT_10102,20.03231367878648,191.43176444317393,98.95192258589269,169.82535365503503,-64.95738636457371,29.581509629141934,35.0,0.12470201730204712,12.58884032137857
22.353306038999982,106.04208323299983,SAT_10102,19.888581330004087,190.62326998127298,98.93489422222407,169.8658780779815,-65.1011187133561,29.52354153346737,35.0,0.12534422925175648,12.633437939590205
22.353306038999982,106.14208323299982,SAT_10102,19.736190271473717,189.7660702770397,98.91639972538137,169.90862186580287,-65.25350977188647,29.461809460863318,35.0,0.1260258311870715,12.680671535759855
22.353306038999982,106.24208323299982,SAT_10071,19.622322825753542,189.12556589486366,98.90234893943607,169.94211044424083,-65.36737721760664,29.416340961943007,35.0,0.12652335090137415,12.71508438440745
22.353306038999982,106.34208323299981,SAT_10071,19.780701031530597,190.01644330235965,98.92192264500316,169.89786407560092,-65.20899901182959,29.48072217990451,35.0,0.125814570928229,12.666042545204961
22.353306038999982,106.4420832329998,SAT_10071,19.930501460642688,190.85907071611513,98.93997335526679,169.85578820615058,-65.0591985827175,29.541339425829303,35.0,0.1251448912236304,12.619604911172603
22.353306038999982,106.5420832329998,SAT_10071,20.07161186919474,191.6528167642204,98.95658061881679,169.81595096585335,-64.91808817416545,29.598192569537108,35.0,0.12451469977017617,12.575815078079033
22.453306038999983,102.34208323300004,SAT_10071,20.117024516078402,191.908262902941,98.96184975284467,169.8030884681431,-64.87267552728179,29.61643794897563,35.0,0.12431202228029307,12.561712985834022
22.453306038999983,102.44208323300003,SAT_10071,19.986625587584257,191.17476893016143,98.94662954222807,169.839967229347,-65.00307445577593,29.56398058485299,35.0,0.12489416925783298,12.602193642024094
22.453306038999983,102.54208323300003,SAT_10071,19.847413688513228,190.39170199788688,98.9300234470909,169.87915307171556,-65.14228635484696,29.507751035146338,35.0,0.1255162474100624,12.645368070867683
22.453306038999983,102.64208323300002,SAT_10071,19.910398332176754,190.74599061849423,98.93758314967752,169.86144757572396,-65.07930171118343,29.53322032832976,35.0,0.12523472134885594,12.625839742440387
22.453306038999983,102.74208323300002,SAT_10071,20.045704307071503,191.50708672727723,98.95356467660083,169.8232797569952,-64.94399573628868,29.587772517509826,35.0,0.12463035477196262,12.583858142031351
22.453306038999983,102.84208323300001,SAT_10071,20.17215120935579,192.2183505526263,98.96818940924834,169.78744706293955,-64.8175488340044,29.63855247006426,35.0,0.12406607824950473,12.544588162879595
22.453306038999983,102.942083233,SAT_10071,20.289638715778764,192.87921777625556,98.98151739555767,169.7540105773446,-64.70006132758142,29.68556007706084,35.0,0.12354223705485341,12.508068590242827
22.453306038999983,103.142083233,SAT_10071,20.497359996290527,194.0476499791342,99.00448974614562,169.69455523840847,-64.49234004706966,29.768257859158137,35.0,0.12261715022969859,12.443425517589633
22.453306038999983,103.24208323299999,SAT_10071,20.587420331202367,194.55423936301332,99.0142224616461,169.6686422961539,-64.40227971215782,29.80394785689529,35.0,0.12221649890393572,12.415368773995272
22.453306038999983,103.34208323299998,SAT_10071,20.668175323697653,195.0084861957993,99.02283615415331,169.64533679033167,-64.32152471966253,29.835865154344056,35.0,0.12185746851958304,12.390195615155339
22.453306038999983,103.44208323299998,SAT_10071,20.73955464329879,195.40999486855569,99.03036221146073,169.62468177219992,-64.2501454000614,29.864009683062815,35.0,0.12154029914854403,12.367933011775758
22.453306038999983,103.54208323299997,SAT_10071,20.801495264683282,195.75841086384347,99.0368275839558,169.60671585174543,-64.1882047786769,29.8883813827035,35.0,0.12126520564796929,12.348605103986998
22.453306038999983,103.64208323299997,SAT_10071,20.853941832978308,196.05342281050298,99.04225507276985,169.5914729634233,-64.13575821038188,29.90898020101042,35.0,0.12103237650812224,12.332233071460859
22.453306038999983,103.74208323299996,SAT_10071,20.896846989824255,196.29476431776146,99.0466635695842,169.57898215681018,-64.09285305353593,29.925806093819237,35.0,0.12084197282812645,12.318835017716857
22.453306038999983,103.84208323299995,SAT_10071,20.93017165621832,196.48221556622806,99.05006825254115,169.56926741482602,-64.05952838714187,29.938859025056143,35.0,0.12069412743053475,12.308425869941466
22.453306038999983,103.94208323299995,SAT_10102,20.962625947141376,196.66477095267024,99.05330476498357,169.55805353387683,-64.02707409621881,29.950605938304694,35.0,0.12056123619698027,12.299065264449695
22.453306038999983,104.04208323299994,SAT_10102,21.006940396008865,196.91403972754986,99.05778491764134,169.54510103205388,-63.98275964735132,29.967920300625945,35.0,0.12036470123219448,12.2852142146912
22.453306038999983,104.14208323299994,SAT_10102,21.041669740289016,197.1093922891257,99.06127556415571,169.53493593514125,-63.94803030307117,29.98147244084243,35.0,0.12021072223253888,12.274356086539807
22.453306038999983,104.24208323299993,SAT_10102,21.066781877192653,197.2506480592087,99.0637884737504,169.52757796517346,-63.922918166167534,29.991262329871414,35.0,0.12009940811831032,12.266503122747174
22.453306038999983,104.34208323299993,SAT_10102,21.08225346689882,197.33767575130585,99.06533206154464,169.52304146524284,-63.90744657646137,29.997289946704363,35.0,0.12003083803452376,12.261664219888374
22.453306038999983,104.44208323299992,SAT_10102,21.088070076451714,197.3703941800409,99.0659114728082,169.52133530676736,-63.90162996690847,29.99955527840656,35.0,0.12000506090470339,12.259844877642973
22.453306038999983,104.54208323299991,SAT_10102,21.0842262691774,197.34877276412288,99.06552863422785,169.5224628318485,-63.90547377418279,29.99805832011685,35.0,0.12002209515393679,12.26104716729722
22.453306038999983,104.64208323299991,SAT_10102,21.070725638455578,197.27283171631262,99.06418227305588,169.52642183149518,-63.91897440490461,29.99279907504754,35.0,0.12008192860435236,12.265269719852615
22.453306038999983,104.7420832329999,SAT_10102,21.047580785392483,197.14264191783272,99.06186790446372,169.53320456002072,-63.942119257967704,29.983777554484465,35.0,0.12018451854421602,12.272507733887231
22.453306038999983,104.8420832329999,SAT_10102,21.014813240696633,196.95832447891854,99.05857778688768,169.54279778540803,-63.974886802663555,29.970993777787214,35.0,0.12032979196985641,12.282753003072886
22.453306038999983,104.94208323299989,SAT_10102,20.972453331778155,196.72004999125213,99.05430084460903,169.55518287496258,-64.01724671158203,29.95444777238949,35.0,0.1205176459976556,12.295993963011277
22.453306038999983,105.04208323299989,SAT_10102,20.920539996809225,196.4280374820519,99.04902255624629,169.5703359150906,-64.06916004655096,29.934139573799627,35.0,0.12074794844142771,12.312215756818565
22.453306038999983,105.14208323299988,SAT_10102,20.859120548146294,196.08255308332292,99.04272480723168,169.5882278635995,-64.1305794952139,29.910069225601294,35.0,0.12102053854868856,12.331400318666981
22.453306038999983,105.24208323299987,SAT_10102,20.788250388136987,195.68390843327057,99.03538570368359,169.60882473250206,-64.2014496552232,29.882236779454306,35.0,0.1213352278876305,12.35352647428782
22.453306038999983,105.34208323299987,SAT_10102,20.707992680876515,195.23245882993044,99.026979344345,169.6320877989477,-64.28170736248367,29.850642295095625,35.0,0.12169180137509017,12.378570057256491
22.453306038999983,105.44208323299986,SAT_10102,20.618417983961805,194.72860115978514,99.01747554641757,169.65797384158336,-64.37128205939838,29.8152858403405,35.0,0.12209001843446009,12.406504039721066
22.453306038999983,105.54208323299986,SAT_10102,20.519603844668723,194.17277162626155,99.00683952014607,169.6864353994011,-64.47009619869146,29.77616749108376,35.0,0.1225296142713663,12.437298676102765
22.453306038999983,105.64208323299985,SAT_10102,20.411634365286943,193.56544330473906,98.99503148587002,169.7174210499279,-64.57806567807324,29.733287331301284,35.0,0.12301030125403142,12.470921658192589
22.453306038999983,105.74208323299985,SAT_10102,20.29459974254742,192.90712355182922,98.98200622591185,169.75087570348654,-64.69510030081277,29.68664545305158,35.0,0.12353177038457194,12.507338279993238
22.453306038999983,105.84208323299984,SAT_10102,20.168595786192526,192.19835129733298,98.96771256206279,169.78674091018826,-64.82110425716766,29.636241956477573,35.0,0.12409369284704315,12.546511610609931
22.453306038999983,105.94208323299983,SAT_10102,20.03372342176793,191.43969424744463,98.95209274749377,169.82495517630588,-64.95597662159226,29.582076949808517,35.0,0.12469572161784173,12.588402673477052
22.453306038999983,106.04208323299983,SAT_10102,19.890088182647318,190.63174602739116,98.93508175957379,169.86545428673242,-65.09961186071287,29.52415054936206,35.0,0.125337493124095,12.632970630218427
22.453306038999983,106.14208323299982,SAT_10102,19.7377996961702,189.7751232909574,98.9166064772194,169.9081716303251,-65.25190034718999,29.462462879546468,35.0,0.12601862893589336,12.680172967475444
22.453306038999983,106.24208323299982,SAT_10071,19.622926549052252,189.12896183841892,98.90243512712317,169.94194224503346,-65.36677349430794,29.416586946951174,35.0,0.12652064763550683,12.714897548590137
22.453306038999983,106.34208323299981,SAT_10071,19.781193395665923,190.01921285062082,98.92199110251548,169.89772614117274,-65.20850664769426,29.48092185873461,35.0,0.1258123686859696,12.665889996570156
22.453306038999983,106.4420832329998,SAT_10071,19.93088803796003,190.8612452135252,98.94002577926973,169.85567933910613,-65.05881200540016,29.54149550593417,35.0,0.12514316393983282,12.619485008288361
22.453306038999983,106.5420832329998,SAT_10071,20.071898378483866,191.65442837897174,98.95661855882987,169.81586988024725,-64.91780166487632,29.598307758424095,35.0,0.12451342087036023,12.57572612218281
22.553306038999985,102.34208323300004,SAT_10071,20.062823373672686,191.60338147690885,98.95556669965897,169.8184378213665,-64.9268766696875,29.594658738065945,35.0,0.12455393048628315,12.578543655900667
22.553306038999985,102.44208323300003,SAT_10071,19.93273006944068,190.87160664060383,98.94025135897347,169.85516057007112,-65.05696997391951,29.54223919905442,35.0,0.12513493353868552,12.61891366936412
22.553306038999985,102.54208323300003,SAT_10071,19.79384120575368,190.09035678236447,98.92354021678794,169.89418207927685,-65.19585883760651,29.48605019463338,35.0,0.12575580023171265,12.66197115273133
22.553306038999985,102.64208323300002,SAT_10071,19.85668010770894,190.4438256058628,98.9311479025405,169.8765506517678,-65.13301993565125,29.511501122720077,35.0,0.12547482103716182,12.642495585566373
22.553306038999985,102.74208323300002,SAT_10071,19.991670689554454,191.2031476287438,98.94722997646211,169.8385435292789,-64.99802935380573,29.56601397618676,35.0,0.12487163621654893,12.600628164497047
22.553306038999985,102.84208323300001,SAT_10071,20.117819967131055,191.9127373151122,98.96194565441753,169.802862985257,-64.87188007622913,29.616757313222593,35.0,0.12430847274655729,12.561465931448161
22.553306038999985,103.24208323299999,SAT_10071,20.53209150807477,194.24301473292059,99.00825825390844,169.68457171481785,-64.45760853528542,29.78203344074408,35.0,0.12246260903683777,12.4326076521748
22.553306038999985,103.34208323299998,SAT_10071,20.61264882754257,194.69614965492698,99.01692311224647,169.66136859102264,-64.37705121581762,29.813927724232684,35.0,0.12210431214740836,12.40750603688026
22.553306038999985,103.44208323299998,SAT_10071,20.683852403009396,195.09666976692787,99.02449357703883,169.64080476956664,-64.30584764035079,29.8420519593973,35.0,0.12178779413114335,12.3853070360503
22.553306038999985,103.54208323299997,SAT_10071,20.74563973610202,195.4442235155739,99.03099687591673,169.62291852470486,-64.24406030725817,29.866406085913788,35.0,0.12151326816611317,12.366034600300976
22.553306038999985,103.64208323299997,SAT_10071,20.797955938158992,195.73850215214435,99.03645604350515,169.6077434936044,-64.1917441052012,29.886990051547173,35.0,0.12128092126095136,12.349709741883007
22.553306038999985,103.74208323299996,SAT_10071,20.8407540521887,195.97924154356147,99.04089016420549,169.5953084697158,-64.14894599117149,29.90380381215063,35.0,0.12109091324210858,12.336350420364198
22.553306038999985,103.84208323299995,SAT_10102,20.898336381616204,196.30314214659117,99.04674777261971,169.5768084741448,-64.09136366174398,29.92544337915276,35.0,0.12084647745220062,12.319152089299758
22.553306038999985,104.04208323299994,SAT_10102,20.99640595901524,196.85478351946074,99.05671681424563,169.5481819406855,-63.993294084344946,29.963806552494283,35.0,0.12041141560204328,12.288507280551666
22.553306038999985,104.14208323299994,SAT_10102,21.031098471189942,197.04992890044343,99.06020885389833,169.53803141148825,-63.958601572170245,29.977348901727936,35.0,0.12025758763718083,12.277661474772755
22.553306038999985,104.24208323299993,SAT_10102,21.056183933519115,197.19103462604502,99.06272276513373,169.53068400757346,-63.93351610984107,29.98713171788551,35.0,0.12014638284783151,12.269817437305305
22.553306038999985,104.34208323299993,SAT_10102,21.07163907142077,197.27796977674183,99.06426696766204,169.52615403097514,-63.91806097193942,29.993154979967205,35.0,0.12007788016707703,12.264984040764409
22.553306038999985,104.44208323299992,SAT_10102,21.077449492370278,197.3106533945828,99.06484660956987,169.52445032765897,-63.91225055098991,29.995418675043677,35.0,0.12005212838718766,12.263166769987436
22.553306038999985,104.54208323299991,SAT_10102,21.0736097749422,197.28905498404987,99.0644636186008,169.52557623012535,-63.91609026841799,29.99392279825579,35.0,0.12006914588377057,12.264367690664663
22.553306038999985,104.64208323299991,SAT_10102,21.060123502436653,197.2131947012062,99.06311672130886,169.5295295357298,-63.929576540923534,29.98866735281452,35.0,0.12012892051166069,12.268585437496585
22.553306038999985,104.7420832329999,SAT_10102,21.037003240648367,197.08314322864706,99.06080143040899,169.53630252101613,-63.95269680271182,29.97965235000101,35.0,0.12023140967374414,12.275815222022956
22.553306038999985,104.8420832329999,SAT_10102,21.004270460071766,196.8990213379037,99.05751000011034,169.54588199186557,-63.98542958328842,29.966877809166807,35.0,0.1203765405619272,12.286048860027726
22.553306038999985,104.94208323299989,SAT_10102,20.961955403559273,196.66099914502092,99.05323134867538,169.5582493687832,-64.02774463980091,29.950343757734203,35.0,0.120564210567503,12.299274818184411
22.553306038999985,105.04208323299989,SAT_10102,20.910096901161637,196.36929506903422,99.04795094688126,169.57338080616432,-64.07960314219855,29.93005023119678,35.0,0.12079428785626352,12.315478279374748
22.553306038999985,105.14208323299988,SAT_10102,20.84874213453533,196.02417450676123,99.04165067045535,169.59124734394953,-64.14095790882486,29.90599727312009,35.0,0.12106661210189434,12.334641225893531
22.553306038999985,105.24208323299987,SAT_10102,20.77794635392408,195.62594824082294,99.03430861389525,169.6118150896598,-64.21175368943611,29.87818493514246,35.0,0.12138099536950994,12.356742539549234
22.553306038999985,105.34208323299987,SAT_10102,20.697772551262986,195.17497060085427,99.02589886234277,169.6350454284459,-64.2919274920972,29.84661327697601,35.0,0.12173722313966831,12.381758117487657
22.553306038999985,105.44208323299986,SAT_10102,20.608291093422224,194.6716374005,99.01639121733902,169.66089525847696,-64.38140894993796,29.811282366407784,35.0,0.12213505546187298,12.409661002406908
22.553306038999985,105.54208323299986,SAT_10102,20.509579320004704,194.11638367502647,99.00575087131455,169.68931724873102,-64.48012072335548,29.772192279301034,35.0,0.12257422822544696,12.440421525700057
22.553306038999985,105.64208323299985,SAT_10102,20.401721110396707,193.50968124598148,98.99393802452889,169.7202601160677,-64.58797893296348,29.72934309959668,35.0,0.1230544545347643,12.474007461957695
22.553306038999985,105.74208323299985,SAT_10102,20.284806424985362,192.85203614054265,98.98090743682603,169.75366891832675,-64.70489361837483,29.682734919314914,35.0,0.12357542617515577,12.510384193187827
22.553306038999985,105.84208323299984,SAT_10102,20.158930825569485,192.14398589382836,98.96660790496486,169.789485360127,-64.8307692177907,29.632367838556956,35.0,0.1241368151553712,12.54951488106529
22.553306038999985,105.94208323299983,SAT_10102,20.02419498001197,191.38609676256735,98.95098165434783,169.82764810803727,-64.96550506334822,29.578241965506965,35.0,0.12473827531227626,12.591360645505635
22.553306038999985,106.04208323299983,SAT_10102,19.88070415612809,190.57896087822053,98.9339636316269,169.86809311183328,-65.1089958872321,29.520357416434116,35.0,0.12537944396347933,12.63588074786945
22.553306038999985,106.14208323299982,SAT_10102,19.728567709660965,189.72319336684293,98.91548068180556,169.9107539286615,-65.26113233369922,29.458714315694802,35.0,0.12605994359380768,12.683032777138719
22.553306038999985,106.24208323299982,SAT_10071,19.61272870787775,189.07159898181237,98.9011680935103,169.94478292029967,-65.37697133548244,29.412431287188692,35.0,0.1265663115663015,12.718053390805153
22.553306038999985,106.34208323299981,SAT_10071,19.770833355880526,189.96093762682798,98.92073508959781,169.90062797698542,-65.21886668747966,29.47671971935362,35.0,0.12585870856494705,12.669099721282922
22.553306038999985,106.4420832329998,SAT_10071,19.92037343190826,190.80210055448396,98.93877986573128,169.85863991449708,-65.06932661145193,29.537249604531073,35.0,0.12519014639159456,12.622746155094323
22.553306038999985,106.5420832329998,SAT_10071,20.061237127119398,191.59445884004663,98.95538188014442,169.81888659545893,-64.92846291624079,29.594020812649536,35.0,0.12456101154601026,12.579036121885384
22.653306038999983,102.44208323300003,SAT_10071,19.868036942048462,190.50770779902263,98.93252175429018,169.87336000075607,-65.12166310131173,29.516095784420404,35.0,0.12542405290620945,12.638974832069852
22.653306038999983,102.54208323300003,SAT_10071,19.729514306754908,189.72851797549635,98.91567983115806,169.91219095741462,-65.26018573660528,29.45994747690902,35.0,0.12604355929109978,12.681898696808572
22.653306038999983,102.64208323300002,SAT_10071,19.792187991350104,190.08105745134435,98.92334725796978,169.89464541795488,-65.19751205201008,29.485379971220194,35.0,0.1257631940992115,12.662483411176192
22.653306038999983,102.74208323300002,SAT_10071,19.92682096954573,190.83836795369473,98.93955449958301,169.85682462412478,-65.06287907381446,29.539853341873737,35.0,0.12516133642756724,12.620746455135837
22.653306038999983,103.24208323299999,SAT_10071,20.46577235683685,193.86996950720732,99.00104378730741,169.7036244737718,-64.52392768652334,29.75571634871432,35.0,0.1227577363277688,12.453261825138066
22.653306038999983,103.34208323299998,SAT_10071,20.546105293947633,194.32184227845545,99.00977228735385,169.68054001576598,-64.44359474941255,29.787587532185633,35.0,0.1224002644154455,12.428242001416756
22.653306038999983,103.44208323299998,SAT_10071,20.617109353564373,194.7212401137996,99.01739798281298,169.66008189064235,-64.37259068979581,29.815691397912104,35.0,0.12208447911638659,12.40611571794918
22.653306038999983,103.64208323299997,SAT_10102,20.740863643235812,195.41735799320142,99.03042840386908,169.62256795855808,-64.24883640012438,29.86359203451923,35.0,0.12154573478309692,12.36831474130243
22.653306038999983,103.74208323299996,SAT_10102,20.813477913109523,195.82581326124108,99.03799938101886,169.60149880507853,-64.17622213025066,29.892151404312983,35.0,0.12122318944963839,12.345651540035469
22.653306038999983,104.04208323299994,SAT_10102,20.97460679452753,196.73216321921737,99.0545078710943,169.55455369783803,-64.01509324883266,29.955289467599233,35.0,0.12050809456151437,12.295320924032335
22.653306038999983,104.14208323299994,SAT_10102,21.009249904776148,196.92703071436583,99.058005864176,169.54442543821972,-63.98045013858404,29.96882198934386,35.0,0.12035446034159772,12.284492229366588
22.653306038999983,104.24208323299993,SAT_10102,21.034299577550783,197.06793512372315,99.06052405111274,169.53709418644854,-63.955400465809404,29.978597706258537,35.0,0.12024339583800564,12.276660589781397
22.653306038999983,104.34208323299993,SAT_10102,21.049732637020156,197.15474608323836,99.0620708758191,169.5325741819072,-63.93996740634003,29.984616597352144,35.0,0.12017497966793202,12.271834842117054
22.653306038999983,104.44208323299992,SAT_10102,21.055534751861117,197.18738297921882,99.06265150117312,169.5308742317221,-63.93416529149907,29.98687864970069,35.0,0.1201492604280223,12.27002044904964
22.653306038999983,104.54208323299991,SAT_10102,21.05170052372828,197.1658154459716,99.06226786045549,169.53199765374484,-63.93799951963191,29.985383858447037,35.0,0.12016625642013855,12.27121946791397
22.653306038999983,104.64208323299991,SAT_10102,21.038233520665152,197.0900635537415,99.06091867656257,169.53594225501445,-63.951466522695036,29.980132226800837,35.0,0.12022595554786115,12.275430538933561
22.653306038999983,104.7420832329999,SAT_10102,21.015146255016,196.960197684465,99.05859944931751,169.5427003459962,-63.97455378834419,29.971123766038573,35.0,0.12032831538490828,12.282648893001657
22.653306038999983,104.8420832329999,SAT_10102,20.98246010612955,196.77633809697872,99.05530241066543,169.55225879040168,-64.00723993723064,29.958358495503788,35.0,0.12047326341469222,12.292866378918054
22.653306038999983,104.94208323299989,SAT_10102,20.940205188865235,196.53865418736697,99.05101644699165,169.5645990899148,-64.04949485449495,29.941836442607432,35.0,0.12066069743828686,12.306071509749307
22.653306038999983,105.04208323299989,SAT_10102,20.888420169611308,196.2473634540636,99.04572698723445,169.57969750268146,-64.10127987374888,29.92155764282841,35.0,0.12089048614619108,12.322249527749657
22.653306038999983,105.14208323299988,SAT_10102,20.827152032185424,195.90273018104304,99.03941585485614,169.59752519397938,-64.16254801117476,29.897522139714248,35.0,0.12116246984747756,12.34138248706216
22.653306038999983,105.24208323299987,SAT_10102,20.75645579659509,195.5050638558474,99.03206108107176,169.61804841708096,-64.2332442467651,29.869729984881918,35.0,0.12147646134824869,12.36344935321781
22.653306038999983,105.34208323299987,SAT_10102,20.676394194176368,195.0547173422421,99.02363667599062,169.64122872196367,-64.31330584918382,29.83818123801883,35.0,0.12183224696981504,12.388426118269168
22.653306038999983,105.44208323299986,SAT_10102,20.58703730309972,194.55208482993592,99.01411235348088,169.66702318921094,-64.40266274026047,29.802875966883967,35.0,0.12222958769568865,12.416285930237796
22.653306038999983,105.54208323299986,SAT_10102,20.48846214861439,193.99759958595595,99.00345320458864,169.69538468619652,-64.5012378947458,29.763814247309174,35.0,0.12266822043536955,12.446999235423087
22.653306038999983,105.64208323299985,SAT_10102,20.38075227269742,193.391731533923,98.99161931319877,169.72626214245426,-64.60894777066277,29.72099616320062,35.0,0.12314785939200856,12.480533932017119
22.653306038999983,105.74208323299985,SAT_10102,20.263997277982696,192.73498468865267,98.97856530627183,169.7596008410021,-64.72570276537749,29.674421806540376,35.0,0.12366819752036427,12.5168555333954
22.653306038999983,105.84208323299984,SAT_10102,20.138292350952952,192.02789447411033,98.9642398293744,169.7953427223262,-64.85140769240724,29.62409127738818,35.0,0.12422890806103914,12.555927339408154
22.653306038999983,105.94208323299983,SAT_10102,20.003737769411913,191.271024952942,98.94858493627787,169.83342669771505,-64.98596227394827,29.570004683883354,35.0,0.12482964613677347,12.597710613979796
22.653306038999983,106.04208323299983,SAT_10102,19.86043839918915,190.46496599543897,98.93153537904311,169.87378896868722,-65.12926164417104,29.512162142246847,35.0,0.12547005039659118,12.64216476733407
22.653306038999983,106.14208323299982,SAT_10102,19.708503184899214,189.61033041505812,98.91301778213615,169.91636334935248,-65.28119685846097,29.450563776783476,35.0,0.12614974469381043,12.689247541198146
22.653306038999983,106.24208323299982,SAT_10071,19.591738992663352,188.95353183373135,98.89854260245585,169.9506265637949,-65.39796105069684,29.40387399094518,35.0,0.126660309391309,12.724548168455804
22.653306038999983,106.34208323299981,SAT_10071,19.749630903442636,189.84167383186482,98.91814949576158,169.90656348787755,-65.24006913991755,29.46811577014304,35.0,0.12595355627373125,12.675667865909315
22.653306038999983,106.4420832329998,SAT_10071,19.898967926215406,190.68169458496166,98.93623061871565,169.86466365327703,-65.09073211714478,29.52860173008801,35.0,0.12528580332906597,12.629384390626699
22.653306038999983,106.5420832329998,SAT_10071,20.039638681577088,191.47296758387114,98.95286569110668,169.82499465445431,-64.9500613617831,29.585331740762523,35.0,0.12465743562348558,12.585741012467821
22.653306038999983,106.6420832329998,SAT_10071,20.171535507314672,192.21488722864504,98.96812563694165,169.78762192654318,-64.81816453604551,29.63830568023604,35.0,0.12406882463214375,12.544779465106227
22.75330603899998,103.34208323299998,SAT_10071,20.468612837004798,193.885947208152,99.00135412485814,169.702809346047,-64.52108720635539,29.75684463071735,35.0,0.12274509297515285,12.452377398050594
22.75330603899998,103.64208323299997,SAT_10102,20.70823667914385,195.23383132018418,99.02699673726313,169.63201717464068,-64.28146336421634,29.850738469201875,35.0,0.12169071700490293,12.37849394177263
22.75330603899998,104.14208323299994,SAT_10102,20.976147739707883,196.74083103585684,99.05465830694708,169.55410345056006,-64.0135523036523,29.955891720680622,35.0,0.12050125997163129,12.29483931380124
22.75330603899998,104.24208323299993,SAT_10102,21.001152604199874,196.88148339862428,99.05718407906559,169.54679387557997,-63.988547439160314,29.965660311994803,35.0,0.1203903664105512,12.287023509164609
22.75330603899998,104.54208323299991,SAT_10102,21.01852237756019,196.97918837377605,99.05893313164407,169.5417124336392,-63.9711776658,29.972441517704535,35.0,0.12031334587281614,12.281593403992533
22.75330603899998,104.64208323299991,SAT_10102,21.00507950320828,196.9035722055466,99.05757989173752,169.54564535345472,-63.98462054015191,29.96719371401298,35.0,0.12037295298680588,12.285795947723361
22.75330603899998,104.7420832329999,SAT_10102,20.982033549774286,196.77393871748035,99.05525368150515,169.55238345574747,-64.0076664935859,29.958191819590844,35.0,0.1204751552320677,12.292999702197195
22.75330603899998,104.8420832329999,SAT_10102,20.949405775059915,196.59040748471205,99.05194669238327,169.56191368163982,-64.04029426830027,29.94543585377371,35.0,0.1206198804779666,12.3031965599562
22.75330603899998,104.94208323299989,SAT_10102,20.90722612323529,196.35314694319854,99.04764775272297,169.574217641485,-64.0824739201249,29.928925843961256,35.0,0.12080702706815052,12.316375095532992
22.75330603899998,105.04208323299989,SAT_10102,20.855533042428974,196.062373363663,99.04234221523177,169.589271732316,-64.13416700093121,29.90866182561778,35.0,0.12103646438790758,12.332520629845085
22.75330603899998,105.14208323299988,SAT_10102,20.79437325261364,195.71834954595172,99.03601180805039,169.60704728720245,-64.19532679074655,29.884643842272887,35.0,0.12130803358772725,12.35161531222926
22.75330603899998,105.24208323299987,SAT_10102,20.723801466734912,195.3213832503839,99.02863444684277,169.6275107545482,-64.26589857662528,29.856871945522304,35.0,0.12162154845507307,12.373638219144294
22.75330603899998,105.34208323299987,SAT_10102,20.64388006856157,194.87182538565887,99.02018400452833,169.65062390501123,-64.34581997479862,29.825346195028864,35.0,0.12197679642488159,12.398565468391366
22.75330603899998,105.44208323299986,SAT_10102,20.554678751201195,194.37006797550671,99.01063003443166,169.6763440634194,-64.43502129215899,29.79006665852365,35.0,0.12237353971799306,12.42637034754523
22.75330603899998,105.54208323299986,SAT_10102,20.45627412060415,193.81654192839835,98.99993744163908,169.7046243628083,-64.53342592275604,29.751033411807267,35.0,0.12281151659561435,12.45702345515941
22.75330603899998,105.64208323299985,SAT_10102,20.348749268673572,193.21171463628886,98.98806609619731,169.735414017515,-64.64095077468662,29.70824653875131,35.0,0.12329044271702573,12.490492853205895
22.75330603899998,105.74208323299985,SAT_10102,20.23219332080228,192.55608742951287,98.97497038042373,169.7686586121348,-64.7575067225579,29.661706131299944,35.0,0.12381001258708435,12.526744229135977
22.75330603899998,105.84208323299984,SAT_10102,20.106700962774482,191.85019291560647,98.96059866096788,169.80430040307428,-64.8829990805857,29.611412289471655,35.0,0.1243699010796425,12.565741065903445
22.75330603899998,105.94208323299983,SAT_10102,19.972371951990908,191.0945922299489,98.94489267430181,169.84227862943357,-65.01732809136928,29.55736512136115,35.0,0.12496976502279439,12.607444818274073
22.75330603899998,106.04208323299983,SAT_10102,19.829310617927632,190.2898722258429,98.92778681193933,169.8825298299871,-65.16038942543256,29.49956474314144,35.0,0.1256092448318736,12.651815093755003
22.75330603899998,106.14208323299982,SAT_10102,19.677625356602647,189.4366426308899,98.90920728878264,169.92498816313525,-65.31207468675754,29.438011279066025,35.0,0.12628796617633933,12.69880983651196
22.75330603899998,106.24208323299982,SAT_10071,19.559977294445176,188.77487228125412,98.89454732009908,169.9594610538929,-65.42972274891501,29.390915075290795,35.0,0.12680257273801943,12.734374197574873
22.75330603899998,106.34208323299981,SAT_10071,19.717606429492648,189.66153616589614,98.9142233304952,169.9155202361551,-65.27209361386754,29.45511002826438,35.0,0.12609684181158368,12.685586564165247
22.75330603899998,106.4420832329998,SAT_10071,19.866692397515934,190.50014473602715,98.9323673583146,169.8737378105589,-65.12300764584425,29.51555189985249,35.0,0.12543006317614913,12.639391671961677
22.75330603899998,106.5420832329998,SAT_10071,20.007124387238377,191.2900746782159,98.94905959252948,169.83418101542213,-64.98257565612181,29.572240560091213,35.0,0.12480262001053162,12.59583258078037
22.75330603899998,106.6420832329998,SAT_10071,20.138795294646357,192.03072353238576,98.96437137003176,169.79691493525087,-64.85090474871383,29.625175887100298,35.0,0.12421488194567311,12.554950818617588
22.75330603899998,106.74208323299979,SAT_10071,20.261602229062277,192.7215125384753,98.97836610252241,169.76200218108255,-64.72809781429791,29.6743577670809,35.0,0.12366720338500445,12.516786196911253
22.853306038999982,104.7420832329999,SAT_10102,20.93770088260527,196.52456746465467,99.05075128275156,169.56532987971576,-64.05199916075492,29.940856536426107,35.0,0.12067180788950667,12.306854009575753
22.853306038999982,104.8420832329999,SAT_10102,20.905143049701564,196.34142965457133,99.0474299237002,169.5748248068888,-64.08455699365862,29.92810990972683,35.0,0.12081627097637769,12.317025825520266
22.853306038999982,104.94208323299989,SAT_10102,20.863053564922424,196.10467630268863,99.04311224332125,169.58708330844914,-64.12664647843776,29.911611987522587,35.0,0.1210030793892743,12.33017207812194
22.853306038999982,105.04208323299989,SAT_10102,20.811470604827434,195.81452215215432,99.03778348300413,169.60208195459924,-64.17822943853275,29.89136280526316,35.0,0.12123210337476895,12.3462781858219
22.853306038999982,105.14208323299988,SAT_10102,20.750440561086947,195.47122815611408,99.03142523163568,169.6197922876289,-64.23925948227324,29.86736240646032,35.0,0.12150318512647695,12.365326415978165
22.853306038999982,105.24208323299987,SAT_10102,20.68001776455057,195.075099925597,99.02401523599035,169.64018099926642,-64.30968227880962,29.83961084268866,35.0,0.1218161396485894,12.387295982583273
22.853306038999982,105.34208323299987,SAT_10102,20.600264166461784,194.62648593634754,99.01552716835754,169.66321013537328,-64.3894358768984,29.808108173586582,35.0,0.12217075575690416,12.412163159354806
22.853306038999982,105.44208323299986,SAT_10102,20.511248980708302,194.1257755164842,99.00593034713042,169.68883732539314,-64.47845106265189,29.7728544668574,35.0,0.12256679720669969,12.439901406909451
22.853306038999982,105.54208323299986,SAT_10102,20.413048291373414,193.57339663897548,98.99518940508239,169.71701603371918,-64.57665175198677,29.73384979827067,35.0,0.12300400393570173,12.470481512602563
22.853306038999982,105.64208323299985,SAT_10102,20.30574463014159,192.9698135445464,98.98326389888734,169.7476958299588,-64.6839554132186,29.691094251663586,35.0,0.12348209340951559,12.503871741513882
22.853306038999982,105.74208323299985,SAT_10102,20.189426528318933,192.31552422179402,98.970107852058,169.78082267494133,-64.80027351504125,29.644587918942612,35.0,0.12400076205623993,12.540037996986308
22.853306038999982,105.84208323299984,SAT_10102,20.064188048336803,191.6110577718945,98.95566922182293,169.81633921925234,-64.92551199502338,29.594330900085197,35.0,0.1245596867765473,12.578943989079693
22.853306038999982,105.94208323299983,SAT_10102,19.930128299641865,190.85697168548552,98.93988927847562,169.8541851110609,-65.05957174371832,29.540323303141697,35.0,0.12515852651530923,12.620551409283811
22.853306038999982,106.04208323299983,SAT_10102,19.787350943818325,190.05384905897807,98.9227018833175,169.89429731005475,-65.20234909954186,29.48256524423742,35.0,0.12579692388084873,12.664820109843689
22.853306038999982,106.14208323299982,SAT_10102,19.635963693661154,189.20229577684398,98.90403264837431,169.936610404392,-65.35373634969903,29.421056847574828,35.0,0.1264745067981094,12.711708286083736
22.853306038999982,106.24208323299982,SAT_10071,19.51747357396097,188.53578885353048,98.88916467166815,169.9712681370789,-65.47222646939922,29.373554566076727,35.0,0.126992998584467,12.747519899812572
22.853306038999982,106.34208323299981,SAT_10071,19.674790589521592,189.42069706605898,98.90893958578319,169.92747952812707,-65.3149094538386,29.437702519659652,35.0,0.126288459902258,12.698843985468928
22.853306038999982,106.4420832329998,SAT_10071,19.823578175289796,190.25762723600513,98.92717358826334,169.88584326514524,-65.16612186807039,29.49810013985203,35.0,0.12562281847719586,12.652755924299981
22.853306038999982,106.5420832329998,SAT_10071,19.96372622390365,191.045960009458,98.94394754985811,169.8464261442257,-65.02597381945654,29.554747296743297,35.0,0.12499645515551179,12.609298516818647
22.853306038999982,106.6420832329998,SAT_10071,20.09512832286724,191.78509681612823,98.95933340687012,169.80929281456991,-64.89457172049295,29.607643868503228,35.0,0.12440973728955447,12.568513037136714
22.953306038999983,104.94208323299989,SAT_10102,20.807734542684557,195.79350680260063,99.03739210676657,169.60316721994286,-64.18196550067563,29.889894907793906,35.0,0.12124869459298553,12.347444493933681
22.953306038999983,105.04208323299989,SAT_10102,20.756279537542227,195.50407239867505,99.03203280126657,169.6180995214171,-64.23342050581796,29.86966061623854,35.0,0.12147724439422564,12.36350435624519
22.953306038999983,105.14208323299988,SAT_10102,20.69540023046129,195.16162629634476,99.02563792332275,169.63573180809584,-64.2942998128989,29.845677866716773,35.0,0.12174776703757008,12.382498104482252
22.953306038999983,105.24208323299987,SAT_10102,20.625150497408896,194.76647154792505,99.01818499592567,169.65603106173435,-64.36454954595129,29.81794671078218,35.0,0.1220600789730443,12.40440511602607
22.953306038999983,105.34208323299987,SAT_10102,20.54559177466909,194.31895373251365,99.00964742542907,169.67895965624874,-64.4441082686911,29.786467208048848,35.0,0.1224139706574921,12.429201849833719
22.953306038999983,105.44208323299986,SAT_10102,20.45679270552516,193.81945896857903,98.99999421869975,169.70447558423413,-64.53290733783503,29.751239426192488,35.0,0.12280920766997167,12.456861972123402
22.953306038999983,105.54208323299986,SAT_10102,20.358828752613206,193.26841173344928,98.98918964725677,169.732532705161,-64.63087129074698,29.71226344095175,35.0,0.12324553194113484,12.4873564945966
22.953306038999983,105.64208323299985,SAT_10102,20.251781780426654,192.66627251489993,98.97719285185073,169.7630810122777,-64.73791826293353,29.669539336129642,35.0,0.12372266308414875,12.520653923701339
22.953306038999983,105.74208323299985,SAT_10102,20.135739612656792,192.01353532119447,98.96395737952754,169.79606691511674,-64.8539604307034,29.623067203595106,35.0,0.12424029981407142,12.556720419367682
22.953306038999983,105.84208323299984,SAT_10102,20.010795569164188,191.31072507654855,98.94943064353828,169.83143353443688,-64.978904474196,29.572847143284786,35.0,0.12479812144216186,12.595519961601745
22.953306038999983,106.04208323299983,SAT_10102,19.734599733105995,189.7571234987212,98.91625848821703,169.90906679298297,-65.25510031025419,29.461163679433355,35.0,0.126032948999472,12.68116424770511
22.953306038999983,106.14208323299982,SAT_10102,19.583557704790366,188.9075120894458,98.8974710344629,169.95120599515914,-65.40614233856982,29.399700516121815,35.0,0.126709230755737,12.727927628776747
23.053306038999985,104.8420832329999,SAT_10102,20.783193072872635,195.65546103490857,99.03483760034206,169.61029256326026,-64.20650697048755,29.88024826156181,35.0,0.1213576905534029,12.355104978235694
23.053306038999985,104.94208323299989,SAT_10102,20.741327423425176,195.41996675676663,99.03046452919551,169.622433563089,-64.24837261993501,29.863774648054246,35.0,0.12154367416675216,12.368170030733506
23.053306038999985,105.04208323299989,SAT_10102,20.69001778802992,195.1313500576683,99.02506712429575,169.63728888844915,-64.29968225533027,29.84355530179464,35.0,0.12177169025504637,12.384176978420712
23.053306038999985,105.14208323299988,SAT_10102,20.629309716530372,194.78986715548334,99.01862655871196,169.6548306189461,-64.36039032682982,29.8195902662594,35.0,0.1220415836806611,12.403108390462448
23.053306038999985,105.24208323299987,SAT_10102,20.559256559900362,194.39581814943955,99.01112007468305,169.67502607128952,-64.43044348345983,29.791879592981193,35.0,0.12235317256112628,12.42494383259037
23.053306038999985,105.34208323299987,SAT_10102,20.479919160036815,193.9495452752071,99.00252074483508,169.69783799830782,-64.50978088332337,29.760423341549924,35.0,0.12270624924613731,12.449659977319342
23.053306038999985,105.44208323299986,SAT_10102,20.391365501534423,193.45143094613115,98.99279718497041,169.72322481209775,-64.59833454182576,29.72522157961385,35.0,0.123100581418641,12.477230727923219
23.053306038999985,105.54208323299986,SAT_10102,20.293670329561067,192.901895603781,98.98191321296032,169.75114082857175,-64.69602971379912,29.686274382880885,35.0,0.12353591330862854,12.507627354799618
23.053306038999985,105.64208323299985,SAT_10102,20.186914738224402,192.30139540251224,98.96982744705713,169.78153653049372,-64.80278530513579,29.64358183512001,35.0,0.12401196700741089,12.540818642754665
23.15330603899998,104.94208323299989,SAT_10102,20.663901504618934,194.9844459634815,99.02230141951208,169.6448398449647,-64.32579853874125,29.833251260360427,35.0,0.12188778216965342,12.392322171967328
23.15330603899998,105.04208323299989,SAT_10102,20.61275416714453,194.696742190188,99.01685807102713,169.65960787430913,-64.37694587621566,29.81304691396012,35.0,0.12211520655109398,12.408269709315553
23.15330603899998,105.14208323299988,SAT_10102,20.55223725966917,194.35633458563908,99.0103624081472,169.6770469038657,-64.43746278369102,29.78909965708349,35.0,0.12238440245131502,12.4271311344575
23.15330603899998,105.24208323299987,SAT_10102,20.482403541128846,193.96351991884976,99.00279133275835,169.69712462819194,-64.50729650223134,29.761409541242397,35.0,0.12269518986849705,12.4488862254133
23.15330603899998,105.34208323299987,SAT_10102,20.403313183050486,193.51863665465896,98.99411751280778,169.71980422760328,-64.5863868603097,29.729976626002696,35.0,0.12304736328738655,12.473511895421737
23.15330603899998,105.44208323299986,SAT_10102,20.31503342704336,193.02206302711892,98.98430908975547,169.7450445875393,-64.67466661631683,29.694800978985338,35.0,0.12344069276433874,12.500982314998536
23.15330603899998,105.54208323299986,SAT_10102,20.21763820886926,192.4742149248896,98.97332933104312,169.7728005390179,-64.77206183449093,29.65588267586765,35.0,0.12387492512363302,12.531269046217037
23.25330603899998,105.14208323299988,SAT_10102,20.464261418546016,193.86147047932133,99.00081098260397,169.70233255903392,-64.52543862481417,29.754206099963962,35.0,0.1227759552496144,12.4545362104946
23.25330603899998,105.24208323299987,SAT_10102,20.39466926488538,193.47001461498024,98.99316378260436,169.72227909848297,-64.59503077847481,29.72653661630234,35.0,0.12308586512452936,12.476202431169654
23.25330603899998,105.34208323299987,SAT_10102,20.315850845199222,193.02666100424563,98.98440216477073,169.74481123565005,-64.67384919816097,29.69512712210015,35.0,0.12343704962164756,12.500728034989416
23.25330603899998,105.44208323299986,SAT_10102,20.227872578035075,192.53178325144728,98.9744937083265,169.7698883803651,-64.76182746532511,29.659977684951173,35.0,0.12382928142843141,12.528087488482747
23.353306038999982,105.34208323299987,SAT_10102,20.217618776516247,192.4741056179039,98.97333273530097,169.77280606744029,-64.77208126684394,29.65587489931712,35.0,0.12387501179207197,12.531275086928707
