lat,lon,beam_id,SNR_dB,throughput_Mbps,availability_pct,FSPL_dB,Pr_dBm,Gt_dBi,G_rx_dBi,L_atm_dB,L_rain_dB
7.553306039000036,111.54208323299952,SAT_10136,19.140748905713764,186.41671259463993,98.83670763682429,170.07253080210276,-65.84895113764642,29.21749835455631,35.0,0.1287029898884854,12.865215700211493
7.653306039000036,113.84208323299939,SAT_10136,20.833141404678344,195.9364204013157,99.04062124050127,169.5948092207473,-64.15655863868184,29.89934607459184,35.0,0.1211421455949018,12.339953346931498
7.653306039000036,113.94208323299938,SAT_10136,20.778570254015904,195.6294576788395,99.0348691760575,169.61066017121877,-64.21112978934428,29.87790511665077,35.0,0.12138452028911424,12.356990214487169
7.7533060390000355,114.14208323299937,SAT_10136,20.574264288091953,194.48023662051725,99.012901872887,169.66973360320222,-64.41543575526823,29.797305649246667,35.0,0.1222928030241053,12.420714998288572
8.153306039000034,114.74208323299933,SAT_10136,19.748986952868606,189.8380516098859,98.91665259997919,169.9040861540723,-65.24071309049158,29.466527038890522,35.0,0.12597537613962484,12.677178599170169
8.353306039000033,115.2420832329993,SAT_10136,20.01425735486079,191.33019762109194,98.94900548196671,169.82949580848657,-64.9754426884994,29.573751773406986,35.0,0.12478933452200605,12.5949093188978
8.653306039000032,104.8420832329999,SAT_10076,20.639202092840847,194.84551177222977,99.01993823262659,169.65098228779826,-64.35049795051934,29.822968539802382,35.0,0.12200409963404511,12.400480102889432
8.653306039000032,104.94208323299989,SAT_10076,20.619145095703004,194.73269116332943,99.01776846482568,169.65677195530517,-64.37055494765718,29.815044268582945,35.0,0.12209329827769695,12.40673396265725
8.653306039000032,105.04208323299989,SAT_10076,20.58824611952008,194.55888442230042,99.01441265221698,169.66568327672977,-64.40145392384011,29.802826742949584,35.0,0.12223073968426275,12.416366650375652
8.653306039000032,106.5420832329998,SAT_10136,20.2495907309532,192.65394786161175,98.97655424288612,169.7627408978529,-64.74010931240699,29.66816302695336,35.0,0.12373899041904449,12.5217924510884
8.753306039000032,104.94208323299989,SAT_10076,20.71252456989174,195.25795070564104,99.02781070740889,169.62978211613336,-64.27717547346845,29.851895004213645,35.0,0.12167812764653306,12.377610233902207
8.753306039000032,105.04208323299989,SAT_10076,20.681543511796846,195.08368225385726,99.02449425804943,169.6387465404174,-64.30815653156334,29.839680778272548,35.0,0.1218158396009042,12.387274929817588
8.753306039000032,105.14208323299988,SAT_10076,20.639723517924594,194.84844478832585,99.01999246077686,169.65083171829164,-64.3499765254356,29.823174482098576,35.0,0.12200178089733173,12.400317508345204
8.853306039000032,104.8420832329999,SAT_10076,20.815131095524805,195.83511241232705,99.03867918665308,169.60002271759322,-64.17456894783538,29.89226245888699,35.0,0.12122226322754838,12.34558642590161
8.853306039000032,104.94208323299989,SAT_10076,20.79497378973538,195.72172756726152,99.03655685083265,169.60587752888986,-64.19472625362481,29.884342489357362,35.0,0.12131179152159902,12.351879422570708
8.853306039000032,105.04208323299989,SAT_10076,20.763920688781255,195.54705387439458,99.03327456711483,169.6148889466636,-64.22577935457893,29.872131596010277,35.0,0.12144973953133834,12.36157226439427
8.853306039000032,105.14208323299988,SAT_10076,20.72200381384239,195.31127145286345,99.02881930070531,169.62703732356812,-64.2676962295178,29.855629803505195,35.0,0.12163599834875982,12.374652711106116
8.853306039000032,105.24208323299987,SAT_10076,20.669266104371218,195.0146218370881,99.02317320917136,169.64229632298253,-64.32043393898897,29.83483714516797,35.0,0.12187042183828936,12.391104339336108
8.853306039000032,114.64208323299934,SAT_10136,20.650214857653864,194.907458574303,99.02112314711235,169.6478227512555,-64.33948518570632,29.827328736682155,35.0,0.12195499011316094,12.397036181019814
8.953306039000031,104.8420832329999,SAT_10076,20.886605104903268,196.2371537150809,99.04614784081946,169.57922906223382,-64.10309493845692,29.920304446033477,35.0,0.12090492115310326,12.323265401103463
8.953306039000031,104.94208323299989,SAT_10076,20.866407652528366,196.12354304547205,99.04404435548038,169.58511034690844,-64.12329239083182,29.912386659353583,35.0,0.12099457995956835,12.329574123317402
8.953306039000031,105.04208323299989,SAT_10076,20.835292870757584,195.94852239801142,99.0407912928335,169.59416244112404,-64.1544071726026,29.900179131494394,35.0,0.12113272852085816,12.339291134452097
8.953306039000031,105.14208323299988,SAT_10076,20.793293055405513,195.712273436656,99.03637582214148,169.60636552030445,-64.19640698795467,29.88368188711122,35.0,0.12131925707766282,12.352404097683788
8.953306039000031,105.24208323299987,SAT_10076,20.740451512716547,195.41503975903058,99.03078038113225,169.62169301122998,-64.24924853064364,29.86289495952429,35.0,0.121554018355637,12.36889646058231
8.953306039000031,105.34208323299987,SAT_10076,20.676822262198,195.05712522486377,99.02398247065551,169.64011178311594,-64.31287778116219,29.83781839071965,35.0,0.12183682849408808,12.388747560271801
9.05330603900003,104.8420832329999,SAT_10076,20.94698206097955,196.57677409301,99.05239247047645,169.56162289935781,-64.04271798238064,29.943943040820873,35.0,0.12063698180725366,12.30440114203644
9.05330603900003,104.94208323299989,SAT_10076,20.926751389658875,196.46297656683117,99.05030478309513,169.56752642708,-64.06294865370131,29.93602745832052,35.0,0.12072674745260177,12.310722937489242
9.05330603900003,105.04208323299989,SAT_10076,20.895585573948253,196.28766885345894,99.04707620931752,169.57661269733325,-64.09411446941193,29.92382332883535,35.0,0.12086506017304899,12.320460040740997
9.05330603900003,105.14208323299988,SAT_10076,20.85351714110442,196.05103391871233,99.04269408897979,169.5888617360219,-64.13618290225577,29.907330677016603,35.0,0.1210518094939891,12.333600033756486
9.05330603900003,105.24208323299987,SAT_10076,20.800589706462105,195.75331709884935,99.03714109398322,169.6042467703302,-64.18911033689808,29.886549536179015,35.0,0.12128684718427503,12.350126255562625
9.05330603900003,105.34208323299987,SAT_10076,20.73685767305669,195.39482441094387,99.03039502635312,169.6227344219494,-64.2528423703035,29.861479948301714,35.0,0.12156998819351632,12.370017908462303
9.05330603900003,105.44208323299986,SAT_10136,20.740861026024888,195.41734327139002,99.03082151665674,169.62159552818903,-64.2488390173353,29.86306758501637,35.0,0.1215520611086162,12.368759013054019
9.15330603900003,104.8420832329999,SAT_10076,20.99619788403544,196.85361309769934,99.05743901625972,169.54724356197852,-63.99350215932475,29.96317819614949,35.0,0.12041866299827678,12.28901813049744
9.15330603900003,104.94208323299989,SAT_10076,20.97594108025686,196.73966857644484,99.05536418703785,169.55316500003133,-64.01375896310333,29.955264839153525,35.0,0.12050851131545016,12.295350290910081
9.15330603900003,105.04208323299989,SAT_10076,20.944735121197994,196.5641350567387,99.05215554489612,169.56227878885898,-64.0449649221622,29.94306414092083,35.0,0.12064695104496512,12.305103323179079
9.15330603900003,105.14208323299988,SAT_10076,20.902612720855274,196.3271965548109,99.04780056828113,169.57456483356626,-64.08708732250491,29.926576126098666,35.0,0.12083387113699488,12.318264743900322
9.15330603900003,105.24208323299987,SAT_10076,20.849617743942616,196.02909980967723,99.04228211937799,169.58999620008706,-64.14008229941757,29.90580082799642,35.0,0.12106912259097997,12.334817804735954
9.15330603900003,105.34208323299987,SAT_10076,20.785804902915885,195.67015257890185,99.0355782449256,169.60853931015185,-64.2038951404443,29.880738288586446,35.0,0.12135251939986606,12.354741599479024
9.15330603900003,105.44208323299986,SAT_10136,20.807965860052335,195.79480796279435,99.03791451994664,169.60212560028455,-64.18173418330785,29.889459223709206,35.0,0.12125394913261098,12.347813857599895
9.15330603900003,105.54208323299986,SAT_10136,20.852065297267302,196.0428672971286,99.04253875230533,169.58930538136357,-64.13763474609289,29.906772608632195,35.0,0.12105811919219148,12.334043854169314
9.25330603900003,104.8420832329999,SAT_10076,21.03419981678973,197.06737396944226,99.06130824981764,169.53612345172718,-63.95550022657046,29.97800987369536,35.0,0.12025014387168823,12.277136504666945
9.25330603900003,104.94208323299989,SAT_10076,21.013924097400206,196.95332304787618,99.05924342928238,169.5420583832778,-63.97577594595998,29.97009876352372,35.0,0.12034005028992344,12.283476275915975
9.25330603900003,105.04208323299989,SAT_10076,20.98268908558748,196.7776261064296,99.05605030173857,169.55119290418597,-64.0070109577727,29.957901529414382,35.0,0.12047857925862372,12.293241003742505
9.25330603900003,105.14208323299988,SAT_10076,20.94052763614279,196.5404679533032,99.05171645349226,169.5635068283081,-64.0491724072174,29.941418196010755,35.0,0.12066561929615144,12.306418155623897
9.25330603900003,105.24208323299987,SAT_10076,20.887483801795227,196.24209638509817,99.04622489479515,169.57897309977915,-64.10221624156496,29.920648796616963,35.0,0.12090102082436537,12.322990917578405
9.25330603900003,105.34208323299987,SAT_10076,20.823612528271426,195.88282047152677,99.03955386280212,169.59755798929817,-64.16608751508876,29.89559337319877,35.0,0.12118459711807418,12.342938301871305
9.25330603900003,105.44208323299986,SAT_10136,20.86398359057712,196.1099076969963,99.04377868672945,169.5858371686711,-64.12571645278307,29.91144756237483,35.0,0.12100520534016601,12.330321641146629
9.25330603900003,105.54208323299986,SAT_10136,20.90814898076141,196.35833801678294,99.04837032958388,169.57297234904541,-64.08155106259878,29.928756021668605,35.0,0.12080916460851315,12.316525570613457
9.25330603900003,105.64208323299985,SAT_10136,20.941423919979826,196.54550954988653,99.05180965236194,169.56326651873522,-64.04827612338036,29.941780438216295,35.0,0.12066150711745759,12.306128535743985
9.25330603900003,105.74208323299985,SAT_10136,20.963773689196813,196.6712270017321,99.0541101200863,169.55674099896927,-64.02592635416337,29.95052078569584,35.0,0.12056235077369754,12.299143790116247
9.25330603900003,105.84208323299984,SAT_10136,20.975174850555646,196.73535853437548,99.05528068207873,169.5534101872745,-64.01452519280454,29.954977046443613,35.0,0.12051177513269759,12.295580276840964
9.35330603900003,104.8420832329999,SAT_10076,21.06094679807707,197.21782573918352,99.06401602296745,169.52828779836847,-63.92875324528312,29.98843804390913,35.0,0.1201315637459751,12.2687719270778
9.35330603900003,104.94208323299989,SAT_10076,21.040659480380015,197.10370957713758,99.06195843089748,169.53423174168324,-63.94904056298017,29.98052920187691,35.0,0.12022150338444093,12.275116519789396
9.35330603900003,105.04208323299989,SAT_10076,21.00940666053266,196.9279124654962,99.05877650839854,169.54338010862247,-63.980293382827526,29.968335464754368,35.0,0.12036008334640579,12.284888655613026
9.35330603900003,105.14208323299988,SAT_10076,20.967221287217825,196.69061974060028,99.05445791981245,169.55571265198796,-64.02247875614236,29.951856857181127,35.0,0.12054719186438588,12.298075769471147
9.35330603900003,105.24208323299987,SAT_10076,20.914147538543304,196.3920799043061,99.0489857825196,169.5712022344191,-64.07555250481688,29.931093412456203,35.0,0.1207826789778929,12.314661003876088
9.35330603900003,105.34208323299987,SAT_10136,20.853782505584718,196.05252659391402,99.0427093642238,169.58880576523953,-64.13591753777547,29.907446293090636,35.0,0.12105049498246459,12.333507570644109
9.35330603900003,105.44208323299986,SAT_10136,20.90885511065936,196.3623099974589,99.04843850173857,169.57276649935056,-64.08084493270083,29.929032557199676,35.0,0.12080603077532298,12.31630495977461
9.35330603900003,105.54208323299986,SAT_10136,20.953070979486057,196.61102425960908,99.05300399759123,169.5598665396231,-64.03662906387413,29.946336044233554,35.0,0.12060983202805921,12.302488736456525
9.35330603900003,105.64208323299985,SAT_10136,20.986384116478234,196.79841065519008,99.05642380451467,169.5501341287876,-64.00331592688195,29.959356719216743,35.0,0.12046205497666998,12.292076462334439
9.35330603900003,105.74208323299985,SAT_10136,21.008759622543096,196.9242728768049,99.05871125178581,169.5435907046238,-63.98094042081709,29.968094555831453,35.0,0.1203628180817193,12.285081453943029
9.35330603900003,105.84208323299984,SAT_10136,21.02017393789528,196.98847840066097,99.0598751987081,169.54025074360896,-63.96952610546491,29.972549536416928,35.0,0.1203122012732682,12.281512696999597
9.35330603900003,105.94208323299983,SAT_10136,21.020615007077183,196.99095941480917,99.05992013593038,169.54012165460813,-63.969085036283005,29.972721651968968,35.0,0.12031024543856558,12.281374788205278
9.35330603900003,106.04208323299983,SAT_10136,21.010082363741766,196.9317132960474,99.05884623659176,169.54320372423967,-63.97961767961842,29.968610902139712,35.0,0.12035695215909986,12.284667905359363
9.35330603900003,106.14208323299982,SAT_10136,20.988587133937045,196.8108026283959,99.05664935829085,169.54949011475856,-64.00111290942314,29.960217295237598,35.0,0.12045228370041636,12.291387806201772
9.45330603900003,104.8420832329999,SAT_10076,21.076409756765493,197.3048048818059,99.06557345588219,169.52375447050426,-63.913290286594695,29.994462686015225,35.0,0.12006302119924077,12.263935480906419
9.45330603900003,104.94208323299989,SAT_10076,21.05611822750714,197.1906650297277,99.06352036123246,169.5297028989073,-63.933581815853046,29.986556133432746,35.0,0.12015296896365801,12.270282081414841
9.45330603900003,105.04208323299989,SAT_10076,21.024858950889573,197.01483159875383,99.06034541055291,169.53885815688665,-63.964841092470614,29.97436592615307,35.0,0.1202915613452524,12.280057300391785
9.45330603900003,105.14208323299988,SAT_10076,20.982664921927693,196.77749018584328,99.05603631705794,169.55119996682333,-64.0070351214325,29.957892088812123,35.0,0.12047868643840098,12.293248556982881
9.45330603900003,105.24208323299987,SAT_10076,20.929580380596235,196.47888964085385,99.05057626522982,169.56670115075215,-64.06011966276395,29.937134654703943,35.0,0.12071419409782337,12.309838972617912
9.45330603900003,105.34208323299987,SAT_10136,20.8874170126047,196.24172069590142,99.04620920487949,169.57901380741507,-64.10228303075549,29.92063417014549,35.0,0.12090118131614387,12.323002212169769
9.45330603900003,105.44208323299986,SAT_10136,20.942532638993995,196.55174609434124,99.05191327136345,169.56294292462417,-64.04716740436619,29.94221417314581,35.0,0.12065658781368784,12.305782065074155
9.45330603900003,105.54208323299986,SAT_10136,20.98678325513417,196.80065581012974,99.0564588795096,169.55001745122797,-64.00291678822602,29.959512641299963,35.0,0.12046028462274751,12.29195169367526
9.45330603900003,105.64208323299985,SAT_10136,21.020122693872196,196.9881901530311,99.05986384249442,169.54026574121588,-63.96957734948799,29.972529539637964,35.0,0.12031242850525148,12.281528719404827
9.45330603900003,105.74208323299985,SAT_10136,21.042515925375795,197.11415208023885,99.06214138630921,169.53370931718896,-63.94718411798439,29.9812648418462,35.0,0.12021313832184241,12.27452650431978
9.45330603900003,105.84208323299984,SAT_10136,21.05393930132493,197.17840856995272,99.06330030176481,169.53036271308287,-63.93576074203526,29.985718530266713,35.0,0.12016249427316746,12.270954064945936
9.45330603900003,105.94208323299983,SAT_10136,21.054380720874093,197.1808915549168,99.06334504483989,169.53023336722467,-63.935319322486095,29.98589059589673,35.0,0.12016053738508904,12.270816013773073
9.45330603900003,106.04208323299983,SAT_10136,21.043839715919056,197.1215984020447,99.06227578733747,169.53332156737355,-63.94586032744113,29.98178103838844,35.0,0.12020726924445982,12.27411252921157
9.45330603900003,106.14208323299982,SAT_10136,21.02232745440115,197.00059193100645,99.0600884188354,169.53962044859037,-63.96737258895904,29.973389866048976,35.0,0.12030265198889034,12.28083935442875
9.553306039000029,104.8420832329999,SAT_10076,21.080571821477335,197.32821649581004,99.06598706814917,169.52253384042973,-63.90912822188285,29.996083788011248,35.0,0.12004457341874615,12.262633596045626
9.553306039000029,104.94208323299989,SAT_10076,21.06028350505172,197.21409471591596,99.06393576967399,169.52848220278474,-63.929416538308466,29.988179546184124,35.0,0.12013450410009795,12.268979377607751
9.553306039000029,105.04208323299989,SAT_10076,21.029029180698032,197.03828914142645,99.06076360384492,169.53763735928615,-63.960670862662155,29.975992901596122,35.0,0.12027307015150114,12.278753334820633
9.553306039000029,105.14208323299988,SAT_10076,20.98684184185592,196.80098536043957,99.05645830399156,169.5499790327624,-64.00285820150427,29.959523878879573,35.0,0.12046015967780518,12.29194288794363
9.553306039000029,105.24208323299987,SAT_10076,20.93376572639187,196.50243221095428,99.0510030822313,169.56548004584718,-64.05593431696832,29.93877251132365,35.0,0.12069562254769844,12.30853115989709
9.553306039000029,105.34208323299987,SAT_10136,20.90984114838642,196.36785645967362,99.04853064278132,169.57247904284935,-64.07985889497377,29.92941870020407,35.0,0.12080165472756701,12.315996897600918
9.553306039000029,105.44208323299986,SAT_10136,20.964980057524457,196.67801282357507,99.0542173553744,169.55638862591198,-64.02471998583573,29.950992383949917,35.0,0.12055699910893475,12.298766744764734
9.553306039000029,105.54208323299986,SAT_10136,21.009249498148044,196.92702842708275,99.05874919790942,169.54344738901557,-63.98045054521214,29.96828578661522,35.0,0.12036064563752939,12.284928297174257
9.553306039000029,105.64208323299985,SAT_10136,21.04260319743763,197.11464298558667,99.06214388666615,169.53368375499844,-63.94709684592256,29.981298873235406,35.0,0.12021275139591543,12.274499212763608
9.553306039000029,105.74208323299985,SAT_10136,21.065006045036483,197.24065900333022,99.06441457592733,169.5271192989519,-63.924693998323704,29.990031617500936,35.0,0.12011343548863623,12.267492881384094
9.553306039000029,105.84208323299984,SAT_10136,21.076434338093556,197.30494315177626,99.06557000895324,169.52376859036914,-63.91326570526663,29.99448400175658,35.0,0.1200627782812931,12.26391833837277
9.553306039000029,105.94208323299983,SAT_10136,21.07687594780719,197.30742720641544,99.06561461765368,169.52363908580978,-63.912824095553,29.994656017000967,35.0,0.1200608208842485,12.263780205859936
9.553306039000029,106.04208323299983,SAT_10136,21.06633040499088,197.2481085280737,99.06454857290419,169.52673107373892,-63.92336963836931,29.990547662886332,35.0,0.12010756488762514,12.267078662629094
9.553306039000029,106.14208323299982,SAT_10136,21.04480890338941,197.12705008156544,99.06236778648326,169.53303767238867,-63.94489113997078,29.98215894771852,35.0,0.12020297235104345,12.27380944294958
9.553306039000029,106.24208323299982,SAT_10136,21.012334220691017,196.94437999138697,99.05906386466798,169.54254488068,-63.97736582266917,29.969489888457197,35.0,0.1203469660482321,12.283963864398132
9.553306039000029,106.4420832329998,SAT_10136,20.91467330306982,196.39503732976775,99.04903088746872,169.57107019514535,-64.07502674029037,29.931310848764742,35.0,0.1207802100324729,12.314487183877276
9.653306039000029,104.94208323299989,SAT_10076,21.05315076913662,197.17397307639348,99.06320666262889,169.5305724467609,-63.936549274223566,29.98539943689684,35.0,0.12016612419637356,12.271210140163117
9.653306039000029,105.04208323299989,SAT_10076,21.021912814404686,196.9982595810264,99.06003311151494,169.53972050360335,-63.9677872289555,29.973216387842164,35.0,0.12030462514488563,12.280978488049442
9.653306039000029,105.14208323299988,SAT_10076,20.979747522646903,196.76107981488883,99.05572592684051,169.55205262997225,-64.00995252071328,29.956752224132433,35.0,0.1204916269314958,12.294160487941971
9.653306039000029,105.24208323299987,SAT_10076,20.926699065604325,196.46268224402434,99.05026830911028,169.56754169033374,-64.06300097775586,29.936006979052088,35.0,0.12072697963769469,12.310739286836508
9.653306039000029,105.34208323299987,SAT_10136,20.9210308688521,196.43079863729307,99.04968337958238,169.56921623713254,-64.06866917450809,29.933799865763767,35.0,0.12075199687550595,12.312500806263824
9.653306039000029,105.44208323299986,SAT_10136,20.976173169064168,196.74097407598597,99.05536033766629,169.55311846791955,-64.01352687429602,29.955367172122564,35.0,0.12050734679079184,12.295268231708253
9.653306039000029,105.54208323299986,SAT_10136,21.02044538746263,196.9900053044773,99.05988444351514,169.54017129791242,-63.96925465589756,29.972655462700452,35.0,0.12031099758267727,12.281427823102913
9.653306039000029,105.64208323299985,SAT_10136,21.05380121221107,197.17763181868727,99.06327335835235,169.5304031758851,-63.93589883114912,29.98566470253814,35.0,0.12016310644708403,12.27099725135507
9.653306039000029,105.74208323299985,SAT_10136,21.076205503218134,197.303655955602,99.06554019572563,169.52383569670178,-63.913494540142054,29.994394865330065,35.0,0.12006379257476375,12.263989916195573
9.653306039000029,105.84208323299984,SAT_10136,21.08763453749596,197.36794427341476,99.06669367188832,169.52048344324965,-63.90206550586423,29.998845933423656,35.0,0.12001313638961227,12.260414859648627
9.653306039000029,105.94208323299983,SAT_10136,21.088076175918033,197.37042848953894,99.06673820508132,169.52035387895745,-63.901623867442154,29.999017897818906,35.0,0.12001117903185134,12.260276707271757
9.653306039000029,106.04208323299983,SAT_10136,21.077529948898743,197.31110596255544,99.06567396565347,169.52344729255566,-63.912170094461445,29.9949107581681,35.0,0.12005792209275905,12.26357563798113
9.653306039000029,106.14208323299982,SAT_10136,21.056007059711973,197.19003971087983,99.06349687799113,169.52975679593686,-63.933692983648214,29.986524522775834,35.0,0.12015332760439722,12.270307382882793
9.653306039000029,106.24208323299982,SAT_10136,21.023530305400776,197.0073579678794,99.06019857429449,169.53926837514786,-63.96616973795941,29.973859208599208,35.0,0.12029731828446939,12.280463253126296
9.653306039000029,106.34208323299981,SAT_10136,20.9801339164607,196.76325328009145,99.05576629930543,169.5519609937225,-64.00956612689949,29.956914841248295,35.0,0.12048977803312598,12.294030196392148
9.653306039000029,106.4420832329998,SAT_10136,20.92586331767785,196.4579811619379,99.0501827641286,169.5678067467647,-64.06383672568234,29.93569145498682,35.0,0.12073055267528988,12.310990881229174
9.653306039000029,106.5420832329998,SAT_10136,20.860774813650224,196.0918583267825,99.04342594626392,169.58677106342222,-64.12892522970996,29.91018909273306,35.0,0.121019450938982,12.331323808081827
9.653306039000029,112.94208323299944,SAT_10076,20.765729268696845,195.55722713641978,99.03343837276924,169.61436437860075,-64.22397077466334,29.87284310538018,35.0,0.1214417043570655,12.361007797085703
9.753306039000028,104.94208323299989,SAT_10076,21.034727798718222,197.07034386779,99.06133052726702,169.53596884863063,-63.954972244641965,29.97821581110951,35.0,0.12024780288303316,12.276971404237807
9.753306039000028,105.04208323299989,SAT_10076,21.00351758971337,196.8947864421377,99.05815140837,169.54510283392378,-63.98618245364682,29.96603639042275,35.0,0.1203862000866997,12.286729810059086
9.753306039000028,105.14208323299988,SAT_10076,20.961389646685646,196.65781676260676,99.05383664357616,169.55741603778296,-64.02831039667454,29.94957713009272,35.0,0.12057306213624974,12.299898426848054
9.753306039000028,105.24208323299987,SAT_10076,20.90838801160801,196.35968256529506,99.04836938241176,169.57288140749327,-64.08131203175218,29.92883806339925,35.0,0.12080823952374818,12.316460448134414
9.753306039000028,105.34208323299987,SAT_10136,20.920974139273497,196.4304795334134,99.04967240036035,169.5692327821378,-64.06872590408669,29.93377765809552,35.0,0.12075224862007769,12.312518531424343
9.753306039000028,105.44208323299986,SAT_10136,20.976099871057613,196.7405617746991,99.05534713951536,169.5531398867317,-64.01360017230257,29.95533852894769,35.0,0.12050767192500522,12.295291142593554
9.753306039000028,105.54208323299986,SAT_10136,21.02035876566697,196.98951805687673,99.05986948713901,169.54019664977233,-63.96934127769322,29.97262166085002,35.0,0.120311381690003,12.281454907080915
9.753306039000028,105.64208323299985,SAT_10136,21.05370453921678,197.1770880330944,99.0632570907841,169.5304315028394,-63.935995504143406,29.98562701884837,35.0,0.12016353501626321,12.2710274851361
9.753306039000028,105.74208323299985,SAT_10136,21.076102072912605,197.3030741601334,99.06552305390241,169.52386602768908,-63.91359797044758,29.994354576641044,35.0,0.12006425102243581,12.264022268377108
9.753306039000028,105.84208323299984,SAT_10136,21.087527658187597,197.36734307730524,99.06667608606264,169.5205147983286,-63.90217238517259,29.99880431657808,35.0,0.1200136100836329,12.26044829333844
9.753306039000028,105.94208323299983,SAT_10136,21.087969163307967,197.36982654360733,99.06672060212533,169.52038527363334,-63.90173088005222,29.998976229660794,35.0,0.12001165331507968,12.260310182764602
9.753306039000028,106.04208323299983,SAT_10136,21.077426118974245,197.31052191923013,99.06565677230904,169.5234777421575,-63.91227392438594,29.994870315541522,35.0,0.1200583823070869,12.263608115462882
9.753306039000028,106.14208323299982,SAT_10136,21.055909721636965,197.18949218420792,99.06348052411803,169.5297853199964,-63.93379032172322,29.986486582523632,35.0,0.12015375911478733,12.27033782513568
9.753306039000028,106.24208323299982,SAT_10136,21.02344275447848,197.00686549394146,99.0601834961683,169.53929400173192,-63.96625728888171,29.973825047561732,35.0,0.1202977065027709,12.280490628208748
9.753306039000028,106.34208323299981,SAT_10136,20.980059427242367,196.7628342782383,99.05575294301823,169.55198276367133,-64.00964061611782,29.956885736262123,35.0,0.12049010844143802,12.294053480267173
9.753306039000028,106.4420832329998,SAT_10136,20.925805137288535,196.45765389724804,99.0501715891483,169.56782371779016,-64.06389490607165,29.935668682883485,35.0,0.12073081084865306,12.311009060316334
9.753306039000028,106.5420832329998,SAT_10136,20.860736155398286,196.09164087411537,99.04341742921214,169.58678231402342,-64.1289638879619,29.910173930337763,35.0,0.12101962256718789,12.331335881709057
9.753306039000028,116.44208323299924,SAT_10091,20.567753955272977,194.44361599841048,99.01219569426026,169.67239914803883,-64.42194608808721,29.795148536125033,35.0,0.12231655525976154,12.422378920913646
9.853306039000028,105.04208323299989,SAT_10076,20.973863461561578,196.7279819712839,99.05511139156181,169.5537720867418,-64.01583658179861,29.954452923642492,35.0,0.12051772729348431,12.295999691405829
9.853306039000028,105.14208323299988,SAT_10076,20.931788047628274,196.49130776790906,99.05078329443414,169.56605707042584,-64.05791199573191,29.937998611055647,35.0,0.12070439798887161,12.309149138372852
9.853306039000028,105.24208323299987,SAT_10076,20.878852246698898,196.1935438876813,99.0452990698294,169.58148710853865,-64.11084779666129,29.917265778648506,35.0,0.12093933537778684,12.325687131393346
9.853306039000028,105.34208323299987,SAT_10136,20.90967102072598,196.36689949158364,99.04849803256737,169.57252864034973,-64.0800290226342,29.929352077243575,35.0,0.1208024097539412,12.316050049774118
9.853306039000028,105.44208323299986,SAT_10136,20.964760242838295,196.67677636596542,99.05417807763624,169.55645283360144,-64.02493980052189,29.95090645448236,35.0,0.12055797424241149,12.298835447160409
9.853306039000028,105.54208323299986,SAT_10136,21.00898972691764,196.9255672139117,99.05870463703465,169.54352338672385,-63.98071031644255,29.968184381131262,35.0,0.12036179764020888,12.285009513209758
9.853306039000028,105.64208323299985,SAT_10136,21.04231328387565,197.11301222180055,99.06209538593266,169.5337686710532,-63.94738675948454,29.981185822241162,35.0,0.12021403674608701,12.274589873926415
9.853306039000028,105.74208323299985,SAT_10136,21.064695867153972,197.2389142527411,99.06436344825306,169.52721022241576,-63.925004176206215,29.98991075151414,35.0,0.12011481044857353,12.26758989485603
9.853306039000028,105.84208323299984,SAT_10136,21.076113817101216,197.30314022119435,99.06551754715493,169.52386258370564,-63.91358622625897,29.994359151302767,35.0,0.12006419896711451,12.264018594888993
9.853306039000028,105.94208323299983,SAT_10136,21.076555027060564,197.3056220272157,99.06556210438278,169.5237331978441,-63.91314501629962,29.99453101260964,35.0,0.12006224333718395,12.263880587727968
9.853306039000028,106.04208323299983,SAT_10136,21.066019028702954,197.24635703645413,99.06449729042053,169.5268223527681,-63.923681014657234,29.99042633508716,35.0,0.12010894514600608,12.267176051830287
9.853306039000028,106.14208323299982,SAT_10136,21.044516995333417,197.12540809875048,99.06231902642253,169.53312317929817,-63.94518304802677,29.982045127037498,35.0,0.12020426652232141,12.27390072924377
9.853306039000028,106.24208323299982,SAT_10136,21.01207166311869,196.94290310504263,99.05901893795868,169.5426217019218,-63.9776283802415,29.969387405412828,35.0,0.12034813038032881,12.284045953352194
9.853306039000028,106.34208323299981,SAT_10136,20.968717171415733,196.6990340892135,99.05458425967795,169.5552969417016,-64.02098287194445,29.952453195815774,35.0,0.12054042091463694,12.297598705143987
9.853306039000028,106.4420832329998,SAT_10136,20.9144988245681,196.39405588819557,99.04899768903005,169.57112106972806,-64.07520121879209,29.931242532500097,35.0,0.12078098433983094,12.31454169722429
9.853306039000028,106.5420832329998,SAT_10136,20.84947277867812,196.02828438006443,99.042237186161,169.59005960877195,-64.14022726468207,29.905755458371587,35.0,0.12106962986518198,12.334853484416515
9.853306039000028,106.6420832329998,SAT_10136,20.773705657906078,195.6020943257217,99.03427571597415,169.61207168009824,-64.21599438545411,29.875992024989213,35.0,0.12140613089216688,12.358508599452922
9.953306039000028,105.14208323299988,SAT_10076,20.890974567633975,196.26173194294114,99.04655401807311,169.57795616899656,-64.09872547572621,29.92201669009004,35.0,0.12088552638960952,12.321900470430071
9.953306039000028,105.24208323299987,SAT_10076,20.83812338091076,195.96444401762304,99.04104538529684,169.5933393835221,-64.15157666244943,29.901290147857,35.0,0.12112015982681475,12.338407266957505
9.953306039000028,105.34208323299987,SAT_10136,20.88713366964872,196.24012689177405,99.04615595017667,169.57909634514772,-64.10256637371147,29.920523132025487,35.0,0.12090243900366317,12.323090721585585
9.953306039000028,105.44208323299986,SAT_10136,20.942166545056438,196.54968681594247,99.05184886819856,169.56304977531823,-64.04753349830375,29.94207095755677,35.0,0.12065821214071552,12.305896468401565
9.953306039000028,105.54208323299986,SAT_10136,20.98635061625569,196.7982222164383,99.05638564281179,169.55014392161098,-64.0033494271045,29.95934363238451,35.0,0.1204622035650014,12.29208693431301
9.953306039000028,105.64208323299985,SAT_10136,21.019639855240356,196.985474185727,99.05978401834865,169.5404070524396,-63.97006018811983,29.972341121564476,35.0,0.12031456956668755,12.281679687678018
9.953306039000028,105.74208323299985,SAT_10136,21.041999338198032,197.11124627736393,99.0620571699595,169.53386062516375,-63.947700705162156,29.981063398802423,35.0,0.12021542864735142,12.274688050153467
9.953306039000028,105.84208323299984,SAT_10136,21.053405488596475,197.17540587335515,99.06321385479401,169.53051912952404,-63.93629455476371,29.985510446453386,35.0,0.12016486076470062,12.271121010928361
9.953306039000028,105.94208323299983,SAT_10136,21.05384624239023,197.17788511344506,99.0632585118084,169.53038998118643,-63.93585380096996,29.98568225552123,35.0,0.12016290682011835,12.270983168484635
9.953306039000028,106.04208323299983,SAT_10136,21.043321132899713,197.1186813725609,99.06219131214998,169.5334734670327,-63.946378910460474,29.981578825658396,35.0,0.12020956839563968,12.27427470069053
9.953306039000028,106.14208323299982,SAT_10136,21.021841294099843,196.9978572793116,99.06000816109696,169.53976274304023,-63.967858749260344,29.973200165165895,35.0,0.12030480774376584,12.280991363642238
9.953306039000028,106.24208323299982,SAT_10136,20.989429382267232,196.81554027525317,99.05670065159113,169.5492438847862,-64.00027066109296,29.96054629099353,35.0,0.1204485480302491,12.291124519270046
9.953306039000028,106.34208323299981,SAT_10136,20.946119417155074,196.5719217214973,99.0522559684617,169.5618959897938,-64.04358062620511,29.943617228740354,35.0,0.12064067382670193,12.304661191324945
9.953306039000028,106.4420832329998,SAT_10136,20.8919565450488,196.2672555658995,99.04665674146942,169.57769133014853,-64.09774349831139,29.92241301265533,35.0,0.12088103184667798,12.321584148971509
9.953306039000028,106.5420832329998,SAT_10136,20.82699672718384,195.9018565904091,99.03988084426791,169.59659555305805,-64.16270331617635,29.896933685638242,35.0,0.12116943191581485,12.341872016840725
9.953306039000028,106.6420832329998,SAT_10136,20.751306358042285,195.47609826398784,99.03190113524974,169.6185679263424,-64.2383936853179,29.86717929924086,35.0,0.12150564816378528,12.365499410052582
10.053306039000027,105.04208323299989,SAT_10076,20.880918450722305,196.20516628531294,99.04550456378189,169.5808853800027,-64.10878159263788,29.91807568308598,35.0,0.12093016349299947,12.325041732228156
10.053306039000027,105.14208323299988,SAT_10076,20.838992829470925,195.96933466577397,99.04113211167132,169.59308654819213,-64.15070721388926,29.901631399039,35.0,0.12111629915096622,12.338135765585173
10.053306039000027,105.24208323299987,SAT_10136,20.787651834942608,195.6805415715522,99.03574062382805,169.6080244158222,-64.20204820841758,29.881475828586137,35.0,0.12134417813633945,12.354155443045174
10.053306039000027,105.34208323299987,SAT_10136,20.853386250519833,196.05029765917405,99.04263712309994,169.5889210570378,-64.13631379284035,29.907290840032363,35.0,0.12105225430123369,12.333631321533687
10.053306039000027,105.44208323299986,SAT_10136,20.9083431312836,196.35943011347027,99.04835057687487,169.57291575115244,-64.08135691207659,29.928832055774496,35.0,0.12080830295894959,12.316464913739697
10.053306039000027,105.54208323299986,SAT_10136,20.952465940342094,196.60762091442427,99.05290364598147,169.56004319551556,-64.0372341030181,29.94609943222333,35.0,0.12061251632393942,12.302677823401922
10.053306039000027,105.64208323299985,SAT_10136,20.985708876067434,196.79461242787931,99.05631418607696,169.5503315135976,-64.00399116729275,29.959092934439393,35.0,0.12046504997435853,12.29228753816019
10.053306039000027,105.74208323299985,SAT_10136,21.00803718714652,196.92020917769918,99.05859545475086,169.543802052258,-63.98166285621367,29.96781253613202,35.0,0.120366021870088,12.28530731821759
10.053306039000027,105.84208323299984,SAT_10136,21.019427413855254,196.9842792029358,99.0597562638443,169.54046922638597,-63.97027262950493,29.972258219658645,35.0,0.12031551160243703,12.281746111175174
10.053306039000027,105.94208323299983,SAT_10136,21.019867552029403,196.9867549801654,99.05980108000486,169.5403404132672,-63.969832491330784,29.97242997602436,35.0,0.1203135598850839,12.281608494202871
10.053306039000027,106.04208323299983,SAT_10136,21.009357137307255,196.9276338973533,99.05873007544706,169.5434158982977,-63.98034290605293,29.96832780488165,35.0,0.1203601682927996,12.284894644344089
10.053306039000027,106.14208323299982,SAT_10136,20.987907248393498,196.80697827221343,99.05653912990672,169.54968887288027,-64.00179279496669,29.959951714530398,35.0,0.12045529925132985,12.291600337365498
10.053306039000027,106.24208323299982,SAT_10136,20.955540429294587,196.62491491478204,99.05321978382686,169.55914548453694,-64.0341596140656,29.947301721918105,35.0,0.12059887627856695,12.301716975168205
10.053306039000027,106.34208323299981,SAT_10136,20.912290531681066,196.381634240706,99.04875914186444,169.5717649384655,-64.07740951167912,29.93037785264033,35.0,0.12079078447389385,12.315231641380066
10.053306039000027,106.4420832329998,SAT_10136,20.858202479710343,196.0773889483707,99.04313972482868,169.5875196489797,-64.13149756364984,29.909180140941377,35.0,0.12103087124940691,12.332127184362106
10.053306039000027,106.5420832329998,SAT_10136,20.79333196075146,195.71249227922695,99.03633926711862,169.6063754385362,-64.19636808260873,29.883708629715194,35.0,0.12131894729369327,12.35238232649404
10.053306039000027,106.6420832329998,SAT_10136,20.717745046487764,195.28731588649367,99.02833045558683,169.62829178136033,-64.27195499687242,29.853963370506523,35.0,0.12165478775602062,12.375971798262597
10.153306039000027,104.64208323299991,SAT_10076,20.876369042496222,196.17957586404128,99.04502679448267,169.5822102195296,-64.11333100086397,29.916292349366078,35.0,0.12095035851496173,12.326462772185476
10.153306039000027,104.8420832329999,SAT_10076,20.868829890309826,196.13716813299277,99.04424211040688,169.58440523814818,-64.12087015305036,29.913336490928614,35.0,0.1209838266537869,12.328817579177004
10.153306039000027,104.94208323299989,SAT_10076,20.84871482916182,196.02402091403522,99.0421441382905,169.59025886570484,-64.14098521419837,29.905446560796072,35.0,0.12107313155203363,12.335099777737563
10.153306039000027,105.04208323299989,SAT_10076,20.81772684208903,195.84971348675077,99.03889963163557,169.59926846464273,-64.17197320127116,29.89328198178924,35.0,0.12121073524403596,12.344775983173626
10.153306039000027,105.14208323299988,SAT_10076,20.77589792693888,195.6144258390312,99.0344958320996,169.61141439552205,-64.2138021164213,29.87684277852081,35.0,0.12139652896258968,12.357833970457483
10.153306039000027,105.24208323299987,SAT_10136,20.74284384099184,195.4284966055791,99.03099680936177,169.62102089077203,-64.24685620236835,29.863848206967603,35.0,0.12154325036279344,12.368140268201124
10.153306039000027,105.34208323299987,SAT_10136,20.80846476297002,195.79761429170637,99.03792771084382,169.60198067495048,-64.18123528039017,29.889655227629376,35.0,0.12125173332214172,12.347658099746925
10.153306039000027,105.44208323299986,SAT_10136,20.86332627314134,196.10621028642004,99.04366951390499,169.5860284854754,-64.12637377021885,29.911189775512998,35.0,0.12100812352097118,12.330526936735481
10.153306039000027,105.54208323299986,SAT_10136,20.907372190973035,196.3539685742233,99.0482450761309,169.57319879145302,-64.08232785238715,29.928451807035035,35.0,0.12081261205233121,12.316768255916836
10.153306039000027,105.64208323299985,SAT_10136,20.940557005108204,196.54063315373364,99.05167240765681,169.5635195303235,-64.04914303825198,29.941441287260638,35.0,0.12066535358279407,12.306399441606313
10.153306039000027,105.74208323299985,SAT_10136,20.962846185409276,196.66600979292718,99.05396488045226,169.55701190713032,-64.02685385795091,29.950158189902627,35.0,0.12056646537874245,12.299433675344474
10.153306039000027,105.84208323299984,SAT_10136,20.9742164219184,196.72996737329098,99.05513138223282,169.5536902407004,-64.01548362144179,29.954602497320774,35.0,0.12051602656242487,12.295879851499732
10.153306039000027,105.94208323299983,SAT_10136,20.974655787247826,196.73243880326902,99.05517641806043,169.5535618590635,-64.01504425611236,29.95477420052136,35.0,0.12051407760722582,12.295742519962989
10.153306039000027,106.04208323299983,SAT_10136,20.96416382000791,196.67342148754452,99.05410016163012,169.55662704570872,-64.02553622335228,29.950673299156914,35.0,0.12056062007861713,12.299021856721854
10.153306039000027,106.14208323299982,SAT_10136,20.942751528039224,196.55297734522065,99.05189845724452,169.56287903750217,-64.04694851532096,29.94229980152622,35.0,0.12065561662412631,12.305713662720889
10.153306039000027,106.24208323299982,SAT_10136,20.910441311399453,196.3712323766219,99.04856277251454,169.57230407429893,-64.07925873196073,29.929653724574543,35.0,0.12079899121245191,12.31580939102389
10.153306039000027,106.34208323299981,SAT_10136,20.867266806247486,196.1283757851421,99.04408010086341,169.58488149948556,-64.1224332371127,29.912735093894042,35.0,0.12099062961864478,12.329296201902533
10.153306039000027,106.4420832329998,SAT_10136,20.813272651920812,195.82465866705456,99.03843281191754,169.60058390992063,-64.17642739143938,29.891543943724493,35.0,0.12123038014913678,12.346157045094095
10.153306039000027,106.5420832329998,SAT_10136,20.74851418461482,195.46039228845837,99.0315984468126,169.61937735299514,-64.24118585874537,29.86608031695416,35.0,0.12151805459740225,12.366370768106988
10.153306039000027,106.6420832329998,SAT_10136,20.673057062071152,195.03594597415025,99.0235494542836,169.64122156787573,-64.31664298128904,29.836344265120953,35.0,0.1218534294182515,12.389912249116014
10.153306039000027,106.74208323299979,SAT_10136,20.58697682460584,194.55174463840785,99.01425286210939,169.6660702673751,-64.40272321875435,29.802335848413772,35.0,0.12223624710624029,12.416752552686786
10.253306039000027,103.94208323299995,SAT_10104,20.680154603626406,195.07586964539854,99.02434171579971,169.6400527826684,-64.30954543973378,29.839617348474604,35.0,0.12181610990502546,12.387293895634972
10.253306039000027,104.04208323299994,SAT_10104,20.604902882666977,194.65257871500177,99.01623139482304,169.66178393898434,-64.38479716069321,29.809895463180457,35.0,0.12215070639617666,12.410757978493145
10.253306039000027,104.64208323299991,SAT_10076,20.80196038158323,195.76102714640567,99.03723914386677,169.60384870252057,-64.18773966177696,29.88708814994349,35.0,0.12128075918544035,12.349698350014455
10.253306039000027,104.7420832329999,SAT_10076,20.80363801109658,195.77046381241828,99.03741558806432,169.60336146363656,-64.1860620322636,29.887747351224032,35.0,0.12127330790060274,12.349174611950486
10.253306039000027,104.8420832329999,SAT_10076,20.794441329694536,195.71873247953175,99.03644777805482,169.60603212868992,-64.19525871366565,29.884133213025343,35.0,0.12131415661479172,12.352045641386281
10.253306039000027,104.94208323299989,SAT_10076,20.7743798322595,195.60588655645967,99.03433191922713,169.61185487023639,-64.21532021110069,29.87624574266109,35.0,0.12140327305047172,12.35830781047493
10.253306039000027,105.04208323299989,SAT_10076,20.743474176048693,195.4320422402739,99.0310596876169,169.62081701187938,-64.2462258673115,29.864084956092764,35.0,0.12154058696589137,12.367953224558994
10.253306039000027,105.14208323299988,SAT_10076,20.70175603822868,195.19737771503634,99.02661813405146,169.63289911991114,-64.28794400513151,29.8476508779301,35.0,0.12172599059970221,12.380969772550769
10.253306039000027,105.24208323299987,SAT_10136,20.68693198501815,195.11399241572707,99.02503385808869,169.6372092502528,-64.30276805834204,29.841817369655665,35.0,0.12179174726713053,12.385584430477792
10.253306039000027,105.34208323299987,SAT_10136,20.752416785954196,195.48234442099235,99.03200889823121,169.61824600085325,-64.23728325740599,29.867616329956512,35.0,0.1215007142829324,12.36515287222633
10.253306039000027,105.44208323299986,SAT_10136,20.80716390161095,195.79029694656157,99.03778707204168,169.60235855428007,-64.18253614174924,29.88914415192437,35.0,0.12125751094082311,12.348064228452717
10.253306039000027,105.54208323299986,SAT_10136,20.85111758406717,196.03753641037784,99.04239149062299,169.58958110244117,-64.13858245929302,29.906400791981422,35.0,0.12106232697292449,12.33433982186035
10.253306039000027,105.64208323299985,SAT_10136,20.884232674326427,196.22380879308614,99.04584036312404,169.57994135686084,-64.10546736903376,29.919386215197317,35.0,0.12091531593958665,12.323996911430644
10.253306039000027,105.74208323299985,SAT_10136,20.906474910726402,196.34892137283603,99.0481472088535,169.5734603503671,-64.08322513263379,29.928100395288254,35.0,0.12081659426566072,12.317048583289282
10.253306039000027,105.84208323299984,SAT_10136,20.917821165097365,196.41274405367267,99.04932101325706,169.57015228513768,-64.07187887826282,29.932543314616282,35.0,0.12076624050422934,12.313503667237194
10.253306039000027,105.94208323299983,SAT_10136,20.918259603241722,196.41521026823466,99.0493663308739,169.57002442939188,-64.07144044011847,29.932714964188836,35.0,0.12076429483710682,12.313366680078305
10.253306039000027,106.04208323299983,SAT_10136,20.907789767376897,196.35631744149504,99.04828333730589,169.57307706430367,-64.08191027598329,29.92861534365849,35.0,0.12081075881848154,12.31663779651963
10.253306039000027,106.14208323299982,SAT_10136,20.886422579329576,196.23612700872886,99.04606783121818,169.57930348194435,-64.10327746403061,29.92024446132296,35.0,0.12090559536498874,12.323312848044237
10.253306039000027,106.24208323299982,SAT_10136,20.854180264431903,196.05476398742948,99.04271118641088,169.58869003428873,-64.13551977892828,29.907602334125325,35.0,0.12104872899234118,12.333383349772546
10.253306039000027,106.34208323299981,SAT_10136,20.811096197242847,195.812416109491,99.03820025302191,169.60121623253406,-64.17860384611734,29.89068898765446,35.0,0.12124004629548207,12.346836554942252
10.253306039000027,106.4420832329998,SAT_10136,20.75721467135854,195.50933252639177,99.03251720591138,169.6168548952204,-64.23248537200165,29.869504456145727,35.0,0.1214793966661306,12.363655536260854
10.253306039000027,106.5420832329998,SAT_10136,20.692590596659315,195.14582210620864,99.02563933720212,169.63557234291767,-64.29710944670087,29.844048782481867,35.0,0.1217665932386376,12.383819293026429
10.253306039000027,106.6420832329998,SAT_10136,20.617289128341355,194.72225134692013,99.01753878877223,169.65732863658033,-64.37241091501883,29.814322018194147,35.0,0.12210141405232244,12.407302882580328
10.253306039000027,106.74208323299979,SAT_10136,20.531385232971758,194.23904193546613,99.00818221917112,169.68207785607902,-64.45831481038843,29.780324223463722,35.0,0.12248360341597855,12.434077574357156
10.353306039000026,103.94208323299995,SAT_10104,20.73805262573491,195.40154601975888,99.03051520106227,169.6232937500815,-64.25164741762528,29.862437412608852,35.0,0.12155880045826607,12.369232279694364
10.353306039000026,104.04208323299994,SAT_10104,20.6626883547942,194.97762199571739,99.02246527731056,169.64510181321188,-64.32701168856599,29.83272501017863,35.0,0.1218937546989543,12.392741130833791
10.353306039000026,104.54208323299991,SAT_10076,20.704036129798098,195.2102032301143,99.02685882302488,169.63223923506828,-64.28566391356209,29.848549634394573,35.0,0.12171585594627353,12.380258456942101
10.353306039000026,104.64208323299991,SAT_10076,20.716548660580344,195.28058621576443,99.02819334832483,169.62861701982195,-64.27315138277984,29.853480622269036,35.0,0.12166024272520658,12.376354742501716
10.353306039000026,104.7420832329999,SAT_10076,20.718221250565122,195.28999453442884,99.02837154540303,169.62813270566173,-64.27147879279507,29.854139616195056,35.0,0.12165280911772441,12.375832894210673
10.353306039000026,104.8420832329999,SAT_10076,20.70905218636807,195.2384185483204,99.0273941174669,169.6307873436566,-64.28064785699212,29.850526614838824,35.0,0.12169356095326893,12.378693567221077
10.353306039000026,104.94208323299989,SAT_10076,20.68905085433545,195.1259110556369,99.02525720400179,169.63657517600984,-64.30064918902474,29.842641625513146,35.0,0.12178246629462938,12.38493317223342
10.353306039000026,105.04208323299989,SAT_10076,20.658237675966234,194.95258692731008,99.02195233630903,169.6454836775835,-64.33146236739395,29.83048466417766,35.0,0.12191945563974212,12.394543898348354
10.353306039000026,105.14208323299988,SAT_10076,20.616643967898582,194.71862231942956,99.01746633960491,169.65749364590687,-64.3730560754616,29.81405575543925,35.0,0.12210442235959487,12.407513762634396
10.353306039000026,105.24208323299987,SAT_10136,20.619974582953134,194.7373570291114,99.01782742809311,169.65655374015572,-64.36972546040705,29.815383360551827,35.0,0.12208947024707831,12.406465610556099
10.353306039000026,105.34208323299987,SAT_10136,20.685301142807972,195.10481892829486,99.02485666979601,169.6376809551258,-64.30439890055221,29.841174190929575,35.0,0.12179899698784817,12.386093139368148
10.353306039000026,105.44208323299986,SAT_10136,20.73991526841077,195.41202338481057,99.03067950404689,169.62186960300798,-64.24978477494942,29.862695228936357,35.0,0.12155626367941799,12.369054137198386
10.353306039000026,105.54208323299986,SAT_10136,20.783761718052574,195.65865966404573,99.03531935453776,169.60915355132127,-64.20593832530761,29.879946430999805,35.0,0.12136145846073715,12.355369746525408
10.353306039000026,105.64208323299985,SAT_10136,20.816795745016762,195.84447606571928,99.03879467576904,169.599560247233,-64.17290429834343,29.89292776219394,35.0,0.12121473359724445,12.345057079707109
10.353306039000026,105.74208323299985,SAT_10136,20.838983401752103,195.9692816348556,99.04111916867464,169.5931105220652,-64.15071664160808,29.901639196238243,35.0,0.12111620452877209,12.338129111252371
10.353306039000026,105.84208323299984,SAT_10136,20.850301772770365,196.03294747183332,99.0423019391629,169.58981844151114,-64.13939827058982,29.90608071549697,35.0,0.12106594914221569,12.334594595433435
10.353306039000026,105.94208323299983,SAT_10136,20.850739132898113,196.0354076225519,99.04234760275602,169.58969120381155,-64.13896091046207,29.90625231097868,35.0,0.12106400727812577,12.334458010351076
10.353306039000026,106.04208323299983,SAT_10136,20.840295028572797,195.97665953572198,99.04125633740601,169.59272908743148,-64.14940501478739,29.902153982335992,35.0,0.12111038047748433,12.337719529214409
10.353306039000026,106.14208323299982,SAT_10136,20.81898028099269,195.85676408058387,99.03902388552798,169.5989254490327,-64.1707197623675,29.893785737865592,35.0,0.12120503197189908,12.344375019228485
10.353306039000026,106.24208323299982,SAT_10136,20.786816911071867,195.67584512477924,99.0356415052909,169.60826677177425,-64.20288313228832,29.881147594508427,35.0,0.12134788691734064,12.354416068105166
10.353306039000026,106.34208323299981,SAT_10136,20.74383798730281,195.43408867857832,99.03109587020586,169.6207327632052,-64.24586205605738,29.864239577850178,35.0,0.1215388328684388,12.367830037833915
10.353306039000026,106.4420832329998,SAT_10136,20.690087398748673,195.1317416179613,99.02536891502014,169.63629650126623,-64.29961264461151,29.843061722121924,35.0,0.12177772048731189,12.384600144979887
10.353306039000026,106.5420832329998,SAT_10136,20.62561955644891,194.76911000502514,99.01843762482528,169.65492462620983,-64.36408048691128,29.817614070201046,35.0,0.12206436447800101,12.404705566424488
10.353306039000026,106.6420832329998,SAT_10136,20.550499027509602,194.34655702974152,99.01027376308369,169.67657757559084,-64.43920101585059,29.78789667361236,35.0,0.12239854473487718,12.428121569137213
10.353306039000026,106.74208323299979,SAT_10136,20.464800107018903,193.86450060198135,99.00084353292297,169.70120985890537,-64.52489993634128,29.753909592529485,35.0,0.12278000769094781,12.454819662274444
10.353306039000026,106.84208323299978,SAT_10136,20.36860633368812,193.3234106269957,98.99010716449436,169.72877036795242,-64.62109370967207,29.715652895776415,35.0,0.12320846784984922,12.484767769646206
10.453306039000026,104.54208323299991,SAT_10076,20.60775105370064,194.66859967706608,99.016501758544,169.6600591465625,-64.38194898965955,29.81054041029109,35.0,0.12214397637174979,12.41028627701638
10.453306039000026,104.64208323299991,SAT_10076,20.6202219162829,194.73874827909134,99.01785149526363,169.6564612233793,-64.36947812707729,29.815469833315145,35.0,0.12208850904498474,12.406398227968152
10.453306039000026,104.7420832329999,SAT_10076,20.621888932815622,194.7481252470879,99.01803172220237,169.65598015875435,-64.36781111054457,29.816128618109317,35.0,0.12208109495029884,12.40587847494924
10.453306039000026,104.8420832329999,SAT_10076,20.61275041180525,194.69672106640456,99.01704315653028,169.65861698971446,-64.37694963155494,29.81251676333994,35.0,0.1221217398483841,12.408727665332036
10.453306039000026,104.94208323299989,SAT_10076,20.592815619723766,194.5845878609462,99.01488186105627,169.66436603535445,-64.39688442363642,29.804634276319,35.0,0.12221041217856368,12.414942252422419
10.453306039000026,105.04208323299989,SAT_10076,20.56210471767386,194.41183903691544,99.01153919867919,169.67321493753434,-64.42759532568633,29.792481173004337,35.0,0.12234704325718261,12.424514517899132
10.453306039000026,105.14208323299988,SAT_10076,20.52064862406776,194.17864851038115,99.00700173208759,169.68514474909537,-64.46905141929243,29.776057478000062,35.0,0.12253152770813258,12.437432620488991
10.453306039000026,105.24208323299987,SAT_10136,20.54204070073905,194.29897894165717,99.00934760710986,169.6790120421415,-64.44765934262114,29.784546232334872,35.0,0.12243618384181827,12.430757348972698
10.453306039000026,105.34208323299987,SAT_10136,20.60718749214314,194.66542964330515,99.01644151812206,169.66024283939316,-64.38251255121705,29.810328863241445,35.0,0.12214634411107839,12.410452230954242
10.453306039000026,105.44208323299986,SAT_10136,20.66165053246681,194.9717842451258,99.02231763509572,169.6445186123292,-64.32804951089338,29.831843059253593,35.0,0.12190414283889288,12.39346981497889
10.453306039000026,105.54208323299986,SAT_10136,20.705375156746072,195.21773525669667,99.02699975628077,169.63187285893014,-64.28432488661412,29.849088776804244,35.0,0.12170976634722885,12.379831038140997
10.453306039000026,105.64208323299985,SAT_10136,20.73831708794944,195.40303361971561,99.03050663012505,169.62233272523883,-64.25138295541075,29.862065980971654,35.0,0.12156336542481788,12.369552845718744
10.453306039000026,105.74208323299985,SAT_10136,20.76044273635229,195.52749039198164,99.03285217513667,169.61591881305876,-64.2292573070079,29.8707746454785,35.0,0.12146505438825136,12.362648085039392
10.453306039000026,105.84208323299984,SAT_10136,20.77172942873507,195.59097803663477,99.03404564151754,169.61264503263376,-64.21797061462512,29.87521475269118,35.0,0.12141491036478912,12.35912542431774
10.453306039000026,105.94208323299983,SAT_10136,20.77216556411203,195.59343129813016,99.03409171783338,169.61251850250432,-64.21753447924816,29.875386293619332,35.0,0.12141297280585739,12.35898929755732
10.453306039000026,106.04208323299983,SAT_10136,20.761750693727535,195.5348476522174,99.03299058485109,169.61553949805034,-64.22794934963265,29.87128926791563,35.0,0.12145924323737983,12.362239876260558
10.453306039000026,106.14208323299982,SAT_10136,20.740495524155904,195.41528732337696,99.03073791761145,169.62170144949684,-64.24920451920428,29.862923683875742,35.0,0.1215536852501092,12.36887306833309
10.453306039000026,106.24208323299982,SAT_10136,20.70842184345571,195.2348728694384,99.02732483577779,169.63099098941566,-64.28127819990448,29.85028955843857,35.0,0.12169622473008396,12.378880544197294
10.453306039000026,106.34208323299981,SAT_10136,20.66556237145997,194.99378833946233,99.02273780127669,169.64338804900143,-64.32413767190022,29.83338691718668,35.0,0.1218867503262828,12.39224978975919
10.453306039000026,106.4420832329998,SAT_10136,20.61196053637292,194.6922780170977,99.016958461187,169.65886600167366,-64.37773950698727,29.812215794347,35.0,0.12212511414957004,12.408964185511042
10.453306039000026,106.5420832329998,SAT_10136,20.547670180892382,194.33064476751966,99.00996343270691,169.67739185185843,-64.4420298624678,29.786776232791706,35.0,0.12241113269417572,12.429003110706903
10.453306039000026,106.6420832329998,SAT_10136,20.472755202032516,193.9092480114329,99.00172402579078,169.6989264661684,-64.51694484132767,29.757068284039352,35.0,0.12274458797030299,12.452342071228335
10.453306039000026,106.74208323299979,SAT_10136,20.387289129685158,193.428501354479,98.99220589765854,169.72342484362716,-64.60241091367503,29.723092008256245,35.0,0.12312522883405688,12.478952849470057
10.453306039000026,106.84208323299978,SAT_10136,20.29135464969484,192.88886990453346,98.98136863178296,169.75083642109948,-64.69834539366535,29.68484747425802,35.0,0.12355277249878695,12.508803674325103
10.453306039000026,106.94208323299978,SAT_10076,20.308399717216048,192.98474840934026,98.98330528920994,169.74595182057584,-64.68130032614414,29.691639804977953,35.0,0.12347692974257414,12.503511380803685
10.453306039000026,107.14208323299977,SAT_10076,20.450909584779694,193.78636641438578,98.9993023915861,169.70517432060745,-64.5387904585805,29.74838118450962,35.0,0.12284200019223043,12.459155322290416
10.453306039000026,107.24208323299976,SAT_10076,20.506244796286595,194.09762697911208,99.00541835707159,169.68928566323547,-64.48345524707359,29.770346147231614,35.0,0.12259563947190878,12.441920091597819
10.553306039000026,104.94208323299989,SAT_10076,20.485771453351987,193.98246442510495,99.00316133414579,169.69516787441108,-64.5039285900082,29.762223770826505,35.0,0.1226867783475651,12.448297708076067
10.553306039000026,105.04208323299989,SAT_10076,20.45517224462249,193.8103438760015,98.99977542666414,169.7039514622206,-64.5345277987377,29.750074558314385,35.0,0.12282301866922556,12.457827876162254
10.553306039000026,105.14208323299988,SAT_10076,20.413866438179866,193.57799871476175,98.99517906524908,169.715793427837,-64.57583360518032,29.733656121345675,35.0,0.1230069771160368,12.470689321572948
10.553306039000026,105.24208323299987,SAT_10136,20.45320968300784,193.79930446691912,98.99955854228017,169.7045355759802,-64.53649036035235,29.749306046462372,35.0,0.12283161721711,12.458429213617416
10.553306039000026,105.34208323299987,SAT_10136,20.518155850525858,194.16462665920795,99.00672807989152,169.68588264285742,-64.47154419283433,29.77508040836358,35.0,0.12254248269837463,12.438199475642119
10.553306039000026,105.44208323299986,SAT_10136,20.57245027750436,194.470032810962,99.01266650396806,169.67025620785944,-64.41724976585583,29.796587704359123,35.0,0.12230087367817938,12.421280388677335
10.553306039000026,105.54208323299986,SAT_10136,20.61603894281353,194.7152190533261,99.01739805282834,169.6576893565681,-64.37366110054666,29.81382789088707,35.0,0.12210697444718677,12.407692660418427
10.553306039000026,105.64208323299985,SAT_10136,20.648878093695302,194.89993927703608,99.02094182022418,169.64820889900744,-64.34082194966489,29.826800933029784,35.0,0.12196093414337678,12.397453049543856
10.553306039000026,105.74208323299985,SAT_10136,20.670934539808925,195.0240067864252,99.02331198021892,169.64183518088643,-64.31876550355126,29.83550680451304,35.0,0.1218628658277994,12.390574261350075
10.553306039000026,105.84208323299984,SAT_10136,20.68218587832675,195.08729556558797,99.02451795248149,169.63858193900873,-64.30751416503344,29.839945487705304,35.0,0.1218128457786455,12.387064867951372
10.553306039000026,105.94208323299983,SAT_10136,20.68262064686209,195.08974113859927,99.02456451135953,169.63845620299372,-64.3070793964981,29.84011697361728,35.0,0.12181091301241782,12.386929254109237
10.553306039000026,106.04208323299983,SAT_10136,20.672238402024107,195.03134101138562,99.0234518409257,169.64145824477924,-64.31746164133608,29.836021261901678,35.0,0.12185706903820938,12.390167589420308
10.553306039000026,106.14208323299982,SAT_10136,20.651049722461835,194.9121546888478,99.02117553709691,169.6475815766641,-64.33865032089835,29.82765836085319,35.0,0.12195127784818842,12.396775827239264
10.553306039000026,106.24208323299982,SAT_10136,20.619076136348795,194.732303266962,99.01772655686815,169.65681299792453,-64.37062390701139,29.815028287408722,35.0,0.12209346614441036,12.406745730351167
10.553306039000026,106.34208323299981,SAT_10136,20.57634997436682,194.49196860581338,99.01309111364806,169.66913268929616,-64.41335006899337,29.79813106714784,35.0,0.12228352379909523,12.420064923045942
10.553306039000026,106.4420832329998,SAT_10136,20.522914150303862,194.19139209545924,99.00725051659154,169.6845143539136,-64.46678589305633,29.776966734293428,35.0,0.12252130454259207,12.436716968893544
10.553306039000026,106.5420832329998,SAT_10136,20.458821872408222,193.83087303229627,99.00018095066436,169.70292540261252,-64.53087817095196,29.751535331712617,35.0,0.1228066268704669,12.456681473181597
10.553306039000026,106.6420832329998,SAT_10136,20.384136289577555,193.41076662887377,98.99185319289937,169.72432718087788,-64.60556375378263,29.7218369109179,35.0,0.12313927515855273,12.4799342086641
10.553306039000026,106.74208323299979,SAT_10136,20.298930077295097,192.93148168478493,98.98223225887077,169.7486752341726,-64.69076996606509,29.687871532068485,35.0,0.12351900097245375,12.506447262988523
10.553306039000026,106.84208323299978,SAT_10136,20.20328496896346,192.39347795041948,98.97127697176667,169.77591960788908,-64.78641507439673,29.649639263971896,35.0,0.12394552455593237,12.53618920592361
10.553306039000026,106.94208323299978,SAT_10076,20.202378336323832,192.38837814182156,98.97117146712955,169.77615644573063,-64.78732170703636,29.649265474730214,35.0,0.12394971235500986,12.536481023680926
10.553306039000026,107.04208323299977,SAT_10076,20.278645628914063,192.81738166264162,98.97992188213254,169.75443986717792,-64.71105441444612,29.679761622608858,35.0,0.12360957638857781,12.512766593488477
10.553306039000026,107.14208323299977,SAT_10076,20.3443789660937,193.1871316842771,98.9873792843931,169.73567604792112,-64.64532107726649,29.705988688423442,35.0,0.12331656853416303,12.492317149234651
10.553306039000026,107.24208323299976,SAT_10076,20.399514697185097,193.49727017166617,98.99357508651826,169.7199039060444,-64.59018534617509,29.72794661905826,35.0,0.12307090651560586,12.475157152673333
10.553306039000026,107.34208323299976,SAT_10076,20.443998853284512,193.7474935497254,98.99853501863488,169.7071564599807,-64.54570119007568,29.745635370045953,35.0,0.12287277476128497,12.461307325379662
10.553306039000026,107.44208323299975,SAT_10076,20.477787501679728,193.9375546969485,99.00227943877945,169.6974606014854,-64.51191254168046,29.759054905566312,35.0,0.12272232328186385,12.45078452247951
10.553306039000026,107.54208323299974,SAT_10076,20.50084703778407,194.06726458753542,99.00482357525351,169.690836908475,-64.48885300557612,29.768205198445347,35.0,0.12261966674860568,12.443601628797852
10.553306039000026,108.94208323299966,SAT_10136,20.682637716956634,195.08983715788108,99.02456633931371,169.63845126624565,-64.30706232640355,29.84012370653319,35.0,0.12181083712733241,12.386923929563762
10.553306039000026,116.94208323299921,SAT_10105,20.990815930843496,196.82333961099468,99.05691100990686,169.55167467222947,-63.99888411251669,29.962640463936925,35.0,0.12042444191313424,12.289425462311014
10.653306039000025,105.04208323299989,SAT_10076,20.33754613323869,193.1486969994676,98.98660912302464,169.73762852288698,-64.6521539101215,29.703264904632768,35.0,0.12334701960401616,12.494443272263261
10.653306039000025,105.14208323299988,SAT_10076,20.296402735270135,192.9172653858945,98.98194597653736,169.74937530605555,-64.69329730809005,29.686851769992714,35.0,0.1235304100629695,12.507243361964246
10.653306039000025,105.24208323299987,SAT_10136,20.35357062100107,193.238834743131,98.98841798814593,169.73306984043217,-64.63612942235912,29.70966287317246,35.0,0.12327546584922747,12.489446989250181
10.653306039000025,105.34208323299987,SAT_10136,20.41829605372716,193.60291530221528,98.99567469167361,169.71454538761094,-64.57140398963303,29.735428896547774,35.0,0.12298710586938556,12.469300392700477
10.653306039000025,105.44208323299986,SAT_10136,20.472404967647932,193.90727794301964,99.0016849252072,169.69902700922998,-64.51729507571225,29.756929234516154,35.0,0.12274614733090441,12.45245115366752
10.653306039000025,105.54208323299986,SAT_10136,20.515844048785524,194.1516227744186,99.00647343690609,169.68654733811692,-64.47385599457466,29.774163843520633,35.0,0.1225527722892459,12.438919727689113
10.653306039000025,105.64208323299985,SAT_10136,20.54857012015448,194.33570692586895,99.01005972050342,169.67713281543595,-64.44112992320571,29.78713268864756,35.0,0.12240712806611197,12.428722668351204
10.653306039000025,105.74208323299985,SAT_10136,20.570550429993517,194.45934616871355,99.01245824604294,169.67080350579585,-64.41914961336667,29.795835743625705,35.0,0.12230932634121482,12.42187252485531
10.653306039000025,105.84208323299984,SAT_10136,20.581762872385752,194.52241615716989,99.01367862944849,169.66757295563644,-64.40793717097444,29.800272990825547,35.0,0.12225944245865517,12.418377763704884
10.653306039000025,105.94208323299983,SAT_10136,20.58219613713156,194.52485327136506,99.01372574440335,169.66744809698292,-64.40750390622863,29.800444421258817,35.0,0.12225751495647652,12.418242715548047
10.653306039000025,106.04208323299983,SAT_10136,20.571849786731235,194.4666550503632,99.01259977880821,169.6704291979948,-64.41785025662895,29.796350034578257,35.0,0.12230354532525682,12.421467547887161
10.653306039000025,106.14208323299982,SAT_10136,20.550734259366365,194.3478802089358,99.01029623695459,169.67650986105076,-64.43896578399382,29.787989839077618,35.0,0.1223974979987605,12.428048264021927
10.653306039000025,106.24208323299982,SAT_10136,20.51887079783876,194.16864823784303,99.0068058874572,169.68567706839633,-64.47082924552143,29.77536385169188,35.0,0.12253930057676865,12.437976728240201
10.653306039000025,106.34208323299981,SAT_10136,20.47629130548954,193.92913859337867,99.00211465589734,169.69791127467303,-64.51340873787065,29.75847209799768,35.0,0.12272884427729577,12.451240716918
10.653306039000025,106.4420832329998,SAT_10136,20.423038131163466,193.62958948779448,98.99620346000218,169.7131865449528,-64.56666191219672,29.737314612214007,35.0,0.12296598461255533,12.467823994845364
10.653306039000025,106.5420832329998,SAT_10136,20.359163786272504,193.27029629778283,98.98904798398307,169.73147073624438,-64.63053625708768,29.711891437203093,35.0,0.12325054228031862,12.487706415766077
10.653306039000025,106.6420832329998,SAT_10136,20.284730597928757,192.85160961334927,98.9806183873371,169.75272571982916,-64.70496944543143,29.682202624471554,35.0,0.12358230425977428,12.510864045814056
10.653306039000025,106.74208323299979,SAT_10136,20.19981030293738,192.37393295402276,98.97087894193253,169.7769076412413,-64.78988974042281,29.648248234171728,35.0,0.12396102509870206,12.53726930825453
10.653306039000025,106.84208323299978,SAT_10136,20.10448358814253,191.8377201833017,98.95978758949161,169.80396721424552,-64.88521645521766,29.610028335103273,35.0,0.1243864283767581,12.566891147698652
10.653306039000025,106.94208323299978,SAT_10076,20.085736855002594,191.73226980938958,98.95758547850126,169.80925712358282,-64.9039631883576,29.602488377454367,35.0,0.12447026560787734,12.572724176621252
10.653306039000025,107.04208323299977,SAT_10076,20.161709421350196,192.15961549509487,98.96646530998264,169.7877129010612,-64.82799062200999,29.632974676531216,35.0,0.12413116266606533,12.549121234813935
10.653306039000025,107.14208323299977,SAT_10076,20.227187128362317,192.52792759703803,98.97403229101542,169.76909869301267,-64.76251291499787,29.659193272279566,35.0,0.12383905008484855,12.528768444179915
10.653306039000025,107.24208323299976,SAT_10076,20.282107282922652,192.83685346643992,98.98031863294247,169.75345280552045,-64.70759276043754,29.681144111589308,35.0,0.12359414254196638,12.511689923964413
10.653306039000025,107.34208323299976,SAT_10076,20.326416733316535,193.08609412490551,98.98535071662178,169.74080773434534,-64.66328331004365,29.698827149997772,35.0,0.12339662187265558,12.497906103823427
10.653306039000025,107.44208323299975,SAT_10076,20.36007221561546,193.27540621283694,98.9891494127,169.73118994323016,-64.62962782774473,29.712242351688516,35.0,0.12324663596968195,12.487433600233402
10.653306039000025,107.54208323299974,SAT_10076,20.38304063894057,193.4046035940407,98.99173033161313,169.72461968116875,-64.60665940441962,29.72138968949042,35.0,0.12314429788010021,12.480285114861186
10.653306039000025,107.64208323299974,SAT_10076,20.395299305659734,193.473558594336,98.9931040086179,169.7211108412608,-64.59440073770045,29.726269144876944,35.0,0.12308968510962376,12.476469356206955
10.653306039000025,107.74208323299973,SAT_10076,20.396836063431763,193.4822028568037,98.99327602771586,169.720670863206,-64.59286397992842,29.726880707965652,35.0,0.12308283914308749,12.475990985544971
10.753306039000025,105.14208323299988,SAT_10076,20.168371063075895,192.19708722980192,98.96724229063261,169.7858210615545,-64.82132898028429,29.63564451724374,35.0,0.12410143718615659,12.547050998787395
10.753306039000025,105.24208323299987,SAT_10136,20.243221767080414,192.61812243982732,98.97587676265104,169.76455478779013,-64.74647827627977,29.665616791485803,35.0,0.1237673933873747,12.523772886588066
10.753306039000025,105.34208323299987,SAT_10136,20.307707164019163,192.9808527976078,98.98323285545433,169.74617050796664,-64.68199287934102,29.691374406828174,35.0,0.1234798747000727,12.503716903502484
10.753306039000025,105.44208323299986,SAT_10136,20.361614348608214,193.2840807109212,98.98932496243445,169.73077001347343,-64.62808569475197,29.712867728770068,35.0,0.12323962270472277,12.486943787343886
10.753306039000025,105.54208323299986,SAT_10136,20.404890773284407,193.5275105997248,98.99417841643738,169.71838544671976,-64.58480927007578,29.73009671375932,35.0,0.12304681702893504,12.473473720086403
10.753306039000025,105.64208323299985,SAT_10136,20.43749388501567,193.71090310321313,98.99781316980713,169.7090428493726,-64.55220615834452,29.743061326886142,35.0,0.12290160302179018,12.463323032836277
10.753306039000025,105.74208323299985,SAT_10136,20.459391407279725,193.83407666594846,99.00024403190194,169.70276198161895,-64.53030863608046,29.751761541882207,35.0,0.12280409086287863,12.456504105480843
10.753306039000025,105.84208323299984,SAT_10136,20.47056155586661,193.89690875174966,99.00148084360943,169.69955618375593,-64.51913848749358,29.756197341119936,35.0,0.12275435488194492,12.453025289975628
10.753306039000025,105.94208323299983,SAT_10136,20.470993185467407,193.89933666825416,99.00152859247214,169.69943228212907,-64.51870685789278,29.756368715612055,35.0,0.1227524330974776,12.452890858278288
10.753306039000025,106.04208323299983,SAT_10136,20.460685864964262,193.84135799042397,99.00038747077832,169.70239054080753,-64.52901417839593,29.752275665011346,35.0,0.1227983269799494,12.456100975619794
10.753306039000025,106.14208323299982,SAT_10136,20.439649880347304,193.7230305769536,98.9980528777982,169.70842465971157,-64.55005016301288,29.74391819761064,35.0,0.12289200144264963,12.462651699469301
10.753306039000025,106.24208323299982,SAT_10090,20.416345816945494,193.5919452203184,98.99556681512989,169.71785887435598,-64.5733542264147,29.736100931834233,35.0,0.12297735668687865,12.46861892720606
10.753306039000025,106.34208323299981,SAT_10090,20.395274591373777,193.4734195764775,98.9932123198726,169.72389258605483,-64.59442545198641,29.727715177362864,35.0,0.12307118845955527,12.475176854834885
10.753306039000025,106.4420832329998,SAT_10090,20.36359032523501,193.29519557944695,98.98965723926038,169.7329569178736,-64.62610971812518,29.71509548719834,35.0,0.12321230774391517,12.485035979706016
10.753306039000025,106.5420832329998,SAT_10090,20.32132402225068,193.05744762516008,98.98488714495983,169.7450328928322,-64.66837602110951,29.69824188701113,35.0,0.12340060867965934,12.49818440660878
10.753306039000025,106.6420832329998,SAT_10090,20.26851676850174,192.7604068228223,98.97888250764531,169.76009537201193,-64.72118327485845,29.677154411085258,35.0,0.12363595089748194,12.514606363034295
10.753306039000025,106.74208323299979,SAT_10090,20.205219462800386,192.4043594782522,98.97161846588504,169.7781132273384,-64.7844805805598,29.65183310231919,35.0,0.12391816037166539,12.534282295168936
10.753306039000025,106.84208323299978,SAT_10090,20.131492486392233,191.98964523595632,98.9630645281373,169.79904955307032,-64.85820755696795,29.622278012226957,35.0,0.12424703046744572,12.557188985657142
10.753306039000025,106.94208323299978,SAT_10090,20.047405316464577,191.51665490511326,98.95318420149893,169.82286191302256,-64.94229472689561,29.588489200939463,35.0,0.12462232317076885,12.58329969164174
10.753306039000025,107.04208323299977,SAT_10076,20.03424274537261,191.44261544272095,98.95150989677389,169.82382718887465,-64.95545729798758,29.581784974427276,35.0,0.1247002126496929,12.588714870890522
10.753306039000025,107.14208323299977,SAT_10076,20.09944664249558,191.80938736403763,98.95920031139565,169.8053735574015,-64.89025340086461,29.607995029366716,35.0,0.12440905860302141,12.568465814226801
10.753306039000025,107.24208323299976,SAT_10076,20.15413589862723,192.11701442977818,98.96558863165406,169.78986316886065,-64.83556414473296,29.62993871812445,35.0,0.12416495883524474,12.55147473516152
10.753306039000025,107.34208323299976,SAT_10076,20.1982582325667,192.3652025581877,98.97070197645547,169.7773279626472,-64.79144181079349,29.647615996242315,35.0,0.12396809241175585,12.537761751976834
10.753306039000025,107.44208323299975,SAT_10076,20.23177109271549,192.55371239652465,98.97456179770742,169.76779394696229,-64.7579289506447,29.66102682790753,35.0,0.12381860496337131,12.527343226626575
10.753306039000025,107.54208323299974,SAT_10076,20.254641935293975,192.68236088602862,98.97718413907918,169.76128102075918,-64.73505810806621,29.670171185951723,35.0,0.12371660780262522,12.520231665456121
10.753306039000025,107.64208323299974,SAT_10076,20.26684843906797,192.75102246975732,98.97857982746876,169.75780283623124,-64.72285160429222,29.67504905185024,35.0,0.1236621772432739,12.516435642667947
10.753306039000025,107.74208323299973,SAT_10076,20.268378653597665,192.75962992648687,98.97875460121313,169.75736670382759,-64.72132138976252,29.67566041572165,35.0,0.12365535413123713,12.51595974752535
10.753306039000025,107.84208323299973,SAT_10076,20.25923107893523,192.70817481901065,98.97770917771369,169.75997354117484,-64.73046896442496,29.67200527632748,35.0,0.12369614359269668,12.5188045559849
10.753306039000025,107.94208323299972,SAT_10076,20.23941467564225,192.59670755048768,98.97543926187466,169.7656178666567,-64.75028536771794,29.664083641072175,35.0,0.1237845150024412,12.524966627130972
10.853306039000024,105.04208323299989,SAT_10076,20.07067707718039,191.6475585591397,98.95582182973943,169.81352095118314,-64.9190229661798,29.59643686232598,35.0,0.12453750643872592,12.577401370883914
10.853306039000024,105.14208323299988,SAT_10090,20.06247197421682,191.60140485496962,98.95496925073887,169.81860039535943,-64.92722806914337,29.594549754064232,35.0,0.12455506222525727,12.578622365622923
10.853306039000024,105.24208323299987,SAT_10090,20.15753097457538,192.13611173198652,98.96610071912527,169.79166155899276,-64.83216906878481,29.632723668689035,35.0,0.12413086229187272,12.549100316189211
10.853306039000024,105.34208323299987,SAT_10090,20.242281789458858,192.61283506570607,98.97588319936132,169.76756813078276,-64.74741825390133,29.666665358873377,35.0,0.12375290344878936,12.522762578543155
10.853306039000024,105.44208323299986,SAT_10090,20.316644906091895,193.0311275967669,98.98435877051057,169.7463686688458,-64.67305513726829,29.69637475554875,35.0,0.12342145815957545,12.499639765811661
10.853306039000024,105.54208323299986,SAT_10090,20.380549559682706,193.39059127321522,98.99156321441947,169.7281064235293,-64.60915048367748,29.721851798263216,35.0,0.12313676861230548,12.479759089799083
10.853306039000024,105.64208323299985,SAT_10090,20.433934181736007,193.69087977226505,98.99752645661087,169.71281905077007,-64.55576586162418,29.74309643517988,35.0,0.12289904529096729,12.463144200743024
10.853306039000024,105.74208323299985,SAT_10090,20.4767467965856,193.931700730794,99.00227292831627,169.7005383582537,-64.51295324677459,29.760108623075524,35.0,0.12270846571707958,12.449815045879319
10.853306039000024,105.84208323299984,SAT_10090,20.508945360841395,194.11281765473285,99.00582185748253,169.69129008789707,-64.48075468251879,29.772888327339505,35.0,0.12256517337621196,12.439787748585012
10.853306039000024,105.94208323299983,SAT_10090,20.53049804111444,194.23405148126872,99.0081874949046,169.68509373773634,-64.45920200224575,29.781435521972853,35.0,0.12246927684217654,12.433074509640091
10.853306039000024,106.24208323299982,SAT_10090,20.53111956754863,194.23754756746104,99.00825559680693,169.68491498047052,-64.45858047581156,29.781681917261977,35.0,0.12246651164451945,12.432880900958496
10.853306039000024,106.34208323299981,SAT_10090,20.50998055065773,194.11864059744974,99.00593566169455,169.69099258042826,-64.47971949270246,29.773298985597773,35.0,0.12256056705702979,12.439465330814945
10.853306039000024,106.4420832329998,SAT_10090,20.478194623280842,193.93984475595474,99.00243289004216,169.70012272942347,-64.51150542007935,29.760683543467504,35.0,0.12270202177649421,12.449364212346891
10.853306039000024,106.5420832329998,SAT_10090,20.435793217847547,193.70133685039247,98.99773322049563,169.71228617476697,-64.55390682551264,29.74383561653594,35.0,0.12289076859884834,12.462565498682755
10.853306039000024,106.6420832329998,SAT_10090,20.382817986269217,193.40335117276436,98.99181762208606,169.72745741380584,-64.60688205709097,29.722755239079493,35.0,0.12312666537841752,12.479053216986207
10.853306039000024,106.74208323299979,SAT_10090,20.319320524688692,193.0461779513739,98.98466187051133,169.74560487045434,-64.6703795186715,29.697442453987108,35.0,0.12340953589582572,12.498807566308441
10.853306039000024,106.84208323299978,SAT_10090,20.245362036349675,192.6301614544669,98.97623625975189,169.7666911112339,-64.74433800701051,29.66789731276137,35.0,0.1237391709240287,12.521805037613936
10.853306039000024,106.94208323299978,SAT_10090,20.161012937183685,192.15569777165825,98.9665052429295,169.79067309776812,-64.8286871061765,29.634119875519833,35.0,0.12411532947978267,12.548018554448433
10.853306039000024,107.04208323299977,SAT_10090,20.06635240940028,191.6232323028766,98.9554269946433,169.81750247222192,-64.9233476339599,29.596110210996567,35.0,0.12453774024592662,12.577417632488629
10.853306039000024,107.14208323299977,SAT_10090,19.961467908917783,191.03325698766255,98.94295288505785,169.84712587181647,-65.0282321344424,29.553868396543955,35.0,0.12500610314822555,12.609968556021656
10.853306039000024,107.24208323299976,SAT_10076,20.015721398586436,191.3384328670487,98.94931605224862,169.82906131154851,-64.97397864477375,29.574330540752012,35.0,0.1247829401419327,12.594464933835315
10.853306039000024,107.34208323299976,SAT_10076,20.05964486596592,191.5855023710583,98.95452044353313,169.81664303904756,-64.93005517739427,29.59200201087661,35.0,0.12458676900516073,12.580827380218158
10.853306039000024,107.44208323299975,SAT_10076,20.09300615269619,191.77315960891607,98.95844874629374,169.80719818483084,-64.896693890664,29.605408436326954,35.0,0.1244378112711956,12.570466330888916
10.853306039000024,107.54208323299974,SAT_10076,20.115773292546294,191.90122477057292,98.96111749317636,169.800746278641,-64.8739267508139,29.614549789937353,35.0,0.12433617641597239,12.563394085694284
10.853306039000024,107.64208323299974,SAT_10076,20.127924361595944,191.9695745339772,98.96253784019802,169.79730071859333,-64.86177568176424,29.619426053184963,35.0,0.12428193949123292,12.55961907686465
10.853306039000024,107.74208323299973,SAT_10076,20.1294476225157,191.97814287665082,98.96271569984891,169.79686867882646,-64.86025242084449,29.620037216189317,35.0,0.12427514066645984,12.559145817540882
10.853306039000024,107.84208323299973,SAT_10076,20.12034160212535,191.92692151195507,98.9616518112891,169.79945105984442,-64.86935844123484,29.61638327771206,35.0,0.12431578498289449,12.561974874119585
10.853306039000024,107.94208323299972,SAT_10076,20.100615101142907,191.81595994392887,98.95934174910744,169.80504248227433,-64.88908494221728,29.608464245156924,35.0,0.1244038423226263,12.568102862777252
10.853306039000024,108.04208323299972,SAT_10076,20.070287135990526,191.6453651399467,98.95577587082526,169.81363132412767,-64.91941290736966,29.596280134569906,35.0,0.12453924759312965,12.577522470218776
10.853306039000024,116.24208323299925,SAT_10091,21.072688390977234,197.28387219924693,99.06513377513207,169.52566476222427,-63.91701165238295,29.99346384736369,35.0,0.12007437035981769,12.264736367162556
10.853306039000024,116.64208323299923,SAT_10105,21.08617207252251,197.3597179079391,99.06656698068463,169.52375379147009,-63.90352797083768,29.99984207110651,35.0,0.12000179633377735,12.25961445414033
10.853306039000024,116.84208323299922,SAT_10105,21.0618707439763,197.2230229348667,99.06411471169852,169.53087831482708,-63.92782929938389,29.99037212721191,35.0,0.1201094777845929,12.267213633984127
10.953306039000024,105.44208323299986,SAT_10090,20.420068593117662,193.61288583628684,98.99598283788336,169.71679239872688,-64.56963145024253,29.73758192586809,35.0,0.1229607803645745,12.467460197019157
10.953306039000024,105.54208323299986,SAT_10090,20.484155581953885,193.97337514849062,99.00309077599783,169.69841128899367,-64.5055444614063,29.763050320976923,35.0,0.12267549164602502,12.447508001743534
10.953306039000024,105.64208323299985,SAT_10090,20.537693447428637,194.27452564178608,99.00897456741001,169.68302402695775,-64.45200659593155,29.784287746891955,35.0,0.12243726493852626,12.430833050927223
10.953306039000024,105.74208323299985,SAT_10090,20.580629570023163,194.5160413313803,99.01365807793813,169.67066283437927,-64.40907047333702,29.801294160399408,35.0,0.12224627978260647,12.417455519574558
10.953306039000024,106.24208323299982,SAT_10090,20.635159987697264,194.8227749307971,99.01956173902745,169.65493671347687,-64.35454005566292,29.822860132045186,35.0,0.12200380818627173,12.400459666044956
10.953306039000024,106.34208323299981,SAT_10090,20.613959575695503,194.70352261328722,99.01727239448445,169.6610543254244,-64.37574046766468,29.81448004576632,35.0,0.1220980651248335,12.407068122881764
10.953306039000024,106.4420832329998,SAT_10090,20.58208158303006,194.5242089045441,99.01381592209559,169.67024447708758,-64.40761846033013,29.801868885648243,35.0,0.12223982209675247,12.41700304679404
10.953306039000024,106.5420832329998,SAT_10090,20.539557835235698,194.2850128232008,99.00917858346772,169.68248766270017,-64.45014220812449,29.78502667735012,35.0,0.12242897066985009,12.430252252104593
10.953306039000024,106.6420832329998,SAT_10090,20.486430503018212,193.98617157947746,99.00334178614838,169.6977580457633,-64.50326954034198,29.76395345514089,35.0,0.12266536707507902,12.44679958264449
10.953306039000024,106.74208323299979,SAT_10090,20.422751821817954,193.627978997726,98.99628186635788,169.71602363903554,-64.56694822154223,29.73864926190012,35.0,0.12294883308851973,12.466625011318296
10.953306039000024,106.84208323299978,SAT_10090,20.348583748369435,193.2107835845781,98.98796980899237,169.73724652478052,-64.64111629499075,29.709114149119152,35.0,0.12327915711458401,12.489704762214814
10.953306039000024,106.94208323299978,SAT_10090,20.26399755897944,192.73498626925937,98.97837089903847,169.7613831121301,-64.72570248438075,29.675348176902407,35.0,0.12365609545744978,12.516011453695617
10.953306039000024,107.04208323299977,SAT_10090,20.169073394937044,192.20103784652088,98.96744429693052,169.78838442796703,-64.82062664842314,29.637351413968936,35.0,0.12407937376577824,12.54551426065926
10.953306039000024,107.14208323299977,SAT_10090,20.06389976103597,191.60943615582735,98.95514252850123,169.81819643736017,-64.92580028232422,29.595123937654208,35.0,0.12454868863410413,12.578179093984149
10.953306039000024,107.24208323299976,SAT_10090,19.94857298362912,190.9607230329138,98.9414108779468,169.85076038930006,-65.04112705973107,29.548665833912096,35.0,0.12506370934296346,12.613968795000131
10.953306039000024,107.34208323299976,SAT_10076,19.910704957404562,190.74771538540065,98.93672822648072,169.85867481167315,-65.07899508595563,29.531985304789064,35.0,0.12525221000729997,12.627053369064232
10.953306039000024,107.44208323299975,SAT_10076,19.94390624363041,190.93447262042105,98.94073295211516,169.84932417113447,-65.04579379972978,29.5453872878417,35.0,0.12510381155749042,12.616753104879512
10.953306039000024,107.54208323299974,SAT_10076,19.966563918019233,191.06192203885817,98.9434534832619,169.84293674027884,-65.02313612534095,29.554525612346637,35.0,0.1250025592269254,12.609722438181816
10.953306039000024,107.64208323299974,SAT_10076,19.978656472808353,191.12994265954697,98.9449013461859,169.8395256513423,-65.01104357055183,29.559400259782787,35.0,0.12494852674110019,12.605969652251211
10.953306039000024,107.74208323299973,SAT_10076,19.98017239387508,191.13846971554733,98.94508264927492,169.8390979358285,-65.00952764948511,29.560011220270617,35.0,0.1249417535586657,12.60549918036854
10.953306039000024,107.84208323299973,SAT_10076,19.971110236074153,191.0874950779171,98.94399815616359,169.8416544763251,-65.01858980728603,29.556358492571892,35.0,0.12498224463160555,12.608311578901224
10.953306039000024,107.94208323299972,SAT_10076,19.951478632708515,190.97706730898543,98.94164329485683,169.8471900004456,-65.03822141065167,29.548442084089636,35.0,0.12506997037510012,12.614403523920592
10.953306039000024,108.04208323299972,SAT_10076,19.92129623900199,190.8072913443862,98.93800810304614,169.85569311698458,-65.0684038043582,29.536262010868338,35.0,0.1252048668474409,12.623767831394522
10.953306039000024,108.14208323299971,SAT_10136,19.91617188690479,190.77846686383947,98.93739003048194,169.85715674572347,-65.0735281564554,29.53420354750911,35.0,0.1252276258757183,12.625347332365314
11.053306039000024,106.24208323299982,SAT_10090,20.72836316653317,195.34704281174908,99.0295354634062,169.62798763947023,-64.26133687682702,29.85963549407917,35.0,0.12158960148232191,12.371395129953639
11.053306039000024,106.34208323299981,SAT_10090,20.707108021372335,195.22748262021938,99.02727297559335,169.63414121663445,-64.28259202198785,29.851258275757065,35.0,0.12168403699477646,12.378025044115686
11.053306039000024,106.4420832329998,SAT_10090,20.675147957317392,195.0477072599103,99.0238571501236,169.643385301176,-64.3145520860428,29.838651431618967,35.0,0.12182606178021113,12.387992154705548
11.053306039000024,106.5420832329998,SAT_10090,20.63251515505374,194.8078977471773,99.01927453073715,169.65570015844958,-64.35718488830645,29.821814987318536,35.0,0.12201556630042128,12.401284150874986
11.053306039000024,106.6420832329998,SAT_10090,20.579252253957662,194.50829392851185,99.01350690801405,169.67105965005277,-64.41044778940253,29.800748977117347,35.0,0.12225240532445847,12.417884711142651
11.053306039000024,106.74208323299979,SAT_10090,20.515412066942204,194.1491928765499,99.00653110769639,169.6894314169667,-64.47428797641798,29.775453443885766,35.0,0.12253639882338817,12.437773604513668
11.053306039000024,106.84208323299978,SAT_10090,20.44105723128547,193.7309469259808,98.99831871795911,169.71077710362778,-64.54864281207472,29.745928439104077,35.0,0.12286733306904428,12.460926814481978
11.053306039000024,106.94208323299978,SAT_10090,20.35625980026677,193.2539613765006,98.9888357499682,169.73505261971928,-64.63344024309342,29.712174022863778,35.0,0.12324496192354262,12.487316684314361
11.053306039000024,107.04208323299977,SAT_10090,20.261100781145473,192.7186918939433,98.97804222451352,169.76220843600333,-64.72859926221471,29.67419026386916,35.0,0.12366900830430753,12.516912081776237
11.053306039000024,107.14208323299977,SAT_10090,20.155669625594726,192.12564164397034,98.96589167569022,169.792189910136,-64.83403041776546,29.631977239439074,35.0,0.12413916580767707,12.54967858126086
11.053306039000024,107.24208323299976,SAT_10090,20.040063679143103,191.47535819517998,98.95233056045556,169.82493763812474,-64.94963636421708,29.585535035508904,35.0,0.12465510047280494,12.585578661128459
11.053306039000024,107.34208323299976,SAT_10090,19.914387596488467,190.76843023024762,98.9372975603123,169.86038782688652,-65.07531244687172,29.53486374663281,35.0,0.12521645266658976,12.624571913951423
11.053306039000024,107.44208323299975,SAT_10076,19.784606290699244,190.03841038518325,98.92132652674943,169.89408983877144,-65.20509375266094,29.480963502141133,35.0,0.12581614060285579,12.666151275427785
11.053306039000024,107.54208323299974,SAT_10076,19.807149106421463,190.16521372362072,98.92410467684407,169.88777010362213,-65.18255093693872,29.490098772873292,35.0,0.1257152898179815,12.659164316371903
11.053306039000024,107.64208323299974,SAT_10076,19.81918026514714,190.23288899145265,98.92558315490977,169.88439520669164,-65.17051977821305,29.494971791339758,35.0,0.12566147193453,12.65543489092664
11.053306039000024,107.74208323299973,SAT_10076,19.82068848493057,190.24137272773447,98.92576828923517,169.8839720312684,-65.16901155842962,29.49558254766189,35.0,0.12565472566910377,12.654967349154
11.053306039000024,107.84208323299973,SAT_10076,19.811672349788154,190.1906569675584,98.92466087092703,169.88650144132248,-65.17802769357203,29.491931040601564,35.0,0.1256950558805108,12.65776223697061
11.053306039000024,107.94208323299972,SAT_10076,19.79214031888118,190.08078929370666,98.92225616344876,169.89197827563854,-65.197559724479,29.48401727756114,35.0,0.1257824335404286,12.663816292861174
11.053306039000024,108.04208323299972,SAT_10076,19.762110671701976,189.9118725283236,98.91854384544865,169.90039138283547,-65.22758937165821,29.471841274583642,35.0,0.12591679590854338,12.673122467497848
11.053306039000024,108.14208323299971,SAT_10136,19.774704521619924,189.98271293411207,98.9201038729387,169.89688497378083,-65.21499552174026,29.47695938266093,35.0,0.12586029554780503,12.669209635072562
11.053306039000024,108.2420832329997,SAT_10136,19.84878563995514,190.39941922474765,98.92920972004892,169.87610530652378,-65.14091440340505,29.50696602603674,35.0,0.1255289128342005,12.646246210083795
11.053306039000024,108.3420832329997,SAT_10136,19.912479924637864,190.75769957608802,98.93695059061169,169.85819605752638,-65.07722011872232,29.532712673430176,35.0,0.12524412914516903,12.626492605480946
11.053306039000024,108.44208323299969,SAT_10136,19.965728218413503,191.05722122857594,98.94336031907586,169.84319330721863,-65.02397182494668,29.554199272631976,35.0,0.12500614759537645,12.609971642764659
11.053306039000024,114.34208323299936,SAT_10105,20.37163024956193,193.34042015378586,98.99056603592766,169.73070843972823,-64.61806979379826,29.71832545471449,35.0,0.12317615518718832,12.482510653597329
11.153306039000023,106.04208323299983,SAT_10090,20.820977939930657,195.86800091210998,99.03930474303206,169.6011208359387,-64.16872210342953,29.89607202688028,35.0,0.12117829221170481,12.342495002159401
11.153306039000023,106.14208323299982,SAT_10090,20.82118679524652,195.8691757232617,99.03932662584342,169.60106014943395,-64.16851324811367,29.896154074402656,35.0,0.1211773649888687,12.342429808093513
11.153306039000023,106.24208323299982,SAT_10090,20.810634342725876,195.80981817783308,99.03822012702868,169.6041257865585,-64.17906570063431,29.892007930044645,35.0,0.12122421489237836,12.345723629228065
11.153306039000023,106.34208323299981,SAT_10090,20.7893313704557,195.6899889588133,99.03598096427989,169.61031112533308,-64.20036867290449,29.88363360224405,35.0,0.12131880526000965,12.352372344555443
11.153306039000023,106.4420832329998,SAT_10090,20.75729959442839,195.50981021865968,99.03260043983188,169.61960283816157,-64.2324004489318,29.87103110804368,35.0,0.12146106227139844,12.36236765654251
11.153306039000023,106.5420832329998,SAT_10090,20.71457151034498,195.26946474569053,99.02806534143393,169.63198098717118,-64.2751285330152,29.854200473091772,35.0,0.12165087541034247,12.375697143525457
11.153306039000023,106.6420832329998,SAT_10090,20.66119017326136,194.96919472459516,99.02235779090441,169.64741916590907,-64.32850987009883,29.833141731642673,35.0,0.12188809815328486,12.392344337679138
11.153306039000023,106.74208323299979,SAT_10090,20.597208908226833,194.60930010877595,99.01545503725492,169.6658846852952,-64.39249113513335,29.807854926557702,35.0,0.12217254887541243,12.412288827520436
11.153306039000023,106.84208323299978,SAT_10090,20.522690956000105,194.1901366275006,99.00732919020247,169.68733880110875,-64.46700908736008,29.778340109306264,35.0,0.12250401196322762,12.435506383594376
11.153306039000023,106.94208323299978,SAT_10090,20.437709058764938,193.71211345555278,98.99794688857865,169.71173697973035,-64.55199098459525,29.744597339967175,35.0,0.12288223912012268,12.461969105711958
11.153306039000023,107.04208323299977,SAT_10090,20.342344991485803,193.17569057710764,98.98726889664078,169.73902919838903,-64.64735505187438,29.706626687230212,35.0,0.12330695084944461,12.491645589866113
11.153306039000023,107.14208323299977,SAT_10090,20.236689045133303,192.58137587887484,98.97524961953505,169.76916027577656,-64.75301099822688,29.664428228397878,35.0,0.12377783809782533,12.524501112750386
11.153306039000023,107.24208323299976,SAT_10090,20.120839468456765,191.9297220100693,98.96183652708478,169.80207022860282,-64.86886057490342,29.6180020493874,35.0,0.12429456404018706,12.560497831647824
11.153306039000023,107.34208323299976,SAT_10090,19.99490187529014,191.22132304850703,98.94696947258633,169.83769464946994,-64.99479816807005,29.567348244732933,35.0,0.12485676598683515,12.599594997346196
11.153306039000023,107.44208323299975,SAT_10090,19.858988624538014,190.45681101302637,98.93057989028064,169.87596510134745,-65.13071141882217,29.51246691758801,35.0,0.12546405739242267,12.641749177670318
11.153306039000023,107.54208323299974,SAT_10090,19.71321818000591,189.63685226253324,98.91258985148454,169.9168095239341,-65.27648186335428,29.45335817972819,35.0,0.12611602994630175,12.686914489202064
11.153306039000023,107.64208323299974,SAT_10076,19.649636561001657,189.27920565563434,98.9044842756551,169.931823848637,-65.34006348235853,29.42614077634969,35.0,0.12642028858793303,12.707960121483266
11.153306039000023,107.74208323299973,SAT_10076,19.65113674337624,189.28764418149134,98.90467366388003,169.93140541308242,-65.33856329998395,29.426751326857232,35.0,0.12641357043163143,12.70749564332713
11.153306039000023,107.84208323299973,SAT_10076,19.642168639775235,189.2371985987357,98.9035407910491,169.93390649871878,-65.34753140358495,29.423101050293475,35.0,0.1264537326567409,12.710272222502896
11.153306039000023,107.94208323299972,SAT_10076,19.62274052933357,189.12791547750135,98.9010807361439,169.93932205913222,-65.36695951402662,29.415189954060132,35.0,0.12654074681244246,12.716286662142087
11.153306039000023,108.04208323299972,SAT_10076,19.592870303097854,188.95989545492543,98.89728277522096,169.94764119060807,-65.39682974026233,29.403018054198828,35.0,0.1266745514052201,12.725532052447875
11.153306039000023,108.14208323299971,SAT_10136,19.623016934583603,189.12947025703275,98.9011167156252,169.93926578816996,-65.36668310877658,29.41531279462658,35.0,0.1265393591010669,12.716190756132127
11.153306039000023,108.2420832329997,SAT_10136,19.69674169628685,189.54417204161354,98.91040929203955,169.91869545658122,-65.29295834707334,29.445309309107934,35.0,0.1262092252424458,12.693362974357594
11.153306039000023,108.3420832329997,SAT_10136,19.76012770798657,189.90071835742447,98.91830788165912,169.90096742370508,-65.22957233537362,29.471047265617642,35.0,0.12592552114781386,12.673726656138367
11.153306039000023,108.44208323299969,SAT_10136,19.813116941598253,190.19878279649018,98.92484749711834,169.88611705030874,-65.17658310176193,29.49252661195145,35.0,0.12568844630386405,12.657304217100778
11.253306039000023,105.94208323299983,SAT_10090,20.881260979958228,196.20709301226506,99.0455876321454,169.58358597944874,-64.10843906340196,29.91973131862813,35.0,0.1209107227637377,12.3236736798176
11.253306039000023,106.04208323299983,SAT_10090,20.892251923534673,196.26891706988255,99.04672773870337,169.58038495997653,-64.09744811982551,29.924040058511903,35.0,0.12086195185901608,12.320241266501876
11.253306039000023,106.14208323299982,SAT_10090,20.892461178796623,196.27009413073102,99.04674942677408,169.58032400409806,-64.09723886456356,29.92412207749338,35.0,0.12086102335447367,12.32017591460441
11.253306039000023,106.24208323299982,SAT_10090,20.881888530221403,196.2106229824954,99.04565277961879,169.5834032441714,-64.10781151313878,29.919977375405626,35.0,0.1209079379819189,12.323477706391092
11.253306039000023,106.34208323299981,SAT_10090,20.86054485692287,196.09056482019113,99.04343358216067,169.58961599939727,-64.12915518643732,29.911605960684696,35.0,0.1210026587979324,12.330142488926814
11.253306039000023,106.4420832329998,SAT_10090,20.828452057805293,195.9100428251548,99.0400832733664,169.5989488240071,-64.1612479855549,29.899007850369863,35.0,0.12114511141671938,12.340161900500936
11.253306039000023,106.5420832329998,SAT_10090,20.78564290147095,195.66924132077412,99.03558884914435,169.61138160387267,-64.20405714188924,29.882183070104045,35.0,0.12133518447748193,12.353523423643136
11.253306039000023,106.6420832329998,SAT_10090,20.732160803060594,195.36840451721585,99.02993271386053,169.62688770008086,-64.2575392402996,29.86113165413448,35.0,0.12157273034042063,12.370210464012798
11.253306039000023,106.74208323299979,SAT_10090,20.668059531230256,195.0078348631702,99.02309247753627,169.64543413733617,-64.32164051212993,29.835853645313595,35.0,0.12185756600266738,12.39020245410469
11.253306039000023,106.84208323299978,SAT_10090,20.593402849419306,194.5878910279836,99.0150406946542,169.66698183442043,-64.39629719394088,29.806349095100114,35.0,0.12218947422283782,12.413474980397732
11.253306039000023,106.94208323299978,SAT_10090,20.50826409641256,194.10898554232065,99.00574453922479,169.69148587337756,-64.48143594694763,29.772618063560383,35.0,0.1225682048405286,12.439999932289924
11.253306039000023,107.04208323299977,SAT_10090,20.41272571193447,193.5715821296314,98.9951654093022,169.71889580360454,-64.57697433142572,29.734660619369915,35.0,0.12299347627501651,12.469745670916074
11.253306039000023,107.14208323299977,SAT_10090,20.306878713604135,192.97619276402327,98.98325845243264,169.7491559766446,-64.68282132975605,29.69247683981516,35.0,0.12346497718568049,12.502677215740935
11.253306039000023,107.24208323299976,SAT_10090,20.19082213204021,192.32337449272617,98.96997200149976,169.78220590717913,-64.79887791131998,29.64606681079549,35.0,0.12398236827528802,12.538756446661042
11.253306039000023,107.34208323299976,SAT_10090,20.064662411206896,191.6137260630388,98.95524690801331,169.8179806555259,-64.92503763215329,29.59543062682541,35.0,0.12454528421628178,12.577942319236524
11.253306039000023,107.44208323299975,SAT_10090,19.92851278126082,190.8478843945921,98.93901575696212,169.85641122684828,-65.06118726209937,29.540568391037006,35.0,0.12515333567957057,12.620191090608511
11.253306039000023,107.54208323299974,SAT_10090,19.782492611171847,190.02652093784167,98.92120194378067,169.8974249822874,-65.20720743218834,29.48148021518258,35.0,0.12580611144506573,12.665456553638476
11.253306039000023,107.64208323299974,SAT_10090,19.626726748279296,189.15033795907104,98.90171858958355,169.94094605731567,-65.36297329508089,29.41816621963754,35.0,0.1265031805732956,12.71369027682946
11.253306039000023,107.74208323299973,SAT_10076,19.47166258507002,188.27810204101888,98.88168647577493,169.98130990131517,-65.51803745829017,29.353517695152203,35.0,0.1272177843979108,12.763027467729293
11.253306039000023,107.84208323299973,SAT_10076,19.46274436890438,188.22793707508717,98.88052537852577,169.98378156543725,-65.5269556744558,29.349868658941503,35.0,0.1272577720147538,12.7657849959453
11.253306039000023,107.94208323299972,SAT_10076,19.443424196186328,188.1192611035481,98.8780039512779,169.98913347727265,-65.54627584717386,29.341960250876845,35.0,0.1273444083329424,12.77175821244511
11.253306039000023,108.04208323299972,SAT_10076,19.41371955860157,187.95217251713385,98.87411101885101,169.9973549874327,-65.57598048475862,29.329792486998524,35.0,0.12747763314599675,12.780940351178455
11.253306039000023,108.14208323299971,SAT_10136,19.461241918323125,188.21948579056757,98.88033053822306,169.98421857907067,-65.52845812503706,29.3492639063639,35.0,0.12726435749870812,12.766239094831587
11.253306039000023,108.2420832329997,SAT_10136,19.534593473468902,188.6320882882626,98.88983081102923,169.96386761804646,-65.45510656989129,29.37925021097106,35.0,0.1269355320515329,12.74355363076436
11.253306039000023,108.3420832329997,SAT_10136,19.59765665891345,188.98681870638816,98.89790480299365,169.94632947073927,-65.39204338444674,29.404979407114578,35.0,0.12665295898892992,12.724040361833111
11.253306039000023,108.44208323299969,SAT_10136,19.65037461898315,189.28335723178023,98.90458885012268,169.93163875146598,-65.33932542437704,29.42645144259503,35.0,0.12641683401714882,12.707721281488945
11.253306039000023,108.54208323299969,SAT_10136,19.69269934087825,189.52143379244015,98.90991260471182,169.9198247071826,-65.29700070248194,29.443666273852198,35.0,0.12622732227650563,12.69461494687502
11.253306039000023,108.64208323299968,SAT_10136,19.724591955136177,189.700829747641,98.91389940820731,169.91091102602778,-65.26510808822401,29.456623865963923,35.0,0.12608455737273908,12.68473637078741
11.253306039000023,108.74208323299968,SAT_10136,19.746022981551363,189.82137927122642,98.91656658061116,169.90491568049475,-65.24367706180882,29.465324192645202,35.0,0.12598864058637155,12.678096933372895
11.353306039000023,105.94208323299983,SAT_10090,20.941422558750247,196.54550189297015,99.05179997323773,169.56604920599577,-64.04827748460994,29.943297803915616,35.0,0.12064381259964703,12.30488226993014
11.353306039000023,106.04208323299983,SAT_10090,20.952430721687307,196.6074228094911,99.05293148683182,169.56283635134315,-64.03726932167288,29.947605032840148,35.0,0.12059498730880919,12.30144301586107
11.353306039000023,106.14208323299982,SAT_10090,20.95264030499071,196.60860171557275,99.0529530115236,169.5627751700063,-64.03705973836948,29.94768702305978,35.0,0.12059405776819343,12.30137753365478
11.353306039000023,106.24208323299982,SAT_10090,20.942051091622503,196.54903739037655,99.05186462946325,169.565865795324,-64.04764895173768,29.9435437744076,35.0,0.12064102471426949,12.304685906107032
11.353306039000023,106.34208323299981,SAT_10090,20.920674037096177,196.42879145866598,99.0496621818418,169.57210149706557,-64.06902600626401,29.935175295317954,35.0,0.12073585096840543,12.311363953547975
11.353306039000023,106.4420832329998,SAT_10090,20.88853119382918,196.24798796528916,99.04633722205762,169.5814687301572,-64.101168849531,29.922581602826636,35.0,0.12087846167184534,12.321403260528589
11.353306039000023,106.5420832329998,SAT_10090,20.84565555945437,196.00681252193084,99.04187692022042,169.593947232361,-64.14404448390582,29.90576272257134,35.0,0.12106874475733706,12.33479122935882
11.353306039000023,106.6420832329998,SAT_10090,20.792090851297147,195.70551103854643,99.03626391713553,169.6095101694331,-64.19760919206304,29.884718688792322,35.0,0.1213065516514429,12.351511159770824
11.353306039000023,106.74208323299979,SAT_10090,20.72789121026466,195.3443880577387,99.02947612489558,169.6281243255944,-64.26180883309553,29.859449544333273,35.0,0.12159169819872459,12.371542353635673
11.353306039000023,106.84208323299978,SAT_10090,20.65312083836551,194.923804715806,99.02148647009763,169.64975033649876,-64.33657920499468,29.829955340642424,35.0,0.12192396579634732,12.39486024334201
11.353306039000023,106.94208323299978,SAT_10090,20.5678535749324,194.44417635899475,99.01226257445525,169.67434296131876,-64.42184646842779,29.79623613777387,35.0,0.12230310272525635,12.421436542157656
11.353306039000023,107.04208323299977,SAT_10090,20.472172417361023,193.90596984765574,99.00176636614778,169.70185139008038,-64.51752762599916,29.758292004389112,35.0,0.12272882566198842,12.451239414645913
11.353306039000023,107.14208323299977,SAT_10090,20.366168992787834,193.30970058443157,98.989953613583,169.7322195819758,-64.62353105057235,29.71612301775882,35.0,0.12320082135342478,12.484233665001929
11.353306039000023,107.24208323299976,SAT_10090,20.249942987576432,192.65592930511744,98.97677337127845,169.76538663009947,-64.73975705578376,29.669729263764836,35.0,0.12371874843540272,12.520380941013713
11.353306039000023,107.34208323299976,SAT_10090,20.12360154180972,191.9452586726797,98.96216732521046,169.80128714783817,-64.86609850155047,29.61911083690236,35.0,0.12428223937508652,12.559639951239586
11.353306039000023,107.44208323299975,SAT_10090,19.987258616127917,191.1783297157195,98.94606902212557,169.8398516720701,-65.00244142723227,29.5642678402824,35.0,0.12489090251636813,12.601966692928197
11.353306039000023,107.54208323299974,SAT_10090,19.841034338284047,190.35581815284777,98.92840296383189,169.88100707831484,-65.14866570507614,29.50520038563441,35.0,0.1255443242073074,12.647314688188407
11.353306039000023,107.64208323299974,SAT_10076,19.688880546870095,189.49995307614427,98.9094428092258,169.92087058202824,-65.30081949649009,29.44210360249249,35.0,0.12624456786765345,12.69580794908669
11.353306039000023,107.74208323299973,SAT_10076,19.53501955020593,188.63448496990836,98.88989687467438,169.96372853674828,-65.45468049315426,29.37941403746568,35.0,0.12693377312798593,12.743432220743669
11.353306039000023,107.84208323299973,SAT_10076,19.371557750268977,187.715012345263,98.8685660633879,170.0090097509564,-65.61814229309121,29.312503998300972,35.0,0.12766677395599535,12.793969766479778
11.353306039000023,107.94208323299972,SAT_10076,19.25434006341149,187.05566285668962,98.85289745829762,170.04132250295993,-65.7353599799487,29.264328314106997,35.0,0.1281929019284096,12.830172889167342
11.353306039000023,108.04208323299972,SAT_10076,19.224806673022385,186.88953753575092,98.84889928826347,170.04944306778995,-65.7648933703378,29.252164719072955,35.0,0.12832552664522923,12.83928949497558
11.353306039000023,108.14208323299971,SAT_10136,19.28951722434911,187.25353438696376,98.85763396445925,170.0316598565105,-65.70018281901108,29.27881284963086,35.0,0.12803481361725982,12.819300998514196
11.353306039000023,108.2420832329997,SAT_10136,19.362479916995696,187.6639495331008,98.86736485550334,170.01153754514007,-65.62722012636449,29.30878886339833,35.0,0.12770735220952686,12.79676409241323
11.353306039000023,108.3420832329997,SAT_10136,19.4252067596652,188.01678802311676,98.87563357518862,169.99419729627007,-65.56449328369499,29.334509229705425,35.0,0.12742595821062466,12.777379258919709
11.353306039000023,108.44208323299969,SAT_10136,19.47764210683367,188.3117368509394,98.88247794480422,169.97967295459557,-65.51205793652652,29.35597389635736,35.0,0.12719082340970236,12.761168054878597
11.353306039000023,108.54208323299969,SAT_10136,19.519738973781045,188.54853172751837,98.88792882131253,169.9679931127866,-65.46996106957914,29.373182819797787,35.0,0.127002109626995,12.748148666963347
11.353306039000023,108.64208323299968,SAT_10136,19.556743295073346,188.7566810347876,98.89268828861039,169.95771204804723,-65.43295674828684,29.38829253232715,35.0,0.1268362694691156,12.736700963097634
11.353306039000023,108.74208323299968,SAT_10136,19.660978280613563,189.34300282845126,98.90593647285142,169.92868060321453,-65.32872176274662,29.43076630551985,35.0,0.12636935025738005,12.704438114794563
11.353306039000023,108.84208323299967,SAT_10076,19.770100121191348,189.95681318170134,98.91955964372427,169.8981539199669,-65.21959992216884,29.4750817821033,35.0,0.12588104580249168,12.67064673850277
11.353306039000023,108.94208323299966,SAT_10076,19.87520350356438,190.54801970754963,98.93245123659777,169.86866125221607,-65.11449653979581,29.51764013248217,35.0,0.12541092743598095,12.638064492625931
11.453306039000022,105.94208323299983,SAT_10090,20.99042895607174,196.82116287790356,99.05681717276207,169.55173653847777,-63.99927108728845,29.962461196532104,35.0,0.12042648207825954,12.28956926326452
11.453306039000022,106.04208323299983,SAT_10090,21.001450478213265,196.8831589399496,99.057941681918,169.54851420905578,-63.98824956514692,29.966766902893507,35.0,0.12037761556185814,12.286124643422793
11.453306039000022,106.14208323299982,SAT_10090,21.001660316025934,196.8843392776459,99.0579630734334,169.54845284722578,-63.988039727334254,29.966848864130405,35.0,0.12037668523584898,12.286059059003042
11.453306039000022,106.24208323299982,SAT_10090,20.991058251257343,196.82470266332257,99.0568814285541,169.55155258711363,-63.998641792102845,29.962707080075926,35.0,0.12042369184042508,12.289372593224718
11.453306039000022,106.34208323299981,SAT_10090,20.96965530068698,196.70431106636426,99.05469263427294,169.5578066587854,-64.0200447426732,29.954341559162717,35.0,0.12051859800907784,12.296061045041435
11.453306039000022,106.4420832329998,SAT_10090,20.937473639835872,196.5232892240768,99.05138833713363,169.56720143740523,-64.05222640352432,29.94175231842317,35.0,0.12066132850527637,12.306115956036983
11.453306039000022,106.5420832329998,SAT_10090,20.894546449993157,196.28182378121153,99.04695584903887,169.57971654177672,-64.09515359336703,29.92493938348984,35.0,0.12085177069750132,12.319524664382659
11.453306039000022,106.6420832329998,SAT_10090,20.840917690789567,195.98016201069132,99.04137800323812,169.5953249807785,-64.14878235257062,29.90390278859613,35.0,0.12108977526660554,12.336270385121631
11.453306039000022,106.74208323299979,SAT_10090,20.776641801604143,195.6186101340233,99.0346329576753,169.61399334549947,-64.21305824175604,29.87864257657715,35.0,0.1213751571366037,12.356332315697133
11.453306039000022,106.84208323299978,SAT_10090,20.701783336067933,195.19753126538214,99.02669394178591,169.63568204422774,-64.28791670729225,29.84915879887083,35.0,0.12170769661731957,12.379685765318035
11.453306039000022,106.94208323299978,SAT_10090,20.61641653479377,194.71734300821498,99.01752894161018,169.66034557687553,-64.37328350856642,29.815451515519218,35.0,0.12208714074490767,12.406302306465191
11.453306039000022,107.04208323299977,SAT_10090,20.520624842211916,194.17851473744201,99.00710031668716,169.68793284492403,-64.46907520114827,29.777520795170062,35.0,0.12251320480415344,12.43614994659015
11.453306039000022,107.14208323299977,SAT_10090,20.414500374001193,193.58156460375673,98.9953643405623,169.71838749257319,-64.575199669359,29.735366715078545,35.0,0.12298557401468828,12.469193317849665
11.453306039000022,107.24208323299976,SAT_10090,20.29814334206155,192.92705629909622,98.98227065480924,169.7516482744885,-64.69155670129864,29.68898936110927,35.0,0.12350390536185386,12.505393882557547
11.453306039000022,107.34208323299976,SAT_10090,20.17166144429649,192.21559562416775,98.96776162415743,169.78764944532838,-64.8180385990637,29.63838882773849,35.0,0.12406782955193031,12.544710151921871
11.453306039000022,107.44208323299975,SAT_10076,20.043902217234063,191.49694997194163,98.95268991612733,169.82109607987928,-64.94579782612612,29.585671050639892,35.0,0.12465707190443605,12.585715724982297
11.453306039000022,107.54208323299974,SAT_10076,19.90935978798214,190.74014880739955,98.93659984795823,169.85905342941987,-65.08034025537805,29.531442035331892,35.0,0.1252582231815726,12.627470638108493
11.453306039000022,107.64208323299974,SAT_10076,19.764951986543423,189.92785492430676,98.91893126950498,169.89959573792194,-65.22474805681676,29.472993794954657,35.0,0.12590408175194942,12.672242032097532
11.453306039000022,107.74208323299973,SAT_10076,19.610802198655392,189.06076236743658,98.89959821107962,169.9426480332254,-65.3788978447048,29.41032644863393,35.0,0.1265942216555869,12.719982038457735
11.453306039000022,107.84208323299973,SAT_10076,19.447038690717264,188.1395926352846,98.87850325993861,169.98813249412788,-65.54266135264292,29.3434401241115,35.0,0.12732819920691937,12.77064078341962
11.453306039000022,107.94208323299972,SAT_10076,19.273793949106818,187.16509096372587,98.85553607859666,170.0359688664708,-65.71590609425337,29.272334957748456,35.0,0.12810555520904257,12.82416663032199
11.453306039000022,108.04208323299972,SAT_10076,19.091204025089837,186.13802264113033,98.83057165556073,170.0860748743082,-65.89849601827035,29.197011094528722,35.0,0.1289258171734995,12.880506421317367
11.453306039000022,108.14208323299971,SAT_10136,19.107984839075428,186.2324147197993,98.83290045149505,170.08150370546394,-65.88171520428476,29.20395976498933,35.0,0.12885023468927237,12.87532102912088
11.453306039000022,108.2420832329997,SAT_10136,19.18054421929871,186.64056123355525,98.84288714068732,170.06161856109918,-65.80915582406148,29.23392540696562,35.0,0.1285241889517239,12.852938480976196
11.453306039000022,108.3420832329997,SAT_10136,19.319319752943244,187.42117361030574,98.86163892439515,170.0234468126261,-65.67038029041694,29.29106452847902,35.0,0.1279010385521653,12.810096967717685
11.453306039000022,108.44208323299969,SAT_10136,19.453644882688778,188.1767524651244,98.87936656329745,169.98632336248963,-65.53605516067141,29.346154564986286,35.0,0.12729842335267788,12.768587939815387
11.453306039000022,108.54208323299969,SAT_10136,19.578170355087565,188.87720824736755,98.89544216810128,169.95175281379656,-65.41152968827262,29.39703423579178,35.0,0.1267402601193435,12.730070850148502
11.453306039000022,108.64208323299968,SAT_10136,19.692790768156186,189.52194807087852,98.90994378806688,169.91979916831264,-65.296909275204,29.443703437081385,35.0,0.12622691296439645,12.694586631008349
11.453306039000022,108.74208323299968,SAT_10136,19.797407042581213,190.11041461451933,98.92293982720193,169.89052265890305,-65.19229300077897,29.4861620736421,35.0,0.12575872363312737,12.662173691884897
11.453306039000022,108.84208323299967,SAT_10136,19.891926983106273,190.6420892799728,98.93448999123665,169.86397939372765,-65.09777306025391,29.52441005885958,35.0,0.12533600966119174,12.63286771572466
11.453306039000022,108.94208323299966,SAT_10076,19.994766559261535,191.22056189584615,98.94685447045785,169.83497904626438,-64.99493348409865,29.565891674076067,35.0,0.12487655005570378,12.600969561854638
11.553306039000022,105.94208323299983,SAT_10090,21.02822770741261,197.03378085419592,99.06065984196647,169.5406801990944,-63.961472335947576,29.977221458281292,35.0,0.12025890933350099,12.277754685800975
11.553306039000022,106.04208323299983,SAT_10090,21.03925865876802,197.0958299555701,99.06177888631912,169.53745080040767,-63.95044138459217,29.981525630478966,35.0,0.12021001496801229,12.27430619969546
11.553306039000022,106.14208323299982,SAT_10090,21.03946867622713,197.0970113037776,99.06180017393143,169.53738930390898,-63.95023136713306,29.98160756251231,35.0,0.12020908411140369,12.274240541624986
11.553306039000022,106.24208323299982,SAT_10090,21.028857540631805,197.03732366605388,99.06072378534374,169.54049584431243,-63.96084250272838,29.97746725421448,35.0,0.12025611750663151,12.277557795123798
11.553306039000022,106.34208323299981,SAT_10090,21.007436314481104,196.9168292689562,99.05854564328166,169.5467636219853,-63.98226372887908,29.969104714016474,35.0,0.12035107764775034,12.284253743262521
11.553306039000022,106.4420832329998,SAT_10090,20.975227265161095,196.73565336653115,99.0552574669574,169.55617895242818,-64.01447277819909,29.956519958947325,35.0,0.12049388901785574,12.294319895700376
11.553306039000022,106.5420832329998,SAT_10090,20.932263711009455,196.49398337442818,99.05084667889467,169.56872136546352,-64.05743633235073,29.93971301463456,35.0,0.12068443856664737,12.307743542955134
11.553306039000022,106.6420832329998,SAT_10090,20.878589792463373,196.19206758260648,99.04529626247913,169.5843637526295,-64.11111025089681,29.918683915304843,35.0,0.12092257642153958,12.324507837150607
11.553306039000022,106.74208323299979,SAT_10090,20.814260171609618,195.8302134653041,99.03858456745496,169.60307256056228,-64.17543987175057,29.89343270378486,35.0,0.12120811682335392,12.344591898149803
11.553306039000022,106.84208323299978,SAT_10090,20.739339664429593,195.40878561241647,99.03068505951367,169.62480802750184,-64.2503603789306,29.863959431502415,35.0,0.12154083927493775,12.367970943656243
11.553306039000022,106.94208323299978,SAT_10090,20.653902810916634,194.92820331140607,99.02156600891607,169.64952445946915,-64.33579723244355,29.830264158487754,35.0,0.12192048988862095,12.394616441573527
11.553306039000022,107.04208323299977,SAT_10090,20.558033388991618,194.38893781307786,99.01119011170874,169.67717054216763,-64.43166665436857,29.7923469533751,35.0,0.12234678291629954,12.424496282659742
11.553306039000022,107.14208323299977,SAT_10076,20.453575713092476,193.80136338614517,98.99959874377376,169.70440949161247,-64.53612433026771,29.749440350253884,35.0,0.12283012791750245,12.458325060991625
11.553306039000022,107.24208323299976,SAT_10076,20.349135583108065,193.2138876549829,98.98792870826772,169.73431657278238,-64.64056446025212,29.707884489420803,35.0,0.12329537117071622,12.490837005719841
11.553306039000022,107.34208323299976,SAT_10076,20.23448088174713,192.56895495982764,98.97489439038503,169.7670225537402,-64.75521916161306,29.662110605231,35.0,0.12380651924007943,12.52650069386378
11.553306039000022,107.44208323299975,SAT_10076,20.109717200318727,191.86715925179286,98.96043824244487,169.80246299768166,-64.87998284304146,29.612118790959872,35.0,0.12436320983790755,12.565275426481769
11.553306039000022,107.54208323299974,SAT_10076,19.974957002392273,191.10913313845654,98.94449465136746,169.8405693577024,-65.01474304096791,29.55790914848853,35.0,0.12496505639187415,12.607117775362164
11.553306039000022,107.64208323299974,SAT_10076,19.830318978004982,190.29554425127802,98.9269890475768,169.8812693871182,-65.1593810653552,29.4994817883064,35.0,0.12561165014699258,12.651981816396393
11.553306039000022,107.74208323299973,SAT_10076,19.675927383894432,189.42709153440617,98.90783685811262,169.92448755760347,-65.31377265946576,29.43683682951407,35.0,0.12630256233130682,12.699819369045057
11.553306039000022,107.84208323299973,SAT_10076,19.511911376725067,188.5045014940785,98.88694227597972,169.9701454805882,-65.47778866663512,29.36997439982633,35.0,0.12703734636495478,12.750580239508297
11.553306039000022,107.94208323299972,SAT_10076,19.338404345952554,187.52852444598312,98.86419681129732,170.01816232758304,-65.65129569740763,29.298894635575436,35.0,0.1278155400929467,12.804212465307083
11.553306039000022,108.04208323299972,SAT_10076,19.155543252537726,186.4999307955247,98.83947758169491,170.0684552454054,-65.83415679082246,29.223597681714637,35.0,0.12863666802294446,12.860662559108746
11.553306039000022,108.14208323299971,SAT_10136,19.145259920886517,186.44208705498664,98.8380649254251,170.07129459757707,-65.84444012247367,29.219361385051673,35.0,0.12868271946087073,12.863824190487408
11.553306039000022,108.2420832329997,SAT_10136,19.299332433829548,187.3087449402912,98.85898167847552,170.0289558999954,-65.69036760953064,29.28284899409682,35.0,0.12799075299087204,12.816269950641193
11.553306039000022,108.3420832329997,SAT_10136,19.4438092453164,188.12142700490475,98.87809580950734,169.98904753091261,-65.54589079804379,29.34212798323578,35.0,0.12734252991462874,12.771628720452327
11.553306039000022,108.44208323299969,SAT_10136,19.578572458198266,188.87947007736526,98.89550504087045,169.95164093944197,-65.41112758516192,29.397198231473244,35.0,0.12673845852883442,12.729946418664358
11.553306039000022,108.54208323299969,SAT_10136,19.703509372275434,189.5822402190493,98.91129543445541,169.91680451838886,-65.28619067108475,29.44805962641845,35.0,0.12617892847184656,12.691266850642506
11.553306039000022,108.64208323299968,SAT_10136,19.818513089000803,190.2291361256295,98.92554265464722,169.88460322249585,-65.17118695435938,29.494712064282286,35.0,0.12566430871283335,12.655631487432975
11.553306039000022,108.74208323299968,SAT_10136,19.923483103620995,190.8195924578681,98.93831304006545,169.85509819367817,-65.06621693973919,29.53715544987467,35.0,0.1251949455989948,12.623079250336694
11.553306039000022,108.84208323299967,SAT_10136,20.01832587840714,191.35308306604017,98.94966451301735,169.8283463974014,-64.97137416495305,29.575389696602116,35.0,0.12477116097938835,12.593646303174383
11.553306039000022,108.94208323299966,SAT_10076,20.10379389262647,191.8338406460239,98.95974471118708,169.8041417238486,-64.88590615073372,29.609740662734723,35.0,0.12438965165099528,12.567115437968837
11.653306039000022,105.84208323299984,SAT_10090,21.032926883319746,197.06021371867357,99.06113053159986,169.53930463197423,-63.95677316004044,29.97905521824313,35.0,0.12023807987675769,12.276285666432582
11.653306039000022,106.04208323299983,SAT_10090,21.065814422903088,197.2452061288299,99.0644587765834,169.52967122150164,-63.9238856204571,29.991881186180905,35.0,0.12009232406729274,12.26600326106907
11.653306039000022,106.14208323299982,SAT_10090,21.06602454412611,197.2463880607094,99.0644799888528,169.52960963681804,-63.92367549923408,29.99196308878993,35.0,0.12009139293802056,12.265937558267956
11.653306039000022,106.24208323299982,SAT_10090,21.055408169777017,197.18667095499572,99.06340741175333,169.53272063038048,-63.93429187358317,29.987824267404577,35.0,0.12013844009741653,12.26925707050985
11.653306039000022,106.34208323299981,SAT_10090,21.03397639221251,197.06611720619537,99.06123699397904,169.53899738307342,-63.95572365114768,29.979464730454215,35.0,0.12023342794937746,12.275957570579088
11.653306039000022,106.4420832329998,SAT_10090,21.00175153881139,196.8848524058141,99.05796050755416,169.54842617125763,-63.9879485045488,29.96688449496459,35.0,0.12037628079571162,12.28603054746004
11.653306039000022,106.5420832329998,SAT_10090,20.958767017407965,196.64306447291983,99.05356545539948,169.56098646638486,-64.03093302595222,29.95008358655827,35.0,0.12056688531533305,12.29946326081029
11.653306039000022,106.6420832329998,SAT_10090,20.905067086508552,196.34100236161058,99.04803493002203,169.57665108301998,-64.08463295685164,29.929062039455328,35.0,0.12080509127778993,12.3162388220092
11.653306039000022,106.74208323299979,SAT_10090,20.84070655362362,195.97897436413285,99.04134742057825,169.5953863730443,-64.14899348973657,29.90381989647417,35.0,0.12109071248211885,12.336336300684321
11.653306039000022,106.84208323299978,SAT_10090,20.765750406035494,195.55734603394967,99.03347656449746,169.61715246315714,-64.2239496373247,29.87435720903267,35.0,0.12142352790931193,12.359730855290906
11.653306039000022,106.94208323299978,SAT_10076,20.68708923762567,195.1148769616444,99.0250134181665,169.63714259396505,-64.30261080573452,29.841868043930358,35.0,0.12179118633057501,12.38554506936925
11.653306039000022,107.04208323299977,SAT_10076,20.60324903024521,194.6432757951293,99.01599379488638,169.6613576208174,-64.38645101311498,29.80876040017327,35.0,0.1221640015098313,12.411689790961015
11.653306039000022,107.14208323299977,SAT_10076,20.508993109338675,194.11308624003004,99.00571354234332,169.68849572079455,-64.48070693402151,29.77143609113748,35.0,0.12258340614928548,12.44106389821515
11.653306039000022,107.24208323299976,SAT_10076,20.40441203332948,193.5248176874783,98.99412964784301,169.7185014944037,-64.58528801003071,29.729895192878153,35.0,0.12304909073379297,12.473632617771363
11.653306039000022,107.34208323299976,SAT_10076,20.28960449706709,192.8790252960024,98.98119252707988,169.75131462636838,-64.7000955462931,29.68413779004981,35.0,0.12356071738932957,12.5093579925852
11.653306039000022,107.44208323299975,SAT_10076,20.164676730274536,192.17630660779426,98.96684539133021,169.7868702696444,-64.82502331308565,29.634163975908507,35.0,0.12411792181011112,12.548199097539648
11.653306039000022,107.54208323299974,SAT_10076,20.02974186738706,191.4172980040522,98.95102350239998,169.82509944687604,-64.95995817597313,29.579973852314218,35.0,0.12472031529140942,12.590112266119908
11.653306039000022,107.64208323299974,SAT_10076,19.884919296158287,190.60267104089036,98.93365329714857,169.86592946442997,-65.1047807472019,29.521567529733446,35.0,0.12536748684708943,12.635051325658287
11.653306039000022,107.74208323299973,SAT_10076,19.73033399230573,189.73312870671975,98.91465135932307,169.90928433423,-65.25936605105446,29.45894512724204,35.0,0.12605900539094578,12.682967838675555
11.653306039000022,107.84208323299973,SAT_10076,19.566115847242074,188.80940164073667,98.89392321138347,169.95508519877916,-65.42358419611811,29.39210677252826,35.0,0.12679442196130633,12.733811347905904
11.653306039000022,107.94208323299972,SAT_10076,19.392398995598384,187.83224435024093,98.87136189269998,170.00325075499904,-65.5973010477618,29.321052601896028,35.0,0.12757327196906373,12.787529622689721
11.653306039000022,108.04208323299972,SAT_10076,19.20932114881846,186.80243146210384,98.84684628260501,170.05369767281198,-65.78037889454173,29.24578276026843,35.0,0.1283950774502571,12.844068904547916
11.653306039000022,108.14208323299971,SAT_10136,19.258540405204684,187.07928977927634,98.85351463717413,170.0401875012476,-65.7311596381555,29.266067315746053,35.0,0.12817388798590795,12.828865564668051
11.653306039000022,108.2420832329997,SAT_10136,19.413059268299463,187.9484583841845,98.8740811890043,169.99755831261928,-65.57664077506072,29.32953194079761,35.0,0.12748044284485524,12.781133960394195
11.653306039000022,108.3420832329997,SAT_10136,19.5579609941056,188.76353059184402,98.89287984216489,169.95737350426128,-65.43173904925459,29.388789469634826,35.0,0.1268308128859042,12.736324201742235
11.653306039000022,108.44208323299969,SAT_10136,19.69312619805835,189.52383486407822,98.91000552513947,169.91970547018758,-65.29657384530184,29.443839781291132,35.0,0.12622541127559786,12.694482745129784
11.653306039000022,108.54208323299969,SAT_10136,19.818440735850814,190.22872913916083,98.9255418737301,169.88462352223814,-65.17125930750937,29.494682763402437,35.0,0.1256646323508668,12.655653916322802
11.653306039000022,108.64208323299968,SAT_10136,19.933796319297954,190.877604296051,98.9395624466789,169.85219350098433,-65.05590372406223,29.541318312204265,35.0,0.12514884957621378,12.619879685705966
11.653306039000022,108.74208323299968,SAT_10136,20.039091119668768,191.46988754813682,98.9521317580403,169.82247739358718,-64.95060892369142,29.58374633252911,35.0,0.12467841355915607,12.587199449074193
11.653306039000022,108.84208323299967,SAT_10136,20.13423035198315,192.00504572990522,98.96330615385459,169.79553296286585,-64.85546969137704,29.621966737804016,35.0,0.12425365014286197,12.557649816172347
11.653306039000022,108.94208323299966,SAT_10136,20.219126833669307,192.48258843938984,98.97313455554362,169.77141339191513,-64.77057320969088,29.655979450048378,35.0,0.12387485859498118,12.531264409229143
11.653306039000022,109.04208323299966,SAT_10076,20.297999976790024,192.9262498694439,98.98214652930383,169.74891959688074,-64.69170006657016,29.687489335842706,35.0,0.12352328959109306,12.506746515941039
11.653306039000022,109.14208323299965,SAT_10076,20.383522006551416,193.40731128685172,98.99179299843807,169.72448192619157,-64.60617803680877,29.721581328412917,35.0,0.12314215328018607,12.480135285749938
11.753306039000021,106.04208323299983,SAT_10090,21.081088916361686,197.33112515453448,99.0659923293336,169.52519320898347,-63.9086111269985,29.997833549360273,35.0,0.12002464068182697,12.26122682669349
11.753306039000021,106.4420832329998,SAT_10090,21.017017818323822,196.9707252280715,99.05950859165516,169.54396069331298,-63.972682225036365,29.972845905817195,35.0,0.12030860101140448,12.28125883652917
11.753306039000021,106.5420832329998,SAT_10090,20.974027867658975,196.72890675558176,99.05512341768863,169.5565293526805,-64.01567217570121,29.95605107859065,35.0,0.12049920768326468,12.294694693928076
11.753306039000021,106.6420832329998,SAT_10090,20.920321246147495,196.42680700957965,99.04960537984256,169.5722043669449,-64.06937879721269,29.935037140361533,35.0,0.12073741603764734,12.311474154591671
11.753306039000021,106.74208323299979,SAT_10076,20.867922921446464,196.13206643313637,99.04407488180671,169.58466926210144,-64.12177712191372,29.912980849982656,35.0,0.12098785303731134,12.329100856757632
11.753306039000021,106.84208323299978,SAT_10076,20.805084457677808,195.7786000744377,99.03750944310494,169.60294134474114,-64.18461558568238,29.888315684295335,35.0,0.12126688350226564,12.348723041734308
11.753306039000021,106.94208323299978,SAT_10076,20.7316652934594,195.36561727570913,99.0297589363289,169.6242388191311,-64.25803474990079,29.8594352572171,35.0,0.12159306216573815,12.371638125821049
11.753306039000021,107.04208323299977,SAT_10076,20.647738417149895,194.89352859646817,99.02079229680062,169.64851694492833,-64.34196162621029,29.826339627598013,35.0,0.12196614038309941,12.397818168496885
11.753306039000021,107.14208323299977,SAT_10076,20.553386083402785,194.36279671914068,99.01057293436646,169.67572534281305,-64.4363139599574,29.789028862882084,35.0,0.12238583756204156,12.427231642464383
11.753306039000021,107.24208323299976,SAT_10076,20.44869928686842,193.77393348863487,98.9990582892602,169.70580833172482,-64.54100075649177,29.747503039108988,35.0,0.12285184282718721,12.459843621048742
11.753306039000021,107.34208323299976,SAT_10076,20.33377719254122,193.12749670804436,98.98619930393976,169.7387052932916,-64.65592285081897,29.701762240916,35.0,0.12336381683178385,12.495615981611586
11.753306039000021,107.44208323299975,SAT_10076,20.208726529975166,192.4240867311103,98.9719397989921,169.77435105866778,-64.78097351338502,29.65180656154018,35.0,0.12392139369632801,12.534507622561096
11.753306039000021,107.54208323299974,SAT_10076,20.073660958777182,191.66434289312167,98.95621573852245,169.8126763128816,-64.916039084583,29.59763610282073,35.0,0.12452418305328064,12.576474691468858
11.753306039000021,107.64208323299974,SAT_10076,19.92870041281732,190.8489398220974,98.93895436718155,169.8536080117887,-65.06099963054287,29.53925097520162,35.0,0.12517177217673053,12.621470821779058
11.753306039000021,107.74208323299973,SAT_10076,19.77397043049021,189.9785836715074,98.92007319698128,169.8970698068121,-65.21572961286998,29.47665129773441,35.0,0.1258637281759223,12.66944737561635
11.753306039000021,107.84208323299973,SAT_10076,19.60960147813597,189.05400831451485,98.89947881709827,169.94298247281313,-65.38009856522422,29.409837198081274,35.0,0.12659960023196362,12.720353690260401
11.753306039000021,107.94208323299972,SAT_10076,19.435728273378004,188.0759715377513,98.87706549370014,169.99126433468857,-65.55397176998218,29.338808812518295,35.0,0.1273789218577307,12.774137325954177
11.753306039000021,108.04208323299972,SAT_10076,19.252489114702158,187.04525127019966,98.85271351909878,170.04183168859103,-65.73721092865803,29.263566285938925,35.0,0.1282012131619664,12.830744312843951
11.753306039000021,108.14208323299971,SAT_10136,19.36146302475339,187.65822951423783,98.86728922875876,170.01181834387282,-65.6282370186068,29.308371515546227,35.0,0.12771191498854864,12.797078275291664
11.753306039000021,108.2420832329997,SAT_10136,19.516386164489717,188.52967217525466,98.88754582587438,169.96892398291163,-65.47331387887047,29.37181298567111,35.0,0.12701713778121174,12.749185743848741
11.753306039000021,108.3420832329997,SAT_10136,19.661672851106545,189.34690978747432,98.90606518736533,169.92848679775534,-65.32802719225364,29.43104889460844,35.0,0.126366240054231,12.704223049052516
11.753306039000021,108.44208323299969,SAT_10136,19.797202335891782,190.10926313939126,98.92293978919557,169.89058004990244,-65.1924977074684,29.48607912141995,35.0,0.12575963942715554,12.662237139558762
11.753306039000021,108.54208323299969,SAT_10136,19.922859149704394,190.8160827170872,98.9382511362555,169.855273895195,-65.0668408936558,29.53690355376782,35.0,0.125197734534365,12.623272817694229
11.753306039000021,108.64208323299968,SAT_10136,20.038533729129043,191.46675222635088,98.95207093684463,169.82263498795112,-64.95116631423114,29.583522087911824,35.0,0.12468090295287747,12.587372511238982
11.753306039000021,108.74208323299968,SAT_10136,20.144123030135844,192.06069204451416,98.96446210080023,169.79272609200834,-64.84557701322434,29.625934628706688,35.0,0.12420949918856679,12.554576050734125
11.753306039000021,108.84208323299967,SAT_10136,20.2395311225947,192.5973625645952,98.97547958763866,169.7656057030369,-64.75016892076549,29.66414108959967,35.0,0.12378385274010269,12.52492045458816
11.753306039000021,108.94208323299966,SAT_10136,20.324669758892725,193.0762673937716,98.98517112618327,169.74132768655952,-64.66503028446746,29.698141392628372,35.0,0.12340426626000037,12.498439724276318
11.753306039000021,109.04208323299966,SAT_10136,20.399458909920824,193.49695636830464,98.99357782318788,169.71994093611755,-64.59024113343936,29.72793546841873,35.0,0.12307101383192312,12.475164651908628
11.753306039000021,109.14208323299965,SAT_10076,20.471600167111376,193.9027509400015,99.00159322804704,169.69923695671247,-64.51809987624881,29.75659858648651,35.0,0.12274987100838243,12.452711635014474
11.853306039000021,106.4420832329998,SAT_10076,21.02599955975152,197.0212475236023,99.06031322997102,169.53852427169065,-63.96370048360867,29.97481094546642,35.0,0.12028650371963082,12.279700653664804
11.853306039000021,106.5420832329998,SAT_10076,20.995219807271937,196.84811141590467,99.0571805241053,169.54752956929397,-63.99448023608825,29.962796226571882,35.0,0.12042300090682,12.289323892459342
11.853306039000021,106.6420832329998,SAT_10076,20.953692962870946,196.61452291614907,99.05293115082114,169.55966365388423,-64.03600708048924,29.946567662875573,35.0,0.12060720783485027,12.302303881645724
11.853306039000021,106.74208323299979,SAT_10076,20.901461744092373,196.3207223105196,99.04754879269649,169.5749002880805,-64.08823829926781,29.92612528744728,35.0,0.12083897947840899,12.31862431915619
11.853306039000021,106.84208323299978,SAT_10076,20.838579423675583,195.96700925817515,99.04101255996275,169.5932067674168,-64.1511206196846,29.90146914194516,35.0,0.12111813482374645,12.338264859389218
11.853306039000021,106.94208323299978,SAT_10076,20.765109470711593,195.55374077275272,99.03329674990637,169.61454415116233,-64.2245905726486,29.872599276616793,35.0,0.1214444579887004,12.361201240114353
11.853306039000021,107.04208323299977,SAT_10076,20.68112512903714,195.08132885083393,99.02437054663908,169.63886753324002,-64.30857491432305,29.83951575030048,35.0,0.12181769954319971,12.387405431840302
11.853306039000021,107.14208323299977,SAT_10076,20.586708938688332,194.55023778012188,99.01419765506817,169.66612634936763,-64.40299110467186,29.802218630426747,35.0,0.1222375780143229,12.416845807716658
11.853306039000021,107.24208323299976,SAT_10076,20.481952206877125,193.96098116368384,99.00273586134566,169.69626471612003,-64.50774783648306,29.76070799302005,35.0,0.12270378155816378,12.449487331824923
11.853306039000021,107.34208323299976,SAT_10076,20.36695443543013,193.31411869929448,98.98993651024189,169.72922179730597,-64.62274560793006,29.71498392270073,35.0,0.12321596977930095,12.485291763545508
11.853306039000021,107.44208323299975,SAT_10076,20.241822711967487,192.61025275481714,98.97574388770278,169.7649321928351,-64.7478773313927,29.66504651268717,35.0,0.12377377567759579,12.52421787556719
11.853306039000021,107.54208323299974,SAT_10076,20.10667107227414,191.85002478154206,98.96009449420951,169.80332634514895,-64.88302897108605,29.610895864798184,35.0,0.12437680770135809,12.56622168303393
11.853306039000021,107.64208323299974,SAT_10076,19.961619841354562,191.0341116076194,98.94291619134931,169.84433095827598,-65.02808020200563,29.552532089455603,35.0,0.12502465188561707,12.61125668129964
11.853306039000021,107.74208323299973,SAT_10076,19.806794960549965,190.16322165309356,98.9241272000625,169.88786942466032,-65.18290508281022,29.48995530568711,35.0,0.12571687405429915,12.65927408978272
11.853306039000021,107.84208323299973,SAT_10076,19.64232730786496,189.23809110674043,98.90363492416168,169.93386225508414,-65.34737273549523,29.423165641129277,35.0,0.12645302206551698,12.710223099474845
11.853306039000021,107.94208323299972,SAT_10136,19.470943893616948,188.27405940159534,98.8816725789558,169.98152980555093,-65.51875614974324,29.35323376842819,35.0,0.12722085543290856,12.763239257187601
11.853306039000021,108.04208323299972,SAT_10136,19.311740737730943,187.37854164973655,98.86068868384086,170.02553626059773,-65.67795930562924,29.28794982560291,35.0,0.1279350560637305,12.812437814570687
11.853306039000021,108.14208323299971,SAT_10136,19.45393642250869,188.17839237661138,98.87945805929125,169.98624260070778,-65.5357636208515,29.3462739000678,35.0,0.12729711602721236,12.768497804184296
11.853306039000021,108.2420832329997,SAT_10136,19.609220111441772,189.05186312685996,98.89944235268939,169.9431094384228,-65.38047993191842,29.40969204438743,35.0,0.12660115873173877,12.720461379151317
11.853306039000021,108.3420832329997,SAT_10136,19.75485021909867,189.87103248243005,98.91771629573319,169.90244494923903,-65.23484982426152,29.468906173877627,35.0,0.12594913748636452,12.675361911413761
11.853306039000021,108.44208323299969,SAT_10136,19.890704763218807,190.6352142931058,98.93437022519878,169.86432317989792,-65.09899528014138,29.523916167627974,35.0,0.1253414739258771,12.63324679394555
11.853306039000021,108.54208323299969,SAT_10136,20.016667076328446,191.3437523043475,98.94948378635937,169.82881505044514,-64.97303296703174,29.574721913326517,35.0,0.12477857056047192,12.594161259352646
11.853306039000021,108.64208323299968,SAT_10136,20.132626441246245,191.99602373201014,98.9631270718994,169.79598795220267,-64.85707360211394,29.621323307256905,35.0,0.12426080867695383,12.558148148491222
11.853306039000021,108.74208323299968,SAT_10136,20.238478714132356,192.5914427669945,98.97536159041626,169.76590535261178,-64.75122132922783,29.66372025429575,35.0,0.12378854629847247,12.525247684613339
11.853306039000021,108.84208323299967,SAT_10136,20.334126928297408,193.12946397167292,98.98624108986009,169.73862641139516,-64.65557311506278,29.701912667910225,35.0,0.12336211622244574,12.495497255355396
11.853306039000021,108.94208323299966,SAT_10136,20.419481871885367,193.6095855293552,98.99581225657349,169.71420561256622,-64.57021817147482,29.73590047015584,35.0,0.12298182415641362,12.468931204908031
11.853306039000021,109.04208323299966,SAT_10136,20.4944626325549,194.03135230812128,99.00411530678954,169.6926924168204,-64.49523741080529,29.765683591674474,35.0,0.12264794697132445,12.445580638688039
11.95330603900002,106.4420832329998,SAT_10076,21.048365857923997,197.1470579508225,99.062574263207,169.5319743667012,-63.94133418543619,29.9835340763481,35.0,0.12018733712066394,12.272706557962413
11.95330603900002,106.5420832329998,SAT_10076,21.017575372400124,196.97386146975072,99.05945117981183,169.54098992795278,-63.97212467096006,29.971523785262086,35.0,0.1203238588205311,12.282334669448845
11.95330603900002,106.6420832329998,SAT_10076,20.97603413354922,196.74019200121435,99.05521490325044,169.55313780852404,-64.01366590981097,29.955301202317372,35.0,0.12050809854958228,12.29532120505472
11.95330603900002,106.74208323299979,SAT_10076,20.923784949721764,196.44629034218494,99.04984920684208,169.56839171161766,-64.06591509363842,29.93486636057725,35.0,0.12073991100945522,12.311649831588552
11.95330603900002,106.84208323299978,SAT_10076,20.860881206307752,196.09245678548112,99.0433333174621,169.58671885909652,-64.12881883705244,29.910219301691697,35.0,0.1210191148468975,12.331300164800709
11.95330603900002,106.94208323299978,SAT_10076,20.787386505745886,195.6790490948206,99.03564167664389,169.60808022307876,-64.2023135376143,29.881360075898435,35.0,0.12134549377674106,12.354247896657245
11.95330603900002,107.04208323299977,SAT_10076,20.70337424458002,195.20648012576262,99.02674364249289,169.63243079776046,-64.28632579878017,29.848288742024206,35.0,0.12171879790584919,12.380464945138066
11.95330603900002,107.14208323299977,SAT_10076,20.60892713341721,194.6752151254718,99.01660312630308,169.65971990756498,-64.38077290994298,29.81100536748629,35.0,0.12213874524205248,12.409919624622232
11.95330603900002,107.24208323299976,SAT_10076,20.50413666626902,194.08576874776324,99.00517815622737,169.6898915473076,-64.48556337709117,29.769510028294196,35.0,0.1226050233702616,12.442576834707491
11.95330603900002,107.34208323299976,SAT_10076,20.389102546248353,193.438701822647,98.99242035854027,169.722884749745,-64.60059749711183,29.72380280905164,35.0,0.12311729127648485,12.478398265142014
11.95330603900002,107.44208323299975,SAT_10076,20.26393207492835,192.734617921472,98.97827434486672,169.75863397566545,-64.72576796843184,29.673883802958667,35.0,0.12367518129940398,12.517342614425656
11.95330603900002,107.54208323299974,SAT_10076,20.128739512845456,191.97415975975568,98.96267699113892,169.7970695215739,-64.86096053051473,29.619753111814056,35.0,0.12427830118847591,12.559365819566418
11.95330603900002,107.64208323299974,SAT_10076,19.983645418664167,191.15800547998595,98.94555659086708,169.83811794001295,-65.00605462469602,29.561410846017903,35.0,0.12492623624722751,12.604421294453742
11.95330603900002,107.74208323299973,SAT_10136,19.85141741895947,190.41422298164701,98.92959999500356,169.87536610546408,-65.13828262440072,29.508030817385205,35.0,0.12551714338155928,12.645430192940285
11.95330603900002,107.84208323299973,SAT_10136,19.711173214163395,189.6253493296691,98.91229171932467,169.91466264542825,-65.27852682919679,29.45117347461088,35.0,0.12614462154823802,12.68889303683119
11.95330603900002,107.94208323299972,SAT_10136,19.561208982656893,188.78180052744503,98.89333121968443,169.95647043059802,-65.4284910607033,29.39011487224425,35.0,0.1268162586734125,12.735319243676111
11.95330603900002,108.04208323299972,SAT_10136,19.40164901926218,187.88427573334977,98.87262356907846,170.00071405183587,-65.58805102409801,29.324855135009262,35.0,0.1275316248199678,12.784660482451422
11.95330603900002,108.14208323299971,SAT_10136,19.535877106479248,188.63930872394576,98.89008097475711,169.96351101832798,-65.45382293688094,29.37977439371372,35.0,0.12692977914896952,12.743156533117713
11.95330603900002,108.2420832329997,SAT_10136,19.69147609600863,189.51455304004853,98.909828395317,169.92016639486866,-65.29822394735156,29.443169041403497,35.0,0.12623279866395357,12.694993795222445
11.95330603900002,108.3420832329997,SAT_10136,19.837406625656456,190.33541226931757,98.9278888135437,169.8793006051245,-65.15229341770373,29.502361231949685,35.0,0.1255798028529116,12.649774241676006
11.95330603900002,108.44208323299969,SAT_10136,19.973545617006963,191.10119409566417,98.9443507167302,169.84098839435975,-65.01615442635322,29.557350844469294,35.0,0.12497121690880002,12.607545659553967
11.95330603900002,108.54208323299969,SAT_10136,20.09977533745807,191.81123627320164,98.95929214166738,169.8053013625994,-64.88992470590212,29.608137766675835,35.0,0.12440744677706783,12.568353663201474
11.95330603900002,108.64208323299968,SAT_10136,20.2159840440722,192.46491024790612,98.97278178304141,169.77230755709877,-64.77371599928799,29.654721894876452,35.0,0.12388887703319416,12.532241460032465
11.95330603900002,108.74208323299968,SAT_10136,20.322066615009916,193.0616247094308,98.98487993650136,169.74207107164418,-64.66763342835027,29.69710313396931,35.0,0.12341586881885874,12.499249621856546
11.95330603900002,108.84208323299967,SAT_10136,20.417925161642017,193.60082903423634,98.99563930088101,169.71465165721543,-64.57177488171817,29.735281397441156,35.0,0.1229887578567053,12.46941586408719
11.95330603900002,108.94208323299966,SAT_10136,20.503469614335643,194.082016580638,99.00510565954576,169.69010434861715,-64.48623042902454,29.769256607365158,35.0,0.12260785256375646,12.442774835208782
11.95330603900002,109.04208323299966,SAT_10136,20.57861827490808,194.50472779635797,99.01331845716602,169.66847911170376,-64.4110817684521,29.79902869439888,35.0,0.12227343228330456,12.419357918863922
11.95330603900002,109.14208323299965,SAT_10136,20.64329832890145,194.8685531000707,99.02031128521975,169.64982051572545,-64.34640171445874,29.82459759778257,35.0,0.1219857456545125,12.399193050861346
11.95330603900002,109.24208323299965,SAT_10136,20.697446311112742,195.17313550000918,99.02611228704765,169.63416743514702,-64.29225373224745,29.845963265337595,35.0,0.1217450091380154,12.382304553299994
12.05330603900002,106.84208323299978,SAT_10076,20.871966004352117,196.15480877448067,99.04448143556391,169.5834922318121,-64.11773403900807,29.914566146100352,35.0,0.12096990444805834,12.327838048848268
12.05330603900002,106.94208323299978,SAT_10076,20.7984727910015,195.74140944938344,99.036803599732,169.6048615214466,-64.19122725235869,29.885717637605445,35.0,0.1212962498106026,12.350787118706931
12.05330603900002,107.04208323299977,SAT_10076,20.71446237495593,195.2688508591271,99.02792165862365,169.62922108342195,-64.27523766840426,29.852658585287415,35.0,0.12166951507764902,12.377005655192065
12.05330603900002,107.14208323299977,SAT_10076,20.620017521365043,194.73759855767838,99.01779964303664,169.65652020535228,-64.36968252199514,29.81538905655053,35.0,0.1220894181023629,12.406461955091029
12.05330603900002,107.24208323299976,SAT_10076,20.515229783958844,194.14816753476853,99.00639572133196,169.68670284178296,-64.47447025940134,29.773909127389636,35.0,0.12255564629932009,12.439120898708687
12.05330603900002,107.34208323299976,SAT_10076,20.400198930183123,193.50111898228008,98.99366168298242,169.71970798212894,-64.58950111317706,29.728218882392113,35.0,0.12306785846980708,12.474944154970435
12.05330603900002,107.44208323299975,SAT_10136,20.293677736509665,192.90193726786688,98.98166416783411,169.75017373086501,-64.69602230685052,29.68577490883882,35.0,0.12354241590005151,12.508081068924273
12.05330603900002,107.54208323299974,SAT_10136,20.183055251982765,192.2796857924031,98.96898808861478,169.78167030801384,-64.80664479137742,29.641538540059383,35.0,0.12403577503814307,12.542477248384818
12.05330603900002,107.64208323299974,SAT_10136,20.062354644899727,191.60074487756097,98.95489934230834,169.815897212916,-64.92734539846046,29.593102158843944,35.0,0.12457452371198467,12.579975820676408
12.05330603900002,107.74208323299973,SAT_10136,19.931684176680136,190.86572349382575,98.93933433718529,169.85278846628572,-65.05801586668005,29.54046586411231,35.0,0.1251582897537192,12.620534974752918
12.05330603900002,107.84208323299973,SAT_10136,19.791158452653974,190.0752662961786,98.92222073406411,169.89227431127097,-65.19854159070621,29.483629763373408,35.0,0.12578667846440006,12.664110364344257
12.05330603900002,107.94208323299972,SAT_10136,19.64089778343171,189.23005003180336,98.90347644041849,169.93428161831673,-65.34880225992848,29.422593972728023,35.0,0.1264592747082557,12.710655339631508
12.05330603900002,108.04208323299972,SAT_10136,19.48102753688977,188.33077989500495,98.8830084280344,169.97873429487552,-65.50867250647042,29.35735861687174,35.0,0.12717564505673057,12.760121183409904
12.05330603900002,108.14208323299971,SAT_10136,19.607209959060498,189.0405560197153,98.89920914784015,169.94366929144962,-65.38249008429969,29.408872929672118,35.0,0.12661016322363222,12.721083559298545
12.05330603900002,108.2420832329997,SAT_10136,19.76307762621576,189.9173116474637,98.91875324143933,169.90014142370666,-65.22662241714443,29.47224390996087,35.0,0.12591232087556603,12.672812582523063
12.05330603900002,108.3420832329997,SAT_10136,19.90926426006922,190.73961146288937,98.93663034685389,169.85910117901028,-65.08043578329097,29.531414002116065,35.0,0.1252585036845872,12.627490102712162
12.05330603900002,108.44208323299969,SAT_10136,20.045645829620156,191.50675779161338,98.95292737178548,169.82062391035078,-64.94405421374003,29.58638308528171,35.0,0.12464913992728167,12.585164248743682
12.05330603900002,108.54208323299969,SAT_10136,20.172103676438084,192.21808317996422,98.96772097875873,169.78478180947934,-64.8175963669221,29.63715104719636,35.0,0.12408463852664837,12.54588096611248
12.05330603900002,108.64208323299968,SAT_10136,20.28852516579626,192.87295405760395,98.98107866762444,169.75164349457003,-64.70117487756393,29.6837177841903,35.0,0.12356538690907236,12.509683780275111
12.05330603900002,108.74208323299968,SAT_10136,20.394804325420452,193.47077433049006,98.99305969703323,169.7212736046811,-64.59489571793974,29.72608320118288,35.0,0.12309174892000771,12.476613565521513
12.05330603900002,108.84208323299967,SAT_10136,20.4908424648533,194.01098886479983,99.0037158686356,169.6937324056083,-64.49885757850689,29.764247211680146,35.0,0.12266406281859678,12.446708321760138
12.05330603900002,108.94208323299966,SAT_10136,20.57654876831525,194.4930868217733,99.01309219339336,169.66907541181706,-64.41315127504494,29.798209737772613,35.0,0.12228263937156142,12.42000296162893
12.05330603900002,109.04208323299966,SAT_10136,20.651840853951327,194.91660480347622,99.02122745583615,169.64735302914707,-64.33785918940886,29.827970710133297,35.0,0.12194776006647175,12.396529110328615
12.05330603900002,109.14208323299965,SAT_10136,20.716645292500743,195.28112977031668,99.02815468918799,169.6286102228974,-64.27305475085944,29.853530068015967,35.0,0.12165967546390642,12.376314920514103
12.15330603900002,107.14208323299977,SAT_10136,20.63474818264487,194.82045852737738,99.01938683721454,169.6522894602161,-64.35495186071532,29.821220572811338,35.0,0.1220237675196916,12.401859205790865
12.15330603900002,107.24208323299976,SAT_10136,20.554791558493207,194.37070251652432,99.01072258675498,169.67534182665074,-64.43490848486698,29.789596657647795,35.0,0.1223794440878448,12.42678387177619
12.15330603900002,107.34208323299976,SAT_10136,20.464458830075912,193.86258091917702,99.00080420273925,169.70130780312923,-64.52524121328427,29.753774065928777,35.0,0.1227815272576901,12.45492594882614
12.15330603900002,107.44208323299975,SAT_10136,20.36383627859759,193.29657906711142,98.9895903768148,169.73013461451797,-64.6258637647626,29.713752870804534,35.0,0.12322972206926402,12.486252298979908
12.15330603900002,107.54208323299974,SAT_10136,20.253018377114586,192.67322837126954,98.97703336722704,169.76176453152735,-64.7366816662456,29.669533154005656,35.0,0.123723705056852,12.52072658366705
12.15330603900002,107.64208323299974,SAT_10136,20.13210721484444,191.99310308349996,98.96307839463127,169.79613523825708,-64.85759282851575,29.621115005845144,35.0,0.12426312609260687,12.558309470011196
12.15330603900002,107.74208323299973,SAT_10136,20.00121189102353,191.25681688700735,98.94766292995894,169.83318021842646,-64.98848815233666,29.56849852522069,35.0,0.12484761034060263,12.598958848790279
12.15330603900002,107.84208323299973,SAT_10136,19.860447885454434,190.46501935568122,98.93071585715695,169.87282915557984,-65.12925215790575,29.511683819617172,35.0,0.12547676030105578,12.642630061642036
12.15330603900002,107.94208323299972,SAT_10136,19.709936412829748,189.61839232216732,98.91215648976325,169.91500834260847,-65.27976363053044,29.4506710051094,35.0,0.12615015792437137,12.689276135106988
12.15330603900002,108.04208323299972,SAT_10136,19.549803767748145,188.71764619358333,98.89189341552218,169.95964109605745,-65.43989627561204,29.38546020636503,35.0,0.12686736677492805,12.738848019144685
12.15330603900002,108.14208323299971,SAT_10136,19.667868704717122,189.38176146403381,98.90688577782413,169.9267577657349,-65.32183133864307,29.43356944991439,35.0,0.1263384964220012,12.702304526400557
12.15330603900002,108.2420832329997,SAT_10136,19.823957211940737,190.25975931716667,98.92625850735845,169.88307564634925,-65.16574283141945,29.496916592083856,35.0,0.12563995743617482,12.653943819717886
12.15330603900002,108.3420832329997,SAT_10136,19.970354466606068,191.08324387465916,98.94398109918086,169.84188853756706,-65.01934557675412,29.55606442645047,35.0,0.12498547577864148,12.608535989858886
12.15330603900002,108.44208323299969,SAT_10136,20.106935634179777,191.85151294226125,98.96013913482913,169.80327230568668,-64.88276440918041,29.61101283218479,35.0,0.12437548231963141,12.566129453358904
12.15330603900002,108.54208323299969,SAT_10136,20.23358127511952,192.56389467254732,98.97480812271,169.76729964234738,-64.75611876824067,29.661761697050032,35.0,0.12381038848682901,12.526770434456477
12.15330603900002,108.64208323299968,SAT_10136,20.350178002169017,193.21975126220073,98.9880545589754,169.73403964812005,-64.63952204119117,29.708310917399228,35.0,0.12329058410501992,12.490502726365333
12.15330603900002,108.74208323299968,SAT_10136,20.456619125301586,193.81848257982142,98.99993683095379,169.70355742286483,-64.5330809180586,29.750660398172602,35.0,0.12281643529450575,12.457367458071868
12.15330603900002,108.84208323299967,SAT_10136,20.552805277225602,194.35952968439403,99.01050598628548,169.67591366750838,-64.43689476613459,29.78881005289516,35.0,0.12238828244873796,12.427402869072626
12.15330603900002,108.94208323299966,SAT_10136,20.638645012240488,194.84237819385274,99.01980638666188,169.65116430198896,-64.3510550311197,29.8227598036745,35.0,0.12200643831174131,12.40064409449351
12.15330603900002,109.04208323299966,SAT_10136,20.71405537123863,195.2665614632173,99.02787626161147,169.62936010412776,-64.27564467212156,29.852509581198834,35.0,0.12167118617567028,12.377122963016962
12.15330603900002,109.14208323299965,SAT_10136,20.778962405797984,195.63166353261366,99.03474817494468,169.6105463740961,-64.2107376375622,29.878059324735247,35.0,0.12138277821825033,12.356867809983108
12.25330603900002,107.24208323299976,SAT_10136,20.614306244728013,194.70547262659508,99.01718005868933,169.6581892711714,-64.37539379863217,29.813143021864686,35.0,0.12211468097611647,12.408232868349334
12.25330603900002,107.34208323299976,SAT_10136,20.523840709541176,194.19660399116913,99.0073391067295,169.68424788739583,-64.46585933381901,29.777334016412432,35.0,0.12251718071465345,12.436428282120954
12.25330603900002,107.44208323299975,SAT_10136,20.423071800341233,193.62977887691946,98.99621360437862,169.71317689623734,-64.56662824301895,29.73732799997888,35.0,0.12296583465231528,12.46781351210817
12.25330603900002,107.54208323299974,SAT_10136,20.31209461257187,193.00553219571677,98.98375647473038,169.74491816784763,-64.67760543078832,29.693125054276653,35.0,0.12346031736753282,12.502351999849806
12.25330603900002,107.64208323299974,SAT_10136,20.19101190008942,192.324441938003,98.96991370858379,169.7794089591304,-64.79868814327077,29.644725269598887,35.0,0.12400027663375418,12.54000417710551
12.25330603900002,107.74208323299973,SAT_10136,20.05993346321982,191.58712573061146,98.95462366533552,169.81658230382746,-64.92976658014037,29.592128744821505,35.0,0.12458533538945893,12.58072768574496
12.25330603900002,107.84208323299973,SAT_10136,19.918975513406565,190.7942372629119,98.9378162513192,169.8563674166377,-65.07072452995362,29.535335587405736,35.0,0.12521509379873152,12.624477606922918
12.25330603900002,107.94208323299972,SAT_10136,19.768260021620804,189.94646262161703,98.91941195506622,169.89869010665362,-65.22144002173938,29.474345913400818,35.0,0.12588913138183083,12.671206697104745
12.25330603900002,108.04208323299972,SAT_10136,19.60791405753058,189.0445165736095,98.89932071433088,169.94347319552875,-65.38178598582961,29.40915984744694,35.0,0.1266070091954605,12.720865628552334
12.25330603900002,108.14208323299971,SAT_10136,19.717796330028065,189.66260435640788,98.91314666824103,169.9128111705129,-65.27190371333212,29.45386390519355,35.0,0.12611497485524115,12.686841473157525
12.25330603900002,108.2420832329997,SAT_10136,19.874056796719714,190.5415694815484,98.93237868865661,169.8690044590994,-65.11564324664047,29.517187038577845,35.0,0.12541590779373346,12.638409918325195
12.25330603900002,108.3420832329997,SAT_10136,20.0206181877129,191.36597730588505,98.94997439839435,169.82769871792703,-64.96908185564729,29.57631245580718,35.0,0.12476092177356025,12.592934671753882
12.25330603900002,108.44208323299969,SAT_10136,20.15735501871754,192.13512198028616,98.96601829276707,169.7889702290597,-64.83234502464265,29.63124003607824,35.0,0.12415044975536514,12.550464381905842
12.25330603900002,108.54208323299969,SAT_10136,20.28414721846144,192.84832810384563,98.98058493467956,169.75289208909595,-64.70555282489875,29.681969667178485,35.0,0.12358490518564783,12.511045497795635
12.25330603900002,108.64208323299968,SAT_10136,20.40088079098139,193.50495444927031,98.9937399978583,169.71953378945352,-64.5888192523788,29.728501245483343,35.0,0.12306467982244362,12.474722028586182
12.25330603900002,108.74208323299968,SAT_10136,20.507448465591253,194.10439761895083,99.00554115555555,169.6889608033942,-64.48225157776893,29.770834675953555,35.0,0.12259014161981152,12.44153530870848
12.25330603900002,108.84208323299967,SAT_10136,20.60375032737025,194.64609559145762,99.01603883738423,169.66123418448876,-64.38594971598994,29.808969872132796,35.0,0.12216163269176437,12.411523770942209
12.25330603900002,108.94208323299966,SAT_10136,20.689694420884834,195.12953111747717,99.02527687278825,169.63641018132168,-64.30000562247535,29.84290675614546,35.0,0.12177946737640186,12.38472272992272
12.25330603900002,109.04208323299966,SAT_10136,20.765197319864072,195.5542349242354,99.03329303627437,169.614539873245,-64.22450272349612,29.872645258694714,35.0,0.12144393042078251,12.36116417852504
12.25330603900002,109.14208323299965,SAT_10136,20.8301846556933,195.91978868827482,99.04011950676195,169.59566883190593,-64.15951538766689,29.898185319060726,35.0,0.12115527530647849,12.340876599515216
12.35330603900002,107.64208323299974,SAT_10136,20.23901049356992,192.59443402633082,98.97543559894419,169.76575394179324,-64.75068954979027,29.663932903039942,35.0,0.12378617465043269,12.52508233638655
12.35330603900002,107.74208323299973,SAT_10136,20.107791575899796,191.85632761443637,98.96024778906344,169.80302971819015,-64.88190846746039,29.61135647580591,35.0,0.12437166139732266,12.565863563678827
12.35330603900002,107.84208323299973,SAT_10136,19.966684956131544,191.06260287823994,98.94355420779945,169.84292348983703,-65.02301508722864,29.554585019583136,35.0,0.12500187247653446,12.6096747444982
12.35330603900002,107.94208323299972,SAT_10136,19.815813209202375,190.21394930176336,98.9252762993768,169.88536067876836,-65.17388683415781,29.493618650395707,35.0,0.12567638547444576,12.6564684203107
12.35330603900002,108.04208323299972,SAT_10090,19.735154225468833,189.76024251826217,98.9154357893022,169.91067639889562,-65.25454581789135,29.462269367859175,35.0,0.12601787692890834,12.680120909926009
12.35330603900002,108.14208323299971,SAT_10090,19.787282628957414,190.05346478788545,98.92188675281287,169.89608289316465,-65.20241741440277,29.483422600387286,35.0,0.12578468743453908,12.663972434190875
12.35330603900002,108.2420832329997,SAT_10136,19.913328134969433,190.76247075920307,98.93714160799323,169.85795729258354,-65.07637190839075,29.533055209027896,35.0,0.12524033756186853,12.626229487273244
12.35330603900002,108.3420832329997,SAT_10136,20.060006351231834,191.58753572567906,98.95463712537106,169.81656168048428,-64.92969369212835,29.59215804981966,35.0,0.12458500990863941,12.580705051555094
12.35330603900002,108.44208323299969,SAT_10136,20.19685412300997,192.3573044419311,98.97059088674301,169.77774814645502,-64.79284592035022,29.647064656640474,35.0,0.12397421296818242,12.538188217567491
12.35330603900002,108.54208323299969,SAT_10136,20.32375090054002,193.0710988155376,98.9850767088807,169.7415900945667,-64.66594914282017,29.697774917301658,35.0,0.12340836170924588,12.49872560384588
12.35330603900002,108.64208323299968,SAT_10136,20.44058222674478,193.7282750254394,98.99815961644642,169.70815731302957,-64.54911781661541,29.744288728200658,35.0,0.12288784934756113,12.46236138243893
12.35330603900002,108.74208323299968,SAT_10136,20.547240391018946,194.32822719948157,99.00989671909754,169.67751555868023,-64.44245965234124,29.786605994318396,35.0,0.1224130452198464,12.429137042759562
12.35330603900002,108.84208323299967,SAT_10136,20.64362506350018,194.87039098218852,99.02033795863035,169.64972615292723,-64.34607497986,29.8247266292169,35.0,0.12198429273741657,12.399091163412262
12.35330603900002,108.94208323299966,SAT_10136,20.729643902488817,195.35424695149962,99.0295267443583,169.62484559398806,-64.26005614087137,29.8586505550371,35.0,0.12160190744030315,12.372259194480106
12.35330603900002,109.04208323299966,SAT_10136,20.805213127672545,195.77932384315807,99.03750049160107,169.6029251902711,-64.18448691568764,29.888377702496857,35.0,0.1212661751725665,12.34867325274084
12.35330603900002,109.14208323299965,SAT_10136,20.870258051967795,196.14520154231886,99.0442910754413,169.5840107196622,-64.11944199139239,29.91390801088922,35.0,0.12097735039889039,12.328361932220524
12.453306039000019,107.64208323299974,SAT_10136,20.276055111822473,192.8028100040014,98.97966831798544,169.75519946005065,-64.71364493153771,29.67873786788129,35.0,0.12362098397193876,12.51356235539642
12.453306039000019,107.74208323299973,SAT_10136,20.14473907192577,192.06415727958245,98.96456029905416,169.79255126894284,-64.84496097143442,29.62618167984368,35.0,0.12420674990069597,12.55438463243456
12.453306039000019,107.84208323299973,SAT_10136,20.00352982141328,191.2698552454497,98.94795556173302,169.83252569191833,-64.9861702219469,29.5694320777725,35.0,0.12483725544798054,12.598239352353094
12.453306039000019,107.94208323299972,SAT_10136,19.85255038319451,190.42059590546916,98.9297762960141,169.8750478631353,-65.13714966016568,29.508489177667098,35.0,0.12551207677277937,12.645078897924684
12.453306039000019,108.04208323299972,SAT_10090,19.889074550406235,190.6260443460351,98.93433190191617,169.8675091814707,-65.10062549295395,29.52463471590832,35.0,0.12532957704145573,12.632421450350126
12.453306039000019,108.14208323299971,SAT_10090,19.94142170186342,190.9204970729817,98.94064715010164,169.8527753170702,-65.04827834149677,29.54577972549966,35.0,0.12509565888648294,12.616187091039723
12.453306039000019,108.2420832329997,SAT_10090,19.983491955448798,191.15714224939953,98.94568365507436,169.84091445817387,-65.00620808791139,29.5627495319323,35.0,0.12490772594981715,12.603135435719993
12.453306039000019,108.3420832329997,SAT_10136,20.088480196359797,191.74770110452386,98.95799005433912,169.8085011006059,-64.90121984700039,29.603601176899403,35.0,0.12445787298318778,12.571862050310711
12.453306039000019,108.44208323299969,SAT_10136,20.22539357263446,192.51783884606883,98.97387703918552,169.7696301274792,-64.76430647072573,29.65848666232749,35.0,0.12384690669286973,12.529316098881155
12.453306039000019,108.54208323299969,SAT_10136,20.352352366329058,193.23198206060096,98.9883029879321,169.73341810174077,-64.63734767703113,29.709177415916642,35.0,0.12328089461755863,12.489826096589454
12.453306039000019,108.64208323299968,SAT_10136,20.46924180977686,193.88948517999486,99.0013324434119,169.69993501238798,-64.52045823358333,29.755673334085945,35.0,0.122760230947096,12.453436324334188
12.453306039000019,108.74208323299968,SAT_10136,20.575953896025936,194.4897406651459,99.01302209692928,169.66924680811871,-64.41374614733425,29.79797432183618,35.0,0.12228528594203297,12.420188375109682
12.453306039000019,108.84208323299967,SAT_10136,20.67238801566606,195.0321825881216,99.02342152820341,169.64141499156773,-64.31731202769413,29.836080292747415,35.0,0.12185640388038162,12.390120924993424
12.453306039000019,108.94208323299966,SAT_10136,20.758451566744284,195.5162900629366,99.0325738347329,169.61649622987233,-64.2312484766159,29.869991168976835,35.0,0.12147390110507637,12.363269514615334
12.453306039000019,109.04208323299966,SAT_10136,20.83406053038823,195.94159048343377,99.0405161652735,169.5945419864452,-64.15563951297196,29.89970688125675,35.0,0.12113806419292726,12.339666343590586
12.453306039000019,109.14208323299965,SAT_10136,20.89914000490606,196.3076625275966,99.04728016943673,169.57559817874468,-64.09056003845413,29.925227368892884,35.0,0.12084914826525092,12.319340080337064
12.453306039000019,109.24208323299965,SAT_10136,20.953624691426157,196.61413888927214,99.05289237319347,169.55970486664694,-64.03607535193403,29.946552579762805,35.0,0.12060737545939448,12.302315689590504
12.553306039000018,107.64208323299974,SAT_10136,20.302108518106664,192.94936041435,98.98263035785484,169.74776828843244,-64.68759152525352,29.689140134613005,35.0,0.12350483191603658,12.50545853951806
12.553306039000018,107.74208323299973,SAT_10136,20.170739269982022,192.2104083936489,98.96758025943952,169.7851693734273,-64.81896077337817,29.636604327382145,35.0,0.12409072647041176,12.546305000862612
12.553306039000018,107.84208323299973,SAT_10136,20.029474012925235,191.41579132270442,98.95104001946342,169.82519606438316,-64.96022603043495,29.579876732374988,35.0,0.12472136643752402,12.590185331989252
12.553306039000018,107.94208323299972,SAT_10090,19.969945345747334,191.08094256982875,98.94407169080142,169.84473555799627,-65.01975469761285,29.557287593195547,35.0,0.12496823426680602,12.607338498545328
12.553306039000018,108.04208323299972,SAT_10090,20.032765842652168,191.43430786491845,98.95154418563739,169.82700045032445,-64.95693420070802,29.582597847853098,35.0,0.12468768389933757,12.587843914337322
12.553306039000018,108.14208323299971,SAT_10090,20.085318683888858,191.72991759687483,98.95773728798521,169.8121340412966,-64.90438135947133,29.603734577574293,35.0,0.12445308299532482,12.57152881275372
12.553306039000018,108.2420832329997,SAT_10090,20.127555036481468,191.96749708020823,98.96267680574732,169.80016615296296,-64.86214500687872,29.620697739051145,35.0,0.12426459888023403,12.558411994086663
12.553306039000018,108.3420832329997,SAT_10090,20.159435322409237,192.14682368855196,98.96638309001023,169.79112096676548,-64.83026472095095,29.633487297528504,35.0,0.12412236707069689,12.548508684643286
12.553306039000018,108.44208323299969,SAT_10136,20.242944745561758,192.61656419378488,98.97589120341769,169.76463367471024,-64.74675529779843,29.665506030371958,35.0,0.12376862881911382,12.523859024641038
12.553306039000018,108.54208323299969,SAT_10136,20.36992258442602,193.33081453739638,98.99027780356117,169.72839387700301,-64.61977745893417,29.71617714029677,35.0,0.12320260308137122,12.484358119146547
12.553306039000018,108.64208323299968,SAT_10136,20.48683012472418,193.98841945157352,99.00327213681433,169.69488490155,-64.50286991863601,29.762655040449847,35.0,0.12268192498953508,12.447958132546304
12.553306039000018,108.74208323299968,SAT_10136,20.59355920871063,194.5887705489973,99.01493061755046,169.6641727958742,-64.39614083464956,29.804939635851472,35.0,0.12220696526381315,12.414700709363006
12.553306039000018,108.84208323299967,SAT_10136,20.690009084711974,195.13130110150487,99.02530258589093,169.63631915596062,-64.29969095864821,29.843030840099466,35.0,0.12177806861322463,12.384624574173829
12.553306039000018,108.94208323299966,SAT_10136,20.77608701831423,195.61548947801754,99.0344309330632,169.6113807359622,-64.21361302504596,29.876928575366986,35.0,0.12139555177981202,12.35776531267094
12.553306039000018,109.04208323299966,SAT_10136,20.851708869212345,196.04086238931944,99.04235263154003,169.5894090791415,-64.13799117414784,29.906632772400553,35.0,0.12105970170448718,12.334155165702418
12.553306039000018,109.14208323299965,SAT_10136,20.916799626463515,196.40699789885727,99.04909918186709,169.57045017485908,-64.07290041689667,29.93214337051834,35.0,0.12077077383474556,12.313822838721189
12.653306039000018,107.64208323299974,SAT_10136,20.317144376201952,193.03393711613597,98.98433467849343,169.74347653962593,-64.67255566715824,29.69513968250143,35.0,0.12343780848522194,12.500781001548523
12.653306039000018,107.74208323299973,SAT_10136,20.185766212500212,192.29493494531368,98.9693210372835,169.7808999002417,-64.80393383085998,29.64262439764532,35.0,0.12402367992394855,12.541634648339643
12.653306039000018,107.84208323299973,SAT_10136,20.04449197202416,191.5002673426359,98.95282140523929,169.82095021891766,-64.94520807133603,29.58591896256892,35.0,0.12465429300968622,12.585522521977593
12.653306039000018,107.94208323299972,SAT_10090,20.103049570067057,191.82965383162718,98.95981928830764,169.80711206079866,-64.88665047329313,29.610858376327048,35.0,0.12437395022476336,12.56602283859675
12.653306039000018,108.04208323299972,SAT_10090,20.166098037808524,192.18430146267295,98.96715879076449,169.78922932008362,-64.82360200555166,29.636158648060313,35.0,0.1240926458607314,12.54643868766762
12.653306039000018,108.14208323299971,SAT_10090,20.218842712775057,192.48099025935971,98.97324225836714,169.7742386888032,-64.77085733058513,29.657287040998316,35.0,0.12385741069728715,12.530048272082958
12.653306039000018,108.2420832329997,SAT_10090,20.261233987218176,192.71944117810222,98.9780947156439,169.76217048596845,-64.72846605614201,29.674243511844466,35.0,0.12366841451124204,12.516870667506781
12.653306039000018,108.3420832329997,SAT_10090,20.293231651940033,192.8994280421627,98.98173589867967,169.75304929810517,-64.69646839142015,29.68702802585276,35.0,0.12352579481222341,12.506921324355513
12.653306039000018,108.44208323299969,SAT_10090,20.31480515452688,193.02077899421374,98.98418048659495,169.74689381389788,-64.67489488883331,29.695640556826916,35.0,0.12342965602398705,12.500211975738358
12.653306039000018,108.54208323299969,SAT_10136,20.376443646807232,193.36749551329066,98.99100984788105,169.7265283820855,-64.61325639655296,29.718774076490984,35.0,0.12317354825151512,12.48232854270694
12.653306039000018,108.64208323299968,SAT_10136,20.493329044492413,194.02497587526983,99.00398714979075,169.6930180841752,-64.49637099886777,29.76523383337821,35.0,0.12265299330300833,12.445933754767756
12.653306039000018,108.74208323299968,SAT_10136,20.600037998664703,194.62521374248894,99.01563052341876,169.6623047574279,-64.38966204469548,29.80750192248371,35.0,0.12217814563997113,12.412681064111315
12.653306039000018,108.84208323299967,SAT_10136,20.696469753719356,195.16764236467137,99.02598918965462,169.63445000259938,-64.29323028964083,29.84557825742273,35.0,0.12174934996398275,12.382609194500207
12.653306039000018,108.94208323299966,SAT_10136,20.782531571560668,195.65174009002877,99.03510593720232,169.6095105782898,-64.20716847179952,29.879462760384143,35.0,0.12136692300981564,12.355753730884068
12.653306039000018,109.04208323299966,SAT_10136,20.85813930849031,196.07703361025798,99.0430176510146,169.5875380318431,-64.13156073486988,29.909155362128434,35.0,0.1210311517114542,12.33214691344375
12.653306039000018,109.14208323299965,SAT_10136,20.923217950499208,196.44310097155804,99.04975575770649,169.56857835629418,-64.06648209286098,29.934656001986006,35.0,0.1207422915099655,12.311817447042847
12.653306039000018,109.44208323299964,SAT_10136,21.054675942351885,197.18255217572937,99.06316818694091,169.53014685956379,-63.9350241010083,29.986005672060248,35.0,0.12015922862162584,12.270723684883134
12.753306039000018,107.64208323299974,SAT_10136,20.32114743124093,193.05645430073022,98.98478886604198,169.742333548583,-64.66855261211926,29.69673649958857,35.0,0.12341996579510092,12.49953559732973
12.753306039000018,107.74208323299973,SAT_10136,20.189804842394878,192.31765223847117,98.96979046714301,169.77975205608124,-64.79989520096531,29.64424187863334,35.0,0.1240056617649423,12.540379361752471
12.753306039000018,107.84208323299973,SAT_10090,20.15215173996613,192.10585353730949,98.96554535078484,169.79318838147037,-64.83754830339406,29.630566398744378,35.0,0.12415485946645635,12.550771461201608
12.753306039000018,107.94208323299972,SAT_10090,20.2256883897863,192.51949719254796,98.97403084687227,169.77229103565736,-64.76401165357389,29.660026789011216,35.0,0.12382688623715997,12.527920520690577
12.753306039000018,108.04208323299972,SAT_10090,20.28894742817343,192.87532928347554,98.98125142971219,169.75427114425784,-64.70075261518676,29.685317009692973,35.0,0.1235448885229088,12.508253592098978
12.753306039000018,108.14208323299971,SAT_10090,20.34186931194955,193.17301487971625,98.98723685454034,169.73916510388483,-64.64783073141064,29.70643700895487,35.0,0.12330907005845534,12.491793566422226
12.753306039000018,108.2420832329997,SAT_10090,20.384403708719688,193.41227086154825,98.99201145056509,169.72700369888483,-64.6052963346405,29.723386743511576,35.0,0.12311960290504209,12.478559776362207
12.753306039000018,108.3420832329997,SAT_10090,20.416509818871504,193.5928677311522,98.99559440787368,169.71781189513717,-64.57319022448868,29.736166178626096,35.0,0.1229766264297807,12.468567881547822
12.753306039000018,108.44208323299969,SAT_10090,20.438156639549277,193.71463109746472,98.99800000085905,169.71160867087303,-64.55154340381091,29.744775288108958,35.0,0.12288024647130036,12.461829774575536
12.753306039000018,108.54208323299969,SAT_10090,20.449323167012224,193.77744281444376,98.99923775276187,169.70840688690245,-64.54037687634796,29.749214054317513,35.0,0.12283053470153507,12.458353509061496
12.753306039000018,108.64208323299968,SAT_10136,20.488731856604744,193.9991166934017,99.00348083255096,169.69433867245704,-64.50096818675544,29.763409707731704,35.0,0.12267345877796071,12.447365763252165
12.753306039000018,108.74208323299968,SAT_10136,20.59538350563834,194.59903221921567,99.01512506987616,169.66364683692933,-64.39431653772185,29.805661176626785,35.0,0.12219885009912503,12.414132027320179
12.753306039000018,108.84208323299967,SAT_10136,20.6917632188036,195.14116810577025,99.02548451189178,169.63581170484468,-64.29793682455659,29.843722539641043,35.0,0.12177027108696402,12.384077388265986
12.753306039000018,108.94208323299966,SAT_10136,20.777778383280435,195.62500340595244,99.03460194767071,169.61088995655612,-64.21192166007975,29.877593718978773,35.0,0.12138803806223813,12.357237384440168
12.753306039000018,109.04208323299966,SAT_10136,20.853344970180927,196.0500654572677,99.0425142626873,169.58893306760416,-64.13635507317926,29.90727464541419,35.0,0.12105243758064158,12.333644213408649
12.753306039000018,109.14208323299965,SAT_10136,20.918388068760535,196.415932886778,99.04925288415721,169.56998696636703,-64.07131197459965,29.932765258289727,35.0,0.120763724743906,12.313326541778437
12.753306039000018,109.24208323299965,SAT_10136,20.97284237215949,196.72223834339715,99.05484415303413,169.55409172232396,-64.0168576712007,29.954065505514464,35.0,0.12052212167174538,12.296309332719455
12.853306039000017,107.54208323299974,SAT_10136,20.435370723423915,193.69896031925953,98.99758238570261,169.70965157880173,-64.55432931993627,29.7422174497087,35.0,0.12291105852456713,12.463984132318682
12.853306039000017,107.64208323299974,SAT_10136,20.314113614957037,193.01688908413334,98.98399522512203,169.74434180504602,-64.67558642840315,29.693930582691763,35.0,0.12345131774208774,12.5017238883068
12.853306039000017,107.74208323299973,SAT_10136,20.18285110607256,192.27853747165815,98.96899094703681,169.7817283197608,-64.80684893728763,29.641456767122087,35.0,0.12403668585689677,12.542540698792031
12.853306039000017,107.84208323299973,SAT_10090,20.26398743595712,192.7349293272588,98.97841335325238,169.76138599643656,-64.72571260740307,29.675344130660772,35.0,0.12365614058196345,12.516014601045324
12.853306039000017,107.94208323299972,SAT_10090,20.33774605034256,193.1498215331769,98.98677370652764,169.74034305796164,-64.65195399301763,29.704792733180287,35.0,0.12332743998359678,12.493076228252681
12.853306039000017,108.04208323299972,SAT_10090,20.40119739037128,193.50673532083846,98.993888471798,169.72219705355928,-64.58850265298891,29.730072834707222,35.0,0.12304481234291417,12.473333621793929
12.853306039000017,108.14208323299971,SAT_10090,20.45428112478163,193.8053313268967,98.99978664859209,169.70698488612118,-64.53541891857856,29.751184383420075,35.0,0.12280846387666099,12.456809952000809
12.853306039000017,108.2420832329997,SAT_10090,20.49694625074605,194.04532266044652,99.00449195144925,169.69473777099182,-64.49275379261414,29.7681273360446,35.0,0.12261856875225957,12.443524788914653
12.853306039000017,108.3420832329997,SAT_10090,20.529151422348093,194.22647675070803,99.00802308769133,169.68548102545094,-64.4605486210121,29.780901657852713,35.0,0.12247526804953199,12.433493985364331
12.853306039000017,108.44208323299969,SAT_10090,20.55086521990451,194.34861686196285,99.01039397379823,169.67923389596626,-64.43883482345568,29.789507322661645,35.0,0.12237866891180199,12.426729581239263
12.853306039000017,108.54208323299969,SAT_10090,20.562066356452235,194.41162325504382,99.011613894793,169.67600942566474,-64.42763368690795,29.79394431283328,35.0,0.1223288438964884,12.423239730179997
12.853306039000017,108.64208323299968,SAT_10090,20.56274381853612,194.41543397926569,99.01168760983185,169.67581436393084,-64.42695622482407,29.794212619273708,35.0,0.12232583053301645,12.423028649633924
12.853306039000017,108.74208323299968,SAT_10136,20.57960058712756,194.5102533025925,99.01341256424368,169.66819605662226,-64.41009945623263,29.79941740194892,35.0,0.12226906209459372,12.419051739464683
12.853306039000017,108.84208323299967,SAT_10136,20.67589443731292,195.05190620988517,99.02378687736966,169.64040122193546,-64.31380560604727,29.837463690452232,35.0,0.12184081511206617,12.389027259451979
12.853306039000017,108.94208323299966,SAT_10136,20.761832501458088,195.53530782070175,99.032917304593,169.61551577276617,-64.2278675419021,29.871321454875062,35.0,0.12145887977399442,12.362214344236996
12.853306039000017,109.04208323299966,SAT_10136,20.83733098310077,195.95998677994186,99.04084082001216,169.59359103735187,-64.15236906025942,29.900990626005107,35.0,0.12112354188814169,12.338645107024517
12.853306039000017,109.14208323299965,SAT_10136,20.902315180557395,196.32552289063534,99.04758892602703,169.57467281143323,-64.0873848628028,29.926471143196608,35.0,0.12083505588555707,12.318348138680609
12.853306039000017,109.24208323299965,SAT_10136,20.95671997064362,196.63154983487036,99.05318802637998,169.5588010478496,-64.03298007271657,29.94776295436879,35.0,0.12059364329828272,12.301348335937451
12.853306039000017,109.34208323299964,SAT_10136,21.00049023764157,196.87775758673385,99.05765973348792,169.54600958092834,-63.989209805718616,29.964866016004567,35.0,0.12039949141514138,12.287666749379698
12.953306039000017,107.54208323299974,SAT_10136,20.417191260021553,193.59670083762123,98.99556221616686,169.7148619337985,-64.57250878333863,29.734989529044512,35.0,0.12299202673480196,12.469644351849848
12.953306039000017,107.64208323299974,SAT_10136,20.29605007381771,192.91528166522465,98.98195080694309,169.74949693550792,-64.69364996954248,29.686721937403576,35.0,0.12353183991463561,12.507343131523491
12.953306039000017,107.74208323299973,SAT_10090,20.28093362672928,192.8302516503522,98.98034487532492,169.75655615998465,-64.70876641663091,29.682115887806532,35.0,0.12358060559723857,12.51074553885554
12.953306039000017,107.84208323299973,SAT_10090,20.365156018454,193.30400260380378,98.98985694024059,169.73250923656292,-64.62454402490619,29.71571938409114,35.0,0.12320533351056644,12.48454883892384
12.953306039000017,107.94208323299972,SAT_10090,20.439114539617307,193.72001928534738,98.99810666198515,169.71133406100483,-64.55058550374288,29.745156119557066,35.0,0.12287598188084822,12.461531580414265
12.953306039000017,108.04208323299972,SAT_10090,20.502739093574235,194.07790740135505,99.00512787202538,169.69307350542317,-64.48696094978595,29.770426033849542,35.0,0.12259279034080423,12.441720687871523
12.953306039000017,108.14208323299971,SAT_10090,20.55596862938414,194.3773235402858,99.01094890572537,169.67776493554805,-64.43373141397605,29.791529075160184,35.0,0.12235596736620895,12.425139586221967
12.953306039000017,108.2420832329997,SAT_10090,20.598751531901584,194.6179773669464,99.01559293729417,169.66543996079224,-64.3909485114586,29.808465200225676,35.0,0.12216568904166093,12.411808061850364
12.953306039000017,108.3420832329997,SAT_10090,20.631045956207956,194.79963350366978,99.01907824959783,169.65612421976113,-64.35865408715223,29.82123437432672,35.0,0.1220220980061319,12.401742143711694
12.953306039000017,108.44208323299969,SAT_10090,20.652820101853848,194.92211307292789,99.02141844438839,169.64983720422086,-64.33687994150634,29.829836571287156,35.0,0.1219253025907422,12.394954005981894
12.953306039000017,108.54208323299969,SAT_10090,20.664052423140134,194.98529488016325,99.02262259719289,169.64659212403578,-64.32564762022005,29.83427177347333,35.0,0.12187537615909715,12.391451893498514
12.953306039000017,108.64208323299968,SAT_10090,20.664731772504922,194.98911622034018,99.02269535993992,169.64639581502948,-64.32496827085527,29.83453997179363,35.0,0.12187235665818531,12.391240070961238
12.953306039000017,108.74208323299968,SAT_10090,20.654857475001165,194.93357329688155,99.02163701333983,169.64924869111317,-64.33484256835902,29.830641165698292,35.0,0.1219162463853324,12.394318796558819
12.953306039000017,108.84208323299967,SAT_10136,20.648880092703237,194.8999505214557,99.02088974360235,169.64820832157247,-64.34081995065695,29.826801722328252,35.0,0.12196092525458092,12.397452426158159
12.953306039000017,108.94208323299966,SAT_10136,20.73471082929575,195.3827484147886,99.03004556834887,169.62337765437027,-64.25498921406444,29.860645980571036,35.0,0.12157939066396523,12.370678149601236
12.953306039000017,109.04208323299966,SAT_10136,20.810114446196962,195.80689375985793,99.03799097179397,169.6015014435275,-64.17958559716322,29.890303316422056,35.0,0.12124440653367509,12.347143063524124
12.953306039000017,109.14208323299965,SAT_10136,20.875016555368333,196.17196812394687,99.04475760681507,169.58262528496877,-64.11468348799185,29.915773669247145,35.0,0.12095622629613217,12.326875645974093
12.953306039000017,109.24208323299965,SAT_10136,20.92935230918151,196.47760673914598,99.05037200269962,169.56678895582368,-64.06034773417868,29.93705698697549,35.0,0.12071507060846136,12.309900694722021
12.953306039000017,109.34208323299964,SAT_10136,20.973066826667605,196.7235009000053,99.0548558742367,169.554026140616,-64.01663321669258,29.954153226098335,35.0,0.120521126015889,12.296239176159013
13.053306039000017,107.54208323299974,SAT_10136,20.387959267717193,193.43227088090924,98.99230218360589,169.72323303842572,-64.601740775643,29.72335876423899,35.0,0.12312224332063139,12.478744258135636
13.053306039000017,107.64208323299974,SAT_10090,20.27650707303728,192.8053522858347,98.97984357273076,169.7578180500056,-64.71319297032291,29.68034735976205,35.0,0.12360033538246415,12.512121944696899
13.053306039000017,107.74208323299973,SAT_10090,20.371136529217992,193.33764297685119,98.99052859539562,169.7307989922717,-64.6185635141422,29.71810221959369,35.0,0.12317869461053678,12.48268804685364
13.053306039000017,107.84208323299973,SAT_10090,20.455558765880994,193.81251805808063,98.99992802208783,169.7066184034008,-64.5341412774792,29.75169207851893,35.0,0.12280277646308828,12.456412176134243
13.053306039000017,107.94208323299972,SAT_10090,20.52969426073379,194.22953021662758,99.00808076447991,169.68532490727586,-64.4600057826264,29.781116867652333,35.0,0.12247285291398745,12.433324890088889
13.053306039000017,108.04208323299972,SAT_10090,20.593472179903415,194.58828101195672,99.01501995820126,169.66696185026365,-64.39622786345677,29.806376526654205,35.0,0.12218916590953262,12.413453373937793
13.053306039000017,108.14208323299971,SAT_10090,20.646830825454032,194.8884233931789,99.02077335934096,169.6515670146473,-64.34286921790616,29.827471003729073,35.0,0.12195192594979717,12.39682128103814
13.053306039000017,108.2420832329997,SAT_10090,20.689718031701474,195.1296639283208,99.02536367074983,169.63917236453912,-64.29998201165871,29.844400255624414,35.0,0.12176131083750429,12.383448591906498
13.053306039000017,108.3420832329997,SAT_10090,20.722091505027308,195.31176471577862,99.02880880496078,169.62980382779784,-64.26760853833288,29.857164247629584,35.0,0.12161746460900219,12.373351493555617
13.053306039000017,108.44208323299969,SAT_10090,20.74391910257522,195.43454495198563,99.03112208909567,169.6234811170196,-64.24578094078497,29.865762953574947,35.0,0.12152049666002863,12.366542280680287
13.053306039000017,108.54208323299969,SAT_10090,20.755179045962862,195.4978821335411,99.03231241586016,169.62021759218243,-64.23452099739733,29.870196355831244,35.0,0.12147048107680192,12.363029279969332
13.053306039000017,108.64208323299968,SAT_10090,20.75586006702052,195.50171287699044,99.03238434360308,169.6200201669345,-64.23383997633967,29.870464445309135,35.0,0.1214674561805971,12.36281679853371
13.053306039000017,108.74208323299968,SAT_10090,20.745961483494455,195.4460333446563,99.03133814739083,169.62288925990194,-64.24373855986573,29.86656722145899,35.0,0.12151142429141071,12.365905097131373
13.053306039000017,108.84208323299967,SAT_10090,20.725493203636248,195.3308992704539,99.02916982208446,169.62881879173705,-64.26420683972394,29.85850469227086,35.0,0.12160235171363594,12.372290388544116
13.053306039000017,108.94208323299966,SAT_10136,20.69644200506572,195.16748627849466,99.02597544353459,169.6344580315465,-64.29325803829447,29.84556731733891,35.0,0.12174947330801032,12.38261785077887
13.053306039000017,109.04208323299966,SAT_10136,20.7717243064036,195.59094922352025,99.0339535874775,169.6126465186958,-64.21797573695659,29.87521273795985,35.0,0.12141493312110702,12.35912702309952
13.053306039000017,109.14208323299965,SAT_10136,20.836521408951654,195.95543292535305,99.04074793511593,169.59382644733972,-64.15317863440853,29.90067285775556,35.0,0.12112713673439442,12.338897908089972
13.053306039000017,109.24208323299965,SAT_10136,20.890768830858306,196.260574673578,99.04638520518066,169.57803736093044,-64.09893121250188,29.921947624665012,35.0,0.12088630364743082,12.321955172589016
13.053306039000017,109.34208323299964,SAT_10136,20.93441200275214,196.50606751548082,99.05088726688571,169.56531274477624,-64.05528804060805,29.939036995187614,35.0,0.12069261942169988,12.308319671597735
13.153306039000016,107.54208323299974,SAT_10136,20.347704596436643,193.20583835495611,98.9877889936971,169.7347466184146,-64.64199544692354,29.70732517847285,35.0,0.12330160637762543,12.491272400604169
13.153306039000016,107.64208323299974,SAT_10090,20.355689174307074,193.2507516054773,98.9887964041453,169.73521573162455,-64.63401086905311,29.71194658134637,35.0,0.1232475038768252,12.487494214898112
13.153306039000016,107.74208323299973,SAT_10090,20.450510687188398,193.78412261543474,98.99936952156185,169.70806631468565,-64.53918935617179,29.749686011118623,35.0,0.1228252482693332,12.457983804335433
13.153306039000016,107.84208323299973,SAT_10090,20.535105933857025,194.2599708779458,99.00867131941604,169.68376836838073,-64.45459410950316,29.78326214221352,35.0,0.12244877642812702,12.431639106907824
13.153306039000016,107.94208323299972,SAT_10090,20.60939466888061,194.67784501245345,99.0167399992485,169.66237098187318,-64.38030537447958,29.812674905762588,35.0,0.12211836259713604,12.408490935771844
13.153306039000016,108.04208323299972,SAT_10090,20.67330540855798,195.03734292313862,99.02360809617603,169.64391792004125,-64.31639463480221,29.837924241440966,35.0,0.12183425075543039,12.388566705446486
13.153306039000016,108.14208323299971,SAT_10090,20.726775884592286,195.3381143508316,99.0293028662745,169.6284473328046,-64.2629241587679,29.859010097465926,35.0,0.12159665318184949,12.37189027024738
13.153306039000016,108.2420832329997,SAT_10090,20.769753445918454,195.5798631332913,99.0338466054666,169.61599149735605,-64.21994659744173,29.875932430595583,35.0,0.12140574918896346,12.358481781492305
13.153306039000016,108.3420832329997,SAT_10090,20.802195403292558,195.76234914352062,99.0372569065311,169.6065765968865,-64.18750464006763,29.888691206127824,35.0,0.12126168404118119,12.34835756526776
13.153306039000016,108.44208323299969,SAT_10090,20.824069311929847,195.88538987960538,99.03954685944333,169.60022253894098,-64.16563073143034,29.897286397899457,35.0,0.12116456806990933,12.3415300223189
13.153306039000016,108.54208323299969,SAT_10090,20.835353188263795,195.94886168398384,99.04072519902873,169.59694281602276,-64.15434685509639,29.901717988285547,35.0,0.12111447599647823,12.33800755136271
13.153306039000016,108.64208323299968,SAT_10090,20.836035657767667,195.95270057494312,99.04079640281941,169.59674441048776,-64.15366438559252,29.901985968198993,35.0,0.12111144647113473,12.33779449683262
13.153306039000016,108.74208323299968,SAT_10090,20.826116031743595,195.89690267855772,99.03976074100736,169.59962774512553,-64.16358401161659,29.898090337090295,35.0,0.12115548183380159,12.340891121747552
13.153306039000016,108.84208323299967,SAT_10090,20.80560431197887,195.78152425488113,99.03761427945432,169.6055866801621,-64.18409573138132,29.89003110294755,35.0,0.12124654809957637,12.347293606067177
13.153306039000016,108.94208323299966,SAT_10090,20.774521123201538,195.60668131800867,99.03434883581595,169.61460855673081,-64.21517892015865,29.87780828229663,35.0,0.12138457516915092,12.356994070555306
13.153306039000016,109.04208323299966,SAT_10090,20.73289757430581,195.37254885547017,99.02995188793756,169.62667428616132,-64.25680246905438,29.86142190020163,35.0,0.1215694572615347,12.369980625833165
13.153306039000016,109.14208323299965,SAT_10136,20.78687069483736,195.67614765846017,99.03554407484296,169.60825116000817,-64.20282934852283,29.88116873881043,35.0,0.12134764800599422,12.354399279319095
13.153306039000016,109.24208323299965,SAT_10136,20.84101079724047,195.98068573447767,99.04121196706146,169.59252092705955,-64.14868924611972,29.902434897541973,35.0,0.12110720225495263,12.337496014347183
13.253306039000016,107.64208323299974,SAT_10090,20.423993887149038,193.63496561521333,98.99642890583968,169.7156677559729,-64.56570615621115,29.739143301346985,35.0,0.12294330277835443,12.466238398806873
13.253306039000016,107.74208323299973,SAT_10090,20.51897672543457,194.16924408056948,99.0069064942206,169.68840667632873,-64.47072331792562,29.77686719940396,35.0,0.12252053793372909,12.436663303067133
13.253306039000016,107.84208323299973,SAT_10090,20.603717339953207,194.6459100372368,99.01612494482498,169.6640081990145,-64.38598270340698,29.810429512228207,35.0,0.12214360730726125,12.410260409313436
13.253306039000016,107.94208323299972,SAT_10090,20.6781348639567,195.06450860975644,99.02412185511747,169.6425218134667,-64.31156517940349,29.839830170967964,35.0,0.12181278708689589,12.387060749817865
13.253306039000016,108.04208323299972,SAT_10090,20.74215725534833,195.42463456133436,99.03092924929734,169.62399164464614,-64.24754278801186,29.865069115313013,35.0,0.1215283229926562,12.367091935686085
13.253306039000016,108.14208323299971,SAT_10090,20.79572175567067,195.72593487564754,99.0365739579634,169.60845615881496,-64.19397828768952,29.88614629349318,35.0,0.12129042882690548,12.350377993540839
13.253306039000016,108.2420832329997,SAT_10090,20.838775296690898,195.9681110438863,99.04107793072585,169.59594790258865,-64.15092474666929,29.903061662277068,35.0,0.12109928519548856,12.336939221162224
13.253306039000016,108.3420832329997,SAT_10090,20.87127484911278,196.1509210262594,99.04445848821116,169.58649327890225,-64.11842519424741,29.91581518697098,35.0,0.1209550384147778,12.326792063901355
13.253306039000016,108.44208323299969,SAT_10090,20.893187708621326,196.27418086099496,99.0467285185356,169.58011236308576,-64.09651233473886,29.924406841418065,35.0,0.12085779961771193,12.319949013453455
13.253306039000016,108.54208323299969,SAT_10090,20.90449171526963,196.33776589839167,99.04789662212912,169.57681876170824,-64.08520832809056,29.92883660799766,35.0,0.12080764406970063,12.316418530310271
13.253306039000016,108.64208323299968,SAT_10090,20.905175403103215,196.34161164245558,99.04796720772615,169.57661951626346,-64.08452464025697,29.92910447762487,35.0,0.12080461070281513,12.316204990915555
13.253306039000016,108.74208323299968,SAT_10090,20.895238077884258,196.28571418809898,99.04694054136914,169.5795150531248,-64.09446196547593,29.925210449750324,35.0,0.1208487018740487,12.319308660227408
13.253306039000016,108.84208323299967,SAT_10090,20.874689821806385,196.1701302476609,99.04481274936148,169.5854991805084,-64.1150102215538,29.917154532360183,35.0,0.12093988335066405,12.325725690054924
13.253306039000016,108.94208323299966,SAT_10090,20.84355142512578,195.9949767663325,99.04157577522533,169.5945591324965,-64.1461486182344,29.90493674197632,35.0,0.12107808452281106,12.335448143191408
13.253306039000016,109.04208323299966,SAT_10090,20.801854245693676,195.7604301320269,99.03721728984307,169.6066756594616,-64.18784579766651,29.888557103656744,35.0,0.1212631988407596,12.348464043020922
13.253306039000016,109.14208323299965,SAT_10090,20.749639998396432,195.4667249909799,99.03172055305629,169.6218231635518,-64.24006004496376,29.8680156509962,35.0,0.12149508447131459,12.36475744793685
13.253306039000016,109.24208323299965,SAT_10136,20.780130995177842,195.63823684787536,99.03483164552568,169.6102072559903,-64.20956904818235,29.878518844486027,35.0,0.12137758697902007,12.356503049699052
13.353306039000016,107.64208323299974,SAT_10090,20.48135261055954,193.95760843439743,99.00277437824295,169.69921608991223,-64.50834743280065,29.761937465534753,35.0,0.12268796654290554,12.448380841880267
13.353306039000016,107.74208323299973,SAT_10090,20.576465262691457,194.49261710263943,99.01317211206677,169.67186254546164,-64.41323478066873,29.799645730254703,35.0,0.12226480051235801,12.418753164949436
13.353306039000016,107.84208323299973,SAT_10090,20.661322896993042,194.96994129558587,99.02232088792212,169.64738081747333,-64.32837714636715,29.833194134398365,35.0,0.1218875082231397,12.392302955069036
13.353306039000016,107.94208323299972,SAT_10090,20.735844131134726,195.38912323763284,99.03025779957085,169.62582072804378,-64.25385591222546,29.862582609130456,35.0,0.12155636747050116,12.369061425841641
13.353306039000016,108.04208323299972,SAT_10090,20.799956459603763,195.74975508527118,99.03701444513456,169.6072267014212,-64.18974358375642,29.887811094155172,35.0,0.12127162541396436,12.349056351076419
13.353306039000016,108.14208323299971,SAT_10090,20.853596717117057,196.05148153378343,99.04261730034837,169.5916374668244,-64.13610332624313,29.908879537714732,35.0,0.12103349711567701,12.332311900017785
13.353306039000016,108.2420832329997,SAT_10090,20.896711489172674,196.2940021265963,99.04708802595866,169.57908579483998,-64.09298855418751,29.925787896588073,35.0,0.12084216425092693,12.318848491684685
13.353306039000016,108.3420832329997,SAT_10090,20.929257464196112,196.47707323610314,99.0504437155689,169.5695982710882,-64.06044257916408,29.93853613608979,35.0,0.12069777400601585,12.308682670159648
13.353306039000016,108.44208323299969,SAT_10090,20.951201722424983,196.60050968864053,99.05269708889978,169.56319511039442,-64.0384983209352,29.947124230069285,35.0,0.1206004381767359,12.30182700243333
13.353306039000016,108.54208323299969,SAT_10090,20.962521957486857,196.66418601086357,99.05385663426067,169.55989001416378,-64.02717808587333,29.951552160910108,35.0,0.120550232478451,12.298290000141213
13.353306039000016,108.64208323299968,SAT_10090,20.963206627523505,196.66803727981969,99.05392670298939,169.55969007306072,-64.02649341583668,29.951819919529527,35.0,0.12054719607630458,12.298076066229187
13.353306039000016,108.74208323299968,SAT_10090,20.95325503369868,196.6120595645551,99.05290755766657,169.56259571643756,-64.0364450096615,29.947927505378317,35.0,0.12059133134140751,12.301185467260865
13.353306039000016,108.84208323299967,SAT_10090,20.932677324958775,196.4963099528931,99.05079537502094,169.56860070926734,-64.05702271840141,29.93987492644072,35.0,0.12068260383605983,12.307614331738728
13.353306039000016,108.94208323299966,SAT_10090,20.90149442897726,196.3209061629971,99.04758220358029,169.57769219662765,-64.08820561438293,29.927662199234664,35.0,0.12082094252819167,12.317354674461749
13.353306039000016,109.04208323299966,SAT_10090,20.859737910276692,196.08602574530642,99.04325587526414,169.58985079507133,-64.1299621330835,29.91128934881216,35.0,0.12100624023233629,12.330394446591992
13.353306039000016,109.14208323299965,SAT_10090,20.80744975756454,195.79190488630053,99.03779986922892,169.60505072952347,-64.18225028579565,29.890756408759938,35.0,0.12123835427163643,12.346717610760484
13.353306039000016,109.24208323299965,SAT_10090,20.744682103303603,195.4388368310828,99.03119312533552,169.62326001368808,-64.24501794005658,29.86606342120024,35.0,0.1215171073526959,12.366304240216042
13.453306039000015,107.64208323299974,SAT_10090,20.527707084673594,194.21835235128898,99.00786016319886,169.68589639673567,-64.4619929586866,29.780329028461676,35.0,0.12248169408089878,12.433943896331698
13.453306039000015,107.74208323299973,SAT_10090,20.622917378896346,194.75391025629196,99.01819314107983,169.6584700101522,-64.36678266446384,29.81802155825669,35.0,0.12205823698351907,12.40427597558481
13.453306039000015,107.84208323299973,SAT_10090,20.70786308759466,195.23172986772,99.02728541477684,169.63392269638865,-64.28183695576553,29.85155596333993,35.0,0.12168068202069394,12.377789540696114
13.453306039000015,107.94208323299972,SAT_10090,20.78246242191149,195.6513511232521,99.03517367008789,169.61230454037354,-64.2072376214487,29.88093217489235,35.0,0.12134930824926367,12.354515947718243
13.453306039000015,108.04208323299972,SAT_10090,20.846642510905937,196.0123641238459,99.04188916001814,169.59366020283878,-64.14305753245425,29.90615013263237,35.0,0.12106436395865619,12.334483098289194
13.453306039000015,108.14208323299971,SAT_10090,20.90033986846555,196.31441176011873,99.0474580728522,169.5780286207952,-64.08936017489464,29.927209784814405,35.0,0.12082606519988677,12.317715273713945
13.453306039000015,108.2420832329997,SAT_10090,20.94350080699772,196.55719203936215,99.05190183533679,169.5654427418246,-64.04619923636247,29.944111088227583,35.0,0.12063459448772101,12.304232988277732
13.453306039000015,108.3420832329997,SAT_10090,20.976081792291993,196.74046008164248,99.05523735716432,169.55592929592345,-64.0136182510682,29.95685400819467,35.0,0.12049009969134022,12.294052863648075
13.453306039000015,108.44208323299969,SAT_10090,20.998049734652902,196.86402975742257,99.05747722163427,169.54950860816479,-63.991650308707285,29.965438518571236,35.0,0.1203926931268734,12.28718752598686
13.453306039000015,108.54208323299969,SAT_10090,21.009382212211804,196.9277749436914,99.05862982622284,169.54619445490806,-63.98031783114838,29.969864601744973,35.0,0.1203424508629004,12.283645527122394
13.453306039000015,108.64208323299968,SAT_10090,21.010067623239046,196.93163038071964,99.05869947576805,169.54599396568045,-63.97963242012114,29.970132248635302,35.0,0.12033941224752875,12.283431290828473
13.453306039000015,108.74208323299968,SAT_10090,21.000105265270946,196.8755921171491,99.05768643004593,169.5489075721889,-63.98959477808924,29.966241458693112,35.0,0.12038357966295185,12.286545084930484
13.453306039000015,108.84208323299967,SAT_10090,20.979505339908044,196.75971753698278,99.05558690663727,169.55492900522802,-64.01019470345214,29.958192239900775,35.0,0.12047491851057182,12.292983019614326
13.453306039000015,108.94208323299966,SAT_10090,20.94828888321409,196.58412496807927,99.05239303913915,169.56404533953048,-64.0414111601461,29.94598460877232,35.0,0.12061335742687401,12.30273707196106
13.453306039000015,109.04208323299966,SAT_10090,20.906487622723347,196.34899287781883,99.04809278993137,169.57623708588685,-64.08321242063684,29.929618590353865,35.0,0.12079878872734058,12.315795136376526
13.453306039000015,109.14208323299965,SAT_10090,20.854143763110997,196.05455866749935,99.04266981583791,169.59147832916113,-64.13555628024919,29.90909421822421,35.0,0.12103106907285265,12.332141100239419
13.553306039000015,107.64208323299974,SAT_10090,20.56300978667582,194.4169300500515,99.01170798321938,169.67573778242294,-64.42669025668437,29.794317953459604,35.0,0.12232464750604444,12.422945780214977
13.553306039000015,107.74208323299973,SAT_10090,20.658285018019228,194.95285322635817,99.02199084491109,169.64825851991918,-64.33141502534096,29.831994646775282,35.0,0.12190101112502266,12.393250141072048
13.553306039000015,107.84208323299973,SAT_10090,20.74328937329706,195.43100272479597,99.0310393906687,169.62366359629812,-64.24641067006313,29.86551496244808,35.0,0.12152329397984331,12.36673874223326
13.553306039000015,107.94208323299972,SAT_10090,20.817940768860282,195.8509168248391,99.038889990386,169.60200328770028,-64.1717592744999,29.894878831674948,35.0,0.12119177603598758,12.343443042438578
13.553306039000015,108.04208323299972,SAT_10090,20.882166068756902,196.21218413675754,99.04557362983292,169.5833224269133,-64.10753397460329,29.92008619418832,35.0,0.12090670639666017,12.323391035481638
13.553306039000015,108.14208323299971,SAT_10090,20.935901554192,196.51444624233002,99.05111627471473,169.56766010213624,-64.05379848916819,29.94113699825463,35.0,0.12066830182506137,12.306607083461511
13.553306039000015,108.2420832329997,SAT_10090,20.979093339500878,196.75740003469244,99.05553917058988,169.5550493897381,-64.01060670385931,29.95803120067305,35.0,0.12047674544054278,12.29311176935372
13.553306039000015,108.3420832329997,SAT_10090,21.011697728988565,196.9407997255607,99.05885908474846,169.5455171247716,-63.97800231437162,29.970768766774405,35.0,0.12033218560408582,12.282921770770328
13.553306039000015,108.44208323299969,SAT_10090,21.033681509697452,197.06445849204817,99.06108849486056,169.5390837125346,-63.956018533662736,29.979349670420326,35.0,0.12023473500655618,12.276049756541923
13.553306039000015,108.54208323299969,SAT_10090,21.045022175980243,197.12824973988887,99.06223572807168,169.53576298393062,-63.944677867379944,29.983773894002606,35.0,0.12018446997091224,12.272504307481018
13.553306039000015,108.64208323299968,SAT_10090,21.045708082677535,197.13210796506115,99.06230505321619,169.53556209676708,-63.94399196068265,29.98404142844277,35.0,0.12018142997702794,12.272289862381305
13.553306039000015,108.74208323299968,SAT_10090,21.03573852469441,197.07602920140607,99.06129672789855,169.53848148446446,-63.95396151866578,29.980152273191834,35.0,0.12022561741507798,12.275406689978078
13.553306039000015,108.84208323299967,SAT_10090,21.015123741825867,196.9600710477705,99.05920700133038,169.5445148529457,-63.97457630153432,29.972106436230316,35.0,0.12031699757058964,12.281850887248353
13.553306039000015,108.94208323299966,SAT_10090,20.983884848759786,196.78435227427377,99.05602807297636,169.55364922575382,-64.0058151946004,29.959903934068418,35.0,0.1204554988413491,12.29161440407366
13.553306039000015,109.04208323299966,SAT_10090,20.94205369127299,196.54905201341057,99.05174800623021,169.5658650367178,-64.0476463520872,29.94354479174643,35.0,0.12064101318343161,12.304685093932388
13.553306039000015,109.14208323299965,SAT_10090,20.88967263068902,196.25440854762576,99.04635059548349,169.5811362687854,-64.10002741267117,29.923029042835356,35.0,0.12087339678076724,12.321046789940358
13.553306039000015,109.24208323299965,SAT_10090,20.82679425967578,195.90071771067625,99.03981518404005,169.59943063696608,-64.16290578368441,29.89835672943774,35.0,0.12115247092992106,12.340679405226142
13.653306039000014,107.64208323299974,SAT_10090,20.587224257750762,194.55313644984807,99.01433420739372,169.6687625859062,-64.40247578560943,29.803904212639182,35.0,0.122216951105185,12.41540046123722
13.653306039000014,107.74208323299973,SAT_10090,20.682531320711192,195.08923867900046,99.02458124387321,169.64125067219766,-64.307168722649,29.841564967954334,35.0,0.12179324846854957,12.38568976993711
13.653306039000014,107.84208323299973,SAT_10090,20.767564532397216,195.56755049473435,99.03359853311512,169.6166263486473,-64.22213551096297,29.875071103896207,35.0,0.12141547075579426,12.359164795456092
13.653306039000014,107.94208323299972,SAT_10090,20.84224162810409,195.98760915808552,99.04142221837068,169.5949400096491,-64.1474584152561,29.90442255167751,35.0,0.12108389848272694,12.335857058801793
13.653306039000014,108.04208323299972,SAT_10090,20.906489309103307,196.34900236370612,99.04808309371352,169.57623659440048,-64.08321073425688,29.929619251044482,35.0,0.12079878124535105,12.31579460965553
13.653306039000014,108.14208323299971,SAT_10090,20.96024371367028,196.65137088939537,99.05360696520766,169.56055528460848,-64.0294563296899,29.95066115027542,35.0,0.12056033623809226,12.29900185911876
13.653306039000014,108.2420832329997,SAT_10090,21.003450834463607,196.8944109438578,99.0580149484731,169.54792923629776,-63.98624920889658,29.96754820617937,35.0,0.1203687469463411,12.28549943183185
13.653306039000014,108.3420832329997,SAT_10090,21.036066876582915,197.0778761807789,99.06132370868733,169.5383853495005,-63.95363316677727,29.980280384095103,35.0,0.12022416202881045,12.275304039343073
13.653306039000014,108.44208323299969,SAT_10090,21.058058551342896,197.20157935130382,99.06354564778276,169.53194407913682,-63.93164149201729,29.98885765789023,35.0,0.12012669440321508,12.26842837636749
13.653306039000014,108.54208323299969,SAT_10090,21.06940330162511,197.26539357164123,99.0646890424801,169.5286192898479,-63.92029674173508,29.99328000996057,35.0,0.12007642054649681,12.264881041301242
13.653306039000014,108.64208323299968,SAT_10090,21.0700894555874,197.26925318767914,99.0647581358011,169.52841815693398,-63.91961058777279,29.993547431229732,35.0,0.12007338001829,12.264666482050247
13.653306039000014,108.74208323299968,SAT_10090,21.060116306518466,197.21315422416637,99.06375318379341,169.53134111487512,-63.92958373684172,29.98965992114886,35.0,0.12011757521360059,12.267784967901855
13.653306039000014,108.84208323299967,SAT_10090,21.039494117678913,197.09715441194388,99.061670458346,169.5373818542106,-63.950205925681274,29.98161748769664,35.0,0.12020897134781493,12.274232587819505
13.653306039000014,108.94208323299966,SAT_10090,21.008244052061947,196.92137279284847,99.05850220614832,169.5465273668198,-63.98145599129824,29.96942014737949,35.0,0.12034749667422762,12.284001275183721
13.653306039000014,109.04208323299966,SAT_10090,20.966398028088378,196.68598890799714,99.05423656302162,169.55875803892786,-64.02330201527181,29.95306792523198,35.0,0.12053304293134605,12.297078858644586
13.653306039000014,109.14208323299965,SAT_10090,20.91399850331605,196.3912415811528,99.04885742200213,169.57404779044563,-64.07570154004414,29.932560854817424,35.0,0.12076546601436083,12.313449138401571
13.753306039000014,107.54208323299974,SAT_10076,20.61246774500455,194.69513106565057,99.0169540872592,169.65869853692763,-64.37723229835564,29.81240502734745,35.0,0.12212299709343309,12.408815791682022
13.753306039000014,107.64208323299974,SAT_10076,20.624438335598924,194.762465637744,99.01824437672082,169.65524440206448,-64.36526170776126,29.817136044895577,35.0,0.12206975659772563,12.405083593994627
13.753306039000014,107.74208323299973,SAT_10090,20.695630881945803,195.16292371094514,99.02597530805758,169.6374620468369,-64.29406916141438,29.846732502715383,35.0,0.12173503549174801,12.381604581801119
13.753306039000014,107.84208323299973,SAT_10090,20.780662921565977,195.64122893380863,99.03497360053801,169.61282668763187,-64.20903712179421,29.880224368635098,35.0,0.12135729956041283,12.355077503237032
13.753306039000014,107.94208323299972,SAT_10090,20.855339144486777,196.06128268773813,99.04278093101142,169.59113057769042,-64.13436089887341,29.909563315876454,35.0,0.12102576345259203,12.331767873606859
13.753306039000014,108.04208323299972,SAT_10090,20.9195861926122,196.42267233344364,99.04942797574418,169.57241869618503,-64.07011385074799,29.934749284199288,35.0,0.12074067693301321,12.311703761829232
13.753306039000014,108.14208323299971,SAT_10090,20.97334015208085,196.7250383554548,99.0549404427357,169.55673025995077,-64.01635989127934,29.95578222189356,35.0,0.12050225734363731,12.294909595878481
13.753306039000014,108.2420832329997,SAT_10090,21.016546971160878,196.96807671277995,99.05933936781774,169.5440984549369,-63.97315307219931,29.972662085778076,35.0,0.12031068829501336,12.281406014745478
13.753306039000014,108.3420832329997,SAT_10090,21.049162818754077,197.1515408554917,99.06264135348606,169.5345502055881,-63.94053722460611,29.985388841199413,35.0,0.12016611854760863,12.27120974166982
13.753306039000014,108.44208323299969,SAT_10090,21.0711543785427,197.27524337930268,99.06485875519355,169.52810598546623,-63.918545664817486,29.993962462031078,35.0,0.12006866109663947,12.264333480285702
13.753306039000014,108.54208323299969,SAT_10090,21.082499074624792,197.33905729476447,99.06599981872148,169.52477967188767,-63.907200968735395,29.998382930672868,35.0,0.12001839247164175,12.260785835048955
13.753306039000014,108.64208323299968,SAT_10090,21.08318522542082,197.34291689299212,99.06606877125549,169.52457844672426,-63.90651481793937,29.998650238050427,35.0,0.12001535225948845,12.260571257006049
13.753306039000014,108.74208323299968,SAT_10090,21.073212123628778,197.28681819541188,99.06506586788805,169.52750274485504,-63.91648791973141,29.994764383615028,35.0,0.12005954285683533,12.263690015634571
13.753306039000014,108.84208323299967,SAT_10090,21.052590041073827,197.1708189810403,99.06298739442074,169.5335462510387,-63.93711000228636,29.986725375343557,35.0,0.12015092945511559,12.270138197136093
13.753306039000014,108.94208323299966,SAT_10090,21.021340158376994,196.9950383908706,99.05982562651843,169.5426959452592,-63.968359884983194,29.974533229738714,35.0,0.12028944025827282,12.279907729204433
13.753306039000014,109.04208323299966,SAT_10090,20.979494420466693,196.75965611512515,99.05556874444923,169.5549321958581,-64.0102056228935,29.958187971829418,35.0,0.12047496693048673,12.29298643193432
13.753306039000014,109.14208323299965,SAT_10090,20.927095320014942,196.46491117508404,99.05020070180004,169.57022889906347,-64.06260472334525,29.937689635171413,35.0,0.1207073652682718,12.309358094184917
13.853306039000014,107.54208323299974,SAT_10076,20.708330039699078,195.23435647330732,99.02721799697294,169.63099638394183,-64.28137000366111,29.85024201408074,35.0,0.12169677064587053,12.378918863154157
13.853306039000014,107.64208323299974,SAT_10076,20.72033148059697,195.30186457835794,99.02849264569741,169.62752162796588,-64.26936856276322,29.854970989129427,35.0,0.12164343060738753,12.37517449331939
13.853306039000014,107.74208323299973,SAT_10076,20.721835992226715,195.31032745627527,99.02865227252309,169.62708592566474,-64.26786405113347,29.855563691875417,35.0,0.12163674418498478,12.374705073159168
13.853306039000014,107.84208323299973,SAT_10090,20.782570657371963,195.6519599477173,99.03517052049517,169.6122731334606,-64.20712938598822,29.880974746392422,35.0,0.12134882759521878,12.354482171324825
13.853306039000014,107.94208323299972,SAT_10090,20.85721933549476,196.07185876215803,99.04297194996654,169.5905835767977,-64.13248070786543,29.91030111402483,35.0,0.12101741844632902,12.331180826646218
13.853306039000014,108.04208323299972,SAT_10090,20.921442650688448,196.43311491012253,99.0496140084001,169.571877373534,-64.06825739267174,29.93547628342757,35.0,0.12073244121982805,12.311123861345475
13.853306039000014,108.14208323299971,SAT_10090,20.975176728204218,196.73536909614873,99.0551223664917,169.5561937169427,-64.01452331515597,29.95650020290209,35.0,0.12049411312037567,12.294335687994998
13.853306039000014,108.2420832329997,SAT_10090,21.01836754959605,196.97831746647782,99.05951802977646,169.54356577290153,-63.97133249376414,29.9733728292768,35.0,0.12030261764182033,12.28083693249758
13.853306039000014,108.3420832329997,SAT_10090,21.05097131089785,197.16171362380044,99.06281757698527,169.53402044948106,-63.93872873246234,29.986094127905975,35.0,0.12015810344960672,12.27064430743764
13.853306039000014,108.44208323299969,SAT_10090,21.072954716498657,197.28537028030493,99.06503334597033,169.5275782077386,-63.91674532686153,29.994664072668932,35.0,0.12006068346649298,12.263770508325376
13.853306039000014,108.54208323299969,SAT_10090,21.084295204568242,197.34916052569636,99.06617357080714,169.5242529164891,-63.905404838791945,29.99908264596937,35.0,0.12001043417280345,12.260224134099406
13.853306039000014,108.64208323299968,SAT_10090,21.084981100821118,197.35301869211878,99.0662424726931,169.52405175319657,-63.90471894253907,29.999349838734958,35.0,0.12000739512991176,12.26000963294754
13.853306039000014,108.74208323299968,SAT_10090,21.07501169839739,197.2969408034853,99.06524030635963,169.52697515247274,-63.9146883449628,29.995465650417085,35.0,0.12005156873292892,12.263127274174215
13.853306039000014,108.84208323299967,SAT_10090,21.054397262707177,197.18098460272785,99.06316336286888,169.53301680295323,-63.93530278065301,29.987430088990866,35.0,0.12014292019571268,12.269573146494935
13.853306039000014,108.94208323299966,SAT_10090,21.023158961165755,197.00526915655738,99.06000392884741,169.5421636926005,-63.96654108219443,29.975243170955338,35.0,0.1202813777683875,12.279339182780888
13.853306039000014,109.04208323299966,SAT_10090,20.981328718838284,196.76997404346537,99.05575020139213,169.55439620175213,-64.0083713245219,29.95890492133385,35.0,0.12046683318463244,12.292413210918992
13.853306039000014,109.14208323299965,SAT_10090,20.928949002078284,196.47533813669034,99.0503861570429,169.56968824252067,-64.0607510412819,29.9384153736747,35.0,0.12069914233312562,12.308779030102814
13.953306039000013,107.54208323299974,SAT_10076,20.793277439607408,195.71218559779166,99.03618652864061,169.60637005412477,-64.19642260375278,29.883675749253715,35.0,0.12131932644100517,12.35240897244072
13.953306039000013,107.64208323299974,SAT_10076,20.80530584572196,195.77984538218604,99.03744754119525,169.60287704092363,-64.18439419763823,29.88840266906893,35.0,0.12126590021247222,12.34865392557106
13.953306039000013,107.74208323299973,SAT_10076,20.806813740218857,195.7883272887311,99.03760546139215,169.6024390482987,-64.18288630314133,29.88899511422373,35.0,0.12125920297759447,12.34818316608878
13.953306039000013,107.84208323299973,SAT_10076,20.797799615216675,195.73762283559378,99.03666088559785,169.6050570017132,-64.19190042814351,29.885453083499545,35.0,0.1212992398619918,12.350997270067866
13.953306039000013,107.94208323299972,SAT_10090,20.847880191168173,196.01932607532098,99.0419964105197,169.59330024113984,-64.14181985219201,29.906635944652017,35.0,0.12105887029117067,12.334096685413012
13.953306039000013,108.04208323299972,SAT_10090,20.912056686427974,196.38031886115735,99.0486423002348,169.57461385308844,-64.07764335693221,29.931800247280282,35.0,0.12077408088398818,12.31405567024007
13.953306039000013,108.14208323299971,SAT_10090,20.965751456255845,196.68235194143915,99.05415382312236,169.55894687580314,-64.02394858710434,29.95281509186999,35.0,0.12053591030480808,12.297280892866384
13.953306039000013,108.2420832329997,SAT_10090,21.008910593054665,196.9251220859325,99.05855200368333,169.54633240516466,-63.98078945030552,29.969680435258987,35.0,0.12034454168931037,12.283792938710548
13.953306039000013,108.3420832329997,SAT_10090,21.041490383225003,197.10838340564064,99.06185343562171,169.53679729214264,-63.948209660135184,29.982396242809138,35.0,0.12020012341146065,12.273608487390215
13.953306039000013,108.44208323299969,SAT_10090,21.063457600128693,197.2319490007239,99.06407046793579,169.53036195418989,-63.926242443231494,29.99096248840548,35.0,0.12010276817184533,12.266740209275238
13.953306039000013,108.54208323299969,SAT_10090,21.074789728813542,197.2956922245762,99.06521134214172,169.52704023047386,-63.914910314546646,29.995379154455563,35.0,0.12005255229993891,12.263196686228413
13.953306039000013,108.64208323299968,SAT_10090,21.075475119294467,197.2995475460314,99.06528028325197,169.5268392830866,-63.91422492406572,29.995646231889037,35.0,0.12004951527896483,12.262982357589213
13.953306039000013,108.74208323299968,SAT_10090,21.065513066183925,197.2435109972846,99.06427754622817,169.52975954570834,-63.92418697717626,29.99176372015741,35.0,0.12009365949930015,12.266097492126027
13.953306039000013,108.84208323299967,SAT_10090,21.04491381352078,197.1276402010544,99.06219941878032,169.53579472049415,-63.94478622983941,29.98373162723406,35.0,0.1201849502435284,12.272538186335792
13.953306039000013,108.94208323299966,SAT_10090,21.01369848472695,196.95205397658913,99.05903818056476,169.54493182323034,-63.976001558633236,29.971549969614404,35.0,0.12032331590332908,12.282296389113966
13.953306039000013,109.04208323299966,SAT_10090,20.97189893870373,196.7169315302085,99.05478201801512,169.55715127608582,-64.01780110465646,29.95521877231632,35.0,0.120508648425472,12.295359952461501
13.953306039000013,109.14208323299965,SAT_10090,20.91955755414493,196.42251124206524,99.04941489319916,169.57242704656753,-64.07014248921526,29.934738068880762,35.0,0.12074080398132717,12.311712707547164
14.053306039000013,107.44208323299975,SAT_10076,20.84464260339746,196.00111464411071,99.04155121701585,169.5914434069404,-64.14505743996273,29.903848658223644,35.0,0.12109121265770025,12.336371478588243
14.053306039000013,107.54208323299974,SAT_10076,20.867222430556666,196.12812617188123,99.043898017074,169.58487317332046,-64.12247761280352,29.912706166239992,35.0,0.12099096280439942,12.329319642918655
14.053306039000013,107.64208323299974,SAT_10076,20.879273789617557,196.1959150665988,99.04514729748833,169.5813643486193,-64.11042625374263,29.91743101809229,35.0,0.12093746413621395,12.325555459079396
14.053306039000013,107.74208323299973,SAT_10076,20.880784563687556,196.20441317074247,99.0453037493472,169.58092437247228,-64.10891547967263,29.918023204060468,35.0,0.1209307578135831,12.325083553447225
14.053306039000013,107.84208323299973,SAT_10076,20.87175323190877,196.15361192948683,99.04436795921714,169.58355417873446,-64.11794681145142,29.91448272292627,35.0,0.1209708490021531,12.327904506641078
14.053306039000013,107.94208323299972,SAT_10076,20.852188879698303,196.043562448303,99.04233641561576,169.58924818888784,-64.13751116366188,29.906809581973235,35.0,0.12105770684091516,12.33401484990637
14.053306039000013,108.04208323299972,SAT_10090,20.89143838897246,196.26434093797008,99.0465093491714,169.58062193761862,-64.09826165438773,29.923721183084467,35.0,0.1208655616770844,12.320495338176494
14.053306039000013,108.14208323299971,SAT_10090,20.945074520213694,196.56604417620204,99.05203133973679,169.56498347895902,-64.0446255231465,29.94472689614214,35.0,0.12062761434679485,12.303741325982816
14.053306039000013,108.2420832329997,SAT_10090,20.988186362405827,196.80854828853276,99.05643783983952,169.5523920452092,-64.00151368095436,29.961584911083843,35.0,0.12043642564298196,12.290270121186042
14.053306039000013,108.3420832329997,SAT_10090,21.020730355042403,196.99160824711353,99.05974549704821,169.542874389847,-63.968969688317785,29.974295193278913,35.0,0.12029214345311498,12.280098348296603
14.053306039000013,108.44208323299969,SAT_10090,21.042673388335828,197.11503780938907,99.06196670036779,169.53645085587655,-63.94702665502436,29.982857716618007,35.0,0.12019488010699679,12.273238635658823
14.053306039000013,108.54208323299969,SAT_10090,21.053993026751357,197.1787107754764,99.0631097179767,169.5331352318485,-63.93570701660883,29.987272463512475,35.0,0.12014471168236446,12.269699536590458
14.053306039000013,108.64208323299968,SAT_10090,21.054677661471757,197.18256184577865,99.06317878854432,169.53293465361094,-63.93502238188843,29.987539424893917,35.0,0.12014167753202996,12.269485475639387
14.053306039000013,108.74208323299968,SAT_10090,21.044726589604252,197.12658706652394,99.06217416785617,169.5358495532535,-63.944973453755935,29.983658600213968,35.0,0.12018578003847079,12.272596720677921
14.053306039000013,108.84208323299967,SAT_10090,21.024150018982567,197.01084385677694,99.06009213162358,169.5418736560119,-63.96555002437762,29.97562999744428,35.0,0.12027698459895479,12.27902938121107
14.053306039000013,108.94208323299966,SAT_10090,20.992968998496472,196.83545061654263,99.05692493452996,169.55099402517754,-63.996731044863715,29.96345363307671,35.0,0.12041521984138621,12.288775432921494
14.053306039000013,109.04208323299966,SAT_10090,20.951215274956567,196.60058592163068,99.05266072474517,169.56319115433902,-64.03848476840362,29.947129532123757,35.0,0.12060037806815956,12.301822768120187
14.053306039000013,109.14208323299965,SAT_10090,20.898931078549637,196.30648731684173,99.0472834122914,169.57843910558142,-64.09076896481055,29.92665772811913,35.0,0.12083231592246846,12.318155271425782
14.153306039000013,107.44208323299975,SAT_10076,20.907472693633622,196.35453390168914,99.04805673137074,169.57314823429627,-64.08222734972657,29.928479599767574,35.0,0.12081230176927052,12.316746413428598
14.153306039000013,107.54208323299974,SAT_10076,20.9300877278702,196.4817434692699,99.050384880247,169.5665531381303,-64.05961231548999,29.937333207192268,35.0,0.12071194282495099,12.309680441726995
14.153306039000013,107.64208323299974,SAT_10076,20.942157915095564,196.54963827241255,99.05162424778993,169.56303102014476,-64.04754212826462,29.94205597835675,35.0,0.12065838581787222,12.305908700658735
14.153306039000013,107.74208323299973,SAT_10076,20.94367105132551,196.55814966370596,99.05177945899716,169.5625893763745,-64.04602899203468,29.942647903543435,35.0,0.12065167217617112,12.305435847027447
14.153306039000013,107.84208323299973,SAT_10076,20.934625604762616,196.50726902678971,99.05085109217599,169.56522914775942,-64.05507443859757,29.93910898153439,35.0,0.12069180709910936,12.308262465273424
14.153306039000013,107.94208323299972,SAT_10076,20.915030726148103,196.3970478345831,99.04883568530342,169.57094471347702,-64.07466931721208,29.93143921961128,35.0,0.12077875952491422,12.314385063821424
14.153306039000013,108.04208323299972,SAT_10076,20.884906186974035,196.22759730172893,99.04572569791596,169.57972393073763,-64.10479385638615,29.919638633555568,35.0,0.12091246232276205,12.32379609688132
14.153306039000013,108.14208323299971,SAT_10090,20.913168200413764,196.38657112732744,99.04874684350872,169.57428983833546,-64.07653184294642,29.932235631839543,35.0,0.12076914963742162,12.313708486813091
14.153306039000013,108.2420832329997,SAT_10090,20.95621728193254,196.62872221087054,99.05316752947061,169.56173091282602,-64.03348276142765,29.949086272886554,35.0,0.12057819344127518,12.300259928046897
14.153306039000013,108.3420832329997,SAT_10090,20.98871376000112,196.8115149000063,99.05648580035599,169.5522378923631,-64.00098628335907,29.961790995461172,35.0,0.1204340871694128,12.29010529928772
14.153306039000013,108.44208323299969,SAT_10090,21.010624688858485,196.934763874829,99.0587141143983,169.5458310151241,-63.9790753545017,29.970349773459596,35.0,0.12033694263418637,12.283257170203012
14.153306039000013,108.54208323299969,SAT_10090,21.021927744448043,196.99834356252023,99.05986078590004,169.54252399839137,-63.967772298912145,29.97476258929691,35.0,0.12028683556203261,12.279724054255654
14.153306039000013,108.64208323299968,SAT_10090,21.022611375740347,197.00218898853944,99.05993007715186,169.54232394106128,-63.96708866761984,29.97502943390663,35.0,0.12028380512377806,12.279510355341404
14.153306039000013,108.74208323299968,SAT_10090,21.01267488334404,196.94629621881023,99.05892224536424,169.5452312729843,-63.97702516001615,29.971150306740515,35.0,0.12032785369087674,12.282616340081484
14.153306039000013,108.84208323299967,SAT_10090,20.992128424270973,196.83072238652423,99.05683354549542,169.5512397518943,-63.997571619089214,29.963125215768525,35.0,0.12041894682063468,12.289038136142821
14.153306039000013,108.94208323299966,SAT_10090,20.960992942791577,196.65558530320263,99.05365618902891,169.56033650796837,-64.02870710056861,29.95095417747902,35.0,0.12055701347060747,12.298767756608653
14.153306039000013,109.04208323299966,SAT_10090,20.919300028371353,196.42106265958887,99.04937825792456,169.57250213535698,-64.07040001498883,29.93463721687918,35.0,0.12074194643948206,12.311793150071555
14.153306039000013,109.14208323299965,SAT_10090,20.867091702731813,196.12739082786646,99.04398357211322,169.58771082931656,-64.12260834062837,29.914174367495608,35.0,0.12097360302894228,12.328098275778471
14.253306039000012,107.44208323299975,SAT_10076,20.95916446096946,196.64530009295322,99.05336123244552,169.55806590813825,-64.03053558239073,29.948707140054122,35.0,0.1205829337846739,12.300593880521935
14.253306039000012,107.54208323299974,SAT_10076,20.981806805733513,196.77266328225102,99.0556740209561,169.5514507760571,-64.00789323762667,29.95755682304064,35.0,0.12048249269165186,12.293516791918579
14.253306039000012,107.64208323299974,SAT_10076,20.99389159967742,196.84064024818548,99.05690522460986,169.5479179453621,-63.99580844368277,29.962277500796905,35.0,0.1204288917462934,12.289739107371288
14.253306039000012,107.74208323299973,SAT_10076,20.995406568523066,196.84916194794224,99.05705941405822,169.5474749576938,-63.99429347483712,29.962869163607802,35.0,0.12042217259182869,12.289265508159302
14.253306039000012,107.84208323299973,SAT_10076,20.986350171643267,196.7982197154934,99.05613716081677,169.5501227597212,-64.00334987171692,29.959331810255698,35.0,0.12046234045452925,12.292096581796873
14.253306039000012,107.94208323299972,SAT_10076,20.96673161250473,196.6878653203391,99.05413504353314,169.555855696413,-64.02296843085546,29.95166544802042,35.0,0.12054936411130963,12.298228818351568
14.253306039000012,108.04208323299972,SAT_10076,20.93657077633776,196.51821061689992,99.05104561043088,169.5646615511978,-64.05312926702243,29.93987009267944,35.0,0.12068317608313778,12.30765463242094
14.253306039000012,108.14208323299971,SAT_10076,20.895898095930306,196.28942678960797,99.04685729722485,169.5765216324126,-64.09380194742988,29.923945768508226,35.0,0.12086367305184104,12.320362410473654
14.253306039000012,108.2420832329997,SAT_10090,20.913037777827597,196.38583750028022,99.04872841104621,169.57432785816667,-64.07666226553259,29.93218454557875,35.0,0.12076972825683148,12.313749224687834
14.253306039000012,108.3420832329997,SAT_10090,20.945475183455272,196.5682979069359,99.05206176309653,169.5648665477649,-64.04422485990492,29.944883674278138,35.0,0.12062583723446767,12.303616149183698
14.253306039000012,108.44208323299969,SAT_10090,20.967346194858052,196.69132234607656,99.05430018050463,169.55848111085072,-64.02235384850214,29.9534386838596,35.0,0.12052883809007485,12.29678258342094
14.253306039000012,108.54208323299969,SAT_10090,20.978628630835033,196.75478604844707,99.05545204356793,169.55518517324097,-64.01107141252515,29.957849556741884,35.0,0.1204788061011078,12.293256989924945
14.253306039000012,108.64208323299968,SAT_10090,20.97931101440787,196.75862445604426,99.05552164837191,169.5549857864101,-64.01038902895232,29.958116283860424,35.0,0.12047578020581058,12.293043746196822
14.253306039000012,108.74208323299968,SAT_10090,20.969392650672063,196.70283366003036,99.05450925416565,169.55788337733483,-64.02030739268812,29.954238864667072,35.0,0.12051976276154892,12.296143117258813
14.253306039000012,108.84208323299967,SAT_10090,20.94888363151506,196.5874704272722,99.05241108621635,169.56387174545523,-64.04081641184513,29.94621730713013,35.0,0.12061071953016197,12.302551253989868
14.253306039000012,108.94208323299966,SAT_10090,20.91780476714112,196.41265181516883,99.04921929419727,169.57293810678922,-64.07189527621907,29.934051627734515,35.0,0.12074857989051677,12.312260217273847
14.253306039000012,109.04208323299966,SAT_10090,20.876187445381618,196.1785543802716,99.04492186532273,169.58506318454866,-64.11351259797857,29.917741851482177,35.0,0.12093323727560946,12.32525802763648
14.253306039000012,109.14208323299965,SAT_10090,20.824073420804282,195.8854129920241,99.03950249058015,169.6002213449109,-64.1656266225559,29.897288011892712,35.0,0.12116454982877704,12.341528739708947
14.353306039000012,107.44208323299975,SAT_10076,20.999662750835768,196.8731029734512,99.0574865427647,169.5462302927806,-63.99003729252442,29.964531238781024,35.0,0.12040329608244363,12.287934942442403
14.353306039000012,107.54208323299974,SAT_10076,21.02232436050322,197.00057452783062,99.05978715463591,169.5396000477012,-63.96737568285697,29.973376973491217,35.0,0.12030280024392705,12.280849808403042
14.353306039000012,107.64208323299974,SAT_10076,21.034419459937453,197.0686094621482,99.0610118865164,169.53605913640914,-63.955280583422734,29.97809554512334,35.0,0.12024917000745265,12.277067822129485
14.353306039000012,107.74208323299973,SAT_10076,21.035935721842392,197.07713843536348,99.06116526598392,169.5356151350359,-63.953764321517795,29.97868694396471,35.0,0.12024244717746642,12.276593683269136
14.353306039000012,107.84208323299973,SAT_10076,21.02687159893061,197.0261527439847,99.0602478591712,169.5382689945839,-63.962828444429576,29.97515116879799,35.0,0.12028263700048426,12.279427981643193
14.353306039000012,107.94208323299972,SAT_10076,21.007236334436676,196.9157043812063,99.05825627696039,169.54401503414954,-63.98246370892351,29.967488226901196,35.0,0.12036970813251419,12.285567193542656
14.353306039000012,108.04208323299972,SAT_10076,20.977049899376524,196.74590568399296,99.05518313786649,169.55284098136025,-64.01265014398366,29.95569813404785,35.0,0.12050359283353651,12.295003703837724
14.353306039000012,108.14208323299971,SAT_10076,20.93634285746188,196.51692857322308,99.05101698691537,169.56472805941513,-64.0533571858983,29.939780914507377,35.0,0.12068418738661031,12.307725853603943
14.353306039000012,108.2420832329997,SAT_10076,20.885156159597244,196.2290033977345,99.04574216898932,169.57965111944299,-64.10454388376294,29.919736601045685,35.0,0.12091135273638959,12.323718012629257
14.353306039000012,108.3420832329997,SAT_10090,20.89106101441321,196.2622182060743,99.04645603322852,169.58073186220838,-64.09863902894698,29.92357326342907,35.0,0.12086723617210086,12.320613193995552
14.353306039000012,108.44208323299969,SAT_10090,20.9128844357392,196.38497495103303,99.0487076212303,169.5743725590982,-64.07681560762099,29.932124481524337,35.0,0.12077040855926757,12.313797121487848
14.353306039000012,108.54208323299969,SAT_10090,20.924142287941635,196.4483003696717,99.04986625182275,169.57109012581913,-64.06555775541855,29.936533399557383,35.0,0.12072046515708695,12.310280563999736
14.353306039000012,108.64208323299968,SAT_10090,20.92482318390097,196.45213040944296,99.04993626535943,169.57089155625607,-64.06487685945922,29.936800008465486,35.0,0.12071744462187681,12.310067867046753
14.353306039000012,108.74208323299968,SAT_10090,20.914926434155888,196.39646119212688,99.04891792375965,169.57377727389752,-64.0747736092043,29.932924307700624,35.0,0.12076134929392583,12.313159293713488
14.353306039000012,108.84208323299967,SAT_10090,20.894462051569107,196.28134904007626,99.04680741339841,169.57974112882988,-64.09523799179108,29.924906305229456,35.0,0.1208521451829987,12.319551023007651
14.353306039000012,108.94208323299966,SAT_10090,20.863450683660304,196.1069100955892,99.04359680297912,169.5887704413151,-64.12624935969988,29.91274601753351,35.0,0.12098976217866719,12.32923517373963
14.353306039000012,109.04208323299966,SAT_10090,20.821923473577016,195.87331953887073,99.0392739555901,169.60084609130138,-64.16777656978317,29.896443469609597,35.0,0.12117409448284983,12.342199853608541
14.453306039000012,107.54208323299974,SAT_10076,21.05159670124239,197.16523144448843,99.06274107032596,169.53102779548465,-63.9381033421178,29.984793627024963,35.0,0.1201730137538919,12.271696159904227
14.453306039000012,107.64208323299974,SAT_10076,21.063697742910392,197.23329980387095,99.06396097826895,169.52748147583992,-63.926002300449795,29.98951007982145,35.0,0.12011936906436488,12.267911535366963
14.453306039000012,107.74208323299973,SAT_10076,21.065214750533364,197.2418329717502,99.0641137539937,169.52703679599205,-63.92448529282682,29.990101213100104,35.0,0.12011264442005197,12.267437065514828
14.453306039000012,107.84208323299973,SAT_10076,21.05614617238154,197.19082221964615,99.06319995961299,169.52969470984797,-63.93355387097865,29.986567025643893,35.0,0.12015284508082458,12.270273341693747
14.453306039000012,107.94208323299972,SAT_10076,21.036501278220825,197.08031968999217,99.06121623008208,169.53544951915606,-63.95319876513936,29.978907524729042,35.0,0.12023993962292609,12.276416831089414
14.453306039000012,108.04208323299972,SAT_10076,21.006300096301985,196.91043804169865,99.05815523641164,169.54428891412448,-63.9833999470582,29.967122726125186,35.0,0.12037386013415559,12.285859898924748
14.453306039000012,108.14208323299971,SAT_10076,20.965573277684044,196.68134968697277,99.05400560526712,169.55619406086217,-64.02412676567614,29.951212654095773,35.0,0.12055450263448715,12.29859085627526
14.453306039000012,108.2420832329997,SAT_10076,20.91436188983981,196.39328563034894,99.04875179344607,169.5711397343391,-64.07533815352038,29.931177341398627,35.0,0.1207817277168811,12.314594032863003
14.453306039000012,108.3420832329997,SAT_10076,20.85271714247493,196.04653392642146,99.04237391485236,169.58909449490804,-64.13698290088526,29.907016829286768,35.0,0.12105536140036338,12.333849873863619
14.453306039000012,108.44208323299969,SAT_10090,20.847297445978512,196.01604813362914,99.04191420614555,169.59346972624786,-64.14240259738168,29.906407208938088,35.0,0.12106145690467891,12.334278623167233
14.453306039000012,108.54208323299969,SAT_10090,20.858526838964906,196.0792134691776,99.04308123021778,169.59020316555183,-64.13117320439528,29.910814160231272,35.0,0.12101161531523702,12.33077258375949
14.453306039000012,108.64208323299968,SAT_10090,20.859206012787084,196.08303382192736,99.04315175068565,169.59000555657784,-64.1304940305731,29.91108065020991,35.0,0.121008600940437,12.330560523264738
14.453306039000012,108.74208323299968,SAT_10090,20.849334284352338,196.02750534948188,99.04212603279434,169.59287731873104,-64.14036575900785,29.907206678326094,35.0,0.12105241610059354,12.333642702502303
14.453306039000012,108.84208323299967,SAT_10090,20.828921574083992,195.91268385422245,99.04000021447736,169.59881236136138,-64.1607784692762,29.89919225254487,35.0,0.12114302709545728,12.34001533336423
14.453306039000012,108.94208323299966,SAT_10090,20.797988339197985,195.73868440798867,99.03676626358246,169.60779812671265,-64.1917117041622,29.887037389344428,35.0,0.12128036441195889,12.349670602382021
14.453306039000012,109.04208323299966,SAT_10090,20.756565436605896,195.50568058090818,99.03241188857379,169.61981567814806,-64.23313460675429,29.870742113716517,35.0,0.12146432315144048,12.362596719171306
14.553306039000011,107.54208323299974,SAT_10076,21.069592061708867,197.26645534711236,99.06454783023,169.52575354275302,-63.92010798165132,29.99180676089681,35.0,0.12009324095622241,12.26606795883888
14.553306039000011,107.64208323299974,SAT_10076,21.081694638769797,197.33453234308013,99.06576452974043,169.52220451526534,-63.90800540459039,29.996521082150544,35.0,0.12003959678510209,12.26228237469048
14.553306039000011,107.74208323299973,SAT_10076,21.08321183930081,197.34306659606705,99.06591690391555,169.5217594957196,-63.90648820405938,29.997111948273844,35.0,0.12003287220439454,12.261807784409216
14.553306039000011,107.84208323299973,SAT_10076,21.074142109377334,197.2920493652475,99.06500551217738,169.52441943947946,-63.91555793398285,29.993579358049985,35.0,0.1200730724803532,12.264644780073025
14.553306039000011,107.94208323299972,SAT_10076,21.054494731870065,197.18153286676912,99.06302700559463,169.53017863959622,-63.93520531149012,29.98592331875341,35.0,0.12016016615110472,12.270789824496205
14.553306039000011,108.04208323299972,SAT_10076,21.024289763295386,197.01162991853656,99.05997409031798,169.53902476752307,-63.9654102800648,29.974143846149932,35.0,0.12029408522216402,12.280235273469488
14.553306039000011,108.14208323299971,SAT_10076,20.983557897850346,196.7825131754082,99.05583544766793,169.55093896075212,-64.00614214550984,29.95824096449709,35.0,0.12047472558776548,12.292969423667042
14.553306039000011,108.2420832329997,SAT_10076,20.932340260572772,196.49441396572183,99.05059560937725,169.56589595608008,-64.05735978278742,29.938214706544752,35.0,0.1207019476727545,12.308976585579327
14.553306039000011,108.3420832329997,SAT_10076,20.870688132578223,196.1476207457525,99.04423478562782,169.58386426652706,-64.11901191078196,29.914065113535894,35.0,0.12097557728709504,12.328237180503713
14.553306039000011,108.44208323299969,SAT_10076,20.79866261222641,195.74247719377357,99.03672864257864,169.60480639933843,-64.19103743113378,29.885792235207614,35.0,0.12129540668253765,12.350727860320431
14.553306039000011,108.54208323299969,SAT_10090,20.781851519139707,195.64791479516083,99.03506959074001,169.61248180507653,-64.20784852422048,29.880691890030544,35.0,0.12135202116488993,12.354706588009611
14.553306039000011,108.64208323299968,SAT_10090,20.78252874259144,195.65172417707686,99.03514072010616,169.61228529597554,-64.20717130076875,29.880958260360906,35.0,0.12134901373110939,12.354495251423003
14.553306039000011,108.74208323299968,SAT_10090,20.772685351433196,195.59635510181172,99.0341061421783,169.61514107906322,-64.21701469192699,29.877086027807554,35.0,0.1213927280375238,12.357566912633795
14.553306039000011,108.84208323299967,SAT_10090,20.752331160798377,195.48186277949088,99.03196193645934,169.6210431311943,-64.23736888256181,29.86907520033395,35.0,0.12148313071438555,12.36391782098706
14.553306039000011,108.94208323299966,SAT_10090,20.72148641113789,195.30836106265065,99.02869994913766,169.62997903356197,-64.2682136322223,29.856925794414998,35.0,0.12162015292946121,12.373540240145868
14.553306039000011,109.04208323299966,SAT_10090,20.680181633315982,195.0760216874024,99.02430770214316,169.64193005846343,-64.3095184100442,29.840637835037473,35.0,0.12180369080924781,12.386422495808992
14.653306039000011,107.64208323299974,SAT_10076,21.088390510078483,197.37219661919147,99.06642999769298,169.52024032763154,-63.901309533281704,29.999128538143196,35.0,0.12000991973164155,12.26018782406172
14.653306039000011,107.74208323299973,SAT_10076,21.089907347614982,197.3807288303343,99.06658216990445,169.51979530918095,-63.899792695745205,29.999719135519058,35.0,0.1200031971018269,12.25971332498149
14.653306039000011,107.84208323299973,SAT_10076,21.080839787863766,197.32972380673365,99.06567198662229,169.52245524639605,-63.90886025549642,29.996188152046127,35.0,0.1200433857145015,12.262549775432003
14.653306039000011,107.94208323299972,SAT_10076,21.06119711326552,197.21923376211853,99.06369610720083,169.52821443235632,-63.928502930094666,29.988535594997106,35.0,0.1201304541115926,12.268693638623859
14.653306039000011,108.04208323299972,SAT_10076,21.030999379408783,197.04937150917442,99.06064725586408,169.53706053857505,-63.958700663951404,29.97676148013402,35.0,0.12026433430680838,12.27813727120356
14.653306039000011,108.14208323299971,SAT_10076,20.99027727907101,196.8203096947744,99.0565141420533,169.54897470263728,-63.99942276428918,29.960865831708595,35.0,0.12044492220687388,12.29086897115361
14.653306039000011,108.2420832329997,SAT_10076,20.939071935392562,196.53227963658316,99.0512813360771,169.5639316614623,-64.05062810796763,29.94084868246284,35.0,0.12067207825327636,12.30687305071489
14.653306039000011,108.3420832329997,SAT_10076,20.877434627127172,196.18556977759033,99.04492909771352,169.58189992822298,-64.11226541623302,29.916710073629837,35.0,0.12094562827657933,12.3261299333633
14.653306039000011,108.44208323299969,SAT_10076,20.805426449828502,195.78052378028534,99.03743315447588,169.6028420103451,-64.18427359353169,29.888450054934744,35.0,0.12126536455285009,12.348616273568453
14.653306039000011,108.54208323299969,SAT_10076,20.72311791765935,195.31753828683387,99.02876442520959,169.62671466546033,-64.26658212570084,29.856068684595982,35.0,0.12163104704946584,12.374305097787019
14.653306039000011,108.64208323299968,SAT_10090,20.694871247428793,195.15865076678696,99.02587024895426,169.63768179438657,-64.2948287959314,29.846432898966263,35.0,0.1217384110686196,12.381841489442477
14.653306039000011,108.74208323299968,SAT_10090,20.68505940575102,195.1034591573495,99.02482526063858,169.6405196413845,-64.30464063760917,29.842562416189686,35.0,0.12178201350546788,12.384901398908891
14.653306039000011,108.84208323299967,SAT_10090,20.66477036802941,194.98933332016543,99.02265944974171,169.6463846620864,-64.32492967533078,29.83455520863495,35.0,0.12187218511329193,12.39122803676604
14.653306039000011,108.94208323299966,SAT_10090,20.63402413279148,194.81638574695208,99.0193645188611,169.65526459273485,-64.3556759105687,29.822411292773726,35.0,0.12200885782059583,12.400813752786975
14.653306039000011,109.04208323299966,SAT_10090,20.592850866991043,194.5847861268246,99.01492776974602,169.66714093878574,-64.39684917636914,29.8061306935879,35.0,0.12219192889939347,12.41364700227192
14.75330603900001,107.54208323299974,SAT_10076,21.07168568612739,197.27823198446654,99.06474529625444,169.5251397052562,-63.9180143572328,29.992622422540617,35.0,0.12008396070021951,12.265413113816994
14.75330603900001,107.64208323299974,SAT_10076,21.083778034120904,197.3462514419301,99.06596035325968,169.52159341546857,-63.90592200923928,29.997332442604858,35.0,0.12003036271895923,12.261630673656612
14.75330603900001,107.74208323299973,SAT_10076,21.08529395208209,197.3547784804618,99.06611252188794,169.52114873936608,-63.9044060912781,29.99792276964173,35.0,0.12002364392920195,12.261156477624548
14.75330603900001,107.84208323299973,SAT_10076,21.07623188849923,197.3038043728082,99.06520236009052,169.52380663084023,-63.91346815486096,29.994393402435076,35.0,0.12006380958890461,12.263991116866904
14.75330603900001,107.94208323299972,SAT_10076,21.056601111832762,197.1933812540593,99.06322652774476,169.5295613917348,-63.933098931527425,29.98674434825588,35.0,0.12015082828574097,12.270131059762761
14.75330603900001,108.04208323299972,SAT_10076,21.026421647513786,197.02362176726504,99.0601777502236,169.53840071246478,-63.9632783958464,29.974975622862438,35.0,0.120284632132152,12.279568674111918
14.75330603900001,108.14208323299971,SAT_10076,20.985724142290962,196.79469830038667,99.05604473877709,169.55030575945477,-64.00397590106923,29.959087250500737,35.0,0.12046511718567768,12.292292274929526
14.75330603900001,108.2420832329997,SAT_10076,20.93454965787221,196.50684182553118,99.05081206623633,169.56525130809524,-64.05515038548798,29.939079263905032,35.0,0.12069214408933043,12.308286197208437
14.75330603900001,108.3420832329997,SAT_10076,20.872949396790204,196.1603403569449,99.04445999568962,169.5832059192604,-64.11675064656998,29.91495170429865,35.0,0.12096553892409122,12.327530892684157
14.75330603900001,108.44208323299969,SAT_10076,20.80098436434284,195.75553704942845,99.03696425884527,169.6041321568153,-64.18871567901735,29.886704621394976,35.0,0.12128509426310462,12.350003049333939
14.75330603900001,108.54208323299969,SAT_10076,20.718724971280935,195.29282796345527,99.02829577975034,169.62798684299597,-64.27097507207925,29.854338073398644,35.0,0.12165057041487279,12.375675732067059
14.75330603900001,108.64208323299968,SAT_10136,20.63741519512564,194.83546047258176,99.01962085559717,169.65151941216564,-64.35228484823455,29.822274051493224,35.0,0.12201190725699919,12.401027580305136
14.75330603900001,108.74208323299968,SAT_10090,20.586546294257644,194.54932290519926,99.0142444355403,169.66895796032657,-64.40315374910254,29.803635912299512,35.0,0.12221996615962309,12.415611734915872
14.75330603900001,108.84208323299967,SAT_10090,20.566328805235628,194.43559952945043,99.01205363677362,169.67478206086042,-64.42337123812456,29.795632346268523,35.0,0.12230988469611954,12.421911638836539
14.75330603900001,108.94208323299966,SAT_10090,20.53569075518682,194.26326049792587,99.00872060341192,169.68360014070274,-64.45400928817337,29.78349395323162,35.0,0.12244617462002672,12.431456926082218
14.85330603900001,107.64208323299974,SAT_10076,21.06786225613552,197.25672519076232,99.06435411687117,169.52626067656865,-63.92183778722467,29.991132799113693,35.0,0.12010090865024975,12.266609001119464
14.85330603900001,107.74208323299973,SAT_10076,21.069376699686906,197.26524393573882,99.06450648047645,169.5258166829639,-63.92032334367328,29.991722854220555,35.0,0.12009419558408697,12.266135319345855
14.85330603900001,107.84208323299973,SAT_10076,21.060323447837206,197.21431939408427,99.06359515211734,169.52847049609096,-63.92937659552298,29.98819511279233,35.0,0.12013432703474829,12.268966885189599
14.85330603900001,107.94208323299972,SAT_10076,21.040711741590066,197.10400354644412,99.06161678443088,169.5342164352457,-63.94898830177012,29.9805495820983,35.0,0.12022127167738683,12.275100176945331
14.85330603900001,108.04208323299972,SAT_10076,21.010561547147155,196.93440870270277,99.05856408701293,169.54304222848307,-63.97913849621303,29.968786277893077,35.0,0.12035496181325701,12.284527583809773
14.85330603900001,108.14208323299971,SAT_10076,20.96990342086086,196.70570674234233,99.05442574660829,169.55492909965503,-64.01979662249933,29.952905224416995,35.0,0.12053529378833959,12.297237453472958
14.85330603900001,108.2420832329997,SAT_10076,20.91877830379123,196.41812795882564,99.04918630251423,169.56985190076236,-64.07092173956896,29.93290645439667,35.0,0.12076212863112551,12.31321416457215
14.85330603900001,108.3420832329997,SAT_10136,20.858156845857508,196.07713225794848,99.0429222363487,169.5875329284627,-64.13154319750268,29.909162241138457,35.0,0.12103107385057478,12.33214143632786
14.85330603900001,108.44208323299969,SAT_10136,20.81736908971729,195.84770112965975,99.03867482742837,169.59939364533557,-64.1723309536429,29.893152948849046,35.0,0.12121218733162825,12.344878069824754
14.85330603900001,108.54208323299969,SAT_10136,20.76620134202831,195.55988254890926,99.03330937972676,169.61424865389267,-64.22349870133188,29.873040238935538,35.0,0.12143946978219924,12.360850816592547
14.85330603900001,108.64208323299968,SAT_10136,20.70470377824627,195.21395875263528,99.02680541953075,169.63206717803524,-64.28499626511392,29.848824152918127,35.0,0.1217127504661348,12.380040489530662
14.85330603900001,108.74208323299968,SAT_10136,20.632936091705446,194.81026551584316,99.01913780574114,169.65281262500272,-64.35676395165474,29.82050474079026,35.0,0.12203182606020585,12.40242424138207
14.85330603900001,108.84208323299967,SAT_10136,20.55096711063385,194.34918999731542,99.01027644219694,169.676442831242,-64.43873293272634,29.788082061019807,35.0,0.12239646185757405,12.427975700646554
14.85330603900001,108.94208323299966,SAT_10136,20.458874363617085,193.83116829534612,99.00018592751411,169.70291034104565,-64.5308256797431,29.751556180550484,35.0,0.12280639313876758,12.456665126109163
14.95330603900001,107.54208323299974,SAT_10076,21.028596106423294,197.03585309863104,99.06038556985959,169.53776414629405,-63.961103936936894,29.975823951922703,35.0,0.12027499041669,12.27888875214886
14.95330603900001,107.64208323299974,SAT_10076,21.040660552629582,197.1037156085414,99.06160534131259,169.53423142763944,-63.949039490730605,29.980529620020683,35.0,0.12022149863047875,12.275116184481377
14.95330603900001,107.74208323299973,SAT_10076,21.04217297109094,197.11222296238654,99.06175810002375,169.5337884540265,-63.947527072269246,29.981119401607057,35.0,0.12021479315836252,12.274643226691436
14.95330603900001,107.84208323299973,SAT_10076,21.03313182172164,197.06136649718422,99.06084440767059,169.53643617206413,-63.95656822163855,29.977593295466235,35.0,0.12025487922209063,12.277470465818562
14.95330603900001,107.94208323299972,SAT_10076,21.01354630475462,196.95119796424476,99.05886090181994,169.54216892707996,-63.97615373860557,29.96995130886583,35.0,0.12034172562557674,12.283594394765863
14.95330603900001,108.04208323299972,SAT_10076,20.98343629844078,196.7818291787294,99.05580025921907,169.55097450327446,-64.00626374491941,29.958193457556835,35.0,0.12047526494799479,12.293007434253786
14.95330603900001,108.14208323299971,SAT_10136,20.964948493372944,196.67783527522283,99.05391496685641,169.5563978458054,-64.02475154998724,29.950980044999227,35.0,0.12055713913251334,12.298776610048552
14.95330603900001,108.2420832329997,SAT_10136,20.94500500316103,196.5656531427808,99.05187455730399,169.5622212872397,-64.04469504019916,29.943181315776364,35.0,0.12064561826547118,12.305009450470354
14.95330603900001,108.3420832329997,SAT_10136,20.91459713150725,196.39460886472827,99.0487518170138,169.5710924053498,-64.07510291185294,29.931281024182198,35.0,0.12078054806941739,12.314510982615932
14.95330603900001,108.44208323299969,SAT_10136,20.87375529061957,196.1648735097351,99.04453511736428,169.58299252392248,-64.11594475274062,29.9152791947866,35.0,0.12096182527034324,12.327269598334384
14.95330603900001,108.54208323299969,SAT_10136,20.822520064783703,195.87667536440833,99.03920862749827,169.59789672927158,-64.16717997857648,29.89517586062862,35.0,0.12118931196336355,12.343269797970164
14.95330603900001,108.64208323299968,SAT_10136,20.76094194263422,195.5302984273175,99.03275213831111,169.61577404248888,-64.22875810072597,29.870971063217283,35.0,0.12146283644768757,12.362492285006692
14.95330603900001,108.74208323299968,SAT_10136,20.689080987760022,195.12608055615013,99.02514083519452,169.63658763120196,-64.30061905560017,29.842664852532582,35.0,0.12178219425674043,12.38491408267404
14.95330603900001,108.84208323299967,SAT_10136,20.60700645214183,194.66441129329783,99.01634501507205,169.66029505784053,-64.38269359121836,29.81025728702666,35.0,0.12214714937117489,12.41050867103331
15.05330603900001,107.64208323299974,SAT_10076,21.00220250533856,196.8873890925294,99.05770354256572,169.54548748555763,-63.98749753802163,29.965522926449996,35.0,0.12039203235674702,12.287140946557248
15.05330603900001,107.74208323299973,SAT_10076,21.003712354549187,196.8958819943392,99.05785689949205,169.5450458652512,-63.985987688811,29.966112432925918,35.0,0.1203853363287039,12.286668920156995
15.05330603900001,107.84208323299973,SAT_10136,21.007168599997613,196.91532337498657,99.05820859663812,169.54405614927248,-63.982531443362575,29.967473454003848,35.0,0.12036987382161143,12.28557887427234
15.05330603900001,107.94208323299972,SAT_10136,21.018707706484612,196.98023084897596,99.0593788978996,169.54067985535661,-63.970992336875575,29.971977360990397,35.0,0.12031870303550365,12.281971139473852
15.05330603900001,108.04208323299972,SAT_10136,21.019743601329722,196.9860577574797,99.05948386076008,169.5403766895241,-63.969956442030465,29.972381606637235,35.0,0.12031410952257562,12.281647249621033
15.05330603900001,108.14208323299971,SAT_10136,21.010275236077128,196.93279820293384,99.0585238703655,169.54314729611173,-63.97942480728306,29.968686190109597,35.0,0.12035609683855851,12.284607604442371
15.05330603900001,108.2420832329997,SAT_10136,20.99031218655324,196.82050604936197,99.05649540077995,169.54898579047745,-63.99938785680695,29.960891119038507,35.0,0.12044463250550093,12.290848552862508
15.05330603900001,108.3420832329997,SAT_10136,20.959874588379748,196.64929455963608,99.05339097660237,169.5578798005563,-64.02982545498044,29.948996409520955,35.0,0.1205796482117599,12.300362415733344
15.05330603900001,108.44208323299969,SAT_10136,20.918993001846147,196.41933563538458,99.049199091297,169.569810553918,-64.07070704151404,29.933002086120275,35.0,0.12076104023141572,12.313137533484902
15.05330603900001,108.54208323299969,SAT_10136,20.867708208065295,196.1308586703673,99.0439040807085,169.58475300903902,-64.12199183529489,29.912908181866744,35.0,0.12098867005793254,12.329158338064687
15.05330603900001,108.64208323299968,SAT_10136,20.806070939278655,195.78414903344245,99.03748594936862,169.602676028875,-64.18362910408153,29.888714738258354,35.0,0.12126236524430291,12.34840544822058
15.05330603900001,108.74208323299968,SAT_10136,20.73414154706029,195.37954620221413,99.02992014625922,169.62354259423208,-64.2555584962999,29.860421805261804,35.0,0.12158192043950271,12.370855786890123
15.05330603900001,108.84208323299967,SAT_10136,20.65198961296261,194.9174415729147,99.02117728564588,169.6473100539072,-64.33771043039758,29.8280294413137,35.0,0.12194709860889025,12.396482719195188
15.15330603900001,107.64208323299974,SAT_10136,20.986699670931117,196.80018564898754,99.05612195688833,169.55004188498063,-64.00300037242907,29.959479989595923,35.0,0.12046065535468121,12.291977821689674
15.15330603900001,107.74208323299973,SAT_10136,21.01921976440225,196.98311117476266,99.05942472951,169.54052999745517,-63.970480278957936,29.97217718718305,35.0,0.12031643239062771,12.281811036295194
15.15330603900001,107.84208323299973,SAT_10136,21.0412640958504,197.10711053915853,99.06165452216283,169.53407597229892,-63.948435947509786,29.98077668546493,35.0,0.12021868841135276,12.274917972264443
15.15330603900001,107.94208323299972,SAT_10136,21.052810384597826,197.17205841336278,99.0628195299815,169.53069350189628,-63.93688965876236,29.98527846667964,35.0,0.12016749898316947,12.271307124562556
15.15330603900001,108.04208323299972,SAT_10136,21.053846924803373,197.17788895201898,99.06292401835753,169.53038978122635,-63.935853118556814,29.985682521529053,35.0,0.1201629037948568,12.27098295506467
15.15330603900001,108.14208323299971,SAT_10136,21.044372664398722,197.12459623724283,99.06196836930177,169.53316545698374,-63.945327378961466,29.981988849178624,35.0,0.1202049064130504,12.273945864743299
15.15330603900001,108.2420832329997,SAT_10136,21.024397212191452,197.01223431857693,99.05994908559012,169.53901462300047,-63.965302831168735,29.97419745725737,35.0,0.12029347426023305,12.280192191165407
15.15330603900001,108.3420832329997,SAT_10136,20.99394077303981,196.8409168483489,99.05685875276988,169.5479248620304,-63.99575927032038,29.96230836185806,35.0,0.12042853881559905,12.289714231332427
15.15330603900001,108.44208323299969,SAT_10136,20.95303401202068,196.61081631761633,99.05268595832155,169.55987733328197,-64.03666603133951,29.94632158753758,35.0,0.1206099960362957,12.302500289558823
15.15330603900001,108.54208323299969,SAT_10136,20.90171784952304,196.32216290356712,99.04741516646742,169.57484690440705,-64.08798219383715,29.926237167317524,35.0,0.12083770699383203,12.318534749753795
15.15330603900001,108.64208323299968,SAT_10136,20.840043190157658,195.97524294463682,99.04102654626658,169.59280232601475,-64.14965685320253,29.902055142684997,35.0,0.12111149871784507,12.33779817115494
15.15330603900001,108.74208323299968,SAT_10136,20.768070589256922,195.5703970645702,99.03349574970646,169.61370644619123,-64.22162945410327,29.873775563593576,35.0,0.12143116523698752,12.360267406268614
15.15330603900001,108.84208323299967,SAT_10136,20.685869861540937,195.10801797116778,99.02479363546553,169.637516461973,-64.30383018181925,29.841398488464506,35.0,0.1217964688044962,12.385915739506254
15.253306039000009,107.64208323299974,SAT_10136,21.00951601790632,196.92852760072307,99.05843492109899,169.54336941625786,-63.980184025453866,29.968389825607936,35.0,0.12035946370962691,12.284844971094318
15.253306039000009,107.74208323299973,SAT_10136,21.04204445770639,197.11150007459844,99.06172704075598,169.53384740980565,-63.9476555856538,29.98108099327688,35.0,0.12021522860648752,12.27467394051854
15.253306039000009,107.84208323299973,SAT_10136,21.06409448027385,197.23553145154042,99.06394965980292,169.52738650609024,-63.925605563086336,29.989676407647448,35.0,0.1201174762921844,12.267777988351366
15.253306039000009,107.94208323299972,SAT_10136,21.075643760691186,197.30049615388793,99.06511092553704,169.5240004266355,-63.914056282669,29.99417605096231,35.0,0.12006628246397469,12.26416562453184
15.253306039000009,108.04208323299972,SAT_10136,21.076680569830216,197.30632820529496,99.06521507848841,169.5236963817619,-63.91301947352997,29.994579913925755,35.0,0.12006168687950453,12.263841318814304
15.253306039000009,108.14208323299971,SAT_10136,21.06720385352841,197.25302167609735,99.06426249844249,169.5264750195438,-63.922496189831776,29.990887995703456,35.0,0.12010369311160145,12.266805472879835
15.253306039000009,108.2420832329997,SAT_10136,21.047223239712615,197.14063072338345,99.06224970855551,169.53233042121735,-63.94247680364757,29.983100303922456,35.0,0.1201922685262109,12.273054417826467
15.253306039000009,108.3420832329997,SAT_10136,21.016758973378728,196.96926922525537,99.05916933763939,169.54125014309744,-63.97294106998146,29.971216854671336,35.0,0.12032734448375233,12.282580437071601
15.253306039000009,108.44208323299969,SAT_10136,20.975841780347366,196.73911001445396,99.05501003991753,169.55321530439102,-64.01385826301282,29.955237672500626,35.0,0.12050881676138941,12.295371814361042
15.253306039000009,108.54208323299969,SAT_10136,20.92451266174099,196.45038372229308,99.04975637075827,169.56820071960468,-64.0651873816192,29.935162790423355,35.0,0.12073654619098585,12.311412906246893
15.253306039000009,108.64208323299968,SAT_10136,20.862822622081822,196.10337724921027,99.04338861604788,169.58617507360995,-64.12687742127837,29.910992249915864,35.0,0.12101035950491003,12.330684238079371
15.253306039000009,108.74208323299968,SAT_10136,20.79083233480037,195.69843188325208,99.0358825719464,169.60710113683635,-64.19886770855982,29.88272610091876,35.0,0.12133005037941698,12.353162622262811
15.253306039000009,108.84208323299967,SAT_10136,20.708611749749622,195.23594109234162,99.02720927074333,169.63093601752627,-64.28108829361057,29.850364401838135,35.0,0.12169538066312341,12.378821297259313
15.353306039000008,107.64208323299974,SAT_10136,21.021062295593474,196.99347541271328,99.05959923824838,169.53999074332108,-63.968637747766714,29.97289619196474,35.0,0.12030826203210661,12.28123493437826
15.353306039000008,107.74208323299973,SAT_10136,21.05358724189776,197.17642823567488,99.06288505054019,169.53046587296774,-63.93611280146243,29.985581295520806,35.0,0.12016405501729246,12.2710641689982
15.353306039000008,107.84208323299973,SAT_10136,21.075634908667816,197.3004463612565,99.06510342257612,169.5240030224485,-63.91406513469237,29.99417260282092,35.0,0.12006632170010842,12.26416839336468
15.353306039000008,107.94208323299972,SAT_10136,21.087182959159406,197.36540414527167,99.06626247297152,169.52061592154053,-63.90251708420078,29.998670096112313,35.0,0.12001513780823268,12.260556120964328
15.353306039000008,108.04208323299972,SAT_10136,21.08821965801925,197.37123557635826,99.06636642735259,169.52031178490873,-63.90148038534094,29.999073766101642,35.0,0.12001054311530528,12.26023182341855
15.353306039000008,108.14208323299971,SAT_10136,21.078743950523915,197.31793472169704,99.06541566417076,169.52309126101915,-63.91095609283627,29.995383611954804,35.0,0.12005254119559158,12.263195902576344
15.353306039000008,108.2420832329997,SAT_10136,21.05876546971279,197.20555576713443,99.06340671879964,169.52894842753955,-63.9309345736474,29.987599641296875,35.0,0.12014109940190727,12.269444688002814
15.353306039000008,108.3420832329997,SAT_10136,21.028304471311102,197.03421265112496,99.06033224599025,169.5378708332974,-63.961395572049085,29.97572187021233,35.0,0.12027614906708012,12.278970459896923
15.353306039000008,108.44208323299969,SAT_10136,20.987391697375884,196.80407829773935,99.0561809399904,169.54983958617075,-64.0023083459843,29.9597503232454,35.0,0.12045758592644111,12.291761497132518
15.353306039000008,108.54208323299969,SAT_10136,20.936068170606234,196.51538345966006,99.05093741084394,169.56482948561427,-64.05363187275395,29.93968503340066,35.0,0.1206852707561122,12.307802149784234
15.353306039000008,108.64208323299968,SAT_10136,20.874384922220045,196.16841518748774,99.04458201454578,169.58280919788217,-64.11531512114014,29.91552604214382,35.0,0.12095903021924696,12.327072935182551
15.353306039000008,108.74208323299968,SAT_10136,20.802402657195188,195.76351494672292,99.0370906338157,169.60374147141084,-64.187297386165,29.88727339940269,35.0,0.12127865790994484,12.349550656246901
15.353306039000008,108.84208323299967,SAT_10136,20.72019136147121,195.30107640827555,99.02843440523445,169.6275833892961,-64.26950868188898,29.854927163568387,35.0,0.12164391558234412,12.375208540578928
15.453306039000008,107.54208323299974,SAT_10136,20.978376808712753,196.75336954900922,99.05525718430663,169.5524745043959,-64.01132323464743,29.956228272451717,35.0,0.12049757200249411,12.294579430700761
15.453306039000008,107.64208323299974,SAT_10136,21.021325965944413,196.99495855843736,99.05961986666301,169.53991357197097,-63.968374077415774,29.97299907968837,35.0,0.12030709284476392,12.281152492288422
15.453306039000008,107.74208323299973,SAT_10136,21.05383554325637,197.17782493081708,99.06290367767967,169.5303931162381,-63.93586450010382,29.985678084949118,35.0,0.12016295425131582,12.270986514563527
15.453306039000008,107.84208323299973,SAT_10136,21.075872783042918,197.30178440461643,99.06512070274042,169.5239332666591,-63.91382726031727,29.99426526202795,35.0,0.12006526733520026,12.26409398835092
15.453306039000008,107.94208323299972,SAT_10136,21.087415369272918,197.3667114521602,99.06627905070332,169.52054774029094,-63.90228467408727,29.998760593176588,35.0,0.12001410775369174,12.260483419219227
15.453306039000008,108.04208323299972,SAT_10136,21.088451577495455,197.37254012341197,99.06638294212839,169.5202437451013,-63.90124846586473,29.999164069104047,35.0,0.12000951524339153,12.26015927462407
15.453306039000008,108.14208323299971,SAT_10136,21.07898035396792,197.31926449106956,99.06543275501376,169.5230219289536,-63.910719689392266,29.995475688976423,35.0,0.12005149337523446,12.26312195603986
15.453306039000008,108.2420832329997,SAT_10136,21.059011322777934,197.2069386906259,99.0634250288856,169.5288763750149,-63.93068872058225,29.987695460416877,35.0,0.12014000953244473,12.269367796451778
15.453306039000008,108.3420832329997,SAT_10136,21.028564720859066,197.03567655483224,99.06035242731741,169.53779464365363,-63.96113532250112,29.975823399505806,35.0,0.12027499511171576,12.278889083241582
15.453306039000008,108.44208323299969,SAT_10136,20.987671261824843,196.80565084776472,99.05620365818623,169.5497578602098,-64.00202878153534,29.95985953078123,35.0,0.12045634594511162,12.29167410616165
15.453306039000008,108.54208323299969,SAT_10136,20.936371930563894,196.5170921094219,99.05096335018462,169.56474084733796,-64.0533281127963,29.93980388723938,35.0,0.12068392293746596,12.307707229760249
15.553306039000008,107.44208323299975,SAT_10136,20.914092174390547,196.3917684809468,99.04866992463046,169.5712396398995,-64.07560786896964,29.93108330899706,35.0,0.1207827889914491,12.314668749075764
15.553306039000008,107.54208323299974,SAT_10136,20.96739347720373,196.69158830927097,99.05413151073469,169.55568363521002,-64.02230656615646,29.951935792897977,35.0,0.12054629289528267,12.29801243094915
15.553306039000008,107.64208323299974,SAT_10136,21.0103067423331,196.93297542562368,99.05849725081973,169.54313807837664,-63.97939330102709,29.96869848857385,35.0,0.12035595711958313,12.284597754104713
15.553306039000008,107.74208323299973,SAT_10136,21.042789091013617,197.1156886369516,99.06178335732328,169.53362930607324,-63.94691095234657,29.981371361368986,35.0,0.12021192722643656,12.274441080415885
15.553306039000008,107.84208323299973,SAT_10136,21.06480784344693,197.23954411938897,99.06400192918731,169.52717739855137,-63.92489219991326,29.989954385083937,35.0,0.12011431407845446,12.267554872367361
15.553306039000008,107.94208323299972,SAT_10136,21.076340736767015,197.30441664431447,99.06516108436749,169.5237960392305,-63.91335930659317,29.99444754197485,35.0,0.12006319316195974,12.263947616175573
15.553306039000008,108.04208323299972,SAT_10136,21.077376074506,197.31024041909623,99.06526504815926,169.52349241836953,-63.91232396885419,29.99485082275306,35.0,0.12005860412362851,12.2636237691141
15.553306039000008,108.14208323299971,SAT_10136,21.067912805437643,197.25700953058674,99.06431419898487,169.5262671822394,-63.921787237922544,29.991164226584885,35.0,0.12010055052630972,12.266583731741724
15.553306039000008,108.2420832329997,SAT_10136,21.047960530674928,197.1447779850465,99.06230507248786,169.53211442854663,-63.94173951268526,29.983387761091564,35.0,0.12018899982705449,12.272823845403138
15.553306039000008,108.3420832329997,SAT_10136,21.017539438917417,196.9736593439105,99.0592303240106,169.54102174817905,-63.97216060444277,29.971521442349488,35.0,0.12032388357762781,12.28233641503558
15.553306039000008,108.44208323299969,SAT_10136,20.976680170776746,196.74382596061918,99.05507864876184,169.55297031265147,-64.01301987258344,29.955565294890544,35.0,0.12050509784501265,12.295109756977507
15.553306039000008,108.54208323299969,SAT_10136,20.925423614104886,196.45550782933998,99.04983465819012,169.56793500596635,-64.0642764292553,29.935519351702705,35.0,0.12073250384670528,12.31112827114496
15.653306039000007,107.34208323299976,SAT_10136,20.82835621669706,195.90950371892094,99.03978878287253,169.59620036632802,-64.16134382666313,29.897467459148718,35.0,0.12116339480017871,12.341447524683643
15.653306039000007,107.44208323299975,SAT_10136,20.89191708525341,196.26703360455045,99.04638011759639,169.57770282666903,-64.09778295810678,29.92239755120869,35.0,0.12088120699259028,12.321596475653845
15.653306039000007,107.54208323299974,SAT_10136,20.945154741736488,196.56649542226776,99.05185277345892,169.5621775792942,-64.0445453016237,29.943239888256205,35.0,0.1206449539020417,12.304962656683662
15.653306039000007,107.64208323299974,SAT_10136,20.988016591630114,196.8075933279194,99.05622732682394,169.54965690773923,-64.00168345173007,29.95999442718917,35.0,0.12045481427145446,12.29156615690856
15.653306039000007,107.74208323299973,SAT_10136,21.020459919316487,196.99008704615525,99.05952004631695,169.54016704482368,-63.9692401240437,29.97266113336046,35.0,0.12031093314405261,12.281423279436432
15.653306039000007,107.84208323299973,SAT_10136,21.042452169854492,197.11379345543153,99.06174307273147,169.5337279912802,-63.947247873505695,29.981239980577087,35.0,0.1202134209859355,12.274546441816659
15.653306039000007,107.94208323299972,SAT_10136,21.053971165691685,197.17858780701576,99.06290455206623,169.53035337617425,-63.9357288776685,29.985730951099576,35.0,0.12016235301278039,12.270944099581058
15.653306039000007,108.04208323299972,SAT_10136,21.055005255264433,197.18440456086245,99.06300872420066,169.53005036114988,-63.934694788095754,29.986134035641555,35.0,0.12015776872890166,12.270620693858536
15.653306039000007,108.14208323299971,SAT_10136,21.04555339138495,197.13123782654034,99.06205596886272,169.53281958990436,-63.94414665197524,29.982449233369543,35.0,0.1201996716843478,12.273576623756076
15.653306039000007,108.2420832329997,SAT_10136,21.02562513829801,197.01914140292632,99.06004280973966,169.53865518363884,-63.964074905062176,29.974676551902906,35.0,0.12028802945304544,12.2798082438732
15.653306039000007,108.3420832329997,SAT_10136,20.995240607302947,196.84822841607908,99.05696187680732,169.54754478255603,-63.99445943605724,29.962816007314064,35.0,0.12042277383226231,12.28930788698301
15.653306039000007,108.44208323299969,SAT_10136,20.954430321865445,196.61867056049314,99.052801826182,169.55946963278456,-64.03526972149474,29.946867624128846,35.0,0.12060380126091585,12.302063911578117
15.753306039000007,107.24208323299976,SAT_10136,20.72135849985304,195.30764156167334,99.02854624648846,169.62724539347974,-64.26834154350715,29.85538696369737,35.0,0.12163872853087514,12.374844385193898
15.753306039000007,107.34208323299976,SAT_10136,20.79506694254303,195.72225155180453,99.03630764943686,169.60587169621306,-64.19463310081716,29.884390553944183,35.0,0.12131124080128294,12.351840717747006
15.753306039000007,107.44208323299975,SAT_10136,20.85852957264943,196.07922884615306,99.04292124168191,169.58742446408027,-64.13117047071076,29.909308441844164,35.0,0.12102941905295335,12.332025029421692
15.753306039000007,107.54208323299974,SAT_10136,20.911684581218125,196.37822576935196,99.04841228475078,169.57194160577922,-64.07801546214206,29.930140575851816,35.0,0.12079347363640082,12.315420958578263
15.753306039000007,107.64208323299974,SAT_10136,20.954479647659937,196.61894801808714,99.05280147516669,169.5594552300611,-64.03522039570025,29.94688691287556,35.0,0.12060358242656716,12.302048496088133
15.753306039000007,107.74208323299973,SAT_10136,20.98687228001056,196.8011565750594,99.05610517627495,169.54999142695104,-64.00282776334963,29.959547418276713,35.0,0.1204598897593418,12.291923864915962
15.753306039000007,107.84208323299973,SAT_10136,21.008830094489433,196.92466928150304,99.0583355993932,169.54357008784913,-63.980869948870755,29.968122065868663,35.0,0.1203625055603128,12.28505942132998
15.753306039000007,107.94208323299972,SAT_10136,21.02033103049206,196.9893620465178,99.0595009377612,169.5402047670924,-63.96936901286813,29.97261083791626,35.0,0.12031150467623784,12.28146357901575
15.753306039000007,108.04208323299972,SAT_10136,21.021363498010153,196.9951696763071,99.05960545582218,169.53990258698312,-63.968336545350034,29.973013725135402,35.0,0.12030692641738167,12.281140757084936
15.753306039000007,108.14208323299971,SAT_10136,21.01192645539227,196.94208631158153,99.05864953550324,169.54266418767975,-63.97777358796792,29.9693307266928,35.0,0.12034877431634473,12.284091352664628
15.753306039000007,108.2420832329997,SAT_10136,20.99202941634345,196.8301654669319,99.05662968035405,169.54848372268577,-63.99767062701674,29.96156185020597,35.0,0.12043701610636348,12.290311738430571
15.753306039000007,108.3420832329997,SAT_10136,20.961692386062623,196.65951967160225,99.05353847762004,169.55734890000454,-64.02800765729756,29.94970711174341,35.0,0.12057158391935058,12.299794285117082
15.753306039000007,108.44208323299969,SAT_10136,20.92094572742687,196.43031971677613,99.04936451754739,169.56924106835208,-64.06875431593332,29.933766535824986,35.0,0.12075237470122663,12.312527408705002
15.853306039000007,107.34208323299976,SAT_10136,20.75062312136994,195.47225505770592,99.03163489539195,169.61876599804225,-64.23907692199025,29.866910390426703,35.0,0.1215086839580937,12.365712630416617
15.853306039000007,107.44208323299975,SAT_10136,20.813965272577164,195.82855465824656,99.03827977286247,169.60038267353568,-64.17573477078302,29.891816006983273,35.0,0.1212273040909913,12.345940800139632
15.853306039000007,107.54208323299974,SAT_10136,20.867018902642485,196.12698132736398,99.04379665877184,169.58495366243582,-64.1226811407177,29.912637881784097,35.0,0.12099173016557532,12.329373629900394
15.853306039000007,107.64208323299974,SAT_10136,20.909732037364094,196.367242710173,99.04820641980588,169.5725108521376,-64.0799680059961,29.929375971747962,35.0,0.12080213896205634,12.31603098664438
15.853306039000007,107.74208323299973,SAT_10136,20.94206246757973,196.549101380136,99.05152555341232,169.5630801518339,-64.04763757578046,29.94203024224452,35.0,0.12065867392426356,12.305928992266823
15.853306039000007,107.84208323299973,SAT_10136,20.963978025926878,196.67237639583868,99.05376637073473,169.55668131447487,-64.02572201743331,29.95060066709346,35.0,0.12056144429615005,12.299079925755745
15.853306039000007,107.94208323299972,SAT_10136,20.975456799670965,196.7369444981492,99.05493713187248,169.5533277997675,-64.01424324368922,29.955087228563904,35.0,0.12051052445924884,12.2954921480264
15.853306039000007,108.04208323299972,SAT_10136,20.976487276631588,196.74274093105268,99.05504213603014,169.55302668019758,-64.0132127667286,29.955489917373974,35.0,0.1205059534791244,12.295170050425869
15.853306039000007,108.14208323299971,SAT_10136,20.967068422157382,196.68975987463529,99.05408176824685,169.55577859144245,-64.0226316212028,29.951808732690584,35.0,0.12054773486637525,12.298114027584557
15.853306039000007,108.2420832329997,SAT_10136,20.947209686053043,196.57805448404838,99.05205250357494,169.56157772790846,-64.04249035730714,29.944043682129422,35.0,0.12063583655512979,12.304320474972972
15.853306039000007,108.3420832329997,SAT_10136,20.916930939364633,196.40773653392608,99.0489468687856,169.57041188345502,-64.07276910399555,29.93219478175512,35.0,0.12077019109930111,12.313781811196339
15.953306039000006,107.44208323299975,SAT_10136,20.758271415590684,195.51527671269758,99.03243727634862,169.61654846968258,-64.2314286277695,29.86992028148059,35.0,0.12147470151859306,12.363325738048909
15.953306039000006,107.54208323299974,SAT_10136,20.811205284899927,195.8130297275621,99.0379876533217,169.60118454059148,-64.17849475846026,29.89073184092693,35.0,0.12123956180785145,12.34680249698786
15.953306039000006,107.64208323299974,SAT_10136,20.853821622317668,196.05274662553688,99.04242407153184,169.5887943840017,-64.13587842104252,29.907461638695786,35.0,0.12105032130975554,12.333495354426864
15.953306039000006,107.74208323299973,SAT_10136,20.886078558909787,196.23419189386755,99.04576320311779,169.5794036913813,-64.1036214844504,29.920109640165034,35.0,0.12090712239609318,12.323420310838062
15.953306039000006,107.84208323299973,SAT_10136,20.907944187665677,196.35718605561945,99.04801748924437,169.5730320489935,-64.08175585569451,29.928675819160585,35.0,0.12081007349169966,12.316589552369905
15.953306039000006,107.94208323299972,SAT_10136,20.919396773732373,196.4216068522446,99.0491952770847,169.56969280262007,-64.07030326962781,29.933160157955765,35.0,0.12075924841907053,12.31301137654444
15.953306039000006,108.04208323299972,SAT_10136,20.92042489855318,196.42739005436164,99.04930091111149,169.56939296477253,-64.06927514480701,29.933562647270907,35.0,0.12075468594973313,12.312690141355644
15.953306039000006,108.14208323299971,SAT_10136,20.911027535896892,196.37452988942005,99.0483347804164,169.57213316573387,-64.0786725074633,29.929883286273117,35.0,0.12079638956784805,12.315626238434687
15.953306039000006,108.2420832329997,SAT_10136,20.891214058699404,196.26307908018413,99.04629332294128,169.57790764915313,-64.09848598466078,29.922122082576276,35.0,0.1208843274489393,12.321816090634991
16.053306039000006,107.54208323299974,SAT_10136,20.744302642481202,195.43670236395678,99.03096195201458,169.6205980914692,-64.24539740087899,29.864422496929794,35.0,0.12153676818186603,12.367685038157715
16.053306039000006,107.64208323299974,SAT_10136,20.786807659498663,195.67579308467998,99.03543131241788,169.60826945721723,-64.20289238386152,29.8811439573839,35.0,0.12134792801350236,12.354418956014689
16.053306039000006,107.74208323299973,SAT_10136,20.818980071816952,195.85676290397035,99.03879515610284,169.59892550981888,-64.17071997154324,29.893785655714762,35.0,0.1212050329008504,12.344375084538266
16.053306039000006,107.84208323299973,SAT_10136,20.840788275124808,195.97943404757706,99.0410660856251,169.59258564166862,-64.14891176823538,29.90234756575442,35.0,0.12110819031650512,12.337565502004685
16.053306039000006,107.94208323299972,SAT_10136,20.85221074137509,196.04368542023488,99.04225255622919,169.58926306605164,-64.1374893019851,29.906829669780358,35.0,0.12105747343309699,12.333998432280719
16.053306039000006,108.04208323299972,SAT_10136,20.853236160856312,196.04945340481677,99.04235896856906,169.5889647257297,-64.13646388250388,29.90723195851508,35.0,0.12105292068035192,12.333678194608902
16.053306039000006,108.14208323299971,SAT_10136,20.8438635171255,195.9967322838309,99.04138571676566,169.59169124471316,-64.14583652623469,29.903554431125897,35.0,0.12109453551169831,12.336605177135732
16.053306039000006,108.2420832329997,SAT_10136,20.824102093753837,195.88557427736535,99.03932919270437,169.59743692391845,-64.16559794960635,29.895797095224896,35.0,0.12118228638326778,12.342775834529528
16.153306039000007,107.24208323299976,SAT_10090,20.899732404684002,196.3109947763475,99.04726430032483,169.57820562246565,-64.08996763867619,29.92697174352116,35.0,0.12082876047485071,12.317904999256859
16.153306039000007,107.34208323299976,SAT_10090,20.85115917091288,196.03777033638497,99.04224192668507,169.59234652050515,-64.13854087244731,29.907922911701224,35.0,0.1210443161921549,12.333072947451228
16.153306039000007,107.44208323299975,SAT_10090,20.792349365444053,195.7069651806228,99.0361117919608,169.60943513015363,-64.19735067791613,29.88482033720669,35.0,0.12130540371969165,12.3514304812495
16.153306039000007,107.54208323299974,SAT_10090,20.72335987615871,195.31889930339273,99.02885074979513,169.6294365570715,-64.26634016720148,29.857664068019563,35.0,0.12161182950917755,12.37295584864036
16.153306039000007,107.64208323299974,SAT_10136,20.70876038635741,195.23677717326046,99.02719971688836,169.6308929916542,-64.28093965700278,29.850422980253903,35.0,0.12169472002628828,12.378774925576193
16.153306039000007,107.74208323299973,SAT_10136,20.740837547429138,195.4172112042889,99.03059317170494,169.62160233225435,-64.24886249593105,29.863058341346825,35.0,0.121552165437804,12.368766339585724
16.153306039000007,107.84208323299973,SAT_10136,20.76258103619176,195.53951832857868,99.03288404359827,169.6152986849774,-64.22711900716843,29.871615959335895,35.0,0.12145555412091953,12.361980727406
16.153306039000007,107.94208323299972,SAT_10136,20.773969559075994,195.60357876980248,99.03408091786872,169.61199511287373,-64.2157304842842,29.876095816502698,35.0,0.1214049585110125,12.35842622940215
16.153306039000007,108.04208323299972,SAT_10136,20.774991929775368,195.60932960498644,99.03418826277624,169.61169847962069,-64.21470811358482,29.876497903571885,35.0,0.121400416650056,12.358107120885961
16.153306039000007,108.2420832329997,SAT_10136,20.74594438083855,195.44593714221685,99.03113190148467,169.62012224620636,-64.24375566252164,29.865068772530233,35.0,0.12152947320515223,12.367172715640349
16.253306039000005,107.24208323299976,SAT_10090,20.940431671755306,196.53992815362358,99.05143921470491,169.56633834608556,-64.04926837160488,29.94291001949363,35.0,0.12064820774949735,12.305191837263463
16.253306039000005,107.34208323299976,SAT_10090,20.8918202780755,196.2664890641747,99.04644393846266,169.58051069650645,-64.09787976528469,29.92387087050067,35.0,0.12086386715484274,12.320376072124077
16.253306039000005,107.44208323299975,SAT_10090,20.832964612408418,195.93542594479737,99.04034704391479,169.59763717817003,-64.15673543095177,29.90078003943387,35.0,0.1211250791572227,12.33875321305839
16.253306039000005,107.54208323299974,SAT_10090,20.76392179864777,195.5470601173937,99.03312560993152,169.617682743242,-64.22577824471242,29.873637574261373,35.0,0.12143164948761603,12.360301426244183
16.253306039000005,107.64208323299974,SAT_10090,20.68475807539724,195.10176417410946,99.02475208869359,169.6406067786499,-64.30494196796295,29.842443531371018,35.0,0.12178335262483499,12.384995368059231
16.253306039000005,107.74208323299973,SAT_10136,20.651732062546643,194.91599285182488,99.0211233925121,169.64738445793563,-64.33796798081354,29.827927758292446,35.0,0.1219482438083768,12.396563037361979
16.253306039000005,107.84208323299973,SAT_10136,20.673403781479763,195.0378962708237,99.02343765643118,169.6411213282693,-64.31629626188042,29.836481061143978,35.0,0.12185188797077541,12.389804106784341
16.253306039000005,107.94208323299972,SAT_10136,20.684754660241225,195.1017449638569,99.02464673381571,169.6378390137032,-64.30494538311896,29.840958659365803,35.0,0.12180142633249141,12.386263602449077
16.353306039000003,107.04208323299977,SAT_10090,21.03625830930568,197.07895298984448,99.06117468971128,169.53832930125583,-63.95344173405451,29.980355073522357,35.0,0.12022331352445231,12.275244192796592
16.353306039000003,107.14208323299977,SAT_10090,21.00825645274253,196.92144254667673,99.05834264440173,169.54652373969202,-63.98144359061766,29.96942498996332,35.0,0.12034744169799289,12.283997399190959
16.353306039000003,107.24208323299976,SAT_10090,20.969920437702967,196.7058024620792,99.05444628124349,169.55772921307533,-64.01977960565722,29.954445225185925,35.0,0.12051742223004125,12.295978195537769
16.353306039000003,107.34208323299976,SAT_10090,20.921288222952242,196.43224625410636,99.04947132020949,169.57192240430817,-64.06841182040795,29.93541581031323,35.0,0.12073312629558823,12.311172100117417
16.353306039000003,107.44208323299975,SAT_10090,20.86240758276162,196.1010426530341,99.0433993467899,169.5890739801949,-64.12729246059857,29.912336784883543,35.0,0.12099439162937016,12.329560873657828
16.353306039000003,107.54208323299974,SAT_10090,20.793335796737907,195.7125138566507,99.03620760909985,169.60914879101196,-64.19636424662228,29.885208196851327,35.0,0.12130102349298842,12.35112262896866
16.353306039000003,107.64208323299974,SAT_10090,20.7141392827495,195.26703346546594,99.02786876389536,169.63210610647013,-64.27556076061069,29.854030102588304,35.0,0.12165279582317344,12.37583196090568
16.353306039000003,107.74208323299973,SAT_10090,20.624893177850538,194.76502412540927,99.0183505665282,169.6578998848035,-64.36480686550965,29.818802566884756,35.0,0.12204945254781487,12.403660095043088
16.353306039000003,107.84208323299973,SAT_10136,20.57334783133554,194.4750815512624,99.0126872077864,169.66999763260728,-64.41635221202465,29.796942941197425,35.0,0.12229688038794938,12.421000640226856
16.353306039000003,112.04208323299949,SAT_10105,20.729622313931372,195.35412551586398,99.02950882837742,169.6276739562191,-64.26007772942882,29.860159002742733,35.0,0.12158367657470584,12.370979099377749
16.453306039000005,106.74208323299979,SAT_10090,21.076284132537758,197.30409824552487,99.06519586648818,169.526602084879,-63.91341591082243,29.99596147406466,35.0,0.120045930495791,12.262729369512305
16.453306039000005,106.94208323299978,SAT_10090,21.072150597520974,197.2808471110555,99.06478105262153,169.52781394323577,-63.917549445839214,29.994350704066516,35.0,0.12006424665280745,12.264021960017152
16.453306039000005,107.04208323299977,SAT_10090,21.054509522266784,197.18161606275066,99.06300786291553,169.53298391400102,-63.9351905210934,29.987473862484315,35.0,0.12014242268650707,12.269538046890183
16.453306039000005,107.14208323299977,SAT_10090,21.02650567312702,197.02409441133946,99.06018354197349,169.54118422468116,-63.96319437023317,29.976549399430265,35.0,0.12026654256745897,12.27829300241482
16.453306039000005,107.24208323299976,SAT_10090,20.98816698102989,196.80843926829314,99.05629783987129,169.55239771012953,-64.0015330623303,29.96157733760649,35.0,0.12043651157990945,12.290276178227352
16.453306039000005,107.34208323299976,SAT_10090,20.93953145451283,196.53486443163467,99.0513365479236,169.5666010200351,-64.05016858884736,29.942557708127264,35.0,0.12065220075554822,12.305473076183969
16.453306039000005,107.44208323299975,SAT_10090,20.880646930180674,196.2036389822663,99.04528134399186,169.58376477962395,-64.10905311317951,29.919490550519726,35.0,0.1209134476492039,12.323865436426088
16.453306039000005,107.54208323299974,SAT_10090,20.81157076192126,195.81508553580707,99.03810959089768,169.60385378965037,-64.17812928143893,29.89237591272479,35.0,0.12122005730743456,12.345431347205913
16.453306039000005,107.64208323299974,SAT_10090,20.73236945310937,195.3695781737402,99.02979408408895,169.6268272628551,-64.25733059025082,29.86121385109826,35.0,0.12157180341852038,12.370145375075454
16.453306039000005,107.74208323299973,SAT_10090,20.643118236716447,194.86754008153,99.02030274363304,169.65263909361252,-64.34658180664374,29.826004430412105,35.0,0.1219684296304507,12.39797871381286
16.453306039000005,111.54208323299952,SAT_10076,20.271382933701005,192.77652900206817,98.97922351759283,169.7565103740991,-64.71831710965918,29.676860627219135,35.0,0.12364195848838538,12.515025404290824
16.453306039000005,111.7420832329995,SAT_10105,20.465161016017262,193.8665307150971,99.00098775906645,169.70391427799396,-64.52453902734293,29.75553384426624,35.0,0.12275969589901159,12.453398897716193
16.553306039000006,106.74208323299979,SAT_10090,21.08324287366841,197.3432411643848,99.06588694541304,169.52456154019188,-63.90645716969178,29.998672696112834,35.0,0.12001509683107658,12.260553228781655
16.553306039000006,106.84208323299978,SAT_10090,21.086369054332877,197.36082593062244,99.06620014743163,169.52364467189642,-63.90333098902731,29.99989050178132,35.0,0.1200012454869624,12.259575573425249
16.553306039000006,106.94208323299978,SAT_10090,21.079110551147814,197.31999685020645,99.06547271956853,169.52577334130126,-63.910589492212374,29.997062759176227,35.0,0.12003340664868536,12.261845503438657
16.553306039000006,107.04208323299977,SAT_10090,21.061474651542795,197.22079491492823,99.06370204621038,169.5309430680203,-63.92822539181739,29.990189474175118,35.0,0.12011155562210767,12.267360242350101
16.553306039000006,107.14208323299977,SAT_10090,21.033479021562705,197.0633194962902,99.06088174249228,169.53914299220355,-63.95622102179748,29.9792706610645,35.0,0.12023563253033011,12.276113058128107
16.553306039000006,107.24208323299976,SAT_10090,20.995151588312076,196.84772768425546,99.05700158577608,169.55035595031796,-63.99454845504811,29.964306342540162,35.0,0.12040554267782376,12.28809330459249
16.553306039000006,107.34208323299976,SAT_10090,20.946530355140226,196.57423324766376,99.05204740533755,169.56455859423903,-64.04316968821996,29.945296549707685,35.0,0.12062115712368626,12.30328648656492
16.553306039000006,107.44208323299975,SAT_10090,20.887663152146246,196.24310523082264,99.04600092822179,169.58172155193057,-64.10203689121394,29.922241322083163,35.0,0.12088231345705167,12.321674347909482
16.553306039000006,107.54208323299974,SAT_10090,20.818607325454394,195.85466620568096,99.03883957837553,169.60180962740725,-64.1710927179058,29.895140707594113,35.0,0.12118881676532463,12.343234981327324
16.553306039000006,107.64208323299974,SAT_10090,20.739429369487084,195.40929020336486,99.03053622522224,169.62478203716074,-64.2502706738731,29.863994762580578,35.0,0.12154044078375133,12.367942958509177
16.653306039000004,106.6420832329998,SAT_10090,21.065401157493632,197.2428815109017,99.06409016782031,169.5297923446256,-63.924298885866556,29.99172009890947,35.0,0.12009415541218771,12.266132484738232
16.653306039000004,106.74208323299979,SAT_10090,21.078899971992094,197.31881234245554,99.0654449659902,169.52583508877046,-63.910800071368094,29.996980712614693,35.0,0.12003433971464032,12.261911355497675
16.653306039000004,106.84208323299978,SAT_10090,21.082024089727426,197.3363855047168,99.06575813123285,169.5249189662693,-63.90767595363276,29.998197884847887,35.0,0.12002049705452546,12.260934375156824
16.653306039000004,106.94208323299978,SAT_10090,21.074770375888875,197.29558336437495,99.06503078882164,169.52704590442366,-63.91492966747131,29.99537161307851,35.0,0.12005263805455153,12.263202738071604
16.653306039000004,107.04208323299977,SAT_10090,21.057146106277138,197.1964468478089,99.06326032402296,169.53221143012212,-63.93255393708305,29.9885019031825,35.0,0.120130738058784,12.268713672084644
16.653306039000004,107.14208323299977,SAT_10090,21.029168918780037,197.03907516813769,99.06044035412856,169.54040470112741,-63.96053112458015,29.977588769442416,35.0,0.12025473728284777,12.277460455612308
16.653306039000004,107.24208323299976,SAT_10090,20.990866696102124,196.82362516557447,99.05656065998083,169.55160858166988,-63.99883334725806,29.962632234547772,35.0,0.12042454117722602,12.289432458958723
16.653306039000004,107.34208323299976,SAT_10090,20.94227738139,196.55031027031873,99.05160707573583,169.56579976125212,-64.04742266197019,29.943632329595555,35.0,0.12064002099920937,12.304615209314408
16.653306039000004,107.44208323299975,SAT_10090,20.88344872933085,196.21939910248605,99.04556133482507,169.5829489149413,-64.10625131402934,29.920589094090936,35.0,0.12090101458654577,12.322990478592411
16.753306039,106.6420832329998,SAT_10090,21.04977519792915,197.15498548835146,99.0625121536713,169.53437082701083,-63.93992484543104,29.98562766512239,35.0,0.1201634045179453,12.271018279024648
16.753306039,106.74208323299979,SAT_10090,21.0632601716745,197.23083846566905,99.06386855841463,169.5304198134951,-63.92643987168569,29.99088552694234,35.0,0.12010364307147546,12.266801942061464
16.753306039,106.84208323299978,SAT_10090,21.066381084458435,197.2483936000787,99.06418209478072,169.52950513693335,-63.92331895890175,29.99210206245943,35.0,0.12008981297183526,12.26582607145599
16.753306039,106.94208323299978,SAT_10090,21.05913481103783,197.2076333120878,99.06345389027753,169.5316287185544,-63.93056523232236,29.989277269143813,35.0,0.12012192481116764,12.268091858100602
16.753306039,107.04208323299977,SAT_10090,21.041528605012495,197.1085984031953,99.0616813249789,169.53678609933777,-63.94817143834769,29.982411152869815,35.0,0.12019995400446905,12.273596537875266
16.753306039,107.14208323299977,SAT_10090,21.013580050526926,196.95138778421395,99.05885800349725,169.54496647115081,-63.97611999283326,29.9715037279161,35.0,0.12032384093915999,12.28233340865939
16.753306039,107.24208323299976,SAT_10090,20.97531694553639,196.7361578186422,99.05497368636195,169.55615275198855,-64.0143830978238,29.956555016965975,35.0,0.12049349133685779,12.294291871464365
16.753306039,107.34208323299976,SAT_10090,20.926777118278608,196.4631212903172,99.05001417954509,169.57032170421894,-64.06292292508158,29.93756505110792,35.0,0.1207087768229314,12.309457495147639
16.853306039000003,106.6420832329998,SAT_10090,21.022874286749385,197.00366786296533,99.0597921107064,169.54224700170067,-63.9668257566108,29.975132055483137,35.0,0.12028263968161723,12.279428170711643
16.853306039000003,106.74208323299979,SAT_10090,21.036340526464045,197.07941546136024,99.06115190130002,169.53830522935402,-63.95335951689614,29.980387151243523,35.0,0.12022294910637388,12.275218489679268
16.853306039000003,106.84208323299978,SAT_10090,21.039457100915527,197.09694619264985,99.06146621976559,169.53739269335884,-63.95024294244466,29.981603046764945,35.0,0.12020913541641025,12.27424416043436
16.853306039000003,106.94208323299978,SAT_10090,21.032220898928017,197.0562425564701,99.06073619847938,169.53951130597096,-63.95747914443217,29.978779739518238,35.0,0.12024120915935693,12.276506368820094
16.853306039000003,107.04208323299977,SAT_10090,21.01463914146092,196.95734517071767,99.05895920620192,169.54465662898852,-63.97506090189927,29.97191723537614,35.0,0.12031914585350709,12.282002362433385
16.853306039000003,107.14208323299977,SAT_10090,20.986729333639985,196.80035250172492,99.05612881991136,169.55281790467015,-64.0029707097202,29.961015548613453,35.0,0.12044288613647205,12.290725467527041
16.853306039000003,107.24208323299976,SAT_10090,20.948519148815677,196.5854202120882,99.05223475583938,169.5639781304494,-64.04118089454451,29.94607470190735,35.0,0.12061233612474634,12.302665129877704
16.953306039000005,106.6420832329998,SAT_10090,20.984727605422577,196.789092780502,99.05591967243357,169.55340293279323,-64.00497243793761,29.96023329091011,35.0,0.12045176195341926,12.291351034101075
16.953306039000005,106.74208323299979,SAT_10090,20.998170276097404,196.8647078030479,99.05728465401997,169.5494733631206,-63.99152976726278,29.965485606441984,35.0,0.1203921586867097,12.287149851897464
16.953306039000005,106.84208323299978,SAT_10090,21.001281392340893,196.88220783191753,99.05760017153416,169.54856365366697,-63.988418651019295,29.966700858689407,35.0,0.12037836521325686,12.28617749082847
16.953306039000005,106.94208323299978,SAT_10090,20.994057861456888,196.841575470695,99.05686736489781,169.550675704874,-63.9956421819033,29.96387904512389,35.0,0.12041039202246731,12.288435130130713
16.953306039000005,107.04208323299977,SAT_10090,20.976506861522083,196.74285109606174,99.05508358533632,169.55580510595496,-64.0131931818381,29.9570201716166,35.0,0.12048821476775112,12.29392003273198
16.953306039000005,107.14208323299977,SAT_10090,20.948645793846453,196.5861325903863,99.05224236699118,169.56394116552818,-64.04105424951373,29.94612425243852,35.0,0.12061177441398736,12.3026255620101
17.053306039000002,106.4420832329998,SAT_10090,20.877681299688035,196.1869573107452,99.044947333393,169.58462826295215,-64.11201874367215,29.918327664587846,35.0,0.12092660800170481,12.324791537306144
17.053306039000002,106.5420832329998,SAT_10090,20.911665400805944,196.37811787953345,99.0484479431851,169.57472791278684,-64.07803464255424,29.93164697544058,35.0,0.12077581683762112,12.314177888370354
17.053306039000002,106.6420832329998,SAT_10090,20.935376290196473,196.51149163235516,99.0508798191883,169.56781334515196,-64.05432375316371,29.940931401098343,35.0,0.12067063176341829,12.306771177346677
17.053306039000002,106.74208323299979,SAT_10090,20.94879063547421,196.58694732454242,99.05225183569829,169.56389888921464,-64.04090940788598,29.946180922238057,35.0,0.1206111319962214,12.302580308913175
17.053306039000002,106.84208323299978,SAT_10090,20.951895191861098,196.60441045421868,99.05256897816687,169.56299268058746,-64.03780485149909,29.947395527934376,35.0,0.12059736248903646,12.301610336356969
17.053306039000002,106.94208323299978,SAT_10090,20.94468688944312,196.56386375311757,99.05183239680544,169.5650966051286,-64.04501315391707,29.94457521565948,35.0,0.1206293336596451,12.303862430788325
17.053306039000002,107.04208323299977,SAT_10090,20.92717285343332,196.4653473005624,99.05003941892663,169.57020628588947,-64.06252718992687,29.937719991282982,35.0,0.12070702132767357,12.309333873992719
17.153306039,106.4420832329998,SAT_10090,20.817319596458404,195.8474227300785,99.03868147586111,169.60218375804203,-64.17238044690178,29.894634781268014,35.0,0.12119453383042934,12.34363693629733
17.153306039,106.5420832329998,SAT_10090,20.851220460884917,196.03811509247768,99.04220496849798,169.59232869271685,-64.13847958247527,29.90794696613384,35.0,0.1210440441535079,12.333053811738754
17.153306039,106.6420832329998,SAT_10090,20.874873138069574,196.17116140164134,99.04465270076248,169.58544581376316,-64.11482690529061,29.917226424520347,35.0,0.12093906983540838,12.325668446212399
17.153306039,106.74208323299979,SAT_10090,20.888254499804106,196.24643156139808,99.04603364840723,169.58154931961022,-64.10144554355608,29.922473137109506,35.0,0.12087968945112912,12.321489671604239
17.153306039,106.84208323299978,SAT_10090,20.89135141744775,196.2638517231436,99.04635285380795,169.580647271489,-64.09834862591244,29.923687092978835,35.0,0.12086594758870221,12.320522499813578
17.153306039,106.94208323299978,SAT_10090,20.884160848028728,196.2234047701616,99.04561148030152,169.58274153800056,-64.10553919533146,29.920868289601167,35.0,0.12089785458126642,12.322768092350804
17.153306039,107.34208323299976,SAT_10090,20.75281510581422,195.48458497020502,99.03192722841095,169.62090285206972,-64.23688493754597,29.869265726915227,35.0,0.12148098112538339,12.363766831266096
17.253306039,106.24208323299982,SAT_10090,20.647758217104027,194.89363997121015,99.02078213498297,169.65129919119136,-64.34194182625616,29.827837322004523,35.0,0.12194780345847933,12.396532153610847
17.253306039,106.34208323299981,SAT_10090,20.70189636091513,195.19816703014757,99.02654599596687,169.6356493407349,-64.28780368244506,29.849203367228224,35.0,0.12170719439484687,12.379650514543545
17.253306039,106.4420832329998,SAT_10090,20.745889610140935,195.44562905704274,99.0311949203568,169.6229100886481,-64.24381043321925,29.86653891937505,35.0,0.12151174355448138,12.36592752039172
17.253306039,106.5420832329998,SAT_10090,20.779695782123795,195.63578877444633,99.03474632590904,169.61310730139732,-64.21000426123639,29.879843942343673,35.0,0.12136159452570135,12.355379307657039
17.253306039,106.6420832329998,SAT_10090,20.80328223337881,195.76846256275581,99.03721339942592,169.60626100403633,-64.18641780998138,29.88911840842722,35.0,0.12125685835056685,12.3480183560217
17.253306039,106.74208323299979,SAT_10090,20.81662607017664,195.8435216447436,99.03860524096541,169.6023852448139,-64.17307397318355,29.894362298312647,35.0,0.1211976128665741,12.34385341381573
17.253306039,106.84208323299978,SAT_10090,20.819714297246904,195.86089292201385,99.03892696264192,169.60148799951918,-64.16998574611328,29.8955756010803,35.0,0.12118390224258378,12.342889445431815
17.353306039000003,106.14208323299982,SAT_10076,20.602973877707583,194.64172806210516,99.01586954251242,169.66143697367676,-64.3867261656526,29.80865160224377,35.0,0.12216522541816377,12.41177556880145
17.353306039000003,106.24208323299982,SAT_10076,20.61081638654487,194.6858421743149,99.01671323598526,169.659174925007,-64.37888365681532,29.811752238445155,35.0,0.12213034205564553,12.409330628197834
17.353306039000003,106.34208323299981,SAT_10090,20.619609686910707,194.73530448887274,99.01776455031558,169.65942437019947,-64.37009035644948,29.816713961027016,35.0,0.1220729433231066,12.405307003953913
17.353306039000003,106.4420832329998,SAT_10090,20.663465691708552,194.98199451586058,99.02245702461747,169.6467616658076,-64.32623435165164,29.83404013491771,35.0,0.12187798401366141,12.3916348367481
17.353306039000003,106.5420832329998,SAT_10090,20.697166052622137,195.17155904599952,99.02604158326206,169.6370179337403,-64.29253399073805,29.847337960091963,35.0,0.12172821373380814,12.381125803355896
17.353306039000003,106.6420832329998,SAT_10090,20.7206785005383,195.3038165655279,99.02853162841437,169.6302129593555,-64.26902154282189,29.85660740884998,35.0,0.12162374234585702,12.373792249970514
17.353306039000003,106.74208323299979,SAT_10090,20.73398040510321,195.37863977870558,99.02993640843044,169.62636062221281,-64.25571963825698,29.861848461883667,35.0,0.12156464685829733,12.369642831069534
17.453306039,106.04208323299983,SAT_10076,20.68251525248408,195.08914829522294,99.02437727906516,169.63846551418976,-64.30718479087611,29.840064065809038,35.0,0.1218115196993254,12.386971822796056
17.453306039,106.14208323299982,SAT_10076,20.70049028294899,195.19025784158808,99.02628598817113,169.63326542122132,-64.2892097604112,29.8471519202874,35.0,0.12173161675926117,12.381364642718017
17.453306039,106.24208323299982,SAT_10076,20.708352462760175,195.234482603026,99.02711920699741,169.6309898932032,-64.28134758060001,29.850250851191888,35.0,0.1216966709828485,12.37891186760584
17.453306039,106.34208323299981,SAT_10076,20.706094280891577,195.22178033001512,99.02687999117109,169.63164353681915,-64.28360576246861,29.84936085204028,35.0,0.1217067079303496,12.379616369759386
17.453306039,106.4420832329998,SAT_10076,20.69371789575719,195.15216316363419,99.0255674639973,169.6352250282265,-64.295982147603,29.84448192469424,35.0,0.12176172025696931,12.383477323813763
17.453306039,106.5420832329998,SAT_10076,20.671235121340487,195.02569755754027,99.02317680705013,169.6417271219754,-64.3184649220197,29.83561407935936,35.0,0.12186166775619835,12.390490211647455
17.453306039,106.6420832329998,SAT_10076,20.638667351410362,194.8425038516833,99.01969920836227,169.65113669973226,-64.35103269194983,29.822757334585386,35.0,0.12200647759674085,12.400646849206218
17.553306039,105.94208323299983,SAT_10076,20.740958129810934,195.41788948018652,99.03056093899227,169.6215461948264,-64.24874191354925,29.863094418223273,35.0,0.12155176715056407,12.36873836979555
17.553306039,106.04208323299983,SAT_10076,20.769089798930878,195.57613011898619,99.0335191721327,169.6133895875424,-64.22061024442931,29.87416505624138,35.0,0.12142677445090315,12.35995893867738
17.553306039,106.14208323299982,SAT_10076,20.78710394074777,195.6774596667062,99.03540687672107,169.60816224424593,-64.20259610261242,29.881248991293624,35.0,0.12134674895001757,12.354336100710105
17.553306039,106.24208323299982,SAT_10076,20.7949832525497,195.72178079559208,99.03623093724144,169.60587478133502,-64.19471679081049,29.884346208558746,35.0,0.12131174948953831,12.351876468544683
17.553306039,106.34208323299981,SAT_10076,20.792720148463616,195.70905083510783,99.03599435007193,169.6065318538831,-64.19697989489657,29.883456701556693,35.0,0.12132180186099926,12.352582940709178
17.553306039,106.4420832329998,SAT_10076,20.78031680841862,195.63928204735473,99.03469625551286,169.61013212413724,-64.20938323494157,29.87858047214851,35.0,0.1213768986531333,12.356454684299713
17.553306039,106.5420832329998,SAT_10076,20.757785164066448,195.51254154787375,99.032331928604,169.6166682705769,-64.23191487929374,29.869717530536345,35.0,0.12147699929577625,12.363487139957416
17.653306039,105.84208323299984,SAT_10076,20.778203150397133,195.6273927209839,99.03447125788745,169.61074549052825,-64.21149689296305,29.877749321455894,35.0,0.12138628822517543,12.357114435665537
17.653306039,105.94208323299983,SAT_10076,20.81649525999535,195.84278583747383,99.03847184536612,169.5996263373246,-64.17320478336484,29.892798267755563,35.0,0.12121620480187542,12.345160508993938
17.653306039,106.04208323299983,SAT_10076,20.8446785156722,196.00131665065612,99.04140159081219,169.5914329614143,-64.14502152768799,29.903862750759835,35.0,0.12109105320106672,12.336360263832443
17.653306039,106.14208323299982,SAT_10076,20.86272577941233,196.10283250919437,99.04327115551399,169.5861820176263,-64.12697426394786,29.910942747313637,35.0,0.12101092567541838,12.330724067959785
17.653306039,106.24208323299982,SAT_10076,20.8706196003551,196.14723525199744,99.04408730667686,169.5838842182631,-64.11908044300509,29.914038242600654,35.0,0.12097588152280477,12.328258585819828
17.653306039,106.34208323299981,SAT_10076,20.8683523275826,196.13448184265212,99.04385298969032,169.5845442605116,-64.12134771577759,29.913149230143006,35.0,0.12098594673495854,12.328966738674048
17.653306039,106.4420832329998,SAT_10076,20.855926159721363,196.06458464843269,99.04256735948054,169.58816079451276,-64.13377388363882,29.908275711801107,35.0,0.12104111384307131,12.332847687084103
17.753306039,105.74208323299985,SAT_10076,20.794192770409055,195.71733433355092,99.03614087883908,169.60610429689697,-64.19550727295113,29.884035518900628,35.0,0.1213152606743179,12.352123234280473
17.753306039,105.84208323299984,SAT_10076,20.842628476446976,195.98978518001425,99.0411846782963,169.5920292193016,-64.14707156691321,29.903058257732084,35.0,0.1211001557937753,12.33700044954993
17.753306039,105.94208323299983,SAT_10076,20.88097740745603,196.20549791694017,99.04515212699472,169.58086820973324,-64.10872263590416,29.91809879198865,35.0,0.12092990178599229,12.325023316373583
17.753306039,106.04208323299983,SAT_10076,20.909202652117415,196.36426491816047,99.0480576784442,169.57264392219452,-64.08049739124277,29.9291570901864,35.0,0.12080462411533907,12.31620593511932
17.753306039,106.14208323299982,SAT_10076,20.927276878755336,196.46593244299876,99.04991183712536,169.5673731370624,-64.06242316460485,29.936233129177925,35.0,0.12072441562890678,12.31055874109148
17.753306039,106.24208323299982,SAT_10076,20.935182511657302,196.51040162807234,99.05072127090324,169.56506664760138,-64.05451753170288,29.939326894151822,35.0,0.12068933600739264,12.308088442245927
17.753306039,106.34208323299981,SAT_10076,20.932911845088128,196.49762912862073,99.05048888197683,169.56572918655067,-64.05678819827206,29.938438378632355,35.0,0.12069941141051309,12.308797978943227
17.753306039,106.4420832329998,SAT_10076,20.92046709343211,196.42762740055562,99.04921383766136,169.56935939383104,-64.06923294992808,29.933567584479324,35.0,0.12075463432117761,12.312686506255181
17.853306039,105.74208323299985,SAT_10076,20.847453910690803,196.01692824763578,99.04168088646436,169.5906256636454,-64.14224613266938,29.904951810464983,35.0,0.1210787301023814,12.335493549386582
17.853306039,105.84208323299984,SAT_10076,20.89594427088096,196.28968652370543,99.04668959455343,169.57650817753563,-64.09375577247923,29.923963858799244,35.0,0.12086346810572174,12.320347985637124
17.853306039,105.94208323299983,SAT_10076,20.93433671613373,196.50564402825222,99.05062955143212,169.56531344146651,-64.05536332722646,29.938995940509027,35.0,0.12069308895173537,12.308352737317243
17.853306039,106.04208323299983,SAT_10076,20.96259412493262,196.664591952746,99.0535150314,169.55706424596374,-64.02710591842757,29.950048024120758,35.0,0.12056771874749894,12.299521977837092
17.853306039,106.14208323299982,SAT_10076,20.980689009378693,196.76637567775518,99.05535640905744,169.55177747290978,-64.0090110339815,29.95712008649462,35.0,0.12048745081704944,12.29386619674929
17.853306039,106.24208323299982,SAT_10076,20.98860369304049,196.81089577335277,99.05616026998631,169.5494639810283,-64.0010963503197,29.96021211282407,35.0,0.12045234514825275,12.291392136967206
17.853306039,106.34208323299981,SAT_10076,20.986330425959906,196.79810864602447,99.05592948061059,169.55012853180435,-64.00336961740028,29.959324096635502,35.0,0.12046242803561265,12.292102754195815
17.853306039,106.4420832329998,SAT_10076,20.973871435233804,196.72802682319016,99.05466321850754,169.5537697568949,-64.01582860812638,29.954456039788106,35.0,0.12051769192329775,12.2959971990963
17.953306038999997,105.64208323299985,SAT_10076,20.830979276980187,195.92425843301356,99.03996675983426,169.59541659265017,-64.15872076638,29.898485791579663,35.0,0.1211518832602394,12.340638082049255
17.953306038999997,105.74208323299985,SAT_10076,20.889566076849263,196.2538091822771,99.04602814284206,169.57836650597002,-64.10013396651092,29.92146477637073,35.0,0.12089177819780272,12.322340458713816
17.953306038999997,105.84208323299984,SAT_10076,20.9380940329321,196.52677893524307,99.05100872355143,169.5642170412221,-64.05160601042809,29.940466083002384,35.0,0.1206764172548302,12.307178634953535
17.953306038999997,105.94208323299983,SAT_10076,20.976516430855682,196.74290492356323,99.05492664440474,169.55299687289846,-64.0131836125045,29.955489671679533,35.0,0.12050595917944214,12.295170452106127
17.953306038999997,106.04208323299983,SAT_10076,21.004795990724254,196.90197744782395,99.05779603608468,169.5447288947421,-63.98490405263593,29.966535510938836,35.0,0.1203805305592807,12.2863301382734
17.953306038999997,106.14208323299982,SAT_10076,21.022905106923673,197.00384122644567,99.05962716910742,169.5394300653805,-63.966794936436514,29.973603577648024,35.0,0.12030022507500439,12.280668223629045
17.953306038999997,106.24208323299982,SAT_10076,21.03082602712807,197.0483964025954,99.06042656311438,169.53711129303,-63.958874016232116,29.976693857005365,35.0,0.12026510294415413,12.278191477263325
17.953306038999997,106.34208323299981,SAT_10076,21.028550968056102,197.03559919531557,99.06019705586009,169.53777736090979,-63.961149075304085,29.975806342539364,35.0,0.1202751905620164,12.278902866371638
17.953306038999997,106.4420832329998,SAT_10076,21.016082166383512,196.96546218590728,99.05893783314554,169.54142689442915,-63.973617876976675,29.970941036108606,35.0,0.12033048034379272,12.282801538312327
18.053306039,105.64208323299985,SAT_10076,20.86187340938497,196.09803792779047,99.04316528451147,169.58643009431722,-64.12782663397522,29.910608451182362,35.0,0.12101470984554957,12.330990280994797
18.053306039,105.74208323299985,SAT_10076,20.92048446186321,196.42772509798058,99.04920054592743,169.56935432846927,-64.06921558149698,29.933574383715793,35.0,0.12075455724611195,12.312681079497384
18.053306039,105.84208323299984,SAT_10076,20.969032706121652,196.70080897193432,99.05415977100273,169.5551834763898,-64.02066733723854,29.952564897461798,35.0,0.12053915629517047,12.297509602015365
18.053306039,105.94208323299983,SAT_10076,21.007471296302704,196.9170260417027,99.05806096136524,169.5439462987718,-63.98222874705748,29.967579952638136,35.0,0.1203686661350746,12.28549373478874
18.053306039,106.04208323299983,SAT_10076,21.03576284706628,197.07616601474783,99.06091813844185,169.5356657585202,-63.95393719629391,29.97861951779162,35.0,0.12024321366893874,12.276647741896397
18.053306039,106.14208323299982,SAT_10076,21.05387967442381,197.17807316863394,99.06274149357147,169.5303588656877,-63.935820368936376,29.985683569797445,35.0,0.12016289281151914,12.270982180234595
18.053306039,106.24208323299982,SAT_10076,21.061803975518217,197.22264736228996,99.06353749623632,169.52803656165483,-63.92789606784197,29.988772093858657,35.0,0.12012776393111839,12.268503836114684
18.053306039,106.34208323299981,SAT_10076,21.05952794488089,197.20984468995502,99.06330896238329,169.5287036442045,-63.9301720984793,29.987885083505844,35.0,0.12013785348917687,12.269215684291451
18.153306039,105.54208323299986,SAT_10076,20.812940169799205,195.82278845512053,99.03808184625741,169.60065928692273,-64.17675987356098,29.89140187095498,35.0,0.12123199353250409,12.346270464060725
18.153306039,105.64208323299985,SAT_10076,20.881561645968162,196.20878425857092,99.04519389734489,169.58069805704707,-64.10813839739203,29.918327789967933,35.0,0.12092730837664259,12.324840821936236
18.153306039,105.74208323299985,SAT_10076,20.94017595011789,196.53848971941312,99.05121114434104,169.56360946670858,-64.0495240932423,29.94128060837257,35.0,0.12066717972368654,12.306528055182595
18.153306039,105.84208323299984,SAT_10076,20.988726997855792,196.81158936293883,99.0561556428322,169.5494279334467,-64.0009730455044,29.96026027807211,35.0,0.12045179824492634,12.29135359188488
18.153306039,105.94208323299983,SAT_10076,21.027167878826575,197.02781931839948,99.06004529671273,169.53818226105352,-63.96253216453361,29.97526675929703,35.0,0.12028132326813007,12.279335339508988
18.153306039,106.04208323299983,SAT_10076,21.05546115596313,197.1869690022926,99.06289405159495,169.52989544701336,-63.93423888739706,29.98630002060421,35.0,0.12015588184475079,12.270487579143152
18.153306039,106.14208323299982,SAT_10076,21.073579106827445,197.2888824759044,99.06471204388384,169.52458452709038,-63.91612093653274,29.993360038876244,35.0,0.12007556799959912,12.264820880319007
18.153306039,106.24208323299982,SAT_10076,21.08150390377066,197.33345945871,99.06550570826447,169.5222604592473,-63.90819613958953,29.99644679932091,35.0,0.12004044217184479,12.262342037491296
18.253306038999998,105.34208323299987,SAT_10076,20.654477123747142,194.93143382107766,99.02137184191045,169.6465702413644,-64.33522291961305,29.829000180204325,35.0,0.12193617644520469,12.395716682007764
18.253306038999998,105.44208323299986,SAT_10076,20.742882696493098,195.42871516777367,99.0307415455301,169.62098843616934,-64.24681734686709,29.863852104593757,35.0,0.12154321521788669,12.368137800073617
18.253306038999998,105.54208323299986,SAT_10076,20.821422402091216,195.87050101176308,99.0389609422326,169.59819451679385,-64.16827764126897,29.894733330288997,35.0,0.12119432325779542,12.343622131506319
18.253306038999998,105.64208323299985,SAT_10076,20.89002292150198,196.25637893344864,99.0460610692225,169.57823341521444,-64.0996771218582,29.921643792555905,35.0,0.12088975041363263,12.322197748786031
18.253306038999998,105.74208323299985,SAT_10076,20.9486193536178,196.58598386410011,99.0520682921715,169.5611449351781,-64.04108068974239,29.944583434987273,35.0,0.12062971756220689,12.30388947198934
18.253306038999998,105.84208323299984,SAT_10076,20.99715561765874,196.85900034933042,99.05700459794579,169.54696349378457,-63.992544425701446,29.963552209501575,35.0,0.1204144153454598,12.288718726072986
18.253306038999998,105.94208323299983,SAT_10076,21.035584806301188,197.0751645354442,99.06088783497768,169.53571789445442,-63.954115237059,29.97855007634191,35.0,0.12024400306640057,12.276703415880093
18.253306038999998,106.04208323299983,SAT_10076,21.063869484901893,197.23426585257315,99.06373190588126,169.52743113437504,-63.925830558458294,29.989577004075127,35.0,0.1201186077565886,12.267857820401803
18.253306038999998,106.14208323299982,SAT_10076,21.08198193282189,197.33614837212312,99.0655469159202,169.52212024908877,-63.9077181105383,29.99663296959115,35.0,0.12003832342602724,12.262192507614643
18.353306038999996,105.24208323299987,SAT_10076,20.553732764236173,194.3647467988285,99.01053795320523,169.67562553576363,-64.43596727912401,29.789166155681496,35.0,0.12238429492902261,12.42712360411287
18.353306038999996,105.34208323299987,SAT_10076,20.651858325505714,194.91670308096965,99.02109017718605,169.64732682481076,-64.33784171785447,29.8279663021322,35.0,0.12194782086359943,12.396533374312316
18.353306038999996,105.44208323299986,SAT_10076,20.740205532810094,195.41365612205678,99.03045651207474,169.6217642946637,-64.2494945105501,29.862798114364114,35.0,0.12155511139565069,12.368973218854848
18.353306038999996,105.54208323299986,SAT_10076,20.818693214528253,195.85514933172144,99.03867298831452,169.59898764559767,-64.17100682883193,29.893661519337755,35.0,0.1212064435393046,12.344474259032719
18.353306038999996,105.64208323299985,SAT_10076,20.887248159797764,196.24077089886242,99.04577061845987,169.57904174254932,-64.10245188356242,29.920556452339365,35.0,0.12090206678122627,12.32306452657125
18.353306038999996,105.74208323299985,SAT_10076,20.94580556403706,196.57015629770848,99.05177574755174,169.56196632938156,-64.04389447932313,29.94348285697947,35.0,0.12064220167588892,12.30476880524515
18.353306038999996,105.84208323299984,SAT_10076,20.994309430454116,196.8429905463044,99.05671034547481,169.5477957710391,-63.99539061290607,29.962440685191673,35.0,0.12042703858531371,12.28960848847333
18.353306038999996,105.94208323299983,SAT_10076,21.032712922383993,197.05901018840999,99.0605922470286,169.53655882703035,-63.956987120976194,29.977429897231566,35.0,0.12025673657739784,12.277601454600008
18.453306038999997,105.14208323299988,SAT_10076,20.432356181412544,193.68200352044556,98.99726301107638,169.71049472770994,-64.55734386194764,29.74100810560949,35.0,0.12292462488514083,12.464932614962061
18.453306038999997,105.24208323299987,SAT_10076,20.540063432313403,194.2878568067629,99.00905437853683,169.67955992072712,-64.44963661104678,29.783751694677353,35.0,0.12244512260129732,12.431383262395718
18.453306038999997,105.34208323299987,SAT_10076,20.63809009396347,194.83925677854452,99.01961708661015,169.65130338532606,-64.35160994939672,29.822529332978014,35.0,0.12200904463607011,12.400826852412598
18.453306038999997,105.44208323299986,SAT_10076,20.726347768703278,195.33570619895596,99.02899266486608,169.62577918941838,-64.26335227465691,29.85734093917008,35.0,0.12161669317855714,12.37329733123005
18.453306038999997,105.54208323299986,SAT_10076,20.804755516886047,195.77674978248402,99.03721720078926,169.60303688713321,-64.18494452647414,29.888186440236854,35.0,0.12126834448804932,12.348825735089733
18.453306038999997,105.64208323299985,SAT_10076,20.87324033880452,196.16197690577542,99.04432175595346,169.58312121022567,-64.11645970455567,29.91506577148476,35.0,0.12096424736617697,12.32744001844859
18.453306038999997,105.74208323299985,SAT_10076,20.93173761830525,196.49102410296703,99.05033271699172,169.5660717835922,-64.05796242505494,29.937978876541916,35.0,0.1207046217577343,12.309164896246916
18.453306038999997,105.84208323299984,SAT_10076,20.980191522553213,196.76357731436184,99.05527208844302,169.55192286857255,-64.00950852080697,29.95692570735689,35.0,0.12048965749545726,12.294021702095865
18.453306038999997,105.94208323299983,SAT_10076,21.018555352827626,196.9793738596554,99.05915773322145,169.5407031374445,-63.97114469053256,29.97190622419768,35.0,0.12031951320279827,12.282028264082951
18.553306039,105.14208323299988,SAT_10104,20.494303564106175,194.03045754809722,99.00410341067375,169.6936184307947,-64.49539647925401,29.76608563861197,35.0,0.1226428058138475,12.44522088125745
18.553306039,105.24208323299987,SAT_10076,20.51529316617672,194.14852405974406,99.00635933492063,169.686684619052,-64.47440687718347,29.77393425796094,35.0,0.12255536418735888,12.439101151905074
18.553306039,105.34208323299987,SAT_10076,20.6131868539037,194.69917605320833,99.01694695040837,169.65849107790777,-64.37651318945649,29.812689283576177,35.0,0.12211979864687422,12.408591596478026
18.553306039,105.44208323299986,SAT_10076,20.70132404601935,195.19494775885886,99.02634446601525,169.63302413747175,-64.28837599734084,29.847480589885745,35.0,0.12172791075730137,12.381104538997533
18.553306039,105.54208323299986,SAT_10076,20.779624146709665,195.63538582524185,99.03458811301591,169.61033313397675,-64.21007589665052,29.878308103895534,35.0,0.12137997567062794,12.356670890898677
18.553306039,105.64208323299985,SAT_10076,20.848014469236574,196.02008138945573,99.04170907617188,169.5904626006214,-64.14168557412361,29.905171760931964,35.0,0.12107624118377555,12.3353184932504
18.553306039,105.74208323299985,SAT_10076,20.906430676724383,196.34867255657466,99.04773384634905,169.57345198494863,-64.0832693666358,29.928071504640577,35.0,0.12081692634749998,12.317071959980243
18.553306039,105.84208323299984,SAT_10076,20.954817179345284,196.62084663381722,99.0526845147218,169.55933539384912,-64.0348828640149,29.9470072869848,35.0,0.12060222021849759,12.301952536932086
18.653306038999997,105.24208323299987,SAT_10104,20.571550798052783,194.4649732390469,99.01249672793409,169.6713969328073,-64.4181492453074,29.796700148023028,35.0,0.12229906095618584,12.421153399566947
18.653306038999997,105.34208323299987,SAT_10076,20.577174605416914,194.49660715547014,99.01306923176776,169.66887396293606,-64.41252543794327,29.7984461735356,35.0,0.12227999433765827,12.419817654205154
18.653306038999997,105.44208323299986,SAT_10076,20.665160711711934,194.99152900337964,99.02250155154786,169.6434829778463,-64.32453933164825,29.833217086159415,35.0,0.12188867447334734,12.392384765488005
18.653306038999997,105.54208323299986,SAT_10076,20.743325763509006,195.43120741973817,99.03077551113036,169.62086002556043,-64.24637427985118,29.864026529997,35.0,0.12154124643908897,12.367999537848668
18.653306038999997,105.64208323299985,SAT_10076,20.811597487047536,195.81523586464237,99.03792249379298,169.60104937654026,-64.17810255631265,29.89087444039459,35.0,0.12123795671249707,12.346689663454482
18.653306038999997,105.74208323299985,SAT_10076,20.869911913954084,196.14325451599174,99.04396915824711,169.58409024366392,-64.1197881294061,29.913760761015,35.0,0.12097902317048448,12.328479623586698
18.753306038999995,104.94208323299989,SAT_10104,20.724045390339924,195.32275532066208,99.02877485166628,169.62735139043832,-64.26565465302026,29.856920376280804,35.0,0.12162104109516589,12.37360259776759
18.753306038999995,105.04208323299989,SAT_10104,20.714940620565187,195.27154099067917,99.02781346461605,169.6299878016659,-64.274759422795,29.853332972215856,35.0,0.12166150126227127,12.376443092082694
18.753306038999995,105.14208323299988,SAT_10104,20.695872264387646,195.1642814871805,99.02579569393218,169.63550656524382,-64.29382777897254,29.845816450674764,35.0,0.12174624685853024,12.382391417544957
18.753306038999995,105.24208323299987,SAT_10104,20.666858240649546,195.0010776036537,99.02271424491627,169.64389669187727,-64.32284180271064,29.83437082748949,35.0,0.12187521690193777,12.391440721420926
18.753306038999995,105.34208323299987,SAT_10104,20.62792569632279,194.7820820418157,99.01855791507576,169.6551415369386,-64.3617743470374,29.818996126768273,35.0,0.12204831896663823,12.403580617900428
18.753306038999995,105.44208323299986,SAT_10076,20.61789563178857,194.72566292881072,99.01744860821996,169.65713249115578,-64.37180441157162,29.81455045641416,35.0,0.12209885540079574,12.407123521429206
18.753306038999995,105.54208323299986,SAT_10076,20.695898659534777,195.16442995988314,99.02576431311796,169.63459406988653,-64.29380138382541,29.84534174699897,35.0,0.12175202652155444,12.3827970344163
18.753306038999995,105.64208323299985,SAT_10076,20.764028061388586,195.5476578453108,99.03294712469743,169.61485780479893,-64.2256719819716,29.872173838360553,35.0,0.12144926249239332,12.361538753040826
18.753306038999995,105.74208323299985,SAT_10076,20.82222032452266,195.87498932544,99.03902393467237,169.5979626182411,-64.16747971883753,29.89504667417883,35.0,0.1211907797426479,12.34337299503261
18.853306038999996,104.7420832329999,SAT_10090,20.8110867605552,195.81236302812303,99.03796539510465,169.603994376181,-64.17861328280499,29.892185717087617,35.0,0.12122220620978237,12.345582417501832
18.853306038999996,104.8420832329999,SAT_10104,20.807699175235896,195.79330786070193,99.0375423845591,169.60308862980966,-64.18200086812429,29.889832986349244,35.0,0.1212494244666151,12.34749580019726
18.853306038999996,104.94208323299989,SAT_10104,20.808568366428133,195.79819706115825,99.03763293271561,169.60283615550895,-64.18113167693205,29.890174503396278,35.0,0.12124556445497497,12.34722446036441
18.853306038999996,105.04208323299989,SAT_10104,20.7994447441734,195.74687668597537,99.03668188629943,169.6054859117271,-64.19025529918679,29.88658924009611,35.0,0.12128608300759733,12.3500725445482
18.853306038999996,105.14208323299988,SAT_10104,20.780336968574062,195.6393954482291,99.03468584690533,169.61103258384495,-64.20936307478613,29.879077204002016,35.0,0.12137095068549637,12.356036744257706
18.853306038999996,105.24208323299987,SAT_10104,20.751263130399124,195.47585510849507,99.03163765872104,169.6194650713532,-64.23843691296106,29.867638410940174,35.0,0.1215001059759486,12.365110146572084
18.853306038999996,105.34208323299987,SAT_10104,20.712250636396433,195.25640982972993,99.02752633297936,169.6307665616304,-64.27744940696375,29.85227288501002,35.0,0.12167345565034236,12.377282274693037
18.853306038999996,105.44208323299986,SAT_10104,20.663336036544862,194.98126520556485,99.02233693123856,169.64491464102323,-64.32636400681533,29.832980658584766,35.0,0.1218908753039659,12.392539149072892
18.853306038999996,105.54208323299986,SAT_10076,20.637392489972413,194.83533275609486,99.0195343887671,169.6515048169839,-64.35230755338777,29.822253792134507,35.0,0.12201214686589415,12.401044381672484
18.853306038999996,105.64208323299985,SAT_10076,20.70535632093609,195.21762930526552,99.02676310888258,169.631857132256,-64.2843437224241,29.849069992092883,35.0,0.12170998797939038,12.379846594281602
18.953306038999997,104.64208323299991,SAT_10090,20.897271557498556,196.29715251092938,99.04687632723758,169.57892262071323,-64.09242848586163,29.926007386711717,35.0,0.12083967920971114,12.318673572650416
18.953306038999997,104.7420832329999,SAT_10090,20.880546824192066,196.20307588608037,99.04515534362984,169.58379392830744,-64.10915321916812,29.91945129864819,35.0,0.12091389187716661,12.323896697631705
18.953306038999997,104.8420832329999,SAT_10104,20.88121233884108,196.2068194059811,99.0451543505257,169.5817078385589,-64.1084877045191,29.918684095309914,35.0,0.12092304647554517,12.324540914794557
18.953306038999997,104.94208323299989,SAT_10104,20.88208303588678,196.21171707686315,99.04524405063772,169.58145426979945,-64.10761700747341,29.9190254075173,35.0,0.12091918189618339,12.324268963295065
18.953306038999997,105.04208323299989,SAT_10104,20.872943614913765,196.16030783388993,99.0443019148093,169.58411550934582,-64.11675642844642,29.915442294634374,35.0,0.12095974837085408,12.327123465364123
18.953306038999997,105.14208323299988,SAT_10104,20.8538028071748,196.05264079035828,99.04232460121275,169.58968619647374,-64.13589723618539,29.907934764211664,35.0,0.12104471624198626,12.333101087681328
18.953306038999997,105.24208323299987,SAT_10104,20.824678851837334,195.888818541585,99.03930507330936,169.5981551345286,-64.16502119152285,29.89650283206962,35.0,0.12117402354066333,12.34219486552319
18.953306038999997,105.34208323299987,SAT_10104,20.78559937986732,195.66899651175368,99.03523252586672,169.60950536566162,-64.20410066349287,29.88114652229894,35.0,0.12134757634826088,12.354394243781917
18.953306038999997,105.44208323299986,SAT_10104,20.73660123913629,195.39338197014166,99.0300922706684,169.62371428334944,-64.2530988042239,29.861865867261105,35.0,0.12156524934192722,12.36968513879363
18.953306038999997,105.54208323299986,SAT_10104,20.677730263082708,195.06223272984025,99.02386557982692,169.64075378114384,-64.31196978027748,29.83866090758904,35.0,0.12182688651756543,12.38805002020512
19.053306038999995,104.44208323299992,SAT_10090,20.95906996814773,196.644768570831,99.053192844792,169.56089800937923,-64.03063007521246,29.95020207851838,35.0,0.12056554173737426,12.29936860261422
19.053306038999995,104.54208323299991,SAT_10090,20.962376793863285,196.663369465481,99.05352945920953,169.55993240502062,-64.0273232494969,29.951495390021215,35.0,0.12055087625792174,12.298335358239589
19.053306038999995,104.64208323299991,SAT_10090,20.95565409485772,196.6255542835747,99.0528449560976,169.56189533755298,-64.03404594850247,29.94886597470739,35.0,0.12058069121602262,12.300435894440849
19.053306038999995,104.7420832329999,SAT_10090,20.938908339070736,196.53135940727287,99.05113692764019,169.56678283369385,-64.05079170428945,29.94231383811977,35.0,0.12065496466390326,12.30566774405147
19.053306038999995,104.8420832329999,SAT_10104,20.943640550386476,196.55797809592394,99.05155102252853,169.56350740752058,-64.04605949297371,29.943131924698697,35.0,0.1206460234150957,12.30503798673673
19.053306038999995,104.94208323299989,SAT_10104,20.944512454302767,196.5628825554531,99.05164000462341,169.5632529268562,-64.04518758905742,29.943473031147427,35.0,0.12064215528988055,12.304765538058769
19.053306038999995,105.04208323299989,SAT_10104,20.93536037173071,196.51140209098523,99.05070541314146,169.56592373430954,-64.05433967162948,29.939892078329592,35.0,0.12068275896406803,12.30762525668546
19.053306038999995,105.14208323299988,SAT_10104,20.91619309332569,196.403586149957,99.04874395404161,169.57151443059,-64.0735069500345,29.932389073793008,35.0,0.12076780459846445,12.313613788639021
19.053306038999995,105.24208323299987,SAT_10104,20.887028982150014,196.23953802459383,99.04574869152385,169.58001373861896,-64.10267106121017,29.92096403335243,35.0,0.12089722984510515,12.322724126098544
19.053306038999995,105.34208323299987,SAT_10104,20.84789585635785,196.0194141920129,99.04170897536396,169.5914045790716,-64.14180418700234,29.905616981089892,35.0,0.12107094021204885,12.33494564880859
19.053306038999995,105.44208323299986,SAT_10104,20.798830812503013,195.74342332032947,99.03661032866754,169.60566418410625,-64.19086923085717,29.886347949355237,35.0,0.1212888096135999,12.350264186492574
19.053306038999995,105.54208323299986,SAT_10104,20.73987999183791,195.41182495408827,99.03043429400388,169.62276424769942,-64.24982005152228,29.863156978766764,35.0,0.12155068109953933,12.368662101490083
19.153306038999993,104.24208323299993,SAT_10090,20.969576281684056,196.7038665844728,99.0542562308858,169.55782973985373,-64.02012376167613,29.954310663322673,35.0,0.12051894842792484,12.296085736717147
19.153306038999993,104.34208323299993,SAT_10090,20.992944025175788,196.8353101416138,99.05662744145296,169.5510013257827,-63.9967560181844,29.96344387598033,35.0,0.12041533056898074,12.288783237813057
19.153306038999993,104.44208323299992,SAT_10090,21.006289243156303,196.9103769927542,99.05797794595155,169.54709911728742,-63.983410800203885,29.968656751828473,35.0,0.12035616303988116,12.28461227170506
19.153306038999993,104.54208323299991,SAT_10090,21.00959906094385,196.92899471780913,99.05831247849389,169.54613102512198,-63.98010098241634,29.969949279875454,35.0,0.12034148951120188,12.28357774765861
19.153306038999993,104.64208323299991,SAT_10090,21.002870280579153,196.89114532825775,99.05763220953423,169.54809901441993,-63.986829762781035,29.967321457395926,35.0,0.12037132082867712,12.285680884928352
19.153306038999993,104.7420832329999,SAT_10090,20.986109401414723,196.7968653829578,99.05593475803424,169.5529990914258,-64.00359064194546,29.96077328993077,35.0,0.12044563494935392,12.290919205501094
19.153306038999993,104.8420832329999,SAT_10104,20.994917662872545,196.84641185365805,99.05675877154223,169.5485279361678,-63.99478238048764,29.96317642579695,35.0,0.12041858013822367,12.289012289978562
19.153306038999993,104.94208323299989,SAT_10104,20.995790467883722,196.85132138184593,99.05684716060894,169.54827273053968,-63.993909575476465,29.963517325568443,35.0,0.12041470951004266,12.28873946099519
19.153306038999993,105.04208323299989,SAT_10104,20.986628932086205,196.79978774298493,99.05591880018272,169.5509511444589,-64.00307111127398,29.959938542458975,35.0,0.12045533944070172,12.291603169833351
19.153306038999993,105.14208323299988,SAT_10104,20.967441893389065,196.6918606503135,99.05397043563894,169.55655774787596,-64.02225814997112,29.952440084013663,35.0,0.12054043994741785,12.297600046161413
19.153306038999993,105.24208323299987,SAT_10104,20.938247813407997,196.52764395041999,99.05099521427047,169.56508119957113,-64.05145222995219,29.94102196604162,35.0,0.12066994838255596,12.306723048040125
19.153306038999993,105.34208323299987,SAT_10104,20.89907465919397,196.3072949579661,99.04698261370726,169.57650432334046,-64.09062538416622,29.925684212616286,35.0,0.12084376980092111,12.318961503641127
19.153306038999993,105.44208323299986,SAT_10104,20.84995972510542,196.03102345371798,99.04191833135373,169.59080422269136,-64.13974031825477,29.906426856075935,35.0,0.12106177751373333,12.334301174125615
19.153306038999993,105.54208323299986,SAT_10104,20.790949397218014,195.69909035935135,99.03578413284527,169.6079524324496,-64.19875064614217,29.883249937024374,35.0,0.12132381382280337,12.352724336894155
19.153306038999993,105.64208323299985,SAT_10104,20.72209886340194,195.31180610663588,99.02855765674525,169.62791510518866,-64.26760117995825,29.856153504331797,35.0,0.12162969092641515,12.374209888174965
19.253306038999995,104.04208323299994,SAT_10090,20.928812305191087,196.47456921669988,99.05009488162028,169.56972811360146,-64.0608877381691,29.938361856687003,35.0,0.12069974871672466,12.308821732537936
19.253306038999995,104.14208323299994,SAT_10090,20.972171523314586,196.71846481864455,99.05451444150238,169.5570716486333,-64.0175285200456,29.955325342623365,35.0,0.12050743963970545,12.295274774395967
19.253306038999995,104.24208323299993,SAT_10090,21.005557365586697,196.90626018142515,99.05789807210729,169.5473131696552,-63.98414267777349,29.968370925362198,35.0,0.12035940774728117,12.28484102573319
19.253306038999995,104.34208323299993,SAT_10090,21.028937804774856,197.03777515185857,99.06025771425759,169.54047235037177,-63.96076223858533,29.97749857738811,35.0,0.12025576172515896,12.277532703876505
19.253306038999995,104.44208323299992,SAT_10090,21.04229029573007,197.11288291348166,99.06160164139484,169.53656304393692,-63.94740974763012,29.982708279449728,35.0,0.12019657804141172,12.273358405101506
19.253306038999995,104.54208323299991,SAT_10090,21.04560191986382,197.131510799234,99.06193454593584,169.53559318986635,-63.94409812349637,29.984000020559286,35.0,0.12018190049816178,12.272323053691139
19.253306038999995,104.64208323299991,SAT_10090,21.03886946830015,197.09364075918833,99.06125758803341,169.5375647604455,-63.95083057506004,29.981373797992394,35.0,0.12021173997383561,12.274427872633098
19.253306038999995,104.7420832329999,SAT_10104,21.02407511409728,197.0104225167972,99.0596993145835,169.5399981199196,-63.96562492926291,29.9745595712667,35.0,0.12028928940015791,12.279897091209842
19.253306038999995,104.8420832329999,SAT_10104,21.03498877996791,197.0718118873195,99.06079885484688,169.53680313853567,-63.95471126339228,29.97881755866284,35.0,0.12024090306206962,12.276484780457372
19.253306038999995,104.94208323299989,SAT_10104,21.03586217473279,197.07672473287195,99.0608867717937,169.53654739848534,-63.953837868627396,29.979158250838953,35.0,0.12023703099095719,12.27621168999005
19.253306038999995,105.04208323299989,SAT_10104,21.02669445246599,197.0251562951212,99.0599633720184,169.5392314196619,-63.9630055908942,29.975581647076584,35.0,0.1202776760551533,12.279078142253738
19.253306038999995,105.14208323299988,SAT_10104,21.007494485852362,196.91715648291955,99.05802543228256,169.5448497492851,-63.982205557507825,29.968087754918173,35.0,0.12036280816719007,12.285080754973706
19.253306038999995,105.24208323299987,SAT_10104,20.978280809035198,196.75282955082298,99.05506616604397,169.55339099873643,-64.01141923432499,29.95667659016723,35.0,0.1204923644609545,12.294212461294835
19.253306038999995,105.34208323299987,SAT_10104,20.939081498638686,196.53233342984262,99.05107515274089,169.56483792022192,-64.0506185447215,29.941348176888663,35.0,0.12066624966079914,12.306462551727456
19.253306038999995,105.44208323299986,SAT_10104,20.889933994580545,196.25587871951555,99.04603822857136,169.5791675221835,-64.09976604877964,29.92210254740929,35.0,0.12088433663824832,12.321816737367177
19.253306038999995,105.54208323299986,SAT_10104,20.83088486308715,195.92372735486524,99.03993733680046,169.59635122184778,-64.15881518027304,29.898939742318518,35.0,0.12114646714977328,12.340257233594
19.253306038999995,105.64208323299985,SAT_10104,20.761989505067703,195.53619096600582,99.03275033486277,169.61635503280465,-64.22771053829248,29.871859810469214,35.0,0.12145245274708164,12.361762863209965
19.253306038999995,105.74208323299985,SAT_10104,20.6833118136734,195.09362895191288,99.02445075467399,169.63913978506417,-64.30638822968679,29.840862808978734,35.0,0.12180207584951501,12.386309177751826
19.353306038999996,103.94208323299995,SAT_10090,20.900235201588217,196.31382300893372,99.04716157936913,169.57805911870656,-64.08946484177197,29.92716877028752,35.0,0.12082652959873974,12.317747963754186
19.353306038999996,104.04208323299994,SAT_10090,20.95353581656657,196.61363896818696,99.0526130619791,169.56251374810904,-64.03616422679362,29.94803734627097,35.0,0.12059008602563392,12.30109773892991
19.353306038999996,104.14208323299994,SAT_10090,20.996902741383835,196.85757792028406,99.05701674937366,169.54984396936015,-63.99279730197635,29.964990452208227,35.0,0.12039777853299904,12.287546006291423
19.353306038999996,104.24208323299993,SAT_10090,21.03029459041607,197.0454070710904,99.0603882722863,169.54007519854358,-63.95940545294412,29.97802805233183,35.0,0.12024974762530295,12.277108559107075
19.353306038999996,104.34208323299993,SAT_10090,21.053679274012474,197.17694591632016,99.06273949367042,169.53322715073426,-63.936020769347714,29.98715011913602,35.0,0.1201461021706749,12.269797635578795
19.353306038999996,104.44208323299992,SAT_10090,21.06703420294442,197.25206739156238,99.06407863315381,169.52931370831027,-63.92266584041577,29.99235663337617,35.0,0.12008691876581995,12.265621846715852
19.353306038999996,104.54208323299991,SAT_10090,21.070346433312373,197.2706986873821,99.06441035268257,169.5283428275713,-63.919353610047814,29.993647584068352,35.0,0.12007224128664919,12.264586125258228
19.353306038999996,104.64208323299991,SAT_10090,21.063612749947936,197.23282171845713,99.06373580488179,169.53031648497557,-63.92608729341225,29.99102296848914,35.0,0.12010208062992674,12.2666916962959
19.353306038999996,104.7420832329999,SAT_10104,21.05289355718834,197.17252625918442,99.06259256540709,169.53155883468128,-63.93680648617185,29.985799910741342,35.0,0.12016152990298291,12.270886032328933
19.353306038999996,104.8420832329999,SAT_10104,21.063810644073683,197.23393487291446,99.06368767094285,169.52835959350273,-63.925889399286504,29.990055292130236,35.0,0.12011313895846222,12.267471958955554
19.353306038999996,104.94208323299989,SAT_10104,21.064684312973625,197.23884926047666,99.06377523349552,169.52810351234473,-63.92501573038656,29.990395775793257,35.0,0.12010926651756249,12.267198727317531
19.353306038999996,105.04208323299989,SAT_10104,21.055513715860286,197.18726465171412,99.06285555741353,169.53079111248593,-63.9341863274999,29.986821361012197,35.0,0.12014991545482662,12.27006666057135
19.353306038999996,105.14208323299988,SAT_10104,21.036307747463816,197.07923107948398,99.06092544307977,169.53641692661407,-63.95339229589637,29.979332055326854,35.0,0.12023505561766555,12.276072368991487
19.353306038999996,105.24208323299987,SAT_10104,21.007084987907056,196.91485305697722,99.05797815374959,169.544969535805,-63.98261505545313,29.96792787453517,35.0,0.1203646240040538,12.285208770179258
19.353306038999996,105.34208323299987,SAT_10104,20.967873583275647,196.6942889059255,99.05400334548914,169.5564316464941,-64.02182646008454,29.95260884269359,35.0,0.12053852513276357,12.297465131151267
19.353306038999996,105.44208323299986,SAT_10104,20.918711065758814,196.41774974489334,99.04898695896995,169.57078020634378,-64.07098897760137,29.933374992117557,35.0,0.12075663160175777,12.3128271317734
19.353306038999996,105.54208323299986,SAT_10104,20.859644115774813,196.0854981512333,99.04291107117635,169.58798655739767,-64.13005592758537,29.910226363382197,35.0,0.12101878482818708,12.331276948741715
19.353306038999996,105.64208323299985,SAT_10104,20.79072826926469,195.69784651461387,99.03575370432739,169.60801662439255,-64.1989717740955,29.883163005323183,35.0,0.1213247959613995,12.35279335906473
19.353306038999996,105.74208323299985,SAT_10104,20.712027573988095,195.25515510368302,99.02748858847167,169.63083113567367,-64.27767246937209,29.85218497503777,35.0,0.12167444695851112,12.377351861777685
19.453306038999994,104.14208323299994,SAT_10090,21.010375430225054,196.93336179501594,99.0583731477802,169.54590392763663,-63.979324613135134,29.97025244260451,35.0,0.12033804765971692,12.283335080443292
19.453306038999994,104.24208323299993,SAT_10090,21.043761158116077,197.12115651440297,99.06173700948467,169.5361322959434,-63.94593888524411,29.983282024984128,35.0,0.12019005894511252,12.272898555339745
19.453306038999994,104.34208323299993,SAT_10090,21.067141569632703,197.25267132918395,99.06408290294624,169.52928223877723,-63.922558473727484,29.992398481988026,35.0,0.12008644298627073,12.265588273952018
19.453306038999994,104.44208323299992,SAT_10090,21.080494064206242,197.32777911116014,99.06541901335446,169.52536764664563,-63.909205979153946,29.997601794378266,35.0,0.12002727640695689,12.261412850479624
19.453306038999994,104.54208323299991,SAT_10090,21.083805691425248,197.34640701426702,99.06574998315901,169.52439648051683,-63.90589435193494,29.998891951174745,35.0,0.1200126030985959,12.260377219494256
19.453306038999994,104.64208323299991,SAT_10090,21.07707323450233,197.30853694407563,99.06507696016861,169.52637071800973,-63.91262680885786,29.996268949654972,35.0,0.1200424339618065,12.262482606541296
19.453306038999994,104.7420832329999,SAT_10104,21.070435415958812,197.27119921476833,99.06434483929249,169.5264176086356,-63.919264627401375,29.992636839890466,35.0,0.12008377602921122,12.265400082627034
19.453306038999994,104.8420832329999,SAT_10104,21.08135194550769,197.3326046934808,99.06543695408267,169.52321654567476,-63.908348097852496,29.99688960380781,35.0,0.12003539399291238,12.261985761992626
19.453306038999994,104.94208323299989,SAT_10104,21.082225569984672,197.3375188311638,99.06552427763697,169.52296031863523,-63.907474473375515,29.99722987804045,35.0,0.12003152226431259,12.261712510516434
19.453306038999994,105.04208323299989,SAT_10104,21.073055440488957,197.28593685275038,99.06460711277752,169.5256494493894,-63.91664460287123,29.993657661870433,35.0,0.12007216372035022,12.264580651631922
19.453306038999994,105.14208323299988,SAT_10104,21.053850460898573,197.17790884255447,99.06268227593964,169.53127846440356,-63.935849582461614,29.986172962834917,35.0,0.12015728818331602,12.270586792709656
19.453306038999994,105.24208323299987,SAT_10104,21.024629230413268,197.01353942107465,99.05974306422254,169.5398359317811,-63.96507081294692,29.974775796726334,35.0,0.12028683259874952,12.279723845293393
19.453306038999994,105.34208323299987,SAT_10104,20.98541992393818,196.79298707215224,99.05577918577883,169.5513045383635,-64.004280119422,29.95946618759273,35.0,0.12046070140609054,12.291981067245162
19.453306038999994,105.44208323299986,SAT_10104,20.93626011194003,196.5164631296627,99.05077665230827,169.56566120579657,-64.05343993142016,29.94024416773826,35.0,0.12067876709769831,12.307344126264137
19.453306038999994,105.54208323299986,SAT_10104,20.877196522204585,196.1842304374008,99.04471763173044,169.58287724394054,-64.1125035211556,29.91710977772388,35.0,0.12094087095967283,12.325795183979267
19.453306038999994,105.64208323299985,SAT_10104,20.808284746675596,195.79660170005025,99.03758025836015,169.60291853949883,-64.18141529668459,29.890063066368207,35.0,0.12124682398587192,12.347312999568098
19.453306038999994,105.74208323299985,SAT_10104,20.729588897224758,195.35393754688928,99.02933839707543,169.62574577729936,-64.26011114613543,29.859104090748534,35.0,0.12159640795465546,12.37187305162995
19.55330603899999,104.14208323299994,SAT_10090,21.012574991073805,196.94573432479015,99.05858933652816,169.5452604954163,-63.97712505228638,29.971111303324612,35.0,0.12032829653105828,12.282647563663643
19.55330603899999,104.24208323299993,SAT_10090,21.04594242940245,197.13342616538878,99.06194993607909,169.5354934605882,-63.943757613957736,29.98413283284768,35.0,0.12018039133703126,12.272216594880167
19.55330603899999,104.34208323299993,SAT_10090,21.069310023870692,197.26486888427263,99.06429356153666,169.52864663206122,-63.920390019489496,29.993243655484047,35.0,0.12007683388591747,12.264910209026404
19.55330603899999,104.44208323299992,SAT_10090,21.082655195447444,197.33993547439187,99.06562838275144,169.52473388728203,-63.90704484791274,29.998443752002405,35.0,0.12001770072664969,12.260737011906468
19.55330603899999,104.54208323299991,SAT_10090,21.08596500608649,197.3585531592365,99.06595903349448,169.5237631797183,-63.9037350372737,29.999733111426444,35.0,0.12000303570770779,12.259701933274155
19.55330603899999,104.64208323299991,SAT_10090,21.079236242074842,197.320703861671,99.0652866594312,169.5257364851236,-63.910463801285346,29.99711173103461,35.0,0.12003284971903579,12.261806197477325
19.55330603899999,104.7420832329999,SAT_10104,21.076681573884116,197.30633385309815,99.06496336325942,169.52458619386204,-63.91301846947607,29.99507034509159,35.0,0.12005609257958667,12.26344652812604
19.55330603899999,104.8420832329999,SAT_10104,21.087593548157088,197.36771370838363,99.0660539123828,169.52138575997807,-63.9021064952031,29.999320480078385,35.0,0.12000773302468105,12.260033482278729
19.55330603899999,104.94208323299989,SAT_10104,21.088466808083595,197.37262579547024,99.06614111082442,169.52112958331267,-63.90123323527659,29.999660543963785,35.0,0.12000386309515443,12.25976033283255
19.55330603899999,105.04208323299989,SAT_10104,21.07930050512887,197.3210653413499,99.06522526058751,169.52381818553317,-63.91039953823132,29.996090536030078,35.0,0.12004448566650594,12.262627403061721
19.55330603899999,105.14208323299988,SAT_10104,21.060103539335124,197.21308240876007,99.06330318672087,169.52944609525414,-63.92959650402506,29.98861046381182,35.0,0.12012957057611709,12.268631302006629
19.55330603899999,105.24208323299987,SAT_10104,21.030894501899645,197.04878157318552,99.0603682044888,169.53800188506005,-63.95880554146054,29.97722034309597,35.0,0.1202590548010074,12.277764944695443
19.55330603899999,105.34208323299987,SAT_10104,20.991701555636354,196.82832125045448,99.05641005001277,169.54946824855878,-63.997998487723834,29.96192019792223,35.0,0.12043284282819228,12.290017594259089
19.55330603899999,105.44208323299986,SAT_10104,20.94256225494354,196.5519126840574,99.05141477315664,169.56382211638208,-64.04713778841665,29.942710060583565,35.0,0.12065080721326052,12.305374925404871
19.55330603899999,105.54208323299986,SAT_10104,20.883523307711883,196.21981860587934,99.04536459073917,169.5810348095051,-64.1061767356483,29.919589971626866,35.0,0.12091278932061228,12.323819108449456
19.55330603899999,105.64208323299985,SAT_10104,20.81464028234589,195.83235158819565,99.03823769741071,169.60107222776685,-64.1750597610143,29.89255997985382,35.0,0.12121860023675943,12.345328912864506
19.55330603899999,105.74208323299985,SAT_10104,20.735977263746534,195.38987210857425,99.03000803070103,169.623895071025,-64.25372277961365,29.861620142321936,35.0,0.12156802184622971,12.369879829064356
19.653306038999993,104.14208323299994,SAT_10090,21.00349903712405,196.8946820838228,99.05766652518929,169.54791513967672,-63.986201006236136,29.96756703265676,35.0,0.12036853324062763,12.285484365975549
19.653306038999993,104.24208323299993,SAT_10090,21.03683602966975,197.08220266689236,99.06102824506175,169.53816015226138,-63.95286401369044,29.9805804742268,35.0,0.12022075285032048,12.27506358280553
19.653306038999993,104.34208323299993,SAT_10090,21.060182270732554,197.21352527287064,99.06337265094048,169.53132178528847,-63.929517772627634,29.989685637939644,35.0,0.12011728288760128,12.26776434239121
19.653306038999993,104.44208323299992,SAT_10090,21.07351523561701,197.28852320034568,99.06470791632267,169.52741388200417,-63.91618480774318,29.994882504570576,35.0,0.12005819972494147,12.263595230584638
19.653306038999993,104.7420832329999,SAT_10104,21.071625209337427,197.27789180252302,99.06445091265351,169.5260687845462,-63.91807483402276,29.993100421496052,35.0,0.1200785026727971,12.265027968299815
19.653306038999993,104.8420832329999,SAT_10104,21.082528628166273,197.3392235334353,99.0655413122871,169.522871432256,-63.907171415193915,29.99734791609857,35.0,0.12003017917718786,12.26161771985928
19.653306038999993,104.94208323299989,SAT_10104,21.083401203236832,197.3441317682072,99.06562849879073,169.52261550235275,-63.906298840123355,29.997687768720283,35.0,0.12002631213388597,12.261344794357006
19.653306038999993,105.04208323299989,SAT_10104,21.074242087618053,197.29261174285156,99.06471277404971,169.5253015155009,-63.915457955742134,29.994119978643738,35.0,0.12006690441311824,12.264209514471855
19.653306038999993,105.14208323299988,SAT_10104,21.055060164533323,197.18471342549995,99.06279096435404,169.5309240108338,-63.934639878826864,29.98664455340089,35.0,0.12015192590754703,12.270208495486422
19.653306038999993,105.24208323299987,SAT_10104,21.025873990100628,197.02054119431602,99.05985638759473,169.53947158287082,-63.96382605325956,29.97526150877327,35.0,0.12028131370954277,12.279334665452472
19.653306038999993,105.34208323299987,SAT_10104,20.98671167413235,196.80025316699448,99.05589878396167,169.55092695835046,-64.00298836922784,29.95997086879231,35.0,0.12045497248053856,12.291577307189154
19.653306038999993,105.44208323299986,SAT_10104,20.93761070061447,196.52406019095642,99.050904208916,169.5652671118961,-64.05208934274572,29.940772665739864,35.0,0.12067277500809917,12.306922121581382
19.653306038999993,105.54208323299986,SAT_10104,20.87861769028271,196.19222450784025,99.0448548865227,169.58246341890037,-64.11108235307748,29.917666940148873,35.0,0.12093456294416953,12.32535131138181
19.653306038999993,105.64208323299985,SAT_10104,20.809788108460765,195.8050581100918,99.03772902048318,169.60248184351383,-64.17991193489942,29.89065374080423,35.0,0.12124014771593611,12.346843684473882
19.653306038999993,105.74208323299985,SAT_10104,20.73118592199816,195.36292081123966,99.02950055937886,169.62528315917726,-64.25851412136203,29.859733124743794,35.0,0.12158931159887965,12.37137477532968
19.753306038999995,104.8420832329999,SAT_10104,21.06616272353468,197.24716531988258,99.06389751105654,169.5276701572898,-63.923537319825506,29.99097191579859,35.0,0.12010271368449055,12.266736364649791
19.753306038999995,104.94208323299989,SAT_10104,21.067034294660047,197.2520679074628,99.0639847988755,169.5274146697703,-63.92266574870014,29.991311556240596,35.0,0.12009885061062567,12.266463784559795
19.753306038999995,105.04208323299989,SAT_10104,21.05788571441314,197.2006071435739,99.06306800967894,169.53009604134792,-63.93181432894705,29.987745993637663,35.0,0.12013940123162392,12.269324880005168
19.753306038999995,105.14208323299988,SAT_10104,21.03872583630148,197.09283282919583,99.06114396362983,169.535708829989,-63.95097420705871,29.980275235519162,35.0,0.12022433553536567,12.275316277053498
19.753306038999995,105.24208323299987,SAT_10104,21.00957315446555,196.92884899386874,99.05820596571625,169.54424166948525,-63.98012688889464,29.968899297661245,35.0,0.12035359081291741,12.284430926257714
19.753306038999995,105.34208323299987,SAT_10104,20.97045568508031,196.70881322857676,99.05424373630974,169.55567734588908,-64.01924435827988,29.953618204087135,35.0,0.12052707202617897,12.296658144451753
19.753306038999995,105.44208323299986,SAT_10104,20.92141078773294,196.4329356809978,99.0492433039208,169.5699929125878,-64.06828925562725,29.93443198706766,35.0,0.1207446523623872,12.31198367774472
19.753306038999995,105.54208323299986,SAT_10104,20.862484929183793,196.10147772665886,99.04318685823227,169.58715984240695,-64.1272151141764,29.911340687121925,35.0,0.12100617396898178,12.330389784922387
19.753306038999995,105.64208323299985,SAT_10104,20.793733392653934,195.71475033367835,99.03605256074356,169.60714421464422,-64.19596665070625,29.884344353018143,35.0,0.12131144886032039,12.351855340219869
19.753306038999995,105.74208323299985,SAT_10104,20.71521993644666,195.27311214251245,99.02781430952645,169.6299069344946,-64.27448010691353,29.853443041774703,35.0,0.12166025998588663,12.376355954207739
19.753306038999995,105.84208323299984,SAT_10104,20.62701640629527,194.7769672854109,99.01844145365249,169.65540398194022,-64.36268363706492,29.81863681866133,35.0,0.12205236244800378,12.403864111338027
19.853306038999992,104.8420832329999,SAT_10104,21.038513693859272,197.09163952795842,99.06111643792092,169.53577095475572,-63.951186349500915,29.980192491882427,35.0,0.12022527601588993,12.275382610611738
19.853306038999992,104.94208323299989,SAT_10104,21.039383944550465,197.09653468809637,99.06120394117846,169.53551610358292,-63.95031609880972,29.980531919229126,35.0,0.12022141798644988,12.275110496469475
19.853306038999992,105.04208323299989,SAT_10104,21.030249220437888,197.04515186496315,99.06028488843378,169.53819079848847,-63.9594508229223,29.976968593711877,35.0,0.12026191566937529,12.277966702476323
19.853306038999992,105.14208323299988,SAT_10104,21.01111833258794,196.93754062080717,99.05835608629614,169.5437896244723,-63.97858171077225,29.969502522857514,35.0,0.12034673918722098,12.283947869970225
19.853306038999992,105.24208323299987,SAT_10104,20.98200968662357,196.77380448725756,99.05541081119792,169.55230127169818,-64.00769035673662,29.958133722436834,35.0,0.12047582611209222,12.293046981363169
19.853306038999992,105.34208323299987,SAT_10104,20.942951164981338,196.55410030302002,99.05143873961542,169.56370861136287,-64.04674887837885,29.942862216464924,35.0,0.1206490818308936,12.305253401650017
19.853306038999992,105.44208323299986,SAT_10104,20.893979949574415,196.27863721635606,99.04642584030061,169.57798880991925,-64.09572009378577,29.923688037201668,35.0,0.12086638009622801,12.320552940971965
19.853306038999992,105.54208323299986,SAT_10104,20.835142287244693,195.9476753657514,99.04035422659217,169.59511348006066,-64.1545577561155,29.90061122515243,35.0,0.12112756375651051,12.338927937450753
19.853306038999992,105.64208323299985,SAT_10104,20.766493201114713,195.56152425627025,99.03320196612081,169.61504886639034,-64.22320684224547,29.873631829068906,35.0,0.12143244565685907,12.36035735926718
19.853306038999992,105.74208323299985,SAT_10104,20.688096151614076,195.12054085282918,99.0249428443874,169.63775606325825,-64.30160389174611,29.842749905950125,35.0,0.12178080970049782,12.384816924737493
19.853306038999992,105.84208323299984,SAT_10104,20.60002265152984,194.62512741485537,99.01554607774375,169.66319126186784,-64.38967739183035,29.807965521043684,35.0,0.12217241205878927,12.412279238947399
19.95330603899999,104.94208323299989,SAT_10104,21.00048020856829,196.87770117319664,99.05727535800398,169.54690132930662,-63.989219834791896,29.965348879164363,35.0,0.12039391235452794,12.287273472295116
19.95330603899999,105.04208323299989,SAT_10104,20.99136261984181,196.82641473661016,99.05635282502499,169.54956733900696,-63.99833742351838,29.961787800340545,35.0,0.12043434595001337,12.290123538901955
19.95330603899999,105.14208323299988,SAT_10104,20.97226758081706,196.719005142096,99.05441671008009,169.55514800186936,-64.01743246254313,29.95432643688102,35.0,0.12051903535943091,12.29609186219536
19.95330603899999,105.24208323299987,SAT_10104,20.94321338258763,196.55557527705542,99.05146024513546,169.56363208117898,-64.04648666077256,29.942964804551266,35.0,0.12064791851680133,12.305171465628039
19.95330603899999,105.34208323299987,SAT_10104,20.904227734547746,196.33628100683106,99.04747303829761,169.57500255857803,-64.08547230881244,29.927702927358304,35.0,0.12082090135636066,12.317351776236338
19.95330603899999,105.44208323299986,SAT_10104,20.855347588715375,196.061330186524,99.04244096520799,169.58923674718739,-64.13435245464481,29.90854083755116,35.0,0.12103785835884219,12.332618686649736
19.95330603899999,105.54208323299986,SAT_10104,20.796618907366565,195.73098135393695,99.03634602019912,169.60630644114423,-64.19308113599362,29.885478575621573,35.0,0.12129863327550289,12.350954637195468
19.95330603899999,105.64208323299985,SAT_10104,20.728096377052978,195.345542120923,99.02916612449918,169.6261780995063,-64.26160366630721,29.858516190304822,35.0,0.12160304002155362,12.372338717084187
19.95330603899999,105.74208323299985,SAT_10104,20.649843072734583,194.90536728413204,99.02087488792726,169.64881306203262,-64.3398569706256,29.82765373858076,35.0,0.12195086372884598,12.39674678344491
19.95330603899999,105.84208323299984,SAT_10104,20.561930076319925,194.41085667929957,99.01144131956141,169.67416779398323,-64.42776996704026,29.792891285675008,35.0,0.12234186194606554,12.424151596785977
19.95330603899999,105.94208323299983,SAT_10104,20.46443605439049,193.8624528059465,99.0008294817577,169.70219415676,-64.5252639889697,29.75422890506032,35.0,0.12277576597331273,12.454522971296717
20.05330603899999,105.04208323299989,SAT_10104,20.941267889649126,196.54463187927632,99.05125660398,169.56419987106955,-64.04843215371106,29.942203643772576,35.0,0.12065654964457107,12.305779376769511
20.05330603899999,105.14208323299988,SAT_10104,20.922215442434847,196.43746186369603,99.04931056420997,169.5697582444136,-64.06748460092534,29.934747007829547,35.0,0.1207410819856293,12.311732282355653
20.05330603899999,105.24208323299987,SAT_10104,20.893225928658197,196.27439584870234,99.04633891206514,169.57820849238152,-64.09647411470199,29.923392574230668,35.0,0.12086972651047809,12.320788470040652
20.05330603899999,105.34208323299987,SAT_10104,20.854326846411894,196.0555885110669,99.0423311621943,169.5895337316676,-64.1353731969483,29.90814036697493,35.0,0.12104238982012817,12.332937442435519
20.05330603899999,105.44208323299986,SAT_10104,20.80555486697918,195.78124612675788,99.03727306293693,169.603711454745,-64.18414517638101,29.888990418300605,35.0,0.12125894728238625,12.34816519265423
20.05330603899999,105.54208323299986,SAT_10104,20.746955605122793,195.4516252788157,99.03114644587751,169.62071367764267,-64.2427444382374,29.865942768685898,35.0,0.12151924374850329,12.366454285532116
20.05330603899999,105.64208323299985,SAT_10104,20.67858333635148,195.06703126697707,99.02392903196923,169.64050712169413,-64.31111670700871,29.838997466849808,35.0,0.12182309443756223,12.387783957726818
20.05330603899999,105.74208323299985,SAT_10104,20.600500664831245,194.62781623967572,99.01559419061765,169.66305342681548,-64.38919937852894,29.808154569753153,35.0,0.1221702859785992,12.412130235488016
20.05330603899999,105.84208323299984,SAT_10104,20.512778146175364,194.13437707223645,99.00611064714113,169.68830939349266,-64.47692189718482,29.773414142599755,35.0,0.12256057759887044,12.43946606869305
20.05330603899999,105.94208323299983,SAT_10104,20.415493869817325,193.58715301772247,98.99544213290402,169.71622725034962,-64.57420617354286,29.734776258837805,35.0,0.12299370244532448,12.469761479585717
20.05330603899999,106.04208323299983,SAT_10104,20.308733006039418,192.98662315897172,98.9835469711051,169.74675494393014,-64.68096703732077,29.692241000161406,35.0,0.12346936902523292,12.502983724526791
20.05330603899999,106.14208323299982,SAT_10104,20.192587323002428,192.33330369188866,98.97037758965082,169.77983644714996,-64.79711272035776,29.645808456512274,35.0,0.12398726275108778,12.539097466968977
20.05330603899999,106.24208323299982,SAT_10104,20.067154679279298,191.62774507094608,98.95587995068668,169.81541208278156,-64.92254536408089,29.59547872608164,35.0,0.12454704757429397,12.57806495980667
20.153306038999993,104.8420832329999,SAT_10104,20.888227947742436,196.24628220605123,99.0458206025461,169.57966449610907,-64.10147209561775,29.921433937092182,35.0,0.12089190848747079,12.322349628113392
20.153306038999993,104.94208323299989,SAT_10104,20.8890923842999,196.25114466168694,99.04590945778314,169.57941268822378,-64.10060765906029,29.921772719663434,35.0,0.12088807189650425,12.322079618603434
20.153306038999993,105.04208323299989,SAT_10104,20.880018669591948,196.2001050164547,99.04497619996434,169.58205545223518,-64.10968137376824,29.918216163032493,35.0,0.12092834460441725,12.324913739961133
20.153306038999993,105.14208323299988,SAT_10104,20.861015413940606,196.0932117034159,99.04301754892269,169.58758750149914,-64.12868462941958,29.91076427471866,35.0,0.12101269736643,12.330848705272672
20.153306038999993,105.24208323299987,SAT_10104,20.832100604269513,195.93056589901602,99.0400265982221,169.59599779384834,-64.15759943909067,29.899417070476936,35.0,0.12114106907495444,12.339877646644316
20.153306038999993,105.34208323299987,SAT_10104,20.793301490388004,195.7123208834325,99.03599274312442,169.60726960478644,-64.19639855297218,29.88417457429836,35.0,0.12131336711369911,12.351990155370403
20.153306038999993,105.44208323299986,SAT_10104,20.744654413693908,195.43868107702824,99.03090156932383,169.62138063770158,-64.24504562966628,29.865036818410513,35.0,0.12152946789182179,12.3671723424834
20.153306038999993,105.54208323299986,SAT_10104,20.686204580573005,195.10990076572318,99.02473470043331,169.63830316957717,-64.30349546278718,29.84200384327818,35.0,0.12178921755196302,12.385406918936221
20.153306038999993,105.64208323299985,SAT_10104,20.618005783464554,194.72628253198815,99.01746960142144,169.65800423022077,-64.37169425989563,29.81507569760422,35.0,0.12209243284407464,12.406673294434999
20.153306038999993,105.74208323299985,SAT_10104,20.540120073197784,194.28817541173754,99.00907933432337,169.68044581260838,-64.4495799701624,29.78425243833055,35.0,0.12243890215520237,12.430947693729378
20.153306038999993,105.84208323299984,SAT_10104,20.452617386756913,193.79597280050763,98.99953226155898,169.7055851115775,-64.53708265660327,29.749534130639365,35.0,0.12282838668382358,12.458203288981307
20.153306038999993,105.94208323299983,SAT_10104,20.355575135097567,193.25011013492383,98.98879169104681,169.7333747877953,-64.63412490826262,29.710920847954483,35.0,0.12326062174600784,12.488410346675794
20.153306038999993,106.04208323299983,SAT_10104,20.249077755998968,192.6510623774942,98.97681545596448,169.76376325369438,-64.74062228736122,29.668412671942892,35.0,0.12373531819957616,12.521536387410151
20.153306038999993,106.14208323299982,SAT_10104,20.133216237205204,191.99934133427928,98.96355542042102,169.79669497789644,-64.85648380615498,29.622009692516453,35.0,0.1242521639715987,12.557546356803398
20.153306038999993,106.24208323299982,SAT_10104,20.008087615273638,191.29549283591422,98.9489569004134,169.83211080454095,-64.98161242808655,29.571712007833767,35.0,0.12481082567399511,12.596402805705383
20.25330603899999,104.64208323299991,SAT_10104,20.78442679223876,195.66240070634302,99.03506314846688,169.60984568993985,-64.20527325112143,29.88068545983269,35.0,0.12135278461515629,12.354760236399114
20.25330603899999,104.7420832329999,SAT_10104,20.80509498710107,195.77865930244354,99.03721756519546,169.60384502299323,-64.18460505625912,29.8888097091847,35.0,0.12126098961643551,12.348308752834152
20.25330603899999,104.8420832329999,SAT_10104,20.81586510573169,195.83924121974076,99.03833756914302,169.60071636347155,-64.1738349376285,29.89304112124395,35.0,0.12121316117783484,12.344946534223077
20.25330603899999,104.94208323299989,SAT_10104,20.816727008350767,195.84408942197308,99.03842712154035,169.600465934174,-64.17297303500942,29.893379687061575,35.0,0.12120933376664776,12.344677454130355
20.25330603899999,105.04208323299989,SAT_10104,20.807679882645814,195.79319933988273,99.03748653869125,169.6030942336479,-64.18202016071437,29.88982540592155,35.0,0.12124951014381602,12.347501822844206
20.25330603899999,105.14208323299988,SAT_10104,20.788732248900914,195.68661890006766,99.03551249526559,169.60859603288827,-64.20096779445927,29.8823782853407,35.0,0.12133366134794261,12.35341638556377
20.25330603899999,105.24208323299987,SAT_10104,20.75990190623942,195.52444822259673,99.03249798964224,169.61696040992936,-64.22979813712077,29.871038341068846,35.0,0.12146172686285465,12.362414341397395
20.25330603899999,105.34208323299987,SAT_10104,20.721215820697196,195.30683899142173,99.02843227068027,169.62817082185012,-64.26848422266299,29.85580559708914,35.0,0.12163361496676864,12.374485382935248
20.25330603899999,105.44208323299986,SAT_10104,20.67270995661346,195.03399350595072,99.02330072459807,169.64220521320118,-64.31699008674673,29.836680085618553,35.0,0.12184920325901925,12.389615755905083
20.25330603899999,105.54208323299986,SAT_10104,20.61442905356604,194.706163426309,99.01708471990023,169.6590361593678,-64.37527098979415,29.813661847108563,35.0,0.1221083393583041,12.40778833817662
20.25330603899999,105.64208323299985,SAT_10104,20.546426351759763,194.32364822864866,99.00976140748772,169.67863104292962,-64.44327369160042,29.78675093024599,35.0,0.12241084176451245,12.428982737152271
20.25330603899999,105.74208323299985,SAT_10104,20.46876326939787,193.886793390363,99.00130347219388,169.70095226066695,-64.52093677396232,29.755947391954017,35.0,0.12275650087448414,12.453175404374896
20.25330603899999,105.84208323299984,SAT_10104,20.381509036109662,193.39598832811686,98.99167883097293,169.7259574585027,-64.60819100725053,29.721251297393373,35.0,0.12314508014051369,12.480339766000668
20.25330603899999,105.94208323299983,SAT_10104,20.28474028696077,192.85166411415435,98.98085027179795,169.75359979137386,-64.70495975639942,29.682662719963698,35.0,0.12357631735910313,12.510446367630163
20.25330603899999,106.04208323299983,SAT_10104,20.17854062193696,192.25429099839542,98.96877502595413,169.78382820478612,-64.81115942142323,29.64018174130507,35.0,0.1240499260763911,12.543463031865784
20.25330603899999,106.14208323299982,SAT_10104,20.06300013604816,191.6043757652709,98.95540426478956,169.81658773464576,-64.92669990731203,29.593808451299722,35.0,0.12456559709586118,12.579355026870125
20.25330603899999,106.24208323299982,SAT_10104,19.938214925365784,190.90245895518254,98.94068251004389,169.85181982185696,-65.0514851179944,29.543542948073892,35.0,0.12512300007336039,12.61808524413797
20.25330603899999,106.34208323299981,SAT_10090,19.933860911148486,190.87796762521023,98.94024169703096,169.8549050787978,-65.0558391322117,29.54272767641234,35.0,0.12512943971430637,12.618532290111938
20.25330603899999,106.4420832329998,SAT_10090,20.056649492674126,191.56865339629198,98.95473919167942,169.82024751751192,-64.93305055068606,29.592207990853876,35.0,0.1245810542455817,12.580429969782438
20.25330603899999,106.5420832329998,SAT_10090,20.17018099684242,192.2072681072386,98.96789179677961,169.78806988719757,-64.81951904651777,29.6377954036784,35.0,0.12407443318751438,12.545170129811082
20.35330603899999,104.64208323299991,SAT_10104,20.701150092354013,195.1939692694913,99.02631134580633,169.63397942753275,-64.28854995100617,29.84789735909296,35.0,0.12172278938597947,12.380745093180412
20.35330603899999,104.7420832329999,SAT_10104,20.721750830997905,195.30984842436322,99.02848572969323,169.62801589139434,-64.26794921236228,29.856016385283592,35.0,0.12163123749997376,12.374318468751564
20.35330603899999,104.8420832329999,SAT_10104,20.732485752533847,195.3702323580029,99.0296160992977,169.62490661156176,-64.25721429082634,29.860245076927097,35.0,0.1215835358831402,12.370969220308544
20.35330603899999,104.94208323299989,SAT_10104,20.733344837066326,195.3750647084981,99.0297064800741,169.6246577340847,-64.25635520629386,29.860583425077525,35.0,0.12157971862519626,12.37070117866148
20.35330603899999,105.04208323299989,SAT_10104,20.72432728189237,195.3243409606446,99.02875719345222,169.62726975135834,-64.26537276146782,29.85703142901909,35.0,0.12161978845682343,12.373514650671744
20.35330603899999,105.14208323299988,SAT_10104,20.70544150654119,195.21810847429418,99.02676486019514,169.63273749888162,-64.284258536819,29.849589096266165,35.0,0.1217037167339328,12.379406417469594
20.35330603899999,105.24208323299987,SAT_10104,20.67670509997535,195.05646618736137,99.02372236506231,169.641050189212,-64.31299494338484,29.838256442563427,35.0,0.12183144360258454,12.388369753133674
20.35330603899999,105.34208323299987,SAT_10104,20.63814471065625,194.8395639974414,99.01961878214087,169.6521914826464,-64.35155533270394,29.823033491886193,35.0,0.1220028783426575,12.400394463601076
20.35330603899999,105.44208323299986,SAT_10104,20.58979588092565,194.56760183020677,99.01443925948996,169.66613959366117,-64.39990416243454,29.80392027644092,35.0,0.12221789988631745,12.415466945327964
20.35330603899999,105.54208323299986,SAT_10104,20.531702827875932,194.2408284068021,99.00816486098401,169.68286743166175,-64.45799721548426,29.78091683666587,35.0,0.12247635750536877,12.433570262982998
20.35330603899999,105.64208323299985,SAT_10104,20.463918173550923,193.85953972622394,99.0007723624158,169.70234277414858,-64.52578186980926,29.754023221231964,35.0,0.12277807165972769,12.454684245232917
20.35330603899999,105.74208323299985,SAT_10104,20.386502627921217,193.42407728205686,98.99223399800114,169.72452847000795,-64.60319741543897,29.723239487043788,35.0,0.12312283499757196,12.47878559747723
20.35330603899999,105.84208323299984,SAT_10104,20.299524628617633,192.9348260359742,98.98251715238601,169.74938267027716,-64.69017541474255,29.68856569924077,35.0,0.12351041349621683,12.505848030209956
20.35330603899999,105.94208323299983,SAT_10104,20.203059941842753,192.39221217286547,98.97158399205173,169.77685908345006,-64.78664010151743,29.650001931198556,35.0,0.12394054773148411,12.53584240153445
20.35330603899999,106.04208323299983,SAT_10104,20.09719122924038,191.79670066447713,98.9593910286052,169.80690725215354,-64.89250881411981,29.607548264530536,35.0,0.12441295426227005,12.568736872234531
20.35330603899999,106.14208323299982,SAT_10104,19.982007585759675,191.14879266989814,98.94588860476964,169.83947284786097,-65.00769245760051,29.561204789089526,35.0,0.12492732711620695,12.604497071712867
20.35330603899999,106.24208323299982,SAT_10104,19.857604053711555,190.44902280212747,98.93102029189211,169.87449798021032,-65.13209598964863,29.51097160296967,35.0,0.1254833393617456,12.643086273046245
20.35330603899999,106.34208323299981,SAT_10090,19.849339470041485,190.40253451898337,98.93010090258744,169.87867519948065,-65.1403605733187,29.50856215460257,35.0,0.1255071938655715,12.644740334575047
20.35330603899999,106.4420832329998,SAT_10090,19.971738375554523,191.0910283624942,98.94475044548359,169.8442299011058,-65.01796166780566,29.558010662975974,35.0,0.12496022505414925,12.606782204621696
20.35330603899999,106.5420832329998,SAT_10090,20.08490611319523,191.72759688672318,98.95803951735537,169.812250857982,-64.90479393016496,29.603568772223735,35.0,0.12445492441212777,12.571656919994563
20.45330603899999,104.44208323299992,SAT_10090,20.59727187655757,194.60965430563635,99.01531303531912,169.66586653256584,-64.39242816680262,29.807879837883597,35.0,0.12217226886245397,12.412269203257923
20.45330603899999,104.54208323299991,SAT_10090,20.600512621478785,194.62788349581817,99.01566094646958,169.66493222500435,-64.3891874218814,29.80916186476204,35.0,0.12215785781499165,12.411259203824107
20.45330603899999,104.7420832329999,SAT_10104,20.62747974592554,194.7795735708312,99.01847764328984,169.6552702509949,-64.36222029743465,29.818819909689534,35.0,0.12205030204024582,12.403719654089036
20.45330603899999,104.8420832329999,SAT_10104,20.638176044790185,194.83974025194482,99.01962009974855,169.65218243538575,-64.35152399857,29.823045869504472,35.0,0.12200273901522689,12.400384693673491
20.45330603899999,104.94208323299989,SAT_10104,20.639032036957957,194.8445552078885,99.0197114464492,169.65193527663905,-64.35066800640223,29.823383999074537,35.0,0.121998932852879,12.40011779598483
20.45330603899999,105.04208323299989,SAT_10104,20.630046930302,194.79401398294874,99.01875201082714,169.65452926037955,-64.35965311305819,29.819834297684178,35.0,0.12203888625054454,12.402919264112276
20.45330603899999,105.14208323299988,SAT_10104,20.611229033471957,194.68816331327974,99.01673835048912,169.65995929308164,-64.37847100988823,29.812396772845325,35.0,0.12212257091373217,12.408785918738179
20.45330603899999,105.24208323299987,SAT_10104,20.582595704144268,194.52710083581152,99.0136632170729,169.6682147353265,-64.40710433921592,29.80107144029756,35.0,0.12224992771814473,12.41771111646884
20.45330603899999,105.34208323299987,SAT_10104,20.54417324126578,194.31097448212003,99.00951547987586,169.67927947103564,-64.4455268020944,29.785858324008426,35.0,0.12242086704733539,12.429684788019857
20.45330603899999,105.44208323299986,SAT_10104,20.495996722706153,194.03998156522212,99.00428000785688,169.69313201173773,-64.49370332065403,29.766757456173945,35.0,0.1226352693021374,12.444693495788117
20.45330603899999,105.54208323299986,SAT_10104,20.438109790432094,193.71436757118056,98.99793750783321,169.70974563446035,-64.5515902529281,29.74376887721927,35.0,0.12289298557609428,12.462720510110927
20.45330603899999,105.64208323299985,SAT_10104,20.37056438596929,193.33442467107724,98.99046431584358,169.72908855140594,-64.6191356573909,29.716892635799542,35.0,0.1231938384893164,12.48374590329519
20.45330603899999,105.74208323299985,SAT_10104,20.293420439514662,192.90048997226998,98.98183213770201,169.75112410917276,-64.69627960384553,29.686128788800886,35.0,0.12353762317154222,12.507746660302105
20.45330603899999,105.84208323299984,SAT_10104,20.206745516565306,192.41294353067985,98.97200773369032,169.77581101495497,-64.78295452679488,29.65147740134161,35.0,0.12392410838371418,12.534696804797802
20.45330603899999,105.94208323299983,SAT_10104,20.110614426386604,191.87220614842465,98.96095254109582,169.8031035868491,-64.87908561697358,29.61293854677355,35.0,0.12435303776611813,12.56456753913192
20.45330603899999,106.04208323299983,SAT_10104,20.005108796969964,191.27873698295605,98.9486222268434,169.83295202518835,-64.98459124639022,29.5705123066836,35.0,0.12482413120009912,12.597327396685374
20.45330603899999,106.14208323299982,SAT_10104,19.890316621398,190.63303099536378,98.93496616074401,169.86530270165005,-65.09938342196219,29.524198770895406,35.0,0.12533708626956408,12.63294240493798
20.45330603899999,106.24208323299982,SAT_10104,19.766331780686826,189.9356162663634,98.91992679781278,169.90009846279077,-65.22336826267336,29.473998037471247,35.0,0.12589157980792295,12.671376257545923
20.45330603899999,106.34208323299981,SAT_10090,19.754182491217918,189.8672765131008,98.91851658607006,169.90535245695526,-65.23551755214227,29.469994642969915,35.0,0.12593274679621386,12.674226991360712
20.45330603899999,106.4420832329998,SAT_10090,19.87615568579257,190.55337573258322,98.93334261937852,169.87114123439085,-65.11354435756762,29.51941121178541,35.0,0.12538731931694494,12.636427015645237
20.45330603899999,106.5420832329998,SAT_10090,19.988926002333244,191.1877087631245,98.94679007153835,169.83938116421058,-65.00077404102694,29.5649398944711,35.0,0.12488345543539528,12.601449315852062
20.55330603899999,104.54208323299991,SAT_10090,20.49151641909816,194.0147798574272,99.00386365384446,169.69629743665467,-64.49818362426203,29.76597231241208,35.0,0.1226427327326426,12.445215767286795
20.55330603899999,104.64208323299991,SAT_10104,20.50193110268644,194.07336245261124,99.00492650356487,169.6914269246609,-64.48776894067375,29.769111842402054,35.0,0.12260885518814771,12.442845003226747
20.55330603899999,104.7420832329999,SAT_10104,20.52237749249987,194.18837339531177,99.00715095006872,169.68554946833876,-64.46732255086032,29.777220356541974,35.0,0.12251785638902675,12.436475582674504
20.55330603899999,104.8420832329999,SAT_10104,20.5330318779436,194.24830431343275,99.00830730830734,169.68248511518854,-64.45666816541659,29.781443573120487,35.0,0.1224704432994924,12.433156180049036
20.55330603899999,104.94208323299989,SAT_10104,20.53388451426885,194.25310039276226,99.00839976596562,169.68223983516862,-64.45581552909134,29.78178148319742,35.0,0.122466649140945,12.432890527979202
20.55330603899999,105.04208323299989,SAT_10104,20.524934620829043,194.20275724216336,99.00742865742156,169.684814106557,-64.46476542253114,29.778234086057452,35.0,0.12250647657447761,12.435678925457099
20.55330603899999,105.14208323299988,SAT_10104,20.506190385909647,194.09732092074177,99.0053904672692,169.69020291285,-64.48350965745054,29.770801389210096,35.0,0.1225898976857153,12.441518236124914
20.55330603899999,105.24208323299987,SAT_10104,20.477668916109366,193.93688765311518,99.0022777932405,169.69839577526724,-64.51203112725082,29.759483408389865,35.0,0.12271685414372238,12.450401906229729
20.55330603899999,105.34208323299987,SAT_10104,20.43939613093086,193.7216032364861,98.99807926784662,169.7093768204266,-64.55030391242933,29.744280167556607,35.0,0.12288725753216988,12.462320002027175
20.55330603899999,105.44208323299986,SAT_10104,20.391406603958302,193.45166214726547,98.99277943729537,169.7231248822695,-64.59829343940189,29.725191698895976,35.0,0.12310098984901036,12.477259266179345
20.55330603899999,105.54208323299986,SAT_10104,20.333743352671732,193.1273063587785,98.98635859543123,169.739613636873,-64.65595669068846,29.70221804282012,35.0,0.12335790416904101,12.495203192466528
20.55330603899999,105.64208323299985,SAT_10104,20.26645757958474,192.74882388516414,98.97879256956439,169.75881176836057,-64.72324246377545,29.67535924796852,35.0,0.12365782546198117,12.516132117921407
20.55330603899999,105.74208323299985,SAT_10104,20.18960836796913,192.31654706982633,98.97005245407418,169.78068316374163,-64.80009167539106,29.644615371208996,35.0,0.12400055155708332,12.540023331301352
20.55330603899999,105.84208323299984,SAT_10104,20.103262335929287,191.83085063960223,98.96010428655777,169.8051871341815,-64.8864377074309,29.609986477638888,35.0,0.12438585424386434,12.566851196644418
20.55330603899999,105.94208323299983,SAT_10104,20.007493253021394,191.29214954824533,98.94890866000627,169.8322786599187,-64.9822067903388,29.571472640586403,35.0,0.12481348049731247,12.596587290509191
20.55330603899999,106.04208323299983,SAT_10104,19.902381623944464,190.7008966346876,98.93642026297859,169.861908655832,-65.08731841941572,29.529073941612157,35.0,0.12528315381490876,12.629200551380977
20.55330603899999,106.14208323299982,SAT_10104,19.788014244085048,190.0575801229784,98.92258733794999,169.89402425449654,-65.20168579927514,29.48279047051085,35.0,0.12579457565201504,12.664657439637432
20.55330603899999,106.24208323299982,SAT_10104,19.66448373185537,189.36272099168647,98.90735104586142,169.9285691034694,-65.32521631150482,29.432622325313137,35.0,0.12634742694162837,12.702922106406909
20.55330603899999,106.34208323299981,SAT_10090,19.648478857961635,189.27269357603421,98.90543519203324,169.93488270937516,-65.34122118539855,29.42702521844959,35.0,0.1264057927789307,12.706957901694055
20.55330603899999,106.4420832329998,SAT_10090,19.769991705165424,189.9562033415555,98.92046359685371,169.90092648566036,-65.21970833819476,29.47640971427523,35.0,0.12586202679631767,12.669329540013319
20.55330603899999,106.5420832329998,SAT_10090,19.882332263006106,190.58811897940933,98.93409262488541,169.86940493548758,-65.10736778035408,29.521908847466804,35.0,0.12535971178383304,12.634511980549469
20.65330603899999,104.64208323299991,SAT_10104,20.386188894134648,193.4223125295074,98.99220163353758,169.72461825685016,-64.60351114922554,29.723114583494514,35.0,0.12312423257579676,12.478883243294096
20.65330603899999,104.7420832329999,SAT_10104,20.406548927270578,193.53683771589704,98.9944565678749,169.7187894067217,-64.58315111608961,29.73121780876408,35.0,0.12303354205203035,12.472545976079967
20.65330603899999,104.8420832329999,SAT_10104,20.41715825368111,193.59651517695625,98.99562875261677,169.71575042146367,-64.57254178967908,29.735438270703238,35.0,0.12298628978092128,12.469243349137736
20.65330603899999,104.94208323299989,SAT_10104,20.418007282311322,193.6012909630012,98.99572247503782,169.71550717273334,-64.57169276104887,29.73577596037466,35.0,0.1229825084974795,12.468979040192709
20.65330603899999,105.04208323299989,SAT_10104,20.409095244834575,193.5511607521945,98.99473807746439,169.7180601309285,-64.58060479852561,29.732230877063255,35.0,0.12302220082381853,12.471753343836543
20.65330603899999,105.14208323299988,SAT_10104,20.39043020036746,193.44616987706698,98.99267196090024,169.72340436216226,-64.59926984299273,29.724803028276146,35.0,0.12310533925431259,12.477563169852296
20.65330603899999,105.24208323299987,SAT_10104,20.36202898605383,193.2864130465528,98.9895165468641,169.73152955996943,-64.62767105730636,29.71349242974282,35.0,0.12323186631117605,12.486402060768565
20.65330603899999,105.34208323299987,SAT_10104,20.323917114155762,193.07203376712613,98.98526019673267,169.74242011132105,-64.66578292920443,29.69829910541547,35.0,0.12340169486870953,12.498260228430143
20.65330603899999,105.44208323299986,SAT_10104,20.27612861698495,192.80322347054033,98.97988708709053,169.75605519605773,-64.71357142637524,29.679223087469474,35.0,0.12361470864257007,12.513124609144407
20.65330603899999,105.54208323299986,SAT_10104,20.21870584165781,192.4802203593252,98.97337703874605,169.7724089184241,-64.77099420170238,29.65626441630408,35.0,0.12387076283860717,12.53097893674375
20.65330603899999,105.64208323299985,SAT_10104,20.15169919727964,192.10330798469798,98.96570529615735,169.79145046897045,-64.83800084608055,29.629423140543228,35.0,0.1241696849541042,12.551803832699214
20.65330603899999,105.74208323299985,SAT_10104,20.075166857715914,191.67281357465203,98.9568422529925,169.81314431472467,-64.91453318564427,29.598699317036566,35.0,0.12451127572269827,12.575576912233474
20.65330603899999,105.84208323299984,SAT_10104,19.989174423601725,191.1891061327597,98.94675311838763,169.8374504152106,-65.00052561975846,29.564093010860635,35.0,0.12489531019286036,12.60227290521562
20.65330603899999,105.94208323299983,SAT_10104,19.89379454765094,190.65259433053654,98.93539751712402,169.86432446162226,-65.09590549570925,29.525604295320203,35.0,0.12532153892861417,12.631863790478574
20.65330603899999,106.04208323299983,SAT_10104,19.789106527663648,190.06372421810804,98.92272901536995,169.89371813624103,-65.20059351569654,29.4832332519498,35.0,0.1257896893201793,12.664318942085128
20.65330603899999,106.14208323299982,SAT_10104,19.675195871866833,189.42297677925092,98.90869456176058,169.92557938903644,-65.31450417149335,29.43697997051541,35.0,0.1262994669914543,12.699605285980871
20.65330603899999,106.24208323299982,SAT_10104,19.5521538413887,188.73086535781144,98.89323383134301,169.95985272828403,-65.43754620197149,29.386844549016306,35.0,0.12685055729070674,12.737687465413044
20.65330603899999,106.34208323299981,SAT_10090,19.532325572138944,188.61933134328157,98.89079471533734,169.96720692765362,-65.45737447122124,29.379653966765925,35.0,0.12692599770388016,12.742895512629667
20.65330603899999,106.4420832329998,SAT_10090,19.653344936300513,189.30006526669038,98.90605305873795,169.93352567188825,-65.33635510705967,29.429006256227197,35.0,0.12638400852388693,12.705451682874738
20.65330603899999,106.5420832329998,SAT_10090,19.765224810688565,189.9293895601232,98.91988835967801,169.90226128998614,-65.22447523267162,29.47447571704551,35.0,0.1258833499274837,12.6708063098035
20.65330603899999,106.6420832329998,SAT_10090,19.867875594747574,190.50680022045512,98.93236003335944,169.87346826422146,-65.12182444861261,29.51606225287017,35.0,0.1254243308142462,12.638994106447088
20.753306038999987,103.54208323299997,SAT_10090,19.93903642616506,190.90707989717848,98.94089023117843,169.85344727442114,-65.05066361719513,29.544816940589303,35.0,0.12510631585813098,12.616926967505151
20.753306038999987,103.64208323299997,SAT_10090,19.87897266453909,190.56922123803238,98.93370289869856,169.8703493994289,-65.1107273788211,29.5205503764805,35.0,0.12537472808082425,12.63555362779187
20.753306038999987,103.74208323299996,SAT_10090,19.945647043003603,190.94426461689525,98.94167699540732,169.85158485616944,-65.04405300035658,29.547485059832354,35.0,0.12507678127764768,12.614876422741851
20.753306038999987,104.54208323299991,SAT_10090,20.241581037894733,192.60889333815786,98.97605523067972,169.7677676381815,-64.74811900546545,29.666385075047707,35.0,0.12375602761977442,12.522980414711888
20.753306038999987,104.64208323299991,SAT_10104,20.259839385689062,192.71159654450096,98.97804866710268,169.76069763787908,-64.72986065767113,29.67271444354999,35.0,0.12368733337058467,12.518190129971456
20.753306038999987,104.7420832329999,SAT_10104,20.280107328256932,192.82560372144522,98.98033804375707,169.75492085721345,-64.70959271510326,29.680812358065086,35.0,0.12359697104175567,12.511887244913131
20.753306038999987,104.8420832329999,SAT_10104,20.29066860411787,192.88501089816302,98.98152810743916,169.75190904687128,-64.69903143924232,29.685030053966848,35.0,0.1235498899807007,12.508602556357182
20.753306038999987,104.94208323299989,SAT_10104,20.291513785543472,192.88976504368205,98.98162325863102,169.75166797411055,-64.69818625781672,29.685367522320778,35.0,0.12354612240432156,12.508339683622623
20.753306038999987,105.04208323299989,SAT_10104,20.28264211729882,192.8398619098059,98.98062384869378,169.7541981009602,-64.70705792606137,29.68182476241201,35.0,0.12358567089321104,12.511098916619964
20.753306038999987,105.14208323299988,SAT_10104,20.264061521236883,192.73534605695744,98.97852618361193,169.75949458127477,-64.7256385221233,29.674401781745285,35.0,0.12366850837714541,12.516877214216679
20.753306038999987,105.24208323299987,SAT_10104,20.2357885481494,192.5763105833404,98.97532248458457,169.76754729160012,-64.75391149521079,29.663098596045113,35.0,0.12379457828715026,12.525668221368631
20.753306038999987,105.34208323299987,SAT_10104,20.19784827749288,192.36289656089747,98.97100080472798,169.77834089543882,-64.7918517658673,29.64791522925609,35.0,0.123963794872439,12.537462304812133
20.753306038999987,105.44208323299986,SAT_10104,20.150274166274585,192.09529218529454,98.96554490032611,169.79185494006018,-64.8394258770856,29.6288517135434,35.0,0.12417604367869545,12.552246606890122
20.753306038999987,105.54208323299986,SAT_10104,20.093107849015354,191.7737316507114,98.95893405418676,169.80806398458157,-64.89659219434483,29.60590808929349,35.0,0.12443118218241314,12.570005116874341
20.753306038999987,105.64208323299985,SAT_10104,20.02639889130772,191.39849376360593,98.95114284770705,169.82693775764628,-64.96330115205247,29.579084405114873,35.0,0.12472904057435107,12.59071875894671
20.753306038999987,105.74208323299985,SAT_10104,19.950204500017563,190.96990031259878,98.94214087718457,169.8484413426763,-65.03949554334262,29.548380717839176,35.0,0.12506942268364937,12.614365495821861
20.753306038999987,105.84208323299984,SAT_10104,19.864589193661857,190.48831421434795,98.93189240869845,169.872535388356,-65.12511084969833,29.5137970925223,35.0,0.12545210703279214,12.640920446831842
20.753306038999987,105.94208323299983,SAT_10104,19.76962443688987,189.9541374575055,98.9203559644791,169.89917634174688,-65.22007560647032,29.475333602445744,35.0,0.12587684801243706,12.670356019156738
20.753306038999987,106.04208323299983,SAT_10104,19.665388243323463,189.36780886869448,98.90748383203517,169.9283167012183,-65.32431180003672,29.43299032911817,35.0,0.12634337716416136,12.702642050772429
20.753306038999987,106.14208323299982,SAT_10104,19.55196475124471,188.7298017257515,98.89322148534296,169.95990528623278,-65.43773529211548,29.386767362277048,35.0,0.1268514045584193,12.737745963601334
20.753306038999987,106.24208323299982,SAT_10104,19.42944377678154,188.0406212443962,98.87750690504606,169.99388752092136,-65.56025626657865,29.33666479989053,35.0,0.12740062025446838,12.775632925293353
20.753306038999987,106.34208323299981,SAT_10090,19.405827164855324,187.9077778023112,98.87452383318634,170.00226156969336,-65.58387287850486,29.327880982434806,35.0,0.12749300100099686,12.781999290245313
20.753306038999987,106.4420832329998,SAT_10090,19.526321500131573,188.5855584382401,98.89004164598921,169.96887424165737,-65.46337854322861,29.377200932214226,35.0,0.1269528987604438,12.744752335025014
20.753306038999987,106.5420832329998,SAT_10090,19.637711262523652,189.21212585169553,98.90410966481176,169.93788472562915,-65.35198878083654,29.422640597832686,35.0,0.12645399927534315,12.710290653764734
20.753306038999987,106.6420832329998,SAT_10090,19.739908310373906,189.78698424585323,98.91678903179061,169.90934657913897,-65.24979173298628,29.464199882969943,35.0,0.12599660668943982,12.678648430127824
20.753306038999987,106.74208323299979,SAT_10090,19.83283024252239,190.30967011418846,98.9281334501542,169.88330992408902,-65.1568698008378,29.501878699538672,35.0,0.12558100493934704,12.649857571348102
20.753306038999987,107.04208323299977,SAT_10090,20.055216481744495,191.5605927098128,98.95459580611347,169.8206528505412,-64.93448356161569,29.591631580416973,35.0,0.12458745148361164,12.580874840007855
20.85330603899999,103.24208323299999,SAT_10090,20.203415029548694,192.3942095412114,98.9717150892768,169.77862628070167,-64.7862850138115,29.65111054504541,35.0,0.1239262072583637,12.534843070896875
20.85330603899999,103.34208323299998,SAT_10090,20.171437034715908,192.21433332027698,98.96805625678029,169.78771317826354,-64.81826300864428,29.63829887688909,35.0,0.12406883054151921,12.544779876728292
20.85330603899999,103.44208323299998,SAT_10090,20.12998813153338,191.98118323987526,98.96328604378355,169.79947618303473,-64.8597119118268,29.62167427017691,35.0,0.12425374265433489,12.557656256314655
20.85330603899999,103.54208323299997,SAT_10090,20.07910395119478,191.69495972547065,98.95738668494907,169.81389352321577,-64.9105960921654,29.601236760402557,35.0,0.12448082162897046,12.573458507723224
20.85330603899999,103.64208323299997,SAT_10090,20.01882787870275,191.355906817703,98.95033596550783,169.83093870137378,-64.97087216465744,29.57698639120184,35.0,0.12474991885122187,12.592169935634276
20.85330603899999,103.74208323299996,SAT_10090,19.949210802543234,190.9643107643057,98.94210697913886,169.85058065449942,-65.04048924081695,29.548923214353575,35.0,0.12506085985813536,12.613770940812973
20.85330603899999,104.34208323299993,SAT_10090,20.084864114884738,191.72736064622669,98.95805691203748,169.81226274943336,-64.90483592847545,29.603551893680287,35.0,0.12445511186247235,12.571669960859902
20.85330603899999,104.44208323299992,SAT_10090,20.097698624864336,191.79955476486188,98.95954805902248,169.80862795639237,-64.89200141849585,29.60870891072923,35.0,0.12439783039727047,12.567684542435439
20.85330603899999,104.54208323299991,SAT_10090,20.100881700393572,191.81745956471383,98.95991740372774,169.80772624152195,-64.88881834296662,29.609987588639207,35.0,0.12438362487440031,12.56669606520947
20.85330603899999,104.64208323299991,SAT_10104,20.12300325836054,191.94189332827804,98.96240273358046,169.79959143609366,-64.86669678499965,29.617911523057092,35.0,0.12429774336270058,12.560719128600367
20.85330603899999,104.7420832329999,SAT_10104,20.1431736859856,192.055351983669,98.96473079212778,169.79386999079452,-64.84652635737459,29.626004104942936,35.0,0.12420772815632233,12.554452743366681
20.85330603899999,104.8420832329999,SAT_10104,20.15368408144876,192.1144729581493,98.96594093504216,169.79088705929158,-64.83601596191143,29.630219023414117,35.0,0.12416082817895194,12.551187097855017
20.85330603899999,104.94208323299989,SAT_10104,20.154525189109307,192.11920418873987,98.96603769082445,169.79064829892206,-64.83517485425088,29.63055626953896,35.0,0.12415707510010791,12.550925749767657
20.85330603899999,105.04208323299989,SAT_10104,20.145696267525807,192.06954150483264,98.9650214210524,169.7931541629039,-64.84400377583438,29.627015842602813,35.0,0.1241964714565168,12.553668984076772
20.85330603899999,105.14208323299988,SAT_10104,20.127205093925625,191.96552865333163,98.96288832426035,169.79839989747268,-64.86249494943456,29.619597750108063,35.0,0.12427899063795678,12.559413811431986
20.85330603899999,105.24208323299987,SAT_10104,20.099067917378648,191.8072570352549,98.95963039510535,169.80637557187003,-64.89063212598154,29.608302007774274,35.0,0.12440457703564632,12.568153984850124
20.85330603899999,105.34208323299987,SAT_10104,20.06130936127329,191.59486515716225,98.95523533804949,169.81706614078513,-64.9283906820869,29.593128639538506,35.0,0.12457314635153481,12.579880034488736
20.85330603899999,105.44208323299986,SAT_10104,20.01396227633151,191.32853780436474,98.94968643392052,169.83045153842733,-64.97573776702868,29.57407767755583,35.0,0.12478458606508452,12.594579320092096
20.85330603899999,105.54208323299986,SAT_10104,19.957067546011046,191.00850494631217,98.94296235679256,169.84650680300302,-65.03263249734914,29.551149162199977,35.0,0.12503875605243325,12.612236100493655
20.85330603899999,105.64208323299985,SAT_10104,19.89067384671975,190.6350403877986,98.93503693762722,169.86520222998598,-65.09902619664044,29.524343142064176,35.0,0.12533548935122818,12.632831619367398
20.85330603899999,105.74208323299985,SAT_10104,19.814837365781386,190.2084601825203,98.92587886999596,169.88650355223314,-65.1748626775788,29.49365967396216,35.0,0.12567459306295128,12.656344206244862
20.85330603899999,105.84208323299984,SAT_10104,19.729621480560496,189.72912082815282,98.91545135193128,169.9103721446866,-65.26007856279969,29.45909882292934,35.0,0.12605584938324482,12.682749391659197
20.85330603899999,105.94208323299983,SAT_10104,19.635096402533478,189.19741726425082,98.90371165647608,169.9367652511572,-65.35460364082671,29.42066066222415,35.0,0.12647901674960804,12.712020035144054
20.85330603899999,106.04208323299983,SAT_10104,19.53133879041519,188.61378069608546,98.89061062176374,169.96563623047368,-65.458361252945,29.37834527332956,35.0,0.12694383109489474,12.744126464705984
20.85330603899999,106.14208323299982,SAT_10104,19.41843133667632,187.97867626880432,98.8760920493928,169.99693481913897,-65.57126870668387,29.332152745954765,35.0,0.1274500071943017,12.779036626305363
20.85330603899999,106.24208323299982,SAT_10090,19.468386600974142,188.25967463047954,98.88263287372916,169.98494469459223,-65.52131344238605,29.353508918776708,35.0,0.12721253050702555,12.762665136063502
20.85330603899999,106.34208323299981,SAT_10090,19.51766808002536,188.53688295014265,98.88894986213246,169.97127665863243,-65.47203196333483,29.373664720581885,35.0,0.12699167206598694,12.747428353218291
20.85330603899999,106.4420832329998,SAT_10090,19.55770509869805,188.76209118017653,98.89404341548072,169.9601552486537,-65.43199494466214,29.390018331214257,35.0,0.1268122976459886,12.735045729576704
20.85330603899999,106.5420832329998,SAT_10090,19.588465234090094,188.93511694175677,98.89793357247316,169.95160020554763,-65.4012348092701,29.402569715708292,35.0,0.1266745188086423,12.725529800622107
20.85330603899999,106.6420832329998,SAT_10090,19.609923421458262,189.05581924570274,98.90063550269255,169.94562679533206,-65.37977662190193,29.411318847228713,35.0,0.12657842175693979,12.718890252041644
20.85330603899999,106.74208323299979,SAT_10090,19.69410619150395,189.5293473272097,98.9111426449929,169.92214923993262,-65.29559385185624,29.445589524028264,35.0,0.12620155876011208,12.692832577191764
20.85330603899999,106.84208323299978,SAT_10090,19.77727848818884,189.99719149606221,98.92138071300454,169.89888564386288,-65.21242155517135,29.479365539274117,35.0,0.12582943312963096,12.667072017452945
20.85330603899999,106.94208323299978,SAT_10090,19.851072351830013,190.41228197904383,98.93034780140019,169.8781885630781,-65.13862769153017,29.50926348954212,35.0,0.1254994468177099,12.644203171176477
20.85330603899999,107.34208323299976,SAT_10090,20.05134324745083,191.5388057669109,98.95414788451089,169.82174830895445,-64.93835679590936,29.59007349660962,35.0,0.12460474267367748,12.582077240890845
20.95330603899999,103.142083233,SAT_10090,20.35604203038328,193.25273642090596,98.98892722937666,169.73511486904417,-64.63365801297691,29.71208722407112,35.0,0.1232459320164008,12.487384435987467
20.95330603899999,103.24208323299999,SAT_10090,20.333488169364102,193.12587095267307,98.98641012086088,169.74155929172366,-64.65621187399609,29.7030945555291,35.0,0.12334641023484885,12.494400727566688
20.95330603899999,103.34208323299998,SAT_10090,20.301404586179018,192.94540079725698,98.98281409656063,169.75071789500515,-64.68829545718117,29.690291477711067,35.0,0.12348937171850952,12.504379668168575
20.95330603899999,103.44208323299998,SAT_10090,20.259819365424107,192.7114839305106,98.97812605066643,169.76257349866717,-64.72988067793608,29.673678017957346,35.0,0.12367472050344845,12.517310476722805
20.95330603899999,103.54208323299997,SAT_10090,20.20876867061753,192.42432377222363,98.97232874743611,169.77710398855137,-64.78093137274266,29.653254211746138,35.0,0.12390233294810682,12.533179262989323
20.95330603899999,103.64208323299997,SAT_10090,20.14829653167446,192.08416799066887,98.96540063720805,169.79428245268323,-64.84140351168573,29.629020102694216,35.0,0.1241720584064984,12.551969103290205
20.95330603899999,103.74208323299996,SAT_10104,20.089721513675173,191.75468351442285,98.95854935642193,169.80902313386855,-64.89997852968501,29.60454774326246,35.0,0.12444629894221786,12.571056840136706
20.95330603899999,103.84208323299995,SAT_10104,20.04253294119971,191.48924779424837,98.95304485748999,169.82237704035003,-64.94716710216048,29.585576853917857,35.0,0.12465698851311442,12.585709927215188
20.95330603899999,103.94208323299995,SAT_10104,19.985964013722906,191.17104757719136,98.94639091226769,169.83835643367433,-65.00373602963728,29.562799298682773,35.0,0.12490965208594378,12.603269242559787
20.95330603899999,104.04208323299994,SAT_10104,19.920062371516053,190.8003508397778,98.9385621669115,169.8569322378478,-65.06963767184413,29.5362151262159,35.0,0.12520412628898464,12.62371643392326
20.95330603899999,104.14208323299994,SAT_10090,19.879643773280122,190.57299622470072,98.93379780459526,169.87016074348793,-65.11005627008007,29.52082175363237,35.0,0.12537172841808425,12.635345551806413
20.95330603899999,104.24208323299993,SAT_10090,19.911573293168033,190.7525997740702,98.93762601864292,169.86117989036163,-65.07812675019215,29.533726865158513,35.0,0.12522902884423093,12.625444696144804
20.95330603899999,104.34208323299993,SAT_10090,19.933931646623492,190.87836551225715,98.94029488802161,169.8548851562828,-65.0557683967367,29.542756233255712,35.0,0.12512912366728843,12.618510350042328
20.95330603899999,104.44208323299992,SAT_10090,19.946699609427313,190.95018530302863,98.94181463622212,169.85128827540814,-65.04300043393287,29.547909838780324,35.0,0.12507207880028548,12.614549918504776
20.95330603899999,104.54208323299991,SAT_10090,19.94986616932249,190.96799720243902,98.94219105996723,169.850395970602,-65.0398338740377,29.549187670806063,35.0,0.1250579319906515,12.613567642251112
20.95330603899999,104.64208323299991,SAT_10104,19.97580815915086,191.1139208952236,98.94518988747268,169.8412218744315,-65.01389188420933,29.55870593129609,35.0,0.12495502355148269,12.606420917522426
20.95330603899999,104.7420832329999,SAT_10104,19.995875968805592,191.22680232453143,98.94756119660283,169.8355588258168,-64.9938240745546,29.566793158687155,35.0,0.12486537335944048,12.600193034065493
20.95330603899999,104.8420832329999,SAT_10104,20.00633282186365,191.28562212298303,98.9487937897152,169.83260637020885,-64.98336722149654,29.571005288339403,35.0,0.12481866379866695,12.596947475828424
20.95330603899999,104.94208323299989,SAT_10104,20.00716964264184,191.29032923986037,98.94889233954171,169.8323700500924,-64.98253040071835,29.571342311323946,35.0,0.12481492596452688,12.596687735985354
20.95330603899999,105.04208323299989,SAT_10104,19.998385704123407,191.24091958569417,98.94785721917029,169.83485030947858,-64.99131433923678,29.567804226926356,35.0,0.12485416234773611,12.599414094336822
20.95330603899999,105.14208323299988,SAT_10104,19.979988632295928,191.1374360566646,98.9456845060786,169.84004249112925,-65.00971141106426,29.560391042646675,35.0,0.1249363468205694,12.605123615761112
20.95330603899999,105.24208323299987,SAT_10104,19.9519943606945,190.97996827890654,98.94236593967513,169.8479368656379,-65.03770568266569,29.549102774199557,35.0,0.12506142478143126,12.613810166445905
20.95330603899999,105.34208323299987,SAT_10104,19.91442703572565,190.7686520759568,98.93788883153705,169.8585186919836,-65.07527300763454,29.533939445514598,35.0,0.12522931345620478,12.625464447709337
20.95330603899999,105.44208323299986,SAT_10104,19.867318873959192,190.50366866602045,98.9322359266217,169.8717683087702,-65.122381169401,29.514901088736824,35.0,0.12543990235308977,12.640074047014512
20.95330603899999,105.54208323299986,SAT_10104,19.810709973163213,190.18524359904308,98.92538521275954,169.88766125497395,-65.17899007019697,29.491987744227355,35.0,0.1256930538660017,12.657623505584379
20.95330603899999,105.64208323299985,SAT_10104,19.744648079414574,189.81364544670697,98.91730967468135,169.90616841865062,-65.24505196394561,29.465199460564243,35.0,0.1259886040200577,12.678094401839173
20.95330603899999,105.74208323299985,SAT_10104,19.669188313113324,189.38918426126244,98.90797698765265,169.9272562117298,-65.32051173024686,29.434536294543474,35.0,0.12632636335125777,12.701465449709291
20.95330603899999,105.84208323299984,SAT_10104,19.58439285717408,188.91220982160422,98.8973491444434,169.95088676872885,-65.4053071861861,29.39999831118013,35.0,0.12670611791119799,12.727712610726183
20.95330603899999,105.94208323299983,SAT_10104,19.490330611045096,188.38310968712867,98.88538200780016,169.9770181669737,-65.49936943231509,29.361585583709747,35.0,0.12712763038655098,12.756809218664591
20.95330603899999,106.04208323299983,SAT_10090,19.511848303837425,188.50414670908552,98.88821883281285,169.97289197419417,-65.47785173952276,29.37128597374683,35.0,0.1270177499671289,12.749227989108306
20.95330603899999,106.14208323299982,SAT_10090,19.579781074704727,188.88626854521408,98.89684858288042,169.95401638313592,-65.40991896865546,29.399027368559597,35.0,0.12671341341899786,12.72821654066014
20.95330603899999,106.24208323299982,SAT_10090,19.63851816612791,189.2166646844695,98.90423143815723,169.9376597991921,-65.35118187723228,29.42296922117027,35.0,0.1264503866470018,12.710040912563453
20.95330603899999,106.34208323299981,SAT_10090,19.688012116548364,189.49506815558456,98.91039665956394,169.9238511202089,-65.30168792681182,29.443111480373933,35.0,0.12622883295498308,12.694719454021879
20.95330603899999,106.4420832329998,SAT_10090,19.72822255223346,189.72125185631322,98.91536835739878,169.91261494135807,-65.26147749112673,29.459454103093734,35.0,0.12604889115797568,12.68226776170441
20.95330603899999,106.5420832329998,SAT_10090,19.7591164133039,189.89502982483444,98.91916576025841,169.9039714110626,-65.23058363005629,29.471997054380072,35.0,0.12591067485437257,12.67269859851938
20.95330603899999,106.6420832329998,SAT_10090,19.78066814073688,190.01625829164496,98.92180342670845,169.8979361117071,-65.20903190262331,29.48074030740989,35.0,0.12581427182530078,12.666021826500785
20.95330603899999,106.74208323299979,SAT_10090,19.792859822127383,190.08483649946655,98.92329140388372,169.89451996660122,-65.1968402212328,29.485683843486147,35.0,0.12575974356740918,12.662244354550314
20.95330603899999,106.84208323299978,SAT_10090,19.795681294460437,190.10070728133994,98.9236353361031,169.8937291743525,-65.19401874889975,29.486827652037466,35.0,0.12574712496394908,12.66137010162076
20.95330603899999,107.04208323299977,SAT_10090,19.773212013104427,189.9743175737124,98.92089194643118,169.90002462372604,-65.21648803025576,29.47771608490694,35.0,0.1258476222070917,12.66833186922957
20.95330603899999,107.14208323299977,SAT_10090,19.819944342991732,190.2371869293285,98.92658639396663,169.88692559418593,-65.16975570036846,29.496659803886217,35.0,0.1256386223507331,12.653851287718018
20.95330603899999,107.44208323299975,SAT_10090,19.926576749509508,190.83699421599098,98.93941801827873,169.85695638542597,-65.06312329385068,29.539786641120774,35.0,0.12516198627778827,12.620791563267687
21.053306038999988,103.042083233,SAT_10090,20.488667116676552,193.9987525313056,99.00355078749323,169.69711575153235,-64.50103292668364,29.764841319385276,35.0,0.12265541315482488,12.446103081381748
21.053306038999988,103.142083233,SAT_10090,20.475623543035056,193.92538242957218,99.00212599112518,169.70086079701687,-64.51407650032513,29.759662570330942,35.0,0.1227134651045521,12.450164808534648
21.053306038999988,103.24208323299999,SAT_10090,20.453001700609065,193.79813456592598,98.99964809725694,169.70735186380347,-64.53669834275112,29.75067595969022,35.0,0.12281415928031077,12.457208279357564
21.053306038999988,103.34208323299998,SAT_10090,20.42082170162432,193.61712207163683,98.99610823868649,169.71657663634315,-64.56887834173587,29.73788150665777,35.0,0.12295742706935958,12.467225784981137
21.053306038999988,103.44208323299998,SAT_10090,20.379112016032295,193.38250509018167,98.99149366593176,169.728517686146,-64.61058802732789,29.721279238562055,35.0,0.12314317130291016,12.480206408441042
21.053306038999988,103.54208323299997,SAT_10090,20.327909301563523,193.09448982129481,98.98578761344002,169.74315258079199,-64.66179074179666,29.700869190865888,35.0,0.12337126679171165,12.496136085078852
21.053306038999988,103.64208323299997,SAT_10090,20.26725818680555,192.75332730078122,98.97896912192515,169.7604540229865,-64.72244185655464,29.67665140716712,35.0,0.12364156101115756,12.51499767972412
21.053306038999988,103.74208323299996,SAT_10104,20.224184941110977,192.51104029374923,98.97401172056985,169.77084991991046,-64.76551510224921,29.658456795486803,35.0,0.12384632642988604,12.529275651395668
21.053306038999988,103.84208323299995,SAT_10104,20.1768358537025,192.24470167707653,98.96860608999155,169.78431252789625,-64.81286418965769,29.63949869545031,35.0,0.12405753159350025,12.543992825618261
21.053306038999988,103.94208323299995,SAT_10104,20.120075575216077,191.92542511059045,98.9620722404463,169.80042155225993,-64.86962446814411,29.616736495824593,35.0,0.12431080989522861,12.56162860181354
21.053306038999988,104.04208323299994,SAT_10104,20.053952477120788,191.55348268380442,98.95438560831849,169.81914744744353,-64.9357475662394,29.5901702452469,35.0,0.12460599565243385,12.582164368390329
21.053306038999988,104.14208323299994,SAT_10104,19.97852229807711,191.12918792668376,98.94551686960492,169.84045618885847,-65.01117774528308,29.559800000485485,35.0,0.12494289777027684,12.605578659139809
21.053306038999988,104.24208323299993,SAT_10104,19.893847828541183,190.65289403554416,98.93543161415796,169.86430947432387,-65.095852214819,29.525625826440724,35.0,0.12532130075048087,12.63184726618536
21.053306038999988,104.34208323299993,SAT_10104,19.799998561376626,190.12499190774352,98.92408995598528,169.8906649469387,-65.18970148198356,29.487647796146398,35.0,0.12574096581354016,12.660943365377726
21.053306038999988,104.44208323299992,SAT_10090,19.785521444915474,190.04355812764953,98.92240449010649,169.89657637588556,-65.20417859844471,29.482708460151784,35.0,0.12579256448897322,12.66451811822196
21.053306038999988,104.54208323299991,SAT_10104,19.78888494796547,190.06247783230575,98.92273530340873,169.89378023606903,-65.20081509539472,29.483143430850046,35.0,0.12579068055422948,12.664387609621503
21.053306038999988,104.64208323299991,SAT_10104,19.8183879519798,190.22843222988638,98.92632604435995,169.88550750575027,-65.17131209138039,29.495097786341994,35.0,0.12565871259405664,12.655243659378064
21.053306038999988,104.7420832329999,SAT_10104,19.838348371151937,190.34070958772966,98.92874555211706,169.87990570508458,-65.15135167220825,29.503179637381965,35.0,0.12556944423667019,12.649056160268954
21.053306038999988,104.8420832329999,SAT_10104,19.848749192415283,190.39921420733597,98.93000316310513,169.876985212712,-65.1409508509449,29.50738896683172,35.0,0.1255229338659504,12.645831671198687
21.053306038999988,104.94208323299989,SAT_10104,19.849581527019794,190.40389608948632,98.93010371214348,169.87675145192225,-65.1401185163404,29.507725765765134,35.0,0.12551921197888,12.645573618204402
21.053306038999988,105.04208323299989,SAT_10104,19.840844662931318,190.35475122898868,98.92904758525462,169.87920485717262,-65.14885538042887,29.504190033468007,35.0,0.12555828101822314,12.648282275706036
21.053306038999988,105.14208323299988,SAT_10104,19.822546069037585,190.25182163833642,98.92683072387393,169.88434087139888,-65.1671539743226,29.496781777438056,35.0,0.1256401153591094,12.65395476500268
21.053306038999988,105.24208323299987,SAT_10104,19.794701351096933,190.09519509992023,98.92344458054056,169.89214997416605,-65.19499869226325,29.48550101338506,35.0,0.12576466144966755,12.662585070032605
21.053306038999988,105.34208323299987,SAT_10104,19.75733415999197,189.88500464995482,98.91887602521432,169.90261774028153,-65.23236588336822,29.470347765231207,35.0,0.12593183810418548,12.674164070213719
21.053306038999988,105.44208323299986,SAT_10104,19.710476053414325,189.6214278004556,98.91310720039584,169.9157249281278,-65.27922398994586,29.451322065111555,35.0,0.1261415369456313,12.688679589984002
21.053306038999988,105.54208323299986,SAT_10104,19.654166312694997,189.3046855089094,98.90611532220562,169.93144759657483,-65.33553373066519,29.428423953374715,35.0,0.12639362299279178,12.706116464472295
21.053306038999988,105.64208323299985,SAT_10104,19.588451717007075,188.9350409081648,98.89787242345801,169.94975724899902,-65.40124832635311,29.40165347858368,35.0,0.126687935385798,12.726456620551971
21.053306038999988,105.74208323299985,SAT_10104,19.51338627765925,188.51279781183328,98.88834503351798,169.97062100260823,-65.47631376570094,29.371010697516816,35.0,0.12702428824243758,12.749679172367099
21.053306038999988,105.84208323299984,SAT_10090,19.50758492895099,188.48016522534934,98.88768623474004,169.974075092929,-65.4821151144092,29.369543127121993,35.0,0.12703685442488277,12.750546294177305
21.053306038999988,105.94208323299983,SAT_10090,19.594080032433396,188.96670018243788,98.89866357883454,169.95003762112157,-65.39562001092679,29.40485956403754,35.0,0.12664937247646146,12.723792581366297
21.053306038999988,106.04208323299983,SAT_10090,19.671461294481873,189.40196978146056,98.90835058411218,169.92847140944363,-65.31823874887831,29.43637915035675,35.0,0.12630291235251873,12.699843577438912
21.053306038999988,106.14208323299982,SAT_10090,19.739666801165356,189.78562575655513,98.91678631032431,169.9094141397798,-65.25003324219483,29.46410181864594,35.0,0.12599768720840793,12.678723233852555
21.053306038999988,106.24208323299982,SAT_10090,19.79864127835043,190.11735719072118,98.92400417078619,169.89289947677509,-65.19105876500976,29.488027509597995,35.0,0.12573388715320385,12.660452910679464
21.053306038999988,106.34208323299981,SAT_10090,19.848336395546127,190.39689222494698,98.93003231367452,169.8789568743314,-65.14136364781406,29.508156172031196,35.0,0.12551167826832677,12.645051267245519
21.053306038999988,106.4420832329998,SAT_10090,19.888711035547445,190.62399957495435,98.93489393744228,169.86761140369657,-65.10098900781274,29.524487762888217,35.0,0.1253312017398681,12.632534165264518
21.053306038999988,106.5420832329998,SAT_10090,19.919731526749118,190.79848983796379,98.93860754675359,169.85888360521528,-65.06996851661107,29.53702224723528,35.0,0.1251925731133908,12.622914585517677
21.053306038999988,106.6420832329998,SAT_10090,19.94137183538946,190.9202165740657,98.94118715401788,169.85278936555648,-65.04832820797073,29.545759598261487,35.0,0.12509588167887037,12.616202558996868
21.053306038999988,106.74208323299979,SAT_10090,19.953613715418626,190.98907714922976,98.94264243044614,169.84933982194573,-65.03608632794156,29.55069979727826,35.0,0.12504118999219005,12.612405113281895
21.053306038999988,106.84208323299978,SAT_10090,19.956446814178037,191.00501332975145,98.94297880952486,169.84854129460456,-65.03325322918215,29.551842833719007,35.0,0.1250285335382387,12.611526234758367
21.053306038999988,106.94208323299978,SAT_10090,19.949868732595377,190.968011620849,98.94219754486826,169.85039524825737,-65.03983131076481,29.549188705138903,35.0,0.12505792053919204,12.613566847107158
21.053306038999988,107.04208323299977,SAT_10090,19.933885039158866,190.87810334526864,98.94029572353733,169.85489828319405,-65.05581500420132,29.54273741721484,35.0,0.1251293319100264,12.618524806312093
21.053306038999988,107.14208323299977,SAT_10090,19.908509237496574,190.73536446091825,98.93726623507486,169.86204215600418,-65.08119080586361,29.53248898374554,35.0,0.12524272136174192,12.626394912243233
21.053306038999988,107.24208323299976,SAT_10090,19.87376268796106,190.539915119781,98.93309769567601,169.871813829717,-65.11593735539913,29.518443426651828,35.0,0.12539801565118994,12.63716893668275
21.053306038999988,107.34208323299976,SAT_10090,19.829674484179648,190.29191897351055,98.92777432606408,169.88419555271025,-65.16002555918054,29.500600775977052,35.0,0.12559511497483872,12.6508356674725
21.153306038999986,102.942083233,SAT_10090,20.601065033255793,194.63099081206386,99.01570885463853,169.66477295391542,-64.3886350101044,29.80938038391582,35.0,0.12215540136685547,12.411087038737943
21.153306038999986,103.042083233,SAT_10090,20.597601989548764,194.6115111912118,99.01533737080412,169.6657713657862,-64.39209805381142,29.808010435309203,35.0,0.12217080088988261,12.412166322444522
21.153306038999986,103.142083233,SAT_10090,20.584523051130972,194.53794216261173,99.01393260294726,169.66954098752393,-64.40517699222922,29.802835191198803,35.0,0.12222896406065546,12.416242231843421
21.153306038999986,103.24208323299999,SAT_10090,20.561839996803158,194.41034998201778,99.01148959873245,169.67607460038704,-64.42786004655703,29.79385466264108,35.0,0.1223298507515797,12.423310258059491
21.153306038999986,103.34208323299998,SAT_10090,20.52957318921173,194.228849189316,99.00799970954695,169.68535972722563,-64.46012685414846,29.781068868822413,35.0,0.12247339157097127,12.433362604174272
21.153306038999986,103.44208323299998,SAT_10090,20.487751451727846,193.99360191596912,99.00345050096779,169.69737871155516,-64.50194859163234,29.76447783705948,35.0,0.12265948824939624,12.446388228887255
21.153306038999986,103.54208323299997,SAT_10090,20.43641189530028,193.70481691106409,98.99782562311432,169.71210882870724,-64.5532881480599,29.74408160279979,35.0,0.12288801418386634,12.46237290796858
21.153306038999986,103.64208323299997,SAT_10104,20.386169366730186,193.4222026878573,98.99220354469156,169.72462384532605,-64.60353067663,29.723106809213427,35.0,0.12312431956390352,12.478889320953465
21.153306038999986,103.74208323299996,SAT_10104,20.348153744807377,193.20836481454148,98.987976191919,169.73549612875695,-64.64154629855281,29.707963113029525,35.0,0.12329368974815881,12.490719593077216
21.153306038999986,103.84208323299995,SAT_10104,20.30065734961343,192.94119759157556,98.98265912663054,169.74905947992139,-64.68904269374676,29.68901785330251,35.0,0.12350536447644858,12.505495702651439
21.153306038999986,103.94208323299995,SAT_10104,20.243721485111493,192.62093335375218,98.97623284837957,169.76528863834093,-64.7459785582487,29.666271070521834,35.0,0.12375920254995129,12.523201787879637
21.153306038999986,104.04208323299994,SAT_10104,20.17739520465679,192.24784802619445,98.9686734958907,169.78415361998913,-64.8123048387034,29.63972281330344,35.0,0.12405503613958846,12.543818995878112
21.153306038999986,104.14208323299994,SAT_10104,20.10173502738364,191.822259529033,98.95995258845674,169.80561989878322,-64.88796501597655,29.609373138390694,35.0,0.12439267168712095,12.567325583896897
21.153306038999986,104.24208323299993,SAT_10104,20.016804616174838,191.34452596598345,98.95003671214498,169.82964861243912,-64.97289542718535,29.57522211065552,35.0,0.12477189093206718,12.59369703446968
21.153306038999986,104.34208323299993,SAT_10104,19.922674421005453,190.8150436181557,98.9388871445876,169.85619679017756,-65.06702562235473,29.537269803099672,35.0,0.12519245205386947,12.622906183222982
21.153306038999986,104.44208323299992,SAT_10104,19.81942129176744,190.23424476619184,98.92645941070245,169.88521759956242,-65.17027875159275,29.49551629685616,35.0,0.1256540909178185,12.654923357968665
21.153306038999986,104.54208323299991,SAT_10104,19.707128064906684,189.6025953651001,98.91270275999565,169.91666060960952,-65.2825719784535,29.449961681190853,35.0,0.12615652241252792,12.689716527622316
21.153306038999986,104.64208323299991,SAT_10104,19.65088195991885,189.28621102454352,98.90571572699275,169.9323636923046,-65.33881808344134,29.427087215067967,35.0,0.12640832930591822,12.707133276898807
21.153306038999986,104.7420832329999,SAT_10104,19.67073055316078,189.3978593615294,98.90818881850379,169.92682577705096,-65.31896949019941,29.435163667909663,35.0,0.126319458503559,12.700987922554543
21.153306038999986,104.8420832329999,SAT_10104,19.68107302927048,189.45603578964645,98.90947424167395,169.92393862358523,-65.30862701408971,29.439370185778124,35.0,0.12627315552210389,12.697785420760505
21.153306038999986,104.94208323299989,SAT_10104,19.68190069250808,189.46069139535794,98.90957701319472,169.92370753225225,-65.30779935085211,29.439706759749967,35.0,0.12626945023848177,12.697529128111338
21.153306038999986,105.04208323299989,SAT_10104,19.673212846310435,189.4118222604962,98.90849753360168,169.9261329276535,-65.31648719704975,29.43617338911121,35.0,0.12630834504576946,12.700219313461702
21.153306038999986,105.14208323299988,SAT_10104,19.65501679735678,189.3094694851319,98.90623159168365,169.93121035605185,-65.33468324600341,29.428770081357268,35.0,0.12638981484016057,12.70585315646867
21.153306038999986,105.24208323299987,SAT_10104,19.627327812958157,189.15371894788962,98.90277031806963,169.93893051256816,-65.36237223040203,29.417496852193093,35.0,0.1265138071575662,12.7144247628694
21.153306038999986,105.34208323299987,SAT_10104,19.59016903229717,188.94470080667156,98.89810008708449,169.94927929781971,-65.39953101106302,29.4023537255335,35.0,0.1266802424583841,12.725925196318427
21.153306038999986,105.44208323299986,SAT_10104,19.543571332604273,188.68258874589904,98.89220236493867,169.96223790328216,-65.44612871075591,29.383340733503676,35.0,0.12688901455739754,12.740342526420033
21.153306038999986,105.54208323299986,SAT_10104,19.487573151903803,188.3675989794589,98.88505350123035,169.97778292429234,-65.50212689145638,29.36045791643981,35.0,0.12713999119424835,12.757661892409608
21.153306038999986,105.64208323299985,SAT_10090,19.455691759215682,188.18826614558822,98.8810362470645,169.98846176360985,-65.5340082841445,29.3483121381588,35.0,0.12726943526583404,12.76658922342763
21.153306038999986,105.74208323299985,SAT_10090,19.560582584526813,188.7782770379633,98.89444272961232,169.95935534798224,-65.42911745883337,29.391192940357552,35.0,0.12679940777223145,12.73415564343646
21.153306038999986,105.84208323299984,SAT_10090,19.65647311746234,189.31766128572565,98.90649416514576,169.9326531723355,-65.33322692589785,29.43027962616151,35.0,0.12637000479696608,12.704483374926879
21.153306038999986,105.94208323299983,SAT_10090,19.743287965997595,189.80599480873647,98.91724046903559,169.90840108252925,-65.24641207736259,29.465572111917513,35.0,0.1259814862039468,12.677601620546904
21.153306038999986,106.04208323299983,SAT_10090,19.82095776896128,190.24288745040718,98.92672517342176,169.88664129476618,-65.16874227439891,29.49707032209807,35.0,0.12563409077874543,12.65353721095206
21.153306038999986,106.14208323299982,SAT_10090,19.889419566695267,190.62798506266088,98.93498594066007,169.86741215993447,-65.10028047666492,29.52477418929992,35.0,0.125328035024611,12.632314471005753
21.153306038999986,106.24208323299982,SAT_10090,19.948617144105626,190.96097143559413,98.94205499739464,169.85074794518496,-65.04108289925456,29.54868365424267,35.0,0.12506351205362945,12.613955096258639
21.153306038999986,106.34208323299981,SAT_10090,19.998501342273514,191.2415700502885,98.94795949844142,169.83667863527302,-64.99119870108667,29.568798665767677,35.0,0.12484069058385273,12.598478040997483
21.153306038999986,106.4420832329998,SAT_10090,20.03903033506225,191.46954563472516,98.95272182796174,169.82522975602083,-64.95066970829794,29.58511918083702,35.0,0.12465971405242117,12.585899419061695
21.153306038999986,106.5420832329998,SAT_10090,20.0701698674832,191.64470550459302,98.95635984395587,169.81642222204425,-64.91953017587699,29.59764516453267,35.0,0.1245206998537257,12.576232418511667
21.153306038999986,106.6420832329998,SAT_10090,20.091893452982646,191.7669006730274,98.9588870708627,169.81027221062476,-64.89780659037754,29.606376590055792,35.0,0.12442373871051554,12.569487231098048
21.153306038999986,106.74208323299979,SAT_10090,20.10418252726501,191.83602671586567,98.96031284396402,169.80679106330888,-64.88551751609518,29.611313438726242,35.0,0.12436889418457059,12.565670997327974
21.153306038999986,106.84208323299978,SAT_10090,20.10702655677136,191.8520243818389,98.96064240832455,169.8059852164835,-64.88267348658883,29.61245569998219,35.0,0.1243562023321466,12.564787767755378
21.153306038999986,106.94208323299978,SAT_10090,20.100423100475084,191.81487994017235,98.95987697411768,169.80785616181623,-64.8892769428851,29.6098033713799,35.0,0.12438567150788978,12.566838480940884
21.153306038999986,107.04208323299977,SAT_10090,20.08437782422601,191.7246252612713,98.95801372936339,169.81240043707206,-64.90532221913418,29.60335645859372,35.0,0.12445728231933632,12.5718209583365
21.153306038999986,107.14208323299977,SAT_10090,20.058904467468693,191.58133762951138,98.95504581031437,169.81960964742086,-64.9307955758915,29.593114975416146,35.0,0.12457098773248888,12.579729916154283
21.153306038999986,107.24208323299976,SAT_10090,20.024024762745626,191.38513929044413,98.95096222894193,169.82947051696388,-64.96567528061456,29.57907894375813,35.0,0.12472671332732821,12.590556994081489
21.153306038999986,107.34208323299976,SAT_10090,19.979768308981576,191.13619673802137,98.94574775617241,169.84196496981713,-65.00993173437861,29.561248393649482,35.0,0.12492435770051037,12.604290800510453
21.153306038999986,107.44208323299975,SAT_10090,19.92617240010965,190.83471975061678,98.9393827586824,169.85707023971503,-65.06352764325054,29.539623363239482,35.0,0.1251637930109392,12.620916973764054
21.153306038999986,107.54208323299974,SAT_10090,19.863281811125148,190.48096018757897,98.93184298614844,169.87475900674937,-65.12641823223504,29.514203898797604,35.0,0.1254448656624328,12.640418258620834
21.253306038999987,102.84208323300001,SAT_10090,20.693043632578593,195.1483704332546,99.02550131799387,169.6382104638516,-64.2966564107816,29.84571204902302,35.0,0.12174653249163045,12.38241146346137
21.253306038999987,102.942083233,SAT_10090,20.699214345975292,195.18308069611103,99.02615349399956,169.63642534076763,-64.2904856973849,29.84814574294796,35.0,0.12171911195960136,12.380486987605629
21.253306038999987,103.042083233,SAT_10090,20.69574300959006,195.16355442894408,99.0257866873987,169.63742960998346,-64.29395703377013,29.846776725828228,35.0,0.12173453723336343,12.381569612381522
21.253306038999987,103.142083233,SAT_10090,20.68263278166934,195.08980939689005,99.02439962007776,169.64122133461046,-64.30706726169085,29.841605000589325,35.0,0.1217927975658755,12.385658130103835
21.253306038999987,103.24208323299999,SAT_10090,20.659895572171166,194.9619125934628,99.0219874495621,169.64779321113485,-64.32980447118902,29.832630578282966,35.0,0.12189385242351168,12.392747985913623
21.253306038999987,103.34208323299998,SAT_10090,20.627551970035768,194.77997983145121,99.01854171939586,169.6571326161742,-64.36214807332442,29.819853478087307,35.0,0.12203763171348728,12.402831303524033
21.253306038999987,103.44208323299998,SAT_10090,20.585631117985017,194.5441750386657,99.0140502720907,169.6692216869441,-64.40406892537517,29.803273727307296,35.0,0.12222403617575701,12.41589692956262
21.253306038999987,103.54208323299997,SAT_10090,20.53417053646568,194.25470926761943,99.00849712309177,169.68403743435636,-64.45552950689451,29.782891361375242,35.0,0.12245293793500459,12.4319304959784
21.253306038999987,103.64208323299997,SAT_10104,20.49963258837863,194.0604333096298,99.00467259783613,169.69208738417302,-64.49006745498156,29.768199988866016,35.0,0.12261908581319508,12.443560973861363
21.253306038999987,103.74208323299996,SAT_10104,20.461509647592464,193.8459917677076,99.00050778743719,169.70303391850337,-64.52819039576772,29.753066597182634,35.0,0.1227887949073958,12.455434279539592
21.253306038999987,103.84208323299995,SAT_10104,20.413879804314504,193.57807389926907,98.99526969994386,169.71668963689595,-64.57582023904568,29.734134228737943,35.0,0.12300089109205749,12.470263939795617
21.253306038999987,103.94208323299995,SAT_10104,20.35678489491181,193.25691503387895,98.98893934079331,169.73302893586242,-64.63291514844838,29.711402924003753,35.0,0.12325523150285811,12.488033905086839
21.253306038999987,104.04208323299994,SAT_10104,20.29027460141677,192.8827946329693,98.98149347067506,169.752021426592,-64.69942544194342,29.68487273157481,35.0,0.12355164633952681,12.508725100586716
21.253306038999987,104.14208323299994,SAT_10104,20.214406162435893,192.45603466370193,98.97290435547504,169.77363212009718,-64.7752938809243,29.654543708169747,35.0,0.12388993978181254,12.532315529215044
21.253306038999987,104.24208323299993,SAT_10104,20.12924404495604,191.97699775287774,98.96313946296792,169.79782163717772,-64.86045599840415,29.62041591863219,35.0,0.12426989103317859,12.558780388825445
21.253306038999987,104.34208323299993,SAT_10104,20.034859580945636,191.4460851428192,98.9521611003045,169.8245464406156,-64.95484046241455,29.582489435932064,35.0,0.12469125548140753,12.588092202249616
21.253306038999987,104.44208323299992,SAT_10104,19.931330572956682,190.86373447288133,98.93992598497643,169.8537590868165,-65.0583694704035,29.54076434116698,35.0,0.12515376596436759,12.620220958789616
21.253306038999987,104.54208323299991,SAT_10104,19.818740873165808,190.23041741155768,98.92638474032704,169.88540849396304,-65.17095917019438,29.495240723563853,35.0,0.12565713412846186,12.655134265666735
21.253306038999987,104.64208323299991,SAT_10104,19.697179940442155,189.54663716498715,98.91148130474535,169.9194402236522,-65.29252010291803,29.445918680480645,35.0,0.12620105186676994,12.692797507879709
21.253306038999987,104.7420832329999,SAT_10104,19.56674238009431,188.8129258880305,98.89515224135158,169.95579677295518,-65.42295766326588,29.392798317408285,35.0,0.12678519282358747,12.733174014895386
21.253306038999987,104.8420832329999,SAT_10104,19.50344887536464,188.4568999239261,98.88709944085484,169.97337892425725,-65.48625116799555,29.366949080867357,35.0,0.12706882856390678,12.752752496041746
21.253306038999987,104.94208323299989,SAT_10104,19.504271696308308,188.46152829173425,98.88720467899464,169.9731506034796,-65.48542834705188,29.36728542896756,35.0,0.12706514049325057,12.75249803204658
21.253306038999987,105.04208323299989,SAT_10104,19.495634661803976,188.41294497264738,98.88609928119797,169.975546928058,-65.49406538155621,29.363754429541114,35.0,0.12710385467194807,12.755169028367375
21.253306038999987,105.14208323299988,SAT_10104,19.477544911961303,188.31119012978232,98.88377886510115,169.9805635502436,-65.51215513139888,29.356356090081146,35.0,0.1271849465333243,12.7607627247031
21.253306038999987,105.24208323299987,SAT_10104,19.450017366525344,188.1563476867051,98.88023420036227,169.988191386278,-65.53968267683484,29.345090426287808,35.0,0.12730836473466361,12.769273352109991
21.253306038999987,105.34208323299987,SAT_10104,19.41307463914869,187.9485448452114,98.87545110544109,169.99841667102797,-65.5766254042115,29.329957462068624,35.0,0.12747403143343117,12.780692163818722
21.253306038999987,105.44208323299986,SAT_10104,19.36674690812619,187.68795135820983,98.8694102879018,170.01122104033567,-65.622953135234,29.31095722953896,35.0,0.12768184270431182,12.795007481732977
21.253306038999987,105.54208323299986,SAT_10090,19.47950676250295,188.3222255390791,98.88411366864216,169.9818626083679,-65.51019328085724,29.358059513385896,35.0,0.12716268827961388,12.759227497595637
21.253306038999987,105.64208323299985,SAT_10090,19.593694970514818,188.96453420914585,98.89863713944314,169.95014479266771,-65.39600507284537,29.404702538636027,35.0,0.1266510969769279,12.723911721836757
21.253306038999987,105.74208323299985,SAT_10090,19.698938369231513,189.55652832692726,98.91177954733159,169.92079950984302,-65.29076167412867,29.44755412438769,35.0,0.12617993303070887,12.69133635564264
21.253306038999987,105.84208323299984,SAT_10090,19.795154694950057,190.09774515909407,98.92359586127125,169.8938767737112,-65.19454534841013,29.486614178901586,35.0,0.12574948008104056,12.661533273519467
21.253306038999987,105.94208323299983,SAT_10090,19.882267393815738,190.58775409021354,98.93413431756544,169.869423172828,-65.10743264954445,29.521882618562085,35.0,0.12536000172439646,12.634532093554148
21.253306038999987,106.04208323299983,SAT_10090,19.960206025064977,191.0261588909905,98.94343699735354,169.84748161428962,-65.02949401829521,29.553359367875593,35.0,0.1250117402008094,12.610360031680385
21.253306038999987,106.14208323299982,SAT_10090,20.028906640269767,191.41259985151743,98.95154031783815,169.82809108238501,-64.96079340309042,29.581044359469068,35.0,0.12470491516601138,12.589041765008469
21.253306038999987,106.24208323299982,SAT_10090,20.08831213444563,191.74675575625668,98.9584754478377,169.81128641482488,-64.90138790891456,29.60493753408872,35.0,0.12443972256029906,12.570599305618101
21.253306038999987,106.34208323299981,SAT_10090,20.138372565069147,192.02834567851394,98.96426865634346,169.7970980991617,-64.85132747829104,29.625038840598833,35.0,0.124216333585254,12.555051886142914
21.253306038999987,106.4420832329998,SAT_10090,20.179045435326813,192.25713057371334,98.96894160115194,169.78555209183463,-64.81065460803337,29.64134823598078,35.0,0.12403489379862585,12.542415858380904
21.253306038999987,106.5420832329998,SAT_10090,20.210295938256593,192.43291465269334,98.97251156327874,169.77666966205112,-64.7794041051036,29.653865685332185,35.0,0.12389552233668735,12.532704606047979
21.253306038999987,106.6420832329998,SAT_10090,20.232097158848234,192.5555465185213,98.9749916316837,169.7704672624529,-64.75760288451195,29.66259116186623,35.0,0.1237983112721972,12.525928472653076
21.253306038999987,106.74208323299979,SAT_10090,20.244430231642767,192.62492005299055,98.97639084181105,169.7669564281981,-64.74526981171742,29.667524646911136,35.0,0.12374332511478586,12.522094705315657
21.253306038999987,106.84208323299978,SAT_10090,20.24728445188296,192.6409750418417,98.97671427053137,169.76614370575558,-64.74241559147723,29.66866612990981,35.0,0.1237306004591265,12.521207415172334
21.253306038999987,106.94208323299978,SAT_10090,20.240657338836414,192.60369753095483,98.97596308923899,169.76803061232636,-64.74904270452377,29.666015608419613,35.0,0.12376014578469888,12.523267554832328
21.253306038999987,107.04208323299977,SAT_10090,20.22455465049481,192.5131199090333,98.97413457607756,169.7726136264235,-64.76514539286538,29.659573088112346,35.0,0.12383194140932464,12.52827291314491
21.253306038999987,107.14208323299977,SAT_10090,20.19899034946883,192.36932071576217,98.97122208751775,169.77988420972872,-64.79070969389136,29.649338582774323,35.0,0.12394593959698029,12.536218127339982
21.253306038999987,107.24208323299976,SAT_10090,20.163986520503812,192.17242417783393,98.96721498876681,169.78982885994444,-64.82571352285638,29.63531211430668,35.0,0.12410206481871332,12.547094712399916
21.253306038999987,107.34208323299976,SAT_10090,20.119573240646773,191.92259947863812,98.96209854173176,169.802429193955,-64.87012680271341,29.617493712725764,35.0,0.12430021416382785,12.560891107320353
21.35330603899999,102.942083233,SAT_10090,20.78646960574207,195.67389153229914,99.03530685366736,169.61114168738828,-64.20323043761812,29.88250819559915,35.0,0.12133151333021053,12.353265432498768
21.35330603899999,103.042083233,SAT_10090,20.78299109711935,195.65432492129636,99.03494414429505,169.61215113243097,-64.20670894624084,29.881140113651067,35.0,0.12134696050223215,12.354350966958718
21.35330603899999,103.142083233,SAT_10090,20.76985380812377,195.5804276706962,99.03357258241583,169.61596238809824,-64.21984623523642,29.875971921203586,35.0,0.12140530345659503,12.358450464885168
21.35330603899999,103.24208323299999,SAT_10090,20.747069765074173,195.45226742854223,99.0311874213658,169.62256807555576,-64.24263027828601,29.86700362930371,35.0,0.12150650130092946,12.365559330733037
21.35330603899999,103.34208323299998,SAT_10090,20.714659757665757,195.2699611368699,99.02778037226155,169.6319554414996,-64.27504028569443,29.8542352571214,35.0,0.12165048332301778,12.375669617993214
21.35330603899999,103.44208323299998,SAT_10090,20.67265321191732,195.03367431703492,99.02333951909962,169.64410643986426,-64.31704683144287,29.837666831949967,35.0,0.12183714938762666,12.388770074140961
21.35330603899999,103.54208323299997,SAT_10104,20.631015108171084,194.79945998346236,99.01883793857205,169.65424978867776,-64.3586849351891,29.82021683885653,35.0,0.12203458100015634,12.402617404367723
21.35330603899999,103.64208323299997,SAT_10104,20.602360799295184,194.6382794960354,99.015772680977,169.66251703528374,-64.387339244065,29.808890204487728,35.0,0.12216201264989406,12.411550400619085
21.35330603899999,103.74208323299996,SAT_10104,20.564142167854115,194.42329969417938,99.01166331441362,169.67353077324452,-64.42555787550607,29.79376715802657,35.0,0.122332020452625,12.4234622398355
21.35330603899999,103.84208323299995,SAT_10104,20.516393350502497,194.15471259657653,99.00649523705609,169.6872700890918,-64.47330669285769,29.7748477318087,35.0,0.12254448803800684,12.438339847536579
21.35330603899999,103.94208323299995,SAT_10104,20.45915666786702,193.83275625675202,99.00024990015251,169.7037090669232,-64.53054337549317,29.75213196628839,35.0,0.1227992710327674,12.456167003825584
21.35330603899999,104.04208323299994,SAT_10104,20.392482373744286,193.4577133523116,98.9929046123932,169.7228169492899,-64.5972176696159,29.72561991003931,35.0,0.12309619785088327,12.476924432514439
21.35330603899999,104.14208323299994,SAT_10104,20.316428360993797,193.02990953059012,98.98443229732003,169.74455832569254,-64.67327168236639,29.695311619755504,35.0,0.12343507062309896,12.500589905806258
21.35330603899999,104.24208323299993,SAT_10104,20.231059827706332,192.54971153084813,98.97480119917525,169.76889334630732,-64.75864021565386,29.661207160252477,35.0,0.12381566625590343,12.527138363343097
21.35330603899999,104.34208323299993,SAT_10104,20.136448907636122,192.0175251054532,98.9639745314707,169.79577795829346,-64.85325113572407,29.623306604468493,35.0,0.12423773760892665,12.556542044290186
21.35330603899999,104.44208323299992,SAT_10104,20.032674269197926,191.43379276423832,98.95191006125182,169.82516416183165,-64.95702577416226,29.581610033465974,35.0,0.1247010147787686,12.588770631017816
21.35330603899999,104.54208323299991,SAT_10104,19.91982068756559,190.79899136755645,98.93855962048548,169.857000282893,-65.0698793557946,29.53611753643311,35.0,0.12520520647653707,12.623791402858167
21.35330603899999,104.64208323299991,SAT_10104,19.79797859455894,190.11362959439404,98.92386853415397,169.89123125964286,-65.19172144880125,29.486829210685592,35.0,0.12575000148584875,12.66156939835812
21.35330603899999,104.7420832329999,SAT_10104,19.667243611070262,189.37824531227022,98.90777495241248,169.92779893935113,-65.32245643228993,29.433745161668526,35.0,0.12633507018774906,12.702067584419574
21.35330603899999,104.8420832329999,SAT_10104,19.527716066767468,188.59340287556702,98.89020907146472,169.96664238269662,-65.46198397659272,29.376865502958506,35.0,0.12696006613891478,12.74524703071569
21.35330603899999,104.94208323299989,SAT_10104,19.37950051171981,187.75969037842395,98.87109222450778,170.00769817242394,-65.61019953164038,29.316190356265817,35.0,0.12762462768961313,12.791067087792644
21.35330603899999,105.04208323299989,SAT_10104,19.308258467661716,187.35895388059714,98.86173051038833,170.02735702529864,-65.68144157569847,29.28693329924845,35.0,0.12794429534526286,12.813073554303015
21.35330603899999,105.14208323299988,SAT_10104,19.29027845680291,187.25781631951637,98.85934969392565,170.03231081937545,-65.69942158655728,29.279539948092154,35.0,0.12802499692780472,12.818625718346166
21.35330603899999,105.24208323299987,SAT_10104,19.26291757902696,187.10391138202667,98.85571256050386,170.03984326171712,-65.72678246433323,29.2682818801391,35.0,0.1281478222494553,12.827073260505742
21.35330603899999,105.34208323299987,SAT_10090,19.351265870623493,187.60087052225714,98.86747980272546,170.01733375473043,-65.6384341727367,29.3054916810508,35.0,0.12773771015068472,12.798854388906376
21.35330603899999,105.44208323299986,SAT_10090,19.483467958708076,188.34450726773295,98.88463481060298,169.98076442693286,-65.50623208465211,29.359680160026166,35.0,0.12714493451100908,12.758002883234399
21.35330603899999,105.54208323299986,SAT_10090,19.60688420253034,189.03872363923315,98.90030766477071,169.94647310784256,-65.38281584082985,29.410080002585307,35.0,0.12659203155681947,12.719830704015772
21.35330603899999,105.64208323299985,SAT_10090,19.72142093628746,189.68299276661696,98.91456668772324,169.91451665539535,-65.26827910707273,29.45669110078432,35.0,0.1260793249121657,12.68437422754954
21.35330603899999,105.74208323299985,SAT_10090,19.82698939333207,190.2768153374929,98.92747228728089,169.88494901679496,-65.16271065002812,29.499513354803042,35.0,0.12560712080340353,12.65166786723279
21.35330603899999,105.84208323299984,SAT_10090,19.923506153452095,190.81972211316804,98.93907771505248,169.85782094519934,-65.06619388990809,29.53854667294316,35.0,0.12517570658816404,12.621743911063744
21.35330603899999,105.94208323299983,SAT_10090,20.010893574588508,191.31127635706036,98.94942971533656,169.83317972569824,-64.97880646877168,29.57379097162636,35.0,0.1247853493452498,12.594632365354542
21.35330603899999,106.04208323299983,SAT_10090,20.089080204557973,191.7510761506386,98.95856907931567,169.81106891349754,-64.90061983880221,29.60524617539274,35.0,0.12443629453818919,12.570360806159222
21.35330603899999,106.14208323299982,SAT_10090,20.158001168403587,192.13875657227018,98.96653111676667,169.79152808719064,-64.8316988749566,29.632912216899324,35.0,0.12412876476493971,12.54895423990035
21.35330603899999,106.24208323299982,SAT_10090,20.217598527107356,192.4739917149789,98.9733460553358,169.7745926199349,-64.77210151625283,29.656789036918756,35.0,0.12386295860579542,12.530434974630884
21.35330603899999,106.34208323299981,SAT_10090,20.267821603604176,192.75649652027352,98.97903937561725,169.76029347121704,-64.72187843975601,29.676876584338125,35.0,0.12363904958091312,12.514822503296177
21.35330603899999,106.4420832329998,SAT_10090,20.308627272306126,192.98602840672197,98.98363208875165,169.7486570017193,-64.68107277105406,29.693174816157992,35.0,0.12345718522803827,12.502133400264714
21.35330603899999,106.5420832329998,SAT_10090,20.33998020870243,193.16238867395117,98.98714096196751,169.73970481356326,-64.64971983465776,29.705683697491544,35.0,0.12331748630998549,12.492381232276045
21.35330603899999,106.6420832329998,SAT_10090,20.361853096009952,193.285423665056,98.98957869637307,169.7334536179416,-64.62784694735024,29.7144032015639,35.0,0.12322004616023077,12.485576484812313
21.35330603899999,106.74208323299979,SAT_10090,20.374226786341552,193.35502567317124,98.99095406033148,169.72991513181893,-64.61547325701864,29.719333309711615,35.0,0.12316493017361399,12.481726504737704
21.35330603899999,106.84208323299978,SAT_10090,20.377090414385393,193.37113358091784,98.99127198088095,169.729096005038,-64.6126096289748,29.720474011382297,35.0,0.12315217544766202,12.48083545987142
21.35330603899999,106.94208323299978,SAT_10090,20.37044146217106,193.33373322471223,98.99053359486895,169.73099777877795,-64.61925858118913,29.717825304134397,35.0,0.12318179057844468,12.482904315967136
21.35330603899999,107.04208323299977,SAT_10090,20.35428577410481,193.24285747933956,98.98873626072633,169.73561687590956,-64.63541426925538,29.711387193637183,35.0,0.12325375561320179,12.4879308313698
21.35330603899999,107.14208323299977,SAT_10090,20.328637522086183,193.09858606173478,98.98587353109481,169.74294462337178,-64.661062521274,29.701159693670835,35.0,0.12336802216026248,12.495909569412795
21.35330603899999,107.24208323299976,SAT_10090,20.293519121144186,192.90104505643603,98.98193508581241,169.7529673062783,-64.696180922216,29.68714282612671,35.0,0.12352451365504909,12.506831928409373
21.35330603899999,107.34208323299976,SAT_10090,20.248961096656146,192.65040616869084,98.97690662403994,169.7656662530465,-64.74073894670404,29.669336621007783,35.0,0.12372312577925376,12.520686188886073
21.35330603899999,107.44208323299975,SAT_10090,20.195001904808095,192.34688571454555,98.9707697135516,169.7810179504455,-64.79469813855209,29.647741116429223,35.0,0.1239637270286288,12.537457577507194
21.35330603899999,107.54208323299974,SAT_10090,20.13168770852063,191.99074336042858,98.96350159439197,169.79899418708368,-64.85801233483956,29.622356358619133,35.0,0.12424615942327406,12.557128346951734
21.453306038999987,102.942083233,SAT_10090,20.862741203148403,196.10291926770975,99.04320790472815,169.58897689899152,-64.12695884021178,29.912467673364315,35.0,0.12099291096414896,12.329456703620442
21.453306038999987,103.042083233,SAT_10090,20.85925667950707,196.08331882222726,99.04284874260028,169.5899908146559,-64.13044336385312,29.911100530270637,35.0,0.12100837606712266,12.330544703400731
21.453306038999987,103.142083233,SAT_10090,20.846096696590635,196.00929391832233,99.04149060473357,169.59381894017227,-64.14360334676955,29.905935884526908,35.0,0.12106678667022658,12.33465350445397
21.453306038999987,103.24208323299999,SAT_10090,20.823273381532402,195.88091277111977,99.0391288271163,169.6004538313392,-64.16642666182778,29.896973747175444,35.0,0.12116810157164834,12.341778476092392
21.453306038999987,103.34208323299998,SAT_10090,20.79080769795901,195.69829330101945,99.03575526541783,169.60988262210034,-64.19889234540118,29.884214137378077,35.0,0.1213122495248743,12.351911611154042
21.453306038999987,103.44208323299998,SAT_10090,20.748729317321192,195.4616024099317,99.03135821193301,169.62208710733813,-64.240970726039,29.867657082416525,35.0,0.12149912963979433,12.365041571477601
21.453306038999987,103.54208323299997,SAT_10104,20.7229687801007,195.31669938806644,99.02858173101112,169.62766318184828,-64.26673126325949,29.856496230650468,35.0,0.12162582524008071,12.373938486821592
21.453306038999987,103.64208323299997,SAT_10104,20.694251546127532,195.1551649469674,99.02555273758871,169.63597546250614,-64.29544849723266,29.845177374967374,35.0,0.12175345037515879,12.382896959318737
21.453306038999987,103.74208323299996,SAT_10104,20.655949311723532,194.93971487844487,99.02149213880767,169.64704906169607,-64.33375073163666,29.830064714427607,35.0,0.12192371523763146,12.39484266913057
21.453306038999987,103.84208323299995,SAT_10104,20.608096564602647,194.6705431758899,99.01638563881605,169.66086283902814,-64.38160347875754,29.811158281352867,35.0,0.12213650236971112,12.409762418712567
21.453306038999987,103.94208323299995,SAT_10104,20.550736058550015,194.3478903293438,99.01021507900703,169.677390598752,-64.43896398481017,29.788458116179978,35.0,0.12239166605379166,12.42763983618436
21.453306038999987,104.04208323299994,SAT_10104,20.483918558742076,193.97204189292418,99.00295824756604,169.69660125323873,-64.50578148461811,29.76196426746167,35.0,0.12268903311302926,12.448455465728033
21.453306038999987,104.14208323299994,SAT_10104,20.40770254312362,193.54332680507034,98.99458864336349,169.71845901449765,-64.58199750023657,29.73167679186753,35.0,0.12302840385299228,12.472186873753449
21.453306038999987,104.24208323299993,SAT_10104,20.322153863508788,193.06211548223692,98.9850751897534,169.74292361128727,-64.6675461798514,29.697595754185105,35.0,0.12340955313431491,12.498808769614916
21.453306038999987,104.34208323299993,SAT_10104,20.227345370466082,192.5288177088717,98.97438189276058,169.769950529125,-64.7623546728941,29.65972122732119,35.0,0.12383223156511751,12.528293139525172
21.453306038999987,104.44208323299992,SAT_10104,20.123356506378414,191.94388034837857,98.96246743688211,169.79949127028345,-64.86634353698177,29.618053292303212,35.0,0.12429616680099334,12.560609392200545
21.453306038999987,104.54208323299991,SAT_10104,20.010272871303826,191.30778490108403,98.94928471024306,169.83149363071107,-64.97942717205636,29.57259203828086,35.0,0.12480106493961347,12.595724514686545
21.453306038999987,104.64208323299991,SAT_10104,19.888185766413685,190.62104493607697,98.93478024907122,169.86590199072165,-65.1015142769465,29.5233375625278,35.0,0.12534661199647956,12.633603236756176
21.453306038999987,104.7420832329999,SAT_10104,19.757191719846517,189.88420342413667,98.9188935893203,169.90265761626495,-65.23250832351367,29.470289970443584,35.0,0.1259324754480523,12.674208202244253
21.453306038999987,104.8420832329999,SAT_10104,19.617391999803544,189.09782999889492,98.90155651067894,169.94169896760567,-65.37230804355664,29.41344937555572,35.0,0.126558305828398,12.717500145678304
21.453306038999987,104.94208323299989,SAT_10104,19.46889211961225,188.2625181728189,98.88269215503705,169.9829620123147,-65.52080792374794,29.352815899521886,35.0,0.12722373836561487,12.763438072589521
21.453306038999987,105.04208323299989,SAT_10104,19.31180133932031,187.37888253367674,98.86221399758746,170.02638053959492,-65.67789870403988,29.288389672132304,35.0,0.12792839464461095,12.811979441932642
21.453306038999987,105.14208323299988,SAT_10090,19.176457874270838,186.6175755427735,98.84420914736548,170.0654311762796,-65.81324216908935,29.23352222289635,35.0,0.1285223312045237,12.85281088450159
21.453306038999987,105.24208323299987,SAT_10090,19.32632430067359,187.46057419128894,98.86421474002766,170.0242141716365,-65.6633757426866,29.29524514431941,35.0,0.12784960373049545,12.806557111639018
21.453306038999987,105.34208323299987,SAT_10090,19.467588528463097,188.25518547260492,98.88260737678992,169.98516584406485,-65.52211151489709,29.353182274909503,35.0,0.1272161077314993,12.762911838010245
21.453306038999987,105.44208323299986,SAT_10090,19.600147234136045,189.00082819201526,98.89947140659525,169.94834879002426,-65.38955280922414,29.40733349052396,35.0,0.12662220110074787,12.7219153086231
21.453306038999987,105.54208323299986,SAT_10090,19.723901099653986,189.6969436855537,98.91488166956172,169.91382326051854,-65.2657989437062,29.457698675144613,35.0,0.12606822728412131,12.683606131048151
21.453306038999987,105.64208323299985,SAT_10090,19.838755285987702,190.34299848368082,98.92890449167086,169.8816468623479,-65.15094475737249,29.50427772087553,35.0,0.125554513701977,12.648021102198136
21.453306038999987,105.74208323299985,SAT_10090,19.94461989987559,190.9384869368002,98.94159853643107,169.8518742628986,-65.0450801434846,29.547070527940914,35.0,0.1250813702064546,12.615195038320453
21.453306038999987,105.84208323299984,SAT_10090,20.041410449388906,191.4829337778126,98.95301553441811,169.82455690135208,-64.94828959397128,29.586077004683172,35.0,0.124649087587179,12.585160609715203
21.453306038999987,105.94208323299983,SAT_10090,20.129048283804522,191.97589659640045,98.96320090786651,169.79974270926152,-64.86065175955567,29.621297067561123,35.0,0.12425793613841371,12.557948181716863
21.453306038999987,106.04208323299983,SAT_10090,20.207461013242707,192.4169681994902,98.97219430444416,169.77747584348492,-64.78223903011748,29.652730641148356,35.0,0.12390816430067549,12.533585663480231
21.453306038999987,106.14208323299982,SAT_10090,20.27658290358154,192.80577883264618,98.98003005184891,169.75779643443155,-64.71311713977865,29.680377658131793,35.0,0.12359999738958574,12.5120983660893
21.453306038999987,106.24208323299982,SAT_10090,20.33635524227222,193.14199823778122,98.98673754280252,169.74074035251303,-64.65334480108797,29.704238059310352,35.0,0.1233336364242916,12.493508871460996
21.453306038999987,106.34208323299981,SAT_10090,20.38672667088653,193.42533752373674,98.99234155829785,169.7263389955578,-64.60297337247366,29.724311793593813,35.0,0.12310925706714136,12.477836913442536
21.453306038999987,106.4420832329998,SAT_10090,20.42765348050682,193.65555082785087,98.99686253550767,169.71461909976657,-64.56204656285337,29.740598818001807,35.0,0.12292700868544831,12.465099272403169
21.453306038999987,106.5420832329998,SAT_10090,20.45909986642492,193.83243674864022,99.00031678553162,169.7056025765548,-64.53060017693527,29.753099097662997,35.0,0.12278701354513065,12.455309684498324
21.453306038999987,106.6420832329998,SAT_10090,20.481038139048692,193.9558395321489,99.00271666509533,169.69930637734248,-64.5086619043115,29.761812605814377,35.0,0.12268936614478955,12.448478766638612
21.453306038999987,106.74208323299979,SAT_10090,20.49344888840649,194.02564999728654,99.0040707053857,169.6957423880267,-64.4962511549537,29.76673932380078,35.0,0.12263413269739828,12.444613958030375
21.453306038999987,106.84208323299978,SAT_10090,20.496321100189903,194.04180618856822,99.0043837003748,169.69491735450876,-64.49337894317028,29.767879241074493,35.0,0.12262135076525016,12.443719478970767
21.453306038999987,106.94208323299978,SAT_10090,20.489652221870344,194.0042937480207,99.0036567562279,169.69683284024964,-64.50004782148984,29.76523235519505,35.0,0.1226510290521758,12.445796307383077
21.453306038999987,107.04208323299977,SAT_10090,20.47344817804948,193.91314600152833,99.00188730268084,169.70148521641426,-64.5162518653107,29.758798671829208,35.0,0.12272314735532483,12.450842173370338
21.453306038999987,107.14208323299977,SAT_10090,20.447723334845605,193.76844375850655,98.9990690665904,169.7088656847367,-64.54197670851458,29.748578204751027,35.0,0.12283765667704635,12.458851571851852
21.453306038999987,107.24208323299976,SAT_10090,20.41250041377438,193.57031482748087,98.9951920071844,169.71896033279958,-64.5771996295858,29.734570975842164,35.0,0.12299447949562922,12.469815793132762
21.453306038999987,107.34208323299976,SAT_10090,20.367810356209873,193.31893325368057,98.99024221184833,169.73175022100577,-64.62188968715031,29.716777015092283,35.0,0.12319351019191825,12.483722971044905
21.453306038999987,107.44208323299975,SAT_10090,20.31369214013567,193.01451828826313,98.9842017505585,169.74721150010362,-64.67600790322452,29.695196360599642,35.0,0.12343461562713133,12.500558148093406
21.453306038999987,107.54208323299974,SAT_10090,20.25019255147079,192.6573331020232,98.97704848628894,169.7653155577447,-64.7395074918894,29.669829058571842,35.0,0.12371763586560963,12.520303356850922
21.453306038999987,107.64208323299974,SAT_10090,20.17736591277864,192.24768325937987,98.96875583785108,169.78602919220873,-64.81233413058155,29.640675163326712,35.0,0.12404238503475591,12.54293771666476
21.453306038999987,107.74208323299973,SAT_10090,20.095273772647317,191.78591497114115,98.95929249064771,169.80931481110943,-64.89442627071287,29.60773473729338,35.0,0.12440865231309137,12.568437544583727
21.553306038999985,103.042083233,SAT_10090,20.92446029016935,196.4500891322026,99.0495335712279,169.57099738748238,-64.06523975319084,29.936657915962094,35.0,0.12071905445957974,12.310181227210965
21.553306038999985,103.142083233,SAT_10090,20.91128210336329,196.37596183141852,99.0481868721943,169.57483964240396,-64.0784179399969,29.931496830826898,35.0,0.12077751735632493,12.314297611063514
21.553306038999985,103.24208323299999,SAT_10090,20.88842729035281,196.24740350823453,99.04584501980386,169.58149899300759,-64.10127275300738,29.922540872152677,35.0,0.12087892272427786,12.3214357094282
21.553306038999985,103.34208323299998,SAT_10090,20.855916960725125,196.06453290407885,99.04249999257213,169.59096247842197,-64.13378308263506,29.90979005909318,35.0,0.12102319887083696,12.331587464435444
21.553306038999985,103.44208323299998,SAT_10104,20.823124241951035,195.8800738609746,99.03903949020271,169.59860695396597,-64.16657580140915,29.89589230943487,35.0,0.12118092663415767,12.342680230243895
21.553306038999985,103.54208323299997,SAT_10104,20.803982312579066,195.77240050825725,99.03705240281793,169.6041681809982,-64.18571773078112,29.88837247450923,35.0,0.12126593105105475,12.3486560932411
21.553306038999985,103.64208323299997,SAT_10104,20.775211559418338,195.61056502172815,99.0340549796717,169.61251976979224,-64.21448848394185,29.87706142797718,35.0,0.12139371737066026,12.357636424756128
21.553306038999985,103.74208323299996,SAT_10104,20.736838229325258,195.39471503995458,99.0300368351468,169.62364561789187,-64.25286181403493,29.86195919403556,35.0,0.12156419632888066,12.369611193849751
21.553306038999985,103.84208323299995,SAT_10104,20.688897117475463,195.12504628579947,99.02498393866951,169.63752438585007,-64.30080292588472,29.843065804992225,35.0,0.12177724951956409,12.384567095507306
21.553306038999985,103.94208323299995,SAT_10104,20.631431356994042,194.8018013830915,99.01887846985018,169.65412963244705,-64.35826868636615,29.820381301266647,35.0,0.12203273005276588,12.402487625132977
21.553306038999985,104.04208323299994,SAT_10104,20.56449216085589,194.42526840481443,99.01169863249193,169.6734299804646,-64.4252078825043,29.793905731390733,35.0,0.12233046336443729,12.423353170066004
21.553306038999985,104.14208323299994,SAT_10104,20.488138519294424,193.99577917103116,99.00341842406901,169.69538931085918,-64.50156152406576,29.76363915200976,35.0,0.12267024816869489,12.447141117047641
21.553306038999985,104.24208323299993,SAT_10104,20.40243685643874,193.51370731746792,98.99400735637168,169.71996698285992,-64.58726318692145,29.72958162788347,35.0,0.12305185754244455,12.473825974402558
21.553306038999985,104.34208323299993,SAT_10104,20.30746065032075,192.97946615805424,98.98343012197384,169.74711807723764,-64.68223939303944,29.691733231887365,35.0,0.12347504013094807,12.50337950755821
21.553306038999985,104.44208323299992,SAT_10104,20.203290020713396,192.39350636651287,98.97164619996424,169.77679365978673,-64.78641002264679,29.650094045014097,35.0,0.1239395214619434,12.535770886412212
21.553306038999985,104.54208323299991,SAT_10104,20.09001128950638,191.75631350347336,98.95860939294619,169.80894106190178,-64.89968875385381,29.604664156375065,35.0,0.12444500535517437,12.57096684297192
21.553306038999985,104.64208323299991,SAT_10104,19.967716518475953,191.06840541642723,98.94426728559826,169.84350417503921,-65.02198352488423,29.555443663202155,35.0,0.12499117541366103,12.608931837633518
21.553306038999985,104.7420832329999,SAT_10104,19.836503029364877,190.33032954017744,98.92856061302793,169.88042375582353,-65.15319701399531,29.502432670849625,35.0,0.12557769658273824,12.649628232438669
21.553306038999985,104.8420832329999,SAT_10104,19.696472911175476,189.54266012536203,98.91142252465279,169.91963773857282,-65.29322713218471,29.445631292796186,35.0,0.12620421676281143,12.693016469645261
21.553306038999985,104.94208323299989,SAT_10104,19.547732519470827,188.7059954220234,98.8927777262949,169.96108155210243,-65.44196752388936,29.38503965064719,35.0,0.12687036846190367,12.739055253972223
21.553306038999985,105.04208323299989,SAT_10104,19.390391972318568,187.82095484429195,98.87254147942885,170.0046884377784,-65.59930807104162,29.32065787413703,35.0,0.12757577047439028,12.78770173692584
21.553306038999985,105.14208323299988,SAT_10090,19.28169920178877,187.20955801006184,98.8583273695302,170.03650963605938,-65.70800084157142,29.276893851186493,35.0,0.12804984871962813,12.820335207978891
21.553306038999985,105.24208323299987,SAT_10090,19.431916055003754,188.05452780939612,98.8780178119552,169.9950445725512,-65.55778398835643,29.33857413245026,35.0,0.12737602322530203,12.773937525030194
21.553306038999985,105.34208323299987,SAT_10090,19.573516021441364,188.85102762060768,98.89612477646996,169.95575904310044,-65.41618402191882,29.396471238388532,35.0,0.1267414747659099,12.730154742441
21.553306038999985,105.44208323299986,SAT_10090,19.706394642351697,189.59846986322833,98.91273031373593,169.91871636730622,-65.28330540100849,29.450585044913588,35.0,0.12614656494034795,12.689027513675521
21.553306038999985,105.54208323299986,SAT_10090,19.830451491611967,190.29628964031733,98.92790725286379,169.8839775032469,-65.15924855174822,29.50091543605857,35.0,0.1255916407884169,12.650594843771463
21.553306038999985,105.64208323299985,SAT_10090,19.945590656843365,190.94394744474394,98.94172016034352,169.85160074374244,-65.04410938651682,29.54746230397526,35.0,0.12507703319112565,12.614893913558525
21.553306038999985,105.74208323299985,SAT_10090,20.05172121381196,191.54093182769228,98.95422616168803,169.82164141609672,-64.93797882954823,29.590225548931972,35.0,0.12460305530646482,12.581959907077
21.553306038999985,105.84208323299984,SAT_10090,20.148757689619146,192.0867620041077,98.96547564573582,169.79415158825998,-64.84094235374104,29.62920507931161,35.0,0.12417000105379479,12.551825843738888
21.553306038999985,105.94208323299983,SAT_10090,20.23662051008091,192.58099036920513,98.97551286801443,169.76917978442816,-64.75307953327928,29.6644008116099,35.0,0.12377814366015259,12.524522416800878
21.553306038999985,106.04208323299983,SAT_10090,20.315236426656114,193.02320489994065,98.98437646667321,169.74677071313383,-64.67446361670407,29.695812670433753,35.0,0.12342773428174894,12.500077839722252
21.553306038999985,106.14208323299982,SAT_10090,20.384538918328744,193.4130314155992,98.99209990211806,169.72696501085838,-64.60516112503144,29.723440588499802,35.0,0.12311900071369118,12.478517701959172
21.553306038999985,106.24208323299982,SAT_10090,20.444468563971625,193.7501356723404,98.99871182951384,169.7097990041215,-64.54523147938856,29.74728450663311,35.0,0.12285214620052279,12.459864835699658
21.553306038999985,106.34208323299981,SAT_10090,20.49497338091777,194.03422526766246,99.00423641167802,169.69530449287936,-64.49472666244242,29.767344373766,35.0,0.1226273483595131,12.444139194969548
21.553306038999985,106.4420832329998,SAT_10090,20.53600912575817,194.2650513323897,99.00869357850675,169.68350855787136,-64.45369091760202,29.78362014693708,35.0,0.12244475822776499,12.431357748439975
21.553306038999985,106.5420832329998,SAT_10090,20.56753955374765,194.44240998983054,99.0120992378961,169.67443339431816,-64.42216048961254,29.796111791290393,35.0,0.12230449944314413,12.421534387141635
21.553306038999985,106.6420832329998,SAT_10090,20.589536633635902,194.56614356420195,99.01446544210414,169.66809617408853,-64.40016340972429,29.80481928007475,35.0,0.12220666756778052,12.414679848142727
21.553306038999985,106.74208323299979,SAT_10090,20.60198071525123,194.6361415232882,99.0158005126086,169.66450893811313,-64.38771932810896,29.809742594643204,35.0,0.12215132956147727,12.410801655077565
21.553306038999985,106.84208323299978,SAT_10090,20.60486064772479,194.65234114345196,99.01610912571758,169.66367852045187,-64.3848393956354,29.810881724452702,35.0,0.1221385234108009,12.409904076225427
21.553306038999985,106.94208323299978,SAT_10090,20.598173846854777,194.61472788855812,99.01539236046474,169.6656065050145,-64.39152619650541,29.808236667063856,35.0,0.12216825791795544,12.411988100636814
21.553306038999985,107.04208323299977,SAT_10090,20.58192631074415,194.52333549793588,99.0136477096389,169.67028921551315,-64.40777373261604,29.80180742814092,35.0,0.12224051265178733,12.417051432592016
21.553306038999985,107.14208323299977,SAT_10090,20.55613258351785,194.37824578228793,99.01086905414334,169.6777177387746,-64.43356745984234,29.791594021451875,35.0,0.12235523806146771,12.425088504458149
21.553306038999985,107.24208323299976,SAT_10090,20.520815667579456,194.17958813013442,99.0070466002306,169.6878779811068,-64.46888437578073,29.77759646886873,35.0,0.12251235575158506,12.436090507791068
21.553306038999985,107.34208323299976,SAT_10090,20.47600688552859,193.92753873109837,99.002166778496,169.7007507569721,-64.5136931578316,29.759814800367913,35.0,0.12271175891559587,12.450045442311808
21.553306038999985,107.44208323299975,SAT_10090,20.421745693489896,193.62231952588067,98.99621210281649,169.71631190879992,-64.56795434987029,29.738249054030867,35.0,0.1229533129228535,12.466938182178382
21.553306038999985,107.54208323299974,SAT_10090,20.358079448193124,193.26419689608633,98.98916098666916,169.73453245638223,-64.63162059516706,29.7128992760448,35.0,0.12323685605280484,12.486750558776823
21.553306038999985,107.64208323299974,SAT_10090,20.285063130688783,192.85348011012442,98.98098751343385,169.75537877393205,-64.7046369126714,29.683765520703567,35.0,0.12356220036843799,12.509461459074469
21.553306038999985,107.74208323299973,SAT_10090,20.20275903006211,192.3905195440994,98.97166115634562,169.77881279257008,-64.78694101329808,29.65084785040873,35.0,0.12392913271971015,12.535046938417008
21.553306038999985,107.84208323299973,SAT_10090,20.11123639091828,191.87570469891534,98.96114644268734,169.8047922257351,-64.87846365244191,29.614146335670778,35.0,0.12433741586650628,12.563480346511081
21.553306038999985,107.94208323299972,SAT_10090,20.0105710287488,191.30946203671198,98.94940255555846,169.8332708147929,-64.97912901461139,29.57366105511048,35.0,0.12478678970969034,12.59473246521926
21.653306038999986,103.042083233,SAT_10090,20.978533110694443,196.75424874765622,99.05502621749359,169.55521308305177,-64.01116693266574,29.957812219781122,35.0,0.12047922966756203,12.293286839727529
21.653306038999986,103.142083233,SAT_10090,20.96534131577097,196.68004490121172,99.05368905242997,169.5590666586298,-64.02435872758922,29.952654709151734,35.0,0.12053772917559241,12.29740904893555
21.653306038999986,103.24208323299999,SAT_10090,20.942462961736908,196.5513541597701,99.05136380710024,169.56574560628405,-64.04723708162328,29.943704953270565,35.0,0.1206391978532804,12.304557230756513
21.653306038999986,103.34208323299998,SAT_10090,20.909919275183285,196.368295922906,99.04804256224853,169.57523688892599,-64.0797807681769,29.93096297128332,35.0,0.120783563652777,12.314723286881456
21.653306038999986,103.44208323299998,SAT_10104,20.893143131872876,196.27393011678492,99.04625490518787,169.5782326147003,-64.09655691148731,29.923360129892256,35.0,0.12087009397138591,12.320814332707876
21.653306038999986,103.54208323299997,SAT_10104,20.87397195311891,196.16609223629388,99.04428574681658,169.5838161181152,-64.11572809024128,29.915845506903036,35.0,0.12095518382341011,12.326802295205692
21.653306038999986,103.64208323299997,SAT_10104,20.845157369651844,196.0040102042916,99.04131542896874,169.59220110677794,-64.14454267370834,29.90454229997068,35.0,0.12108309814459843,12.335800768756489
21.653306038999986,103.74208323299996,SAT_10104,20.806725826603724,195.78783277464595,99.0373337336014,169.6033713495723,-64.18297421675646,29.889450533281707,35.0,0.12125374706310489,12.347799653402749
21.653306038999986,103.84208323299995,SAT_10104,20.758712381023585,195.51775714325765,99.0323268571786,169.617305337189,-64.2309876623366,29.87057023913018,35.0,0.1214670113688611,12.362785552908925
21.653306038999986,103.94208323299995,SAT_10104,20.70116048910748,195.19402775122958,99.0262772687486,169.6339764189554,-64.28853955425271,29.847901457918343,35.0,0.12172274317818237,12.380741850037467
21.653306038999986,104.04208323299994,SAT_10104,20.634121745176742,194.81693481661915,99.01916352775353,169.6533529705711,-64.35557829818345,29.821444238157387,35.0,0.12202076675119934,12.401648799018535
21.653306038999986,104.14208323299994,SAT_10104,20.557655575688088,194.3868126132455,99.01096005826446,169.67539859056043,-64.4320444676721,29.79119863646842,35.0,0.12236087945315331,12.425483634126932
21.653306038999986,104.24208323299993,SAT_10104,20.47182889205692,193.90403751782017,99.00163687545566,169.70007232292528,-64.51787115130327,29.757164717583546,35.0,0.12274285284919267,12.452220693112345
21.653306038999986,104.34208323299993,SAT_10104,20.376715706490245,193.36902584900764,98.99115925912058,169.7273289032088,-64.61298433686994,29.719342554347154,35.0,0.12316643392110804,12.481831554087197
21.653306038999986,104.44208323299992,SAT_10104,20.272396715362703,192.78223152391521,98.97948736785277,169.75711902495976,-64.71730332799748,29.67773222771731,35.0,0.1236313463934562,12.514285184361576
21.653306038999986,104.54208323299991,SAT_10104,20.158958854903943,192.14414355883468,98.96657578612079,169.78938962343955,-64.83074118845624,29.63233382676735,35.0,0.12413729215576241,12.54954809962829
21.653306038999986,104.64208323299991,SAT_10104,20.036494834125904,191.45528344195822,98.95237299480657,169.82408417331135,-64.95320520923428,29.583147448687615,35.0,0.1246839527669606,12.58758453184358
21.653306038999986,104.7420832329999,SAT_10104,19.90510264997117,190.71620240608786,98.93682075377941,169.86114299702797,-65.08459739338902,29.530173198787335,35.0,0.12527099102793085,12.628356604120457
21.653306038999986,104.8420832329999,SAT_10104,19.76488508965039,189.92747862928346,98.91985338266008,169.90050358064852,-65.2248149537098,29.473411190496698,35.0,0.12589805260791564,12.671824510950065
21.653306038999986,104.94208323299989,SAT_10104,19.615949225029325,189.08971439078996,98.90139692297937,169.94210089389767,-65.37375081833086,29.412861545369044,35.0,0.1265647677107316,12.717946702091497
21.653306038999986,105.04208323299989,SAT_10104,19.458405903750304,188.20353320859547,98.88136816131401,169.9858677114072,-65.53129413960988,29.348524393083242,35.0,0.1272707527670218,12.766680068518907
21.653306038999986,105.14208323299988,SAT_10090,19.37653207801432,187.74299293883055,98.87083099549999,170.0103576942658,-65.61316796534587,29.315864084576155,35.0,0.1276243792524141,12.79104997640383
21.653306038999986,105.24208323299987,SAT_10090,19.527057262440778,188.58969710122938,98.89024342427896,169.96866994127603,-65.46264278091941,29.377501559661997,35.0,0.12694960214153814,12.744524797163827
21.653306038999986,105.34208323299987,SAT_10090,19.668952784630832,189.38785941354843,98.90809832408391,169.92917144638952,-65.32074725872936,29.435358485116005,35.0,0.12631414086046622,12.700620156595388
21.653306038999986,105.44208323299986,SAT_10090,19.802113163097516,190.13688654242353,98.92447573326707,169.89192618158302,-65.18758688026267,29.48943473690507,35.0,0.12571836033507783,12.659377075249644
21.653306038999986,105.54208323299986,SAT_10090,19.926436973185673,190.8362079741694,98.9394467192611,169.85699574299053,-65.06326307017451,29.53973019911338,35.0,0.12516261083240676,12.620834915464956
21.653306038999986,105.64208323299985,SAT_10090,20.041827335041447,191.48527875960815,98.9530743064843,169.82443904264443,-64.94787270831874,29.58624476394015,35.0,0.12464722634156966,12.5850312032729
21.653306038999986,105.74208323299985,SAT_10090,20.14819239493434,192.08358222150568,98.96541427191917,169.79431200364186,-64.84150764842585,29.628978331697557,35.0,0.12417252299013065,12.5520014534914
21.653306038999986,105.84208323299984,SAT_10090,20.245445795356957,192.6306325988829,98.97651582748782,169.76666726172826,-64.74425424800323,29.667930810808784,35.0,0.12373879750926634,12.521778999574492
21.653306038999986,105.94208323299983,SAT_10090,20.333507129207888,193.12597760179438,98.9864222049605,169.7415538763807,-64.6561929141523,29.703102117806246,35.0,0.12334632576126385,12.494394829816603
21.653306038999986,106.04208323299983,SAT_10090,20.412302373331386,193.56920084998904,98.99517115636883,169.71901705450225,-64.5773976700288,29.734492177329987,35.0,0.12299536134285935,12.46987743151368
21.653306038999986,106.14208323299982,SAT_10090,20.48176429672239,193.95992416906344,99.0027953806195,169.69909788982363,-64.5079357466378,29.762100922126198,35.0,0.12268613427768853,12.44825264466267
21.653306038999986,106.24208323299982,SAT_10090,20.541832838829478,194.29780971841583,99.00932288512043,169.68183312103304,-64.44786720453071,29.78592829304593,35.0,0.12241884981067488,12.429543526732926
21.653306038999986,106.34208323299981,SAT_10090,20.592455453596955,194.5825619264829,99.01477728965631,169.66725491152192,-64.39724458976323,29.805974239043927,35.0,0.12219368731651431,12.413770229968732
21.653306038999986,106.4420832329998,SAT_10090,20.633587415172897,194.81392921034754,99.0191780784235,169.65539065345095,-64.35611262818729,29.822238717177658,35.0,0.12201079933353827,12.400949892580451
21.653306038999986,106.5420832329998,SAT_10090,20.665192081587833,194.99170545893156,99.022540805002,169.64626279859112,-64.32450796177235,29.834721692606472,35.0,0.12187031073315259,12.391096545054557
21.653306038999986,106.6420832329998,SAT_10090,20.687241113151885,195.11573126147934,99.02487725406482,169.63988871810392,-64.3024589302083,29.843423138590918,35.0,0.12177231803377778,12.384221032661522
21.653306038999986,106.74208323299979,SAT_10090,20.69971464283509,195.1858948659474,99.02619556276703,169.63628059308326,-64.2899854005251,29.848343036492235,35.0,0.12171688886677003,12.380330955067308
21.653306038999986,106.84208323299978,SAT_10090,20.7026013964755,195.20213285517468,99.02650030399055,169.6354453372935,-64.28709864688469,29.849481375771997,35.0,0.12170406160021495,12.379430623762964
21.653306038999986,106.94208323299978,SAT_10090,20.695898761273284,195.1644305321622,99.02579253291984,169.6373845531339,-64.2938012820869,29.846838153991886,35.0,0.12173384512477789,12.381521037820114
21.653306038999986,107.04208323299977,SAT_10090,20.67961280169436,195.0728220095308,99.02406979776819,169.64209452141216,-64.31008724166583,29.840413376813668,35.0,0.12180621880400656,12.386599878263322
21.653306038999986,107.14208323299977,SAT_10090,20.653758222574794,194.92739000198318,99.02132611484244,169.649566225068,-64.3359418207854,29.830207057999292,35.0,0.12192113258964249,12.394661521127022
21.653306038999986,107.24208323299976,SAT_10090,20.618358279905365,194.72826532446769,99.01755190750883,169.65978540652532,-64.37134176345482,29.816219219411153,35.0,0.12207850730065009,12.405697069040006
21.653306038999986,107.34208323299976,SAT_10090,20.573444640436406,194.47562610245478,99.01273390798319,169.6727326579142,-64.41625540292378,29.798449891012524,35.0,0.12227823506284735,12.41969440095926
21.653306038999986,107.44208323299975,SAT_10090,20.519057191897986,194.16969670442617,99.00685502019796,169.68838354296452,-64.4706428514622,29.776899110868136,35.0,0.12252017990426345,12.436638239461548
21.753306038999987,102.74208323300002,SAT_10090,21.002783226431184,196.89065564867542,99.0574716603449,169.54812447237614,-63.986916816929,29.96728745601604,35.0,0.12037170678371785,12.28570809378518
21.753306038999987,102.942083233,SAT_10090,21.024912771096353,197.015134337417,99.05970069041676,169.54165042697804,-63.964787272263834,29.97592770401635,35.0,0.1202736034873652,12.278790945814787
21.753306038999987,103.042083233,SAT_10090,21.021417448476974,196.99547314768296,99.0593491036143,169.54267332785662,-63.96828259488321,29.974563399562488,35.0,0.12028909764017669,12.2798835689489
21.753306038999987,103.142083233,SAT_10090,21.008216728672267,196.9212190987815,99.05801963324393,169.5465353587482,-63.98148331468792,29.969409477328718,35.0,0.1203476178076868,12.284009815460761
21.753306038999987,103.24208323299999,SAT_10090,20.985322941808192,196.79244154767107,99.05570779116373,169.55322894320256,-64.004377101552,29.960465948343458,35.0,0.1204491221720901,12.291164984520801
21.753306038999987,103.34208323299998,SAT_10104,20.961579498472446,196.65888467890753,99.05323317918779,169.55827002775652,-64.02812054488774,29.950148092571172,35.0,0.12056644395156098,12.299432165750833
21.753306038999987,103.44208323299998,SAT_10104,20.95205815122496,196.6053271006404,99.05226590958843,169.56105025353705,-64.03764189213523,29.946424663902498,35.0,0.12060868052657431,12.302407621974098
21.753306038999987,103.54208323299997,SAT_10104,20.93286434842537,196.49736195989271,99.05031185423486,169.56665198673446,-64.05683569493482,29.938915273081545,35.0,0.12069383318129999,12.308405148100613
21.753306038999987,103.64208323299997,SAT_10104,20.904015870330454,196.33508927060882,99.04736436907325,169.57506430771872,-64.08568417302973,29.927619936180943,35.0,0.12082184155519403,12.317417959936764
21.753306038999987,103.74208323299996,SAT_10104,20.86553932451804,196.11865870041396,99.04341337692674,169.5862708797068,-64.12416071884215,29.912538677376954,35.0,0.12099261528138072,12.32943590123092
21.753306038999987,103.84208323299995,SAT_10104,20.81746998257725,195.84826865199705,99.03844526510407,169.60025005389025,-64.17223006078294,29.89367152894994,35.0,0.12120603449499188,12.344445501347632
21.753306038999987,103.94208323299995,SAT_10104,20.759851565365565,195.52416505518133,99.03244274593834,169.61697500759254,-64.22984847799462,29.871018531285,35.0,0.12146195050294553,12.36243005118413
21.753306038999987,104.04208323299994,SAT_10104,20.69273597958363,195.14663988515792,99.02538467778241,169.63641391362043,-64.29696406377656,29.844579732872734,35.0,0.12176018660769321,12.38336969642116
21.753306038999987,104.14208323299994,SAT_10104,20.61618300899036,194.7160294255708,99.01724584322965,169.6585301385951,-64.37351703436983,29.81435519031022,35.0,0.1221005390758762,12.40724154700907
21.753306038999987,104.24208323299993,SAT_10104,20.53025996408971,194.23271229800463,99.00799668047198,169.6832824677104,-64.45944007927048,29.780344968302078,35.0,0.12248277824141617,12.434019801620746
21.753306038999987,104.34208323299993,SAT_10104,20.435041294534045,193.69710728175403,98.99760296271958,169.71062535309667,-64.55465874882614,29.74254913966177,35.0,0.12290664973135366,12.463675885659887
21.753306038999987,104.44208323299992,SAT_10104,20.33060816882967,193.10967094966688,98.98602541945705,169.74050918274452,-64.65909187453052,29.700967785312965,35.0,0.12337187580175457,12.49617860129721
21.753306038999987,104.54208323299991,SAT_10104,20.217048026175974,192.47089514723987,98.97321929195257,169.77288056678506,-64.77265201718421,29.65560099429116,35.0,0.12387815677023514,12.531494287920077
21.753306038999987,104.64208323299991,SAT_10104,20.094454105409994,191.7813043429312,98.9591338138194,169.80768263784097,-64.8952459379502,29.606448863745385,35.0,0.12442517253112688,12.569586991323487
21.753306038999987,104.7420832329999,SAT_10104,19.96292495610834,191.0414528781094,98.94371160548609,169.84485536211128,-65.02677508725185,29.553511498940104,35.0,0.1250125841390016,12.610418639941678
21.753306038999987,104.8420832329999,SAT_10104,19.822563936856668,190.25192214481876,98.92688796907835,169.8843358578958,-65.16713610650352,29.49678901325725,35.0,0.12564003544620203,12.653949226418788
21.753306038999987,104.94208323299989,SAT_10104,19.673478705600303,189.4133177190017,98.90859006734863,169.92605871833544,-65.31622133775988,29.43628152819845,35.0,0.12630715478016477,12.700136992842731
21.753306038999987,105.04208323299989,SAT_10104,19.51578070681356,188.52626647582628,98.88873596677064,169.96995633527146,-65.47391933654663,29.371989173387377,35.0,0.12701355664665825,12.748938618015883
21.753306038999987,105.14208323299988,SAT_10090,19.46087171775335,188.2174034123626,98.88178168114192,169.987026858919,-65.52882832560684,29.350432845303278,35.0,0.12724621545902537,12.764988096532097
21.753306038999987,105.24208323299987,SAT_10090,19.611661686571097,189.06559698696245,98.90095096766355,169.94514271106286,-65.37803835678909,29.412027348285445,35.0,0.12657063783110475,12.718352356180585
21.753306038999987,105.34208323299987,SAT_10090,19.753811183551278,189.86518790747596,98.9185853786637,169.90545637943518,-65.23588885980891,29.46984393750989,35.0,0.12593440787454316,12.674342010009081
21.753306038999987,105.44208323299986,SAT_10090,19.887213822688267,190.6155777526215,98.93476320371212,169.8680324138631,-65.10248622067192,29.52388248899783,35.0,0.1253378934473392,12.632998402359314
21.753306038999987,105.54208323299986,SAT_10090,20.011767296003185,191.3161910400179,98.94955397860208,169.8329329757799,-64.977932747357,29.5741428868842,35.0,0.12478144766114577,12.594361210800166
21.753306038999987,105.64208323299985,SAT_10090,20.127373867598095,191.96647800523928,98.96301938650495,169.80021752594718,-64.86232617576209,29.620625023415396,35.0,0.12426540724508098,12.558468265985237
21.753306038999987,105.74208323299985,SAT_10090,20.233940861130094,192.56591734385677,98.97521403106072,169.7699425155473,-64.7557591822301,29.663328798947205,35.0,0.12379009094493645,12.525355374685043
21.753306038999987,105.84208323299984,SAT_10090,20.331381136049117,193.11401889027627,98.9861860998235,169.7421610836952,-64.65831890731107,29.702254121942858,35.0,0.12335579797134216,12.49505614758738
21.753306038999987,105.94208323299983,SAT_10090,20.419613547835823,193.6103262065765,98.99597793323018,169.71692276449588,-64.57008649552436,29.737400908971267,35.0,0.12296280651062383,12.467601833489132
21.753306038999987,106.04208323299983,SAT_10090,20.49856338741907,194.05441905423223,99.00462651160166,169.6942732068263,-64.49113665594112,29.768769084705415,35.0,0.12261137231206923,12.443021161508167
21.753306038999987,106.14208323299982,SAT_10090,20.568162795009158,194.44591572192655,99.01216387049938,169.67425390998372,-64.42153724835103,29.796358581920884,35.0,0.12230172736508639,12.421340192923116
21.753306038999987,106.24208323299982,SAT_10090,20.628351143689628,194.78447518325416,99.01861745294461,169.65690197828448,-64.36134889967056,29.82016934149457,35.0,0.12203407867928698,12.402582184201355
21.753306038999987,106.34208323299981,SAT_10090,20.679075388327647,195.069799059343,99.02401040549141,169.64224989755652,-64.31062465503254,29.84020131240351,35.0,0.12180860717985542,12.38676746269967
21.753306038999987,106.4420832329998,SAT_10090,20.720290375657214,195.30163336307183,99.02836182386471,169.6303253362778,-64.26940966770297,29.856454451723934,35.0,0.12162546672967547,12.373913316419435
21.753306038999987,106.5420832329998,SAT_10090,20.751959111763412,195.47977000366922,99.03168695278194,169.62115097386967,-64.23774093159678,29.868928724630404,35.0,0.12148478328858596,12.36403389906892
21.753306038999987,106.6420832329998,SAT_10090,20.77405298365713,195.60404803307134,99.03399734363371,169.6147443583481,-64.21564705970306,29.877624104395146,35.0,0.1213866542188449,12.357140151531262
21.753306038999987,106.74208323299979,SAT_10090,20.78655193214803,195.67435461833264,99.03530097286911,169.61111779519445,-64.20314811121216,29.88254057238754,35.0,0.12133114774441295,12.353239740660836
21.753306038999987,106.84208323299978,SAT_10090,20.78944457381766,195.69062572772438,99.03560232319096,169.61027826891055,-64.20025546954253,29.883678118073753,35.0,0.12131830257005045,12.352337016135689
21.753306038999987,106.94208323299978,SAT_10090,20.782728270525183,195.65284652170416,99.03490242898879,169.61222739830367,-64.206971772835,29.88103673901654,35.0,0.12134812766448706,12.354432985883381
21.753306038999987,107.04208323299977,SAT_10090,20.76640914554315,195.5610514436802,99.03319888680214,169.61696142610535,-64.22329089781704,29.874616440875194,35.0,0.12142060221010136,12.359525310376783
21.753306038999987,107.14208323299977,SAT_10090,20.740502046119815,195.41532400942398,99.03048583099665,169.62447124305766,-64.24919799724037,29.86441723740565,35.0,0.12153567571967726,12.367608315868686
21.853306038999985,102.74208323300002,SAT_10090,21.034427033516813,197.06865206353208,99.0606506572221,169.53886545211202,-63.955273009843374,29.979640563814566,35.0,0.12023143050205061,12.275816691043872
21.853306038999985,102.84208323300001,SAT_10090,21.050348260861554,197.15820896734624,99.06224744574625,169.5342029614596,-63.93935178249863,29.98585115170987,35.0,0.12016086474702756,12.270839108001862
21.853306038999985,102.942083233,SAT_10090,21.05656357284166,197.19317009723434,99.06286978213411,169.53238211083192,-63.93313647051853,29.988274772807134,35.0,0.12013331966944264,12.268895812824299
21.853306038999985,103.042083233,SAT_10090,21.053067142961638,197.17350267915918,99.06251975630192,169.53340648138564,-63.93663290039855,29.986911421918826,35.0,0.12014881502047448,12.269989025911256
21.853306038999985,103.142083233,SAT_10090,21.039862249734185,197.09922515475478,99.0611961931651,169.5372740580098,-63.949837793626,29.981761101963066,35.0,0.12020733968660577,12.274117497892641
21.853306038999985,103.24208323299999,SAT_10090,21.016961256225734,196.97040706626976,99.05889464087076,169.5439772425122,-63.97273878713445,29.97282382396369,35.0,0.12030885175297225,12.281276516832975
21.853306038999985,103.34208323299998,SAT_10104,21.00933594375182,196.927514683604,99.05805830708529,169.54431106377763,-63.980364099608366,29.96880668984855,35.0,0.12035464265926274,12.284505083020024
21.853306038999985,103.44208323299998,SAT_10104,20.99980671193081,196.8739127546108,99.05709715836632,169.54709829108646,-63.98989333142938,29.965085865504054,35.0,0.12039689900198017,12.287484006844993
21.853306038999985,103.54208323299997,SAT_10104,20.980597049324757,196.76585840245176,99.05515548489632,169.55271411766088,-64.00910299403543,29.957581727072252,35.0,0.12048209139810179,12.293488512048695
21.853306038999985,103.64208323299997,SAT_10104,20.951724820278415,196.6034521140661,99.05222671854499,169.56114756896457,-64.03797522308177,29.94629429061898,35.0,0.12061015923320097,12.30251178550298
21.853306038999985,103.74208323299996,SAT_10104,20.91321675786746,196.3868442630045,99.04830089752872,169.57238222629084,-64.07648328549273,29.9312235803103,35.0,0.12078101176106236,12.314543627751128
21.853306038999985,103.84208323299995,SAT_10104,20.865108299418168,196.1162341842272,99.04336456548938,169.5863963326807,-64.12459174394202,29.912369628412947,35.0,0.12099452861504534,12.329570511059226
21.853306038999985,103.94208323299995,SAT_10104,20.80744337023458,195.7918689575695,99.03740063404823,169.6031629321124,-64.18225667312561,29.889732475294977,35.0,0.1212505604818241,12.347575655826349
21.853306038999985,104.04208323299994,SAT_10104,20.740274118310026,195.4140419154939,99.03038820640896,169.62265004010925,-64.24942592505016,29.86331216942653,35.0,0.12154892992997166,12.368539124437472
21.853306038999985,104.14208323299994,SAT_10104,20.663660603376883,194.98309089399498,99.02230235884072,169.64482084352971,-64.3260394399833,29.83310876738077,35.0,0.12188943238425118,12.392437931450099
21.853306038999985,104.24208323299993,SAT_10104,20.577670444160304,194.4993962484017,99.01311387603226,169.6696339269647,-64.41202959919988,29.799122333835008,35.0,0.12227183723505515,12.41924616883513
21.853306038999985,104.34208323299993,SAT_10104,20.482378428125628,193.96337865820666,99.00278893534187,169.69704352288713,-64.50732161523456,29.761352941571936,35.0,0.12269588907120997,12.448935144848164
21.853306038999985,104.44208323299992,SAT_10104,20.377866088342557,193.37549674692687,98.99128873384073,169.72699978248457,-64.61183395501763,29.719800671481043,35.0,0.12316130902336442,12.481473534990728
21.853306038999985,104.54208323299991,SAT_10104,20.26422125233728,192.7362445443972,98.97856905071909,169.75944906394528,-64.72547879102291,29.674465612560187,35.0,0.1236677962044079,12.516827543433408
21.853306038999985,104.64208323299991,SAT_10104,20.141537567961322,192.04614881978245,98.9645797360424,169.7943342348682,-64.84816247539887,29.62534786191733,35.0,0.12421502923283202,12.55496107321518
21.853306038999985,104.7420832329999,SAT_10104,20.009914011355065,191.30576631387225,98.94926411494397,169.83159498544842,-64.97978603200512,29.572447524772414,35.0,0.12480266782464843,12.595835903504476
21.853306038999985,104.8420832329999,SAT_10104,19.869454382070003,190.51568089914375,98.93255829404205,169.8711681491028,-65.12024566129018,29.515764714459408,35.0,0.12543035443940484,12.639411872207383
21.853306038999985,104.94208323299989,SAT_10104,19.720266790300258,189.67650069543896,98.91439035406779,169.91298802728795,-65.26943325305993,29.455299552428517,35.0,0.12609771596598535,12.685647062234503
21.853306038999985,105.04208323299989,SAT_10104,19.562463140990886,188.78885516807375,98.89467940925559,169.95698671539517,-65.4272369023693,29.391052168248525,35.0,0.12680436543422446,12.73449798978842
21.853306038999985,105.14208323299988,SAT_10090,19.534641530845207,188.6323586110043,98.8912322772593,169.96656369916002,-65.45505851251498,29.380600064394468,35.0,0.12691562141640825,12.742179256333024
21.853306038999985,105.24208323299987,SAT_10090,19.68565142586509,189.48178927049113,98.91019136315334,169.92451028836297,-65.3040486174951,29.442151429439544,35.0,0.12623939859546962,12.695450359976215
21.853306038999985,105.34208323299987,SAT_10090,19.828012053138437,190.2825677989037,98.92763512963027,169.88466205628168,-65.16168799022175,29.499927526775796,35.0,0.12560254816519334,12.65135091255067
21.853306038999985,105.44208323299986,SAT_10090,19.96161624554115,191.034091381169,98.94364036211914,169.84708405264325,-65.02808379781904,29.553928232478466,35.0,0.12500544050623763,12.609922537148018
21.853306038999985,105.54208323299986,SAT_10090,20.08636093211598,191.7357802431524,98.95827527856909,169.81183892802588,-64.90333911124421,29.604153430732946,35.0,0.12444843117787345,12.571205182773404
21.853306038999985,105.64208323299985,SAT_10090,20.20214763740215,192.38708046038707,98.97160040774585,169.77898661809058,-64.78755240595804,29.650603013832555,35.0,0.12393185926705035,12.53523694243296
21.853306038999985,105.74208323299985,SAT_10090,20.308882974241243,192.98746673010697,98.98366934309583,169.74858403113828,-64.68081706911894,29.69327688217644,35.0,0.12345604577281907,12.502053874384275
21.853306038999985,105.84208323299984,SAT_10090,20.40647912534402,193.53644508006013,98.99452938999946,169.72068474207975,-64.58322091801617,29.732174944267665,35.0,0.12302129203983801,12.471689828164246
21.853306038999985,105.94208323299983,SAT_10090,20.494854308776723,194.03355548686906,99.00422212109817,169.6953386960004,-64.49484573458346,29.767297116711433,35.0,0.12262787825487684,12.444176277039631
21.853306038999985,106.04208323299983,SAT_10090,20.573933222486914,194.4783743764889,99.0127838518133,169.67259192453486,-64.41576682087327,29.79864332421348,35.0,0.12227606202021385,12.419542158531693
21.853306038999985,106.14208323299982,SAT_10090,20.64364746301966,194.87051697948561,99.02024604606056,169.65248627825562,-64.34605258034053,29.826213499578618,35.0,0.1219660770175939,12.397813724645923
21.853306038999985,106.24208323299982,SAT_10090,20.70393591370464,195.2096395145886,99.02663566040992,169.635059178199,-64.28576412965555,29.85000758370943,35.0,0.12169813177596016,12.379014403390032
21.853306038999985,106.34208323299981,SAT_10090,20.7547450977968,195.495441175107,99.03197543347123,169.6203433895261,-64.23495494556339,29.870025525605147,35.0,0.12147240855549556,12.36316467308692
21.853306038999985,106.4420832329998,SAT_10090,20.79602949235948,195.72766589452206,99.03628412604829,169.60836682011603,-64.19367055100071,29.886267282360638,35.0,0.1212890623596106,12.350281950885694
21.853306038999985,106.5420832329998,SAT_10090,20.827751799058404,195.90610386970354,99.03957671654452,169.5991523466394,-64.16194824430178,29.898732819165595,35.0,0.12114822008540017,12.34038049674256
21.853306038999985,106.6420832329998,SAT_10090,20.84988316849588,196.03059282278932,99.04186455518801,169.5927176703589,-64.13981687486431,29.907422109303855,35.0,0.12104997982178325,12.333471333987484
21.853306038999985,106.74208323299979,SAT_10090,20.86240337525274,196.10101898579666,99.04315547984051,169.58907520454332,-64.12729666810745,29.912335134152894,35.0,0.12099441030304893,12.329562187413972
21.853306038999985,106.84208323299978,SAT_10090,20.865300941395972,196.11731779535236,99.04345389543451,169.58823199499273,-64.12439910196422,29.913471883183455,35.0,0.1209815505238945,12.328657439631062
21.853306038999985,106.94208323299978,SAT_10090,20.85857320686172,196.07947428859717,99.04276081842568,169.5901896747341,-64.13112683649847,29.91083235395935,35.0,0.1210114095202774,12.330758106203449
21.953306038999983,102.64208323300002,SAT_10090,21.029197664179122,197.03923686100754,99.06011928865581,169.54039628703998,-63.960502379181065,29.97759998726453,35.0,0.12025460986532398,12.277451469540281
21.953306038999983,102.74208323300002,SAT_10090,21.054808671148237,197.18329877520884,99.06268779014803,169.53289627099872,-63.93489137221195,29.987590509165386,35.0,0.12014109692778357,12.269444513450834
21.953306038999983,102.84208323300001,SAT_10090,21.070729140778127,197.27285141687696,99.06427955967447,169.5282306410556,-63.91897090258206,29.993796736469665,35.0,0.12007054541964868,12.264466452576489
21.953306038999983,102.942083233,SAT_10090,21.07694415976684,197.3078108986885,99.0648999420323,169.5264085635193,-63.91275588359335,29.996218655889564,35.0,0.12004300589431957,12.262522970069284
21.953306038999983,103.042083233,SAT_10090,21.073447894515482,197.2881444066496,99.06455101507744,169.5274336243682,-63.916252148844706,29.994856262239683,35.0,0.12005849812257617,12.263616288593607
21.953306038999983,103.142083233,SAT_10090,21.06024362753456,197.21387040488193,99.06323161050551,169.5313038057776,-63.929456415825626,29.98970955843695,35.0,0.12011701097987092,12.26774515750509
21.953306038999983,103.24208323299999,SAT_10104,21.04571113585235,197.1321251391695,99.06170857244632,169.5336629625031,-63.94398890750784,29.98299945371506,35.0,0.12019336879836368,12.273132029921438
21.953306038999983,103.34208323299998,SAT_10104,21.045871295026515,197.13302603452416,99.0617246270125,169.53361604886166,-63.94382874833367,29.983061907511363,35.0,0.12019265881122107,12.273081948172164
21.953306038999983,103.44208323299998,SAT_10104,21.03633759410259,197.07939896682709,99.06076829561411,169.53640818689712,-63.9533624492576,29.979343697511876,35.0,0.12023492329774821,12.276063036574609
21.953306038999983,103.54208323299997,SAT_10104,21.017118947405088,196.9712940791536,99.05883636709504,169.54203389823275,-63.9725810959551,29.9718448316792,35.0,0.12032013203145983,12.282071897370086
21.953306038999983,103.64208323299997,SAT_10104,20.988233278014263,196.80881218883022,99.05592233313872,169.55048216973992,-64.00146676534592,29.96056532607243,35.0,0.1204482242230545,12.29110169745538
21.953306038999983,103.74208323299996,SAT_10104,20.949707406662483,196.5921041624765,99.05201632287273,169.56173652513203,-64.0399926366977,29.945505204847485,35.0,0.1206191088650198,12.303142207548131
21.953306038999983,103.84208323299995,SAT_10104,20.901576886435365,196.32136998619893,99.04710500310894,169.5757751314374,-64.08812315692482,29.926664500257562,35.0,0.12083266524506997,12.318179860499907
21.953306038999983,103.94208323299995,SAT_10104,20.843885785426423,195.99685754302362,99.0411714424893,169.59257093891608,-64.14581425793376,29.904043252653757,35.0,0.12108874362260254,12.336197828048844
21.953306038999983,104.04208323299994,SAT_10104,20.77668642014072,195.61886111329156,99.03419493714813,169.6120918525545,-64.21301362321947,29.87764151048586,35.0,0.12138716606059805,12.357176115090226
21.953306038999983,104.14208323299994,SAT_10104,20.70003904302925,195.18771961703953,99.02615079477145,169.63430093288156,-64.28966100033094,29.84745933030328,35.0,0.12172772740377355,12.381091670348889
21.953306038999983,104.24208323299993,SAT_10104,20.61401148803897,194.7038146202192,99.01701007310662,169.6591566235186,-64.37568855532122,29.813496776756146,35.0,0.1221101963923708,12.407918512166386
21.953306038999983,104.34208323299993,SAT_10104,20.518678778497957,194.16756812905103,99.00673926802523,169.68661300258862,-64.47102126486223,29.77575392259658,35.0,0.12253431689973117,12.43762786797047
21.953306038999983,104.44208323299992,SAT_10104,20.41412270198886,193.57944019868734,98.99529994513465,169.71662005489338,-64.57557734137133,29.734230848680063,35.0,0.12299980928080499,12.470188325877196
21.953306038999983,104.54208323299991,SAT_10104,20.300431357114064,192.9399263837666,98.98264830762704,169.74912396160687,-64.68926868624612,29.688927643967045,35.0,0.12350637181796886,12.505565996788338
21.953306038999983,104.64208323299991,SAT_10104,20.17769867720581,192.2495550592827,98.96873469150117,169.7840674041403,-64.81200136615438,29.639844405524645,35.0,0.12405368224999005,12.543724685288721
21.953306038999983,104.7420832329999,SAT_10104,20.046023936097455,191.5088846405482,98.9535029774247,169.82138987880194,-64.94367610726273,29.586981238528544,35.0,0.12464139936967684,12.584626067619665
21.953306038999983,104.8420832329999,SAT_10104,19.90551124104391,190.718500730872,98.93688990624872,169.86102801890095,-65.08418880231628,29.530338256265015,35.0,0.12526916467568533,12.628229875004656
21.953306038999983,104.94208323299989,SAT_10104,19.75626901776849,189.87901322494776,98.91882428243639,169.9029159210306,-65.2334310255917,29.469915580133122,35.0,0.12593660406409932,12.674494080630122
21.953306038999983,105.04208323299989,SAT_10104,19.598409492436005,188.99105339495253,98.89922604629938,169.9469854723904,-65.39129055092418,29.405713339647082,35.0,0.12664332954574845,12.723375088635116
21.953306038999983,105.14208323299988,SAT_10090,19.597773594958824,188.9874764716434,98.89922755732948,169.9490095450167,-65.39192644840136,29.406365681663036,35.0,0.12663283108027124,12.722649753967419
21.953306038999983,105.24208323299987,SAT_10090,19.748957398916957,189.83788536890788,98.91800775579094,169.90681474436585,-65.24074264444323,29.467873743029426,35.0,0.1259561221086686,12.675845520998138
21.953306038999983,105.34208323299987,SAT_10090,19.891485195078687,190.63960422231764,98.93528926020419,169.86683126304905,-65.0982148482815,29.52560919290503,35.0,0.12531880297628117,12.631673975161188
21.953306038999983,105.44208323299986,SAT_10090,20.025249163193564,191.3920265429638,98.95114758072769,169.82912456970558,-64.96445088016662,29.579571907418806,35.0,0.12472124616410296,12.59017697171574
21.953306038999983,105.54208323299986,SAT_10090,20.150145594226572,192.09456896752448,98.96564981768677,169.793757724886,-64.83955444913362,29.629761770806333,35.0,0.1241638092693372,12.551394685784608
21.953306038999983,105.64208323299985,SAT_10090,20.26607539411259,192.74667409188334,98.97885552058911,169.76079106235034,-64.7236246492476,29.676178675407584,35.0,0.12364683334219126,12.515365428962655
21.953306038999983,105.74208323299985,SAT_10090,20.37294458103699,193.34781326833306,98.99081742576354,169.7302818736523,-64.6167554623232,29.71882252166483,35.0,0.12317064125798824,12.482125469077735
21.953306038999983,105.84208323299984,SAT_10090,20.47066477147368,193.89748933953945,99.00158208994279,169.7022840991326,-64.51903527188651,29.757693218120746,35.0,0.12273553613846315,12.45170885473619
21.953306038999983,105.94208323299983,SAT_10090,20.5591536500809,194.39523928170507,99.01119043406858,169.67684802854302,-64.43054639327929,29.79279068141662,35.0,0.12234179983630443,12.424147246316586
21.953306038999983,106.04208323299983,SAT_10090,20.638335418515908,194.84063672915195,99.01967820910899,169.65402001455578,-64.35136462484428,29.824114836290764,35.0,0.12198969149698913,12.399469755082265
21.953306038999983,106.14208323299982,SAT_10090,20.708141218256145,195.23329435269082,99.02707639362364,169.63384220240613,-64.28155882510404,29.851665615577055,35.0,0.1216794462117324,12.37770279206323
21.953306038999983,106.24208323299982,SAT_10090,20.768509522644564,195.57286606487565,99.03341153110932,169.61635227883477,-64.22119052071562,29.87544296020363,35.0,0.12141127377491545,12.358869928309561
21.953306038999983,106.34208323299981,SAT_10090,20.81938649358895,195.85904902643787,99.03870601373059,169.60158324336214,-64.17031354977124,29.895446819191772,35.0,0.12118535755867499,12.342991768042191
21.953306038999983,106.4420832329998,SAT_10090,20.860726298639236,196.09158542984568,99.04297831783522,169.5895632047379,-64.12897374472095,29.911677149654892,35.0,0.12100185351642886,12.330085836121508
21.953306038999983,106.5420832329998,SAT_10090,20.892491384562902,196.27026403816635,99.04624319562323,169.58031520514686,-64.09720865879729,29.924133916797732,35.0,0.12086088932598814,12.320166481122174
21.953306038999983,106.6420832329998,SAT_10090,20.914652704001824,196.39492146001027,99.04851182644846,169.57385707444797,-64.07504733935836,29.93281709391568,35.0,0.1207625636815811,12.313244795144485
21.953306038999983,106.74208323299979,SAT_10090,20.927189892336187,196.46544314439106,99.04979193044679,169.5702013163638,-64.062510151024,29.937726662394255,35.0,0.12070694574260925,12.309328551311838
21.953306038999983,106.84208323299978,SAT_10090,20.93009139248501,196.4817640827282,99.05008784648535,169.56935502813525,-64.05960865087518,29.93886261170875,35.0,0.12069407474529509,12.30842215970338
22.053306038999985,102.54208323300003,SAT_10090,21.003042497503124,196.89211404845506,99.05748035282697,169.54804865138598,-63.986657545857064,29.967388721149305,35.0,0.12037055730475112,12.285627058315635
22.053306038999985,102.64208323300002,SAT_10090,21.038305560501136,197.0904687778189,99.06102765289539,169.5377298772115,-63.95139448285905,29.981153800741588,35.0,0.12021423938690866,12.274604167002245
22.053306038999985,102.74208323300002,SAT_10090,21.063905986186157,197.23447117229713,99.06359139991804,169.53023054657652,-63.92579405717403,29.991137276223917,35.0,0.12010078116426039,12.266600005657176
22.053306038999985,102.84208323300001,SAT_10090,21.079819880069287,197.32398682538974,99.06518022912441,169.5255653436103,-63.9098801632909,29.99733912621462,35.0,0.12003026365784092,12.261623682237376
22.053306038999985,102.942083233,SAT_10090,21.08603233240943,197.35893186980303,99.06579946678563,169.5237434329468,-63.90366771095076,29.999759337431342,35.0,0.12000273740389124,12.259680878031416
22.053306038999985,103.042083233,SAT_10090,21.08253751100223,197.33927349938756,99.06545118356428,169.52476839990808,-63.90716253235796,29.998397904690833,35.0,0.12001822216647046,12.26077381497424
22.053306038999985,103.142083233,SAT_10090,21.0693386975731,197.26503017384871,99.0641342151999,169.5286382270391,-63.920361345787086,29.993254830908803,35.0,0.12007670682481336,12.26490124283197
22.053306038999985,103.24208323299999,SAT_10104,21.070985846438575,197.274295386217,99.06423097980816,169.52625623503604,-63.91871419692161,29.99285130743973,35.0,0.12008133642650948,12.265227932898792
22.053306038999985,103.34208323299998,SAT_10104,21.071146022663385,197.27519637748156,99.06424697487614,169.52620927444852,-63.9185540206968,29.992913717155346,35.0,0.12008062649980311,12.265177836903831
22.053306038999985,103.44208323299998,SAT_10104,21.061611309272138,197.22156361465576,99.06329418922721,169.52900420566925,-63.92808873408805,29.98919813151631,35.0,0.12012288738062367,12.268159772554474
22.053306038999985,103.54208323299997,SAT_10104,21.042390637000132,197.11344733312575,99.06136943348707,169.53463553936996,-63.947309406360056,29.9817045584819,35.0,0.12020808879533461,12.27417033667667
22.053306038999985,103.64208323299997,SAT_10104,21.01350196187019,196.9509485355198,99.05846624354496,169.54309224044073,-63.97619808149,29.97043301410451,35.0,0.12033616985991143,12.283202685293874
22.053306038999985,103.74208323299996,SAT_10104,20.974972153776363,196.73421836499205,99.0545748157228,169.5543577997991,-64.01472788958382,29.95538352252997,35.0,0.12050703942529212,12.295246572889392
22.053306038999985,103.84208323299995,SAT_10104,20.926836830723232,196.46345717281818,99.04968190788084,169.5684103411798,-64.06286321263696,29.936556115998005,35.0,0.12072057659191994,12.310288410863242
22.053306038999985,103.94208323299995,SAT_10104,20.869140140875885,196.13891329242685,99.04377070474932,169.58522276146664,-64.1205599024843,29.91395083484286,35.0,0.12097663138764704,12.328311344472883
22.053306038999985,104.04208323299994,SAT_10104,20.801934495228394,195.76088153565973,99.03682064512527,169.60476290269145,-64.1877655481318,29.887567727494083,35.0,0.12127502560139901,12.34929534733303
22.053306038999985,104.14208323299994,SAT_10104,20.725280254283263,195.32970143034336,99.028807207851,169.6269937534363,-64.26441978907692,29.85740685047746,35.0,0.12161555376338296,12.37321733235471
22.053306038999985,104.24208323299993,SAT_10104,20.639245372642165,194.8457552211122,99.01970165267402,169.6518736770409,-64.35045467071802,29.823468268416107,35.0,0.12199798426118666,12.400051277832052
22.053306038999985,104.34208323299993,SAT_10104,20.543905005842262,194.30946565786272,99.00947071114996,169.67935666373018,-64.44579503751793,29.785752054031732,35.0,0.122422060579886,12.429768367239596
22.053306038999985,104.44208323299992,SAT_10104,20.43934108411092,193.72129359812394,98.99807622165585,169.70939260355647,-64.55035895924927,29.744258288146018,35.0,0.1228875026532695,12.462337141185543
22.053306038999985,104.54208323299991,SAT_10104,20.325641857953826,193.08173545099027,98.98547470129206,169.7419275768979,-64.66405818540636,29.698987059682203,35.0,0.12339400831251424,12.49772365987815
22.053306038999985,104.64208323299991,SAT_10104,20.202901420654015,192.39132049117885,98.97161684591764,169.7769041591501,-64.78679862270617,29.6499384656668,35.0,0.12394125481811151,12.535891674404757
22.053306038999985,104.7420832329999,SAT_10104,20.071219212808273,191.65060807204654,98.95644694772207,169.8142617362285,-64.91848083055191,29.597112611231477,35.0,0.12452890046054216,12.576802805094356
22.053306038999985,104.8420832329999,SAT_10104,19.93069951401067,190.86018476631,98.939902217511,169.8539368275147,-65.05900052934952,29.54050960961508,35.0,0.1251565862151318,12.620416725234753
22.053306038999985,104.94208323299989,SAT_10104,19.781450926674893,190.02066146254626,98.92191199617345,169.89586341297215,-65.2082491166853,29.480129582165826,35.0,0.12582393743666626,12.666691348442304
22.053306038999985,105.04208323299989,SAT_10104,19.623585856805704,189.1326704445321,98.90239683647708,169.9399732612848,-65.36611418655448,29.41597265834367,35.0,0.12653056557969727,12.715583018033652
22.053306038999985,105.14208323299988,SAT_10090,19.65020908264151,189.2824260898585,98.90580481976181,169.93440021584715,-65.33949096071868,29.427729645707256,35.0,0.12639804689868445,12.7064223436801
22.053306038999985,105.24208323299987,SAT_10090,19.80151978277931,190.1335487781336,98.9244360889576,169.89209253596957,-65.18818026058088,29.489194237744663,35.0,0.1257210139993769,12.659560948356607
22.053306038999985,105.34208323299987,SAT_10090,19.944169827116326,190.93595527752936,98.94158249701371,169.8520010716314,-65.04553021624386,29.546888884672843,35.0,0.12508338099000255,12.615334648295285
22.053306038999985,105.44208323299986,SAT_10090,20.078050874213375,191.68903616745024,98.95731849466812,169.8141916267825,-64.91164916914681,29.600813462674175,35.0,0.12448552201858226,12.573785483019915
22.053306038999985,105.54208323299986,SAT_10090,20.20305870577333,192.39220521997498,98.97171025362984,169.77872759017492,-64.78664133758686,29.650967856034146,35.0,0.12392779629973072,12.53495380714635
22.053306038999985,105.64208323299985,SAT_10090,20.319093733934494,193.0449022533815,98.98481650963218,169.74566961430935,-64.6706063094257,29.69735195713912,35.0,0.12341054644174218,12.49887810581372
22.053306038999985,105.74208323299985,SAT_10090,20.426061502133777,193.6465959495025,98.99668928663394,169.71507529763238,-64.56363854122641,29.739965666474262,35.0,0.12293409680895537,12.46559481325934
22.053306038999985,105.84208323299984,SAT_10090,20.52387317472413,194.19678660782324,99.00737451907605,169.686998873141,-64.46582686863606,29.77880889262163,35.0,0.12249875193337764,12.435138136183316
22.053306038999985,105.94208323299983,SAT_10090,20.612446010403602,194.69500880852027,99.01691258613816,169.6614909066439,-64.37725403295659,29.813881552258405,35.0,0.12210479498974662,12.407539883581343
22.053306038999985,106.04208323299983,SAT_10090,20.69170381446392,195.14083395635956,99.02533876951293,169.63859800797172,-64.29799622889627,29.84518357015529,35.0,0.121752486348199,12.382829304731624
22.053306038999985,106.14208323299982,SAT_10090,20.761577364902024,195.5338726775739,99.03268364421369,169.61836255841288,-64.22812267845816,29.87271487917506,35.0,0.12144206221848856,12.361032937001863
22.053306038999985,106.24208323299982,SAT_10090,20.822004807559864,195.8737770425242,99.038973410268,169.6008224575782,-64.16769523580032,29.896475420271276,35.0,0.12117373339923974,12.342174465094157
22.053306038999985,106.34208323299981,SAT_10090,20.872932015672887,196.16024258816,99.04423017175655,169.58601089276095,-64.1167680276873,29.916465142487137,35.0,0.12094768414503593,12.32627459326845
22.053306038999985,106.4420832329998,SAT_10090,20.91431290951104,196.3930101159996,99.04847216847935,169.57395613366106,-64.07538713384915,29.932684002954513,35.0,0.12076407116322778,12.313350931979375
22.053306038999985,106.5420832329998,SAT_10090,20.946109732183857,196.5718672435342,99.05171396452384,169.5646813550903,-64.04359031117633,29.9451319668931,35.0,0.12062302275121392,12.30341790022791
22.053306038999985,106.6420832329998,SAT_10090,20.96829327815975,196.69664968964858,99.0539665971394,169.5582044899568,-64.02140676520044,29.95380900760977,35.0,0.12052463808360876,12.296486644769805
22.153306038999986,102.44208323300003,SAT_10090,20.956034834214336,196.62769594245566,99.05271737799535,169.561784179528,-64.03366520914585,29.94901490644795,35.0,0.12057900260872811,12.300316933457086
22.153306038999986,102.54208323300003,SAT_10090,21.00089293804522,196.88002277650438,99.05725772077055,169.5486772455485,-63.98880710531497,29.966549128781825,35.0,0.12038008745009571,12.286298901098188
22.153306038999986,102.64208323300002,SAT_10090,21.036128573337777,197.078223225025,99.06080304627972,169.5383672857817,-63.95357147002241,29.980304455762766,35.0,0.1202238885646379,12.275284751438836
22.153306038999986,102.74208323300002,SAT_10090,21.0617090640162,197.2221134850911,99.06336537163041,169.53087437429832,-63.92799097934399,29.990280857921388,35.0,0.12011051681474177,12.267286946152316
22.153306038999986,102.84208323300001,SAT_10090,21.077610556019494,197.31155937760963,99.06495332205674,169.52621317016568,-63.912089487340694,29.996478313884747,35.0,0.12004005308635872,12.262314577973415
22.153306038999986,102.942083233,SAT_10090,21.08381816488881,197.34647717749957,99.06557221768837,169.5243928223402,-63.90588187847138,29.998896810375932,35.0,0.12001254783130368,12.260373318675812
22.153306038999986,103.042083233,SAT_10090,21.080326068321888,197.32683413431062,99.06522412680526,169.52541691000243,-63.9093739750383,29.99753634221379,35.0,0.12002802078058261,12.261465386469075
22.153306038999986,103.142083233,SAT_10104,21.07512012929587,197.29755072728926,99.06463718394728,169.5250440576587,-63.91457991406432,29.994462051615567,35.0,0.12006301289840168,12.263934895122784
22.153306038999986,103.24208323299999,SAT_10104,21.08497249134156,197.3529702637963,99.0656196388732,169.52215461708766,-63.90472755201863,29.998299733683996,35.0,0.12001934862672278,12.260853319988236
22.153306038999986,103.34208323299998,SAT_10104,21.085132626077637,197.3538710216867,99.06563559539734,169.52210764543437,-63.90456741728255,29.998362099150793,35.0,0.12001863895925519,12.26080323203972
22.153306038999986,103.44208323299998,SAT_10104,21.075600383288503,197.30025215599784,99.0646851067656,169.52490323504222,-63.914099660071685,29.994649147882317,35.0,0.12006088440508028,12.263784688506703
22.153306038999986,103.54208323299997,SAT_10104,21.056384697135506,197.19216392138722,99.06276499787202,169.5305358939996,-63.93331534622468,29.987160887834545,35.0,0.12014605468365933,12.269794285375974
22.153306038999986,103.64208323299997,SAT_10104,21.02750353051691,197.0297073591576,99.0598688335669,169.53899458201266,-63.96219651284328,29.9758973350532,35.0,0.12027408889708975,12.278825176986732
22.153306038999986,103.74208323299996,SAT_10104,20.988983763585793,196.81303367017006,99.05598685420354,169.55026278226347,-64.0007162797744,29.960858513674086,35.0,0.12044489587554047,12.290867115309464
22.153306038999986,103.84208323299995,SAT_10104,20.940861027889014,196.5423432818757,99.05110587732267,169.56431860827576,-64.04883901547117,29.942044455923533,35.0,0.12065835469191959,12.30590650842704
22.153306038999986,103.94208323299995,SAT_10104,20.88317948828717,196.21788462161533,99.04520916377722,169.58113494434483,-64.10652055507302,29.919455202119032,35.0,0.12091431533994063,12.323926497507275
22.153306038999986,104.04208323299994,SAT_10104,20.815991575466327,195.83995261199811,99.03827624595507,169.60067961765458,-64.17370846789386,29.893090800670002,35.0,0.12121259956798326,12.344907051341293
22.153306038999986,104.14208323299994,SAT_10104,20.7393576724335,195.40888690743844,99.03028271504071,169.62291559981864,-64.25034237092669,29.86295130807874,35.0,0.12155300185952717,12.368825077327255
22.153306038999986,104.24208323299993,SAT_10104,20.65334575890219,194.92506989382485,99.02119996344658,169.64780123524292,-64.336354284458,29.829036788941494,35.0,0.12193529054950152,12.39565454760706
22.153306038999986,104.34208323299993,SAT_10104,20.55803101790464,194.38892447571362,99.01099487761432,169.67529049342258,-64.43166902545555,29.79134731594974,35.0,0.12235920906466166,12.425366638918042
22.153306038999986,104.44208323299992,SAT_10104,20.453495409307692,193.80091167735577,98.99962947530216,169.70533324206508,-64.5362046340525,29.74988296989154,35.0,0.12282447727509643,12.457929884603868
22.153306038999986,104.54208323299991,SAT_10104,20.339827215151658,193.1615280852281,98.98706048019588,169.73787553777728,-64.64987282820853,29.704643839653144,35.0,0.12333079294319424,12.493310337141196
22.153306038999986,104.64208323299991,SAT_10104,20.21712056189,192.47130316063127,98.97323882516159,169.77285993095464,-64.77257948147019,29.655630022220684,35.0,0.12387783325586066,12.531471739480375
22.153306038999986,104.7420832329999,SAT_10104,20.085474924667267,191.73079645125338,98.95810907363393,169.81022578147935,-64.90422511869292,29.60284162268206,35.0,0.12446525642548148,12.57237570347015
22.153306038999986,104.8420832329999,SAT_10104,19.944994618739926,190.94059473041207,98.94160874642809,169.8499095818675,-65.04470542462026,29.546278754228958,35.0,0.12509270334505626,12.61598189363665
22.153306038999986,104.94208323299989,SAT_10104,19.795788283041873,190.10130909211054,98.92366753858049,169.89184528458065,-65.19391176031831,29.48594153815904,35.0,0.1257597992830772,12.662248214613625
22.153306038999986,105.04208323299989,SAT_10104,19.637968360705045,189.2135720289659,98.90420640753506,169.9359646303567,-65.35173168265514,29.421830103878293,35.0,0.12646615560407898,12.711131000572662
22.153306038999986,105.14208323299988,SAT_10090,19.691898637084336,189.5169298335994,98.91099437953436,169.92276578111222,-65.29780140627585,29.44469191390891,35.0,0.1262114385970119,12.693516100475529
22.153306038999986,105.24208323299987,SAT_10090,19.843288398658387,190.36849724245343,98.92950557341348,169.88037425996865,-65.1464116447018,29.50611287105782,35.0,0.125534246608252,12.64661600918273
22.153306038999986,105.34208323299987,SAT_10090,19.986014978404327,191.17133425352432,98.94654305910623,169.8402025874765,-65.00368506495586,29.563766559637,35.0,0.12489645705749049,12.602352580058861
22.153306038999986,105.44208323299986,SAT_10090,20.11996964888162,191.9248292749591,98.96218043322258,169.80231681713693,-64.86973039447857,29.61765285588195,35.0,0.12429844531748876,12.560767987906088
22.153306038999986,105.54208323299986,SAT_10090,20.245047814569148,192.62839395695147,98.97648311876667,169.76678058199076,-64.74465222879104,29.667771644127797,35.0,0.12374057179089686,12.521902719137184
22.153306038999986,105.64208323299985,SAT_10090,20.361149521786103,193.28146606004682,98.98950919533829,169.7336547718105,-64.62855052157408,29.714122816807038,35.0,0.1232231802302627,12.485795386340351
22.153306038999986,105.74208323299985,SAT_10090,20.468179962216325,193.88351228746683,99.0013101125123,169.70299721351736,-64.52152008114386,29.756706274447495,35.0,0.12274659609328817,12.45248254598071
22.153306038999986,105.84208323299984,SAT_10090,20.566049965183893,194.4340310541594,99.01193130297113,169.67486235800436,-64.4236500781763,29.795521925670393,35.0,0.12231112494739363,12.42199852089492
22.153306038999986,105.94208323299983,SAT_10090,20.654676473708037,194.93255516460772,99.02141270906726,169.6493009766346,-64.33502356965215,29.830569687188603,35.0,0.12191705093785583,12.394375229268288
22.153306038999986,106.04208323299983,SAT_10090,20.73398299930433,195.37865437108687,99.029789234115,169.62635987073543,-64.25571704405586,29.861849483805045,35.0,0.12156463533377851,12.369642021791696
22.153306038999986,106.14208323299982,SAT_10090,20.803900050541102,195.77193778429367,99.03709112775041,169.60608159738865,-64.18579999281908,29.88936124841124,35.0,0.12125411516592682,12.34782552867574
22.153306038999986,106.24208323299982,SAT_10090,20.864365530481166,196.11205610895658,99.04334431306762,169.58850421474352,-64.12533451287902,29.91310492198602,35.0,0.12098570197000208,12.328949518151514
22.153306038999986,106.34208323299981,SAT_10090,20.915325098349598,196.39870367821652,99.04857066187385,169.57366104994708,-64.07437494501059,29.93308045359439,35.0,0.12075958064824129,12.313034768009658
22.153306038999986,106.4420832329998,SAT_10090,20.95673249107989,196.63162026232436,99.05278822325074,169.56158049258235,-64.0329675522803,29.94928780038656,35.0,0.12057590846130951,12.300098951623196
22.153306038999986,106.5420832329998,SAT_10090,20.98854980078066,196.8105926293912,99.05601140962105,169.55228581625005,-64.00115024257953,29.961726927597116,35.0,0.12043481416131079,12.290156539765281
22.153306038999986,106.6420832329998,SAT_10090,21.010747704637723,196.9354558385872,99.05825114366476,169.54579503061905,-63.978952338722465,29.970397808544337,35.0,0.12033639727540021,12.28321871937235
22.253306038999984,102.24208323300005,SAT_10090,20.8243909218979,195.8871989356757,99.03921259303704,169.6001290792518,-64.16530912146229,29.897412727803527,35.0,0.12116314030102543,12.341429629713
22.253306038999984,102.34208323300004,SAT_10090,20.888289256567234,196.2466270681907,99.04579818894962,169.58153919645503,-64.10141078679295,29.922486762021492,35.0,0.12087953522419062,12.321478817135231
22.253306038999984,102.44208323300003,SAT_10090,20.942666677784516,196.55250006253792,99.05135324252008,169.56568615865353,-64.04703336557567,29.943784673545004,35.0,0.1206382942673508,12.304493586199781
22.253306038999984,102.54208323300003,SAT_10090,20.987473672091113,196.80453940551251,99.05589697933925,169.55260035263052,-64.00222637126907,29.961306416728497,35.0,0.12043958571664372,12.290492849650395
22.253306038999984,102.64208323300002,SAT_10090,21.022669070882877,197.00251352371617,99.05944494821148,169.5423070569783,-63.96703097247731,29.97505195402085,35.0,0.12028354937030532,12.279492320149547
22.253306038999984,102.74208323300002,SAT_10090,21.04822030043711,197.14623918995872,99.0620091802284,169.53482628118664,-63.94147974292308,29.98502125596465,35.0,0.12017029575974861,12.27150442194134
22.253306038999984,102.84208323300001,SAT_10090,21.064103581661243,197.2355826468445,99.06359831067289,169.5301726370008,-63.925596461698944,29.99121430119565,35.0,0.12009990552876654,12.266538220365046
22.253306038999984,102.942083233,SAT_10090,21.070304076981024,197.27046043301826,99.06421766587783,169.5283552437741,-63.91939596637916,29.993631076442327,35.0,0.12007242897784111,12.264599370069561
22.253306038999984,103.042083233,SAT_10090,21.06681598245565,197.25083990131304,99.06386931653589,169.529377669092,-63.922884060904536,29.99227157652565,35.0,0.12008788577873375,12.265690082559438
22.253306038999984,103.142083233,SAT_10104,21.077809601121636,197.31267900630922,99.06489896683904,169.5242554056922,-63.91189044223855,29.995509772732696,35.0,0.12005109321650077,12.26309371606255
22.253306038999984,103.24208323299999,SAT_10104,21.087655797830962,197.36806386279918,99.06588032370857,169.52136749888007,-63.902044245529225,29.999344721592088,35.0,0.12000745715882931,12.26001401108241
22.253306038999984,103.34208323299998,SAT_10104,21.087815832347438,197.36896405695433,99.0658962624082,169.5213205521685,-63.90188421101275,29.99940704264201,35.0,0.12000674794995912,12.25996395353629
22.253306038999984,103.44208323299998,SAT_10104,21.078289554617243,197.315378744722,99.06494683606876,169.5241146578029,-63.911410488742945,29.99569673574889,35.0,0.12004896609840879,12.262943600590534
22.253306038999984,103.54208323299997,SAT_10104,21.05908588919094,197.20735812669906,99.06302887645283,169.5297443296931,-63.93061415416925,29.988213808865407,35.0,0.1201340813571018,12.26894955198445
22.253306038999984,103.64208323299997,SAT_10104,21.030222779673693,197.04500313566453,99.06013596235825,169.53819853922857,-63.959477263686495,29.976958278030665,35.0,0.12026203289533433,12.277974969593247
22.253306038999984,103.74208323299996,SAT_10104,20.99172707742101,196.8284648104932,99.05625835535943,169.5494607870236,-63.99797296593918,29.961930167370483,35.0,0.12043272964363226,12.290009616642424
22.253306038999984,103.84208323299995,SAT_10104,20.94363437594349,196.55794336468213,99.05138290178985,169.56350920961367,-64.0460656674167,29.943129509097883,35.0,0.12064605080756038,12.305039916093353
22.253306038999984,103.94208323299995,SAT_10104,20.885988793174107,196.23368696160435,99.04549289927519,169.5803167196645,-64.10371125018608,29.920556343513685,35.0,0.12090184654466185,12.323049027490597
22.253306038999984,104.04208323299994,SAT_10104,20.818842704401433,195.85599021225804,99.03856792548444,169.5998511778218,-64.17085733895875,29.8942107190073,35.0,0.12119993879694124,12.344016941347332
22.253306038999984,104.14208323299994,SAT_10104,20.742256429257395,195.42519241457285,99.03058362605218,169.62207559393983,-64.24744361410279,29.86409269205767,35.0,0.121540122269689,12.367920589950943
22.253306038999984,104.24208323299993,SAT_10104,20.656297876654747,194.941675556183,99.02151145781895,169.64694835509476,-64.33340216670544,29.830202327234325,35.0,0.1219221655460128,12.394733973298996
22.253306038999984,104.34208323299993,SAT_10104,20.561042152003523,194.40586210501982,99.01131838261004,169.6744234774996,-64.42865789135666,29.792539697198666,35.0,0.12234581232521287,12.42442829873051
22.253306038999984,104.44208323299992,SAT_10104,20.456571131372783,193.8182126139719,98.9999665056937,169.70445087922042,-64.5331289119874,29.75110488270534,35.0,0.12281078277213087,12.45697213270019
22.253306038999984,104.54208323299991,SAT_10104,20.342973007509045,193.17922316723838,98.98741265178721,169.73697667043592,-64.64672703585114,29.70589797260381,35.0,0.12331677496382933,12.492331563055206
22.253306038999984,104.64208323299991,SAT_10104,20.220341812778898,192.4894226968813,98.9736078699672,169.77194345788564,-64.76935823058129,29.656919063840053,35.0,0.12386346641942228,12.530470370116275
22.253306038999984,104.7420832329999,SAT_10104,20.08877692416135,191.74937019840763,98.95849685702439,169.80929066012226,-64.90092311919884,29.604168261458444,35.0,0.12445051569858016,12.571350204836433
22.253306038999984,104.8420832329999,SAT_10104,19.948382555389472,190.9596518740658,98.9420172866093,169.84895483020952,-65.04131748797072,29.547645678603775,35.0,0.12507756405416195,12.614930772310805
22.253306038999984,104.94208323299989,SAT_10104,19.799267241230297,190.12087823192041,98.92409902884496,169.89086998259103,-65.19043280212989,29.487351436523436,35.0,0.12574423712457675,12.661170018937725
22.253306038999984,105.04208323299989,SAT_10104,19.641543318707562,189.23368116773003,98.90466324181236,169.93496792098796,-65.34815672465263,29.42328566456976,35.0,0.12645014665182527,12.710024321582601
22.253306038999984,105.14208323299988,SAT_10090,19.72280269161783,189.6907651403503,98.91481996099188,169.91413035677186,-65.26689735174236,29.457252452432073,35.0,0.12607314214823107,12.68394630525433
22.253306038999984,105.24208323299987,SAT_10090,19.8742230398028,190.54250459889076,98.9332390621277,169.8716844438771,-65.11547700355739,29.518629609223236,35.0,0.12539595793506114,12.63702621096848
22.253306038999984,105.34208323299987,SAT_10090,20.016979825555552,191.34551151875,98.95019301684667,169.83146073498312,-64.97272021780464,29.576242184136543,35.0,0.12475817112346616,12.592743495834593
22.253306038999984,105.44208323299986,SAT_10090,20.15096407313007,192.09917291135662,98.9657547645996,169.7935254457141,-64.83873597023012,29.63009005346034,35.0,0.1241601578618014,12.551140420114558
22.253306038999984,105.54208323299986,SAT_10090,20.276070944307975,192.80289906173238,98.97998915242367,169.75794236782798,-64.71362909905221,29.680173101579104,35.0,0.12360227930460906,12.512257553498728
22.253306038999984,105.64208323299985,SAT_10090,20.392200250015705,193.45612640633837,98.99295375523992,169.72477254526558,-64.59749979334448,29.72649122097123,35.0,0.12308487992823854,12.476133589121893
22.253306038999984,105.74208323299985,SAT_10090,20.499256955561464,194.05832037503322,99.00469958089069,169.6940739534128,-64.49044308779872,29.76904431220695,35.0,0.12260828588168707,12.442805160711176
22.253306038999984,105.84208323299984,SAT_10090,20.59715167463108,194.60897816979983,99.01527167623829,169.66590118476017,-64.39254836872911,29.807832283946446,35.0,0.12217280338677375,12.412306664528623
22.253306038999984,105.94208323299983,SAT_10090,20.685801147033203,195.10763145206178,99.02470964779437,169.64030514425798,-64.30389889632698,29.84285505293808,35.0,0.12177871720196662,12.38467008780512
22.253306038999984,106.04208323299983,SAT_10090,20.765128695151617,195.55384891022783,99.03304810801265,169.61733275769117,-64.22457134820857,29.874112544016818,35.0,0.12142628916417829,12.359924845370024
22.253306038999984,106.14208323299982,SAT_10090,20.83506465408091,195.94723867920513,99.04031705644653,169.597026696398,-64.15463538927928,29.901604690102758,35.0,0.12111575682261873,12.338097626161433
22.253306038999984,106.24208323299982,SAT_10090,20.895546770553025,196.28745058436078,99.04654220336973,169.57942512157499,-64.09415327280716,29.925331432199872,35.0,0.12084733217833697,12.319212251253706
22.253306038999984,106.34208323299981,SAT_10090,20.94652056597681,196.57417818361955,99.0517452421119,169.5645614512746,-64.04317947738338,29.94529271939485,35.0,0.12062120054239246,12.303289544961213
22.253306038999984,106.4420832329998,SAT_10090,20.98793965921479,196.80716058308317,99.05594407522396,169.55246415300647,-64.0017603841454,29.961488508856146,35.0,0.12043751952467406,12.290347220470405
22.253306038999984,106.5420832329998,SAT_10090,21.019766045122246,196.98618400381264,99.05915299861418,169.5431565645892,-63.96993399823794,29.973918765833137,35.0,0.12029641816424147,12.280399781317639
22.253306038999984,106.6420832329998,SAT_10090,21.0419703253458,197.11108308007013,99.06138284695288,169.53665674559022,-63.947729718014386,29.982583463655466,35.0,0.12019799621071257,12.27345843986891
22.353306038999982,102.24208323300005,SAT_10090,20.799960250919042,195.7497764114196,99.03667420914832,169.60722560061012,-64.18973979244115,29.88781258454543,35.0,0.121271608579601,12.34905516779685
22.353306038999982,102.34208323300004,SAT_10090,20.863763380572337,196.1086690157194,99.04327349600108,169.58867944537982,-64.12593666278785,29.912868693137582,35.0,0.12098837438615807,12.329137536159456
22.353306038999982,102.44208323300003,SAT_10090,20.918059469132984,196.41408451387304,99.04884004277956,169.57286384527734,-64.0716405742272,29.93415137864433,35.0,0.12074744994679026,12.312180657647408
22.353306038999982,102.54208323300003,SAT_10090,20.962799227326826,196.6657456537134,99.05339314261701,169.55980904488553,-64.02690081603336,29.951660595438568,35.0,0.1205490028291577,12.29820336375724
22.353306038999982,102.64208323300002,SAT_10090,20.997941673967865,196.86342191606926,99.05694839883638,169.5495402038391,-63.99175836939232,29.965396305984363,35.0,0.12039317223196716,12.28722129930564
22.353306038999982,102.74208323300002,SAT_10090,21.02345438427527,197.0069309115484,99.05951788464992,169.54207723704175,-63.96624565908492,29.97535848083622,35.0,0.12028006821089919,12.279246834668484
22.353306038999982,102.84208323300001,SAT_10090,21.039313688246928,197.096139496389,99.06111026553856,169.53743468693307,-63.95038635511326,29.98154709863853,35.0,0.12020977106169879,12.274288995757022
22.353306038999982,102.942083233,SAT_10090,21.04550481653368,197.13096459300195,99.06173088644785,169.5356216295105,-63.94419522682651,29.983962146125137,35.0,0.12018233086735115,12.272353412573793
22.353306038999982,103.042083233,SAT_10104,21.04969263655194,197.15452108060464,99.06208248225377,169.5324966270962,-63.94000740680825,29.984551937818722,35.0,0.12017571902329309,12.271886998507465
22.353306038999982,103.142083233,SAT_10104,21.069196407795935,197.26422979385214,99.06403287538078,169.52678084593452,-63.92050363556425,29.992154063766996,35.0,0.12008926756409394,12.265787585832635
22.353306038999982,103.24208323299999,SAT_10104,21.079032831410288,197.3195596766829,99.06501440493413,169.52389668480401,-63.9106672119499,29.99598626908191,35.0,0.1200456719663994,12.262711124261399
22.353306038999982,103.34208323299998,SAT_10104,21.079192707040676,197.3204589771038,99.06503034643863,169.52384979900384,-63.91050733631951,29.996048545547005,35.0,0.12004496341525013,12.262661119447436
22.353306038999982,103.44208323299998,SAT_10104,21.069675885013325,197.26692685319995,99.06408075303315,169.52664028054073,-63.92002415834686,29.99234089302875,35.0,0.12008714241792495,12.26563762841696
22.353306038999982,103.54208323299997,SAT_10104,21.050491267266892,197.15901337837627,99.06216245599981,169.53226265752812,-63.939208776093295,29.984863319476567,35.0,0.1201721788010574,12.271637259240686
22.353306038999982,103.64208323299997,SAT_10104,21.021656752013868,196.99681923007802,99.0592690331739,169.54070592986295,-63.96804329134632,29.973615840922953,35.0,0.12030001188198493,12.280653190524331
22.353306038999982,103.74208323299996,SAT_10104,20.983199122861407,196.78049506609545,99.05539074469849,169.55195364069215,-64.00650092049878,29.958598481483826,35.0,0.12047055081236804,12.292675210478091
22.353306038999982,103.84208323299995,SAT_10104,20.935153883841807,196.51024059661015,99.05051443502671,169.56598398269995,-64.05454615951838,29.939811273358952,35.0,0.12068367509016131,12.307689775087228
22.353306038999982,103.94208323299995,SAT_10104,20.877565042503605,196.1863033640828,99.04462339948296,169.5827699377772,-64.11213500085658,29.917254256832585,35.0,0.12093923523414325,12.325680084677849
22.353306038999982,104.04208323299994,SAT_10104,20.81048484384462,195.808977246626,99.03769721304919,169.60227944821753,-64.17921519951557,29.890927480274243,35.0,0.12123705361345381,12.34662617795882
22.353306038999982,104.14208323299994,SAT_10104,20.733973458463353,195.3786007038564,99.02971151833194,169.62447561718625,-64.25572658489683,29.860831000139626,35.0,0.1215769254229825,12.370505042427235
22.353306038999982,104.24208323299993,SAT_10104,20.648098628801762,194.8955547870099,99.02063776885691,169.6493169358821,-64.34160141455843,29.82696488097171,35.0,0.12195861979402238,12.397290739854002
22.353306038999982,104.34208323299993,SAT_10104,20.552935277792855,194.36026093758483,99.01044292291421,169.6767575345197,-64.43676476556733,29.789329195401994,35.0,0.12238188102838228,12.426954545421236
22.353306038999982,104.44208323299992,SAT_10104,20.44856508454805,193.77317860058278,98.99908908209542,169.70674745405444,-64.54113495881214,29.74792402415189,35.0,0.12284642994314675,12.459465098966445
22.353306038999982,104.54208323299991,SAT_10104,20.335076031982396,193.13480267990101,98.98653306739543,169.73923293539895,-64.65462401137779,29.70274945603427,35.0,0.1233519653125018,12.494788566700612
22.353306038999982,104.64208323299991,SAT_10104,20.21256193141498,192.44566086420926,98.97272592423685,169.7741567227982,-64.7771381119452,29.65380558795519,35.0,0.12389816539251083,12.532888811709677
22.353306038999982,104.7420832329999,SAT_10104,20.081121929250486,191.70631085203397,98.95761234596239,169.81145837799068,-64.9085781141097,29.601092524915746,35.0,0.12448468951442589,12.573727571520338
22.353306038999982,104.8420832329999,SAT_10104,19.940860000817707,190.91733750459963,98.94113000314618,169.85107460181354,-65.04884004254248,29.5446103800141,35.0,0.12511117973204922,12.61726464101098
22.353306038999982,104.94208323299989,SAT_10104,19.791884436332552,190.0793499543706,98.92320876340735,169.89293955999148,-65.19781560702764,29.484359274447645,35.0,0.1257772625088064,12.663458058974989
22.353306038999982,105.04208323299989,SAT_10104,19.63430732377418,189.19297869622974,98.90376978313947,169.9369852099761,-65.355392719586,29.42033933751535,35.0,0.12648255043053716,12.71226429669472
22.353306038999982,105.14208323299988,SAT_10090,19.742891728621387,189.8037659734953,98.9172990009855,169.90851194015926,-65.2468083147388,29.46541123622214,35.0,0.1259832589407668,12.677724351860912
22.353306038999982,105.24208323299987,SAT_10090,19.894293737111553,190.65540227125248,98.93565333954346,169.8660413763477,-65.09540630624863,29.526744427276046,35.0,0.12530625078811425,12.630803106388855
22.353306038999982,105.34208323299987,SAT_10090,20.03703396476294,191.45831605179154,98.95254856887797,169.82579408358603,-64.95266607859725,29.584315733290847,35.0,0.12466862735784247,12.586519100944217
22.353306038999982,105.44208323299986,SAT_10090,20.171003326954718,192.2118937141203,98.96805716198442,169.78783635103355,-64.81869671640547,29.638125030607426,35.0,0.12407076512009636,12.544914630859244
22.353306038999982,105.54208323299986,SAT_10090,20.296096879019686,192.91554494448573,98.98224355727152,169.75223204244094,-64.6936031643405,29.688172203659356,35.0,0.12351302554057418,12.506030300018336
22.353306038999982,105.64208323299985,SAT_10090,20.41221432860597,193.56870559840857,98.99516497177918,169.7190422716829,-64.57748571475422,29.734457144970662,35.0,0.12299575339448388,12.469904834647496
22.353306038999982,105.74208323299985,SAT_10090,20.519260541672878,194.17084054690997,99.00687210025299,169.6883250814923,-64.47043950168731,29.776979755153768,35.0,0.12251927511569913,12.436574900233076
22.353306038999982,105.84208323299984,SAT_10090,20.61714603724073,194.7214464594791,99.01740971621419,169.66013512859647,-64.37255400611946,29.815739942907594,35.0,0.1220838971952502,12.406074923235343
22.353306038999982,105.94208323299983,SAT_10090,20.705787465887553,195.2200544956175,99.02681718834764,169.6345233785485,-64.28391257747263,29.850737625015807,35.0,0.12168990464349111,12.378436919296462
22.353306038999982,106.04208323299983,SAT_10090,20.785108066927734,195.6662328764685,99.03512892321986,169.61153681359696,-64.20459197643245,29.881972726345225,35.0,0.1213375595302813,12.35369032965044
22.353306038999982,106.14208323299982,SAT_10090,20.855038099246173,196.05958930825972,99.04237474343212,169.59121815691805,-64.13466194411401,29.909445179844383,35.0,0.12102709961729405,12.331861867423061
22.353306038999982,106.24208323299982,SAT_10090,20.915515240884417,196.39977322997487,99.04858020872682,169.5736056164603,-64.07418480247577,29.933154926542247,35.0,0.1207587370961063,12.312975375461605
22.353306038999982,106.34208323299981,SAT_10090,20.966484952684155,196.68647785884838,99.05376688623517,169.55873265152175,-64.02321509067603,29.95310191554708,35.0,0.12053265744503291,12.297051697256329
22.353306038999982,106.4420832329998,SAT_10090,21.007900801611797,196.91944200906633,99.05795257492878,169.54662776496826,-63.98179924174839,29.969286104045473,35.0,0.12034901841674489,12.284108562408846
22.353306038999982,106.5420832329998,SAT_10090,21.039724739770115,197.0984516612069,99.06115148837465,169.53731432375668,-63.94997530359007,29.98170745730152,35.0,0.12020794916756568,12.274160487967354
22.453306038999983,102.34208323300004,SAT_10090,20.828044140311803,195.9077482892539,99.03958272431369,169.599067381427,-64.16165590304838,29.898847638847048,35.0,0.12114692228871765,12.340289238179702
22.453306038999983,102.44208323300003,SAT_10090,20.882239641825592,196.21259798526896,99.04516818765542,169.58330100282348,-64.1074604015346,29.92011504094688,35.0,0.12090637991447312,12.323368059743526
22.453306038999983,102.54208323300003,SAT_10090,20.926896223912635,196.46379125950858,99.04973669507339,169.570286966577,-64.06280381944755,29.937611684137437,35.0,0.12070824846554289,12.309420288542464
22.453306038999983,102.64208323300002,SAT_10090,20.961973150341578,196.6610989706714,99.05330394138872,169.56005027634703,-64.02772689301861,29.951337530897888,35.0,0.12055266636168568,12.298461481207777
22.453306038999983,102.74208323300002,SAT_10090,20.98743819099184,196.8043398243291,99.05588207045993,169.5526107230235,-64.00226185236835,29.96129255179459,35.0,0.12043974304052035,12.290503938098926
22.453306038999983,102.84208323300001,SAT_10090,21.00326781843644,196.89338147870498,99.05747979839332,169.5479827581783,-63.986432224923746,29.967476725480516,35.0,0.1203695583456378,12.285556633880308
22.453306038999983,102.942083233,SAT_10090,21.00944735248936,196.92814135775265,99.05810250132707,169.54617540096777,-63.98025269087083,29.96989003869485,35.0,0.12034216207747962,12.283625166520423
22.453306038999983,103.142083233,SAT_10104,21.0492899547571,197.1522559955087,99.06203588964304,169.53261459561762,-63.94041008860309,29.98439493140459,35.0,0.12017750406549628,12.27201292032457
22.453306038999983,103.24208323299999,SAT_10104,21.059113017153628,197.20751072148917,99.06301886593448,169.52973637966122,-63.93058702620656,29.98822438284503,35.0,0.12013396111071063,12.268941068279668
22.453306038999983,103.34208323299998,SAT_10104,21.059272675550382,197.2084087999709,99.06303483092701,169.52968959054033,-63.930427367809806,29.98828661455742,35.0,0.12013325341538038,12.268891138411522
22.453306038999983,103.44208323299998,SAT_10104,21.04976878087099,197.15494939239935,99.062083837891,169.53247431988274,-63.939931262489196,29.984581626408296,35.0,0.12017538148487353,12.271863187529885
22.453306038999983,103.54208323299997,SAT_10104,21.030610199561657,197.04718237253434,99.06016271026782,169.53808511830823,-63.95908984379853,29.977109426343823,35.0,0.12026031525943309,12.277853836574684
22.453306038999983,103.64208323299997,SAT_10104,21.001814758586036,196.88520801704644,99.05726500999725,169.5465110308852,-63.98788528477415,29.96587003038995,35.0,0.12038799428458216,12.286856289994324
22.453306038999983,103.74208323299996,SAT_10104,20.96340913521044,196.66917638555876,99.05338097310357,169.5577356681588,-64.02629090814975,29.950863462652727,35.0,0.12055832805285355,12.29886037459081
22.453306038999983,103.84208323299995,SAT_10104,20.915428693022648,196.3992863982524,99.04849741143984,169.57173731178585,-64.07427135033754,29.932089755318746,35.0,0.12077119651295558,12.313852597357476
22.453306038999983,103.94208323299995,SAT_10104,20.85791726631149,196.0757846230021,99.0425975788951,169.588489053355,-64.1317827770487,29.909548948655793,35.0,0.12102645074062453,12.331816221608864
22.453306038999983,104.04208323299994,SAT_10104,20.790926895571502,195.6989637875897,99.03566099972306,169.60795896454772,-64.19877314778869,29.88324109101359,35.0,0.12132391376366897,12.352731360490878
22.453306038999983,104.14208323299994,SAT_10104,20.71451751748117,195.26916103583156,99.02766325593649,169.6301102964046,-64.27518252587902,29.85316623882474,35.0,0.12166338153211642,12.376575086767032
22.453306038999983,104.24208323299993,SAT_10104,20.628756613197396,194.78675594923538,99.01857572990099,169.65490170513863,-64.36094343016279,29.819324456605806,35.0,0.12204462402295527,12.403321557607024
22.453306038999983,104.34208323299993,SAT_10104,20.533718819244882,194.25216835825248,99.00836529733331,169.68228750164602,-64.4559812241153,29.78171581695855,35.0,0.12246738646774954,12.4329421529601
22.453306038999983,104.44208323299992,SAT_10104,20.429485505604987,193.66585596902806,98.99699396482559,169.7122179216568,-64.5602145377552,29.74034040057133,35.0,0.12293139069040754,12.465405625979338
22.453306038999983,104.54208323299991,SAT_10104,20.316144325858346,193.0283118329532,98.98441844474067,169.74463941330495,-64.67355571750184,29.695198296220646,35.0,0.12343633654161688,12.500678263875903
22.453306038999983,104.64208323299991,SAT_10104,20.193788744390574,192.34006168719696,98.97058965880652,169.779494938802,-64.79591129896961,29.646289600772846,35.0,0.12398190341592742,12.538724057524528
22.453306038999983,104.7420832329999,SAT_10104,20.062517545723225,191.60166119469315,98.95545215991488,169.81672428687267,-64.92718249763696,29.593614419185986,35.0,0.12456775183716383,12.57950487811311
22.453306038999983,104.8420832329999,SAT_10104,19.92243433101622,190.81369311196624,98.9389434594286,169.8562643926294,-65.06726571234397,29.537172864511856,35.0,0.1251935250977775,12.622980659128633
22.453306038999983,104.94208323299989,SAT_10104,19.773647006673585,189.97676441253893,98.92099324462212,169.8980496616491,-65.2160530366866,29.476965057898134,35.0,0.12585885093788904,12.669109581997732
22.453306038999983,105.04208323299989,SAT_10104,19.61626726981028,189.09150339268282,98.90152246759757,169.94201229514022,-65.37343277354991,29.41299112859073,35.0,0.1265633432501141,12.717848263750307
22.453306038999983,105.14208323299988,SAT_10090,19.75214647428892,189.8558239178752,98.91844286929079,169.90592228568917,-65.23755356907127,29.469168249005104,35.0,0.12594185515378178,12.67485767723342
22.453306038999983,105.24208323299987,SAT_10090,19.90348095877917,190.70708039313283,98.93675933181137,169.8634569796285,-65.08621908458102,29.530457309031497,35.0,0.1252651921462652,12.627954221837763
22.453306038999983,105.34208323299987,SAT_10090,20.046157616184658,191.5096365910387,98.95362024332309,169.8232147170507,-64.94354242717553,29.5879871909989,35.0,0.1246278935048567,12.583687007618888
22.453306038999983,105.44208323299986,SAT_10090,20.180067393378806,192.2628790877558,98.96909779673409,169.78526177142783,-64.80963264998138,29.641757771300462,35.0,0.12403033556529171,12.54209831428873
22.453306038999983,105.54208323299986,SAT_10090,20.305105376420514,192.9662177423654,98.98325618542773,169.7496619911521,-64.68459466693967,29.69176893441858,35.0,0.12347287966133133,12.503228730544825
22.453306038999983,105.64208323299985,SAT_10090,20.42117130270603,193.6190885777214,98.99615241213989,169.71647647517895,-64.56852874065416,29.738020572922665,35.0,0.12295587043979694,12.467116967958079
22.453306038999983,105.74208323299985,SAT_10090,20.52817006675373,194.22095662548975,99.00783698437844,169.68576325187354,-64.46152997660646,29.780512587467097,35.0,0.12247963421079214,12.433799677989226
22.453306038999983,105.84208323299984,SAT_10090,20.62601221474452,194.77131870793792,99.01835451241169,169.6575769642589,-64.36368782861567,29.819244886789324,35.0,0.12204447734723663,12.403311273798836
22.453306038999983,105.94208323299983,SAT_10090,20.714614422811536,195.2697061283149,99.02774422305728,169.63196856495955,-64.27508562054865,29.854217387708125,35.0,0.12165068474804343,12.375683758549192
22.453306038999983,106.04208323299983,SAT_10090,20.793899954021,195.71568724136816,99.03604040021035,169.6089850241774,-64.19580008933919,29.885430015122008,35.0,0.12129851837926624,12.350946561904532
22.453306038999983,106.14208323299982,SAT_10090,20.863799089014137,196.1088698757045,99.04327276115559,169.58866905402988,-64.12590095434605,29.91288270200778,35.0,0.1209882159073189,12.329126386416627
22.453306038999983,106.24208323299982,SAT_10090,20.924249525416172,196.44890358046598,99.04946677613337,169.57105885249103,-64.06545051794402,29.936575389419264,35.0,0.12071998943791128,12.310247065434325
22.453306038999983,106.34208323299981,SAT_10090,20.975196741315898,196.73548166990193,99.05464393730823,169.55618787005878,-64.01450330204429,29.95650802648618,35.0,0.12049402437365361,12.294329434098035
22.453306038999983,106.4420832329998,SAT_10090,21.016594318440966,196.96834304123044,99.05882198217024,169.54408460205678,-63.97310572491922,29.972680570413157,35.0,0.12031047840236053,12.28139121487324
22.453306038999983,106.5420832329998,SAT_10090,21.04840422104558,197.1472737433814,99.06201507544402,169.5347724092244,-63.94129582231461,29.985092986478932,35.0,0.12016948062693916,12.271446918942214
22.553306038999985,102.34208323300004,SAT_10090,20.781169498544898,195.64407842931507,99.03471145225969,169.6126797014145,-64.20853054481529,29.88042362709816,35.0,0.1213550499172352,12.354919420581734
22.553306038999985,102.44208323300003,SAT_10090,20.83524546377268,195.9482557337213,99.0403234016551,169.59697413293463,-64.15445457958751,29.901675688430466,35.0,0.12111495419372267,12.338041180889611
22.553306038999985,102.54208323300003,SAT_10090,20.879803183322736,196.1988929061904,99.0449134800354,169.5840104571069,-64.10989686003745,29.919159710827216,35.0,0.12091719185066722,12.324128921907109
22.553306038999985,102.64208323300002,SAT_10090,20.914802222003544,196.39576249876993,99.0484975115323,169.5738134855613,-64.07489782135664,29.932875656782603,35.0,0.1207619003534919,12.313198092224466
22.553306038999985,102.74208323300002,SAT_10090,20.940210588916727,196.53868456265658,99.05108773981604,169.56640285651287,-64.04948945444346,29.94282349687476,35.0,0.12064918838263777,12.305260906422712
22.553306038999985,102.84208323300001,SAT_10090,20.956004931841775,196.62752774160998,99.05269295250162,169.56179290967157,-64.03369511151841,29.9490032097652,35.0,0.12057913522779451,12.300326276384249
22.553306038999985,103.24208323299999,SAT_10104,21.02791807122528,197.03203915064222,99.05988626800506,169.53887323281745,-63.96178197213491,29.97605907834683,35.0,0.12027225098273371,12.278695566681543
22.553306038999985,103.34208323299998,SAT_10104,21.028077454613076,197.03293568219854,99.05990227736734,169.53882657577844,-63.96162258874711,29.976121265138733,35.0,0.12027154433951345,12.278645733767886
22.553306038999985,103.44208323299998,SAT_10104,21.018589924923575,196.9795683276951,99.05894864030468,169.54160344652672,-63.97111011843661,29.972418951347784,35.0,0.12031360979591253,12.281612013461757
22.553306038999985,103.54208323299997,SAT_10104,20.999464300435406,196.87198668994915,99.05702216498369,169.5471984263553,-63.99023574292478,29.964952144916914,35.0,0.12039841744510735,12.287591044041285
22.553306038999985,103.64208323299997,SAT_10104,20.970718311418494,196.71029050172905,99.05411638236573,169.55560062189562,-64.0189817319417,29.95372086186555,35.0,0.1205259071397968,12.296576064771827
22.553306038999985,103.74208323299996,SAT_10104,20.932378490820128,196.4946290108632,99.05022148144059,169.56679373554962,-64.05732155254006,29.938725126289928,35.0,0.12069598883140419,12.30855695444895
22.553306038999985,103.84208323299995,SAT_10104,20.88448001162122,196.22520006536936,99.04532421043096,169.5807561702391,-64.10522003173897,29.91996497036356,35.0,0.12090854307549079,12.323520288787932
22.553306038999985,104.04208323299994,SAT_10104,20.760189637783114,195.52606671253002,99.03245150191933,169.6168769740872,-64.22951040557707,29.8711515665428,35.0,0.12146044861273714,12.362324549419943
22.553306038999985,104.14208323299994,SAT_10104,20.683909125267775,195.09698882963124,99.02443095267272,169.6389670439014,-64.30579091809241,29.841098423388082,35.0,0.12179942078761526,12.386122876791465
22.553306038999985,104.24208323299993,SAT_10104,20.59829206192785,194.61539284834416,99.0153173371769,169.66369025767358,-64.39140798143234,29.807281069363977,35.0,0.12218010933838168,12.41281868378436
22.553306038999985,104.34208323299993,SAT_10104,20.5034126955276,194.08169641234275,99.00507736871225,169.69100117262064,-64.48628734783259,29.769699577042683,35.0,0.12260226074909937,12.442383491505531
22.553306038999985,104.44208323299992,SAT_10104,20.399351976426388,193.49635486739845,98.99367286658605,169.7208502900271,-64.5903480669338,29.728354027079682,35.0,0.12306559820025696,12.474786205786131
22.553306038999985,104.54208323299991,SAT_10104,20.28619711113771,192.8598587501496,98.98106032850353,169.75318434057172,-64.70350293222248,29.683244508215303,35.0,0.12356982299332452,12.509993276872732
22.553306038999985,104.64208323299991,SAT_10104,20.164041093062963,192.17273114847916,98.96719043116669,169.78794658368943,-64.82565895029722,29.634371117276405,35.0,0.12411461605755485,12.547968867826643
22.553306038999985,104.7420832329999,SAT_10104,20.03298221541732,191.43552496172242,98.95200744852416,169.82507711765624,-64.95671782794287,29.581733959178248,35.0,0.12469963952484159,12.588675029940037
22.553306038999985,104.8420832329999,SAT_10104,19.893123571343267,190.64882008880588,98.9354485748755,169.86451319710827,-65.09657647201692,29.525333146926503,35.0,0.1253245383583709,12.632071883476788
22.553306038999985,104.94208323299989,SAT_10104,19.74457254609925,189.81322057180827,98.91744313733007,169.90618955478834,-65.24512749726094,29.465168801619413,35.0,0.12598894202093924,12.678117802071068
22.553306038999985,105.04208323299989,SAT_10090,19.590801117471813,188.94825628577897,98.89841631005694,169.95095017216903,-65.39889892588837,29.40352239018985,35.0,0.12666405724758278,12.724807086661608
22.553306038999985,105.14208323299988,SAT_10090,19.750558026549186,189.84688889933918,98.91825701126447,169.90636682318907,-65.239142016811,29.468523483287115,35.0,0.12594896134747227,12.675349715561575
22.553306038999985,105.24208323299987,SAT_10090,19.901775741176323,190.69748854411682,98.93656224266032,169.86393672591373,-65.08792430218386,29.52976824708445,35.0,0.1252728127412681,12.628483010613317
22.553306038999985,105.34208323299987,SAT_10090,20.04434175769832,191.49942238705307,98.9534130276426,169.82372814790023,-64.94535828566187,29.58725654993884,35.0,0.12463600045774999,12.584250687242738
22.553306038999985,105.44208323299986,SAT_10090,20.178147194977285,192.2520779717472,98.96888146290753,169.7858072576132,-64.8115528483829,29.640988268295402,35.0,0.12403890024194852,12.54269495882317
22.553306038999985,105.54208323299986,SAT_10090,20.303087307093364,192.9548661024002,98.98303165827086,169.750237800641,-64.68661273626682,29.690963286685097,35.0,0.12348187285250688,12.503856349458419
22.553306038999985,105.64208323299985,SAT_10090,20.419061994331543,193.6072237181149,98.99592054389409,169.71708077607718,-64.57063804902864,29.73718149772247,35.0,0.12296526238053601,12.467773508293398
22.553306038999985,105.74208323299985,SAT_10090,20.52597630778635,194.20861673129824,99.0075985643157,169.68639411611832,-64.46372373557384,29.779642802103634,35.0,0.12248939460365242,12.434483026955498
22.553306038999985,105.84208323299984,SAT_10090,20.62374094272522,194.75854280282937,99.01811027527062,169.6582323720636,-64.36595910063497,29.81834710860436,35.0,0.12205457538928115,12.404019261786445
22.553306038999985,105.94208323299983,SAT_10090,20.71227271571911,195.25653402592,99.02749485649444,169.63264640999992,-64.27742732764108,29.853294334078345,35.0,0.12166108916151241,12.376414162557987
22.553306038999985,106.04208323299983,SAT_10090,20.791495020491737,195.702159490266,99.03578655142225,169.60968311950577,-64.19820502286845,29.88448440345561,35.0,0.1213091974457941,12.3516971093725
22.553306038999985,106.14208323299982,SAT_10090,20.861338257486096,196.09502769835927,99.0430150428044,169.5893851386795,-64.12836178587409,29.91191724974108,35.0,0.12099913750551738,12.329894759430172
22.553306038999985,106.24208323299982,SAT_10090,20.921740232254948,196.43478880643409,99.04920577168987,169.5717905987384,-64.06795981110524,29.93559281401331,35.0,0.12073112108409538,12.311030905296057
22.553306038999985,106.34208323299981,SAT_10090,20.972646518007267,196.72113666379087,99.0543802059109,169.556932891288,-64.01705352535292,29.955511045423354,35.0,0.12050533326544535,12.295126346222824
22.553306038999985,106.4420832329998,SAT_10090,21.014010777944627,196.95381062593853,99.05855606308765,169.54484046116613,-63.97568926541556,29.97167190119378,35.0,0.12032193146486377,12.282198773978354
22.553306038999985,106.5420832329998,SAT_10090,21.045795043414742,197.13259711920793,99.06174749221664,169.53553662750932,-63.943904999945445,29.984075346617892,35.0,0.12018104456114331,12.272262674492868
22.653306038999983,102.44208323300003,SAT_10090,20.77712676520828,195.62133805429656,99.03428655589201,169.6138526505376,-64.21257327815191,29.87883335785055,35.0,0.12137300341123312,12.356180982053619
22.653306038999983,102.54208323300003,SAT_10090,20.821570253723294,195.87133267719352,99.03890453242863,169.60094872781266,-64.1681297896369,29.896304712287534,35.0,0.1211756626109755,12.342310111500787
22.653306038999983,102.64208323300002,SAT_10090,20.856479288521655,196.06769599793432,99.04251027146586,169.59079888178485,-64.13322075483853,29.910010720437082,35.0,0.12102070304365586,12.331411890447109
22.653306038999983,102.74208323300002,SAT_10090,20.881822161057002,196.21024965594563,99.04511614655351,169.5834225702852,-64.10787788230319,29.919951352889047,35.0,0.12090823249737946,12.323498432409654
22.653306038999983,103.24208323299999,SAT_10104,20.985481843638112,196.79333537046438,99.05560466373355,169.55128643955985,-64.00421819972208,29.959490379826967,35.0,0.12046042679030435,12.291961713198898
22.653306038999983,103.34208323299998,SAT_10104,20.985640895059717,196.79423003471092,99.05562073869348,169.5512399494818,-64.00405914830047,29.959552521530693,35.0,0.1204597213929122,12.291911998956445
22.653306038999983,103.44208323299998,SAT_10104,20.97617311933884,196.74097379628094,99.05466319257556,169.55400688637522,-64.01352692402135,29.955852892081772,35.0,0.1205017127093502,12.294871217018539
22.653306038999983,103.64208323299997,SAT_10104,20.92840096834611,196.47225544694686,99.04981107768606,169.56795408510717,-64.06129907501408,29.93716835955809,35.0,0.12071363657489798,12.309799712890086
22.653306038999983,103.74208323299996,SAT_10104,20.89014055328545,196.25704061223064,99.04590011214725,169.57910734930056,-64.09955949007474,29.92218349658276,35.0,0.12088341988723056,12.321752217469706
22.653306038999983,104.04208323299994,SAT_10104,20.718305577288618,195.29046887224848,99.02805616959797,169.62901353077723,-64.27139446607157,29.854658930954454,35.0,0.12164654760590146,12.3753933186429
22.653306038999983,104.14208323299994,SAT_10104,20.642180417061056,194.86226484596847,99.02000187874177,169.65102615083495,-64.34751962629913,29.824627577880094,35.0,0.12198493381175884,12.399136119532512
22.653306038999983,104.24208323299993,SAT_10104,20.556736698896202,194.38164393129114,99.01084965463565,169.67566314708634,-64.43296334446399,29.790834743249242,35.0,0.12236496766807356,12.425769972958804
22.653306038999983,104.34208323299993,SAT_10104,20.462048181653984,193.84902102180368,99.0005659667111,169.70287938724914,-64.5276518617062,29.7532804996047,35.0,0.12278639722791432,12.455266576833852
22.653306038999983,104.44208323299992,SAT_10104,20.358195287936965,193.2648484946454,98.98911235289634,169.73262570738632,-64.63150475542322,29.711964927569255,35.0,0.12324894737142306,12.487595028234738
22.653306038999983,104.54208323299991,SAT_10104,20.245264661937384,192.6296137233978,98.97644498811202,169.76484919441128,-64.7444353814228,29.666888115847264,35.0,0.12375232121806848,12.522721981640712
22.653306038999983,104.64208323299991,SAT_10104,20.123348704598186,191.94383646336482,98.96251418026952,169.79949348254326,-64.866351338762,29.618050161226318,35.0,0.12429620162064459,12.56061181582442
22.653306038999983,104.7420832329999,SAT_10104,19.992545091051298,191.20806613716354,98.94726378306935,169.8364990604351,-64.99715495230889,29.565451168579116,35.0,0.12488025272698687,12.60122680772592
22.653306038999983,104.8420832329999,SAT_10104,19.85295627526392,190.42287904835953,98.93063051264642,169.87580358572987,-65.13674376809627,29.509091250865463,35.0,0.12550412159530053,12.644527311636562
22.653306038999983,104.94208323299989,SAT_10104,19.70468898672823,189.58887555034627,98.91254315237063,169.9173422038729,-65.28501105663196,29.44897052913443,35.0,0.12616743984912523,12.69047194204437
22.653306038999983,105.04208323299989,SAT_10090,19.578544868569992,188.8793148857062,98.89688350278807,169.95436027100152,-65.4111551747902,29.39852303579075,35.0,0.12671895032569197,12.728598989253731
22.653306038999983,105.14208323299988,SAT_10090,19.73812791434672,189.7769695182003,98.91674101590718,169.90984462004315,-65.25157212901347,29.463476940354226,35.0,0.1260045722733584,12.679199877051191
22.653306038999983,105.24208323299987,SAT_10090,19.889179749117716,190.62663608878717,98.93506161788478,169.86747959881586,-65.10052029424247,29.524677242809204,35.0,0.1253291068656245,12.632388831370186
22.653306038999983,105.34208323299987,SAT_10090,20.031588186117304,191.42768354690983,98.95192642996157,169.82733327824087,-64.95811185724288,29.582123811567755,35.0,0.12469294206427388,12.588209448505491
22.653306038999983,105.44208323299986,SAT_10090,20.1652446559995,192.17950118999718,98.96740763579814,169.78947163289683,-64.82445538736069,29.63581652312671,35.0,0.12409645256954732,12.546703825021009
22.653306038999983,105.54208323299986,SAT_10090,20.290044717471048,192.88150153577465,98.9815694225048,169.75395821856435,-64.69965532588914,29.685755262065317,35.0,0.12353999812397934,12.50791237126612
22.653306038999983,105.64208323299985,SAT_10090,20.405888566161536,193.53312318465865,98.99446878888983,169.72085384997203,-64.58381147719865,29.731939921043022,35.0,0.12302392183779837,12.471873626431845
22.653306038999983,105.74208323299985,SAT_10090,20.51268153708824,194.13383364612136,99.00615624035619,169.6902162817781,-64.47701850627195,29.774370400797444,35.0,0.12254854854951051,12.438624076741762
22.653306038999983,105.84208323299984,SAT_10090,20.610334595882108,194.68313210183686,99.01667638645414,169.662099895956,-64.37936544747808,29.813046610142464,35.0,0.1221141832356783,12.408197978428865
22.653306038999983,105.94208323299983,SAT_10090,20.698764813808523,195.18055207767293,99.02606845430604,169.63655539885153,-64.29093522955166,29.847968465966506,35.0,0.12172110948410597,12.380627187182528
22.653306038999983,106.04208323299983,SAT_10090,20.777895821569174,195.62566399632664,99.03436672882991,169.6136295312201,-64.21180422179101,29.879135893230945,35.0,0.12136958804463695,12.3559409957572
22.653306038999983,106.14208323299982,SAT_10090,20.84765823690539,196.0180775825928,99.04160092879685,169.59336479453708,-64.1420418064548,29.90654882496867,35.0,0.12105985547154169,12.334165981414841
22.653306038999983,106.24208323299982,SAT_10090,20.907990061144346,196.35744409393695,99.04779652618485,169.57579919680262,-64.08170998221584,29.930207202282833,35.0,0.12079212287101868,12.315325864825034
22.653306038999983,106.34208323299981,SAT_10090,20.958837040045836,196.64345835025782,99.0529750149712,169.5609660209243,-64.03086300331435,29.950110974345694,35.0,0.12056657476664386,12.299441381969098
22.653306038999983,106.4420832329998,SAT_10090,21.000152984612086,196.875860538443,99.05715413438962,169.5488936185622,-63.9895470587481,29.966260098397687,35.0,0.12038336809468807,12.286530170488893
22.653306038999983,106.5420832329998,SAT_10090,21.03190004791273,197.05443776950906,99.06034805072275,169.53960523206723,-63.95779999544746,29.978654539746582,35.0,0.1202426313400862,12.276606671786723
22.653306038999983,106.6420832329998,SAT_10090,21.0540489544559,197.17902536881445,99.06256750087195,169.53311884682552,-63.93565108890429,29.987294271766824,35.0,0.12014446382250148,12.269682050023096
22.75330603899998,103.34208323299998,SAT_10104,20.932008738210726,196.49254915243534,99.0501736191661,169.56690160913587,-64.05769130514946,29.93858041674801,35.0,0.1206976293528302,12.30867248340877
22.75330603899998,103.64208323299997,SAT_10104,20.87490809241936,196.17135801985893,99.0443323192743,169.58354356029855,-64.11479195094083,29.91621255645108,35.0,0.12095102855537102,12.326509918537994
22.75330603899998,104.14208323299994,SAT_10104,20.589374918257377,194.56523391519772,99.01435830896298,169.66626093254808,-64.40032512510281,29.803753735127287,35.0,0.1222197723663322,12.415598155315676
22.75330603899998,104.24208323299993,SAT_10104,20.504133517827086,194.08575103777736,99.00515465904735,169.6907940283589,-64.4855665255331,29.769985511040964,35.0,0.12259905245832163,12.442158955756842
22.75330603899998,104.54208323299991,SAT_10104,20.193388096845112,192.33780804475376,98.970553250568,169.77960882590648,-64.79631194651508,29.646129151722914,35.0,0.12398369063095815,12.538848581700554
22.75330603899998,104.64208323299991,SAT_10104,20.071751989658097,191.6536049418268,98.95654125415815,169.81411093728207,-64.91794805370209,29.597326765160787,35.0,0.12452652178526208,12.576637359795546
22.75330603899998,104.7420832329999,SAT_10104,19.941245839462383,190.9195078469759,98.94120097825062,169.85096589038187,-65.0484542038978,29.544766079853346,35.0,0.12510945551046257,12.61714493785882
22.75330603899998,104.8420832329999,SAT_10104,19.801971333326065,190.1360887499591,98.92446849486197,169.89011182708265,-65.18772871003412,29.48844720871478,35.0,0.12573214137417177,12.660331950292079
22.75330603899998,104.94208323299989,SAT_10104,19.65403441381467,189.30394357770754,98.90627185443705,169.93148438879984,-65.33566562954552,29.428370272745266,35.0,0.12639421358869599,12.70615729990224
22.75330603899998,105.04208323299989,SAT_10090,19.555509702658526,188.74974207745421,98.89398485712177,169.96076548398239,-65.43419034070166,29.389122089393762,35.0,0.12682213222642613,12.735724813886613
22.75330603899998,105.14208323299988,SAT_10090,19.71486808745115,189.64613299191276,98.91388861082687,169.91634838770042,-65.27483195590904,29.45402863027248,35.0,0.1261086469068886,12.686403551574191
22.75330603899998,105.24208323299987,SAT_10090,19.8657052646589,190.49459211370632,98.9322513398463,169.87407810052787,-65.12399477870129,29.515184306359505,35.0,0.1254340324082946,12.639666952124632
22.75330603899998,105.34208323299987,SAT_10090,20.007909504987822,191.2944909655565,98.94915447317776,169.83402240757187,-64.98179053837237,29.57258898612172,35.0,0.12479867516544964,12.595558441756763
22.75330603899998,105.44208323299986,SAT_10090,20.141372689188756,192.04522137668675,98.96467046570778,169.79624700162043,-64.84832735417143,29.626242546107388,35.0,0.12420294838421596,12.554119950274176
22.75330603899998,105.54208323299986,SAT_10090,20.26599081570592,192.7461983383458,98.97886374364838,169.76081516261613,-64.72370922765427,29.676144870943784,35.0,0.12364721035447723,12.515391725627453
22.75330603899998,105.64208323299985,SAT_10090,20.381664506493664,193.39686284902686,98.99179151649861,169.727787437383,-64.60803553686652,29.72229585333502,35.0,0.1231318027847698,12.47941215003378
22.75330603899998,105.74208323299985,SAT_10090,20.488299506395848,193.99668472347665,99.00350447507567,169.6972213226147,-64.50140053696434,29.764695394059984,35.0,0.12265704917210479,12.446217559237528
22.75330603899998,105.84208323299984,SAT_10090,20.5858071712873,194.54516533849105,99.01404739171552,169.66917095427203,-64.40389287207289,29.803343401970476,35.0,0.12222325322088955,12.415842066550443
22.75330603899998,105.94208323299983,SAT_10090,20.674104940053397,195.04184028780037,99.02345963593432,169.64368680662864,-64.31559510330679,29.83823979398946,35.0,0.12183069732505263,12.388317393342565
22.75330603899998,106.04208323299983,SAT_10090,20.753116785436546,195.48628191808058,99.03177561653932,169.62081540424376,-64.23658325792364,29.869384495109486,35.0,0.12147964112746723,12.363672707661904
22.75330603899998,106.14208323299982,SAT_10090,20.822773638808513,195.8781017182979,99.03902515927425,169.60059905013108,-64.16692640455167,29.896777438391265,35.0,0.12117032017053998,12.341934472641315
22.75330603899998,106.24208323299982,SAT_10090,20.883013784056786,196.21695253531945,99.0452338275024,169.58307557331185,-64.1066862593034,29.9204185649624,35.0,0.12090294465137826,12.323126306302585
22.75330603899998,106.34208323299981,SAT_10090,20.93378321598003,196.50253058988767,99.0504231921038,169.56827809881102,-64.05591682738016,29.940307824016273,35.0,0.1206776982942641,12.307268854291147
22.75330603899998,106.4420832329998,SAT_10090,20.97503595889515,196.73457726878522,99.05461105563909,169.5562348429545,-64.01466408446504,29.95644517281105,35.0,0.12049473735225505,12.294379676969333
22.75330603899998,106.5420832329998,SAT_10090,21.006734341545624,196.91288067119413,99.05781163487272,169.5469689365717,-63.982965701814564,29.968830576668914,35.0,0.12035418974860251,12.284473152163198
22.75330603899998,106.6420832329998,SAT_10090,21.02884922487263,197.03727688990855,99.06003570491512,169.54049827839623,-63.96085081848756,29.977464008975364,35.0,0.12025615436735042,12.277560394699341
22.75330603899998,106.74208323299979,SAT_10090,21.041360179753774,197.107651011115,99.06129070751044,169.53683542059778,-63.948339863606414,29.982345451178727,35.0,0.120200700500965,12.273649193686396
22.853306038999982,104.7420832329999,SAT_10104,19.879134376045556,190.57013086525626,98.93379284038535,169.86844713753413,-65.11056566731463,29.519678734244795,35.0,0.12538707670585536,12.636410187319427
22.853306038999982,104.8420832329999,SAT_10104,19.74021771505521,189.78872464718557,98.91693554123047,169.90740805271992,-65.24948232830498,29.463401061640063,35.0,0.12600842957013975,12.679466907654993
22.853306038999982,104.94208323299989,SAT_10104,19.592656815307492,188.95869458610466,98.89860138995512,169.94858686469132,-65.3970432280527,29.40336807353404,35.0,0.12666909828477216,12.725155338610637
22.853306038999982,105.04208323299989,SAT_10090,19.52171736973682,188.5596602047696,98.88970776806335,169.9701525595015,-65.46798267362337,29.37531956975259,35.0,0.12697352816486915,12.74617615570957
22.853306038999982,105.14208323299988,SAT_10090,19.68080083693846,189.45450470777885,98.90968758397715,169.92586453245178,-65.30889920642173,29.44017857188815,35.0,0.12626110870195906,12.696952137156142
22.853306038999982,105.24208323299987,SAT_10090,19.831375104581582,190.30148496327138,98.92811955185529,169.8837183045705,-65.1583249387786,29.501289456668847,35.0,0.1255875111178324,12.65030857975912
22.853306038999982,105.34208323299987,SAT_10090,19.97332903914625,191.0999758451977,98.94508562171235,169.84378128745945,-65.01637100421394,29.55865209261609,35.0,0.12495311986709613,12.606288689503474
22.853306038999982,105.44208323299986,SAT_10090,20.10655510749268,191.84937247964632,98.96065870681775,169.80611880570987,-64.8831449358675,29.61226635632928,35.0,0.12435830621838306,12.564934180268537
22.853306038999982,105.54208323299986,SAT_10090,20.230949880633347,192.54909307856255,98.97490363680095,169.77079377888913,-64.75875016272684,29.662132132483478,35.0,0.12380342657904345,12.526285089742153
22.853306038999982,105.64208323299985,SAT_10090,20.346414535578603,193.19858176262966,98.98787797606984,169.73786640385208,-64.64328550778158,29.70824931382721,35.0,0.12328882084163899,12.490379596915071
22.853306038999982,105.74208323299985,SAT_10090,20.452855350705633,193.7973113477192,98.99963272728901,169.7073938403451,-64.53684469265455,29.75061780118043,35.0,0.12281481076563859,12.457253842724242
22.853306038999982,105.84208323299984,SAT_10090,20.55018418989023,194.34478606813255,99.01021293617913,169.67942990302697,-64.43951585346996,29.789237503432638,35.0,0.12238169840809188,12.426941755467542
22.853306038999982,105.94208323299983,SAT_10090,20.638318970536716,194.840544209269,99.0196582110622,169.6540247631032,-64.35138107282347,29.824108337541155,35.0,0.12198976461724677,12.399474882644187
22.853306038999982,106.04208323299983,SAT_10090,20.71718411058238,195.2841606220259,99.02800316824764,169.63122466282297,-64.27251593277781,29.855230228529546,35.0,0.12163926760306328,12.374882230881317
22.853306038999982,106.14208323299982,SAT_10090,20.786710949593214,195.67524909146184,99.03527781243282,169.61107164606742,-64.20298909376697,29.88260310948619,35.0,0.12133044159834735,12.353190115587394
22.853306038999982,106.24208323299982,SAT_10090,20.846838139194574,196.01346453296946,99.04150785969263,169.59360330817992,-64.14286190416561,29.90622692156302,35.0,0.1210634956237757,12.334422021924926
22.853306038999982,106.34208323299981,SAT_10090,20.897511998281104,196.2985049903312,99.04671500929241,169.57885256806537,-64.09218804507908,29.926101613974406,35.0,0.12083861236940356,12.318598478618721
22.853306038999982,106.4420832329998,SAT_10090,20.938686828766322,196.5301134118106,99.05091716942489,169.56684746537428,-64.05101321459387,29.94222714399618,35.0,0.12065594720434539,12.305736946011423
22.853306038999982,106.5420832329998,SAT_10090,20.970325187998725,196.7080791824928,99.05412864100086,169.55761098535461,-64.01937485536146,29.954603476964838,35.0,0.12051562732520162,12.295851719646478
22.853306038999982,106.6420832329998,SAT_10090,20.99239811445532,196.83223939381116,99.0563602627837,169.55116091362748,-63.99730192890487,29.96323058627687,35.0,0.12041775105248902,12.288953850501757
22.953306038999983,104.94208323299989,SAT_10104,19.52061376956206,188.5534524537866,98.88949712878211,169.9686145609957,-65.46908627379813,29.37396398136409,35.0,0.12699189586624254,12.747443798300276
22.953306038999983,105.04208323299989,SAT_10090,19.477199618905672,188.3092478563444,98.88403330846327,169.98250215904267,-65.51250042445452,29.357115504402238,35.0,0.1271730289342413,12.759940740879836
22.953306038999983,105.14208323299988,SAT_10090,19.635958647460455,189.20226739196505,98.90411963042104,169.93837324973606,-65.35374139589973,29.4219267928283,35.0,0.1264618460642388,12.710833092927743
22.953306038999983,105.24208323299987,SAT_10090,19.786222467741112,190.04750138104376,98.92264851076467,169.8963799533446,-65.20347757561908,29.482992721451023,35.0,0.12578942908969576,12.66430091463581
22.953306038999983,105.34208323299987,SAT_10090,19.927880677256468,190.84432880956766,98.93970263930512,169.85658922226608,-65.06181936610372,29.540313158846036,35.0,0.12515616004074423,12.620387142642935
22.953306038999983,105.44208323299986,SAT_10090,20.060826461936912,191.59214884839514,98.95535557962242,169.81906592848688,-64.92887358142328,29.593887981663617,35.0,0.12456240781484225,12.579133226785164
22.953306038999983,105.54208323299986,SAT_10090,20.184957095153493,192.2903836602384,98.96967273320651,169.78387254865794,-64.8047429482067,29.643717074626352,35.0,0.12400852651572308,12.540578947659386
22.953306038999983,105.64208323299985,SAT_10090,20.30017443470993,192.93848119524336,98.98271216716518,169.75106884956796,-64.68952560865026,29.68980033052695,35.0,0.12349485381431037,12.504762235794946
22.953306038999983,105.74208323299985,SAT_10090,20.406385413298096,193.5359179498018,98.99452532553457,169.72071157695996,-64.58331463006209,29.7321376502262,35.0,0.12302170934484816,12.471718993983494
22.953306038999983,105.84208323299984,SAT_10090,20.50350251773014,194.08220166223205,99.00515764069038,169.69285415076115,-64.48619752563005,29.770728942651118,35.0,0.12258939314986063,12.441482924370149
22.953306038999983,106.04208323299983,SAT_10090,20.670135580259767,195.0195126389612,99.02303448828499,169.6448341298546,-64.31956446310042,29.83667312170684,35.0,0.12184833891673828,12.389555116035936
22.953306038999983,106.14208323299982,SAT_10090,20.739508342084164,195.40973442422342,99.03034418743913,169.62475915627877,-64.25019170127602,29.86402586650796,35.0,0.12154008996892342,12.367918321536283
23.053306038999985,104.8420832329999,SAT_10104,19.5846487339533,188.91364912848732,98.8976157397297,169.9508155667851,-65.40505130940689,29.40010266128606,35.0,0.1267049716419172,12.727633432265911
23.053306038999985,104.94208323299989,SAT_10104,19.43797207545356,188.08859292442625,98.87891721140235,169.99152681708622,-65.55172796790663,29.340158054881396,35.0,0.12736237633985956,12.772996829361942
23.053306038999985,105.04208323299989,SAT_10090,19.42199799138436,187.998738701537,98.87693598705398,169.99778898910196,-65.56770205197583,29.334509929659824,35.0,0.12742049157270657,12.777002500960968
23.053306038999985,105.14208323299988,SAT_10090,19.580383983368662,188.88965990644874,98.8971601206808,169.9538486606058,-65.40931605999153,29.39927332950159,35.0,0.1267107130375472,12.72803001584979
23.053306038999985,105.24208323299987,SAT_10090,19.730290714424257,189.73288526863647,98.91581436450808,169.91203659906535,-65.25940932893593,29.460294137200908,35.0,0.1260396374717521,12.681627229599735
23.053306038999985,105.34208323299987,SAT_10090,19.871608644573385,190.5277986257253,98.93298237474042,169.8724192144423,-65.1180913987868,29.51757222138735,35.0,0.12540764404773216,12.63783676168414
23.053306038999985,105.44208323299986,SAT_10090,20.004231807992866,191.2738039199599,98.94873856394655,169.83506084419264,-64.98546823536732,29.57110745876181,35.0,0.1248150988688037,12.59669975106769
23.053306038999985,105.54208323299986,SAT_10090,20.128058306445965,191.97032797375854,98.96314907975672,169.80002344197652,-64.86164173691422,29.620899734094138,35.0,0.1242623533248397,12.558255675707006
23.053306038999985,105.64208323299985,SAT_10090,20.24299080056096,192.61682325315542,98.97627264481767,169.76736626685926,-64.74670924279923,29.66694894022099,35.0,0.12374974247007656,12.522542173690885
23.15330603899998,104.94208323299989,SAT_10104,19.344807329831028,187.56454123029954,98.86681199085187,170.01727765109285,-65.64489271352916,29.30195036151627,35.0,0.12778027915962925,12.80178514479295
23.15330603899998,105.04208323299989,SAT_10090,19.356163552096348,187.62841998054196,98.8683834187269,170.01598197214753,-65.63353649126384,29.307502890625607,35.0,0.12771574023000684,12.797341669511914
23.15330603899998,105.14208323299988,SAT_10090,19.514129011651022,188.516975690537,98.88877778541635,169.97225898839335,-65.47557103170917,29.37221822709928,35.0,0.12700753019501496,12.748522740220086
23.15330603899998,105.24208323299987,SAT_10090,19.66363308080939,189.3579360795528,98.90758684959836,169.930655786026,-65.3260669625508,29.4331937491955,35.0,0.1263379533793961,12.702266972340908
23.15330603899998,105.34208323299987,SAT_10090,19.804567209135087,190.15069055138486,98.92489547075904,169.89123815225713,-65.1851328342251,29.490429325597496,35.0,0.125707385677593,12.658616621887862
23.15330603899998,105.44208323299986,SAT_10090,19.936826403765778,190.89464852118252,98.9407791180146,169.85406981101366,-65.05287363959441,29.5439248330565,35.0,0.1251161899887437,12.617612471648513
23.15330603899998,105.54208323299986,SAT_10090,20.060309716455237,191.5892421550607,98.95530486708792,169.819212115806,-64.92939032690495,29.593680156389393,35.0,0.12456471459138038,12.579293652896961
23.25330603899998,105.14208323299988,SAT_10090,19.43725526547327,188.08456086828716,98.87893430915851,169.99356677306693,-65.55244477788692,29.340761539596546,35.0,0.12735208572442225,12.772287458692107
23.25330603899998,105.24208323299987,SAT_10090,19.586312332463706,188.92300687010837,98.89792890169615,169.95219927158618,-65.40338771089648,29.40169161149521,35.0,0.12668416100928434,12.726195889796218
23.25330603899998,105.34208323299987,SAT_10090,19.726820325477732,189.71336433081225,98.91540598960592,169.91300703725148,-65.26287971788246,29.458884525616877,35.0,0.12605516528935515,12.682702040958507
23.25330603899998,105.44208323299986,SAT_10090,19.85867534423653,190.4550488113305,98.93144231731948,169.8760531048023,-65.13102469912366,29.512340158762854,35.0,0.12546545786430235,12.641846295219898
23.353306038999982,105.34208323299987,SAT_10090,19.638441220748263,189.216231866709,98.90447094660743,169.937681248186,-65.35125882261192,29.42293788437042,35.0,0.12645073114213595,12.7100647276542
