lat,lon,beam_id,SNR_dB,throughput_Mbps,availability_pct,FSPL_dB,Pr_dBm,Gt_dBi,G_rx_dBi,L_atm_dB,L_rain_dB
7.553306039000036,111.54208323299952,SAT_10004,19.165269710618773,186.55464212223058,98.86873190724914,170.71304192638405,-65.82443033274141,29.562284995056036,35.0,0.12413712241785944,12.549536278995532
7.653306039000036,113.84208323299939,SAT_10004,20.02216289021692,191.37466625747015,98.9754633320956,170.48527073472627,-64.96753715314327,29.938900808485663,35.0,0.12058279959840316,12.30058442730427
7.653306039000036,113.94208323299938,SAT_10004,19.969390249819128,191.0778201552326,98.96932385125112,170.49949591713843,-65.02030979354106,29.915953823801406,35.0,0.12080122261231903,12.315966477591713
7.7533060390000355,114.14208323299937,SAT_10004,19.808719283200162,190.1740459680009,98.95030644816671,170.54264438808048,-65.18098076016003,29.845888229942368,35.0,0.12146661888695894,12.362757983134962
8.153306039000034,114.74208323299933,SAT_10091,19.449264589693215,188.15211331702432,98.90586278702908,170.63729532048018,-65.54043545366697,29.68747357865977,35.0,0.12296349859852909,12.467650213248028
8.353306039000033,115.2420832329993,SAT_10004,19.506891594935553,188.47626522151248,98.9132265216957,170.62304923226063,-65.48280844842463,29.713452060070328,35.0,0.12271815792550955,12.450493118308824
8.653306039000032,104.8420832329999,SAT_10090,18.944010733032897,185.31006037331005,98.83871149488479,170.77074086639098,-66.04568931032729,29.463655394597456,35.0,0.12505762340290277,12.613546215130857
8.653306039000032,104.94208323299989,SAT_10090,19.045914514680646,185.88326914507866,98.85275941994574,170.7442122088929,-65.94378552867954,29.509144350937117,35.0,0.12463360406539285,12.584084066658377
8.653306039000032,105.04208323299989,SAT_10090,19.138563836619284,186.40442158098347,98.86531244454957,170.7200114489746,-65.8511362067409,29.550399852400794,35.0,0.12424828505852724,12.557276325108594
8.653306039000032,106.5420832329998,SAT_10004,20.018067501603923,191.35162969652205,98.97501554999832,170.4863756123713,-64.97163254175626,29.93712119595576,35.0,0.12059974791671976,12.301778377424027
8.753306039000032,104.94208323299989,SAT_10090,18.933290850607847,185.24976103466915,98.8372372200863,170.7735261490916,-66.05640919275234,29.458863296111783,35.0,0.12510224144767523,12.61664409832486
8.753306039000032,105.04208323299989,SAT_10090,19.025650191670024,185.7692823281439,98.85000313702493,170.74949507958777,-65.96404985169016,29.500107914076025,35.0,0.12471790580769124,12.589944780370729
8.753306039000032,105.14208323299988,SAT_10090,19.10871695832904,186.23653289060087,98.86130653534771,170.7278161759862,-65.88098308503115,29.53712010310007,35.0,0.12437239504813899,12.565914617096883
8.853306039000032,104.8420832329999,SAT_10090,18.890309783035065,185.00799252957225,98.83124303413521,170.78468330798685,-66.09939026032512,29.439636467671654,35.0,0.12528116074635337,12.629062259263561
8.853306039000032,104.94208323299989,SAT_10090,18.83905850142301,184.71970407050443,98.82401221575314,170.79796564605317,-66.15064154193718,29.416682847296762,35.0,0.1254945580107375,12.64386418517003
8.853306039000032,105.04208323299989,SAT_10090,18.903406402028395,185.08166101140972,98.83308006211874,170.7812854015563,-66.08629364133179,29.445497221703853,35.0,0.12522663868716397,12.62527882279218
8.853306039000032,105.14208323299988,SAT_10090,18.986193172398472,185.5473365947414,98.84459276038403,170.7597708308473,-66.00350687096171,29.48249954187176,35.0,0.12488207637051911,12.60135350561567
8.853306039000032,105.24208323299987,SAT_10090,19.059658387675654,185.96057843067553,98.85466736901027,170.74062709842323,-65.93004165568453,29.515270480084155,35.0,0.12457643308762496,12.580108604257825
8.853306039000032,114.64208323299934,SAT_10004,18.63162433613634,183.55288689076693,98.79404726583165,170.85150582496408,-66.35807570722385,29.323489817884848,35.0,0.12635869063368155,12.703701009510935
8.953306039000031,104.8420832329999,SAT_10090,19.033871281317374,185.81552595741022,98.85116286625264,170.74735230357072,-65.95582876204281,29.503774493307656,35.0,0.124683704140905,12.587567247638852
8.953306039000031,104.94208323299989,SAT_10090,18.982447928758702,185.5262695992677,98.84409324960666,170.76074547240225,-66.00725211460149,29.48082724549931,35.0,0.12489766109652253,12.60243622660203
8.953306039000031,105.04208323299989,SAT_10090,18.92170509478848,185.1845911581852,98.8356581743294,170.77653524663805,-66.06799494857171,29.45368266602311,35.0,0.12515046615546574,12.619991901801304
8.953306039000031,105.14208323299988,SAT_10090,18.85440754665666,184.80604244994373,98.82620458325263,170.79399023556988,-66.13529249670353,29.423560243857406,35.0,0.12543064267303067,12.639431862318023
8.953306039000031,105.24208323299987,SAT_10090,18.92760795820108,185.21779476488106,98.8364819184997,170.7750022825171,-66.06209208515911,29.456322351263577,35.0,0.12512589564022134,12.618286258265364
8.953306039000031,105.34208323299987,SAT_10090,18.99146710043189,185.5770024399294,98.84533789161999,170.7583981588694,-65.9982329429283,29.484854144740357,35.0,0.12486013098247291,12.599828797816775
9.05330603900003,104.8420832329999,SAT_10090,19.168240233111334,186.57135131125125,98.86934858819761,170.71224329628114,-65.82145981024885,29.56359368249447,35.0,0.12412490296813962,12.548685293494037
9.05330603900003,104.94208323299989,SAT_10090,19.116654797805694,186.28118323765705,98.86242435885269,170.7257412800814,-65.8730452455545,29.54065287055008,35.0,0.12433938586936451,12.56361745015381
9.05330603900003,105.04208323299989,SAT_10090,19.055721532523364,185.93843362044393,98.85416368948843,170.7416542074341,-65.93397851083682,29.513515904139894,35.0,0.12459280897970472,12.581247398562919
9.05330603900003,105.14208323299988,SAT_10090,18.985483872846103,185.54334678475934,98.84453001555036,170.7599554247402,-66.00421617051408,29.482182843281816,35.0,0.12488502788831374,12.601558561167382
9.05330603900003,105.24208323299987,SAT_10004,18.926753787533144,185.21299005487396,98.83638220736317,170.77524473250605,-66.06294625582704,29.455951685785184,35.0,0.12512931871615396,12.61852389039002
9.05330603900003,105.34208323299987,SAT_10004,18.86032627200339,184.8393352800191,98.82706120183855,170.79247729712435,-66.1293737713568,29.426222735924952,35.0,0.12540586466711612,12.637713345490289
9.05330603900003,105.44208323299986,SAT_10090,18.904249286976267,185.08640223924152,98.83323603487699,170.7810666631401,-66.08545075638392,29.44587434747375,35.0,0.12522312982797848,12.625035310889583
9.15330603900003,104.8420832329999,SAT_10090,19.293323569226033,187.27494507689642,98.88589325808282,170.67941324895105,-65.69637647413415,29.619093904357136,35.0,0.12360506756181194,12.51245206197843
9.15330603900003,104.94208323299989,SAT_10090,19.24158656076392,186.98392440429706,98.87909985589158,170.69300969885097,-65.74811348259627,29.596159591555484,35.0,0.12382004099065114,12.527443334310128
9.15330603900003,105.04208323299989,SAT_10090,19.180475225401594,186.64017314288395,98.87099610585378,170.70903831378104,-65.8092248179586,29.569030313065305,35.0,0.12407404049160102,12.545142776751252
9.15330603900003,105.14208323299988,SAT_10004,19.119443303418592,186.2968685817296,98.86281651553304,170.72503293052188,-65.8702567399416,29.54190521447465,35.0,0.12432765994414063,12.562801363950236
9.15330603900003,105.24208323299987,SAT_10004,19.062118213208905,185.97441494930007,98.85505225585274,170.74000592775064,-65.92758183015128,29.516378105437507,35.0,0.12456607032339938,12.579387937514744
9.15330603900003,105.34208323299987,SAT_10004,18.99548156234252,185.5995837881767,98.84592693371272,170.7573737583165,-65.99421848101767,29.486657587471637,35.0,0.1248432951334317,12.59865901503937
9.15330603900003,105.44208323299986,SAT_10004,18.91958043567098,185.17263995064926,98.83539970045648,170.77710754168453,-66.07011960768921,29.452743726328293,35.0,0.125159177759416,12.620596614573556
9.15330603900003,105.54208323299986,SAT_10004,18.843533347600072,184.7448750802504,98.82470705343074,170.7968274465568,-66.14616669576012,29.418699351845795,35.0,0.1254757904796445,12.642562810569471
9.25330603900003,104.8420832329999,SAT_10090,19.409032742598512,187.92580917711666,98.90087888132798,170.64891641827575,-65.58066730076168,29.670275037486114,35.0,0.12312449283690251,12.478901427135137
9.25330603900003,104.94208323299989,SAT_10090,19.35715517226457,187.6339978439882,98.8942028360807,170.66260466440207,-65.63254487109562,29.647347287087552,35.0,0.12333991977489872,12.493947574006208
9.25330603900003,105.04208323299989,SAT_10090,19.295878715938386,187.28931777715343,98.8862398323191,170.67874112535463,-65.6938213274218,29.620225771349567,35.0,0.12359445212785003,12.51171152128889
9.25330603900003,105.14208323299988,SAT_10004,19.245721940852775,187.00718591729685,98.87965936141718,170.6919445542108,-65.74397810250741,29.59800548258385,35.0,0.12380272679382634,12.526236304086645
9.25330603900003,105.24208323299987,SAT_10004,19.18822745236578,186.6837794195575,98.87204405915317,170.70702760744555,-65.80147259099441,29.57248568615345,35.0,0.12404168547666736,12.542888984225623
9.25330603900003,105.34208323299987,SAT_10004,19.121395060837358,186.30784721721014,98.86309484954047,170.72452261886852,-65.86830498252283,29.542773682062297,35.0,0.1243195439854765,12.56223650173113
9.25330603900003,105.44208323299986,SAT_10004,19.045272505385924,185.8796578427958,98.85277218268969,170.74440028805154,-65.94442753797426,29.50886953604545,35.0,0.12463614363572358,12.584260642332456
9.25330603900003,105.54208323299986,SAT_10004,18.9599135163744,185.399513529606,98.84102959438869,170.76662765763376,-66.02978652698579,29.47077332311801,35.0,0.12499130570920662,12.608940886760836
9.25330603900003,105.64208323299985,SAT_10004,18.914959025676566,185.1466445194307,98.83477283600615,170.77830740630816,-66.07474101768362,29.450676700238073,35.0,0.12517841493523482,12.62193189667831
9.25330603900003,105.74208323299985,SAT_10004,19.04467077825454,185.8762731276818,98.85269002856522,170.74455720681522,-65.94502926510565,29.50860127101073,35.0,0.12463864676028952,12.584434682540873
9.25330603900003,105.84208323299984,SAT_10004,19.165325394198064,186.55495534236414,98.86898919223975,170.71302734455315,-65.82437464916212,29.56230974392157,35.0,0.1241368909235743,12.549520157606972
9.35330603900003,104.8420832329999,SAT_10090,19.51528416399809,188.52347342248925,98.91437758660969,170.62080407739504,-65.4744158793621,29.717136969933918,35.0,0.12268345687887061,12.448065315022106
9.35330603900003,104.94208323299989,SAT_10090,19.463277521467347,188.23093605825383,98.9078063746581,170.63457714332498,-65.52642252189284,29.694215845180555,35.0,0.12289929878912093,12.463161924959302
9.35330603900003,105.04208323299989,SAT_10004,19.410892293957886,187.9362691535131,98.90112881791823,170.64844610545953,-65.5788077494023,29.671108080777245,35.0,0.12311664456959868,12.478353080150415
9.35330603900003,105.14208323299988,SAT_10004,19.362644920025815,187.66487767514522,98.89492458969765,170.6611781055089,-65.62705512333437,29.649786718616838,35.0,0.12331699238100556,12.49234674406131
9.35330603900003,105.24208323299987,SAT_10004,19.304993168390027,187.3405865721939,98.8874429660489,170.6763638678993,-65.68470687497016,29.624274305185022,35.0,0.12355645855451164,12.509060853701367
9.35330603900003,105.34208323299987,SAT_10004,19.237979074070054,186.96363229164407,98.87865178410571,170.69397756388312,-65.75172096929013,29.594570896924797,35.0,0.12383490354400545,12.528479398787796
9.35330603900003,105.44208323299986,SAT_10004,19.16165099032608,186.5342868205842,98.86851264879654,170.71398949851246,-65.8280490530341,29.560676559555255,35.0,0.12415216672812401,12.550583947348763
9.35330603900003,105.54208323299986,SAT_10004,19.07606333379769,186.05285625261203,98.85698046378685,170.7363662739203,-65.9136367095625,29.52259136807328,35.0,0.12450806721806724,12.575353736497403
9.35330603900003,105.64208323299985,SAT_10004,18.981276302152565,185.51967919960822,98.84400286807141,170.7610709700058,-66.00842374120762,29.48031540675547,35.0,0.12490240475613458,12.60276577320117
9.35330603900003,105.74208323299985,SAT_10004,18.9673279435263,185.44121968233543,98.84207456556398,170.76469955128357,-66.02237209983389,29.474085699757754,35.0,0.12496044956688514,12.606797798741187
9.35330603900003,105.84208323299984,SAT_10004,19.08771018932522,186.11836981495438,98.85856004517488,170.73332511676202,-65.90198985403497,29.527778941863588,35.0,0.12445962667191945,12.571984052464613
9.35330603900003,105.94208323299983,SAT_10004,19.198970821782837,186.74421087252847,98.87348701358584,170.70421148544943,-65.79072922157735,29.57725716322596,35.0,0.12399702844201721,12.539777870911866
9.35330603900003,106.04208323299983,SAT_10004,19.301032612344883,187.31830844443996,98.88692624686895,170.67740598280264,-65.6886674310153,29.62252025458681,35.0,0.12357291203966675,12.51020879075982
9.35330603900003,106.14208323299982,SAT_10004,19.393823438496284,187.84025684154162,98.89893978578648,170.65295284644552,-65.5958766048639,29.663568116006584,35.0,0.12318751738760682,12.483304357037369
9.45330603900003,104.8420832329999,SAT_10090,19.61199962483964,189.06749788972297,98.9264526245054,170.59512424611313,-65.37770041852055,29.759679599211992,35.0,0.1222822195845244,12.41997355203488
9.45330603900003,104.94208323299989,SAT_10090,19.559875851315837,188.77430166365158,98.91997454285601,170.60897486568598,-65.42982419204435,29.73676516332789,35.0,0.12249843650361632,12.435116053182643
9.45330603900003,105.04208323299989,SAT_10004,19.518497244317587,188.54154699928645,98.91479182513696,170.6199731752575,-65.4712027990426,29.718563942506357,35.0,0.12266999737488943,12.447123568916567
9.45330603900003,105.14208323299988,SAT_10004,19.470128230808356,188.26947129829702,98.90868618666096,170.63278510054909,-65.51957181255183,29.697248809309002,35.0,0.12287073627837018,12.461164785033377
9.45330603900003,105.24208323299987,SAT_10004,19.412331884078128,187.94436684793945,98.9013240485799,170.64806588388745,-65.57736815928206,29.671743849247086,35.0,0.12311066743565569,12.477935457206037
9.45330603900003,105.34208323299987,SAT_10004,19.34515073882821,187.5664729059087,98.89267409953703,170.66578937501174,-65.64454930453198,29.6420491187501,35.0,0.12338964973331737,12.497419398537017
9.45330603900003,105.44208323299986,SAT_10004,19.26863371951329,187.13606467226225,98.8826989681154,170.68592551170178,-65.7210663238469,29.608164683521405,35.0,0.12370752075383179,12.519597974912687
9.45330603900003,105.54208323299986,SAT_10004,19.18283588096712,186.65345183044005,98.87135477007213,170.70844048606807,-65.80686416239307,29.57009061853992,35.0,0.12406409759568292,12.544450197269237
9.45330603900003,105.64208323299985,SAT_10004,19.087818121110743,186.11897693124794,98.8585905647539,170.73329692852585,-65.90188192224944,29.527827008062058,35.0,0.12445917778541594,12.571952824000244
9.45330603900003,105.74208323299985,SAT_10004,18.98364686881547,185.533013637087,98.84434770814308,170.76045410741523,-66.00605317454472,29.481373945623908,35.0,0.12489254027312759,12.602080472480278
9.45330603900003,105.84208323299984,SAT_10004,19.000571241956877,185.62821323600744,98.84667971540395,170.7560486223229,-65.98912880140331,29.488929405245887,35.0,0.12482211747338522,12.597187466852896
9.45330603900003,105.94208323299983,SAT_10004,19.111552117053947,186.25248065842845,98.86179893884591,170.7270958293104,-65.87814792630624,29.5383934548841,35.0,0.12436047456035976,12.565085077319587
9.45330603900003,106.04208323299983,SAT_10004,19.213355012734084,186.82512194662922,98.87540952273807,170.7004393647931,-65.7763450306261,29.58364358189139,35.0,0.12393724148241742,12.535612006241964
9.45330603900003,106.14208323299982,SAT_10004,19.305908555995842,187.3457356274766,98.88757483345455,170.6761229876297,-65.68379148736435,29.624679686341246,35.0,0.12355265577426135,12.508795530301631
9.553306039000029,104.8420832329999,SAT_10090,19.69910670291047,189.5574752038714,98.93715921530757,170.57192143152375,-65.29059334044972,29.797902832287864,35.0,0.12192102136638704,12.394653719847442
9.553306039000029,104.94208323299989,SAT_10004,19.655567838412964,189.31256909107293,98.93183209165514,170.58354864044134,-65.33413220494722,29.778820703690517,35.0,0.12210141365237293,12.407302854544035
9.553306039000029,105.04208323299989,SAT_10004,19.616572752026613,189.0932217301497,98.92702703337898,170.59392873390667,-65.37312729133357,29.761700496295962,35.0,0.12226312717373083,12.41863592654914
9.553306039000029,105.14208323299988,SAT_10004,19.568093170460315,188.82052408383927,98.9210090581241,170.60681384869665,-65.42160687289987,29.740391650855205,35.0,0.12246422010838791,12.432720454950035
9.553306039000029,105.24208323299987,SAT_10004,19.510165400395792,188.49468037722636,98.9137531540481,170.62218164168328,-65.4795346429644,29.714894214514203,35.0,0.12270457214900067,12.449542643646312
9.553306039000029,105.34208323299987,SAT_10004,19.44283243633835,188.1159324544032,98.90522876148307,170.64000566648136,-65.54686760702184,29.685208243689125,35.0,0.12298404074390808,12.469086143485692
9.553306039000029,105.44208323299986,SAT_10004,19.36614372829159,187.6845584716402,98.89539941242082,170.66025552264108,-65.6235563150686,29.65133380406783,35.0,0.1233024618275082,12.491332134667841
9.553306039000029,105.54208323299986,SAT_10004,19.280154918210016,187.20087141493133,98.8842222919948,170.68289702472134,-65.70954512515017,29.613270970611538,35.0,0.12365965065169605,12.516259420388677
9.553306039000029,105.64208323299985,SAT_10004,19.184927548134738,186.66521745825793,98.8716477122223,170.7078923893107,-65.80477249522545,29.571019827556775,35.0,0.12405540271038479,12.543844530761131
9.553306039000029,105.74208323299985,SAT_10004,19.080528743149927,186.07797418021835,98.85761848596871,170.7352004379132,-65.90917130021026,29.52458046841754,35.0,0.12448949474843247,12.574061835966175
9.553306039000029,105.84208323299984,SAT_10004,18.967030872485196,185.4395486577292,98.84206918633292,170.76477681349317,-66.02266917087499,29.47395299598771,35.0,0.12496168584573801,12.606883667523778
9.553306039000029,105.94208323299983,SAT_10004,19.01464758556166,185.70739266878434,98.84863101562878,170.75238252655663,-65.97505245779853,29.495210960358143,35.0,0.12476355005947812,12.593117341540564
9.553306039000029,106.04208323299983,SAT_10004,19.11616863572182,186.27844857593524,98.8624368793162,170.72588905630153,-65.87353140763837,29.540447998043895,35.0,0.12434127712127295,12.563749072259466
9.553306039000029,106.14208323299982,SAT_10004,19.2084638637796,186.79760923376023,98.87477512950755,170.70172223434557,-65.78123617958059,29.581472232195694,35.0,0.12395757072531026,12.537028606705404
9.553306039000029,106.24208323299982,SAT_10004,19.291468076396313,187.26450792972926,98.88570234858545,170.6799220451323,-65.69823196696387,29.618283572213183,35.0,0.12361264775193406,12.512980846292846
9.553306039000029,106.4420832329998,SAT_10004,19.429371468292203,188.04021450914365,98.9035127942201,170.64356397813407,-65.56032857506798,29.679267253997217,35.0,0.12303992305142734,12.4729919278797
9.653306039000029,104.94208323299989,SAT_10004,19.744120581096865,189.81067826866988,98.94263398139628,170.55992431330492,-65.24557946226332,29.81763275620495,35.0,0.12173430902770711,12.381553596135639
9.653306039000029,105.04208323299989,SAT_10004,19.70504543104964,189.59088054965426,98.93789047482177,170.5703578794376,-65.28465461231055,29.80051764781432,35.0,0.12189627758782526,12.392918103099431
9.653306039000029,105.14208323299988,SAT_10004,19.65646674987339,189.31762546803782,98.93194990532902,170.5833091929624,-65.3332332934868,29.77921514890692,35.0,0.12209768624399385,12.407041563187347
9.653306039000029,105.24208323299987,SAT_10004,19.598421198872046,188.99111924365528,98.92478779776148,170.5987556820246,-65.39127884448814,29.753725306617742,35.0,0.12233841358498121,12.423910055496302
9.653306039000029,105.34208323299987,SAT_10004,19.53095219023858,188.61160607009202,98.9163742519915,170.61667063099532,-65.45874785312161,29.724048177349843,35.0,0.12261831575608582,12.443507083720055
9.653306039000029,105.44208323299986,SAT_10004,19.454109651338527,188.1793667887792,98.90667359248192,170.6370233319295,-65.53559039202166,29.690183826775804,35.0,0.12293722719866462,12.46581365966931
9.653306039000029,105.54208323299986,SAT_10004,19.367949757353102,187.69471738511118,98.89564394216438,170.659779256182,-65.62175028600709,29.652132329839407,35.0,0.12329496149188812,12.490808398172602
9.653306039000029,105.64208323299985,SAT_10004,19.27253463523877,187.1580073232181,98.88323671125039,170.68490024421413,-65.71716540812142,29.609893770757584,35.0,0.1236913122886077,12.518467622376262
9.653306039000029,105.74208323299985,SAT_10004,19.16793204220795,186.56961773741972,98.86939598937913,170.71234471146002,-65.82176800115224,29.56346824302257,35.0,0.12412605433650688,12.548765478378277
9.653306039000029,105.84208323299984,SAT_10004,19.054215022112942,185.9299594993853,98.85405782685218,170.7420678680103,-65.93548502124725,29.51285584940431,35.0,0.1245989445751451,12.5816740580661
9.653306039000029,105.94208323299983,SAT_10004,18.931461543243756,185.23947118074614,98.83714938749077,170.77402194978802,-66.05823850011643,29.458056701953126,35.0,0.12510972329908646,12.617163528982443
9.653306039000029,106.04208323299983,SAT_10004,19.0095436588649,185.67868308111505,98.84794749667778,170.753712018646,-65.98015638449529,29.49293359753061,35.0,0.12478478546817619,12.594593177911703
9.653306039000029,106.14208323299982,SAT_10004,19.10156029779688,186.19627667510744,98.86048122183838,170.72970706279568,-65.88813974556331,29.533945848076335,35.0,0.12440202634204822,12.567976504501916
9.653306039000029,106.24208323299982,SAT_10004,19.18431212497562,186.66175570298785,98.87158012208212,170.70805365783073,-65.80538791838457,29.570746435160213,35.0,0.12405796096313483,12.544022734750921
9.653306039000029,106.34208323299981,SAT_10004,19.257740396712975,187.0747897315105,98.88129449317206,170.68878784049005,-65.73195964664721,29.60333527750304,35.0,0.12375278470490235,12.522754298955295
9.653306039000029,106.4420832329998,SAT_10004,19.32179230255622,187.43508170187872,98.88966749010415,170.67194202960624,-65.66790774080397,29.631712303133423,35.0,0.12348667307772938,12.504191341253419
9.653306039000029,106.5420832329998,SAT_10004,19.37642124211426,187.74236948689273,98.89673566487976,170.65754484888902,-65.61327880124593,29.655877449385926,35.0,0.12325978084910545,12.488351620893727
9.653306039000029,112.94208323299944,SAT_10091,20.16017463897353,192.15098234422612,98.99125584238641,170.4469204549647,-64.82952540438666,29.998148862205767,35.0,0.12001768813921827,12.260736123488508
9.753306039000028,104.94208323299989,SAT_10004,19.82299368427242,190.25433947403235,98.95212046319106,170.538820774027,-65.16670635908777,29.852125274360773,35.0,0.12140747991173477,12.358603379509823
9.753306039000028,105.04208323299989,SAT_10004,19.783848025582984,190.0341451439043,98.9474308126046,170.54930197706753,-65.2058520177772,29.835015312183483,35.0,0.12156967166134232,12.369995681231822
9.753306039000028,105.14208323299988,SAT_10004,19.735182079185947,189.76039919542094,98.94155796741015,170.56231226316666,-65.25451796417424,29.81371921856958,35.0,0.12177135658266314,12.384153562994511
9.753306039000028,105.24208323299987,SAT_10004,19.67703282350884,189.43330963223724,98.93447791954371,170.57782885574116,-65.31266721985135,29.788237040643263,35.0,0.12201241227983727,12.401062992473621
9.753306039000028,105.34208323299987,SAT_10004,19.609444044237293,189.0531227488348,98.92616134279244,170.59582479818494,-65.3802559991229,29.758568834794666,35.0,0.12229269373596681,12.420707341996652
9.753306039000028,105.44208323299986,SAT_10004,19.53246609554955,188.62012178746622,98.91657325106276,170.61626910736675,-65.45723394781064,29.72471466668132,35.0,0.12261203406083983,12.44306747306437
9.753306039000028,105.54208323299986,SAT_10004,19.446155629338037,188.13462541502645,98.90567258296657,170.63912694753134,-65.54354441402215,29.686674611229837,35.0,0.12297024534192467,12.468121832378715
9.753306039000028,105.64208323299985,SAT_10004,19.350575295419247,187.59698603673326,98.89341170364364,170.66435982260901,-65.63912474794094,29.64444875263784,35.0,0.12336711959039409,12.495846558379373
9.753306039000028,105.74208323299985,SAT_10004,19.245793415995422,187.00758796497425,98.87973581260312,170.69192578476066,-65.74390662736477,29.598037184376125,35.0,0.12380242977321834,12.526215597207022
9.753306039000028,105.84208323299984,SAT_10004,19.131883637801437,186.3668454626331,98.86458224380681,170.72177965688266,-65.85781640555875,29.547440009191074,35.0,0.12427593092179512,12.559200826945368
9.753306039000028,105.94208323299983,SAT_10004,19.008924565510625,185.67520068099728,98.84787964111862,170.75387326670167,-65.98077547784956,29.492657339107293,35.0,0.1247873613071654,12.594772188948024
9.753306039000028,106.04208323299983,SAT_10004,18.8935557739093,185.0262512282398,98.8318716299723,170.7838618722607,-66.09614426945089,29.441100484295735,35.0,0.12526751445709083,12.62811536702883
9.753306039000028,106.14208323299982,SAT_10004,18.985274357446315,185.54216826063552,98.84462495323754,170.7600305773533,-66.00442568591387,29.48210063794716,35.0,0.12488576798114287,12.601609978526588
9.753306039000028,106.24208323299982,SAT_10004,19.067756173238408,186.00612847446604,98.85591668822713,170.73853464089152,-65.92194387012178,29.518890370444627,35.0,0.12454261938357676,12.577756980291316
9.753306039000028,106.34208323299981,SAT_10004,19.140943281644,186.4178059592475,98.86579858463044,170.7194095857022,-65.84875676171619,29.551469600518697,35.0,0.12423826147849147,12.556578515054184
9.753306039000028,106.4420832329998,SAT_10004,19.204783600637427,186.7769077535855,98.87431503373732,170.70268736462648,-65.78491644272276,29.57983825620663,35.0,0.12397286746450138,12.538094466838396
9.753306039000028,106.5420832329998,SAT_10004,19.259231176966324,187.08317537043555,98.88150362644309,170.68839618706386,-65.73046886639386,29.60399627485051,35.0,0.12374659006067648,12.522322364119846
9.753306039000028,116.44208323299924,SAT_10091,20.161102921917944,192.15620393578845,98.99136168893772,170.44666876185704,-64.82859712144224,29.998550651011342,35.0,0.12001384907510743,12.260465161521443
9.853306039000028,105.04208323299989,SAT_10004,19.85291977391101,190.42267372824946,98.95568995862584,170.53079842585555,-65.13678026944918,29.86519341397693,35.0,0.12128351071166912,12.34989174685888
9.853306039000028,105.14208323299988,SAT_10004,19.804178728670095,190.1485053487693,98.94987564874846,170.54386024457276,-65.18552131469009,29.843903784400236,35.0,0.12148543140527625,12.364079423112303
9.853306039000028,105.24208323299987,SAT_10004,19.745940238161438,189.82091383965812,98.94286652277061,170.55943809472208,-65.24375980519875,29.818429341128144,35.0,0.12172676728408267,12.381024284320722
9.853306039000028,105.34208323299987,SAT_10004,19.678248415467053,189.4401473370022,98.9346337482846,170.57750480825695,-65.31145162789313,29.78877014053807,35.0,0.12200737231497949,12.400709587859287
9.853306039000028,105.44208323299986,SAT_10004,19.601153988872312,189.00649118740677,98.92514293229954,170.59802916060718,-65.38854605448788,29.754926248272728,35.0,0.12232707844351158,12.423116063709909
9.853306039000028,105.54208323299986,SAT_10004,19.51471402807266,188.52026640790874,98.91435371498275,170.62097604659698,-65.47498601528753,29.71689773924181,35.0,0.12268569645297567,12.448222011479373
9.853306039000028,105.64208323299985,SAT_10004,19.41899164108709,187.98182798111486,98.90221928260333,170.64630667495527,-65.5707084022731,29.674684697623924,35.0,0.12308301691935213,12.476003408022393
9.853306039000028,105.74208323299985,SAT_10004,19.31405564518049,187.39156300414027,98.8886857887821,170.6739787792231,-65.6756443981797,29.628287216868756,35.0,0.12351881125299174,12.506434024572368
9.853306039000028,105.84208323299984,SAT_10004,19.199980215287496,186.74988871099217,98.87369167067232,170.70394684273825,-65.78971982807269,29.57770539969947,35.0,0.12399283281740166,12.539485552216512
9.853306039000028,105.94208323299983,SAT_10004,19.076844513552672,186.05725038873376,98.85716684369456,170.73616233530248,-65.91285552980752,29.522939358115355,35.0,0.12450481811505432,12.575127734505328
9.853306039000028,106.04208323299983,SAT_10004,18.944732303672154,185.31411920815586,98.83903175478767,170.77057395909353,-66.04496773968803,29.46398921339469,35.0,0.1250544880298767,12.613328505959311
9.853306039000028,106.14208323299982,SAT_10004,18.859687716242746,184.83574340386545,98.82712852431126,170.79264275892714,-66.13001232711744,29.425936715232634,35.0,0.12540852350711162,12.63789775991583
9.853306039000028,106.24208323299982,SAT_10004,18.941882669616078,185.29809001659044,98.83863584893857,170.771314480408,-66.04781737374411,29.462715491508344,35.0,0.12506634839896158,12.614152036445502
9.853306039000028,106.34208323299981,SAT_10004,19.014813574390885,185.7083263559487,98.84870500769642,170.75233928515402,-65.9748864689693,29.495285019311474,35.0,0.1247628594553245,12.59306934367142
9.853306039000028,106.4420832329998,SAT_10004,19.078429118918976,186.06616379391923,98.85738178665487,170.73574863351465,-65.91127092444121,29.523645226687673,35.0,0.12449822742365337,12.574669290190586
9.853306039000028,106.5420832329998,SAT_10004,19.132684034250502,186.37134769265907,98.86470494835659,170.7215702970871,-65.85701600910969,29.547796050986342,35.0,0.12427260285138164,12.558969160157528
9.853306039000028,106.6420832329998,SAT_10004,19.17753933159993,186.62365874024962,98.87070671304869,170.70982820677074,-65.81216071176026,29.56773743885896,35.0,0.12408611532994265,12.545983828518528
9.953306039000028,105.14208323299988,SAT_10004,19.863403060933578,190.48164221775139,98.95693904613324,170.52798616461706,-65.12629698242661,29.869768780405444,35.0,0.12124008833071646,12.34683950988428
9.953306039000028,105.24208323299987,SAT_10004,19.805090155478354,190.15363212456575,98.94999021121302,170.54361620082125,-65.18460988788183,29.844302142059494,35.0,0.12148165512598125,12.363814173994092
9.953306039000028,105.34208323299987,SAT_10004,19.737312419684287,189.77238236072412,98.94182867393496,170.56174320339082,-65.2523876236759,29.81465202854452,35.0,0.1217625267635435,12.383533922066054
9.953306039000028,105.44208323299986,SAT_10004,19.660120901308133,189.33818006985825,98.93242054367458,170.58233574135383,-65.32957914205205,29.780818505488636,35.0,0.12208253419724296,12.405979371989618
9.953306039000028,105.54208323299986,SAT_10004,19.573573026803146,188.8513482757677,98.9217260547272,170.60535847922904,-65.41612701655704,29.74280164778488,35.0,0.12244148709953064,12.431128698013353
9.953306039000028,105.64208323299985,SAT_10004,19.477732295405218,188.31224416165435,98.90969908862101,170.6307723734269,-65.51196774795497,29.700601539593144,35.0,0.12283917482400412,12.458957739297206
9.953306039000028,105.74208323299985,SAT_10004,19.3726679470264,187.7212572020235,98.89628660666042,170.6585348851792,-65.61703209633379,29.654218274342316,35.0,0.12327536745528138,12.489440118041626
9.953306039000028,105.84208323299984,SAT_10004,19.258454607486215,187.07880716710997,98.88142797965952,170.68860020765334,-65.73124543587397,29.603651954732708,35.0,0.12374981693645266,12.522547366016902
9.953306039000028,105.94208323299983,SAT_10004,19.135171914744717,186.38534202043903,98.86505419890777,170.72091950482132,-65.85452812861547,29.548902692738665,35.0,0.12426225826392477,12.558249058268894
9.953306039000028,106.04208323299983,SAT_10004,19.002904129860127,185.64133573046323,98.84708694885019,170.75544115962188,-65.98679591350006,29.489970609611465,35.0,0.12481241073920787,12.596512952750434
9.953306039000028,106.14208323299982,SAT_10004,18.861739736405,184.84728601727812,98.82743751758842,170.79211102895087,-66.12796030695519,29.42685583588243,35.0,0.1253999792670831,12.637305134619666
9.953306039000028,106.24208323299982,SAT_10004,18.80677886503841,184.53813111584105,98.81965090472279,170.80633977626033,-66.18292117832178,29.402221921256633,35.0,0.1256288570951768,12.653174466222895
9.953306039000028,106.34208323299981,SAT_10004,18.87943925137587,184.94684578898926,98.82992865777894,170.7875230758701,-66.11026079198432,29.434781656801817,35.0,0.12532628539342705,12.632193087522614
9.953306039000028,106.4420832329998,SAT_10004,18.9428174728571,185.30334828482117,98.8387840020218,170.7710715654204,-66.04688257050309,29.463133337510232,35.0,0.12506245766581744,12.613881884927082
9.953306039000028,106.5420832329998,SAT_10090,19.016423884865787,185.7173843523701,98.84894203640187,170.7518991335908,-65.9732761584944,29.495992097887466,35.0,0.12475629113367347,12.592612831657396
9.953306039000028,106.6420832329998,SAT_10090,19.097453871275135,186.17317802592262,98.85997256196987,170.7307592897777,-65.89224617208505,29.532106189818716,35.0,0.1244192344535817,12.569173837672501
10.053306039000027,105.04208323299989,SAT_10004,19.961662132596203,191.03434949585363,98.96850159554664,170.50157687246343,-65.02803791076398,29.91259067537544,35.0,0.12083321416768344,12.318218499508308
10.053306039000027,105.14208323299988,SAT_10004,19.91280853068723,190.75954798511566,98.96277838785798,170.51471870023133,-65.07689151267296,29.891314150039438,35.0,0.12103548137648476,12.332451481104577
10.053306039000027,105.24208323299987,SAT_10004,19.854436333708307,190.43120437710922,98.95587963610014,170.53039165515463,-65.13526370965188,29.86585538687231,35.0,0.12127722888019421,12.349450212489366
10.053306039000027,105.34208323299987,SAT_10004,19.786590164675985,190.0495696763024,98.94777727285036,170.5485682393052,-65.2031098786842,29.8362144422266,35.0,0.12155830906894577,12.36919777253665
10.053306039000027,105.44208323299986,SAT_10004,19.70932133450532,189.61493250659242,98.93843782375274,170.56921685146736,-65.28037870885487,29.802391381716063,35.0,0.12187855208193071,12.391674687021645
10.053306039000027,105.54208323299986,SAT_10004,19.622687563499866,189.12761754468673,98.9278220153438,170.59230196621425,-65.36701247986032,29.764386280217344,35.0,0.12223776667910366,12.416859027184309
10.053306039000027,105.64208323299985,SAT_10004,19.52675267310478,188.5879837862144,98.91588430509803,170.61778433186993,-65.4629473702554,29.722199221871897,35.0,0.12263574120996888,12.444726519047409
10.053306039000027,105.74208323299985,SAT_10004,19.421586251295523,187.99642266353732,98.9025723232881,170.64562118511418,-65.56811379206466,29.675830300088144,35.0,0.12307224467018484,12.475250662368438
10.053306039000027,105.84208323299984,SAT_10004,19.307263295175957,187.35335603536478,98.88782621389652,170.67576647985447,-65.68243674818423,29.62527961754389,35.0,0.1235470278361375,12.50840285803752
10.053306039000027,105.94208323299983,SAT_10004,19.18386383447759,186.65923406893646,98.87157785896338,170.70817112791812,-65.8058362088826,29.57054728618893,35.0,0.12405982446720935,12.544152542686186
10.053306039000027,106.04208323299983,SAT_10004,19.05147253972612,185.9145330359594,98.85374996728025,170.74278324907183,-65.93822750363407,29.511633427247958,35.0,0.12461035256520302,12.582467329244992
10.053306039000027,106.14208323299982,SAT_10004,18.91017831883788,185.11975304346308,98.83425500406918,170.77954842788546,-66.07952172452231,29.448538171223646,35.0,0.1251983156802712,12.623313152180222
10.053306039000027,106.24208323299982,SAT_10090,18.83278886375551,184.68443735862476,98.82336479894293,170.79958887967734,-66.15691117960468,29.413872867627603,35.0,0.12552066699545064,12.645674500559485
10.053306039000027,106.34208323299981,SAT_10090,18.941409917782735,185.2954307875279,98.83860583725482,170.77141671540545,-66.04829012557745,29.462492874132042,35.0,0.12506844823113825,12.614297836072899
10.053306039000027,106.4420832329998,SAT_10090,19.04097159275834,185.85546520926567,98.85231709640594,170.74550116087028,-65.94872845060185,29.506940591651674,35.0,0.12465416633762147,12.585513715045616
10.053306039000027,106.5420832329998,SAT_10090,19.13140571914856,186.36415717021066,98.86456272760608,170.721883976731,-65.85829432421163,29.547215921655738,35.0,0.12427804836517367,12.559348220771193
10.053306039000027,106.6420832329998,SAT_10090,19.212649387843854,186.82115280662168,98.87539865126037,170.70060373261668,-65.77705065551633,29.583318774871092,35.0,0.12394030366798445,12.535825394102758
10.153306039000027,104.64208323299991,SAT_10004,20.10090540941367,191.8175929279519,98.98456787224625,170.4639962679197,-64.88879463394652,29.97307914331327,35.0,0.12025700667043099,12.277620502669658
10.153306039000027,104.8420832329999,SAT_10004,20.070306954084415,191.64547661672484,98.98106910677824,170.47227025975985,-64.91939308927577,29.959806524851544,35.0,0.12038358931085942,12.286545765056601
10.153306039000027,104.94208323299989,SAT_10004,20.040573762928133,191.47822741647076,98.9776526471076,170.4803017847815,-64.94912628043205,29.94689863685875,35.0,0.12050661293203742,12.295216519577275
10.153306039000027,105.04208323299989,SAT_10004,20.001246537675428,191.25701177442429,98.97310840348587,170.49091200775038,-64.98845350568476,29.92980973136706,35.0,0.1206693636412884,12.30668186566014
10.153306039000027,105.14208323299988,SAT_10004,19.952355948620863,190.98200221099236,98.96741839455044,170.50408200805887,-65.03734409473932,29.908539846202558,35.0,0.12087174013478666,12.320930192748229
10.153306039000027,105.24208323299987,SAT_10004,19.893939837953752,190.65341158848986,98.960559863432,170.51978845006926,-65.09576020540644,29.88308902844789,35.0,0.12111361735093945,12.337947166434134
10.153306039000027,105.34208323299987,SAT_10004,19.826043008508265,190.27149192285898,98.95250502082462,170.53800371923353,-65.16365703485192,29.853457334443462,35.0,0.12139484712662489,12.357715802935232
10.153306039000027,105.44208323299986,SAT_10004,19.748716976634,189.83653299356627,98.94322072630797,170.55869608119468,-65.24098306672619,29.81964482978888,35.0,0.12171525896722067,12.380216556353176
10.153306039000027,105.54208323299986,SAT_10004,19.66201969201623,189.3488607675913,98.93266810126956,170.58182986198372,-65.32768035134396,29.781651589344655,35.0,0.12207466092273317,12.405427417782153
10.153306039000027,105.64208323299985,SAT_10004,19.566015227601653,188.80883565525932,98.92080206513678,170.6073656472068,-65.42368481575853,29.73947769723409,35.0,0.12247284056144388,12.433324025224392
10.153306039000027,105.74208323299985,SAT_10004,19.460773443028657,188.2168506170362,98.90757078469052,170.63526049796144,-65.52892660033153,29.69312324684547,35.0,0.12290956603174423,12.463879783183824
10.153306039000027,105.84208323299984,SAT_10004,19.346369625163547,187.57332914154495,98.8929150239163,170.6654681810876,-65.64333041819664,29.642588340834433,35.0,0.1233845872022429,12.497065990741245
10.153306039000027,105.94208323299983,SAT_10004,19.22288410946429,186.87872311573665,98.87676737905186,170.69793941128555,-65.7668159338959,29.587873091126628,35.0,0.12389763686980178,12.532851976867171
10.153306039000027,106.04208323299983,SAT_10004,19.090401885961427,186.13351060853302,98.85905138008077,170.73262210259304,-65.89929815739876,29.52897761892056,35.0,0.12444843202489084,12.571205241701396
10.153306039000027,106.14208323299982,SAT_10004,18.949012193651157,185.33819358928776,98.8396804357362,170.76946162671535,-66.04068784970903,29.465902054690723,35.0,0.12503667516354366,12.612091602520868
10.153306039000027,106.24208323299982,SAT_10090,18.937666974254313,185.2743767301805,98.83810392954817,170.7723892517787,-66.05203306910587,29.46081970734197,35.0,0.12508402695286625,12.61537949771629
10.153306039000027,106.34208323299981,SAT_10090,19.04654279490262,185.88680322132726,98.85309371380782,170.74404835821727,-65.94315724845757,29.509424444402438,35.0,0.12463099049306707,12.583902344149667
10.153306039000027,106.4420832329998,SAT_10090,19.146340392869647,186.44816470989176,98.86658120852164,170.71797661437913,-65.84335965049054,29.55385820283628,35.0,0.12421595154512499,12.555025287402572
10.153306039000027,106.5420832329998,SAT_10090,19.23699082948474,186.95807341585166,98.87862881633488,170.6942162739641,-65.75270921387545,29.59412088413766,35.0,0.12383913960601868,12.528774684442997
10.153306039000027,106.6420832329998,SAT_10090,19.318430479003183,187.4161714443929,98.88929094993082,170.67280636648348,-65.671269564357,29.63021239905601,35.0,0.12350076630070299,12.505174830628816
10.153306039000027,106.74208323299979,SAT_10090,19.390601350099686,187.82213259431077,98.89861472932193,170.65378249180088,-65.5990986932605,29.662132667593806,35.0,0.12320102435428536,12.48424784469914
10.253306039000027,103.94208323299995,SAT_10090,20.075594493708863,191.67521902711238,98.98167615560591,170.4708200371138,-64.91410554965132,29.962088429460344,35.0,0.12036183443961969,12.28501210755824
10.253306039000027,104.04208323299994,SAT_10090,20.10965769114445,191.86682451268754,98.98556626911515,170.4616068787089,-64.88004235221574,29.97686107975165,35.0,0.12022092364828905,12.275075629610198
10.253306039000027,104.64208323299991,SAT_10004,20.13063622045921,191.98482874008303,98.98795220130258,170.45594838634858,-64.85906382290098,29.985964802025045,35.0,0.12013403391283209,12.268946204664621
10.253306039000027,104.7420832329999,SAT_10004,20.120148393936873,191.9258347158949,98.9867607756997,170.45878831093484,-64.86955164942331,29.98142045715359,35.0,0.12017741141089999,12.272006384231167
10.253306039000027,104.8420832329999,SAT_10004,20.10002259879637,191.81262711822959,98.98446882297607,170.464235109142,-64.88967744456382,29.972696363701278,35.0,0.12026065846648266,12.277878040656601
10.253306039000027,104.94208323299989,SAT_10004,20.070274729360918,191.64529535265518,98.98106743136357,170.47227896882734,-64.91942531399927,29.959792540979663,35.0,0.12038372263248426,12.286555163519106
10.253306039000027,105.04208323299989,SAT_10004,20.03092817884628,191.42397100601036,98.97654329543046,170.48290545178875,-64.9587718645139,29.942709017553195,35.0,0.12054652669257876,12.298028903585777
10.253306039000027,105.14208323299988,SAT_10004,19.9820137062721,191.14882709778055,98.97087856957711,170.49609557964396,-65.00768633708809,29.92144583123994,35.0,0.12074896907254479,12.31228761961152
10.253306039000027,105.24208323299987,SAT_10004,19.9235692628056,190.8200771032815,98.96405066956292,170.51182594582662,-65.06613078055459,29.89600302911256,35.0,0.12099092437801456,12.329316939462522
10.253306039000027,105.34208323299987,SAT_10004,19.855639779595663,190.4379737602256,98.95603201809993,170.53006885232287,-65.13406026376452,29.866380667499513,35.0,0.12127224405309908,12.349099834888074
10.253306039000027,105.44208323299986,SAT_10004,19.778276919579653,190.00280767263556,98.94678972933582,170.5507924694892,-65.21142312378053,29.83257881198649,35.0,0.12159275715319391,12.371616709124629
10.253306039000027,105.54208323299986,SAT_10004,19.691538796109924,189.51490572811832,98.9362852256594,170.57396101705248,-65.29816124725026,29.79459753741811,35.0,0.12195227122423696,12.39684549639166
10.253306039000027,105.64208323299985,SAT_10004,19.595489661572614,188.97462934634595,98.92447377864595,170.59953496417552,-65.39421038178757,29.75243692789983,35.0,0.12235057327979032,12.424761772232081
10.253306039000027,105.74208323299985,SAT_10004,19.490199569419147,188.3823725779827,98.91130396404778,170.62747124631233,-65.49950047394104,29.706097076800102,35.0,0.12278743086657282,12.455338873562253
10.253306039000027,105.84208323299984,SAT_10004,19.375744013227262,187.73856007440335,98.8967170184537,170.6577234964485,-65.61395603013293,29.655578086752772,35.0,0.12326259320847759,12.488548027228706
10.253306039000027,105.94208323299983,SAT_10004,19.252203546538553,187.04364494927935,98.88064608248362,170.69024228824122,-65.73749649682163,29.600880069659695,35.0,0.12377579241868185,12.52435848582142
10.253306039000027,106.04208323299983,SAT_10004,19.119663387278464,186.2981065534414,98.86301531202665,170.7249753885398,-65.87003665608172,29.542003146693627,35.0,0.12432674476918983,12.56273766946636
10.253306039000027,106.14208323299982,SAT_10004,18.97821301057536,185.5024481844864,98.84373883490845,170.76186801676624,-66.01148703278483,29.478947448301312,35.0,0.12491515200704106,12.603651312312849
10.253306039000027,106.24208323299982,SAT_10090,19.033139048250916,185.81140714641143,98.8512807392538,170.74754318030202,-65.95656099510927,29.50344795086338,35.0,0.1246867503441158,12.587779015326507
10.253306039000027,106.34208323299981,SAT_10090,19.142245624828917,186.42513163966265,98.86604746998154,170.71904813071882,-65.84745441853127,29.55203728440733,35.0,0.12423297668734246,12.556210595532443
10.253306039000027,106.4420832329998,SAT_10090,19.24225694816164,186.98769533340922,98.87933627855091,170.69283367754238,-65.74744309519855,29.596456961190448,35.0,0.12381725508027414,12.52724912376634
10.253306039000027,106.5420832329998,SAT_10090,19.333103373711452,187.49870647712692,98.89120802731071,170.66894252737,-65.65659666964874,29.636706882731474,35.0,0.12343981725935689,12.500921207750853
10.253306039000027,106.6420832329998,SAT_10090,19.414720617940915,187.95780347591767,98.9017158002549,170.6474141322227,-65.57497942541927,29.67278695980211,35.0,0.12310087692824802,12.477251376070427
10.253306039000027,106.74208323299979,SAT_10090,19.4870500847326,188.3646567266209,98.91090557785617,170.62828448080867,-65.50264995862759,29.704697112424785,35.0,0.12280062871647969,12.456261961527215
10.353306039000026,103.94208323299995,SAT_10090,20.08403150144349,191.72267719561964,98.98264352938905,170.46853908323487,-64.9056685419167,29.965748699076105,35.0,0.12032693020999148,12.28255122754793
10.353306039000026,104.04208323299994,SAT_10090,20.11809171675246,191.9142659067326,98.98652759380624,170.4593240069522,-64.87160832660773,29.98051665939548,35.0,0.12018603833003359,12.27261494072098
10.353306039000026,104.54208323299991,SAT_10004,20.15125488629279,192.10080873539695,98.99028967666874,170.45036215701612,-64.8384451570674,29.994895013761496,35.0,0.1200487627678639,12.26292925104491
10.353306039000026,104.64208323299991,SAT_10004,20.150413145314005,192.0960739423913,98.9901944548167,170.45059028958175,-64.83928689804618,29.994530543396472,35.0,0.12005224370487369,12.263174908156033
10.353306039000026,104.7420832329999,SAT_10004,20.139922983588903,192.03706678268762,98.98900667547487,170.4534328171954,-64.84977705977128,29.98998764272929,35.0,0.12009562610152805,12.266236259203657
10.353306039000026,104.8420832329999,SAT_10004,20.11979271993279,191.92383404962195,98.98672174738854,170.45888460308169,-64.8699073234274,29.981266321817017,35.0,0.12017888251762081,12.272110159645113
10.353306039000026,104.94208323299989,SAT_10004,20.09003827602278,191.75646530262816,98.98333080572704,170.46693581715618,-64.8996617673374,29.96836659996718,35.0,0.12030196042386344,12.280790589724537
10.353306039000026,105.04208323299989,SAT_10004,20.05068308523198,191.5350923544299,98.97882061532654,170.4775719948837,-64.9390169581282,29.951288505738265,35.0,0.1204647824831244,12.292268686499643
10.353306039000026,105.14208323299988,SAT_10004,20.00175795919357,191.25988852046382,98.97317342518657,170.49077412339335,-64.98794208416662,29.930032076940456,35.0,0.12066724696263906,12.306532790751074
10.353306039000026,105.24208323299987,SAT_10004,19.943300913695936,190.93106763953966,98.96636677136144,170.50651875377866,-65.04639912966425,29.904597360636586,35.0,0.12090922827289641,12.32356850824927
10.353306039000026,105.34208323299987,SAT_10004,19.87535695597346,190.5488828773507,98.95837322431773,170.52477813820192,-65.11434308738673,29.874984413143356,35.0,0.12119057762764777,12.343358784700508
10.353306039000026,105.44208323299986,SAT_10004,19.79797783587935,190.11362532682136,98.94916007562607,170.54552039014192,-65.19172220748084,29.841193300032767,35.0,0.12151112381832195,12.365883993553373
10.353306039000026,105.54208323299986,SAT_10004,19.711221763804843,189.62562242140228,98.93868895748066,170.56870966587184,-65.27847827955534,29.803224096133807,35.0,0.12187067409509443,12.39112203572221
10.353306039000026,105.64208323299985,SAT_10004,19.615153098520125,189.0852361791757,98.92691538693781,170.59430636505147,-65.37454694484006,29.76107688553437,35.0,0.12226901514595885,12.419048450176996
10.353306039000026,105.74208323299985,SAT_10004,19.509842008375045,188.49286129710964,98.91378822487334,170.622267348143,-65.47985803498514,29.714751761583393,35.0,0.12270591416439847,12.449636534261135
10.353306039000026,105.84208323299984,SAT_10004,19.395364109484575,187.84892311585074,98.89924903739876,170.6525461682425,-65.59433593387561,29.664248826893274,35.0,0.12318111999566524,12.48285747253071
10.353306039000026,105.94208323299983,SAT_10004,19.2718000846599,187.15387547621194,98.88323134474737,170.6850933148303,-65.71789995870029,29.609568193342472,35.0,0.1236943643512439,12.518680472861199
10.353306039000026,106.04208323299983,SAT_10004,19.139235286902178,186.40819848882475,98.86565973931913,170.71985646691488,-65.85046475645801,29.550709982078395,35.0,0.12424536308081266,12.557072908540713
10.353306039000026,106.14208323299982,SAT_10090,19.000789572478823,185.62944134519338,98.8468645434768,170.75597113937974,-65.98891047088136,29.489015493259842,35.0,0.1248213406130928,12.59713348414838
10.353306039000026,106.24208323299982,SAT_10090,19.11913715183229,186.29514647905663,98.86295900743004,170.72509229294909,-65.8705628915279,29.541757504935987,35.0,0.12432906338009699,12.562899040134697
10.353306039000026,106.34208323299981,SAT_10090,19.228449654754996,186.91002930799687,98.87752912009587,170.69645818510767,-65.76125038860519,29.590331300931428,35.0,0.12387463563053758,12.531248868798409
10.353306039000026,106.4420832329998,SAT_10090,19.328651743866203,187.4736660592474,98.89064276181247,170.67011499091993,-65.66104829949398,29.63473677353595,35.0,0.12345830817831122,12.5022117739317
10.353306039000026,106.5420832329998,SAT_10090,19.419673135366097,187.9856613864343,98.90235944639815,170.64610582752283,-65.57002690799409,29.674973824292532,35.0,0.12308031478287897,12.47581458998092
10.353306039000026,106.6420832329998,SAT_10090,19.501448949903207,188.44565034320553,98.91273109415343,170.62447052999008,-65.48825109345698,29.711042363994846,35.0,0.1227408710259016,12.452082056435847
10.353306039000026,106.74208323299979,SAT_10090,19.573920043477244,188.8533002445595,98.92180268719126,170.60524543961088,-65.41577999988294,29.742942312684995,35.0,0.12244017325764345,12.431036699699408
10.353306039000026,106.84208323299978,SAT_10090,19.63703331496204,189.20831239666146,98.92961282266481,170.58846320684668,-65.35266672839815,29.770673599651463,35.0,0.12217839762265574,12.412698723580267
10.453306039000026,104.54208323299991,SAT_10004,20.161061693631595,192.15597202667772,98.99139903510678,170.44770377390273,-64.82863834972859,29.99914070219906,35.0,0.1200082088804362,12.260067069144483
10.453306039000026,104.64208323299991,SAT_10004,20.16021999670015,192.15123748143833,98.99130397816987,170.4479319730187,-64.82948004666004,29.998776348706038,35.0,0.12001168944563904,12.260312732901717
10.453306039000026,104.7420832329999,SAT_10004,20.149730384861385,192.09223341484528,98.99011825710873,170.45077532955634,-64.8399696584988,29.994234904777233,35.0,0.12005506720551076,12.263374166514192
10.453306039000026,104.8420832329999,SAT_10004,20.129601181335445,191.97900664501188,98.9878372945752,170.4562287037474,-64.86009886202474,29.985516380467654,35.0,0.12013831470742742,12.269248224037579
10.453306039000026,104.94208323299989,SAT_10004,20.099848316214945,191.81164677870908,98.98445225263626,170.46428225979093,-64.88985172714524,29.972620795080864,35.0,0.12026137939834725,12.277928883036829
10.453306039000026,105.04208323299989,SAT_10004,20.06049523522732,191.5902856981537,98.9799499364014,170.47492152476113,-64.92920480813287,29.95554817716949,35.0,0.12042418390621067,12.289407276635018
10.453306039000026,105.14208323299988,SAT_10004,20.01157276619115,191.3150968098252,98.97431264909943,170.48812747479786,-64.97812727716904,29.93429856453595,35.0,0.12062662645238473,12.303671740454737
10.453306039000026,105.24208323299987,SAT_10004,19.95311894477254,190.98629406434554,98.96751799576158,170.5038766475036,-65.03658109858765,29.908872004233412,35.0,0.12086858139085467,12.320707873926608
10.453306039000026,105.34208323299987,SAT_10004,19.885178801607054,190.6041307590397,98.959538631602,170.52214127916562,-65.10452124175313,29.879268552567016,35.0,0.1211498998686022,12.340498615285924
10.453306039000026,105.44208323299986,SAT_10004,19.807804113277598,190.1688981371865,98.95034194999096,170.54288946513967,-65.18189593008259,29.845488275095292,35.0,0.1214704106004502,12.363024329437772
10.453306039000026,105.54208323299986,SAT_10004,19.72105312001318,189.68092380007414,98.93988970354862,170.56608534148185,-65.268646923347,29.807531246631854,35.0,0.12182992075061427,12.388262907746387
10.453306039000026,105.64208323299985,SAT_10004,19.624990213290843,189.14056994976102,98.92813755029425,170.59168928570716,-65.36470983006934,29.765397551247315,35.0,0.12222821691230222,12.416189878697198
10.453306039000026,105.74208323299985,SAT_10004,19.519685596779,188.54823148188186,98.91503451490496,170.61965813438476,-65.47001444658119,29.719087282271428,35.0,0.12266506617595195,12.44677852829191
10.453306039000026,105.84208323299984,SAT_10004,19.405214924253215,187.90433394892435,98.90052235289166,170.64994541515713,-65.58448511910697,29.668600542295476,35.0,0.12314021727610679,12.480000028969203
10.453306039000026,105.94208323299983,SAT_10004,19.281658918246066,187.2093314151341,98.88453480278768,170.68250159068668,-65.70804112511412,29.613937443174912,35.0,0.12365340180649789,12.515823575795844
10.453306039000026,106.04208323299983,SAT_10004,19.14910297325693,186.46370422457025,98.86699670814346,170.7172743119966,-65.84059707010326,29.555098106032204,35.0,0.12420433549263718,12.554216528646233
10.453306039000026,106.14208323299982,SAT_10090,19.077058601931554,186.058454635865,98.85729129469229,170.7360857787868,-65.91264144142863,29.523023290468245,35.0,0.1245040584710026,12.575074894639089
10.453306039000026,106.24208323299982,SAT_10090,19.195599159645113,186.72524527300376,98.87319399806609,170.70507468773002,-65.79410088371507,29.575748285759595,35.0,0.12401117276421686,12.540763308980438
10.453306039000026,106.34208323299981,SAT_10090,19.30509200661217,187.3411425371935,98.88759241261998,170.67631710207596,-65.68460803674802,29.62430641021467,35.0,0.12355617641198287,12.509041168474752
10.453306039000026,106.4420832329998,SAT_10090,19.405461201433027,187.90571925806077,98.90055306763315,170.64985958469708,-65.58423884192716,29.66869755614941,35.0,0.12313932214350852,12.47993749123598
10.453306039000026,106.5420832329998,SAT_10090,19.496635890738048,188.4185768854015,98.91213430617043,170.62574561885984,-65.49306415262214,29.708921625130714,35.0,0.1227608455163211,12.453479313376691
10.453306039000026,106.6420832329998,SAT_10090,19.57855066424463,188.87934748637608,98.92238703792788,170.60401538130137,-65.41114937911556,29.744978527973895,35.0,0.12242096378142071,12.429691562006669
10.453306039000026,106.74208323299979,SAT_10090,19.651145889673657,189.28769562941432,98.93135537775059,170.58470552783336,-65.33855415368653,29.77686818474046,35.0,0.12211987481874888,12.408596935774877
10.453306039000026,106.84208323299978,SAT_10090,19.714368024051012,189.64332013528696,98.93907718487762,170.5678489937783,-65.27533201930918,29.804590524736057,35.0,0.12185775615261946,12.3902157941143
10.453306039000026,106.94208323299978,SAT_10090,19.768169898078057,189.94595567668907,98.94558451520149,170.55347481143946,-65.22153014528213,29.82814548650866,35.0,0.12163476405627834,12.374566056295055
10.453306039000026,107.14208323299977,SAT_10090,19.847357549338852,190.39138621503102,98.9550571349044,170.53226915648085,-65.14234249402134,29.862753075779345,35.0,0.12130667372938471,12.35151973959046
10.453306039000026,107.24208323299976,SAT_10090,19.872682978349673,190.5338417532169,98.95806055840906,170.52547486922322,-65.11701706501051,29.873805626572185,35.0,0.12120177514401781,12.344146047215474
10.553306039000026,104.94208323299989,SAT_10004,20.099696844735462,191.810794751637,98.98443663403208,170.46432323885907,-64.89000319862473,29.97255511702241,35.0,0.12026200597108691,12.277973070816984
10.553306039000026,105.04208323299989,SAT_10004,20.060356650847552,191.5895061610175,98.97993616998868,170.47495896569,-64.92934339251264,29.955488022536347,35.0,0.1204247572951713,12.289447692063801
10.553306039000026,105.14208323299988,SAT_10004,20.01145018292135,191.3144072789326,98.97430121495799,170.48816053605907,-64.97824986043884,29.934245284700697,35.0,0.12062713377385663,12.303707475306604
10.553306039000026,105.24208323299987,SAT_10004,19.95301545160639,190.98571191528595,98.96750939219636,170.50390450302984,-65.0366845917538,29.90882695055913,35.0,0.12086900984363208,12.320738029439449
10.553306039000026,105.34208323299987,SAT_10004,19.885097458079855,190.60367320169917,98.95953337935921,170.52216312108288,-65.10460258528033,29.879233076405406,35.0,0.12115023674873258,12.340522303854115
10.553306039000026,105.44208323299986,SAT_10004,19.807747945266442,190.16858219212375,98.95034059684178,170.54290450634366,-65.18195209809375,29.845463727784814,35.0,0.1214706433152287,12.363040676219676
10.553306039000026,105.54208323299986,SAT_10004,19.72102511581143,189.68076627643927,98.93989282932466,170.56609281803745,-65.26867492754876,29.80751897949585,35.0,0.12183003683172659,12.388271052175439
10.553306039000026,105.64208323299985,SAT_10004,19.62499331997938,189.14058742488402,98.92814577247134,170.59168845905774,-65.3647067233808,29.76539891559212,35.0,0.12222820402802964,12.416188975887156
10.553306039000026,105.74208323299985,SAT_10004,19.519722716917855,188.54844028266294,98.91504849484842,170.61964829335622,-65.46997732644233,29.71910362938451,35.0,0.12266491214236407,12.44676775032825
10.553306039000026,105.84208323299984,SAT_10004,19.405288912910905,187.90475013512386,98.90054280289526,170.64992587774555,-65.58441113044928,29.66863322344355,35.0,0.12313991006718,12.479978566080108
10.553306039000026,105.94208323299983,SAT_10004,19.281772580378686,187.2099707646301,98.88456249406336,170.68247170562267,-65.7079274629815,29.61398780960205,35.0,0.12365292956311064,12.515790637397773
10.553306039000026,106.04208323299983,SAT_10004,19.149259061444553,186.4645822206256,98.86703247995,170.71723346008255,-65.84044098191563,29.55516750895796,35.0,0.12420368653040557,12.554171344260633
10.553306039000026,106.14208323299982,SAT_10090,19.14376370008057,186.4336708129532,98.86629583937105,170.71865089946837,-65.84593634327962,29.552712385530516,35.0,0.12422666482324612,12.555771164518518
10.553306039000026,106.24208323299982,SAT_10090,19.262469080839338,187.10138857972126,98.88203319157348,170.68752472469978,-65.72723096252085,29.605420218987323,35.0,0.12373326464962967,12.521393192158751
10.553306039000026,106.34208323299981,SAT_10090,19.372116008967254,187.71815255044078,98.89628353572145,170.65865967859256,-65.61758403439293,29.653962537949912,35.0,0.1232777873345564,12.489609106415722
10.553306039000026,106.4420832329998,SAT_10090,19.472628016000797,188.28353259000448,98.9091122419259,170.63210266276303,-65.51707202735939,29.69833923476002,35.0,0.12286048727459627,12.46044811208179
10.553306039000026,106.5420832329998,SAT_10090,19.563933751500258,188.79712735218894,98.92057664848095,170.60789748032897,-65.42576629185993,29.738550211008107,35.0,0.12248160159269664,12.43393742094637
10.553306039000026,106.6420832329998,SAT_10090,19.645967341778558,189.2585662975044,98.9307267975229,170.5860846065405,-65.34373270158163,29.77459537753084,35.0,0.12214134899331514,12.410102123578646
10.553306039000026,106.74208323299979,SAT_10090,19.718668728332602,189.66751159687087,98.93960605920577,170.56670097203988,-65.27103131502759,29.806474654408856,35.0,0.12183992868834169,12.388965068708226
10.553306039000026,106.84208323299978,SAT_10090,19.781983982457234,190.02365990132193,98.9472516590139,170.54977976108546,-65.20771606090295,29.83418797096471,35.0,0.12157751940357808,12.370546751378617
10.553306039000026,106.94208323299978,SAT_10090,19.835865592676967,190.32674395880795,98.95369512014858,170.5353502269757,-65.15383445068322,29.85773526576108,35.0,0.12135427847505618,12.354865210993529
10.553306039000026,107.04208323299977,SAT_10090,19.88027272184101,190.5765340603557,98.95896263069653,170.5234375267721,-65.10942732151918,29.877116486599206,35.0,0.12117034104384301,12.34193594030242
10.553306039000026,107.14208323299977,SAT_10090,19.915171430994818,190.77283929934586,98.96307534341577,170.5140625772463,-65.07452861236537,29.89233159051757,35.0,0.12102581935719796,12.331771806279432
10.553306039000026,107.24208323299976,SAT_10090,19.940534867475378,190.915508629549,98.96604961438204,170.50724193375234,-65.04916517588481,29.90338054379079,35.0,0.12092080218303038,12.324382983740232
10.553306039000026,107.34208323299976,SAT_10090,19.95634341504197,191.00443170961108,98.96789718536331,170.50298769348728,-65.03335662831822,29.910263321928767,35.0,0.12085535434356577,12.31977690241613
10.553306039000026,107.44208323299975,SAT_10090,19.962584804281136,191.0395395240814,98.96862531357864,170.50130742431617,-65.02711523907905,29.912979909676075,35.0,0.12082951637298121,12.317958208065972
10.553306039000026,107.54208323299974,SAT_10090,19.959254181977286,191.02080477362225,98.96823685140998,170.50220412003583,-65.0304458613829,29.91153030101156,35.0,0.12084330430253593,12.31892873805611
10.553306039000026,108.94208323299966,SAT_10004,19.97137053730941,191.08895927236546,98.96964976441342,170.49896259319326,-65.01832950605078,29.9168154989787,35.0,0.12079302517045902,12.315389386665768
10.553306039000026,116.94208323299921,SAT_10091,19.665422137014033,189.36799952070393,98.93307619806096,170.57990950568293,-65.32427790634615,29.782560896046473,35.0,0.1220666056648631,12.404862691044828
10.653306039000025,105.04208323299989,SAT_10004,20.050267444865483,191.53275437736835,98.9787796212072,170.47768424806011,-64.9394325984947,29.95110804197031,35.0,0.12046650227779598,12.292389890127106
10.653306039000025,105.14208323299988,SAT_10004,20.00139030868857,191.25782048637322,98.97313943887058,170.49087324589658,-64.98830973467162,29.92987223755116,35.0,0.12066876859917468,12.30663995772703
10.653306039000025,105.24208323299987,SAT_10004,19.942990517588214,190.92932166143373,98.96634129019957,170.50660226891367,-65.04670952577197,29.904462199712224,35.0,0.12091051335576997,12.323658943214758
10.653306039000025,105.34208323299987,SAT_10004,19.875112990528024,190.54751057172015,98.95835781314199,170.52484362378613,-65.11458705283216,29.87487798473608,35.0,0.12119158805276951,12.343429825729357
10.653306039000025,105.44208323299986,SAT_10004,19.797809376506052,190.11267774284656,98.94915638053456,170.54556548622446,-65.19189066685414,29.841119658155,35.0,0.1215118218149786,12.36593301696971
10.653306039000025,105.54208323299986,SAT_10004,19.7111377732907,189.6251499747602,98.93869872098165,170.56873208192744,-65.27856227006949,29.803187294752604,35.0,0.1218710222653378,12.391146460629317
10.653306039000025,105.64208323299985,SAT_10004,19.615162416156224,189.08528859087878,98.92694046474452,170.59430388659945,-65.37453762720396,29.761080978565797,35.0,0.1222689765011846,12.419045742669137
10.653306039000025,105.74208323299985,SAT_10004,19.50995334004095,188.49348753773037,98.9138306046888,170.62223784275292,-65.47974670331924,29.714800802886895,35.0,0.12270545215889313,12.449604211294321
10.653306039000025,105.84208323299984,SAT_10004,19.395586018743387,187.85017135543157,98.89931086008951,170.6524875908931,-65.5941140246168,29.66434687026603,35.0,0.12318019855693507,12.482793105432807
10.653306039000025,105.94208323299983,SAT_10004,19.272140984900233,187.1557930400638,98.88331492837924,170.68500371260032,-65.71755905845995,29.609719292513745,35.0,0.12369294790697855,12.5185816904664
10.653306039000025,106.04208323299983,SAT_10004,19.13970343455165,186.41083181935304,98.86576760661995,170.71973398299212,-65.84999660880854,29.55091819070388,35.0,0.1242434165823742,12.556937399937924
10.653306039000025,106.14208323299982,SAT_10090,19.200855951664735,186.75481472811413,98.87391971569261,170.7036965198937,-65.78884409169545,29.578082713508316,35.0,0.1239893222934346,12.539240963016633
10.653306039000025,106.24208323299982,SAT_10090,19.319697358110858,187.42329763937357,98.88951689763226,170.67247283463064,-65.67000268524933,29.630773239723545,35.0,0.12349550368690194,12.504807586655325
10.653306039000025,106.34208323299981,SAT_10090,19.429471501576117,188.0407771963657,98.90364170842155,170.64351673291065,-65.56022854178407,29.67929961928086,35.0,0.12303963494720202,12.472971793207087
10.653306039000025,106.4420832329998,SAT_10090,19.53010146610913,188.60682074686383,98.91635853935547,170.61687540428613,-65.45959857725106,29.723661744547424,35.0,0.12262197188313044,12.443762945629222
10.653306039000025,106.5420832329998,SAT_10090,19.62151547920047,189.12102457050264,98.92772388008227,170.59259292378212,-65.36818456415972,29.763859517136932,35.0,0.12224275294358514,12.417208404570957
10.653306039000025,106.6420832329998,SAT_10090,19.70364727363784,189.5830159142129,98.93778703982308,170.57071002044265,-65.28605276972235,29.799892847907092,35.0,0.12190219806419951,12.393333399122588
10.653306039000025,106.74208323299979,SAT_10090,19.776436428931788,189.99245491274132,98.94659075949372,170.55126385859188,-65.2132636144284,29.8317616569574,35.0,0.12160050758516511,12.37216090520875
10.653306039000025,106.84208323299978,SAT_10090,19.8398286887532,190.34903637423676,98.95417172898533,170.53428783417021,-65.14987135460699,29.859465873627087,35.0,0.12133786125011463,12.353711532813739
10.653306039000025,106.94208323299978,SAT_10090,19.893776250974653,190.65249141173243,98.96056102124851,170.51981138841197,-65.09592379238553,29.883005436493317,35.0,0.12111441729544566,12.33800342317144
10.653306039000025,107.04208323299977,SAT_10090,19.938238027122992,190.90258890256686,98.96578445265392,170.50785984098965,-65.0514620162372,29.902380293369642,35.0,0.12093031163882657,12.325052156978355
10.653306039000025,107.14208323299977,SAT_10090,19.973179868324962,191.0991367593279,98.96986287727886,170.49845424457018,-65.01652017503523,29.91759040130467,35.0,0.12078565717483673,12.314870674594868
10.653306039000025,107.24208323299976,SAT_10090,19.99857475515563,191.24198299775043,98.97281242121527,170.49161126251147,-64.99112528820456,29.928635726580964,35.0,0.12068054318476652,12.307469209089284
10.653306039000025,107.34208323299976,SAT_10090,20.01440294917691,191.33101658912014,98.97464466165297,170.4873430711784,-64.97529709418328,29.93551624471421,35.0,0.12061503486655151,12.302855232852535
10.653306039000025,107.44208323299975,SAT_10090,20.020652104384254,191.36616808716144,98.97536675431063,170.48565728806793,-64.96904793897593,29.93823194045257,35.0,0.12058917298965525,12.301033418370917
10.653306039000025,107.54208323299974,SAT_10090,20.017317337232015,191.34741002193007,98.97498151172255,170.4865569266335,-64.97238270612817,29.93678280777631,35.0,0.12060297367846713,12.302005613592506
10.653306039000025,107.64208323299974,SAT_10090,20.0044012543991,191.27475705599494,98.97348743390928,170.49004037836988,-64.98529878896109,29.931168849897634,35.0,0.12065642832646704,12.305770832162374
10.653306039000025,107.74208323299973,SAT_10090,19.981913937964364,191.14826590104954,98.97087869202753,170.4961014223784,-65.00778610539582,29.92139007926079,35.0,0.12074950364205278,12.312325258636177
10.753306039000025,105.14208323299988,SAT_10004,19.981401285858453,191.1453822329538,98.97082298318239,170.49626057992685,-65.00829875750173,29.921179432645975,35.0,0.12075150404231441,12.312466106178539
10.753306039000025,105.24208323299987,SAT_10004,19.923052213438424,190.81716870059114,98.96400930333465,170.51196496655518,-65.06664782992176,29.895777761233564,35.0,0.12099306526612486,12.329467559334013
10.753306039000025,105.34208323299987,SAT_10004,19.85523338726071,190.43568780334147,98.95600748876763,170.53017786131548,-65.13446665609948,29.866203287079227,35.0,0.12127392737858582,12.349218154484648
10.753306039000025,105.44208323299986,SAT_10004,19.77799630256318,190.00122920191788,98.94678478971248,170.55086753803096,-65.211703740797,29.832456075702424,35.0,0.12159391998950055,12.371698358478978
10.753306039000025,105.54208323299986,SAT_10004,19.691398885427603,189.51411873053027,98.93630279000885,170.57399833185815,-65.29830115793258,29.79453620187217,35.0,0.12195285126472893,12.396886176681885
10.753306039000025,105.64208323299985,SAT_10004,19.59550518288235,188.9747166537132,98.92451695081819,170.5995308383999,-65.39419486047784,29.752443749608936,35.0,0.12235050889860101,12.424757262788296
10.753306039000025,105.74208323299985,SAT_10004,19.490385026525914,188.38341577420826,98.91137606895211,170.6274221295401,-65.49931501683427,29.706178812186796,35.0,0.12278666117441023,12.455285038306561
10.753306039000025,105.84208323299984,SAT_10004,19.37611367326683,187.74063941212592,98.89682163753899,170.65762598361016,-65.61358637009336,29.655741492135817,35.0,0.12326105810308356,12.488440820515926
10.753306039000025,105.94208323299983,SAT_10004,19.252771426899727,187.04683927631098,98.88078709401951,170.6900931274198,-65.73692861646046,29.601131901244667,35.0,0.12377343262969807,12.524193957655632
10.753306039000025,106.04208323299983,SAT_10004,19.120443244306543,186.3024932492243,98.86319693713497,170.72477148764403,-65.86925679905364,29.542350160563473,35.0,0.12432350189724839,12.562511970075837
10.753306039000025,106.14208323299982,SAT_10090,19.24829305580957,187.02164843892885,98.88019759245542,170.691248613187,-65.74140698755062,29.599134218913193,35.0,0.12379217143278483,12.525500421844006
10.753306039000025,106.24208323299982,SAT_10090,19.36724113656389,187.69073139317192,98.89567876383445,170.65994534679567,-65.6224589067963,29.651807292522076,35.0,0.12329803217120801,12.4910228203515
10.753306039000025,106.34208323299981,SAT_10090,19.477115109230738,188.30877248942292,98.9096996714441,170.63091492903268,-65.51258493412945,29.700317598800254,35.0,0.12284186317848246,12.45914574071853
10.753306039000025,106.4420832329998,SAT_10090,19.577837692216548,188.87533701871808,98.92232389860224,170.60420478506683,-65.41186235114364,29.744665030139945,35.0,0.1224239214142989,12.42989867480245
10.753306039000025,106.5420832329998,SAT_10090,19.669336768105026,189.39001932059077,98.93360723430364,170.57985921244438,-65.32036327525516,29.78484948817774,35.0,0.12204444640815469,12.403309104580378
10.753306039000025,106.6420832329998,SAT_10090,19.75154574807334,189.85244483291254,98.94359838256635,170.55791914792624,-65.23815429528685,29.8208708837921,35.0,0.12170365909905982,12.379402372053644
10.753306039000025,106.74208323299979,SAT_10090,19.82440391577451,190.26227202623164,98.95233956463933,170.5384219471061,-65.16529612758568,29.852729137101104,35.0,0.12140176074675739,12.358201556833945
10.753306039000025,106.84208323299978,SAT_10090,19.887856747086744,190.61919420236296,98.95986702802904,170.52140117919961,-65.10184329627344,29.880424177460405,35.0,0.121138931924413,12.339727362609835
10.753306039000025,106.94208323299978,SAT_10090,19.94185620229409,190.92294113790427,98.96621147375076,170.50688643928896,-65.0478438410661,29.903955943461455,35.0,0.12091533160223442,12.323998013636356
10.753306039000025,107.04208323299977,SAT_10090,19.986360987473788,191.17328055454007,98.97139841108577,170.49490318016925,-65.0033390558864,29.923324382929938,35.0,0.12073109633083991,12.311029162316254
10.753306039000025,107.14208323299977,SAT_10090,20.02133678214078,191.3700193995419,98.97544844734007,170.48547256576444,-64.96836326121941,29.938529452924442,35.0,0.12058633953239808,12.300833808847013
10.753306039000025,107.24208323299976,SAT_10090,20.046756430534032,191.51300492175395,98.9783775185801,170.47861134785862,-64.94294361282616,29.94957111973537,35.0,0.12048115090662816,12.29342223379628
10.753306039000025,107.34208323299976,SAT_10090,20.062600094311293,191.60212553050104,98.98019706600583,170.4743317676346,-64.9270999490489,29.956449358884093,35.0,0.12041559595768901,12.288801944340706
10.753306039000025,107.44208323299975,SAT_10090,20.068855364848048,191.63731142727028,98.98091416146389,170.47264148322637,-64.92084467851214,29.95916415512232,35.0,0.12038971564681625,12.286977634761275
10.753306039000025,107.54208323299974,SAT_10090,20.0655173338006,191.61853500262836,98.98053158456108,170.47354352418208,-64.92418270955959,29.95771550243171,35.0,0.12040352617430586,12.287951161634915
10.753306039000025,107.64208323299974,SAT_10090,20.052588621086414,191.5458109936111,98.9790478528762,170.47703627340405,-64.93711142227377,29.95210340402373,35.0,0.1204570188931178,12.291721534000336
10.753306039000025,107.74208323299973,SAT_10090,20.030079359944367,191.41919639968708,98.97645720585433,170.48311347679186,-64.95962068341582,29.942327872339728,35.0,0.12055016035500271,12.298284918608697
10.753306039000025,107.84208323299973,SAT_10090,19.998007139254625,191.2387901583073,98.97274954207231,170.4917642804682,-64.99169290410556,29.92838892905124,35.0,0.12068289248866976,12.30763466019993
10.753306039000025,107.94208323299972,SAT_10090,19.956396903813214,191.00473258394933,98.96791030865934,170.502973295122,-65.03330313954697,29.910286605060566,35.0,0.12085513290813474,12.319761316577411
10.853306039000024,105.04208323299989,SAT_10004,20.000278021170047,191.25156386908154,98.97301633582107,170.49117312272287,-64.98942202219014,29.92938865077581,35.0,0.12067337216746397,12.306964178075608
10.853306039000024,105.14208323299988,SAT_10004,19.951499251897985,190.97718329192617,98.9673428075398,170.5043125816057,-65.0382007914622,29.908166888986237,35.0,0.1208752868074223,12.321179812035338
10.853306039000024,105.24208323299987,SAT_10004,19.89321654983648,190.6493430928302,98.96050427952042,170.51998272074914,-65.0964834935237,29.882773654106682,35.0,0.12111661267456096,12.338157814206696
10.853306039000024,105.34208323299987,SAT_10004,19.8254745130655,190.26829413599344,98.9524731217651,170.53815605201999,-65.16422553029469,29.853209002397925,35.0,0.12139720228202641,12.357881278390604
10.853306039000024,105.44208323299986,SAT_10004,19.7483244239763,189.83432488486667,98.94321638572463,170.55880098538577,-65.24137561938389,29.819472999366837,35.0,0.12171688590881502,12.38033074745614
10.853306039000024,105.54208323299986,SAT_10004,19.661823970981644,189.34775983677176,98.93269542044096,170.58188200789598,-65.32787607237854,29.781565719768075,35.0,0.12207547246999366,12.40548431178065
10.853306039000024,105.64208323299985,SAT_10004,19.566036940508056,188.80895779035782,98.92086541269084,170.60735988154283,-65.42366310285213,29.739487247605954,35.0,0.1224727504838388,12.433317718431406
10.853306039000024,105.74208323299985,SAT_10004,19.461032882645952,188.21830996488347,98.90767484101647,170.6351918577546,-65.52866716071424,29.693237676136633,35.0,0.12290848912664766,12.46380448996963
10.853306039000024,105.84208323299984,SAT_10004,19.346886754021114,187.57623799136877,98.89306483124072,170.66533190615345,-65.64281328933907,29.642817107870446,35.0,0.12338243936539088,12.496916051690675
10.853306039000024,105.94208323299983,SAT_10004,19.22367854158368,186.8831917964082,98.87696839830224,170.69773095512625,-65.7660215017765,29.58822565457456,35.0,0.12389433515795067,12.532621866066865
10.853306039000024,106.24208323299982,SAT_10090,19.40506449937905,187.90348780900717,98.90054619200012,170.64996433786516,-65.58463554398114,29.668522331384636,35.0,0.12314096929738459,12.480052568203226
10.853306039000024,106.34208323299981,SAT_10090,19.515010481813277,188.52193396019968,98.91448408910533,170.6208766226834,-65.47468956154691,29.71701643054833,35.0,0.12268459257968481,12.448144776832148
10.853306039000024,106.4420832329998,SAT_10090,19.615799940860057,189.08887466733785,98.92703433161125,170.594113420773,-65.37390010250013,29.76134904561303,35.0,0.1222664576788607,12.418869269661302
10.853306039000024,106.5420832329998,SAT_10090,19.707360493161588,189.60390277403394,98.93825214927652,170.56971920161246,-65.2823395501986,29.801520078237893,35.0,0.12188680495477773,12.392253621869271
10.853306039000024,106.6420832329998,SAT_10090,19.789625301899108,190.0666423231825,98.94818576302187,170.54773506246585,-65.20007474146108,29.837529439321813,35.0,0.12154585611744469,12.368323262199596
10.853306039000024,106.74208323299979,SAT_10090,19.862533422570635,190.47675050195983,98.95687697924228,170.52819850673214,-65.12716662078955,29.869377049001187,35.0,0.1212438131331711,12.347101349925424
10.853306039000024,106.84208323299978,SAT_10090,19.92603012452973,190.83391945047975,98.96436169225963,170.51114323753436,-65.06366991883046,29.89706283664787,35.0,0.12098085721250502,12.328608660731478
10.853306039000024,106.94208323299978,SAT_10090,19.980067184820115,191.1378779146131,98.97067030613067,170.4965989688537,-65.00963285854007,29.920586740867375,35.0,0.12075714788947661,12.312863482664278
10.853306039000024,107.04208323299977,SAT_10090,20.02460315105853,191.3883927247042,98.97582808493934,170.4845912563714,-64.96509689230166,29.939948709497347,35.0,0.12057282220102357,12.299881523226583
10.853306039000024,107.14208323299977,SAT_10090,20.059603570392312,191.58527008345675,98.97985543894725,170.4751413500021,-64.93009647296788,29.955148699606205,35.0,0.1204279939746769,12.289675828597304
10.853306039000024,107.24208323299976,SAT_10090,20.085041181898873,191.72835664818118,98.98276815248236,170.46826606987594,-64.90465886146131,29.966186677492082,35.0,0.1203227532316445,12.282256715845824
10.853306039000024,107.34208323299976,SAT_10090,20.100896070173178,191.81754039472412,98.98457755815171,170.46397770727637,-64.88880397318701,29.97306261868195,35.0,0.12025716571136255,12.27763171888122
10.853306039000024,107.44208323299975,SAT_10090,20.107155778287733,191.8527512528685,98.985290660826,170.46228395174737,-64.88254426507245,29.975776507931013,35.0,0.12023127252240823,12.275805548733702
10.853306039000024,107.54208323299974,SAT_10090,20.103815378770037,191.83396150558147,98.9849102138175,170.46318784527753,-64.88588466459015,29.974328339222307,35.0,0.12024508992339769,12.27678006861154
10.853306039000024,107.64208323299974,SAT_10090,20.090877501749333,191.76118594734,98.98343474872627,170.46668776412784,-64.89882254161085,29.968718115766563,35.0,0.12029860923615877,12.280554284013427
10.853306039000024,107.74208323299973,SAT_10090,20.06835231992804,191.63448179959525,98.98085855952924,170.47277742853467,-64.92134772343215,29.958945850002277,35.0,0.12039179689208789,12.287124348007678
10.853306039000024,107.84208323299973,SAT_10090,20.036257490561894,191.45394838441067,98.97717164060626,170.48144594016435,-64.9534425527983,29.945011563596026,35.0,0.12052459461120531,12.296483581618757
10.853306039000024,107.94208323299972,SAT_10090,19.994618055147228,191.21972656020316,98.97235957750544,170.49267784685196,-64.99508198821296,29.92691528744303,35.0,0.12069691971203624,12.308622509091988
10.853306039000024,108.04208323299972,SAT_10004,19.97494194118248,191.10904841915146,98.97007509289111,170.49800066201777,-65.01475810217771,29.918369394096775,35.0,0.12077824149371498,12.314348592762988
10.853306039000024,116.24208323299925,SAT_10091,19.53026160758276,188.60772154265302,98.91635896499402,170.61584270350073,-65.45943843577743,29.723167406087303,35.0,0.1226273003887804,12.444135837975216
10.853306039000024,116.64208323299923,SAT_10091,19.50030012922865,188.43918822691117,98.91259624285044,170.62378525441503,-65.48939991413154,29.709972793607758,35.0,0.12275164611180657,12.452835807212463
10.853306039000024,116.84208323299922,SAT_10091,19.42844006933271,188.0349753899965,98.90349299236672,170.64280107632476,-65.56125997402748,29.678284373617405,35.0,0.12304995922770944,12.473693312092411
10.953306039000024,105.44208323299986,SAT_10004,19.70881715520609,189.61209649803428,98.93843669405132,170.56935140093537,-65.2808828881541,29.8021704575317,35.0,0.12188064210631398,12.391821302644113
10.953306039000024,105.54208323299986,SAT_10004,19.622436184967597,189.12620354044273,98.9278618576098,170.59236884910382,-65.36726385839259,29.764275876797864,35.0,0.12223880922702585,12.416932076859615
10.953306039000024,105.64208323299985,SAT_10004,19.526780560797377,188.58814065448524,98.91597077633689,170.61777693666448,-65.46291948256281,29.722211500885642,35.0,0.12263562549164396,12.444718421292317
10.953306039000024,105.74208323299985,SAT_10004,19.421919474461347,187.9982970438451,98.9027114852903,170.6455331438662,-65.56778056889884,29.67597742303356,35.0,0.12307086121179397,12.475153986854405
10.953306039000024,106.24208323299982,SAT_10090,19.43313866759091,188.06140500519888,98.9041406716257,170.6425475037092,-65.55656137576928,29.68091831975957,35.0,0.12302441053025548,12.47190778128938
10.953306039000024,106.34208323299981,SAT_10090,19.54312849778833,188.68009780005934,98.91801587128674,170.61341973063438,-65.44657154557186,29.729396078011554,35.0,0.12256791968505804,12.439979973263961
10.953306039000024,106.4420832329998,SAT_10090,19.64395877162923,189.2472680904144,98.93051023550719,170.58661943394,-65.34574127173096,29.773713754487986,35.0,0.12214967820395671,12.41068591407498
10.953306039000024,106.5420832329998,SAT_10090,19.735556920201915,189.76250767613578,98.94167857107662,170.56219120349704,-65.25414312315827,29.813871250870253,35.0,0.12176992702312549,12.384053243508365
10.953306039000024,106.6420832329998,SAT_10090,19.8178559336433,190.2254396267436,98.95156873353088,170.5401762489652,-65.17184410971689,29.849868478077394,35.0,0.12142888838760271,12.360107450441483
10.953306039000024,106.74208323299979,SAT_10090,19.890794708242893,190.63572023386627,98.96022221549497,170.52061217725117,-65.0989053351173,29.881705356263847,35.0,0.12112676475395648,12.338871749376016
10.953306039000024,106.84208323299978,SAT_10090,19.954318369232254,190.99304082693143,98.96767464416446,170.5035327852566,-65.03538167412793,29.909381814817415,35.0,0.1208637377749449,12.320366965913804
10.953306039000024,106.94208323299978,SAT_10090,20.008378565775217,191.2971294324856,98.97395619899676,170.48896787023452,-64.98132147758497,29.932897792357494,35.0,0.1206399673757394,12.304611432332202
10.953306039000024,107.04208323299977,SAT_10090,20.052933734897735,191.54775225879976,98.97909195862633,170.4769430599252,-64.93676630846245,29.95225323673349,35.0,0.12045559093062938,12.29162089434013
10.953306039000024,107.14208323299977,SAT_10090,20.087949331363603,191.74471498892026,98.9831021842859,170.46747966447072,-64.90175071199658,29.967448105023525,35.0,0.12031072254832302,12.281408430001065
10.953306039000024,107.24208323299976,SAT_10090,20.11339802085294,191.8878638672978,98.98600254554111,170.4605945518712,-64.87630202250725,29.978482363533335,35.0,0.12020545247301688,12.273984381696366
10.953306039000024,107.34208323299976,SAT_10090,20.12925983417381,191.97708656722767,98.98780429286887,170.45630004850148,-64.86044020918638,29.985355987795415,35.0,0.12013984660733319,12.269356301872985
10.953306039000024,107.44208323299975,SAT_10090,20.135522280683716,192.01231282884592,98.98851438048536,170.45460386590656,-64.85417776267647,29.988068962568413,35.0,0.12011394616204162,12.267528913176267
10.953306039000024,107.54208323299974,SAT_10090,20.13218041955909,191.9935148600199,98.98813554181616,170.45550905478842,-64.8575196238011,29.986621281836722,35.0,0.12012776743620725,12.26850408341319
10.953306039000024,107.64208323299974,SAT_10090,20.119236888056776,191.92070749531936,98.98666631906569,170.4590139867562,-64.87046315530341,29.981012948810346,35.0,0.12018130173006572,12.272280815627495
10.953306039000024,107.74208323299973,SAT_10090,20.09670188642386,191.7939481111342,98.98410104745376,170.46511236407096,-64.89299815693633,29.971243975924974,35.0,0.12027451539153905,12.2788552533988
10.953306039000024,107.84208323299973,SAT_10090,20.06459311964015,191.61333629797585,98.9804297938171,170.47379325726072,-64.92510692372004,29.9573143848423,35.0,0.12040734999590426,12.288220701305713
10.953306039000024,107.94208323299972,SAT_10090,20.022935696694304,191.37901329390547,98.97563824839204,170.48504117013698,-64.96676434666588,29.93922420645056,35.0,0.12057972265673254,12.300367660322726
10.953306039000024,108.04208323299972,SAT_10004,19.993314809575054,191.2123958038597,98.97221216400446,170.4930501649307,-64.99638523378513,29.926360939570095,35.0,0.12070219235151367,12.308993816072999
10.953306039000024,108.14208323299971,SAT_10004,20.043968609925088,191.49732343082863,98.97806229743104,170.4793851922691,-64.9457314334351,29.94837294860959,35.0,0.12049256544229671,12.294226624333307
11.053306039000024,106.24208323299982,SAT_10090,19.45144216165184,188.16436215929158,98.90647803786514,170.6377080556531,-65.53825788170835,29.68899523054083,35.0,0.12294842709658739,12.466596629499493
11.053306039000024,106.34208323299981,SAT_10090,19.561447428758044,188.783141786764,98.92031042256919,170.60855762496104,-65.42825261460214,29.737456514121593,35.0,0.12249191649568943,12.434659587267003
11.053306039000024,106.4420832329998,SAT_10090,19.662292224520854,189.35039376292983,98.93276663397243,170.58173634635693,-65.32740781883933,29.78175912973095,35.0,0.1220736557094352,12.405356946503908
11.053306039000024,106.5420832329998,SAT_10090,19.7539038758877,189.86570930186832,98.94390118833473,170.5572888778775,-65.23579616747249,29.8219029790722,35.0,0.12169388599351248,12.378716382673671
11.053306039000024,106.6420832329998,SAT_10090,19.836215275868227,190.32871092675876,98.95376169025428,170.53525649282312,-65.15348476749196,29.85788797308421,35.0,0.12135282988945335,12.354763417863602
11.053306039000024,106.74208323299979,SAT_10090,19.9091652313858,190.73905442654512,98.96238941689802,170.51567685670946,-65.08053481197439,29.8897140319392,35.0,0.12105069012540269,12.333521297078732
11.053306039000024,106.84208323299978,SAT_10090,19.97269878676792,191.09643067556956,98.96981981205757,170.49858381954124,-65.01700125659227,29.917381085040695,35.0,0.12078764859899649,12.315010873492717
11.053306039000024,106.94208323299978,SAT_10090,20.026767519390305,191.40056729657047,98.97608290100415,170.4840072257241,-64.96293252396988,29.940889071021736,35.0,0.1205638654519427,12.299250503815571
11.053306039000024,107.04208323299977,SAT_10090,20.07132980419165,191.651230148578,98.98120363507643,170.47197274380449,-64.91837023916854,29.960237937743347,35.0,0.12037947824524434,12.28625595486215
11.053306039000024,107.14208323299977,SAT_10090,20.10635104407011,191.84822462289438,98.98520217322104,170.46250171802944,-64.88334899929008,29.97542764229319,35.0,0.12023460124320219,12.276040322310633
11.053306039000024,107.24208323299976,SAT_10090,20.131803863496472,191.99139673216766,98.98809410624274,170.45561104350824,-64.85789617986372,29.986458150984493,35.0,0.12012932481338719,12.268613962526572
11.053306039000024,107.34208323299976,SAT_10090,20.14766826308025,192.0806339798264,98.98989062825639,170.45131306648744,-64.84203178027994,29.9933294393552,35.0,0.12006371494869825,12.263984438198987
11.053306039000024,107.44208323299975,SAT_10090,20.153931733248868,192.11586599952489,98.99059865871787,170.44961551097157,-64.83576831011132,29.99604149216734,35.0,0.12003781291643473,12.26215647839065
11.053306039000024,107.54208323299974,SAT_10090,20.15058932568293,192.09706495696648,98.99022091740638,170.4505214325965,-64.83911071767726,29.99459430340665,35.0,0.12005163503803606,12.263131953449356
11.053306039000024,107.64208323299974,SAT_10090,20.137643681640753,192.02424570922923,98.98875595380308,170.45402920033757,-64.85205636171943,29.98898787628242,35.0,0.12010517260179424,12.266909865062486
11.053306039000024,107.74208323299973,SAT_10090,20.115105016835287,191.89746571969852,98.98619813142939,170.46013250627595,-64.8745950265249,29.97922222322757,35.0,0.12019839190945647,12.27348635156706
11.053306039000024,107.84208323299973,SAT_10090,20.082991063041106,191.7168247296062,98.98253756684495,170.46882040330644,-64.90670898031908,29.965297365898977,35.0,0.12033123445622815,12.282854708455394
11.053306039000024,107.94208323299972,SAT_10090,20.04132696714042,191.48246419016488,98.97776002213173,170.4800773703102,-64.94837307621977,29.94721333517801,35.0,0.12050361724228874,12.295005423845286
11.053306039000024,108.04208323299972,SAT_10004,20.001759478691085,191.25989706763735,98.97319367360146,170.49077371371797,-64.9879405646691,29.930032737552477,35.0,0.12066724067372996,12.306532347829886
11.053306039000024,108.14208323299971,SAT_10004,20.052407679200627,191.54479319550353,98.97903451737562,170.47710621142087,-64.93729236415956,29.952037272455815,35.0,0.12045764667472636,12.291765778519776
11.053306039000024,108.2420832329997,SAT_10004,20.0935306972612,191.77611017209426,98.983741776389,170.46599124263764,-64.89616934609899,29.96988124418757,35.0,0.12028751313222934,12.279771834516689
11.053306039000024,108.3420832329997,SAT_10004,20.125096485669545,191.95366773189122,98.98733390456425,170.4574485822033,-64.86460355769064,29.98356461317873,35.0,0.12015694586116006,12.270562642804904
11.053306039000024,108.44208323299969,SAT_10004,20.147080291553806,192.0773266399902,98.98982486135003,170.4514935090214,-64.84261975180638,29.993087349087478,35.0,0.12006602655349269,12.264147565318979
11.053306039000024,114.34208323299936,SAT_10004,20.042741557413734,191.49042126045228,98.97792350480391,170.47971650317965,-64.94695848594645,29.947840080804777,35.0,0.12049764281533701,12.29458442075625
11.153306039000023,106.04208323299983,SAT_10090,19.21281525839808,186.8220858284892,98.87557332587144,170.70056022462578,-65.7768847849621,29.583392406906725,35.0,0.12393961425959195,12.53577735298347
11.153306039000023,106.14208323299982,SAT_10090,19.34088741893825,187.54249173152766,98.89232393018554,170.66689194164243,-65.64881262442194,29.6401512357013,35.0,0.12340748538568007,12.498664433095115
11.153306039000023,106.24208323299982,SAT_10090,19.459960922883496,188.21228019121966,98.9075686596584,170.63545464244922,-65.52973912047669,29.692753046067224,35.0,0.12291306560387438,12.464124458490819
11.153306039000023,106.34208323299981,SAT_10090,19.569953063124373,188.83098598007462,98.92137782389817,170.60629905353707,-65.41974698023581,29.741197721254572,35.0,0.12245663009233515,12.432189017860972
11.153306039000023,106.4420832329998,SAT_10090,19.670785945674155,189.39817094441713,98.93381335324612,170.57947299817414,-65.31891409768603,29.78548515375216,35.0,0.12203843771511959,12.402887815548937
11.153306039000023,106.5420832329998,SAT_10090,19.76238687536707,189.91342617393977,98.94492960329215,170.55502114992294,-65.22731316799312,29.825615245284865,35.0,0.12165872978902131,12.37624853356602
11.153306039000023,106.6420832329998,SAT_10090,19.84468872458335,190.37637407578134,98.95477403994394,170.53298479657815,-65.14501131877684,29.861587906811096,35.0,0.12131772891201724,12.352296700097769
11.153306039000023,106.74208323299979,SAT_10090,19.917630281257942,190.78667033207594,98.96338782135443,170.51340161700568,-65.07206976210225,29.89340305852058,35.0,0.12101563786374772,12.331055565753392
11.153306039000023,106.84208323299978,SAT_10090,19.981156572525023,191.14400572045326,98.97080629006014,170.49630547330466,-65.00854347083516,29.92106062983232,35.0,0.12075263858812224,12.312545988774698
11.153306039000023,106.94208323299978,SAT_10090,20.03521916049867,191.44810777780503,98.97705938624804,170.48172622062182,-64.95448088286152,29.944560559392812,35.0,0.1205288912676463,12.296786330364862
11.153306039000023,107.04208323299977,SAT_10090,20.079776406916906,191.6987422889076,98.98217199104086,170.4696895367976,-64.90992363644328,29.96390279507451,35.0,0.12034453349841487,12.283792361221778
11.153306039000023,107.14208323299977,SAT_10090,20.114793703647493,191.89571458301717,98.98616420698463,170.46021677384778,-64.8749063397127,29.979087293974477,35.0,0.12019967957391249,12.27357718026548
11.153306039000023,107.24208323299976,SAT_10090,20.14024366639653,192.03887062348048,98.98905158146809,170.45332483305614,-64.84945637696366,29.990114022413326,35.0,0.1200944198848138,12.266151146436023
11.153306039000023,107.34208323299976,SAT_10090,20.15610628934914,192.1280978775889,98.99084527754421,170.4490260651961,-64.83359375401105,29.996982955934353,35.0,0.12002882044090304,12.2615218243084
11.153306039000023,107.44208323299975,SAT_10090,20.16236905890632,192.16332595634807,98.99155219551506,170.44732819710947,-64.82733098445387,29.999694079302934,35.0,0.12000292252004434,12.259693944127292
11.153306039000023,107.54208323299974,SAT_10090,20.15902702515308,192.14452701648608,98.99117504764085,170.44823428555688,-64.83067301820711,29.99824738650612,35.0,0.12001674244785676,12.26066937670849
11.153306039000023,107.64208323299974,SAT_10090,20.146082830199674,192.07171591987318,98.9897123874121,170.45174269891308,-64.84361721316051,29.99264288075249,35.0,0.12007027151040134,12.264447123489532
11.153306039000023,107.74208323299973,SAT_10090,20.123546693048922,191.94495014840018,98.98715859394464,170.45784712694086,-64.86615335031127,29.982880574472258,35.0,0.12016347600079717,12.271023321841874
11.153306039000023,107.84208323299973,SAT_10090,20.09143635117553,191.76432947536236,98.9835038111996,170.46653661851835,-64.89826369218466,29.96896048931754,35.0,0.12029629739927739,12.280391265584578
11.153306039000023,107.94208323299972,SAT_10090,20.04977695952222,191.5299953973125,98.97873384085999,170.47779564684777,-64.93992308383797,29.950882656162946,35.0,0.12046865268479579,12.292541440468352
11.153306039000023,108.04208323299972,SAT_10004,20.000269118258757,191.2515137902055,98.97302395735473,170.49117552293353,-64.98943092510143,29.929384780018026,35.0,0.12067340901520862,12.306966773170714
11.153306039000023,108.14208323299971,SAT_10004,20.050897914553317,191.5363007693624,98.97886335496312,170.47751397467678,-64.93880212880687,29.95138178006798,35.0,0.12046389358563132,12.292206040612438
11.153306039000023,108.2420832329997,SAT_10004,20.09200515301933,191.76752898573372,98.98356945681398,170.4664038617898,-64.89769489034086,29.969219641625966,35.0,0.12029382390094698,12.280216846276101
11.153306039000023,108.3420832329997,SAT_10004,20.12355881403009,191.94501832891928,98.98716070694876,170.45786494191614,-64.8661412293301,29.982898325131437,35.0,0.12016330568625806,12.271011306859128
11.153306039000023,108.44208323299969,SAT_10004,20.145534166091608,192.06862968426532,98.98965105739393,170.45191248062594,-64.84416587726858,29.992417800249054,35.0,0.1200724205639694,12.26459877632774
11.253306039000023,105.94208323299983,SAT_10090,19.074703696802544,186.04520829451434,98.85710044029123,170.73670055063243,-65.91499634655764,29.521974244259287,35.0,0.12451385310631949,12.575756187078174
11.253306039000023,106.04208323299983,SAT_10090,19.211636002080496,186.8154525117028,98.87543123131064,170.70086953915109,-65.77806404127969,29.582868913291755,35.0,0.12394451561985613,12.536118899800494
11.253306039000023,106.14208323299982,SAT_10090,19.339659918191373,187.53558703982645,98.89217707769167,170.66721534445406,-65.65004012516881,29.63960812656743,35.0,0.12341258385514924,12.499020323427025
11.253306039000023,106.24208323299982,SAT_10090,19.458688393367808,188.20512221269394,98.90741756203678,170.63579129893196,-65.53101164999238,29.692191758121925,35.0,0.12291834778988764,12.464493761392449
11.253306039000023,106.34208323299981,SAT_10090,19.568638787381545,188.82359317902117,98.92122295063554,170.6066480877503,-65.42106125597864,29.74061969123057,35.0,0.12246208238123141,12.432570777077668
11.253306039000023,106.4420832329998,SAT_10090,19.669433269974178,189.39056214360477,98.9336551364471,170.5798334947404,-65.32026677338601,29.784891818405438,35.0,0.12204404628312772,12.403281050767925
11.253306039000023,106.5420832329998,SAT_10090,19.760999206093757,189.90562053427738,98.94476844287105,170.5553921562136,-65.22870083726643,29.825008041392646,35.0,0.12166448061459516,12.37665224183088
11.253306039000023,106.6420832329998,SAT_10090,19.843269524173195,190.3683910734742,98.95461030819494,170.53336532518657,-65.14643051918699,29.860968271169845,35.0,0.12132360778956407,12.352709857380704
11.253306039000023,106.74208323299979,SAT_10090,19.916183063711884,190.77852973337934,98.96322186700364,170.5137906484955,-65.0735169796483,29.892772427944006,35.0,0.12102163041868069,12.331477128678129
11.253306039000023,106.84208323299978,SAT_10090,19.979684898515742,191.13572755415106,98.97063844188669,170.49670195921993,-65.01001514484444,29.92042044114938,35.0,0.12075873029315219,12.31297489648073
11.253306039000023,106.94208323299978,SAT_10090,20.033726632106948,191.4397123056016,98.97688995634891,170.48212908673665,-64.95597341125324,29.943912249445706,35.0,0.12053506746021284,12.297221506502085
11.253306039000023,107.04208323299977,SAT_10090,20.078266662028994,191.6902499739131,98.98200127780356,170.47009768658614,-64.9114333813312,29.96324780071669,35.0,0.12035077939914172,12.284232716062595
11.253306039000023,107.14208323299977,SAT_10090,20.113270410057353,191.88714605657262,98.98599249782424,170.46062909214567,-64.87642963330283,29.978427052068664,35.0,0.12020598030595879,12.274021612919878
11.253306039000023,107.24208323299976,SAT_10090,20.13871051565839,192.03024665057845,98.98887915537834,170.45374018988366,-64.8509895277018,29.9894499698295,35.0,0.12010076049398105,12.266598547153663
11.253306039000023,107.34208323299976,SAT_10090,20.154566990427952,192.11943932115724,98.99067240750757,170.4494433197132,-64.83513305293224,29.99631652954778,35.0,0.12003518591634697,12.261971076850475
11.253306039000023,107.44208323299975,SAT_10090,20.160827331679855,192.15465374069916,98.99137915081306,170.44774620166723,-64.82887271168033,29.99902671599216,35.0,0.12000929781543267,12.260143928189832
11.253306039000023,107.54208323299974,SAT_10090,20.15748659382075,192.1358620902417,98.99100209610351,170.44865188980953,-64.83221344953944,29.997580523150987,35.0,0.12002311250280764,12.261118970378098
11.253306039000023,107.64208323299974,SAT_10090,20.144547416653623,192.06307921867662,98.98953979764332,170.45215875395473,-64.84515262670656,29.991977954232162,35.0,0.12007662127203293,12.26489520571197
11.253306039000023,107.74208323299973,SAT_10090,20.122020010265686,191.93636255774447,98.9869866375605,170.45826048942868,-64.8676800330945,29.982219021663198,35.0,0.12016979044521807,12.271468774883797
11.253306039000023,107.84208323299973,SAT_10090,20.089922096683893,191.7558117938469,98.98333276511607,170.46694615474627,-64.8997779466763,29.968303747091554,35.0,0.1203025615528473,12.280832977468737
11.253306039000023,107.94208323299972,SAT_10090,20.048278809002653,191.52156830063993,98.97856398966853,170.47820023673464,-64.94142123435753,29.95023216138517,35.0,0.1204748516449902,12.292978307363079
11.253306039000023,108.04208323299972,SAT_10090,19.997122549195467,191.2338143392245,98.97266162526162,170.4920027422907,-64.99257749416472,29.92800430463325,35.0,0.12068655373065233,12.307892502776616
11.253306039000023,108.14208323299971,SAT_10004,20.03944054354443,191.47185305743741,98.97754848165951,170.48060772434985,-64.95025949981576,29.946406472878824,35.0,0.12051130212311291,12.295546946221608
11.253306039000023,108.2420832329997,SAT_10004,20.080520764661358,191.70292930122014,98.98225971748896,170.46950937534208,-64.90917927869883,29.96423817503978,35.0,0.12034133345419103,12.28356674494234
11.253306039000023,108.3420832329997,SAT_10004,20.11205364359843,191.88030174524116,98.98585487448139,170.46097951730812,-64.87764639976176,29.97791213531371,35.0,0.12021089290461107,12.274368124862747
11.253306039000023,108.44208323299969,SAT_10004,20.134014499589696,192.00383156019205,98.98834792858028,170.45503338354192,-64.85568554377049,29.987428323371653,35.0,0.12012006193658366,12.267960421663652
11.253306039000023,108.54208323299969,SAT_10004,20.14638606493176,192.07342161524113,98.98974850907206,170.45168163449648,-64.84331397842843,29.99278671810718,35.0,0.1200688975247726,12.26435016451436
11.253306039000023,108.64208323299968,SAT_10004,20.149158583261737,192.0890170308473,98.99006200328483,170.4509302943394,-64.84054146009845,29.99398730763582,35.0,0.12005743185302299,12.263541041541842
11.253306039000023,108.74208323299968,SAT_10004,20.142329865298336,192.05060549230316,98.98928961487444,170.4527807149586,-64.84737017806185,29.991030089294792,35.0,0.12008567214252054,12.265533880255516
11.353306039000023,105.94208323299983,SAT_10090,19.063883140816586,185.98434266709327,98.85564917550069,170.73952472235044,-65.9258169025436,29.517153170376204,35.0,0.12455886001320499,12.578886490556162
11.353306039000023,106.04208323299983,SAT_10090,19.200729626974066,186.75410415172914,98.87400136829876,170.70372964125542,-65.78897041638612,29.578026619144968,35.0,0.123989847369788,12.539277546905883
11.353306039000023,106.14208323299982,SAT_10090,19.32867272691732,187.47378408890992,98.8907665624026,170.67010946486081,-65.66102731644287,29.63474606030949,35.0,0.1234582210191319,12.5022056908724
11.353306039000023,106.24208323299982,SAT_10090,19.44762555332079,188.14289373742943,98.90602448519267,170.63871742199328,-65.5420744900394,29.687311367932242,35.0,0.1229642704055942,12.467704165572767
11.353306039000023,106.34208323299981,SAT_10090,19.55750562405703,188.7609691353208,98.91984552947191,170.6096040980953,-65.43219441930316,29.735722425313416,35.0,0.12250826997554684,12.435804476545714
11.353306039000023,106.4420832329998,SAT_10090,19.65823525952179,189.32757333481007,98.93229169859727,170.5828171818385,-65.3314647838384,29.779979124987985,35.0,0.12209047789795704,12.406536249089942
11.353306039000023,106.5420832329998,SAT_10090,19.749741966782764,189.84229856315307,98.94341741205098,170.55840121964937,-65.23995807657742,29.820081368722985,35.0,0.12171113483586223,12.379927090815167
11.353306039000023,106.6420832329998,SAT_10090,19.831958806800415,190.30476828825232,98.95327019139657,170.5363973806281,-65.15774123655977,29.856029067515006,35.0,0.12137046277928885,12.356002460667394
11.353306039000023,106.74208323299979,SAT_10090,19.904824740995267,190.7146391680984,98.96189124294995,170.51684323432912,-65.08487530236492,29.887822141588,35.0,0.12106866394998723,12.334785545673816
11.353306039000023,106.84208323299978,SAT_10090,19.968284953534265,191.07160286363023,98.96931595053928,170.49977254381187,-65.02141508982592,29.915460520391225,35.0,0.12080591978802249,12.316297146617249
11.353306039000023,106.94208323299978,SAT_10090,20.02229114585532,191.3753876954362,98.97557428928769,170.48521507627845,-64.96740889750487,29.938944142597467,35.0,0.12058239002976691,12.300555573794117
11.353306039000023,107.04208323299977,SAT_10090,20.0668018001751,191.62576012598493,98.98069116932295,170.47319643346552,-64.92289824318509,29.95827295610151,35.0,0.12039821188619154,12.287576553934889
11.353306039000023,107.14208323299977,SAT_10090,20.10178240899917,191.82252605062035,98.98468671660888,170.4637379037794,-64.88791763436102,29.9734469180188,35.0,0.12025349932955214,12.27737314927087
11.353306039000023,107.24208323299976,SAT_10090,20.127205667984555,191.96553188241316,98.98757649663614,170.45685633794545,-64.86249437537563,29.984465994684374,35.0,0.12014834249562464,12.269955689618918
11.353306039000023,107.34208323299976,SAT_10090,20.143051629904193,192.0546654182111,98.98937168545027,170.4525640496741,-64.846648413456,29.991330161652005,35.0,0.12008280720757489,12.265331718226319
11.353306039000023,107.44208323299975,SAT_10090,20.149307817881038,192.08985647558083,98.99007919138266,170.45086874257112,-64.84039222547915,29.994039403693584,35.0,0.12005693462636656,12.263505951975251
11.353306039000023,107.54208323299974,SAT_10090,20.145969296543143,192.0710772930552,98.98970172984933,170.4517734641933,-64.84373074681704,29.992593714798744,35.0,0.12007074103134092,12.264480256391137
11.353306039000023,107.64208323299974,SAT_10090,20.133038700236938,191.99834268883276,98.98823785265775,170.455276587829,-64.85666134312325,29.986993098174693,35.0,0.12012421773326322,12.268253635735682
11.353306039000023,107.74208323299973,SAT_10090,20.110526217963184,191.87170997604292,98.98568193238344,170.46137182222617,-64.879173825397,29.97723756624631,35.0,0.12021733112074685,12.274822238296398
11.353306039000023,107.84208323299973,SAT_10090,20.078449535214133,191.6912786355795,98.98202410151714,170.47004824915007,-64.91125050814605,29.96332714065645,35.0,0.12035002283956937,12.284179376812867
11.353306039000023,107.94208323299972,SAT_10090,20.03683373341393,191.45718975045335,98.97725014521268,170.4812903882998,-64.95286630994626,29.945261852266494,35.0,0.12052221010300188,12.296315563809939
11.353306039000023,108.04208323299972,SAT_10090,19.98571114817048,191.16962520845897,98.97134134555918,170.4950782887745,-65.0039888951897,29.923041741157128,35.0,0.12073378612991986,12.311218561442432
11.353306039000023,108.14208323299971,SAT_10004,20.0180448716267,191.3515024029002,98.97508495890004,170.48638171717727,-64.97165517173349,29.937111361763144,35.0,0.12059984156946878,12.301784974749893
11.353306039000023,108.2420832329997,SAT_10004,20.059086894881915,191.58236378371078,98.97980765879323,170.4753020034104,-64.93061314847827,29.95493685531698,35.0,0.12043001089506399,12.289817989489798
11.353306039000023,108.3420832329997,SAT_10004,20.09059038127026,191.7595708946452,98.98341153712349,170.46678650020976,-64.89910966208993,29.968606054623613,35.0,0.12029967648105548,12.280629540022723
11.353306039000023,108.44208323299969,SAT_10004,20.11253072986439,191.8829853554872,98.98591062531504,170.46085038980894,-64.8771693134958,29.97811892936037,35.0,0.12020891953950749,12.27422893350772
11.353306039000023,108.54208323299969,SAT_10004,20.12489072897,191.95251035045627,98.98731459079113,170.4575042968297,-64.86480931439019,29.98347545842519,35.0,0.12015779686976115,12.270622679115906
11.353306039000023,108.64208323299968,SAT_10004,20.127660653925574,191.96809117833135,98.9876288421847,170.45675422515475,-64.86203938943461,29.98467562993607,35.0,0.12014634055649076,12.269814453659452
11.353306039000023,108.74208323299968,SAT_10004,20.120838322568545,191.92971556444806,98.9868545879085,170.45860152211657,-64.86886172079164,29.981719441230773,35.0,0.12017455779861747,12.271805082107242
11.353306039000023,108.84208323299967,SAT_10004,20.104429107703695,191.8374137308333,98.98498884921231,170.4630428704461,-64.8852709356565,29.974606898866764,35.0,0.12024243087087005,12.276592533206305
11.353306039000023,108.94208323299966,SAT_10004,20.078445906419944,191.69125822361218,98.98202442797785,170.47007030808493,-64.91125413694024,29.96333801862137,35.0,0.12034991721839608,12.284171930258298
11.453306039000022,105.94208323299983,SAT_10090,19.04337793778096,185.8690009000179,98.85287740974556,170.74487369252165,-65.94632210557923,29.508013474570397,35.0,0.12464415601481663,12.584817731613148
11.453306039000022,106.04208323299983,SAT_10090,19.18010434036445,186.63808691455003,98.87127789826124,170.70913548788982,-65.80959570299574,29.56886553505628,35.0,0.12407558226218063,12.5452501679
11.453306039000022,106.14208323299982,SAT_10090,19.307934209177958,187.357129926626,98.88808669932855,170.67556916008107,-65.68176583418223,29.625565047559725,35.0,0.12354436913141464,12.508217352529465
11.453306039000022,106.24208323299982,SAT_10090,19.426780915503002,188.0256426497044,98.90338388154986,170.64422777417545,-65.56291912785719,29.678111886169642,35.0,0.12305080523266779,12.473752434618714
11.453306039000022,106.34208323299981,SAT_10090,19.536562225840086,188.64316252035047,98.91724013537946,170.61516175795091,-65.4531378175201,29.7265059342107,35.0,0.12259516421372203,12.44188682956617
11.453306039000022,106.4420832329998,SAT_10090,19.63720069749722,189.20925392342187,98.92971772347536,170.58841864963608,-65.35249934586297,29.77074708424041,35.0,0.12217770348560462,12.41265007698169
11.453306039000022,106.5420832329998,SAT_10090,19.728624061029777,189.7235103432925,98.94087129064,170.56404285355956,-65.26107598233041,29.81083523804639,35.0,0.12179866299898144,12.386069703818272
11.453306039000022,106.6420832329998,SAT_10090,19.8107655857971,190.1855564201087,98.95074855343425,170.5420754061653,-65.17893445756309,29.8467703066439,35.0,0.12145826408182367,12.362171093959853
11.453306039000022,106.74208323299979,SAT_10090,19.88356442493877,190.59504989028056,98.95939088590715,170.52255375484305,-65.10613561842142,29.87855221027359,35.0,0.12115670834866354,12.340977365503312
11.453306039000022,106.84208323299978,SAT_10090,19.946965936158648,190.95168339089238,98.96683381490467,170.50551155197186,-65.04273410720154,29.906180878399493,35.0,0.12089417669142234,12.322509256937751
11.453306039000022,106.94208323299978,SAT_10090,20.000921974861825,191.2551861085978,98.97310743596478,170.49097846647607,-64.98877806849836,29.929656249707246,35.0,0.1206708283613025,12.306785023368242
11.453306039000022,107.04208323299977,SAT_10090,20.045391156408016,191.50532525479508,98.97823675876087,170.47898001504788,-64.94430888695217,29.948978272102526,35.0,0.1204868001505886,12.293820343856218
11.453306039000022,107.14208323299977,SAT_10090,20.0803390845183,191.70190735041544,98.98224198933498,170.46953741501454,-64.90936095884189,29.964146902709764,35.0,0.12034220568240636,12.28362824085469
11.453306039000022,107.24208323299976,SAT_10090,20.10573854320556,191.8447793055313,98.9851387548954,170.46266746060581,-64.88396150015463,29.97516210787104,35.0,0.12023713481555161,12.2762190126043
11.453306039000022,107.34208323299976,SAT_10090,20.121569649988402,191.93382928118476,98.98693827568472,170.45838242411867,-64.86813039337179,29.982023863145237,35.0,0.12017165317043713,12.271600179227914
11.453306039000022,107.44208323299975,SAT_10090,20.127819968573064,191.9689873232235,98.98764748730542,170.4566899831941,-64.86188007478712,29.984732153307437,35.0,0.1201458017810326,12.269776443119412
11.453306039000022,107.54208323299974,SAT_10090,20.124484579658485,191.950225760579,98.98726911588255,170.45759317510576,-64.8652154637017,29.98328697234853,35.0,0.12015959687640872,12.270749664068068
11.453306039000022,107.64208323299974,SAT_10090,20.111566109011818,191.8775593631915,98.98580170751295,170.46109037863152,-64.87813393434837,29.97768832347505,35.0,0.12021302979416612,12.27451884939772
11.453306039000022,107.74208323299973,SAT_10090,20.089074712477526,191.7510452576861,98.9832396125659,170.4671753237336,-64.90062533088266,29.96793621910928,35.0,0.12030606702665543,12.281080159231664
11.453306039000022,107.84208323299973,SAT_10090,20.05702801810081,191.57078260181706,98.97957292453448,170.47583712892543,-64.93267202525938,29.95403068088955,35.0,0.12043865039950451,12.290426926823985
11.453306039000022,107.94208323299972,SAT_10090,20.015451026059964,191.3369120215873,98.97478737226038,170.48706036586145,-64.97424901730022,29.935971739670773,35.0,0.12061069738058672,12.302549693728958
11.453306039000022,108.04208323299972,SAT_10090,19.964375967608163,191.0496148177959,98.96886416344242,170.50082515034552,-65.02532407575202,29.913759435525257,35.0,0.12082210151621746,12.317436259415556
11.453306039000022,108.14208323299971,SAT_10004,19.98672822721568,191.17534627808817,98.97146318247192,170.49482525976785,-65.00297181614451,29.923496467038095,35.0,0.12072945471090638,12.310913568703851
11.453306039000022,108.2420832329997,SAT_10004,20.027720968572922,191.4059304482227,98.97620375856006,170.48377099067108,-64.96197907478727,29.941315702787744,35.0,0.12055979870924946,12.298963988194688
11.453306039000022,108.3420832329997,SAT_10004,20.059186526422764,191.58292421112805,98.97982123500046,170.47527508746984,-64.93051351693742,29.954980103401315,35.0,0.1204295986694429,12.289788934199457
11.453306039000022,108.44208323299969,SAT_10004,20.081100408388494,191.7061897971853,98.98232973075903,170.4693526628189,-64.9085996349717,29.964489638562327,35.0,0.12033893546454068,12.283397675250592
11.453306039000022,108.54208323299969,SAT_10004,20.09344547892806,191.77563081897034,98.9837389734254,170.46601429251265,-64.89625456443213,29.96984428717301,35.0,0.1202878656562883,12.279796693436191
11.453306039000022,108.64208323299968,SAT_10004,20.09621205648061,191.79119281770343,98.98405440524076,170.4652659527932,-64.89348798687958,29.97104403735379,35.0,0.12027642119496831,12.278989650245203
11.453306039000022,108.74208323299968,SAT_10004,20.089397968562523,191.7528635731642,98.98327724212147,170.46710898478534,-64.90030207479766,29.968088886442967,35.0,0.12030460924933031,12.28097736720596
11.453306039000022,108.84208323299967,SAT_10004,20.073008564152573,191.66067317335822,98.98140448681734,170.47154008650065,-64.91669147920761,29.960978840996678,35.0,0.12037241216838021,12.285757821535253
11.453306039000022,108.94208323299966,SAT_10004,20.0470566832129,191.51469384307256,98.9784288964573,170.4785513325141,-64.94264336014729,29.94971391678903,35.0,0.12047978757542892,12.293326156846792
11.553306039000022,105.94208323299983,SAT_10090,19.013203289988,185.6992685061825,98.84877325655499,170.75273812773403,-65.97649675337219,29.494555176832204,35.0,0.12476969059410399,12.593544111876259
11.553306039000022,106.04208323299983,SAT_10090,19.149775622440274,186.46748787622656,98.8672493006975,170.71707756838316,-65.83992442091991,29.555385681060976,35.0,0.12420166889670287,12.554030864701032
11.553306039000022,106.14208323299982,SAT_10090,19.2774601103919,187.18571312095443,98.88412629554016,170.68358475011178,-65.71223993296829,29.612065108395292,35.0,0.12367097595101023,12.517049315300792
11.553306039000022,106.24208323299982,SAT_10090,19.396170476729935,187.8534589316059,98.89948485076032,170.6523125148404,-65.59352956663025,29.66459333295007,35.0,0.12317789923540744,12.48263248550451
11.553306039000022,106.34208323299981,SAT_10090,19.505824825971672,188.47026464609067,98.9133961285301,170.6233110754927,-65.48387521738852,29.712970238074085,35.0,0.12272271131450346,12.450811668655415
11.553306039000022,106.4420832329998,SAT_10090,19.60634603749797,189.03569646092612,98.92592280222603,170.59662776529638,-65.38335400586222,29.757195716347017,35.0,0.12230566857151885,12.421616288341337
11.553306039000022,106.5420832329998,SAT_10090,19.697662145669042,189.54934956938837,98.93711987336361,170.5723067949651,-65.29203789769115,29.797269669576767,35.0,0.12192700999129784,12.395073762311506
11.553306039000022,106.6420832329998,SAT_10090,19.779706703126493,190.01085020508654,98.94703536706486,170.55038902020155,-65.2099933402337,29.833192008796935,35.0,0.12158695600436617,12.371209372824717
11.553306039000022,106.74208323299979,SAT_10090,19.85241912360678,190.41985757028812,98.95571092268062,170.53091172195815,-65.13728091975341,29.86496265426463,35.0,0.12128570740227164,12.350046144657622
11.553306039000022,106.84208323299978,SAT_10090,19.91574500068789,190.7760656288694,98.9631822931763,170.51390840183007,-65.0739550426723,29.892581535458426,35.0,0.12102344433411678,12.331604731966536
11.553306039000022,106.94208323299978,SAT_10090,19.969636399042585,191.07920474461457,98.96947976440438,170.4994085948598,-65.0200636443176,29.91604859107659,35.0,0.12080032539370013,12.31590331514069
11.553306039000022,107.04208323299977,SAT_10090,20.014052114989553,191.32904314681622,98.97462850331979,170.48743770188958,-64.97564792837063,29.935363769035543,35.0,0.12061648680604266,12.302957508710561
11.553306039000022,107.14208323299977,SAT_10090,20.04895790340312,191.52538820664256,98.97864884245388,170.4780168434232,-64.94074213995707,29.950527026468542,35.0,0.12047204172128427,12.29278028128111
11.553306039000022,107.24208323299976,SAT_10090,20.07432666837758,191.6680875096239,98.98155650648106,170.4711627367355,-64.91537337498261,29.961538329724604,35.0,0.12036707962300411,12.285381888348718
11.553306039000022,107.34208323299976,SAT_10090,20.09013861542519,191.75702971176668,98.98336278542949,170.46688759771223,-64.899561427935,29.968397654367646,35.0,0.12030166585696486,12.280769818733445
11.553306039000022,107.44208323299975,SAT_10090,20.096381363406564,191.79214516916193,98.98407465795677,170.4651990686275,-64.89331867995362,29.971104985175888,35.0,0.12027584128511526,12.27894875521689
11.553306039000022,107.54208323299974,SAT_10090,20.09305001486129,191.77340633359478,98.98369486709412,170.46610017274833,-64.8966500284989,29.96966031614145,35.0,0.12028962206843263,12.279920549823586
11.553306039000022,107.64208323299974,SAT_10090,20.080147183896614,191.70082790941845,98.98222194992312,170.4695892963305,-64.90955285946357,29.964063650470216,35.0,0.12034299958086708,12.283684214022433
11.553306039000022,107.74208323299973,SAT_10090,20.057682981297262,191.5744667697971,98.97965022175515,170.4756601982312,-64.93201706206293,29.954315000581904,35.0,0.12043594045528655,12.290235923958342
11.553306039000022,107.84208323299973,SAT_10090,20.02567495703431,191.39442163331802,98.97596971450994,170.48430204702012,-64.96402508632588,29.940414388110383,35.0,0.12056838676094209,12.2995690406552
11.553306039000022,107.94208323299972,SAT_10090,19.984148000867236,191.16083250487821,98.97116606810438,170.49549948512276,-65.00555204249295,29.922361843904223,35.0,0.1207402563106033,12.311674144963813
11.553306039000022,108.04208323299972,SAT_10090,19.93313420222222,190.87387988749998,98.96522037274099,170.50923271920598,-65.05656584113797,29.900157408027464,35.0,0.1209514430941774,12.326539086865273
11.553306039000022,108.14208323299971,SAT_10004,19.94551585977463,190.9435267112323,98.96666877365931,170.50592277435476,-65.04418418358556,29.90556181846377,35.0,0.12090005815272035,12.322923169541848
11.553306039000022,108.2420832329997,SAT_10004,19.98644837008588,191.17377208173312,98.97143376442791,170.49490067266234,-65.0032516732743,29.923374747225036,35.0,0.12073061308242654,12.310995134754577
11.553306039000022,108.3420832329997,SAT_10004,20.017867567537465,191.35050506739825,98.97506981166606,170.48642954768405,-64.97183247582272,29.93703431142966,35.0,0.12060057533178431,12.301836664236536
11.553306039000022,108.44208323299969,SAT_10004,20.039749096470032,191.47358866764392,98.97759115472194,170.48052442434042,-64.94995094689016,29.94654048076723,35.0,0.12051002534746592,12.295456977969499
11.553306039000022,108.54208323299969,SAT_10004,20.05207591725106,191.5429270345372,98.97900760391471,170.47719581686005,-64.93762412610913,29.95189323414422,35.0,0.12045901939239731,12.291862524000907
11.553306039000022,108.64208323299968,SAT_10004,20.05483840260193,191.55846601463585,98.97932464769467,170.4764496666337,-64.93486164075826,29.953092559683427,35.0,0.12044758924784284,12.291056944560138
11.553306039000022,108.74208323299968,SAT_10004,20.048034392229226,191.5201934562894,98.97854351229489,170.47828730695886,-64.94166565113096,29.950138454723692,35.0,0.12047574204460701,12.293041056851177
11.553306039000022,108.84208323299967,SAT_10004,20.031669205104393,191.42813927871222,98.97666117502946,170.48270545511423,-64.9580308382558,29.943030925819837,35.0,0.12054346022511,12.297812848736296
11.553306039000022,108.94208323299966,SAT_10004,20.005755609242797,191.28237530199075,98.97367033149398,170.4896962318642,-64.98394443411739,29.931769988742804,35.0,0.12065070163673236,12.30536748935926
11.653306039000022,105.84208323299984,SAT_10090,18.82820927194929,184.65867715471475,98.82303820005644,170.80077433190223,-66.1614907714109,29.41182006730778,35.0,0.1255397385571581,12.646996768259294
11.653306039000022,106.04208323299983,SAT_10090,19.109766139691686,186.24243453576574,98.86189823501836,170.7275419600046,-65.8799339036685,29.53758708664026,35.0,0.12436803199301938,12.56561099831114
11.653306039000022,106.14208323299982,SAT_10090,19.237273468583098,186.9596632607799,98.87886851715506,170.69414207471885,-65.75242657477709,29.59424627233879,35.0,0.12383796502123023,12.528692807375794
11.653306039000022,106.24208323299982,SAT_10090,19.355817627066273,187.6264741522478,98.89431101124217,170.66295725852538,-65.63388241629391,29.646755737834493,35.0,0.12334547484548034,12.494335420757547
11.653306039000022,106.34208323299981,SAT_10090,19.46531714549448,188.24240894340647,98.9082975298468,170.63403745334102,-65.5243828978657,29.69511536649986,35.0,0.12289083266704362,12.46256997835751
11.653306039000022,106.4420832329998,SAT_10090,19.565695308961892,188.80703611291065,98.92089131243777,170.60742973384225,-65.4240047343983,29.739325050936394,35.0,0.1224742935757139,12.433425757916732
11.653306039000022,106.5420832329998,SAT_10090,19.65688053450424,189.31995300658633,98.9321478520264,170.58317806656902,-65.33281950885595,29.77938469297194,35.0,0.12209609534110019,12.406930039917778
11.653306039000022,106.6420832329998,SAT_10090,19.73880673156208,189.7807878650367,98.94211559875534,170.56132307930483,-65.25089331179811,29.81529420365817,35.0,0.12175645726468133,12.38310797888677
11.653306039000022,106.74208323299979,SAT_10090,19.811413642078435,190.1892017366912,98.95083655730765,170.54190184313484,-65.17828640128175,29.847053503268366,35.0,0.12145557910276171,12.361982482312522
11.653306039000022,106.84208323299978,SAT_10090,19.874647156684645,190.54489025635115,98.95834679194641,170.52494766953652,-65.11505288667554,29.874662521295416,35.0,0.12119364007014129,12.343574098364302
11.653306039000022,106.94208323299978,SAT_10090,19.928459603586944,190.84758527017655,98.96467685047028,170.51048992475475,-65.06124043977324,29.898121196450024,35.0,0.12097079793382569,12.32790091353469
11.653306039000022,107.04208323299977,SAT_10090,19.97281000697754,191.09705628924868,98.96985211627161,170.49855386357643,-65.01689003638265,29.917429476659173,35.0,0.12078718820546538,12.314978461259937
11.653306039000022,107.14208323299977,SAT_10090,20.007664312064563,191.29311175536316,98.9738930959167,170.48916048444227,-64.98203573129562,29.93258731906481,35.0,0.12064292344042851,12.304819642477733
11.653306039000022,107.24208323299976,SAT_10090,20.032995574147407,191.43560010457915,98.97681564816409,170.4823264076131,-64.95670446921278,29.943594690022778,35.0,0.12053809265049048,12.297434658971964
11.653306039000022,107.34208323299976,SAT_10090,20.04878410953492,191.52441061613393,98.97863115903593,170.47806377786293,-64.94091593382527,29.95045156510195,35.0,0.12047276083607773,12.292830960228217
11.653306039000022,107.44208323299975,SAT_10090,20.05501760653398,191.55947403675364,98.97934666641024,170.4763801928829,-64.93468243682621,29.953157929083623,35.0,0.12044696864285116,12.291013204384074
11.653306039000022,107.54208323299974,SAT_10090,20.05169119518432,191.54076297291178,98.97896493657115,170.4772786582836,-64.93800884817587,29.951713775961142,35.0,0.12046073214617319,12.29198323370722
11.653306039000022,107.64208323299974,SAT_10090,20.038807474912574,191.46829204638323,98.97748449420067,170.48075756974657,-64.95089256844761,29.94611910893974,35.0,0.12051404276569667,12.295740064875078
11.653306039000022,107.74208323299973,SAT_10090,20.016376499766693,191.34211781118765,98.97489960639024,170.4868107225545,-64.9733235435935,29.936373940436614,35.0,0.12060686731096568,12.30227989416463
11.653306039000022,107.84208323299973,SAT_10090,19.984415721411978,191.16233843294236,98.97120022036407,170.49542734837735,-65.00528432194821,29.92247829208125,35.0,0.1207391481575524,12.311596117494556
11.653306039000022,107.94208323299972,SAT_10090,19.94294989057147,190.92909313446452,98.96637185370956,170.50659217885732,-65.04675015278872,29.904432194715966,35.0,0.12091080355189916,12.323679365095467
11.653306039000022,108.04208323299972,SAT_10090,19.89201091808252,190.64256141421416,98.9603954349749,170.5202855352095,-65.09768912527767,29.882235688396676,35.0,0.1211217280417126,12.338517550423129
11.653306039000022,108.14208323299971,SAT_10004,19.89444079217712,190.6562294559963,98.96068241493552,170.51965389400735,-65.09525925118307,29.88330745524401,35.0,0.12111154277653918,12.337801269643181
11.653306039000022,108.2420832329997,SAT_10004,19.935302294437406,190.8860754062104,98.96547853139485,170.5086705717687,-65.05439774892278,29.901114027845438,35.0,0.12094234436065165,12.325898860638866
11.653306039000022,108.3420832329997,SAT_10004,19.966666832512416,191.06250093288233,98.96913825306635,170.50022931777562,-65.02303321084777,29.91476871793498,35.0,0.12081249640105561,12.316760114606076
11.653306039000022,108.44208323299969,SAT_10004,19.988510214935985,191.18536995901493,98.97167597359741,170.4943450515197,-65.0011898284242,29.924271495208217,35.0,0.12072207883255154,12.31039419328017
11.653306039000022,108.54208323299969,SAT_10004,20.0008155172564,191.25458728456724,98.97310160933722,170.4910282132495,-64.98888452610379,29.929622338575772,35.0,0.12067114755934397,12.306807503870713
11.653306039000022,108.64208323299968,SAT_10004,20.00357317738444,191.27009912278749,98.97342070795675,170.4902847024766,-64.98612686597575,29.930821236162796,35.0,0.12065973415980163,12.306003665502152
11.653306039000022,108.74208323299968,SAT_10004,19.9967810496657,191.23189340436957,98.9726345089106,170.49211584309325,-64.99291899369449,29.927868185308654,35.0,0.1206878457191789,12.30798349019072
11.653306039000022,108.84208323299967,SAT_10004,19.98044441703496,191.13999984582165,98.97073995691525,170.49651837553043,-65.00925562632523,29.920763192566866,35.0,0.12075546479203297,12.312744978569626
11.653306039000022,108.94208323299966,SAT_10004,19.95457596110495,190.99448978121535,98.96772966870503,170.50348447605558,-65.03512408225524,29.909506273705272,35.0,0.12086254949472766,12.320283330410215
11.653306039000022,109.04208323299966,SAT_10004,19.919195690547753,190.7954757593311,98.963591852421,170.51300180297005,-65.07050435281243,29.894097453706426,35.0,0.12100903372706258,12.330590969821746
11.653306039000022,109.14208323299965,SAT_10004,19.874330828623258,190.5431109110058,98.95831017806306,170.52505356913503,-65.11536921473693,29.874536766768227,35.0,0.12119482752073424,12.3436575848494
11.753306039000021,106.04208323299983,SAT_10090,19.060105618796428,185.9630941057299,98.85520133084006,170.74051040884586,-65.92959442456376,29.515469790722076,35.0,0.1245745727890688,12.579979233650901
11.753306039000021,106.4420832329998,SAT_10090,19.515279979826445,188.52344988652376,98.91460223515051,170.62080518650407,-65.47442006353374,29.717135127082212,35.0,0.12268347424194315,12.448066529869937
11.753306039000021,106.5420832329998,SAT_10090,19.60631105858323,189.03549970453068,98.9259346372901,170.59663706669284,-65.38338898477696,29.75718034733452,35.0,0.12230581365330973,12.42162645176534
11.753306039000021,106.6420832329998,SAT_10090,19.688097832780187,189.49555030938853,98.93596903460067,170.57485776959885,-65.30160221058,29.793076930356122,35.0,0.12196666143274482,12.397854709904527
11.753306039000021,106.74208323299979,SAT_10090,19.760580438573115,189.90326496697375,98.94474790053309,170.55550411407575,-65.22911960478707,29.824824796436246,35.0,0.12166621609347278,12.376774071054095
11.753306039000021,106.84208323299978,SAT_10090,19.82370512336246,190.25834131891384,98.95230769869782,170.53860918312301,-65.16599491999773,29.852423875081843,35.0,0.12140465572853155,12.35840495622802
11.753306039000021,106.94208323299978,SAT_10090,19.877424531845193,190.56051299162922,98.95867931286583,170.5242021401435,-65.112275511515,29.87587410501586,35.0,0.12118213711233142,12.342765339275031
11.753306039000021,107.04208323299977,SAT_10090,19.92169796186394,190.80955103548467,98.96388840398562,170.51230806442092,-65.06800208149625,29.895175434175666,35.0,0.12099879490015887,12.329870656350838
11.753306039000021,107.14208323299977,SAT_10090,19.956491587186633,191.0052651779248,98.96795570177167,170.50294780772902,-65.03320845617355,29.91032781971176,35.0,0.12085474093343401,12.319733727222872
11.753306039000021,107.24208323299976,SAT_10090,19.981778644676965,191.14750487630795,98.97089723688595,170.496137873766,-65.00792139868322,29.9213312279867,35.0,0.1207500636576196,12.3123646892463
11.753306039000021,107.34208323299976,SAT_10090,19.997539583684073,191.2361601582229,98.97272451840936,170.4918903218659,-64.99216045967611,29.928185634574227,35.0,0.12068482765864597,12.307770944725796
11.753306039000021,107.44208323299975,SAT_10090,20.00376217590012,191.27116223943818,98.97344466013263,170.49021269615676,-64.98593786746007,29.93089102425868,35.0,0.12065907332257704,12.30595712223942
11.753306039000021,107.54208323299974,SAT_10090,20.000441584386323,191.2524839121731,98.97306045814608,170.4911079810344,-64.98925845897386,29.9294473910346,35.0,0.12067281662201838,12.306925052352051
11.753306039000021,107.64208323299974,SAT_10090,19.987580390941048,191.1801396990434,98.97157042123771,170.49457458350582,-65.00211965241914,29.923854738106577,35.0,0.12072604903147625,12.310673757988404
11.753306039000021,107.74208323299973,SAT_10090,19.965188581486757,191.05418577086303,98.96896875468813,170.50060634261717,-65.02451146187343,29.914113077889336,35.0,0.12081873757254696,12.317199459573045
11.753306039000021,107.84208323299973,SAT_10090,19.93328348964873,190.8747196292741,98.96524529714912,170.50919256585107,-65.05641655371146,29.900222432008047,35.0,0.12095082498846693,12.326495594879972
11.753306039000021,107.94208323299972,SAT_10090,19.891889699198657,190.64187955799247,98.96038540937947,170.52031809204328,-65.09781034416153,29.882182831298874,35.0,0.12112223004621527,12.338552853370913
11.753306039000021,108.04208323299972,SAT_10090,19.841038906520737,190.35584384917914,98.95436981266134,170.5339633800443,-65.14866113683945,29.85999431580974,35.0,0.12133284796305514,12.353359224641833
11.753306039000021,108.14208323299971,SAT_10004,19.833543629163046,190.31368291404215,98.95347962682554,170.5359935860882,-65.15615641419714,29.85673342602751,35.0,0.12136377433475284,12.355532479801695
11.753306039000021,108.2420832329997,SAT_10004,19.874323554294605,190.54306999290716,98.95831380124886,170.52505552165968,-65.11537648906558,29.874533593310222,35.0,0.12119485764877422,12.343659703067342
11.753306039000021,108.3420832329997,SAT_10004,19.905625294509505,190.71914228161597,98.96200246891286,170.5166491281938,-65.08407474885068,29.88818337158821,35.0,0.1210652264826963,12.334543765762412
11.753306039000021,108.44208323299969,SAT_10004,19.927424849182856,190.84176477665355,98.96456021307559,170.51078920261094,-65.06227519417733,29.897682730562927,35.0,0.12097496017620826,12.328193761953122
11.753306039000021,108.54208323299969,SAT_10004,19.93970542773502,190.9108430310095,98.96599708037134,170.50748609915178,-65.04999461562517,29.9030316491491,35.0,0.120924114216473,12.32461605140602
11.753306039000021,108.64208323299968,SAT_10004,19.94245754384218,190.92632368411228,98.96631869123537,170.50674566864214,-65.047242499518,29.904230115474174,35.0,0.12091271994598238,12.323814226404064
11.753306039000021,108.74208323299968,SAT_10004,19.935679068864204,190.88819476236114,98.96552630136706,170.50856922404017,-65.05402097449598,29.901278126878037,35.0,0.12094078439703682,12.325789092936818
11.753306039000021,108.84208323299967,SAT_10004,19.919375243853082,190.7964857466736,98.96361681543115,170.51295353269182,-65.0703247995071,29.894175689912935,35.0,0.12100829025455785,12.330538666473664
11.753306039000021,108.94208323299966,SAT_10004,19.893558649999008,190.65126740624441,98.96058275326357,170.51989083539036,-65.09614139336118,29.882922820343644,35.0,0.12111519594761891,12.338058182366861
11.753306039000021,109.04208323299966,SAT_10004,19.858249137867148,190.4526514005027,98.95641216792387,170.52936889200316,-65.13145090549304,29.86751954314788,35.0,0.12126143586874738,12.348340120769015
11.753306039000021,109.14208323299965,SAT_10004,19.81347371626245,190.2007896539763,98.95108851399061,170.54137105310716,-65.17622632709774,29.84796589251689,35.0,0.12144692071873785,12.36137424578874
11.853306039000021,106.4420832329998,SAT_10090,19.455138778071444,188.18515562665186,98.90702890591061,170.63673029545305,-65.53456126528874,29.690625993304316,35.0,0.1229330821964506,12.465523880943561
11.853306039000021,106.5420832329998,SAT_10090,19.545992884708397,188.6962099764847,98.91845411631647,170.61265968602953,-65.44370715865179,29.73065668121294,35.0,0.12255603517652634,12.439148118658675
11.853306039000021,106.6420832329998,SAT_10090,19.627619573092673,189.15536009864633,98.92857004368175,170.59096872536713,-65.36208047026751,29.76654023746488,35.0,0.12221743750536682,12.41543454485989
11.853306039000021,106.74208323299979,SAT_10090,19.699959437679468,189.562271836947,98.93741973807678,170.5716939389994,-65.28974060568072,29.798276582365023,35.0,0.12191748625057415,12.394405762795769
11.853306039000021,106.84208323299978,SAT_10090,19.76295914060168,189.91664516588443,98.94504015423287,170.5548681442534,-65.22674090275851,29.82586564543417,35.0,0.12165635820078098,12.376082045738494
11.853306039000021,106.94208323299978,SAT_10090,19.81657169443848,190.2182157812165,98.95146258902298,170.54052026868777,-65.17312834892171,29.849307365407295,35.0,0.12143420897629174,12.360481236664944
11.853306039000021,107.04208323299977,SAT_10090,19.860756715097438,190.46675652242308,98.95671304461415,170.5286751875429,-65.12894332826275,29.868601690231998,35.0,0.12125117223676078,12.347618658715101
11.853306039000021,107.14208323299977,SAT_10090,19.895480641987575,190.66207861118014,98.96081252501357,170.51935358208468,-65.09421940137261,29.883748577067184,35.0,0.12110735899360543,12.337507037361508
11.853306039000021,107.24208323299976,SAT_10090,19.92071692298444,190.80403269178748,98.96377727216208,170.51257182050776,-65.06898312037575,29.89474799228201,35.0,0.12100285703395333,12.33015643511604
11.853306039000021,107.34208323299976,SAT_10090,19.936446162049293,190.89250966152727,98.96561894637364,170.50834186282646,-65.0532538813109,29.90159991145502,35.0,0.12093773046190395,12.325574199477563
11.853306039000021,107.44208323299975,SAT_10090,19.94265622777965,190.92744128126054,98.96634475472635,170.50667119090406,-65.04704381558054,29.90430431937353,35.0,0.12091201936176108,12.323764924688236
11.853306039000021,107.54208323299974,SAT_10090,19.9393423216096,190.90880055905401,98.96595752993748,170.50756276447788,-65.05035772175059,29.90286121003326,35.0,0.12092573958668537,12.324730427719288
11.853306039000021,107.64208323299974,SAT_10090,19.92650700485204,190.83660190229273,98.96445576126389,170.51101500371925,-65.06319303850815,29.897270586638175,35.0,0.12097888267494464,12.328469738752117
11.853306039000021,107.74208323299973,SAT_10090,19.90416018426059,190.71090103646583,98.96183357802941,170.51702179854493,-65.0855398590996,29.887532461600564,35.0,0.12107141589462736,12.334979106260601
11.853306039000021,107.84208323299973,SAT_10090,19.872319056280617,190.53179469157848,98.9580806854584,170.52557254456661,-65.11738098707957,29.873646856541352,35.0,0.12120328241635704,12.34425201663796
11.853306039000021,107.94208323299972,SAT_10090,19.83100801065713,190.29942005994636,98.95318225156419,170.53665220523078,-65.15869203270306,29.855613802290648,35.0,0.12137440161222576,12.356279228150699
11.853306039000021,108.04208323299972,SAT_10090,19.780258494532717,190.01395403174655,98.94711874286814,170.55024139939297,-65.20944154882747,29.833433338888515,35.0,0.12158466947787895,12.371048818845134
11.853306039000021,108.14208323299971,SAT_10004,19.76287232421828,189.91615682372782,98.94503048128549,170.55491230239798,-65.22682771914191,29.825839788909153,35.0,0.12165659417583671,12.376098611477245
11.853306039000021,108.2420832329997,SAT_10004,19.803560345094326,190.1450269411556,98.94990991928965,170.54402581860916,-65.18613969826586,29.843633501726725,35.0,0.1214879935405424,12.364259387842893
11.853306039000021,108.3420832329997,SAT_10004,19.83479133570998,190.32070126336868,98.95363301193338,170.53565915514383,-65.15490870765021,29.85727833050622,35.0,0.1213586055884112,12.355169277424181
11.853306039000021,108.44208323299969,SAT_10004,19.85654151197862,190.44304600487973,98.95621456913648,170.52982696984256,-65.13315853138157,29.86677424495488,35.0,0.12126850898337842,12.348837297510517
11.853306039000021,108.54208323299969,SAT_10004,19.868794235212093,190.51196757306803,98.95766479326427,170.52653951935872,-65.1209058081481,29.87212122399145,35.0,0.12121775873906973,12.345269754041755
11.853306039000021,108.64208323299968,SAT_10004,19.87154010504885,190.52741309089978,98.9579893917233,170.5258025992785,-65.11815993831134,29.87331925574565,35.0,0.12120638593015297,12.344470208848339
11.853306039000021,108.74208323299968,SAT_10004,19.864777012152544,190.48937069335807,98.95718963962905,170.52761751015424,-65.12492303120764,29.870368337557867,35.0,0.12123439752880298,12.346439461082456
11.853306039000021,108.84208323299967,SAT_10004,19.848510150055915,190.39786959406453,98.95526239377527,170.53198104986993,-65.14118989330427,29.863268475979098,35.0,0.12130177636796119,12.351175543045478
11.853306039000021,108.94208323299966,SAT_10004,19.82275198601144,190.25297992131436,98.95220005817826,170.53888553243047,-65.16694805734875,29.85201968677112,35.0,0.12140848123176722,12.35867373045762
11.853306039000021,109.04208323299966,SAT_10004,19.787522191191684,190.0548123254532,98.9479905005215,170.54831883294665,-65.2021778521685,29.83662199490686,35.0,0.12155444707223236,12.368926567056485
11.95330603900002,106.4420832329998,SAT_10090,19.38531747426748,187.7924107927546,98.89813869451362,170.65517691350453,-65.6043825690927,29.659797707570082,35.0,0.12322296563052898,12.485780397527716
11.95330603900002,106.5420832329998,SAT_10090,19.475972294347642,188.3023441557055,98.90967434109707,170.63121744976928,-65.51372774901255,29.699813752602857,35.0,0.12284660649554087,12.459477445350583
11.95330603900002,106.6420832329998,SAT_10090,19.55741869903133,188.76048018205125,98.91988727384178,170.60962717339447,-65.43228134432886,29.73568418300544,35.0,0.12250863060779746,12.435829723332034
11.95330603900002,106.74208323299979,SAT_10090,19.629597802941703,189.1664876415471,98.92882123280631,170.59044227697973,-65.36010224041848,29.767408919098106,35.0,0.1222092333928495,12.414859649144011
11.95330603900002,106.84208323299978,SAT_10090,19.692456738886065,189.52006915623411,98.93651376026578,170.5736952763296,-65.29724330447412,29.79498789041528,35.0,0.12194859015784107,12.396587328401962
11.95330603900002,106.94208323299978,SAT_10090,19.745948936911162,189.8209627701253,98.9429966471998,170.55941483135842,-65.24375110644903,29.81842103570377,35.0,0.12172685521241407,12.381030455581966
11.95330603900002,107.04208323299977,SAT_10090,19.790034373831887,190.06894335280435,98.9482963038311,170.54762558577028,-65.1996656695283,29.837708302921225,35.0,0.121544161085622,12.368204225593628
11.95330603900002,107.14208323299977,SAT_10090,19.824679790461275,190.2638238213447,98.9524340621389,170.5383480273608,-65.16502025289891,29.852849649234834,35.0,0.12140061784642676,12.35812125692652
11.95330603900002,107.24208323299976,SAT_10090,19.84985887408199,190.4054561667112,98.95542641666007,170.53159837058143,-65.1398411692782,29.86384504102023,35.0,0.12129631253446699,12.350791527182524
11.95330603900002,107.34208323299976,SAT_10090,19.86555240406635,190.49373227287322,98.95728520849984,170.52738846276236,-65.12414763929384,29.870694453860676,35.0,0.12123130870678271,12.346222321685378
11.95330603900002,107.44208323299975,SAT_10090,19.87174835894963,190.5285845190917,98.95801775624959,170.5257257151265,-65.11795168441056,29.87339787254643,35.0,0.12120564610507582,12.344418195725423
11.95330603900002,107.54208323299974,SAT_10090,19.86844198369991,190.509986158312,98.95762693640803,170.5266130594348,-65.12125805966028,29.871955291074368,35.0,0.12121934044689794,12.345380950852965
11.95330603900002,107.64208323299974,SAT_10090,19.855635816389707,190.4379514671921,98.95611121488592,170.53004893079387,-65.13406422697048,29.86636671264783,35.0,0.12127238334290703,12.349109625481539
11.95330603900002,107.74208323299973,SAT_10090,19.833339673955933,190.31253566600213,98.95346463021147,170.536027276835,-65.15636036940425,29.85663214967672,35.0,0.12136474234104341,12.355600499904943
11.95330603900002,107.84208323299973,SAT_10090,19.801570597212475,190.1338346093202,98.94967672810708,170.54453759315575,-65.18812944614771,29.84275162377778,35.0,0.12149636109717106,12.364847115672582
11.95330603900002,107.94208323299972,SAT_10090,19.760352755770853,189.90198425121108,98.94473244615484,170.55556498458475,-65.22934728758933,29.824725165775174,35.0,0.12166715967043198,12.376840309109326
11.95330603900002,108.04208323299972,SAT_10090,19.709717313981542,189.61715989114617,98.9386119462704,170.5690902515277,-65.27998272937864,29.802552815701237,35.0,0.12187703494029688,12.391568258611876
11.95330603900002,108.14208323299971,SAT_10004,19.682481907675125,189.46396073067257,98.93529924550742,170.57637615413984,-65.30721813568506,29.790626611431648,35.0,0.12198982009300534,12.399478772883864
11.95330603900002,108.2420832329997,SAT_10004,19.723067971118454,189.69225733754132,98.94023148234214,170.5655473978106,-65.26663207224173,29.808413820649942,35.0,0.12182156897276447,12.387676926108309
11.95330603900002,108.3420832329997,SAT_10004,19.75422047182603,189.86749015402143,98.9439947290696,170.55722519794486,-65.23547957153416,29.822053662253442,35.0,0.12169244999458852,12.378615585848143
11.95330603900002,108.44208323299969,SAT_10004,19.775915866876687,189.98952675118136,98.9466040614417,170.5514240575077,-65.2137841764835,29.831546105955066,35.0,0.12160254106893335,12.372303683861944
11.95330603900002,108.54208323299969,SAT_10004,19.78813768674189,190.05827448792314,98.94806986445121,170.5481541244866,-65.2015623566183,29.836891130677518,35.0,0.12155189668144169,12.368747466127786
11.95330603900002,108.64208323299968,SAT_10004,19.790876626793008,190.07368102571067,98.94839794749122,170.5474211329583,-65.19882341656718,29.83808872455274,35.0,0.12154054760817096,12.367950460553432
11.95330603900002,108.74208323299968,SAT_10004,19.784130599190817,190.03573462044835,98.94758960844479,170.54922636966205,-65.20556944416937,29.835138884921623,35.0,0.12156850075425993,12.369913458674677
11.95330603900002,108.84208323299967,SAT_10004,19.767904744548915,189.94446418808766,98.94564164797106,170.55356666648478,-65.22179529881127,29.828041618333934,35.0,0.12163573911768331,12.37463451154275
11.95330603900002,108.94208323299966,SAT_10004,19.742211403229874,189.79993914316807,98.94254633426824,170.5604344189541,-65.24748864013031,29.81679694054849,35.0,0.12174222187846499,12.382108939846244
11.95330603900002,109.04208323299966,SAT_10004,19.707070046617062,189.60226901222097,98.93829131762003,170.56981763050817,-65.28262999674313,29.80140487653354,35.0,0.12188788461243719,12.392329358156058
11.95330603900002,109.14208323299965,SAT_10004,19.66250716916602,189.3516028265589,98.9328594930328,170.58169998200663,-65.32719287419417,29.781865460467404,35.0,0.12207263962736449,12.405285713027585
11.95330603900002,109.24208323299965,SAT_10004,19.608556142497648,189.0481283015493,98.92622880821833,170.596060925639,-65.38114390086254,29.75817873573933,35.0,0.12229637641802402,12.42096533454486
12.05330603900002,106.84208323299978,SAT_10090,19.612252470903186,189.06892014883044,98.92669221592675,170.59505699712417,-65.377447572457,29.7597906775361,35.0,0.12228117088921803,12.419900081979712
12.05330603900002,106.94208323299978,SAT_10090,19.66561116870588,189.36906282397055,98.93324562865926,170.58085201681817,-65.32408887465431,29.78321518343257,35.0,0.12205989399328905,12.404392147275418
12.05330603900002,107.04208323299977,SAT_10090,19.70958614371733,189.61642205841,98.93860268159612,170.56912525747774,-65.28011389964286,29.80249533978411,35.0,0.12187757869300773,12.39160640325622
12.05330603900002,107.14208323299977,SAT_10090,19.744144472435778,189.81081265745127,98.94278509145681,170.55989699145326,-65.24555557092441,29.81763110376603,35.0,0.12173433400647435,12.381555349230707
12.05330603900002,107.24208323299976,SAT_10090,19.769260108766872,189.95208811181365,98.94580964905717,170.5531832619992,-65.22043993459332,29.828622441760356,35.0,0.12163024613990674,12.374248868214552
12.05330603900002,107.34208323299976,SAT_10090,19.784914027425984,190.0401414042712,98.94768840753812,170.54899579097486,-65.2047860159342,29.835469329354982,35.0,0.12156537804042218,12.369694176273901
12.05330603900002,107.44208323299975,SAT_10090,19.791094329374417,190.07490560273112,98.94842881626718,170.54734191094965,-65.19860571398577,29.83817175134305,35.0,0.12153976906776326,12.367895785311404
12.05330603900002,107.54208323299974,SAT_10090,19.78779630805812,190.05635423282692,98.94803380308537,170.54822452253578,-65.20190373530207,29.83672970172258,35.0,0.12155343478829664,12.36885547970057
12.05330603900002,107.64208323299974,SAT_10090,19.775022475670056,189.98450142564408,98.94650180652572,170.55164207746867,-65.21467756769013,29.831143183696305,35.0,0.12160636689338483,12.37257230702438
12.05330603900002,107.74208323299973,SAT_10090,19.752782549128483,189.85940183884773,98.94382675863825,170.55758858764048,-65.2369174942317,29.821412209671767,35.0,0.12169853324296685,12.379042583020018
12.05330603900002,107.84208323299973,SAT_10090,19.72109339593365,189.68115035212682,98.93999801808278,170.56605365997882,-65.26860664742654,29.807536801261612,35.0,0.12182987803390107,12.388259910675439
12.05330603900002,107.94208323299972,SAT_10090,19.6799789405423,189.44988154055045,98.93500025216933,170.5770225567427,-65.30972110281789,29.78951698928415,35.0,0.12200032209135155,12.400215213267995
12.05330603900002,108.04208323299972,SAT_10090,19.62947003235425,189.16576893199266,98.92881326549929,170.5904762805052,-65.36023001100594,29.767352813764113,35.0,0.12220976328025783,12.41489678098462
12.05330603900002,108.14208323299971,SAT_10004,19.59243417923321,188.95744225818677,98.924243948404,170.60034710956987,-65.39726586412698,29.75109397058739,35.0,0.12236324728749394,12.425649477857014
12.05330603900002,108.2420832329997,SAT_10004,19.632908535761317,189.18511051365743,98.9292369104343,170.58958203252894,-65.35679150759887,29.768874627084436,35.0,0.12219537819474452,12.413888723959637
12.05330603900002,108.3420832329997,SAT_10004,19.6639750406233,189.35985960350607,98.93304633708297,170.58130887934476,-65.32572500273689,29.78250944384375,35.0,0.12206655321649179,12.404859014019387
12.05330603900002,108.44208323299969,SAT_10004,19.68561041551787,189.48155858728802,98.93568761164663,170.57554198309248,-65.30408962784232,29.791998390583846,35.0,0.12197684943519474,12.398569185898484
12.05330603900002,108.54208323299969,SAT_10004,19.697798376519387,189.55011586792156,98.93717133038183,170.57229137256456,-65.2919016668408,29.797341446231307,35.0,0.12192632075632098,12.395025419751232
12.05330603900002,108.64208323299968,SAT_10004,19.700529724034396,189.56547969769346,98.93750342065246,170.57156271437088,-65.28917031932579,29.798538598920274,35.0,0.12191499762780832,12.394231206247369
12.05330603900002,108.74208323299968,SAT_10004,19.69380239381016,189.52763846518215,98.93668520667694,170.57335728009903,-65.29589764955003,29.795589845992115,35.0,0.12194288688113576,12.396187328561977
12.05330603900002,108.84208323299967,SAT_10004,19.67762146839854,189.4366207597418,98.93471342418302,170.57767193893295,-65.31207857496165,29.788495193995402,35.0,0.1220099716956185,12.400891858328484
12.05330603900002,108.94208323299966,SAT_10004,19.65199914894103,189.29249521279328,98.93158018426062,170.5844991758197,-65.33770089441916,29.777254658686036,35.0,0.122116211686291,12.4083401655992
12.05330603900002,109.04208323299966,SAT_10004,19.616954687607375,189.09537011779148,98.9272728856958,170.59382713496163,-65.37274535575281,29.76186826502767,35.0,0.12226154311448312,12.418524942704373
12.05330603900002,109.14208323299965,SAT_10004,19.572514281473588,188.84539283328894,98.92177407403693,170.60563968811033,-65.4171857618866,29.742336047192314,35.0,0.12244587921895425,12.431436241749626
12.15330603900002,107.14208323299977,SAT_10090,19.65393694269774,189.3033953026748,98.9318242475916,170.58396215021705,-65.33576310066245,29.778093017661547,35.0,0.1221083012499519,12.407785666857
12.15330603900002,107.24208323299976,SAT_10090,19.67898307133558,189.44427977626265,98.93488584168495,170.57728804889675,-65.31071697202461,29.78908027151075,35.0,0.12200445103317303,12.400504743605445
12.15330603900002,107.34208323299976,SAT_10090,19.69459359490574,189.5320889713448,98.93678756300459,170.57312532549074,-65.29510644845445,29.79592461495102,35.0,0.1219397312749626,12.395966006639771
12.15330603900002,107.44208323299975,SAT_10090,19.700756748685848,189.5667567113579,98.93753701220068,170.5714812263004,-65.28894329467434,29.798626032778344,35.0,0.12191418091537885,12.394173920236913
12.15330603900002,107.54208323299974,SAT_10090,19.697467879307382,189.54825682110402,98.93713717650502,170.5723586177739,-65.2922321640528,29.79718451899186,35.0,0.12192781535467404,12.395130249916097
12.15330603900002,107.64208323299974,SAT_10090,19.684729470571042,189.47660327196212,98.9355864627814,170.57575596988477,-65.30497057278914,29.7916000767937,35.0,0.12198062637288459,12.398834053325196
12.15330603900002,107.74208323299973,SAT_10090,19.66255112966266,189.35185010435248,98.93287867990708,170.58166736500723,-65.32714891369753,29.781872718589092,35.0,0.12207258217276118,12.405281685106624
12.15330603900002,107.84208323299973,SAT_10090,19.630949533931144,189.17409112836268,98.92900297013622,170.59008253218065,-65.35875050942904,29.768002465986655,35.0,0.12220362754560171,12.414466815689456
12.15330603900002,107.94208323299972,SAT_10090,19.589948338850775,188.9434594060356,98.92394368808067,170.60098690634715,-65.39975170450941,29.749989349798938,35.0,0.12237368415830434,12.426380463802907
12.15330603900002,108.04208323299972,SAT_10090,19.539578048236407,188.6601265213298,98.91768022488303,170.61436171185008,-65.45012199512378,29.72783341004321,35.0,0.12258265095874157,12.441011042358175
12.15330603900002,108.14208323299971,SAT_10004,19.49279736845139,188.39698519753907,98.91181586009164,170.62678321196682,-65.4969026749088,29.707241952820617,35.0,0.1227766494367826,12.454584766325807
12.15330603900002,108.2420832329997,SAT_10004,19.533150599569524,188.62397212257858,98.91687793260724,170.6160875537027,-65.45654944379066,29.725016007486445,35.0,0.12260919384322375,12.442868703731191
12.15330603900002,108.3420832329997,SAT_10004,19.564123858065926,188.7981967016208,98.92073991315013,170.60786786638388,-65.42557618529426,29.7386457617426,35.0,0.12248068708839148,12.433873393564589
12.15330603900002,108.44208323299969,SAT_10004,19.585694152447772,188.91952960751874,98.9234175372925,170.60213829902398,-65.40400589091242,29.74813118531308,35.0,0.12239120535569828,12.427607571845828
12.15330603900002,108.54208323299969,SAT_10004,19.597845399946465,188.98788037469888,98.92492164325635,170.5989087512831,-65.39185464341372,29.753472257128298,35.0,0.12234080192068106,12.42407734733825
12.15330603900002,108.64208323299968,SAT_10004,19.600568514802646,189.00319789576488,98.92525829351125,170.59818481668177,-65.38913152855754,29.75466896532453,35.0,0.1223295068750289,12.423286170325268
12.15330603900002,108.74208323299968,SAT_10004,19.59386145832508,188.9654707030786,98.92442884243508,170.599967750394,-65.39583858503511,29.75172130724364,35.0,0.12235732697024712,12.425234814914495
12.15330603900002,108.84208323299967,SAT_10004,19.57772925014092,188.87472703204267,98.92242995139483,170.60425446200824,-65.41197079321927,29.744629289433004,35.0,0.12242424558253585,12.429921375061499
12.15330603900002,108.94208323299966,SAT_10004,19.552183940506794,188.7310346653507,98.9192535515485,170.61103753334348,-65.4375161028534,29.733392927645667,35.0,0.1225302227992375,12.437341274356346
12.15330603900002,109.04208323299966,SAT_10004,19.517244544003702,188.53450056002083,98.91488675362424,170.6203052611046,-65.47245549935649,29.718012246840765,35.0,0.12267519562598052,12.44748728946668
12.15330603900002,109.14208323299965,SAT_10004,19.472936935383558,188.2852702615325,98.909311702863,170.63204172386492,-65.51676310797663,29.698487281184114,35.0,0.12285907831243098,12.460349586983401
12.25330603900002,107.24208323299976,SAT_10090,19.579096694840914,188.88241890848013,98.92260725359975,170.60387032298934,-65.41060334851927,29.74521861673128,35.0,0.12241869868186418,12.429532943579355
12.25330603900002,107.34208323299976,SAT_10090,19.594660168665612,188.9699634487441,98.92453510661709,170.5997345751591,-65.39503987469458,29.752060397113333,35.0,0.1223541394727155,12.425011557176099
12.25330603900002,107.44208323299975,SAT_10090,19.600804730100094,189.00452660681302,98.92529484369408,170.5981011372554,-65.3888953132601,29.754760803318693,35.0,0.12232865255000167,12.42322632677337
12.25330603900002,107.54208323299974,SAT_10090,19.59752578341289,188.98608253169752,98.92488952008033,170.59897283871803,-65.3921742599473,29.7533198293476,35.0,0.12234225313363037,12.424178997443237
12.25330603900002,107.64208323299974,SAT_10090,19.5848257816358,188.91464502170138,98.9233175063703,170.60234816927732,-65.40487426172439,29.7477374784016,35.0,0.122394933099908,12.427868637748766
12.25330603900002,107.74208323299973,SAT_10090,19.56271421303522,188.79026744832314,98.92057247037272,170.60822128765994,-65.42698583032497,29.738013762883643,35.0,0.12248666102376823,12.434291644524892
12.25330603900002,107.84208323299973,SAT_10090,19.53120754888299,188.61304246246684,98.9166433064772,170.6165820551912,-65.4584924944772,29.724148704398388,35.0,0.12261738234189831,12.443441761342486
12.25330603900002,107.94208323299972,SAT_10090,19.490329153126282,188.38310148633533,98.91151401110136,170.62741609389582,-65.4993708902339,29.706142333752734,35.0,0.12278701963511796,12.4553101104557
12.25330603900002,108.04208323299972,SAT_10090,19.440109155006695,188.10061399691267,98.90516350170383,170.6407048683949,-65.54959088835349,29.6839946909566,35.0,0.12299547302717882,12.469885237888015
12.25330603900002,108.14208323299971,SAT_10004,19.383645767026493,187.78300743952403,98.89795887239288,170.65563881538446,-65.6060542763337,29.659070654029804,35.0,0.12322977985727185,12.486256335121764
12.25330603900002,108.2420832329997,SAT_10004,19.423868809911042,188.00926205574962,98.9030989750666,170.64501808743103,-65.56583123344915,29.67683805776631,35.0,0.12306276811224436,12.474588435672183
12.25330603900002,108.3420832329997,SAT_10004,19.454741845965515,188.18292288355602,98.90702028879788,170.63685610922562,-65.53495819739467,29.69046271186943,35.0,0.12293460293898262,12.465630197099507
12.25330603900002,108.44208323299969,SAT_10004,19.47624219135217,188.30386232635595,98.90973894972517,170.63116683244073,-65.51345785200802,29.699944586068547,35.0,0.12284535955449845,12.459390246081327
12.25330603900002,108.54208323299969,SAT_10004,19.488353979069103,188.37199113226373,98.91126607117307,170.6279600182952,-65.50134606429108,29.70528365929782,35.0,0.12279509055723785,12.455874614736462
12.25330603900002,108.64208323299968,SAT_10004,19.491068245454045,188.387258880679,98.91160786920791,170.62724118195445,-65.49863179790614,29.706479919695646,35.0,0.12278382565598217,12.45508670999137
12.25330603900002,108.74208323299968,SAT_10004,19.48438297923255,188.34965425818308,98.91076573249367,170.62901156099633,-65.50531706412764,29.70353336460436,35.0,0.12281157151627982,12.457027296219398
12.25330603900002,108.84208323299967,SAT_10004,19.46830313254003,188.25920512053767,98.90873623786133,170.6332681083245,-65.52139691082016,29.696444000570168,35.0,0.12287831172594682,12.461694491339877
12.25330603900002,108.94208323299966,SAT_10004,19.44284059379366,188.11597834008936,98.9055111119052,170.6400035096106,-65.54685944956653,29.68521184334332,35.0,0.12298400687998329,12.469083776419264
12.25330603900002,109.04208323299966,SAT_10004,19.40801412272468,187.92007944032633,98.90107713783168,170.64920622505937,-65.58168592063551,29.669836917878495,35.0,0.12312859478405305,12.47918801867058
12.25330603900002,109.14208323299965,SAT_10090,19.37806274693456,187.75160295150692,98.89724179386978,170.65709102841777,-65.61163729642563,29.656591299218817,35.0,0.12325309185426296,12.48788447537242
12.35330603900002,107.64208323299974,SAT_10090,19.4753865083959,188.29904910972692,98.90964005410264,170.63137251168826,-65.51431353496429,29.699555484435486,35.0,0.1228490378440037,12.459647469867503
12.35330603900002,107.74208323299973,SAT_10090,19.453346702088652,188.17507519924868,98.9068529600376,170.63720431775008,-65.53635334127154,29.689835438464346,35.0,0.12294052118537621,12.466043940800434
12.35330603900002,107.84208323299973,SAT_10090,19.421942064481925,187.99842411271084,98.90286344478015,170.64550637011106,-65.56775797887826,29.675975612396382,35.0,0.12307089469240617,12.475156326471172
12.35330603900002,107.94208323299972,SAT_10090,19.381195646818327,187.76922551335312,98.89765509743759,170.65626449136806,-65.60850439654186,29.65797603703295,35.0,0.12324008192826758,12.486975860278475
12.35330603900002,108.04208323299972,SAT_10090,19.331137176524393,187.4876466179497,98.89120629674545,170.66946040376678,-65.6585628668358,29.635836752376754,35.0,0.12344798428072243,12.501491231165039
12.35330603900002,108.14208323299971,SAT_10090,19.271802897493345,187.15389129840008,98.88348996200207,170.6850718317567,-65.71789714586684,29.609557807632864,35.0,0.1236944814644206,12.518688640278604
12.35330603900002,108.2420832329997,SAT_10004,19.305143506333366,187.3414322231252,98.8878364371689,170.67632430764831,-65.68455653702682,29.624340883291143,35.0,0.12355583400672221,12.509017278662927
12.35330603900002,108.3420832329997,SAT_10004,19.335909635226983,187.5144916981518,98.89182433284904,170.66822409523343,-65.6537904081332,29.63796039960034,35.0,0.12342803285080266,12.500098679649305
12.35330603900002,108.44208323299969,SAT_10004,19.357335366823264,187.63501143838087,98.89458904183418,170.66257794025262,-65.63236467653692,29.647438698232595,35.0,0.12333904346967604,12.493886391047223
12.35330603900002,108.54208323299969,SAT_10004,19.36940506350612,187.70290348222193,98.89614198854814,170.6593954568328,-65.62029497985407,29.65277575812576,35.0,0.12328891774026814,12.490386363406742
12.35330603900002,108.64208323299968,SAT_10004,19.372109891413288,187.71811813919976,98.89648956273766,170.6586820768905,-65.6175901519469,29.653971567420292,35.0,0.12327768496334063,12.48960195751335
12.35330603900002,108.74208323299968,SAT_10004,19.365447868415856,187.6806442598392,98.89563319183455,170.66043901930928,-65.62425217494433,29.651026123459,35.0,0.12330535171284888,12.49153392738121
12.35330603900002,108.84208323299967,SAT_10004,19.349423874901106,187.59050929631871,98.8935693570827,170.664663283012,-65.64027616845908,29.643939432786947,35.0,0.12337190180210093,12.496180416431931
12.35330603900002,108.94208323299966,SAT_10090,19.353956943933767,187.61600780962743,98.89415296120475,170.66344773129185,-65.63574309942642,29.645932788851898,35.0,0.12335320266874238,12.49487495431772
12.35330603900002,109.04208323299966,SAT_10090,19.423011395484153,188.00443909959836,98.90299964095526,170.64522383347708,-65.56668864787603,29.676447727811983,35.0,0.12306645510632318,12.47484608710462
12.35330603900002,109.14208323299965,SAT_10090,19.482876201960664,188.34117863602873,98.91058479885452,170.62938969570456,-65.50682384139952,29.70285732964405,35.0,0.12281795187800765,12.457473523461001
12.453306039000019,107.64208323299974,SAT_10090,19.35649247122187,187.63027015062303,98.8944913046797,170.66277936297115,-65.63320757213832,29.647054200267398,35.0,0.12334267208902605,12.494139737345552
12.453306039000019,107.74208323299973,SAT_10090,19.33452920839673,187.5067267972316,98.89165701543669,170.66856695485487,-65.65517083496346,29.63733785069675,35.0,0.12343389480208611,12.500507836003257
12.453306039000019,107.84208323299973,SAT_10090,19.30323339595391,187.33068785224074,98.88759977398911,170.67680616627962,-65.68646664740628,29.623483295336953,35.0,0.12356389767985279,12.509579878783757
12.453306039000019,107.94208323299972,SAT_10090,19.262627752681496,187.1022811088334,98.88230270876531,170.68748303295646,-65.72707229067869,29.605490564983903,35.0,0.12373260533233565,12.521347217373805
12.453306039000019,108.04208323299972,SAT_10090,19.21274157878335,186.82167138065637,98.87574358908365,170.70057955088376,-65.77695846457684,29.583359699633224,35.0,0.12393992049437161,12.535798692831932
12.453306039000019,108.14208323299971,SAT_10090,19.15361059959656,186.48905962273068,98.86789456701105,170.71607377661957,-65.83608944376363,29.557090748481265,35.0,0.12418572451845893,12.55292069110688
12.453306039000019,108.2420832329997,SAT_10004,19.177060305802584,186.62096422013954,98.87101783744346,170.70995370120752,-65.8126397375576,29.56752459888775,35.0,0.12408810666806981,12.54612252856976
12.453306039000019,108.3420832329997,SAT_10004,19.2077131489081,186.79338646260808,98.8750801058002,170.70191911549944,-65.78198689445209,29.581138939771012,35.0,0.12396069099191608,12.537246027731744
12.453306039000019,108.44208323299969,SAT_10004,19.229059815893237,186.91346146439946,98.87789624818411,170.69631877668132,-65.76064022746695,29.590613636647095,35.0,0.12387197058926418,12.53106311684346
12.453306039000019,108.54208323299969,SAT_10004,19.24108491112176,186.9811026250599,98.87947803946501,170.69316214381791,-65.74861513223843,29.595948668457453,35.0,0.12382199657393238,12.527579660304035
12.453306039000019,108.64208323299968,SAT_10004,19.24377973765219,186.99626102429357,98.87983206501895,170.6924545610697,-65.745920305708,29.597144023344594,35.0,0.12381079781516001,12.526798970167734
12.453306039000019,108.74208323299968,SAT_10090,19.283145001934955,187.2176906358841,98.88498387687248,170.6820900985903,-65.70655504142523,29.61458430701144,35.0,0.12364735613328463,12.51540189371309
12.453306039000019,108.84208323299967,SAT_10090,19.370605469238356,187.70965576446577,98.89630688937356,170.65905808212938,-65.61909457412183,29.653294737621355,35.0,0.1232840603930563,12.490047169220752
12.453306039000019,108.94208323299966,SAT_10090,19.448963234443227,188.15041819374315,98.90630768367518,170.63836366494576,-65.54073680891696,29.687901563211256,35.0,0.12295871745587594,12.467315989726577
12.453306039000019,109.04208323299966,SAT_10090,19.518162653067563,188.53966492350506,98.91502894876112,170.62004103073863,-65.47153739029262,29.718404706615313,35.0,0.12267151209322329,12.447229554076081
12.453306039000019,109.14208323299965,SAT_10090,19.578153969602425,188.87711607901363,98.92250723228993,170.60412076534152,-65.41154607375776,29.744804099822844,35.0,0.12242260939454622,12.429806798844538
12.453306039000019,109.24208323299965,SAT_10090,19.62889357663923,189.16252636859565,98.92877337240384,170.59062969050657,-65.36080646672096,29.767099683976642,35.0,0.12221215394939618,12.415064306241629
12.553306039000018,107.64208323299974,SAT_10090,19.228229792940354,186.90879258528952,98.87779969889029,170.6965158862766,-65.76147025041983,29.59023374072886,35.0,0.12387554936881837,12.531312555503288
12.553306039000018,107.74208323299973,SAT_10090,19.20634763544649,186.7857054493865,98.87491269393615,170.70225650242497,-65.7833524079137,29.58052111440598,35.0,0.1239664961048476,12.537650523789866
12.553306039000018,107.84208323299973,SAT_10090,19.175167135451957,186.61031513691725,98.87077980011435,170.71042894625748,-65.81453290790823,29.56667186803609,35.0,0.12409610652524845,12.546679723161581
12.553306039000018,107.94208323299972,SAT_10090,19.13471066102585,186.3827474682704,98.86538362682376,170.72101947815491,-65.85498938233434,29.548686032409723,35.0,0.12426430634723508,12.558391630241903
12.553306039000018,108.04208323299972,SAT_10090,19.085007061638038,186.10316472171397,98.85870125664246,170.73401038273946,-65.90469298172215,29.52656364751555,35.0,0.1244709997305096,12.572775246767742
12.553306039000018,108.14208323299971,SAT_10090,19.02609151547655,185.7717647745556,98.85070397684959,170.7493800667546,-65.96360852788364,29.50030476254136,35.0,0.12471606976016344,12.589817153910223
12.553306039000018,108.2420832329997,SAT_10004,19.03970967206871,185.8483669053865,98.85256080781576,170.7458508425647,-65.94999037129148,29.50638932884582,35.0,0.12465928475994992,12.585869572812648
12.553306039000018,108.3420832329997,SAT_10004,19.070243169369803,186.02011782770515,98.85670586407328,170.73788554099465,-65.91945687399038,29.519998456679918,35.0,0.12453227500787362,12.577037514667778
12.553306039000018,108.44208323299969,SAT_10004,19.091506543634537,186.1397243079443,98.85957925617079,170.73233357043645,-65.89819349972565,29.529469525616616,35.0,0.12444383784754903,12.570885617058265
12.553306039000018,108.54208323299969,SAT_10090,19.165928039900564,186.5583452244407,98.86955084253398,170.7128488275836,-65.82377200345962,29.562566065286205,35.0,0.12413451542274137,12.549354725739484
12.553306039000018,108.64208323299968,SAT_10090,19.271593884924528,187.15271560270048,98.88348849065022,170.68512676819338,-65.71810615843566,29.60946516535132,35.0,0.12369534991732345,12.518749205676274
12.553306039000018,108.74208323299968,SAT_10090,19.36827056765668,187.69652194306883,98.89601829207304,170.65967386924723,-65.62142947570351,29.652262440356196,35.0,0.12329375700805817,12.490724289804422
12.553306039000018,108.84208323299967,SAT_10090,19.455890950253902,188.18938659517818,98.90719562344373,170.63653132946868,-65.53380909310629,29.690957794846646,35.0,0.12292995991649752,12.465305598567742
12.553306039000018,108.94208323299966,SAT_10090,19.534393232769148,188.63096193432645,98.91706876291073,170.61573710278256,-65.45530681059104,29.725551142524957,35.0,0.12260416392715551,12.442516686406277
12.553306039000018,109.04208323299966,SAT_10090,19.603721265351794,189.02093211760388,98.9256794840633,170.59732569845792,-65.3859787780084,29.756042406247758,35.0,0.12231655539522597,12.42237893040301
12.553306039000018,109.14208323299965,SAT_10090,19.66382483720878,189.35901470929937,98.93306355721636,170.5813279958747,-65.32587520615141,29.782431518024172,35.0,0.12206730083251682,12.404911427468365
12.653306039000018,107.64208323299974,SAT_10004,19.1855545236716,186.66874419565275,98.87217420635085,170.70772809001073,-65.80414551968859,29.57129834747458,35.0,0.12405279644395298,12.54366298070848
12.653306039000018,107.74208323299973,SAT_10090,19.068892745904805,186.01252169571453,98.85653824788359,170.73821734385893,-65.92080729745538,29.51938535387993,35.0,0.12453802280267592,12.577437284673696
12.653306039000018,107.84208323299973,SAT_10090,19.03783372157882,185.83781468388088,98.85232114018008,170.74631930040698,-65.95186632178137,29.50554145477266,35.0,0.12466721997319209,12.586421256173864
12.653306039000018,107.94208323299972,SAT_10090,18.997534392139386,185.61113095578406,98.84681463391345,170.75681868442157,-65.9921656512208,29.487562563577566,35.0,0.12483488505537801,12.598074645321422
12.653306039000018,108.04208323299972,SAT_10090,18.94802313476049,185.33263013302775,98.83999503983587,170.7696980827279,-66.0416769085997,29.46544872027648,35.0,0.12504092370615463,12.612386622442132
12.653306039000018,108.14208323299971,SAT_10090,18.889334554244044,185.00250686762277,98.83183267303518,170.78493626877187,-66.10036548911614,29.439199974048787,35.0,0.12528522083136692,12.629343973561701
12.653306039000018,108.2420832329997,SAT_10004,18.893186473391268,185.0241739128259,98.83237190921922,170.78395767527172,-66.09651356996892,29.440935206921406,35.0,0.12526905190216395,12.628222049716447
12.653306039000018,108.3420832329997,SAT_10090,19.002768466646614,185.6405726248872,98.84753205147504,170.7554558518784,-65.98693157671357,29.48989870176261,35.0,0.12481310676566423,12.596561319832123
12.653306039000018,108.44208323299969,SAT_10090,19.12637859619511,186.3358796035975,98.86428267716482,170.72319876944493,-65.86332144716508,29.544979508286076,35.0,0.12429895169857244,12.560803234307645
12.653306039000018,108.54208323299969,SAT_10090,19.241137325735494,186.98139745726215,98.87951087090687,170.69312765065342,-65.7485627176247,29.595960317544343,35.0,0.12382190786968511,12.527573476645921
12.653306039000018,108.64208323299968,SAT_10090,19.34696726572598,187.5766908697086,98.89328700430772,170.6652899148479,-65.64273277763421,29.64284101579584,35.0,0.1233822330024809,12.496901645579667
12.653306039000018,108.74208323299968,SAT_10090,19.44379571275688,188.12135088425745,98.90567301347892,170.6397301531524,-65.5459043306033,29.68562149845773,35.0,0.12298016896465794,12.468815506943967
12.653306039000018,108.84208323299967,SAT_10090,19.53155500250317,188.61499688908032,98.9167232009449,170.61648990315135,-65.45814504085702,29.72430167010332,35.0,0.12261594063554795,12.443340867173436
12.653306039000018,108.94208323299966,SAT_10090,19.610182845811977,189.05727850769236,98.92648491794776,170.5956074339669,-65.37951719754821,29.758881444459742,35.0,0.12228975483402477,12.420501453207022
12.653306039000018,109.04208323299966,SAT_10090,19.6796226445706,189.44787737570962,98.93499914335962,170.57711754395527,-65.31007739878959,29.789360744405844,35.0,0.12200179931627526,12.400318799923893
12.653306039000018,109.14208323299965,SAT_10090,19.7398237841075,189.7865087856047,98.94230097247197,170.56105137317516,-65.24987625925269,29.81573950197032,35.0,0.12175224185245002,12.382812146195382
12.653306039000018,109.44208323299964,SAT_10090,19.86458422613852,190.4882862720292,98.9572028945791,170.5276482506428,-65.12511581722167,29.870271977874914,35.0,0.12123531881486697,12.346504225638908
12.753306039000018,107.64208323299974,SAT_10004,19.241359793199564,186.98264883674756,98.87955430530731,170.69308997084133,-65.74834025016062,29.5960706027966,35.0,0.12382085425272954,12.527500027863175
12.753306039000018,107.74208323299973,SAT_10004,19.116945999616462,186.2828212478426,98.86303346809288,170.72568583186762,-65.87275404374373,29.540793933492807,35.0,0.12433804455812102,12.563524100810792
12.753306039000018,107.84208323299973,SAT_10004,18.983744029140084,185.533560163913,98.84493955143722,170.76042882353374,-66.0059560142201,29.481417329664513,35.0,0.124892135968819,12.602052384382056
12.753306039000018,107.94208323299972,SAT_10090,18.851193357080717,184.78796263357904,98.82650131201032,170.7948228866465,-66.13850668627947,29.422120292221063,35.0,0.12544402654689188,12.640360065307148
12.753306039000018,108.04208323299972,SAT_10090,18.80188368198243,184.51059571115118,98.81952932042135,170.80758522176842,-66.18781636137776,29.400015051635407,35.0,0.12564937920814007,12.654596812036608
12.753306039000018,108.14208323299971,SAT_10090,18.79427855351088,184.4678168634987,98.81844845762198,170.80955165001347,-66.19542148984931,29.39660328075613,35.0,0.12568105571987065,12.65679206487208
12.753306039000018,108.2420832329997,SAT_10090,18.935517298844445,185.26228480600003,98.83828119897751,170.77294774930004,-66.05418274451574,29.45985869000653,35.0,0.12509297437580333,12.616000710846418
12.753306039000018,108.3420832329997,SAT_10090,19.068063724494777,186.00785845028312,98.85644208279355,170.7384337128461,-65.92163631886541,29.519015977609747,35.0,0.1245414710400988,12.577677112588955
12.753306039000018,108.44208323299969,SAT_10090,19.19183162657221,186.70405289946868,98.87301972771175,170.7060622635546,-65.79786841678798,29.57407501153589,35.0,0.124026833322985,12.541854331446272
12.753306039000018,108.54208323299969,SAT_10090,19.30673876281925,187.3504055408583,98.88809247844297,170.67588375767667,-65.68296128054094,29.625035668916947,35.0,0.12354933531852828,12.508563856462686
12.753306039000018,108.64208323299968,SAT_10090,19.412707232645076,187.94647818362856,98.90172948449538,170.6479459430749,-65.57699281071511,29.67189783604378,35.0,0.1231092363700477,12.477835467313955
12.753306039000018,108.74208323299968,SAT_10090,19.509663847067614,188.49185913975535,98.91399161957904,170.62229372341017,-65.48003619629257,29.714661408363344,35.0,0.12270677987692682,12.44969710136882
12.753306039000018,108.84208323299967,SAT_10090,19.597540485124256,188.98616522882392,98.92493226518376,170.59896893051945,-65.39215955823593,29.753326290476135,35.0,0.12234219215258535,12.424174726040032
12.753306039000018,108.94208323299966,SAT_10090,19.676274433307654,189.42904368735554,98.93459797755042,170.57801010725993,-65.31342561005253,29.787892396133874,35.0,0.1220156813432992,12.401292217583174
12.753306039000018,109.04208323299966,SAT_10090,19.745808704628274,189.82017396353402,98.94302905377721,170.5594523030714,-65.24389133873191,29.81835964823735,35.0,0.12172743641734808,12.38107124748051
12.753306039000018,109.14208323299965,SAT_10090,19.806092334008497,190.1592693787978,98.95026000995175,170.54332688444407,-65.18360770935169,29.844727978834616,35.0,0.12147762623361491,12.363531177508625
12.753306039000018,109.24208323299965,SAT_10090,19.857080646872973,190.44607863866048,98.95631998184273,170.52966136237603,-65.13261939648721,29.86699732911926,35.0,0.12126639869826625,12.348688964532174
12.853306039000017,107.54208323299974,SAT_10004,19.40313145530652,187.89261443609917,98.90051913804143,170.65049555439953,-65.58656858805367,29.667680238100772,35.0,0.12314886811416237,12.480604403640756
12.853306039000017,107.64208323299974,SAT_10004,19.28749642269912,187.24216737768256,98.88560282866963,170.68096658936182,-65.70220362066107,29.616523990433606,35.0,0.12362914850771706,12.514131873225132
12.853306039000017,107.74208323299973,SAT_10004,19.162984558532088,186.541788141743,98.86920350556161,170.71364031373827,-65.8267154848281,29.561269316435713,35.0,0.12414662257687516,12.550197864948675
12.853306039000017,107.84208323299973,SAT_10004,19.02967923774075,185.79194571229172,98.8512443729238,170.74846565529504,-65.96002080561944,29.50191633940557,35.0,0.12470101256553084,12.588770477164443
12.853306039000017,107.94208323299972,SAT_10004,18.887667810403116,184.9931314335175,98.83163860109873,170.78538916738935,-66.10203223295707,29.43846519180333,35.0,0.12529202714305662,12.629816230227991
12.853306039000017,108.04208323299972,SAT_10004,18.73704120854265,184.1458567980524,98.81028809436091,170.82435527862532,-66.25265883481754,29.370916015253997,35.0,0.12591936268951107,12.673300208756698
12.853306039000017,108.14208323299971,SAT_10090,18.849698657246975,184.77955494701425,98.82631059122234,170.79521006427072,-66.14000138611321,29.42145062949024,35.0,0.12545025054603498,12.640791700786691
12.853306039000017,108.2420832329997,SAT_10090,18.991078924982062,185.57481895302408,98.84596356813006,170.7584991997956,-65.99862111837813,29.484680850310063,35.0,0.12486174620251775,12.599941022690071
12.853306039000017,108.3420832329997,SAT_10090,19.12376027110858,186.32115152498577,98.86396205722518,170.7238834749825,-65.86593977225161,29.54381458143939,35.0,0.12430983919909587,12.5615610395094
12.853306039000017,108.44208323299969,SAT_10090,19.24765602771214,187.01806515588078,98.88039331918256,170.6914159105835,-65.74204401564805,29.59885169088559,35.0,0.12379481862935718,12.5256849773208
12.853306039000017,108.54208323299969,SAT_10090,19.36268350393371,187.6650947096271,98.89533451552867,170.66114715123075,-65.62701653942648,29.6497920558153,35.0,0.12331696001314064,12.492344483997877
12.853306039000017,108.64208323299968,SAT_10090,19.46876436900152,188.26179957563352,98.90885376539092,170.6331252217085,-65.52093567435867,29.69663556255144,35.0,0.1228765240537035,12.461569491147898
12.853306039000017,108.74208323299968,SAT_10090,19.565825025149493,188.8077657664659,98.92101104652666,170.60739528915863,-65.4238750182107,29.73938210657043,35.0,0.12247375543639788,12.4333880801861
12.853306039000017,108.84208323299967,SAT_10090,19.6537969669497,189.30260793909204,98.93185896352227,170.58399943350994,-65.33590307641049,29.77803159249965,35.0,0.12210888167871026,12.407826353721482
12.853306039000017,108.94208323299966,SAT_10090,19.73261712357578,189.74597132011374,98.94144340189453,170.5629764284343,-65.25708291978441,29.8125839341151,35.0,0.12178211204144516,12.384908313423763
12.853306039000017,109.04208323299966,SAT_10090,19.80222818056187,190.1375335156605,98.94980408344453,170.54436153510625,-65.18747186279832,29.843039054339297,35.0,0.1214936365106252,12.364655745520741
12.853306039000017,109.14208323299965,SAT_10090,19.862578877728026,190.47700618722016,98.95697503543902,170.52818631097585,-65.12712116563216,29.869396885239407,35.0,0.12124362485932216,12.347088115036394
12.853306039000017,109.24208323299965,SAT_10090,19.91362428009745,190.76413657554818,98.96298498389872,170.51447843566706,-65.07607576326274,29.891657368025577,35.0,0.12103222579813756,12.33222246982311
12.853306039000017,109.34208323299964,SAT_10090,19.95532601885418,190.99870885605475,98.96785767935786,170.50326155596647,-65.03437402450601,29.9098204530495,35.0,0.12085956622240605,12.320073355366635
12.953306039000017,107.54208323299974,SAT_10004,19.43962811600028,188.0979081525016,98.9051762034769,170.64085285694966,-65.55007192735991,29.68379420841234,35.0,0.12299734290512418,12.470015935917452
12.953306039000017,107.64208323299974,SAT_10004,19.323929788095896,187.4471050580394,98.89034681308875,170.67137921946443,-65.66577025526429,29.632658465654757,35.0,0.1234777941645794,12.50357170729004
12.953306039000017,107.74208323299973,SAT_10004,19.19935088946481,186.74634875323957,98.87404418629873,170.70411184042098,-65.79034915389538,29.577425939402776,35.0,0.12399544865779931,12.539667804219377
12.953306039000017,107.84208323299973,SAT_10004,19.065975069749072,185.99610976733854,98.85619230844233,170.73899947020178,-65.92372497361112,29.51809675292116,35.0,0.1245500277610496,12.578272228569464
12.953306039000017,107.94208323299972,SAT_10004,18.923889963007127,185.19688104191508,98.83670524613036,170.7759884790654,-66.06581008035306,29.4546710386338,35.0,0.12514123924121,12.619351400680252
12.953306039000017,108.04208323299972,SAT_10004,18.773186792685237,184.34917570885446,98.81548593236408,170.8150231080224,-66.21651325067495,29.38714893812693,35.0,0.1257687785459669,12.662870302233527
12.953306039000017,108.14208323299971,SAT_10090,18.895545275111118,185.03744217250005,98.83275731728453,170.78332514850686,-66.09415476824907,29.441979589541855,35.0,0.12525936462310974,12.62754984466095
12.953306039000017,108.2420832329997,SAT_10090,19.037033094630004,185.83331115729376,98.85226190350635,170.7465280342566,-65.95266694873018,29.505184447490574,35.0,0.1246705506383433,12.586652811325797
12.953306039000017,108.3420832329997,SAT_10090,19.16981709616067,186.58022116590377,98.87012633043966,170.71183030990878,-65.81988294719952,29.56429445901089,35.0,0.12411834755934928,12.548228748742272
12.953306039000017,108.44208323299969,SAT_10090,19.293810237437995,187.27768258558874,98.88643674064883,170.67928523694906,-65.69588980592219,29.619309492146986,35.0,0.1236030456731388,12.512311015446976
12.953306039000017,108.54208323299969,SAT_10090,19.408929465653245,187.9252282442995,98.90126932125416,170.64894369311708,-65.58077057770694,29.670229424099762,35.0,0.12312492164660271,12.478931387043028
12.953306039000017,108.64208323299968,SAT_10090,19.5150961029115,188.5224155788772,98.91469134265508,170.62085392706322,-65.47460394044869,29.717054141223826,35.0,0.12268423727705662,12.44811991733224
12.953306039000017,108.74208323299968,SAT_10090,19.612236221557026,189.06882874625828,98.92676204448254,170.59506131894983,-65.37746382180316,29.75978353902473,35.0,0.12228123828438349,12.419904803593685
12.953306039000017,108.84208323299967,SAT_10090,19.700281005868746,189.5640806580117,98.93753339117556,170.57160814930214,-65.28941903749144,29.798417522156416,35.0,0.12191615315470025,12.394312257191013
12.953306039000017,108.94208323299966,SAT_10090,19.77916709661193,190.0078149184421,98.94705071551653,170.55053337843387,-65.21053294674826,29.832956004418904,35.0,0.12158919204540432,12.371366380687887
12.953306039000017,109.04208323299966,SAT_10090,19.848836914980794,190.39970764676696,98.95535326515463,170.53187243874413,-65.1408631283794,29.863398908756167,35.0,0.12130054576124735,12.351089052630185
12.953306039000017,109.14208323299965,SAT_10090,19.909238962570697,190.7394691644602,98.96247466443442,170.51565704211836,-65.08046108078949,29.88974616725428,35.0,0.12105038481072478,12.333499821114689
12.953306039000017,109.24208323299965,SAT_10090,19.960328094180838,191.02684552976723,98.96844330160148,170.50191500456071,-65.02937194917935,29.91199772113976,35.0,0.12083885855156944,12.318615807206825
12.953306039000017,109.34208323299964,SAT_10090,20.002065760462415,191.26161990260107,98.97328264958199,170.49067009004784,-64.98763428289777,29.930153520778106,35.0,0.12066609443349118,12.306451619194538
13.053306039000017,107.54208323299974,SAT_10004,19.466364511633458,188.24830037793822,98.90857149386467,170.63378112600162,-65.52333553172673,29.695589089941507,35.0,0.12288635845280166,12.462257137213816
13.053306039000017,107.64208323299974,SAT_10004,19.35063235765567,187.59730701181314,98.89380732126847,170.66434478336623,-65.63906768570452,29.644473993176007,35.0,0.12336688259372305,12.495830012920573
13.053306039000017,107.74208323299973,SAT_10004,19.226017817548126,186.89635022370823,98.87757725337867,170.69711710408666,-65.76368222581206,29.589263767058576,35.0,0.12388461305328805,12.531944275730694
13.053306039000017,107.84208323299973,SAT_10004,19.09260472541456,186.14590158045692,98.85980586305752,170.7320467188183,-65.89709531794563,29.529958534820647,35.0,0.1244392706288382,12.570567863319125
13.053306039000017,107.94208323299972,SAT_10004,18.9504809059859,185.3464550961707,98.84040789105481,170.76907987424374,-66.03921913737429,29.46655842885028,35.0,0.12503056248483846,12.611667129495986
13.053306039000017,108.04208323299972,SAT_10004,18.799737778361873,184.49852500328555,98.81928704414574,170.8081606847711,-66.18996226499831,29.39906359069539,35.0,0.12565818344634908,12.65520698747625
13.053306039000017,108.14208323299971,SAT_10090,18.931785185425184,185.2412916680167,98.83781854822277,170.7739172744101,-66.057914857935,29.45819011600313,35.0,0.12510850848776514,12.617079191040252
13.053306039000017,108.2420832329997,SAT_10090,19.07334608554038,186.03757173116463,98.85720503412162,170.73705494603558,-65.91635395781981,29.521369436699995,35.0,0.12451949980274428,12.576148948681478
13.053306039000017,108.3420832329997,SAT_10090,19.206199998343976,186.78487499068487,98.87496276295563,170.70229521909403,-65.78350004501621,29.580455565532052,35.0,0.12396710975007773,12.537693281704158
13.053306039000017,108.44208323299969,SAT_10090,19.330259598792466,187.48271024320763,98.89117698799124,170.66969153742687,-65.65944044456772,29.635448370579898,35.0,0.12345162951505707,12.501745648205691
13.053306039000017,108.54208323299969,SAT_10090,19.445441560642365,188.13060877861332,98.90592312125715,170.63929495536567,-65.54425848271782,29.686347729078282,35.0,0.12297333662782788,12.468337919802607
13.053306039000017,108.64208323299968,SAT_10090,19.55166694373925,188.7281265585333,98.9192677579628,170.61115389116767,-65.43803309962094,29.73315352741314,35.0,0.12253249370897813,12.437500242157418
13.053306039000017,108.74208323299968,SAT_10090,19.648861571168695,189.2748463378239,98.93126955048426,170.58531388639568,-65.34083847219149,29.77586566111881,35.0,0.12212934725678859,12.409260899657834
13.053306039000017,108.84208323299967,SAT_10090,19.736956392739614,189.77037970916032,98.94197995391892,170.56181737357232,-65.25274365062057,29.814484034875505,35.0,0.12176412648612482,12.383646185437636
13.053306039000017,108.94208323299966,SAT_10090,19.815887831268412,190.2143690508848,98.95144386122985,170.5407034544441,-65.17381221209178,29.849008562506977,35.0,0.12143704222888543,12.360680277925768
13.053306039000017,109.04208323299966,SAT_10090,19.885598108176012,190.60648935849008,98.95970014275517,170.52200769116737,-65.10410193518418,29.879439166978408,35.0,0.12114828590570828,12.340385125089504
13.053306039000017,109.14208323299965,SAT_10090,19.9460355450109,190.9464499406863,98.96678210219511,170.50576191266708,-65.04366449834929,29.905775780394574,35.0,0.12089802857827985,12.322780337498497
13.053306039000017,109.24208323299965,SAT_10090,19.997154837679062,191.23399596194474,98.97271785898413,170.49199403830903,-64.99254520568113,29.928018343998154,35.0,0.12068642009108935,12.30788309127916
13.053306039000017,109.34208323299964,SAT_10090,20.038917300375175,191.46890981461036,98.97753066511311,170.48072792088954,-64.95078274298501,29.94616680816831,35.0,0.12051358831081939,12.295708041952976
13.153306039000016,107.54208323299974,SAT_10004,19.48332011745984,188.34367566071163,98.91071990513596,170.6292929880197,-65.50637992590035,29.703064856897193,35.0,0.1228159828019945,12.457335811975847
13.153306039000016,107.64208323299974,SAT_10004,19.367583845939365,187.69265913340894,98.89599969576393,170.65987575279826,-65.62211619742082,29.65197054715914,35.0,0.12329648109535778,12.49091451068635
13.153306039000016,107.74208323299973,SAT_10004,19.24296531069622,186.99167987266625,98.87981855067044,170.69266841277877,-65.74673473266397,29.596782773513972,35.0,0.1238141822728398,12.527034911126336
13.153306039000016,107.84208323299973,SAT_10004,19.109548439032977,186.24120996956051,98.86210144213939,170.72761953722744,-65.88015160432721,29.537501659160174,35.0,0.1243688068442869,12.565664919415648
13.153306039000016,107.94208323299972,SAT_10004,18.967421152007162,185.4417439800403,98.84276356934333,170.76467530946675,-66.02227889135303,29.47412733645041,35.0,0.12496006167462073,12.60677085666206
13.153306039000016,108.04208323299972,SAT_10004,18.81667496755172,184.5937966924784,98.82170916536954,170.80377977899516,-66.17302507580847,29.40665994689473,35.0,0.12558764127886277,12.650317602429174
13.153306039000016,108.14208323299971,SAT_10090,18.958391948710997,185.39095471149938,98.84151759723815,170.76700266039,-66.03130809464919,29.47008217341446,35.0,0.12499777007930231,12.609389837594335
13.153306039000016,108.2420832329997,SAT_10090,19.09999106754195,186.1874497549235,98.86081542592244,170.73009640497793,-65.88970897581824,29.53323578253796,35.0,0.12440868286680254,12.56843967051146
13.153306039000016,108.3420832329997,SAT_10090,19.232881773624143,186.9349599766358,98.87849306324702,170.6952949132034,-65.75681826973604,29.59229786565792,35.0,0.12385621611709757,12.529965006073443
13.153306039000016,108.44208323299969,SAT_10090,19.356976552184747,187.63299310603924,98.89463509338152,170.66265175190114,-65.63272349117544,29.647268290890906,35.0,0.12334066161460129,12.493999368550602
13.153306039000016,108.54208323299969,SAT_10090,19.472191893503904,188.28107940095947,98.90931634519505,170.63221809451673,-65.51750814985628,29.69814693550514,35.0,0.12286229746500155,12.460574693379687
13.153306039000016,108.64208323299968,SAT_10090,19.578448681436768,188.87877383308182,98.92260290591375,170.60404247371537,-65.41125136192342,29.74493368591752,35.0,0.12242138683758921,12.42972118728798
13.153306039000016,108.74208323299968,SAT_10090,19.675672571789562,189.4256582163163,98.93455298610235,170.57817053993872,-65.31402747157063,29.787628437690838,35.0,0.12201817674928758,12.401467192573453
13.153306039000016,108.84208323299967,SAT_10090,19.763794357005523,189.9213432581561,98.9452176576772,170.55464482825033,-65.22590568635466,29.82623109553126,35.0,0.12165289690040067,12.375839056735192
13.153306039000016,108.94208323299966,SAT_10090,19.842750313615397,190.36547051408664,98.95464148273506,170.5335045358136,-65.14694972974479,29.860741573286,35.0,0.12132575857203075,12.352861008645158
13.153306039000016,109.04208323299966,SAT_10090,19.912482528944523,190.75771422531295,98.96286304778238,170.51478531232985,-65.07721751441566,29.891159793941213,35.0,0.12103695359490524,12.33255504243212
13.153306039000016,109.14208323299965,SAT_10090,19.972939203681747,191.0977830207098,98.96991541532466,170.49851906569023,-65.01676083967844,29.91748568962014,35.0,0.12078665339899497,12.314940810209352
13.153306039000016,109.24208323299965,SAT_10090,20.02407492706726,191.38542146475336,98.97582650259915,170.48473378500145,-64.96562511629293,29.939719201581443,35.0,0.12057500815280084,12.30003552472011
13.253306039000016,107.64208323299974,SAT_10004,19.37477132801388,187.7330887200781,98.89693374199267,170.65798007566684,-65.61492871534631,29.65514811121105,35.0,0.12326663254036563,12.488830118350153
13.253306039000016,107.74208323299973,SAT_10004,19.250180591561275,187.03226582753217,98.88077821346945,170.69077361858106,-65.73951945179891,29.59998294232538,35.0,0.12378419872999409,12.524944576813235
13.253306039000016,107.84208323299973,SAT_10004,19.116793588552312,186.28196393560677,98.86308955062779,170.72572567676855,-65.87290645480788,29.540726109441945,35.0,0.12433867833800008,12.563568209143275
13.253306039000016,107.94208323299972,SAT_10004,18.974698241440592,185.48267760810333,98.84378319961444,170.76278243080077,-66.0150018019196,29.47737774487842,35.0,0.12492977823416254,12.604667337763093
13.253306039000016,108.04208323299972,SAT_10090,18.82512699453072,184.6413393442353,98.82292407559268,170.80157209069344,-66.16457304882947,29.410438304627984,35.0,0.12555257485090024,12.647886687913113
13.253306039000016,108.14208323299971,SAT_10090,18.97534605218982,185.48632154356775,98.84387146733225,170.76259327907394,-66.01435399117037,29.477655735763495,35.0,0.12492721428037827,12.604489233579537
13.253306039000016,108.2420832329997,SAT_10090,19.116948250386017,186.28283390842137,98.86310945739412,170.72566456268842,-65.87275179297417,29.540783459050836,35.0,0.12433816558482565,12.563532523751753
13.253306039000016,108.3420832329997,SAT_10090,19.24984236631505,187.03036331052218,98.88073305151038,170.69084171521007,-65.73985767704514,29.599821333489754,35.0,0.12378573324566247,12.525051562079165
13.253306039000016,108.44208323299969,SAT_10090,19.37394078955758,187.7284169412614,98.89682637859669,170.6581783664139,-65.61575925380261,29.654769227232368,35.0,0.12327020934448327,12.4890799052766
13.253306039000016,108.54208323299969,SAT_10090,19.489159917890362,188.37652453813328,98.91146387084373,170.62772575070255,-65.50054012546983,29.70562701757998,35.0,0.12279187227209293,12.455649520075168
13.253306039000016,108.64208323299968,SAT_10090,19.59542054643032,188.97424057367056,98.92471127002513,170.59953245929188,-65.39427949692987,29.752394590980078,35.0,0.1223509854692932,12.42479064314877
13.253306039000016,108.74208323299968,SAT_10090,19.69264824662939,189.52114638729032,98.93662648632923,170.57364419834659,-65.2970517967308,29.79507184302358,35.0,0.12194779620938571,12.396531645198406
13.253306039000016,108.84208323299967,SAT_10090,19.780773731568743,190.0168522400742,98.94726033122109,170.55010355541066,-65.20892631179144,29.833658678442312,35.0,0.12158253443242724,12.37089890039066
13.253306039000016,108.94208323299966,SAT_10090,19.859733203997706,190.4609992724871,98.95665714195734,170.52894977648404,-65.12996683936248,29.868155011106666,35.0,0.12125541164120551,12.3479166623439
13.253306039000016,109.04208323299966,SAT_10090,19.929468683604014,190.8532613452726,98.96485531220925,170.51021855607556,-65.06023135975617,29.898560764023518,35.0,0.1209666198686951,12.32760694783543
13.253306039000016,109.14208323299965,SAT_10090,19.989928310109434,191.19334674436558,98.97188774064782,170.49394184249522,-64.99977173325075,29.92487586933436,35.0,0.12071633072639229,12.309989429363501
13.253306039000016,109.24208323299965,SAT_10090,20.041066618944683,191.48099973156383,98.97778220719069,170.48014766054624,-64.9486334244155,29.947100268313662,35.0,0.12050469454242375,12.295081337640502
13.353306039000016,107.64208323299974,SAT_10004,19.372189312565382,187.71856488318028,98.89661384439702,170.65866112908924,-65.6175107307948,29.654006678383272,35.0,0.12327735514067195,12.489578924948168
13.353306039000016,107.74208323299973,SAT_10004,19.247658209280473,187.01807742720268,98.88046078958817,170.69143607156875,-65.74204183407971,29.598864266494328,35.0,0.12379468051634213,12.52567534848896
13.353306039000016,107.84208323299973,SAT_10004,19.11433476589218,186.26813305814352,98.862774919707,170.72636845894482,-65.875365277468,29.539631878613747,35.0,0.12434890307361879,12.564279794063317
13.353306039000016,107.94208323299972,SAT_10004,18.97230681119612,185.46922581297818,98.84347171863362,170.76340452973437,-66.01739323216407,29.476309647024642,35.0,0.12493972999178579,12.605358619462542
13.353306039000016,108.04208323299972,SAT_10090,18.832450275818317,184.68253280147806,98.82397845084124,170.7996765314184,-66.15724976754187,29.413721103797243,35.0,0.12552207701878546,12.64577226290192
13.353306039000016,108.14208323299971,SAT_10090,18.98263501713899,185.52732197140682,98.84489105984696,170.7606967885485,-66.0070650262212,29.480910786484408,35.0,0.12489688257635463,12.602382141580744
13.353306039000016,108.2420832329997,SAT_10090,19.124204993536097,186.32365308864055,98.86409761838982,170.7237671821481,-65.86549504982409,29.544012449730996,35.0,0.12430798994711172,12.561432327459878
13.353306039000016,108.3420832329997,SAT_10090,19.257068981212598,187.07101301932087,98.88169284991693,170.68894348844648,-65.73263106214759,29.60302595257434,35.0,0.1237557036068973,12.522957822668548
13.353306039000016,108.44208323299969,SAT_10090,19.3811393687688,187.76890894932453,98.89776063769948,170.65627933971345,-65.60856067459139,29.657951163201712,35.0,0.12324031563102375,12.486992182448635
13.353306039000016,108.54208323299969,SAT_10090,19.49633255302048,188.4168706107402,98.91237520010192,170.6258259727682,-65.49336749033971,29.70878795894708,35.0,0.12276210440350499,12.453567372115076
13.353306039000016,108.64208323299968,SAT_10090,19.60256932815193,189.01445247085462,98.92560209286428,170.59763198114678,-65.38713071520826,29.755536226288182,35.0,0.12232133335803021,12.42271362699163
13.353306039000016,108.74208323299968,SAT_10090,19.699775264716266,189.56123586402902,98.93749906456586,170.57174307322313,-65.28992477864392,29.79819586084373,35.0,0.12191824976064577,12.394459316503884
13.353306039000016,108.84208323299967,SAT_10090,19.787881074939776,190.05683104653625,98.9481167866674,170.5482018386212,-65.20181896842041,29.836766767370886,35.0,0.1215530835441796,12.368830813625918
13.353306039000016,108.94208323299966,SAT_10090,19.866822960767877,190.50087915431928,98.95749947566497,170.52704752527677,-65.12287708259231,29.87124885976296,35.0,0.12122604620437623,12.345852370874116
13.353306039000016,109.04208323299966,SAT_10090,19.936542941143898,190.89305404393443,98.96568542173945,170.50831582947472,-65.05315710221629,29.9016420610473,35.0,0.12093732976749992,12.325546004021358
13.353306039000016,109.14208323299965,SAT_10090,19.996989155112175,191.23306399750598,98.97270743569835,170.49203870112734,-64.99271088824801,29.927946303383454,35.0,0.12068710583880422,12.307931384665322
13.353306039000016,109.24208323299965,SAT_10090,20.048116137500827,191.52065327344215,98.97859322386279,170.47824416645267,-64.94158390585936,29.950161528061482,35.0,0.12047552474076212,12.293025742727414
13.453306039000015,107.64208323299974,SAT_10004,19.359839773043774,187.64909872337122,98.89503901822833,170.6619176993841,-65.62986027031641,29.6485462511718,35.0,0.12332864235149418,12.493160179752623
13.453306039000015,107.74208323299973,SAT_10004,19.235400070162214,186.94912539466247,98.87886529350766,170.6946546001099,-65.75429997319797,29.59342674846725,35.0,0.12384562130493167,12.529226500250383
13.453306039000015,107.84208323299973,SAT_10004,19.1021738071517,186.1997276652283,98.86115656364511,170.7295467560485,-65.88752623620849,29.53421896906877,35.0,0.12439947495244179,12.567798974276313
13.453306039000015,107.94208323299972,SAT_10004,18.960248624430633,185.40139851242233,98.84182814120285,170.76654052414335,-66.02945141892955,29.470923045225334,35.0,0.12498991108642178,12.60884402892512
13.453306039000015,108.04208323299972,SAT_10090,18.830140056701538,184.66953781894614,98.82367233640699,170.80027456061902,-66.15955998665865,29.412685569652314,35.0,0.12553169781261875,12.646439297879322
13.453306039000015,108.14208323299971,SAT_10090,18.980253467868252,185.51392575675894,98.84458130717537,170.761316488167,-66.00944657549194,29.479847318457445,35.0,0.12490679283669048,12.603070612945682
13.453306039000015,108.2420832329997,SAT_10090,19.12175587662081,186.30987680599205,98.8637846365548,170.72440759253385,-65.86794416673938,29.542922747516354,35.0,0.12431817395738706,12.5621411477645
13.453306039000015,108.3420832329997,SAT_10090,19.254556155471207,187.05687837452555,98.88137700348665,170.68960359047057,-65.73514388788898,29.601911715903533,35.0,0.12376614533143677,12.5236858679905
13.453306039000015,108.44208323299969,SAT_10090,19.37856678682887,187.7544381759124,98.89744225301405,170.65695805620857,-65.61113325653132,29.656814091840957,35.0,0.12325099872416401,12.48773829343955
13.453306039000015,108.54208323299969,SAT_10090,19.49370425821182,188.40208645244152,98.91205457065016,170.62652217035705,-65.49599578514837,29.707629752694913,35.0,0.12277301222064933,12.454330355265586
13.453306039000015,108.64208323299968,SAT_10090,19.599889450790457,188.99937816069632,98.92527948391168,170.59834447246163,-65.38981059256973,29.754358584973005,35.0,0.12233244896862125,12.42349225611248
13.453306039000015,108.74208323299968,SAT_10090,19.69704801778525,189.545895100042,98.93717471715905,170.5724706195127,-65.29265202557494,29.7970004843214,35.0,0.12192955596302354,12.39525233442061
13.453306039000015,108.84208323299967,SAT_10090,19.78511074917776,190.04124796412492,98.94779092111838,170.54894315274043,-65.20458929418243,29.83555535552232,35.0,0.12156456288227323,12.369636934082028
13.453306039000015,108.94208323299966,SAT_10090,19.86401391918264,190.48507829540236,98.95717229460129,170.52780127504778,-65.12568612417755,29.870023112491708,35.0,0.12123768098615648,12.346670280635328
13.453306039000015,109.04208323299966,SAT_10090,19.93369961298059,190.8770603230158,98.96535711279289,170.50908064140086,-65.0560004303796,29.900403678277147,35.0,0.12094910208509883,12.326374365170784
13.453306039000015,109.14208323299965,SAT_10090,19.99411602930742,191.21690266485425,98.97237817389312,170.49281316444123,-64.99558401405277,29.926696985056005,35.0,0.12069899759018934,12.308768837077343
13.553306039000015,107.64208323299974,SAT_10004,19.337732136463814,187.52474326760898,98.89220289804078,170.66774398926694,-65.65196790689637,29.63876684151716,35.0,0.12342046290648447,12.499570296240112
13.553306039000015,107.74208323299973,SAT_10004,19.213415426949965,186.82546177659353,98.87598519474075,170.70042351775737,-65.77628461641022,29.583670400135563,35.0,0.12393699038406168,12.535594508404353
13.553306039000015,107.84208323299973,SAT_10004,19.08031978234743,186.0767987757043,98.85822776801909,170.73525499774337,-65.90938026101276,29.524487392645675,35.0,0.12449036384582003,12.574122292069257
13.553306039000015,107.94208323299972,SAT_10004,18.938532560777617,185.27924565437408,98.8388455482421,170.77218496455095,-66.05116748258257,29.461217951262743,35.0,0.1250802919985615,12.615120177295804
13.553306039000015,108.04208323299972,SAT_10090,18.818198018952174,184.602363856606,98.82200475761151,170.80336514686056,-66.17150202440801,29.407331704458446,35.0,0.12558143163766258,12.649887150368242
13.553306039000015,108.14208323299971,SAT_10090,18.968203161511113,185.44614278350002,98.84294123256355,170.76445129945867,-66.02149688184907,29.474465334008716,35.0,0.12495693922058758,12.606553977178534
13.553306039000015,108.2420832329997,SAT_10090,19.109602729722198,186.24151535468735,98.86216953409294,170.72758466979153,-65.88009731363799,29.53751435479018,35.0,0.12436871153718501,12.565658287099449
13.553306039000015,108.3420832329997,SAT_10090,19.242305789370164,186.98797006520718,98.87978453418029,170.69282085331474,-65.74739425399002,29.59647862591403,35.0,0.12381705211259342,12.527234974476713
13.553306039000015,108.44208323299969,SAT_10090,19.366225011124257,187.68501568757398,98.89587024686242,170.66021330590712,-65.62347503223593,29.651358015636553,35.0,0.12330225209948405,12.491317489865885
13.553306039000015,108.54208323299969,SAT_10090,19.48127706453326,188.3321834879996,98.9105010056141,170.62981309355845,-65.50842297882693,29.70215240135594,35.0,0.1228245889928796,12.457937697631534
13.553306039000015,108.64208323299968,SAT_10090,19.587383005349494,188.9290294050909,98.9237424674045,170.60166864572216,-65.4023170380107,29.74886166960931,35.0,0.12238432537668596,12.427125736521157
13.553306039000015,108.74208323299968,SAT_10090,19.684468652712084,189.47513617150548,98.93565246965302,170.5758255146171,-65.3052313906481,29.791485716069978,35.0,0.12198170771184375,12.398909884389148
13.553306039000015,108.84208323299967,SAT_10090,19.7724649526684,189.97011535875976,98.94628176152732,170.55232614280084,-65.21723509069179,29.8300244455449,35.0,0.12161696517607523,12.373316428259761
13.553306039000015,108.94208323299966,SAT_10090,19.851308324494383,190.4136093252809,98.955674627153,170.5312096413577,-65.1383917188658,29.864477771972396,35.0,0.12129030856513438,12.350369540915365
13.553306039000015,109.04208323299966,SAT_10090,19.92094098632822,190.80529304809625,98.96386941514956,170.5125115810111,-65.06875905703197,29.894845618420035,35.0,0.12100192926525677,12.330091165175645
13.553306039000015,109.14208323299965,SAT_10090,19.981311256728503,191.14487581909782,98.97089898631245,170.49626379841385,-65.00838878663168,29.92112791708279,35.0,0.12075199830614933,12.312500906994472
13.553306039000015,109.24208323299965,SAT_10090,20.032373828938447,191.43210278777877,98.97679108911488,170.48249421975626,-64.95732621442174,29.943324609281397,35.0,0.12054066550335676,12.29761593844353
13.653306039000014,107.64208323299974,SAT_10004,19.30588323000015,187.3455931687508,98.888093662639,170.67612965215824,-65.68381681336004,29.624668470804725,35.0,0.12355276098540027,12.508802871021123
13.653306039000014,107.74208323299973,SAT_10004,19.181720826786517,186.64717965067416,98.87180834014391,170.7087326566505,-65.80797921657367,29.569595242835987,35.0,0.12406873282111801,12.54477306993802
13.653306039000014,107.84208323299973,SAT_10004,19.048788944805892,185.89943781453314,98.85397600905667,170.74348320352038,-65.9409110985543,29.510437170628908,35.0,0.12462151575499332,12.583243549907824
13.653306039000014,107.94208323299972,SAT_10004,18.907174567209836,185.10285694055534,98.83451100278681,170.78032806561222,-66.08252547615035,29.447194386365425,35.0,0.1252108197059494,12.624180977197604
13.653306039000014,108.04208323299972,SAT_10090,18.796632845796992,184.48105975760808,98.81896859132311,170.80894296501629,-66.1930671975632,29.397659519927362,35.0,0.12567124960573306,12.656112502868535
13.653306039000014,108.14208323299971,SAT_10090,18.946492978281043,185.3240230028309,98.83996393830272,170.77009577237317,-66.04320706507914,29.464764844910267,35.0,0.12504729220784364,12.6128288454084
13.653306039000014,108.2420832329997,SAT_10090,19.08775462314557,186.11861975519383,98.8592456160949,170.7332928431974,-65.90194542021462,29.527787283381155,35.0,0.12445957255814287,12.571980287840228
13.653306039000014,108.3420832329997,SAT_10090,19.22032713560688,186.8643401377887,98.87690892935828,170.69858959035918,-65.76937290775331,29.586726694487478,35.0,0.12390839324005379,12.533601618641553
13.653306039000014,108.44208323299969,SAT_10090,19.344123468248185,187.56069450889606,98.89303827014764,170.66603929159297,-65.645576575112,29.641582946519414,35.0,0.12339404449324547,12.497726185545202
13.653306039000014,108.54208323299969,SAT_10090,19.4590605631966,188.20721566798088,98.90770830226525,170.63569284037212,-65.53063948016359,29.692355916906678,35.0,0.12291680293381999,12.464385753764333
13.653306039000014,108.64208323299968,SAT_10090,19.565059737618967,188.80346102410667,98.92098497114651,170.60759850045844,-65.42464030574122,29.739045492215563,35.0,0.12247693030618848,12.433610367192161
13.653306039000014,108.74208323299968,SAT_10090,19.662047059090497,189.34901470738404,98.9329263656999,170.58180166639463,-65.32765298426969,29.781651568146174,35.0,0.12207467227648658,12.405428213744756
13.653306039000014,108.84208323299967,SAT_10090,19.749953707336587,189.84348960376832,98.94358345370074,170.55834463224727,-65.2397463360236,29.820174049529932,35.0,0.12171025727744754,12.379865496028804
13.653306039000014,108.94208323299966,SAT_10090,19.82871631882921,190.2865292934143,98.95300070843473,170.5372663709302,-65.16098372453098,29.854612850327243,35.0,0.12138389541458186,12.356946308513432
13.653306039000014,109.04208323299966,SAT_10090,19.898277310775356,190.67780987311139,98.9612166411072,170.51860232640263,-65.09142273258483,29.884967893625422,35.0,0.12109577744330144,12.336692522364332
13.653306039000014,109.14208323299965,SAT_10090,19.95858518113498,191.01704164388426,98.96826425092097,170.50238422097613,-65.03111486222521,29.911239111636853,35.0,0.12084607382627063,12.319123679059668
13.753306039000014,107.54208323299974,SAT_10004,19.379453573830077,187.75942635279418,98.8975905607362,170.656744892499,-65.61024646953011,29.6572177982828,35.0,0.12324718846928973,12.487472186844617
13.753306039000014,107.64208323299974,SAT_10004,19.264317186011,187.11178417131188,98.8826938948689,170.68705985318203,-65.72538285734919,29.606251169865327,35.0,0.12372545651256457,12.520848717519927
13.753306039000014,107.74208323299973,SAT_10004,19.140340018502087,186.41441260407424,98.86631680849398,170.71956742700988,-65.8493600248581,29.55120130735115,35.0,0.12424076975476436,12.556753135444614
13.753306039000014,107.84208323299973,SAT_10004,19.007604640804303,185.6677761045242,98.84838280232643,170.75421704063234,-65.98209540255588,29.492068333749305,35.0,0.12479285309673765,12.595153842576114
13.753306039000014,107.94208323299972,SAT_10004,18.866197570113883,184.87236133189057,98.82880539203668,170.79095576243517,-66.1235024732463,29.428852381208834,35.0,0.12538141796244584,12.636017674057515
13.753306039000014,108.04208323299972,SAT_10090,18.765460174265,184.30571348024066,98.81455047853673,170.81699842677128,-66.22423986909519,29.383669037217604,35.0,0.12580109968668904,12.665109379854824
13.753306039000014,108.14208323299971,SAT_10090,18.91513887231048,185.14765615674645,98.83563652203897,170.77824011678075,-66.07456117104971,29.45074587238041,35.0,0.1251777987546016,12.621889127894763
13.753306039000014,108.2420832329997,SAT_10090,19.056227816786006,185.94128146942128,98.85500039016038,170.74152212783275,-65.93347222657418,29.51374155456371,35.0,0.12459070300188703,12.581100950303252
13.753306039000014,108.3420832329997,SAT_10090,19.188636747240025,186.68608170322514,98.87273806434557,170.7068996297487,-65.80106329612016,29.572655942950778,35.0,0.12404011376375522,12.542779495558475
13.753306039000014,108.44208323299969,SAT_10090,19.31227899057761,187.38156932199908,98.88893452752991,170.6744256631471,-65.67742105278258,29.627488905865274,35.0,0.12352632007009431,12.50695797543065
13.753306039000014,108.54208323299969,SAT_10090,19.427071850826422,188.02727916089862,98.90366495950995,170.64415089189595,-65.56262819253377,29.678240320768058,35.0,0.12304959737270875,12.473668024033161
13.753306039000014,108.64208323299968,SAT_10090,19.5329369922096,188.62277058117903,98.91699575604054,170.61612335925233,-65.45676305115059,29.724910074254225,35.0,0.12261020630421543,12.44293955984827
13.753306039000014,108.74208323299968,SAT_10090,19.62980081211039,189.16762956812096,98.9289853983901,170.59038824993505,-65.3598992312498,29.76749806205037,35.0,0.12220839147837476,12.414800651886761
13.753306039000014,108.84208323299967,SAT_10090,19.717594800452545,189.6614707525456,98.93968519520183,170.56698766042402,-65.27210524290764,29.806004189012057,35.0,0.12184438034169884,12.389277391153984
13.753306039000014,108.94208323299966,SAT_10090,19.796255882012815,190.1039393363221,98.94913991455775,170.54596037979084,-65.19344416134737,29.840428369121526,35.0,0.12151838208610889,12.366393768591948
13.753306039000014,109.04208323299966,SAT_10090,19.865726738231075,190.4947129025498,98.95738832092258,170.52734168333666,-65.12397330512911,29.870770525485597,35.0,0.12123058663220175,12.346171560645843
13.753306039000014,109.14208323299965,SAT_10090,19.925956105183673,190.83350309165817,98.96446362900116,170.51116314125284,-65.06374393817651,29.89703059033384,35.0,0.12098116369233242,12.328630223565188
13.853306039000014,107.54208323299974,SAT_10004,19.3279996064594,187.46999778633412,98.89098192729034,170.67030750137062,-65.66170043690079,29.63445983440316,35.0,0.12346088879814057,12.502391881135187
13.853306039000014,107.64208323299974,SAT_10004,19.213065306621942,186.82349234974842,98.87598037323177,170.70051535610017,-65.77663473673825,29.58351497897611,35.0,0.12393844558303573,12.535695914031157
13.853306039000014,107.74208323299973,SAT_10004,19.08930382031349,186.12733398926335,98.8594866941629,170.73290890200252,-65.9003962230467,29.528488633910428,35.0,0.12445299881249672,12.571522956142108
13.853306039000014,107.84208323299973,SAT_10004,18.95679718051619,185.38198414040357,98.84142347744287,170.767437906804,-66.032902862844,29.46938092218494,35.0,0.12500427511192222,12.609841603113031
13.853306039000014,107.94208323299972,SAT_10004,18.815631349592266,184.5879263414565,98.82170319193283,170.80404979106504,-66.17406869376792,29.406191975916187,35.0,0.1255919876972495,12.650618890921818
13.853306039000014,108.04208323299972,SAT_10090,18.7247025096747,184.0764516169202,98.80873065951384,170.82751773534764,-66.26499753368549,29.36536028693511,35.0,0.12597090698051744,12.676869178292437
13.853306039000014,108.14208323299971,SAT_10090,18.874163783642288,184.91717128298785,98.8299399193431,170.7888702588503,-66.1155362597179,29.432408447084303,35.0,0.12534838257241754,12.633726065379484
13.853306039000014,108.2420832329997,SAT_10090,19.015045669693038,185.70963189202334,98.84941541555423,170.75225818256985,-65.97465437366715,29.49537719905861,35.0,0.12476202524587375,12.59301136491004
13.853306039000014,108.3420832329997,SAT_10090,19.147258384905967,186.45332841509608,98.86725405742531,170.71773637393613,-65.84244165845422,29.554266402076692,35.0,0.12421213478625592,12.554759551808527
13.853306039000014,108.44208323299969,SAT_10090,19.270715721231113,187.147775931925,98.88354163759118,170.68535757859092,-65.71898432212907,29.609075924495276,35.0,0.12369899872168463,12.519003669311735
13.853306039000014,108.54208323299969,SAT_10090,19.3853354322667,187.79251180650016,98.89835404262726,170.65517217479876,-65.60436461109349,29.659805643805992,35.0,0.12322289105896635,12.485775189041757
13.853306039000014,108.64208323299968,SAT_10090,19.491039613327175,188.38709782496537,98.9117582848604,170.627227931561,-65.49866043003301,29.706455446632386,35.0,0.12278407105114807,12.45510387405324
13.853306039000014,108.74208323299968,SAT_10090,19.58775507142829,188.93112227678412,98.9238133825689,170.60156977264964,-65.4019449719319,29.749025228727206,35.0,0.12238278200637767,12.427017646003092
13.853306039000014,108.84208323299967,SAT_10090,19.675413681740864,189.42420195979238,98.93457111076434,170.57823954883762,-65.31428636161932,29.787514894969878,35.0,0.1220192501478193,12.401542457603764
13.853306039000014,108.94208323299966,SAT_10090,19.753952727074292,189.8659840897929,98.94407664072999,170.55727582059828,-65.2357473162859,29.8219243593642,35.0,0.12169368353429924,12.378702171517515
13.853306039000014,109.04208323299966,SAT_10090,19.82331521698528,190.2561480955422,98.95236908321606,170.53871365353143,-65.16638482637491,29.85225354503626,35.0,0.12140627105114835,12.358518446828594
13.853306039000014,109.14208323299965,SAT_10090,19.88345018322032,190.59440728061432,98.95948194750616,170.52258442870078,-65.10624986013987,29.878502384232608,35.0,0.12115718148035257,12.341010634191338
13.953306039000013,107.54208323299974,SAT_10004,19.26687007866201,187.1261441924738,98.88305333554037,170.68638899926293,-65.72282996469818,29.60738288962491,35.0,0.12371484886239488,12.520109006197771
13.953306039000013,107.64208323299974,SAT_10004,19.152165889466104,186.48093312824685,98.86792379078335,170.71647263511926,-65.83753415389408,29.556459947861633,35.0,0.12419160101212431,12.553329865624342
13.953306039000013,107.74208323299973,SAT_10004,19.028649949487814,185.78615596586894,98.85128781512944,170.74873392694272,-65.96105009387237,29.50145727219109,35.0,0.12470529464931829,12.589068144471423
13.953306039000013,107.84208323299973,SAT_10004,18.89640367176068,185.04227065365384,98.83306687377029,170.78312303672124,-66.09329637159951,29.442374985562246,35.0,0.12525565839285835,12.62729266204766
13.953306039000013,107.94208323299972,SAT_10004,18.75551237744105,184.24975712310592,98.81317214895613,170.81958779216916,-66.23418766591914,29.379213220059565,35.0,0.12584240753049142,12.667970686279057
13.953306039000013,108.04208323299972,SAT_10090,18.67438910324728,183.79343870576596,98.80148272776083,170.84048296379592,-66.31531094011291,29.342733309134076,35.0,0.12618057410729838,12.691380711343763
13.953306039000013,108.14208323299971,SAT_10090,18.823597512398266,184.63273600724025,98.82284866903298,170.8019679216232,-66.16610253096192,29.409752609134813,35.0,0.1255589445278367,12.6483282739457
13.953306039000013,108.2420832329997,SAT_10090,18.964238510888208,185.4238416237462,98.84246607857486,170.7654823928684,-66.02546153247198,29.47269425703381,35.0,0.1249734384722809,12.607699958165114
13.953306039000013,108.3420832329997,SAT_10090,19.09622288439718,186.16625372473413,98.86043305410543,170.731080884629,-65.89347715896301,29.53155811208469,35.0,0.12442435388060334,12.569530032538113
13.953306039000013,108.44208323299969,SAT_10090,19.219464978540188,186.85949050428854,98.87683642497755,170.69881579109642,-65.77023506482,29.586344042676828,35.0,0.12391197649313969,12.53385133990726
13.953306039000013,108.54208323299969,SAT_10090,19.333883082090182,187.50309233675728,98.89175298237191,170.66873715029908,-65.65581696127,29.637051926332244,35.0,0.12343657859682178,12.500695158706352
13.953306039000013,108.64208323299968,SAT_10090,19.439399803482786,188.09662389459066,98.90525052748964,170.64089240455803,-65.5503002398774,29.683681649702592,35.0,0.12299841780298235,12.470091067218975
13.953306039000013,108.74208323299968,SAT_10090,19.535942437259678,188.6396762095857,98.91738876546327,170.61532616685486,-65.45375760610051,29.726233108566447,35.0,0.12259773586631234,12.442066811945784
13.953306039000013,108.84208323299967,SAT_10090,19.623443317052534,189.1318686584205,98.92822006762518,170.59207999535192,-65.36625672630765,29.7647062078268,35.0,0.12223475755460862,12.416648181227934
13.953306039000013,108.94208323299966,SAT_10090,19.701840151706193,189.57285085334735,98.93779012066716,170.57119217831385,-65.287859891654,29.79910086150874,35.0,0.12190968957887433,12.39385888527002
13.953306039000013,109.04208323299966,SAT_10090,19.77107634118498,189.96230441916552,98.94613847788068,170.55269753165408,-65.21862370217521,29.829416992757395,35.0,0.12162271959312641,12.373720443685398
13.953306039000013,109.14208323299965,SAT_10090,19.83110126901117,190.29994463818787,98.95329902492536,170.53662721126426,-65.15859877434902,29.85565453383607,35.0,0.12137401527291021,12.356252081647924
14.053306039000013,107.44208323299975,SAT_10004,19.30168643060081,187.32198617212958,98.88759864471409,170.6772339578059,-65.68801361275938,29.622809829939047,35.0,0.12357019583470034,12.510019289057828
14.053306039000013,107.54208323299974,SAT_10004,19.196110707999566,186.72812273249758,98.87376999643321,170.70496129956265,-65.79358933536062,29.57598702316481,35.0,0.12400891685255647,12.540606142110223
14.053306039000013,107.64208323299974,SAT_10004,19.081664016609267,186.08436009342716,98.85848839509933,170.73490401022082,-65.90803602675092,29.52508613569529,35.0,0.12448477300268984,12.5737333792227
14.053306039000013,107.74208323299973,SAT_10004,18.95842281593856,185.39112833965441,98.8416833387979,170.7670152515198,-66.03127722742163,29.470107281319653,35.0,0.12499750960211926,12.609371747619356
14.053306039000013,107.84208323299973,SAT_10004,18.826467818465318,184.64888147886742,98.82327495024062,170.80124563102947,-66.16323222489487,29.411050582957394,35.0,0.12554685752418027,12.647490319298596
14.053306039000013,107.94208323299972,SAT_10004,18.685883620649918,183.8580953661558,98.80317287185622,170.83754343669523,-66.30381642271027,29.347916172661304,35.0,0.12613253440010075,12.688056624276241
14.053306039000013,108.04208323299972,SAT_10090,18.614555794240758,183.45687634260426,98.79277329722831,170.8558721559267,-66.37514424911943,29.315788153318046,35.0,0.12642998171118738,12.708630264799579
14.053306039000013,108.14208323299971,SAT_10090,18.76347655657294,184.29455563072278,98.81433059596121,170.81751072882082,-66.22622348678725,29.382778408093618,35.0,0.1258093631584821,12.665681802901556
14.053306039000013,108.2420832329997,SAT_10090,18.903843472937794,185.0841195352751,98.83412128913768,170.78117197738294,-66.0858565704224,29.44569277810558,35.0,0.12522481919582754,12.62515255194921
14.053306039000013,108.3420832329997,SAT_10090,19.03556798615847,185.8250699221414,98.8522449359131,170.74690999210245,-65.95413205720172,29.504531122642064,35.0,0.12467664562945317,12.587076542111882
14.053306039000013,108.44208323299969,SAT_10090,19.158565081630513,186.5169285841716,98.86878963999585,170.7147767609003,-65.83113496172967,29.55929331012472,35.0,0.12416512613298344,12.551486384821107
14.053306039000013,108.54208323299969,SAT_10090,19.27275366645317,187.1592393737991,98.88383330411247,170.6848219285564,-65.71694637690702,29.609979218105554,35.0,0.12369053100551418,12.518413135450652
14.053306039000013,108.64208323299968,SAT_10090,19.378056941827566,187.75157029778006,98.89744469846701,170.65709255986607,-65.61164310153262,29.656588733263987,35.0,0.12325311596120508,12.48788615896933
14.053306039000013,108.74208323299968,SAT_10090,19.47440276542261,188.2935155555022,98.90968437160718,170.6316329086954,-65.51529727793758,29.699121751404107,35.0,0.12285312095984609,12.459932999686444
14.053306039000013,108.84208323299967,SAT_10090,19.561724000363483,188.7846975020446,98.92060542689242,170.60848419513948,-65.4279760429967,29.737578177452168,35.0,0.12249076908790736,12.434579256221475
14.053306039000013,108.94208323299966,SAT_10090,19.639958847487577,189.2247685171176,98.93025418354287,170.58768439300192,-65.34974119587261,29.77195792545429,35.0,0.12216626549950788,12.41184846282546
14.053306039000013,109.04208323299966,SAT_10090,19.709051157565312,189.6134127613049,98.93867073781836,170.56926802978234,-65.28064888579488,29.80226091857439,35.0,0.12187979642652491,12.391761978160408
14.053306039000013,109.14208323299965,SAT_10090,19.76895072028121,189.9503478015818,98.94588943706394,170.55326600129933,-65.22074932307898,29.82848708909234,35.0,0.1216315282667202,12.374338882605258
14.153306039000013,107.44208323299975,SAT_10004,19.221085139006547,186.86860390691186,98.87707784906172,170.69841143350004,-65.76861490435364,29.58707469387756,35.0,0.12390511355913042,12.533373051172024
14.153306039000013,107.54208323299974,SAT_10004,19.11577383258887,186.27622780831243,98.86309042668795,170.7259922666707,-65.87392621077132,29.54027230368967,35.0,0.12434291886194625,12.563863328928363
14.153306039000013,107.64208323299974,SAT_10004,19.001611309092013,185.63406361364258,98.84763154118164,170.75577780439545,-65.98808873426817,29.489393611100912,35.0,0.124817789923549,12.596886751050084
14.153306039000013,107.74208323299973,SAT_10004,18.87867328211155,184.94253721187746,98.83062931708606,170.78772168348604,-66.11102676124864,29.43443872987353,35.0,0.1253294744532694,12.632414333182854
14.153306039000013,107.84208323299973,SAT_10004,18.74703968612461,184.20209823445094,98.81200230027648,170.82177500632548,-66.24266035723558,29.37540778289793,35.0,0.12587770583095015,12.670415427977074
14.153306039000013,107.94208323299972,SAT_10004,18.606794312628352,183.41321800853447,98.79165832376381,170.85788657204188,-66.38290573073184,29.312300902195627,35.0,0.1264622042938242,12.710857856591758
14.153306039000013,108.04208323299972,SAT_10090,18.54524481838976,183.06700210344243,98.78256157501028,170.87365944869782,-66.44445522497043,29.284524878441317,35.0,0.12671898907347098,12.728601665640454
14.153306039000013,108.14208323299971,SAT_10090,18.693843915298828,183.90287202355591,98.80434640400605,170.83547233066028,-66.29585612806136,29.3514859029726,35.0,0.12609949530054962,12.685770205073135
14.153306039000013,108.2420832329997,SAT_10090,18.833904290193658,184.69071163233932,98.82434309171335,170.79930011710917,-66.15579575316653,29.414372821339867,35.0,0.1255160219052544,12.645352435491978
14.153306039000013,108.3420832329997,SAT_10090,18.96533812867193,185.43002697377963,98.84265294720934,170.76519642756838,-66.02436191468826,29.473185492865333,35.0,0.12496886228001622,12.60738211770518
14.153306039000013,108.44208323299969,SAT_10090,19.08806113915044,186.12034390772124,98.85936559946498,170.73321279076504,-65.90163890420975,29.527923786002503,35.0,0.12445829776096867,12.571891601686241
14.153306039000013,108.54208323299969,SAT_10090,19.20199292738843,186.7612102165599,98.87456028107574,170.70339840708033,-65.78770711597176,29.578587578333014,35.0,0.12398459639935311,12.538911690825085
14.153306039000013,108.64208323299968,SAT_10090,19.307057364259208,187.35219767395807,98.88830692114547,170.67579991475003,-65.68264267910098,29.625176756563697,35.0,0.1235480117643734,12.50847150915026
14.153306039000013,108.74208323299968,SAT_10090,19.403182943529444,187.89290405735315,98.90066707657724,170.65046116194247,-65.58651709983074,29.66769121652383,35.0,0.12314878178682014,12.480598372625282
14.153306039000013,108.84208323299967,SAT_10090,19.49030312634926,188.38295508571457,98.91169472563861,170.62742298688775,-65.49939691701093,29.70613086316264,35.0,0.1227871276528322,12.455317665632988
14.153306039000013,108.94208323299966,SAT_10090,19.56835666915896,188.82200626401917,98.92143694332115,170.60672300823396,-65.42134337420123,29.740495610547022,35.0,0.12246325275708386,12.4326527237572
14.153306039000013,109.04208323299966,SAT_10090,19.637287931762984,189.2097446161668,98.92993447447729,170.58839542778205,-65.3524121115972,29.77078538185944,35.0,0.12217734172447661,12.412624723950119
14.153306039000013,109.14208323299965,SAT_10090,19.697047162425804,189.54589028864515,98.93722221782181,170.57247084768557,-65.29265288093438,29.797000109396127,35.0,0.12192955950906814,12.395252583135873
14.253306039000012,107.44208323299975,SAT_10004,19.130940930494447,186.36154273403125,98.86513591734513,170.72202623350165,-65.85875911286574,29.547020653637922,35.0,0.12427985074232978,12.559473682259688
14.253306039000012,107.54208323299974,SAT_10004,19.025918128374457,185.77078947210634,98.85096592372652,170.74944589705512,-65.96378191498573,29.500238809318255,35.0,0.12471665978424741,12.589858167464614
14.253306039000012,107.64208323299974,SAT_10004,18.912065649856146,185.13036928044085,98.83530314696688,170.7790585209441,-66.07763439350404,29.449382452154712,35.0,0.12519045919134364,12.622767865523318
14.253306039000012,107.74208323299973,SAT_10004,18.789458391853145,184.44070345417396,98.81807411991207,170.81081826201725,-66.20024165150704,29.394451695882964,35.0,0.12570099929597234,12.658174086076778
14.253306039000012,107.84208323299973,SAT_10004,18.65817543686235,183.70223683235074,98.79919556034052,170.84467676441352,-66.33152460649784,29.335446663364692,35.0,0.12624801622674292,12.696046489222265
14.253306039000012,107.94208323299972,SAT_10004,18.518299694688437,182.9154357826225,98.77857320251195,170.8805833870625,-66.47140034867175,29.272367486590554,35.0,0.12683123307936842,12.736353215120435
14.253306039000012,108.04208323299972,SAT_10090,18.46650458478365,182.62408828940804,98.77079882942112,170.89381521464333,-66.52319545857654,29.248943552910568,35.0,0.12704743482876263,12.751276362015005
14.253306039000012,108.14208323299971,SAT_10090,18.614748859797317,183.4579623363599,98.79284916975514,170.85582255020768,-66.37495118356287,29.31587516223548,35.0,0.12642917682158195,12.708574618769081
14.253306039000012,108.2420832329997,SAT_10090,18.754471063984084,184.24389973491049,98.8130861816436,170.81983610555517,-66.2352289793761,29.378734455253955,35.0,0.125846879812149,12.668280449262738
14.253306039000012,108.3420832329997,SAT_10090,18.885584208089213,184.98141117050181,98.83161323151356,170.78590897703305,-66.10411583527097,29.437521291321858,35.0,0.125300834508333,12.630427315051454
14.253306039000012,108.44208323299969,SAT_10090,19.0080048035734,185.67002702010038,98.84852174072101,170.7540921833738,-65.98169523978679,29.49223553892415,35.0,0.12479131964712564,12.595047275689994
14.253306039000012,108.54208323299969,SAT_10090,19.121653232033793,186.3092994301901,98.86389250395334,170.7244344314954,-65.8680468113264,29.542877075671726,35.0,0.12431860078079177,12.562170854721913
14.253306039000012,108.64208323299968,SAT_10090,19.226454107863006,186.8988043567294,98.87779681103306,170.69698188606355,-65.76324593549718,29.58944578829847,35.0,0.1238829290943909,12.531826908637697
14.253306039000012,108.74208323299968,SAT_10090,19.322336630952833,187.4381435491097,98.89029740237918,170.6717779449161,-65.66736341240735,29.631941572658544,35.0,0.1234845402638389,12.504042499885962
14.253306039000012,108.84208323299967,SAT_10090,19.40923492621475,187.92694645995797,98.90144928279568,170.64886302247345,-65.58046511714544,29.670364333723857,35.0,0.1231236533637195,12.478842775032119
14.253306039000012,108.94208323299966,SAT_10090,19.487088366679416,188.3648720625717,98.91130041375007,170.6282743432747,-65.50261167668077,29.704713985581805,35.0,0.12280046983397443,12.456250849153886
14.253306039000012,109.04208323299966,SAT_10090,19.555841876991025,188.7516105580745,98.91989230064236,170.61004574774586,-65.43385816636916,29.734990451433184,35.0,0.1225151725143916,12.436287697542097
14.253306039000012,109.14208323299965,SAT_10090,19.61544621421072,189.0868849549353,98.92726048856812,170.59420751224675,-65.37425382914947,29.761193663590355,35.0,0.12226792475546695,12.418972055737592
14.353306039000012,107.44208323299975,SAT_10004,19.031319315893455,185.8011711519007,98.85171773590034,170.74803816884102,-65.95838072746673,29.502647796831795,35.0,0.12469418949735303,12.588296165960157
14.353306039000012,107.54208323299974,SAT_10004,18.926608297371715,185.2121716727159,98.83733993454824,170.77528251865093,-66.06309174598847,29.455886627623457,35.0,0.12512992430740938,12.618565930653599
14.353306039000012,107.64208323299974,SAT_10004,18.81309087812464,184.57363618945112,98.82144503848961,170.804707038809,-66.17660916523555,29.40505274638743,35.0,0.12560256824736804,12.651352304566602
14.353306039000012,107.74208323299973,SAT_10004,18.6908410712405,183.8859810257278,98.80395775345647,170.83626644877012,-66.29885897211969,29.350146266833153,35.0,0.12611187449309846,12.686626915689622
14.353306039000012,107.84208323299973,SAT_10004,18.559937036991613,183.14964583307784,98.78479269771334,170.86991297890728,-66.42976300636857,29.291167311793966,35.0,0.12665758215365464,12.724359757101604
14.353306039000012,107.94208323299972,SAT_10004,18.420460730577332,182.36509160949748,98.76385319388093,170.90559659405517,-66.56923931278286,29.22811601323006,35.0,0.1272394174248424,12.764519314532912
14.353306039000012,108.04208323299972,SAT_10090,18.378389423627155,182.12844050790278,98.75742774053309,170.91630622272572,-66.61131061973303,29.209044254586747,35.0,0.12741513777751595,12.776633513816536
14.353306039000012,108.14208323299971,SAT_10090,18.526246674542676,182.96013754430254,98.77978372475485,170.87852754859483,-66.46345336881751,29.275946263799714,35.0,0.1267982234514795,12.734073860570907
14.353306039000012,108.2420832329997,SAT_10090,18.665599997374144,183.74399998522955,98.80029731539854,170.84274551819806,-66.32410004598604,29.338777757818356,35.0,0.12621720569986014,12.693915079906477
14.353306039000012,108.3420832329997,SAT_10090,18.79636330681207,184.4795436008179,98.8190742665049,170.8090126548488,-66.19333673654812,29.39753859603176,35.0,0.12567237228541442,12.656190305445675
14.353306039000012,108.44208323299969,SAT_10090,18.91845399385123,185.1663037154132,98.83620807846954,170.7773794188141,-66.07124604950896,29.452228646955945,35.0,0.12516399909436993,12.620931278556434
14.353306039000012,108.54208323299969,SAT_10090,19.031793289649926,185.80383725428084,98.85178135702557,170.74789397676432,-65.95790675371026,29.502847788230685,35.0,0.1246923489386616,12.58816821623796
14.353306039000012,108.64208323299968,SAT_10090,19.136306622610093,186.39172475218177,98.86586696887272,170.7206019750052,-65.8533934207501,29.54939590661659,35.0,0.12425767038944989,12.557929681972034
14.353306039000012,108.74208323299968,SAT_10090,19.231923965554728,186.92957230624535,98.87852902539221,170.6955463185434,-65.75777607780546,29.591872897992367,35.0,0.12386019665092259,12.530242460603525
14.353306039000012,108.84208323299967,SAT_10090,19.318580169831748,187.4170134553036,98.88982372006133,170.67276695807377,-65.67111987352844,29.630278667352332,35.0,0.12350014448341969,12.505131438323579
14.353306039000012,108.94208323299966,SAT_10090,19.396215283180325,187.85371096788933,98.8998000404876,170.65230068697593,-65.59348476017986,29.66461312880412,35.0,0.12317771318483689,12.482619488823211
14.353306039000012,109.04208323299966,SAT_10090,19.46477484823805,188.23935852133903,98.90850037217167,170.63418095038554,-65.52492519512214,29.694876205566615,35.0,0.1228930836390535,12.462727366664149
14.453306039000012,107.54208323299974,SAT_10004,18.817914730269493,184.60077035776592,98.82214730322157,170.80345900635902,-66.1717853130907,29.407215855634735,35.0,0.12558247799448355,12.649959684371918
14.453306039000012,107.64208323299974,SAT_10004,18.704756458536963,183.96425507927043,98.80599016862955,170.83268082374676,-66.28494358482322,29.35640459078678,35.0,0.12605388562014963,12.682613466243092
14.453306039000012,107.74208323299973,SAT_10004,18.582889804584966,183.27875515079043,98.78821104627484,170.86402433451028,-66.40681023877522,29.301522539666728,35.0,0.12656187172052236,12.71774657221116
14.453306039000012,107.84208323299973,SAT_10004,18.452391940188008,182.54470466355755,98.76872215959732,170.89744239711618,-66.53730810317218,29.242569825079933,35.0,0.12710617860550172,12.755329352530424
14.453306039000012,107.94208323299972,SAT_10004,18.364681862498614,182.0513354765547,98.7553528561373,170.9198192887622,-66.62501818086157,29.202840345645885,35.0,0.1274722153870776,12.780567022358184
14.453306039000012,108.04208323299972,SAT_10004,18.42041708716134,182.36484611528255,98.76387393502182,170.90560773305458,-66.56928295619885,29.22809625009705,35.0,0.1272395995493846,12.764531873691933
14.453306039000012,108.14208323299971,SAT_10004,18.46734874942686,182.6288367155261,98.77098002807202,170.89361983664895,-66.52235129393333,29.249336204890035,35.0,0.12704377582153428,12.75102388635287
14.453306039000012,108.2420832329997,SAT_10090,18.56735310238733,183.19136120092872,98.78591460042875,170.867990399311,-66.42234694097286,29.294502816458994,35.0,0.12662679286443423,12.722232565256414
14.453306039000012,108.3420832329997,SAT_10090,18.697738393999515,183.92477846624726,98.80497618412171,170.83446889498705,-66.29196164936067,29.353237494470104,35.0,0.12608326583695553,12.684646983006772
14.453306039000012,108.44208323299969,SAT_10090,18.81947258949174,184.609533315891,98.82236655157826,170.80303535010955,-66.17022745386845,29.407903197618673,35.0,0.12557612341615848,12.649519177961414
14.453306039000012,108.54208323299969,SAT_10090,18.93247783957787,185.24518784762552,98.83817038848063,170.77373734677823,-66.05722220378232,29.458499803572995,35.0,0.12510562544284948,12.616879035134225
14.453306039000012,108.64208323299968,SAT_10090,19.03668045354658,185.83132755119954,98.85246237165006,170.74661997053533,-65.95301958981361,29.50502719912005,35.0,0.12467201765472276,12.5867548007436
14.453306039000012,108.74208323299968,SAT_10090,19.132011240486435,186.3675632277362,98.86530818550428,170.72172559335274,-65.85768880287375,29.547485280162796,35.0,0.12427553057712386,12.559172959106675
14.453306039000012,108.84208323299967,SAT_10090,19.218405837562926,186.85353283629146,98.8767653868348,170.69909366446512,-65.77129420579726,29.585873951717648,35.0,0.12391637846267058,12.53415811458711
14.453306039000012,108.94208323299966,SAT_10090,19.295805022252566,187.28890325017068,98.88688413970804,170.67876051109013,-65.69389502110762,29.62019312791223,35.0,0.1235947582885013,12.51173287964122
14.453306039000012,109.04208323299966,SAT_10090,19.36415500548887,187.6733719058749,98.8957078383094,170.660759151049,-65.62554503787132,29.65044273198328,35.0,0.12331084881971038,12.491917769985877
14.553306039000011,107.54208323299974,SAT_10004,18.699913146961563,183.9370114516588,98.80531337807363,170.8339290112826,-66.28978689639862,29.354226599840803,35.0,0.12607406844140354,12.684010416515418
14.553306039000011,107.64208323299974,SAT_10004,18.58713712851757,183.30264634791132,98.78886168958756,170.862934153043,-66.40256291484262,29.303438091800153,35.0,0.12654416206402588,12.716522691535756
14.553306039000011,107.74208323299973,SAT_10090,18.533084327968368,182.99859934482208,98.7808531853527,170.8767758288984,-66.45661571539182,29.279034270038863,35.0,0.1267697052123355,12.732104451319953
14.553306039000011,107.84208323299973,SAT_10090,18.503349199894544,182.83133924940682,98.77641365118367,170.88439059326103,-66.48635084346564,29.26560156809456,35.0,0.12689373047582495,12.740668087823343
14.553306039000011,107.94208323299972,SAT_10004,18.53241026439325,182.99480773721203,98.78075373171878,170.87696897999862,-66.45728977896694,29.27874076255248,35.0,0.1267723801073098,12.732289181413478
14.553306039000011,108.04208323299972,SAT_10004,18.588350172131953,183.30946971824224,98.78904047493938,170.8626227659458,-66.40134987122823,29.303985140108548,35.0,0.1265391042221322,12.716173141168865
14.553306039000011,108.14208323299971,SAT_10004,18.635455046470554,183.5744346363969,98.7959521427102,170.85052093458683,-66.35424499688963,29.32521540090877,35.0,0.1263427219652876,12.702596741246298
14.553306039000011,108.2420832329997,SAT_10004,18.673693908525024,183.78952823545325,98.80151893239899,170.84068245321964,-66.31600613483516,29.342431497220037,35.0,0.1261833365532887,12.691571842282263
14.553306039000011,108.3420832329997,SAT_10004,18.703041433196347,183.95460806172946,98.80576488696401,170.83312283301575,-66.28665861016384,29.35563339033607,35.0,0.12606103233724247,12.683108135146917
14.553306039000011,108.44208323299969,SAT_10004,18.72347807565413,184.0695641755545,98.80870817832142,170.8278540481976,-66.26622196770606,29.364821050576523,35.0,0.12597587439828528,12.6772130956867
14.553306039000011,108.54208323299969,SAT_10090,18.823777313533455,184.6337473886257,98.82299455964734,170.80192139006076,-66.16592272982673,29.409833218718255,35.0,0.1255581957259801,12.648276362758258
14.553306039000011,108.64208323299968,SAT_10090,18.927646896948062,185.21801379533284,98.83751964689041,170.77499216914927,-66.06205314641213,29.456339762866993,35.0,0.12512573356115708,12.618275006568693
14.553306039000011,108.74208323299968,SAT_10090,19.022670554612034,185.7525218696927,98.85057298235832,170.75027155304693,-65.96702948874815,29.498778816263115,35.0,0.12473030215526637,12.590806449809067
14.553306039000011,108.84208323299967,SAT_10090,19.108784765392357,186.236914305332,98.86221367558528,170.7277984541078,-65.88091527796783,29.537150283944875,35.0,0.12437211306952736,12.565894994735364
14.553306039000011,108.94208323299966,SAT_10090,19.185931088256865,186.67086237144488,98.87249323000769,170.70760870055403,-65.80376895510332,29.571454080059613,35.0,0.12405136079076143,12.543562973818142
14.553306039000011,109.04208323299966,SAT_10090,19.254056449713147,187.05406752963648,98.88145618774735,170.68973485287324,-65.73564359364704,29.601690127861694,35.0,0.12376822181082339,12.523830646824667
14.653306039000011,107.64208323299974,SAT_10090,18.722389102537036,184.06343870177085,98.80857255590193,170.82811436877066,-66.26731094082315,29.36432052227003,35.0,0.12598054629744024,12.67753654802509
14.653306039000011,107.74208323299973,SAT_10090,18.701444828782513,183.94562716190165,98.80555578103589,170.83351378491412,-66.28825521457767,29.35490435299532,35.0,0.12606782030401276,12.68357796235486
14.653306039000011,107.84208323299973,SAT_10090,18.671599251358543,183.7777457888918,98.80123683354357,170.84120122158157,-66.31810079200164,29.34147782543936,35.0,0.1261922015903035,12.692185194269124
14.653306039000011,107.94208323299972,SAT_10004,18.69123366287765,183.88818935368678,98.80408167768519,170.83616531191237,-66.29846638048254,29.35032286123275,35.0,0.12611023841069122,12.68651369139224
14.653306039000011,108.04208323299972,SAT_10004,18.74736885713253,184.2039498213705,98.81215641794738,170.82169004318817,-66.24233118622766,29.375555642300792,35.0,0.12587633443485602,12.670320450905429
14.653306039000011,108.14208323299971,SAT_10004,18.79463900467563,184.46984440130043,98.81889215912932,170.80947901204587,-66.19506103868456,29.396776150581854,35.0,0.12567942065410936,12.65667875656644
14.653306039000011,108.2420832329997,SAT_10004,18.833012593330082,184.68569583748172,98.82431784815586,170.79955152747777,-66.1566874500301,29.413984338360876,35.0,0.12551960198401174,12.645600658929197
14.653306039000011,108.3420832329997,SAT_10004,18.862463860206702,184.8513592136627,98.82845653766333,170.7919233812903,-66.12723618315349,29.427180166946197,35.0,0.125396964168081,12.637096004641295
14.653306039000011,108.44208323299969,SAT_10004,18.882972921488687,184.96672268337386,98.83132565420796,170.78660676508522,-66.1067271218715,29.43636360666869,35.0,0.12531157336416934,12.631172390090807
14.653306039000011,108.54208323299969,SAT_10004,18.894525873320063,185.03170803742537,98.83293719869307,170.78361020569216,-66.09517417004012,29.441534636881045,35.0,0.12526347582350714,12.627835125405502
14.653306039000011,108.64208323299968,SAT_10004,18.897114862729964,185.04627110285605,98.83329788322622,170.78293851975957,-66.09258518063022,29.442693245957315,35.0,0.1252526976653822,12.627087209162593
14.653306039000011,108.74208323299968,SAT_10090,18.903979440295643,185.084884351663,98.83425254135415,170.7811366921753,-66.08572060306454,29.445753612845134,35.0,0.1252242531753873,12.625113270559005
14.653306039000011,108.84208323299967,SAT_10090,18.989795267182018,185.56759837789883,98.84609921090338,170.7588333224819,-65.99990477617817,29.484107770617292,35.0,0.12486708759824294,12.600312136715328
14.653306039000011,108.94208323299966,SAT_10090,19.066672503541838,186.00003283242282,98.85655924138081,170.73879679816395,-65.92302753981835,29.51839609185768,35.0,0.12454725772729094,12.578079575784791
14.653306039000011,109.04208323299966,SAT_10090,19.13455883556759,186.3818934500677,98.8656784746483,170.7210591944542,-65.8551412077926,29.548618499838064,35.0,0.12426493763554186,12.558435575540907
14.75330603900001,107.54208323299974,SAT_10090,18.893961939433638,185.02853590931423,98.83287661699107,170.78373591371263,-66.09573810392655,29.441271007139193,35.0,0.12526595622104406,12.62800724113207
14.75330603900001,107.64208323299974,SAT_10090,18.881890305907604,184.96063297073027,98.83119267245732,170.7868669225695,-66.10780973745258,29.435867718155038,35.0,0.12531621348545602,12.631494319552678
14.75330603900001,107.74208323299973,SAT_10090,18.86087188694502,184.84240436406574,98.82825194291259,170.7923153377451,-66.12882815641517,29.42645590500142,35.0,0.12540372584475673,12.63756499782674
14.75330603900001,107.84208323299973,SAT_10090,18.830920915064468,184.67393014723763,98.8240421366595,170.8000724309696,-66.15877912829572,29.41303558884634,35.0,0.1255284459537821,12.646213840218666
14.75330603900001,107.94208323299972,SAT_10004,18.841049922779064,184.73090581563224,98.82546925893185,170.79747055524396,-66.14865012058112,29.417586485001486,35.0,0.12548613197765177,12.64327991836101
14.75330603900001,108.04208323299972,SAT_10004,18.897370403695177,185.0477085207854,98.83335229111572,170.782872219101,-66.09232963966501,29.442807600019943,35.0,0.12525163383677967,12.627013386747185
14.75330603900001,108.14208323299971,SAT_10004,18.944797373993296,185.3144852287123,98.83992892194946,170.7705570487164,-66.04490266936689,29.464018297281843,35.0,0.12505421720482832,12.613309700727498
14.75330603900001,108.2420832329997,SAT_10004,18.983298809128726,185.5310558013491,98.84522698118059,170.76054468175357,-66.00640123423146,29.48121852909001,35.0,0.12489398862349131,12.602181092944416
14.75330603900001,108.3420832329997,SAT_10004,19.012848525554503,185.6972729562441,98.84926863638132,170.75285117998715,-65.97685151780568,29.494408256767297,35.0,0.1247710351690667,12.59363755941677
14.75330603900001,108.44208323299969,SAT_10004,19.033426313703785,185.8130230145838,98.85207064779952,170.74748894415546,-65.9562737296564,29.503587450655683,35.0,0.1246854240300886,12.587686812126542
14.75330603900001,108.54208323299969,SAT_10004,19.045018041378228,185.87822648275252,98.85364455887041,170.7444666477274,-65.94468200198196,29.508756090115604,35.0,0.12463720217955022,12.584334242190625
14.75330603900001,108.64208323299968,SAT_10004,19.04761572643433,185.89283846119312,98.85399682633638,170.74378919031932,-65.94208431692586,29.509914163525472,35.0,0.12462639614477715,12.58358289398724
14.75330603900001,108.74208323299968,SAT_10004,19.041217577978188,185.85684887612732,98.85312889263827,170.74545767128808,-65.948482465382,29.50706166828139,35.0,0.1246530118771137,12.585433450498202
14.75330603900001,108.84208323299967,SAT_10004,19.025828005623097,185.77028253162993,98.85103720204937,170.7494693837956,-65.96387203773709,29.500198610797117,35.0,0.12471703472265205,12.589884230015954
14.75330603900001,108.94208323299966,SAT_10004,19.001457596706032,185.63319898147145,98.84771316087875,170.7558178294153,-65.98824244665416,29.489325006504195,35.0,0.12481842949428212,12.596931194248787
14.85330603900001,107.64208323299974,SAT_10090,19.032350304755482,185.8069704642496,98.85194012620556,170.7477487826245,-65.9573497386047,29.503096200544448,35.0,0.12469003165230208,12.588007124872343
14.85330603900001,107.74208323299973,SAT_10090,19.011261524259965,185.6883460739623,98.84906819438514,170.7532439301371,-65.97843851910022,29.493688769457332,35.0,0.12477776952318435,12.594105588897271
14.85330603900001,107.84208323299973,SAT_10090,18.98121054022971,185.51930928879213,98.84495712005217,170.76106745583363,-66.00848950313048,29.4802747016989,35.0,0.12490281018935849,12.602793938806398
14.85330603900001,107.94208323299972,SAT_10004,18.9817601951395,185.52240109765967,98.84503337028066,170.76094505675877,-66.00793984822069,29.480531486649788,35.0,0.12490039115437568,12.60262588695733
14.85330603900001,108.04208323299972,SAT_10004,19.038255371021265,185.84018646199462,98.85274322300931,170.7462300174814,-65.95144467233892,29.505740866088267,35.0,0.12466533469281663,12.58629018625299
14.85330603900001,108.14208323299971,SAT_10004,19.08583021168957,186.10779494075382,98.85917610097967,170.7338160882578,-65.90386983167062,29.52694169385721,35.0,0.12446744550774326,12.572527991762279
14.85330603900001,108.2420832329997,SAT_10004,19.124452203306788,186.3250436436007,98.86435883585415,170.7237232209766,-65.8652478400534,29.54413392227717,35.0,0.12430683168804757,12.561351709665916
14.85330603900001,108.3420832329997,SAT_10004,19.154094760571894,186.4917830282169,98.86831280425561,170.71596773554143,-65.8356052827883,29.55731751268538,35.0,0.12418358157822519,12.552771478354021
14.85330603900001,108.44208323299969,SAT_10004,19.17473736278012,186.6078976656382,98.8710541708371,170.71056223267337,-65.81496268058007,29.566492435434853,35.0,0.12409776334761699,12.546795119993929
14.85330603900001,108.54208323299969,SAT_10004,19.18636565962062,186.673306835366,98.87259407004542,170.7075155260705,-65.80333438373957,29.5716586698937,35.0,0.1240494246560882,12.543428102906693
14.85330603900001,108.64208323299968,SAT_10004,19.188971545559085,186.68796494376988,98.8729387302945,170.7068325946938,-65.8007284978011,29.57281620444465,35.0,0.12403859241929029,12.542673515132666
14.85330603900001,108.74208323299968,SAT_10004,19.182553201997933,186.65186176123837,98.8720895430594,170.70851455571596,-65.80714684136225,29.569965036484778,35.0,0.12406527267572968,12.544532049455327
14.85330603900001,108.84208323299967,SAT_10004,19.1671151067508,186.56502247547326,98.87004307827635,170.71255865844125,-65.82258493660939,29.563105172425452,35.0,0.12412945055690837,12.549002000036685
14.85330603900001,108.94208323299966,SAT_10004,19.142668010724947,186.42750756032783,98.86679104635692,170.71895829926814,-65.84703203263524,29.552236627692483,35.0,0.12423109036082208,12.556079270698765
14.95330603900001,107.54208323299974,SAT_10090,19.185818497303543,186.67022904733244,98.87253501351765,170.707638205772,-65.80388154605664,29.57140406496477,35.0,0.12405182881824096,12.54359557643116
14.95330603900001,107.64208323299974,SAT_10090,19.173668215022545,186.60188370950183,98.87092594876125,170.71082159249428,-65.81603182833764,29.566005822325778,35.0,0.12410233773323019,12.547113720435911
14.95330603900001,107.74208323299973,SAT_10090,19.15251308293969,186.4828860915358,98.86811619189007,170.7163610613634,-65.8371869604205,29.55660279923888,35.0,0.12419028754347163,12.553238410752511
14.95330603900001,107.84208323299973,SAT_10090,19.122367790366795,186.3133188208132,98.86409433897524,170.72424759059717,-65.86733225299339,29.54319501685619,35.0,0.12431562946250369,12.561964049789902
14.95330603900001,107.94208323299972,SAT_10004,19.11326936123244,186.26214015693247,98.86287711829786,170.72664695862844,-65.87643068212775,29.539157728440987,35.0,0.12435333347858318,12.564588118461716
14.95330603900001,108.04208323299972,SAT_10004,19.169928063811383,186.58084535893903,98.87043078685643,170.7118219484811,-65.8197719795488,29.564355302800042,35.0,0.12411775639838868,12.548187577469367
14.95330603900001,108.14208323299971,SAT_10004,19.217641333417006,186.84923250047066,98.87673400264593,170.69931495304516,-65.77205870994318,29.585546202628244,35.0,0.12391942653213167,12.534370532994142
14.95330603900001,108.2420832329997,SAT_10004,19.256376192120157,187.06711608067587,98.88181270625755,170.6891462225786,-65.73332385124003,29.60273038026374,35.0,0.12375845343105464,12.523149555494127
14.95330603900001,108.3420832329997,SAT_10004,19.286105673518847,187.2343444135435,98.88568756797844,170.68133232211545,-65.70359436984134,29.61590779705802,35.0,0.12363492663840239,12.514534918145502
14.95330603900001,108.44208323299969,SAT_10004,19.306808961743826,187.350800409809,98.88837422046842,170.6758860423025,-65.68289108161636,29.625078423375037,35.0,0.12354891525067314,12.508534547438243
14.95330603900001,108.54208323299969,SAT_10004,19.318471499556196,187.41640218500362,98.88988343280273,170.67281633002375,-65.67122854380399,29.630242238590508,35.0,0.12350046757706433,12.505153984793683
14.95330603900001,108.64208323299968,SAT_10004,19.32108506435428,187.4311034869928,98.89022122939666,170.6721282396022,-65.66861497900591,29.631399231091446,35.0,0.12348961090034143,12.504396359594832
14.95330603900001,108.74208323299968,SAT_10004,19.314647811256336,187.3948939383169,98.88938895618818,170.67382290513206,-65.67505223210385,29.62854939827589,35.0,0.12351635134141288,12.50626237390628
14.95330603900001,108.84208323299967,SAT_10004,19.29916428278176,187.3077990906474,98.88738329538992,170.67789753426112,-65.69053576057843,29.621692746552842,35.0,0.12358067382891035,12.510750299041232
15.05330603900001,107.64208323299974,SAT_10090,19.305746934498117,187.34482650655193,98.8882481546012,170.67614476056985,-65.68395310886207,29.624596445857996,35.0,0.12355345564829029,12.508851338501932
15.05330603900001,107.74208323299973,SAT_10090,19.284529681285633,187.2254794572317,98.88549449285068,170.68172599894194,-65.70517036207455,29.615197856693435,35.0,0.12364160311763034,12.515000616708425
15.05330603900001,107.84208323299973,SAT_10090,19.254296096880978,187.0554155449555,98.88155313176617,170.68967190278588,-65.73540394647921,29.601796396649025,35.0,0.12376722597930977,12.523761214363052
15.05330603900001,107.94208323299972,SAT_10004,19.235486474534085,186.9496114192542,98.87909141182698,170.6946319183447,-65.7542135688261,29.593465082106796,35.0,0.12384526222544089,12.529201470362764
15.05330603900001,108.04208323299972,SAT_10004,19.292296978123687,187.26917050194575,98.88650455912976,170.67970402595932,-65.6974030652365,29.618650781917708,35.0,0.1236092040142767,12.51274061718061
15.05330603900001,108.14208323299971,SAT_10004,19.340138762379084,187.53828053838234,98.89269110231955,170.66710995934287,-65.6495612809811,29.639831695383233,35.0,0.12341046685170669,12.498872550169763
15.05330603900001,108.2420832329997,SAT_10004,19.378978412561523,187.75675357065856,98.89767618761553,170.6568702498863,-65.61072163079866,29.657007774858958,35.0,0.12324916166071653,12.487609994110588
15.05330603900001,108.3420832329997,SAT_10004,19.408788603538852,187.92443589490605,98.90147985546585,170.6490016936143,-65.58091143982134,29.670178981710524,35.0,0.12312537910911216,12.478963348808442
15.05330603900001,108.44208323299969,SAT_10004,19.429548241582808,188.04120885890327,98.90411726406013,170.64351726015744,-65.56015180177738,29.679345286312717,35.0,0.12303918916322241,12.472940638769451
15.05330603900001,108.54208323299969,SAT_10004,19.4412425746481,188.10698948239556,98.905598856562,170.64042602191978,-65.54845746871209,29.684506668048808,35.0,0.12299064074145573,12.469547474099665
15.05330603900001,108.64208323299968,SAT_10004,19.44386326991942,188.12173089329676,98.90593047540321,170.639733104251,-65.54583677344077,29.685663115310053,35.0,0.12297976147101816,12.468787023028788
15.05330603900001,108.74208323299968,SAT_10004,19.437408457769322,188.08542257495245,98.90511342589721,170.64143965719387,-65.55229158559086,29.682814625495443,35.0,0.12300655755013207,12.4706599963423
15.05330603900001,108.84208323299967,SAT_10004,19.42188274163574,187.99809042170105,98.90314449041946,170.64554284913515,-65.56781730172445,29.67596120501164,35.0,0.12307101371708619,12.475164643883856
15.15330603900001,107.64208323299974,SAT_10090,19.428493598177653,188.03527648974932,98.90399322627901,170.64377517116694,-65.56120644518253,29.678867942967713,35.0,0.12304369481017326,12.473255522173133
15.15330603900001,107.74208323299973,SAT_10090,19.407218667550865,187.91560500497363,98.90129005202493,170.6493954907137,-65.58248137580932,29.669473813636074,35.0,0.12313202497759852,12.479427673754113
15.15330603900001,107.84208323299973,SAT_10090,19.37690311081029,187.7450799983079,98.89742113224976,170.65739694650483,-65.6127969325499,29.656078712876052,35.0,0.12325790750460713,12.488220791416513
15.15330603900001,107.94208323299972,SAT_10004,19.348325196817598,187.584329232099,98.89375630939256,170.66495283166915,-65.64137484654259,29.643453428843756,35.0,0.12337646498481883,12.496498978732369
15.15330603900001,108.04208323299972,SAT_10004,19.40527524138308,187.90467323277983,98.90104344044536,170.6499294878468,-65.58442480197711,29.668627184668313,35.0,0.12313996683283641,12.47998253196578
15.15330603900001,108.14208323299971,SAT_10004,19.453235172666666,188.17444784625,98.90712534342879,170.6372546354714,-65.53646487069352,29.68979805337488,35.0,0.12294085720145194,12.466067431395548
15.15330603900001,108.2420832329997,SAT_10004,19.49217116842324,188.39346282238074,98.91202645807,170.62694906848637,-65.49752887493695,29.70696598733634,35.0,0.1227792482892307,12.45476654549768
15.15330603900001,108.3420832329997,SAT_10004,19.522055568825706,188.5615625746446,98.91576626453136,170.61902979866036,-65.46764447453448,29.720130947932354,35.0,0.12265523180977776,12.446090391996687
15.15330603900001,108.44208323299969,SAT_10004,19.54286702088693,188.67862699248897,98.91835949885386,170.61350996280453,-65.44683302247326,29.729292905548462,35.0,0.12256887853837659,12.440047086678808
15.15330603900001,108.54208323299969,SAT_10004,19.55459059078551,188.74457207316848,98.91981631419142,170.61039875057241,-65.43510945257468,29.734451839575414,35.0,0.1225202379600337,12.43664230361764
15.15330603900001,108.64208323299968,SAT_10004,19.557217842862087,188.75935036609923,98.9201423910259,170.60970135366176,-65.4324822004981,29.735607738408685,35.0,0.12250933802231147,12.435879247222712
15.15330603900001,108.74208323299968,SAT_10004,19.550746884397142,188.72295122473395,98.91933899851708,170.61141893701407,-65.43895315896305,29.732760599448206,35.0,0.1225361849953409,12.437758636401842
15.15330603900001,108.84208323299967,SAT_10004,19.53518237567465,188.63540086316993,98.9174030081791,170.61554863234068,-65.45451766768554,29.725910429098313,35.0,0.12260076344037585,12.442278701002797
15.253306039000009,107.64208323299974,SAT_10090,19.5418200278514,188.67273765666414,98.91823737441483,170.61376689856132,-65.44788001550879,29.728820194945616,35.0,0.12257334866343965,12.440359963229637
15.253306039000009,107.74208323299973,SAT_10090,19.520492068018385,188.5527678826034,98.91557949074199,170.6194234798768,-65.4692079753418,29.719430551346044,35.0,0.12266184591871254,12.446553200892355
15.253306039000009,107.84208323299973,SAT_10090,19.490101148764353,188.3818189617995,98.91177555230787,170.62747647888654,-65.49959889459583,29.706041846800193,35.0,0.1227879659114568,12.455376296598036
15.253306039000009,107.94208323299972,SAT_10004,19.451704224376385,188.16583626211718,98.90694216234638,170.63765956124098,-65.5379958189838,29.68912265930992,35.0,0.12294721228141142,12.466511704771328
15.253306039000009,108.04208323299972,SAT_10004,19.5087810425005,188.4868933640653,98.91411677666379,170.62254852217518,-65.48091900085969,29.714284401740212,35.0,0.12271031698721624,12.449944563437507
15.253306039000009,108.14208323299971,SAT_10004,19.55684832269347,188.75727181515077,98.92010524043172,170.60979944564065,-65.43285172066672,29.735445167317017,35.0,0.12251087107757527,12.435986571265513
15.253306039000009,108.2420832329997,SAT_10004,19.595871866444767,188.97677924875182,98.92493136722129,170.5994333682631,-65.39382817691542,29.752604908430367,35.0,0.12234898792516416,12.424650729157525
15.253306039000009,108.3420832329997,SAT_10004,19.62582370486861,189.1452583398859,98.92861414052072,170.59146750124165,-65.36387633849158,29.765763586473835,35.0,0.12222476020625737,12.415947663517512
15.253306039000009,108.44208323299969,SAT_10004,19.646682245559546,189.26258763127242,98.93116792209152,170.58591513593888,-65.34301779780064,29.77492117184362,35.0,0.12213825944082715,12.409885574264552
15.253306039000009,108.54208323299969,SAT_10004,19.658432386825083,189.3286821758911,98.93260260793365,170.58278557040381,-65.3312676565351,29.78007764393789,35.0,0.12208953563548534,12.406470194433691
15.253306039000009,108.64208323299968,SAT_10004,19.66106559802462,189.3434939888885,98.93292373491576,170.5820840576753,-65.32863444533557,29.78123299115629,35.0,0.12207861703271851,12.405704761783827
15.253306039000009,108.74208323299968,SAT_10004,19.65457996511263,189.30701230375857,98.9321325401365,170.58381177646862,-65.33512007824756,29.7783872108997,35.0,0.12210550996885848,12.407590002709766
15.253306039000009,108.84208323299967,SAT_10004,19.63898020087288,189.21926362990996,98.93022597415786,170.5879658245877,-65.35071984248731,29.771540309570142,35.0,0.12217019884217711,12.412124128627564
15.353306039000008,107.64208323299974,SAT_10090,19.64564317176695,189.2567428411891,98.93104760809828,170.58617092669962,-65.34405687159324,29.774453092543148,35.0,0.12214269326706785,12.410196344169696
15.353306039000008,107.74208323299973,SAT_10090,19.62426702516207,189.1365020165366,98.9284301750059,170.59186082569153,-65.36543301819812,29.765067960563414,35.0,0.1222313413864476,12.416408811683553
15.353306039000008,107.84208323299973,SAT_10090,19.59380762895327,188.96516791286214,98.92468427108341,170.5999611822084,-65.39589241440692,29.75168568914532,35.0,0.12235767577383842,12.425259245569992
15.353306039000008,107.94208323299972,SAT_10090,19.55428691340346,188.74286388789446,98.91979529752686,170.61045849716604,-65.43541312995673,29.734306308406193,35.0,0.1225216237885775,12.436739317408303
15.353306039000008,108.04208323299972,SAT_10004,19.602738047969268,189.01540151982715,98.92578531090915,170.59760800149238,-65.38696199539092,29.755622333280005,35.0,0.12232050811536777,12.422655819063186
15.353306039000008,108.14208323299971,SAT_10004,19.650901474549897,189.28632079434317,98.93169081572454,170.5847915222048,-65.33879856881029,29.77677293738154,35.0,0.12212076339247822,12.408659220594545
15.353306039000008,108.2420832329997,SAT_10004,19.690003438336987,189.50626934064556,98.93645036100364,170.5743704938808,-65.2996966050232,29.793924438333455,35.0,0.12195863652102741,12.397291912954831
15.353306039000008,108.3420832329997,SAT_10004,19.720015688536606,189.67508824801843,98.9400824920914,170.56636230982724,-65.26968435482358,29.80707679754311,35.0,0.12183422105270747,12.388564621486752
15.353306039000008,108.44208323299969,SAT_10004,19.74091641434603,189.79265483069642,98.942601240531,170.56078040254093,-65.24878362901416,29.816229985417277,35.0,0.12174758918471433,12.38248562270579
15.353306039000008,108.54208323299969,SAT_10004,19.7526903609337,189.85888328025206,98.94401627541781,170.55763416906092,-65.23700968242649,29.82138398136148,35.0,0.12169879139802584,12.379060703329023
15.353306039000008,108.64208323299968,SAT_10004,19.755328911011134,189.87372512443764,98.94433300689252,170.5569289184458,-65.23437113234905,29.822538773779506,35.0,0.12168785620334864,12.378293131479408
15.353306039000008,108.74208323299968,SAT_10004,19.748830131077426,189.83716948731052,98.94355264376124,170.5586658419901,-65.24086991228276,29.819694360073157,35.0,0.12171478999722157,12.3801836403686
15.353306039000008,108.84208323299967,SAT_10004,19.733198781810387,189.74924314768344,98.94167220634141,170.56284200653153,-65.2565012615498,29.812850746642177,35.0,0.12177957702969097,12.384730424630748
15.453306039000008,107.54208323299974,SAT_10090,19.752187803820632,189.85605639649108,98.943961201819,170.55774754722518,-65.23751223953956,29.821151902429907,35.0,0.12170099812894562,12.379215596615342
15.453306039000008,107.64208323299974,SAT_10090,19.73988553011452,189.7868561068942,98.94248264463704,170.561034877386,-65.24981451324567,29.815766535969477,35.0,0.12175198593242126,12.382794185896731
15.453306039000008,107.74208323299973,SAT_10090,19.71846622165296,189.66637249679792,98.93990113166711,170.56675503264904,-65.27123382170723,29.806385941486077,35.0,0.12184076811847734,12.389023962425776
15.453306039000008,107.84208323299973,SAT_10090,19.687945493098084,189.49469339867673,98.93620676040968,170.57489839445222,-65.3017545502621,29.793010140093227,35.0,0.12196729301451517,12.397899002888595
15.453306039000008,107.94208323299972,SAT_10090,19.64834549637048,189.27194341708397,98.93138526791503,170.58545132046842,-65.3413545469897,29.775639161897427,35.0,0.12213148729251894,12.409410901126197
15.453306039000008,108.04208323299972,SAT_10004,19.68707579976227,189.48980137366277,98.9361019914824,170.5751512284229,-65.30262424359792,29.792640888889785,35.0,0.1219707740906272,12.39814312997419
15.453306039000008,108.14208323299971,SAT_10004,19.735323795061404,189.7611963472204,98.94193439495082,170.56227440912136,-65.25437624829878,29.81378127319565,35.0,0.12177076919663074,12.384112343176435
15.453306039000008,108.2420832329997,SAT_10004,19.774494744425667,189.98153293739438,98.9466352669546,170.55180418652512,-65.21520529893452,29.830924486693174,35.0,0.1216084300880255,12.372717169014551
15.453306039000008,108.3420832329997,SAT_10004,19.804560143723208,190.15065080844303,98.95022276889127,170.54375811777777,-65.18513989963698,29.844070490803368,35.0,0.12148385110083254,12.363968421561754
15.453306039000008,108.44208323299969,SAT_10004,19.825497985877277,190.26842617055968,98.95271064289645,170.53814976235697,-65.16420205748291,29.85321925594349,35.0,0.12139710503902834,12.357874446030406
15.453306039000008,108.54208323299969,SAT_10004,19.83729287842432,190.3347724411368,98.95410835918568,170.53498860636853,-65.15240716493587,29.85837076152636,35.0,0.12134824280862574,12.354441077285065
15.553306039000008,107.44208323299975,SAT_10090,19.839981573114002,190.34989634876626,98.95443072148939,170.53424684729453,-65.14971847024619,29.859532631604665,35.0,0.12133722792989025,12.353667026626432
15.553306039000008,107.54208323299974,SAT_10090,19.83679968284234,190.33199821598816,98.95405413657272,170.53509983734787,-65.15290036051785,29.858143181540196,35.0,0.12135040895129066,12.354593295758882
15.553306039000008,107.64208323299974,SAT_10090,19.824475562035175,190.26267503644786,98.95259368220344,170.53840274978677,-65.16522448132501,29.852760434888733,35.0,0.12140146392873008,12.35818070249825
15.553306039000008,107.74208323299973,SAT_10090,19.80301828593221,190.1419778583687,98.95004382643033,170.5441499909307,-65.18668175742798,29.84338440376695,35.0,0.12149036285409842,12.364425807410134
15.553306039000008,107.84208323299973,SAT_10090,19.772443609972456,189.9699953060951,98.94639487054417,170.55233185111365,-65.21725643338773,29.83001510928085,35.0,0.12161705362005007,12.373322637934887
15.553306039000008,107.94208323299972,SAT_10090,19.732773885265274,189.74685310461717,98.94163284595069,170.5629345591402,-65.25692615809491,29.8126525815262,35.0,0.12178146228276228,12.384862718198177
15.553306039000008,108.04208323299972,SAT_10004,19.761730090885507,189.90973176123097,98.94511265601739,170.555217695116,-65.22796995247468,29.825339987624595,35.0,0.12166132783046255,12.376430917152815
15.553306039000008,108.14208323299971,SAT_10004,19.810050734358086,190.18153538076425,98.95088128065142,170.54228781939213,-65.1796493090021,29.846470093839347,35.0,0.12146110247905556,12.362370480970263
15.553306039000008,108.2420832329997,SAT_10004,19.849280954694223,190.402205370155,98.9555309594945,170.5317743396967,-65.14041908866596,29.86360497260973,35.0,0.1212985834897814,12.35095113808919
15.553306039000008,108.3420832329997,SAT_10004,19.879392024298994,190.57158013668183,98.9590795205077,170.5236949578672,-65.1103080190612,29.876744585370318,35.0,0.12117386588838742,12.34218378067591
15.553306039000008,108.44208323299969,SAT_10004,19.900361762959378,190.6895349166465,98.96154045446674,170.51806334553038,-65.08933828040081,29.88588890254876,35.0,0.12108702301245855,12.33607681440673
15.553306039000008,108.54208323299969,SAT_10004,19.91217465680002,190.7559824445001,98.96292305884043,170.5148890674586,-65.07752538656017,29.891037903565106,35.0,0.12103810614179607,12.332636116524887
15.653306039000007,107.34208323299976,SAT_10090,19.90890592730902,190.73759584111323,98.96254399614008,170.51574654193638,-65.08079411605117,29.889601015234287,35.0,0.12105176388289889,12.333596825466172
15.653306039000007,107.44208323299975,SAT_10090,19.91487770177993,190.77118707251208,98.96324222663601,170.51414153040156,-65.07482234158026,29.892203590398356,35.0,0.12102703562668576,12.331857365950361
15.653306039000007,107.54208323299974,SAT_10090,19.91169096106725,190.7532616560033,98.96286971205237,170.51499806052357,-65.07800908229294,29.89081482041723,35.0,0.12104023135975767,12.33278561082685
15.653306039000007,107.64208323299974,SAT_10090,19.89934806987867,190.68383289306752,98.96142505458933,170.5183146740848,-65.09035197348152,29.885434708417467,35.0,0.12109134326800078,12.336380664546192
15.653306039000007,107.74208323299973,SAT_10090,19.877858175101863,190.56295223494797,98.95890282308098,170.5240857309721,-65.11184186825832,29.87606326651147,35.0,0.1211803411228822,12.34263906267481
15.653306039000007,107.84208323299973,SAT_10090,19.84723715635009,190.39070900446924,98.95529349583765,170.532301441061,-65.1424628870101,29.862700515797766,35.0,0.1213071724347658,12.351554789312095
15.653306039000007,107.94208323299972,SAT_10090,19.80750754042363,190.1672299148829,98.95058335993282,170.54294791935007,-65.18219250293656,29.845346486361485,35.0,0.12147176271833682,12.363119307229628
15.653306039000007,108.04208323299972,SAT_10004,19.82664331454137,190.27486864429522,98.95285660846794,170.5378428592668,-65.16305672881882,29.85371955799021,35.0,0.12139236019461437,12.357541067347624
15.653306039000007,108.14208323299971,SAT_10004,19.875024377870886,190.54701212552374,98.95857032051583,170.52486740919508,-65.1146756654893,29.874839327843144,35.0,0.12119195505775962,12.343455629079603
15.653306039000007,108.2420832329997,SAT_10004,19.914303903097448,190.76795945492316,98.96317592121564,170.51431677179838,-65.07539614026274,29.891965824633722,35.0,0.12102928932645897,12.332015903771639
15.653306039000007,108.3420832329997,SAT_10004,19.944452970216958,190.9375479574704,98.96669095249096,170.50620877367544,-65.04524707314323,29.905099009809955,35.0,0.12090445861842684,12.323232850659329
15.653306039000007,108.44208323299969,SAT_10004,19.96544924993337,191.0556520308752,98.96912868947106,170.50055718315758,-65.02425079342682,29.9142388538098,35.0,0.12081753672923425,12.317114927349788
15.753306039000007,107.24208323299976,SAT_10090,19.958869518494836,191.01864104153344,98.9683682794846,170.5023076753608,-65.03083052486535,29.91136287298828,35.0,0.12084489672775756,12.319040825765057
15.753306039000007,107.34208323299976,SAT_10090,19.974014502627952,191.10383157728222,98.97012318783945,170.49822943818464,-65.01568554073224,29.917953540201164,35.0,0.12078220224106057,12.314627440507703
15.753306039000007,107.44208323299975,SAT_10090,19.979993836991284,191.13746533307597,98.97081484766814,170.49661872933297,-65.0097062063689,29.920554833702155,35.0,0.12075745149903394,12.312884859239057
15.753306039000007,107.54208323299974,SAT_10090,19.976803061406784,191.11951722041317,98.9704458381567,170.4974783001468,-65.0128969819534,29.919166747634094,35.0,0.12077065923332564,12.31381477020736
15.753306039000007,107.64208323299974,SAT_10090,19.9644445565428,191.05000063055328,98.96901478374376,170.50080668204964,-65.02525548681739,29.91378928512243,35.0,0.12082181758089565,12.317416272309277
15.753306039000007,107.74208323299973,SAT_10090,19.942927530977002,190.92896736174563,98.96651633974304,170.50659819489252,-65.04677251238319,29.90442245827533,35.0,0.12091089612404701,12.323685879641952
15.753306039000007,107.84208323299973,SAT_10090,19.912267971235252,190.7565073381983,98.9629411363515,170.5148429791794,-65.07743207212494,29.891066288183914,35.0,0.12103784204506986,12.332617539084362
15.753306039000007,107.94208323299972,SAT_10090,19.87248855538276,190.53274812402802,98.95827567999753,170.5255270517863,-65.11721148797743,29.87372080492277,35.0,0.12120258039395967,12.344202660719946
15.753306039000007,108.04208323299972,SAT_10004,19.88176478302661,190.58492690452468,98.95936710243207,170.52305793928497,-65.10793526033358,29.87777953794112,35.0,0.12116403898331149,12.341492820006417
15.753306039000007,108.14208323299971,SAT_10004,19.93019376782992,190.8573399440433,98.9650343834776,170.51004457131836,-65.05950627553027,29.898888913186116,35.0,0.12096349557089825,12.327387121827126
15.753306039000007,108.2420832329997,SAT_10004,19.969512411193534,191.07850731296364,98.9696027132163,170.49946301814376,-65.02018763216665,29.916006980764156,35.0,0.12080071692015637,12.315930877866899
15.753306039000007,108.3420832329997,SAT_10004,19.999691632793954,191.248265434466,98.97308939232975,170.4913312104951,-64.99000841056623,29.92913370213657,35.0,0.1206757991402419,12.307135103067456
15.753306039000007,108.44208323299969,SAT_10004,20.020708979111873,191.36648800750427,98.97550751406118,170.485662997423,-64.96899106424831,29.938269047751525,35.0,0.12058881640694213,12.30100829816992
15.853306039000007,107.34208323299976,SAT_10090,20.029293088162802,191.41477362091578,98.97649453576113,170.4833256731931,-64.96040695519739,29.941986294874926,35.0,0.1205534140913784,12.29851416278783
15.853306039000007,107.44208323299975,SAT_10090,20.03527842028403,191.44844111409765,98.97718063895397,170.4817102246726,-64.95442162307616,29.944586299538937,35.0,0.12052864604733163,12.29676905189515
15.853306039000007,107.54208323299974,SAT_10090,20.03208444353912,191.43047499490757,98.97681459358978,170.48257232507734,-64.95761559982107,29.943198901212025,35.0,0.1205418630162782,12.297700312939474
15.853306039000007,107.64208323299974,SAT_10090,20.019713551894824,191.36088872940837,98.97539504286745,170.48591049718436,-64.96998649146536,29.93782410301857,35.0,0.12059305709456707,12.301307040205
15.853306039000007,107.74208323299973,SAT_10090,19.99817500532491,191.23973440495266,98.97291671505302,170.49171902743126,-64.99152503803528,29.92846191706251,35.0,0.12068219770748709,12.307585729959037
15.853306039000007,107.84208323299973,SAT_10090,19.96748487942766,191.06710244678055,98.96937036846792,170.49998799842496,-65.02221516393253,29.91511236442764,35.0,0.12080923176501435,12.316530298170198
15.853306039000007,107.94208323299972,SAT_10090,19.92766597828718,190.8431211278654,98.96474269456941,170.51070334515234,-65.06203406507301,29.897775475178076,35.0,0.1209740839314361,12.328132111167319
15.853306039000007,108.04208323299972,SAT_10004,19.9270510127305,190.83966194660908,98.96467174176914,170.51088973103157,-65.06264903062969,29.89751987487881,35.0,0.12097650804551248,12.32830266643141
15.853306039000007,108.14208323299971,SAT_10004,19.97551519059995,191.11227294712472,98.97030075440067,170.49784625033394,-65.01418485276024,29.918618797294158,35.0,0.12077586857872333,12.314181531141738
15.853306039000007,108.2420832329997,SAT_10004,20.0148625773909,191.3336019978238,98.97483836505843,170.48724014485387,-64.97483746596929,29.935728388446716,35.0,0.1206130114117029,12.302712698150431
15.853306039000007,108.3420832329997,SAT_10004,20.045063965435176,191.50348480557287,98.97830167583128,170.47908942824037,-64.94463607792501,29.948848609811016,35.0,0.12048803304217792,12.29390722645348
15.953306039000006,107.44208323299975,SAT_10090,20.080687225015495,191.70386564071217,98.98236621039479,170.46944329255726,-64.90901281834469,29.964297935377978,35.0,0.12034076541717972,12.283526695748224
15.953306039000006,107.54208323299974,SAT_10090,20.077490896274,191.68588629154124,98.98200260843981,170.4703074014532,-64.91220914708619,29.962911228618704,35.0,0.12035398880658682,12.284458985445115
15.953306039000006,107.64208323299974,SAT_10090,20.06511090452483,191.61624883795216,98.98059254043336,170.4736533469476,-64.92458913883536,29.957539109567303,35.0,0.12040520772268387,12.288069693732389
15.953306039000006,107.74208323299973,SAT_10090,20.043556550558833,191.49500559689346,98.97813079470865,170.4794753888782,-64.94614349280135,29.948181590323543,35.0,0.12049439146665115,12.294355302780046
15.953306039000006,107.84208323299973,SAT_10090,20.01284398071178,191.32224739150377,98.97460823507984,170.48776356376155,-64.97685606264841,29.934838691963943,35.0,0.12062148673321905,12.303309704117591
15.953306039000006,107.94208323299972,SAT_10090,19.972996099144012,191.09810305768508,98.97001170534544,170.4985037413963,-65.01670394421618,29.91751044454225,35.0,0.12078641788179656,12.314924229480336
15.953306039000006,108.04208323299972,SAT_10004,19.962465971913744,191.03887109201483,98.96879280733367,170.50136044833567,-65.02723407144644,29.91294052565031,35.0,0.12082988650622399,12.317984262254864
15.953306039000006,108.14208323299971,SAT_10004,20.010952426487506,191.31160739899224,98.9743914560116,170.48829478175762,-64.97874761687268,29.934028937038526,35.0,0.120629193785455,12.30385257836814
15.953306039000006,108.2420832329997,SAT_10004,20.050318028418957,191.53303890985663,98.97890469287184,170.47767058690323,-64.93938201494123,29.951130004572295,35.0,0.12046629297807386,12.292375139632222
16.053306039000006,107.54208323299974,SAT_10090,20.11298579174445,191.88554507856256,98.9860313763151,170.46070612891629,-64.87671425161574,29.978303686766765,35.0,0.12020715756601982,12.27410465190019
16.053306039000006,107.64208323299974,SAT_10090,20.100600035406245,191.81587519916013,98.98462883349043,170.46405779933482,-64.88910000795394,29.972934261675064,35.0,0.12025839027696225,12.277718080017216
16.053306039000006,107.74208323299973,SAT_10090,20.079035672476408,191.6945756576798,98.98218024681982,170.4698897922724,-64.91066437088378,29.96358143495405,35.0,0.12034759795254127,12.284008415612892
16.053306039000006,107.84208323299973,SAT_10090,20.048308901289488,191.52173756975338,98.97867656389015,170.47819211023355,-64.9413911420707,29.950245227673033,35.0,0.1204747271303699,12.292969532379823
16.053306039000006,107.94208323299972,SAT_10090,20.008442699570963,191.2974901850867,98.97410474947533,170.4889505749115,-64.98125734378922,29.932925669875473,35.0,0.1206397019473062,12.304592736805871
16.053306039000006,108.04208323299972,SAT_10004,19.98798128832651,191.1823947468366,98.97174751684145,170.4944875892537,-65.00171875503368,29.924041456546984,35.0,0.1207242681208786,12.310548354206084
16.053306039000006,108.14208323299971,SAT_10004,20.036476959050418,191.4551828946586,98.97732350496223,170.4814077571753,-64.95322308430977,29.945119298734628,35.0,0.12052356538914218,12.296411060479949
16.053306039000006,108.2420832329997,SAT_10004,20.0758501300231,191.67665698137992,98.98181855238387,170.47077201231792,-64.91384991333709,29.962211795475813,35.0,0.1203606561785531,12.284929040316422
16.153306039000007,107.24208323299976,SAT_10090,20.120563757648327,191.92817113677182,98.98688950392692,170.45865476172378,-64.86913628571186,29.981587962442447,35.0,0.12017581363636726,12.271893672794164
16.153306039000007,107.34208323299976,SAT_10090,20.135745046279766,192.0135658853237,98.98860254361936,170.45454352302067,-64.85395499708042,29.98816545902382,35.0,0.12011302485686988,12.267463908226695
16.153306039000007,107.44208323299975,SAT_10090,20.141738736066458,192.04728039037383,98.98927771826095,170.45291977153397,-64.84796130729373,29.990761554163583,35.0,0.12008823681842483,12.265714853104916
16.153306039000007,107.54208323299974,SAT_10090,20.138540298377805,192.02928917837517,98.98891750265317,170.45378630328656,-64.85115974498238,29.989376242012625,35.0,0.12010146446021526,12.266648219248227
16.153306039000007,107.64208323299974,SAT_10090,20.126152150424716,191.95960584613903,98.98752057689796,170.4571416258487,-64.86354789293547,29.984009525692105,35.0,0.1201526998084181,12.270263092970469
16.153306039000007,107.74208323299973,SAT_10090,20.10458364201972,191.83828298636095,98.985081812765,170.46297996688793,-64.88511640134047,29.974661417293557,35.0,0.12024191201701223,12.276555939729095
16.153306039000007,107.84208323299973,SAT_10090,20.0738510044514,191.66541190003915,98.98159222060444,170.4712913071811,-64.91584903890879,29.961331937879127,35.0,0.12036904752542132,12.285520622081386
16.153306039000007,107.94208323299972,SAT_10090,20.033977262066173,191.44112209912223,98.97703885582945,170.48206143769073,-64.95572278129401,29.944021117482087,35.0,0.12053403033140958,12.297148430753964
16.153306039000007,108.04208323299972,SAT_10004,20.003576414159,191.27011732964436,98.97354822332744,170.4902838297465,-64.98612362920119,29.930822643303596,35.0,0.12065972076354553,12.30600272199476
16.153306039000007,108.2420832329997,SAT_10004,20.09143815432624,191.76433961808507,98.98359203215136,170.4665572142353,-64.89826188903395,29.968973736935265,35.0,0.12029616943654044,12.280382242297367
16.253306039000005,107.24208323299976,SAT_10090,20.136158471992573,192.0158914049582,98.98865033407564,170.45443153275198,-64.85354157136761,29.98834454309112,35.0,0.12011131503012064,12.267343266676628
16.253306039000005,107.34208323299976,SAT_10090,20.151338524852548,192.10127920229556,98.99035877930159,170.45031837990246,-64.83836151850764,29.994918701631793,35.0,0.12004853679331123,12.262913303443664
16.253306039000005,107.44208323299975,SAT_10090,20.157331728360447,192.1349909720275,98.99103214499617,170.4486938719158,-64.83236831499974,29.997513479268978,35.0,0.12002375291183971,12.261164169441088
16.253306039000005,107.54208323299974,SAT_10090,20.15413355005299,192.1170012190481,98.99067289435393,170.4495608074177,-64.8355664933072,29.996128870155527,35.0,0.12003697833570479,12.262097577709328
16.253306039000005,107.64208323299974,SAT_10090,20.141746409187277,192.04732355167846,98.98927971366625,170.45291769258876,-64.84795363417291,29.99076487741156,35.0,0.12008820508531014,12.265712613910411
16.253306039000005,107.74208323299973,SAT_10090,20.120179663483114,191.92601060709254,98.98684749877222,170.458758749727,-64.86952037987707,29.98142151312453,35.0,0.12017740229231011,12.272005740982292
16.253306039000005,107.84208323299973,SAT_10090,20.089449557931815,191.75315376336647,98.98336730229812,170.46707395030566,-64.90025048542837,29.968098798349505,35.0,0.12030451635739739,12.280970817114818
16.253306039000005,107.94208323299972,SAT_10090,20.049579136264057,191.52888264148532,98.97882624071687,170.47784907212895,-64.94012090709613,29.950796763109643,35.0,0.12046947122344816,12.29259912685339
16.353306039000003,107.04208323299977,SAT_10090,20.083936799395644,191.7221444966005,98.98274298641883,170.46856468977566,-64.90576324396454,29.965707618676237,35.0,0.12032732198702223,12.2825788508781
16.353306039000003,107.14208323299977,SAT_10090,20.117437351468737,191.91058510201165,98.9865390505944,170.45950115080203,-64.87226269189145,29.980233066416876,35.0,0.12018874489631082,12.272805862609987
16.353306039000003,107.24208323299976,SAT_10090,20.141784104543305,192.0475355880561,98.98928508822439,170.45290747945077,-64.84791593881688,29.990781203355272,35.0,0.12008804919164695,12.265701613529735
16.353306039000003,107.34208323299976,SAT_10090,20.156958741377267,192.13289292024714,98.99099120689539,170.4487949831264,-64.83274130198292,29.99735200571708,35.0,0.12002529531246824,12.261273029261138
16.353306039000003,107.44208323299975,SAT_10090,20.16294980660956,192.16659266217877,98.9916636566474,170.44717073460876,-64.82675023675063,29.999945458692682,35.0,0.12000052104704058,12.2595244397875
16.353306039000003,107.54208323299974,SAT_10090,20.15975276935798,192.14860932763864,98.99130489460069,170.44803753163038,-64.82994727400221,29.998561556436883,35.0,0.12001374133949379,12.260457557469222
16.353306039000003,107.64208323299974,SAT_10090,20.147370048035683,192.07895652020073,98.98991361028564,170.45139388084857,-64.8423299953245,29.99320030206876,35.0,0.1200649482133646,12.264071468331325
16.353306039000003,107.74208323299973,SAT_10090,20.125810997100885,191.95768685869248,98.98748471213894,170.4572340064035,-64.8638890462593,29.983861707671732,35.0,0.12015411081241603,12.270362636715127
16.353306039000003,107.84208323299973,SAT_10090,20.095091855892434,191.78489168939495,98.984009274919,170.4655478829596,-64.89460818746775,29.97054579429384,35.0,0.12028117555832231,12.279324923243653
16.353306039000003,112.04208323299949,SAT_10004,20.11428181405786,191.89283520407545,98.98618309020345,170.46037642530558,-64.87541822930233,29.978877917414295,35.0,0.12020167659967794,12.27371804481136
16.453306039000005,106.74208323299979,SAT_10090,19.924582166129326,190.82577468447747,98.96440584775878,170.5115325825547,-65.06511787723086,29.896432026074606,35.0,0.12098685256007212,12.329030468190682
16.453306039000005,106.94208323299978,SAT_10090,20.03702287724512,191.45825368450383,98.97739487972146,170.48123932984424,-64.95267716611507,29.945344005243918,35.0,0.12052142742246254,12.296260414092282
16.453306039000005,107.04208323299977,SAT_10090,20.079625276729942,191.69789218160594,98.98225482459166,170.46973039484124,-64.91007476663025,29.963837229302897,35.0,0.1203451587302727,12.283836442361634
16.453306039000005,107.14208323299977,SAT_10090,20.113104679577006,191.88621382262065,98.98605072384879,170.46067395000279,-64.87659536378318,29.97835521776763,35.0,0.12020666581283693,12.274069965735185
16.453306039000005,107.24208323299976,SAT_10090,20.137436044799387,192.02307775199654,98.98879664428097,170.45408544889696,-64.8522639985608,29.988897937909314,35.0,0.12010603132897645,12.266970456244174
16.453306039000005,107.34208323299976,SAT_10090,20.15260108334293,192.10838109380398,98.99050269102271,170.449976181247,-64.83709896001726,29.99546536596148,35.0,0.12004331562718464,12.262544829104558
16.453306039000005,107.44208323299975,SAT_10090,20.15858835751014,192.14205951099456,98.99117511261068,170.4483532087502,-64.83111168585005,29.998057487119414,35.0,0.12001855643876838,12.260797407780489
16.453306039000005,107.54208323299974,SAT_10090,20.15539334341227,192.12408755669404,98.99081636557682,170.44921932475074,-64.83430669994792,29.99667429553985,35.0,0.12003176868531101,12.261729902051705
16.453306039000005,107.64208323299974,SAT_10090,20.14301845572919,192.0544788134767,98.98942513976512,170.4525730382486,-64.846681587631,29.99131579434084,35.0,0.12008294440238498,12.265341399320846
16.453306039000005,107.74208323299973,SAT_10090,20.12147303448907,191.93328581900101,98.98699634483468,170.4584085824381,-64.86822700887112,29.981981995601796,35.0,0.12017205278028063,12.271628369254541
16.453306039000005,111.54208323299952,SAT_10004,20.127876779359468,191.96930688389702,98.9877198413023,170.45669569719595,-64.86182326400072,29.98476927038271,35.0,0.12014544667661314,12.269751390510866
16.453306039000005,111.7420832329995,SAT_10004,20.14425484186728,192.06143348550347,98.98956499305673,170.4522591368178,-64.84544520149291,29.991863768144285,35.0,0.12007771125793491,12.264972121561469
16.553306039000006,106.74208323299979,SAT_10090,19.910456013828906,190.7463150777876,98.962761118961,170.51532996318275,-65.07924402953128,29.89027660286026,35.0,0.12104534512088203,12.333145324087917
16.553306039000006,106.84208323299978,SAT_10090,19.971148408610247,191.08770979843266,98.96981713567949,170.49900138504557,-65.01855163474994,29.916706504455753,35.0,0.12079406638339635,12.315462687776732
16.553306039000006,106.94208323299978,SAT_10090,20.022795560358517,191.37822502701667,98.97576698657431,170.48507898062957,-64.96690448300167,29.93916331621319,35.0,0.12058030258827837,12.300408515997008
16.553306039000006,107.04208323299977,SAT_10090,20.06535946703525,191.61764700207328,98.98063319450974,170.47358618213337,-64.92434057632494,29.95764698749335,35.0,0.12040417932710996,12.287997202357799
16.553306039000006,107.14208323299977,SAT_10090,20.098808556747898,191.80579813170692,98.98443397183802,170.46454246525843,-64.89089148661229,29.97215747661808,35.0,0.12026580087886615,12.278240697093073
16.553306039000006,107.24208323299976,SAT_10090,20.123117856614172,191.9425379434547,98.98718341348972,170.45796324032693,-64.86658218674602,29.982694750869324,35.0,0.12016524968661081,12.271148447601798
16.553306039000006,107.34208323299976,SAT_10090,20.13826912746596,192.027763841996,98.9888916447816,170.45385976537415,-64.85143091589423,29.98925878648841,35.0,0.12010258594093985,12.266727351067551
16.553306039000006,107.44208323299975,SAT_10090,20.144250962866394,192.06141166612346,98.98956492671569,170.45223908223556,-64.8454490804938,29.99184956867548,35.0,0.12007784727427857,12.264981719659424
16.553306039000006,107.54208323299974,SAT_10090,20.14105885130435,192.04345603858698,98.9892057207216,170.45310397639008,-64.84864119205584,29.9904670915892,35.0,0.1200910485690716,12.265913258685881
16.553306039000006,107.64208323299974,SAT_10090,20.128695200851695,191.97391050479078,98.98781271403139,170.45645296103686,-64.86100484250849,29.98511135834658,35.0,0.12014218188178413,12.269521057936428
16.653306039000004,106.6420832329998,SAT_10090,19.81681664618648,190.21959363479894,98.95174159359506,170.54045465263883,-65.1728833971737,29.84941439176276,35.0,0.12143319414107527,12.360409942156569
16.653306039000004,106.74208323299979,SAT_10090,19.886428986653755,190.61116304992734,98.9599526821228,170.52178458106357,-65.10327105670643,29.87980152668056,35.0,0.12114484487229205,12.340143157451116
16.653306039000004,106.84208323299978,SAT_10090,19.94705049588319,190.95215903934294,98.96702740635872,170.50548879723328,-65.042649547477,29.906217695717096,35.0,0.12089382660899942,12.322484619351805
16.653306039000004,106.94208323299978,SAT_10090,19.998637112896134,191.24233376004076,98.97299295835619,170.49159445191952,-64.99106293046405,29.92866283929038,35.0,0.12068028509293134,12.307451032741978
16.653306039000004,107.04208323299977,SAT_10090,20.041150982610972,191.48147427718672,98.9778719575412,170.48012488365032,-64.94854906074922,29.94713690677768,35.0,0.12050434545211115,12.295056738424462
16.653306039000004,107.14208323299977,SAT_10090,20.074560655809577,191.66940368892887,98.98168269404638,170.47109948989083,-64.91513938755061,29.96163985651441,35.0,0.12036611157916993,12.285313642595012
16.653306039000004,107.24208323299976,SAT_10090,20.098841257017085,191.8059820707211,98.98443932281268,170.46453361881333,-64.8908587863431,29.97217165579317,35.0,0.12026566561079853,12.278231157712138
16.653306039000004,107.34208323299976,SAT_10090,20.113974618416208,191.89110722859118,98.98615201216593,170.46043848291274,-64.87572542494398,29.97873228086301,35.0,0.12020306751339697,12.273816155380862
16.653306039000004,107.44208323299975,SAT_10090,20.119949378280026,191.92471525282514,98.98682704966085,170.4588210954816,-64.86975066508016,29.981321716928903,35.0,0.12017835477899708,12.272072931748474
16.753306039,106.6420832329998,SAT_10090,19.78300745965153,190.02941696053983,98.94772520198329,170.54950592610123,-65.20669258370866,29.834635566309817,35.0,0.1215732783518214,12.370248945565413
16.753306039,106.74208323299979,SAT_10090,19.85252030391399,190.4204267095162,98.95596944045116,170.5308845845446,-65.1371797394462,29.865006820433756,35.0,0.12128528829360191,12.350016687041764
16.753306039,106.84208323299978,SAT_10090,19.9130547838206,190.7609331589909,98.96307256617905,170.51463150480598,-65.07664525953959,29.89140918399393,35.0,0.12103458398139434,12.33238835474615
16.753306039,106.94208323299978,SAT_10090,19.96456705882116,191.05068970586902,98.96906195101846,170.50077369690553,-65.02513298453903,29.91384259742758,35.0,0.12082131046257183,12.317380574598511
16.753306039,107.04208323299977,SAT_10090,20.007019464295297,191.28948448666105,98.97396036320649,170.48933437767494,-64.98268057906489,29.932307010128326,35.0,0.12064559226638155,12.305007619251894
16.753306039,107.14208323299977,SAT_10090,20.040380710010922,191.47714149381142,98.97778621270157,170.48033284293868,-64.94931933334927,29.946802380445035,35.0,0.12050753278645779,12.295281338069161
16.753306039,107.24208323299976,SAT_10090,20.064626046730808,191.6135215128608,98.98055374686851,170.47378436012878,-64.92507399662938,29.957328675680863,35.0,0.12040721376381057,12.288211098417642
16.753306039,107.34208323299976,SAT_10090,20.079737399104275,191.69852286996155,98.9822732002586,170.46970008257983,-64.90996264425591,29.96388587209253,35.0,0.12034469487530525,12.283803738893306
16.853306039000003,106.6420832329998,SAT_10090,19.73936178860626,189.78391006091022,98.94250644512198,170.56117479671516,-65.25033825475393,29.815537226977863,35.0,0.1217541566980316,12.382946528318604
16.853306039000003,106.74208323299979,SAT_10090,19.80875695585489,190.17425787668375,98.9507953934143,170.54261333432552,-65.1809430875053,29.845892516461667,35.0,0.12146658614938224,12.362755683492068
16.853306039000003,106.84208323299978,SAT_10090,19.869188481835337,190.51418521032377,98.95793681988798,170.52641272789867,-65.12051156152485,29.87228100165695,35.0,0.12121624858010506,12.345163586703015
16.853306039000003,106.94208323299978,SAT_10090,19.92061279571078,190.8034469758732,98.9639583410198,170.51259981499567,-65.0690872476494,29.894702623020034,35.0,0.12100328818931248,12.33018676748447
16.853306039000003,107.04208323299977,SAT_10090,19.962992465895056,191.0418326206597,98.96888292746297,170.50119766334552,-65.02670757746513,29.91315732996074,35.0,0.12082782877482315,12.317839415305532
16.853306039000003,107.14208323299977,SAT_10090,19.996296396673173,191.22916723128662,98.97272915213182,170.49222544424669,-64.99340364668701,29.927645080841263,35.0,0.1206899731207704,12.308133310160823
16.853306039000003,107.24208323299976,SAT_10090,20.020499993252542,191.36531246204558,98.97551138806084,170.48569832621558,-64.96920005010764,29.93816584297523,35.0,0.1205898024848861,12.301077764382406
16.953306039000005,106.6420832329998,SAT_10090,19.685913928038048,189.48326584521405,98.93606391071766,170.57544013701153,-65.30378611532214,29.792119415520176,35.0,0.12197571568525406,12.39848967814554
16.953306039000005,106.74208323299979,SAT_10090,19.75517354732267,189.87285120369003,98.94440945218687,170.5569495041819,-65.23452649603752,29.82245865655056,35.0,0.12168862397531251,12.378347024430889
16.953306039000005,106.84208323299978,SAT_10090,19.81548646735972,190.2121113788984,98.95159935468672,170.54081096536237,-65.17421357600047,29.84883319052111,35.0,0.12143870508884058,12.360797096070364
16.953306039000005,106.94208323299978,SAT_10090,19.866809434993584,190.5008030718389,98.95766154639861,170.5270511548233,-65.1228906083666,29.87124295790705,35.0,0.12122610222641518,12.345856309223919
16.953306039000005,107.04208323299977,SAT_10090,19.909105293102158,190.73871727369965,98.96261925584633,170.5156929645452,-65.08059475025803,29.88968790813427,35.0,0.12105093832491838,12.333538755522188
16.953306039000005,107.14208323299977,SAT_10090,19.94234317505874,190.92568035970538,98.96649126350962,170.50675541905406,-65.04735686830145,29.904167999578185,35.0,0.12091331545111127,12.323856133374479
17.053306039000002,106.4420832329998,SAT_10004,19.4580193281935,188.20135872108847,98.90792088115842,170.63598911877216,-65.53168071516669,29.691908460006587,35.0,0.12292099814824554,12.464679058252877
17.053306039000002,106.5420832329998,SAT_10090,19.544720094393583,188.6890505309639,98.91875742186433,170.61299742120457,-65.4449799489666,29.730096543912694,35.0,0.12256131603548873,12.43951775563924
17.053306039000002,106.6420832329998,SAT_10090,19.622705530634164,189.12771860981718,98.92837076421492,170.5922762978974,-65.36699451272602,29.76438218313589,35.0,0.12223781739214727,12.416862580572367
17.053306039000002,106.74208323299979,SAT_10090,19.691812099036085,189.51644305707796,98.93678519356595,170.5738672089237,-65.2978879443241,29.794705291932303,35.0,0.12195126269710281,12.396774764635598
17.053306039000002,106.84208323299978,SAT_10090,19.751991084831076,189.85494985217483,98.9440340983164,170.55780012424685,-65.23770895852911,29.821065801846732,35.0,0.12170181342064759,12.379272822708336
17.053306039000002,106.94208323299978,SAT_10090,19.80319959896748,190.1429977441921,98.95014578833042,170.5441014450421,-65.1865004443927,29.843463653373142,35.0,0.12148961161880456,12.36437304110495
17.053306039000002,107.04208323299977,SAT_10090,19.845400798872816,190.38037949365958,98.95514380783646,170.53279386178983,-65.14429924448737,29.86189879595334,35.0,0.12131477924170234,12.352089399409174
17.153306039,106.4420832329998,SAT_10090,19.385392012009547,187.7928300675537,98.89872917214048,170.65515724467787,-65.60430803135064,29.659830648248153,35.0,0.12322265610857051,12.485758778812352
17.153306039,106.5420832329998,SAT_10090,19.47199084448556,188.27994850023126,98.90968713018334,170.63227130705167,-65.51770919887463,29.69805828633162,35.0,0.12286313194985352,12.460633046204721
17.153306039,106.6420832329998,SAT_10090,19.549785371097556,188.71754271242375,98.91939442963643,170.61165326022382,-65.43991467226263,29.73232559047142,35.0,0.1225403002076792,12.438046702302557
17.153306039,106.74208323299979,SAT_10090,19.61872180885362,189.10531017480162,98.92789054715621,170.5933361579945,-65.37097823450657,29.762632483285817,35.0,0.12225433937602595,12.418020220421875
17.153306039,106.84208323299978,SAT_10090,19.67875190426983,189.44297946151778,98.93520941162744,170.5773496751911,-65.31094813909036,29.78897889634099,35.0,0.12200540947079044,12.40057195076946
17.153306039,106.94208323299978,SAT_10090,19.729833177060016,189.7303116209626,98.94137978817777,170.5637199512609,-65.25986686630017,29.811364770149474,35.0,0.1217936512622685,12.385718033926477
17.153306039,107.34208323299976,SAT_10090,19.84403387428435,190.37269054284945,98.95498728187559,170.53316038319676,-65.14566616907584,29.861301996221624,35.0,0.12132044154985237,12.352487340550855
17.253306039,106.24208323299982,SAT_10004,19.432683668682145,188.05884563633708,98.90474460070094,170.6426885758857,-65.55701637467804,29.680729285303855,35.0,0.12302617230502144,12.472030911791176
17.253306039,106.34208323299981,SAT_10004,19.362630590804486,187.66479707327522,98.89583423737879,170.66118188367744,-65.6270694525557,29.64978038230439,35.0,0.12331705189082214,12.492350899291822
17.253306039,106.4420832329998,SAT_10090,19.30325701329933,187.33082069980875,98.88819712120977,170.67679995194408,-65.68644303006086,29.623493754897325,35.0,0.12356379956531494,12.509573033448797
17.253306039,106.5420832329998,SAT_10090,19.38962407976598,187.81663544868363,98.89927950573797,170.65404041401308,-65.60007596359421,29.661700833222422,35.0,0.12320508242001532,12.484531300383528
17.253306039,106.6420832329998,SAT_10090,19.46720907369891,188.2530510395564,98.90909619533659,170.63353680983397,-65.52249096966128,29.69594970762215,35.0,0.12288297968610284,12.462020887763352
17.253306039,106.74208323299979,SAT_10090,19.53595877586642,188.6397681142486,98.91768740907855,170.61532183282173,-65.45374126749377,29.72624030073874,35.0,0.12259766807337634,12.442062067337394
17.253306039,106.84208323299978,SAT_10090,19.595825442315856,188.97651811302669,98.92508770903532,170.5994248318096,-65.39387460104433,29.752572544159552,35.0,0.12234930598957046,12.424673007404698
17.353306039000003,106.14208323299982,SAT_10004,19.391791772788537,187.82882872193554,98.89956736979313,170.65348909518104,-65.59790827057165,29.662670428355668,35.0,0.1231959536365584,12.483893650109719
17.353306039000003,106.24208323299982,SAT_10004,19.33079381362819,187.48571520165856,98.89176117921235,170.6695716062924,-65.658906229732,29.635696486489156,35.0,0.12344928232274203,12.501581827605996
17.353306039000003,106.34208323299981,SAT_10004,19.26096344621024,187.0929193849326,98.8827234305215,170.68794106490913,-65.72873659714995,29.604764314081372,35.0,0.12373939201692785,12.521820454305265
17.353306039000003,106.4420832329998,SAT_10090,19.211566030427747,186.81505892115607,98.8762630611124,170.70088789205664,-65.77813401293244,29.582837851085863,35.0,0.12394480644500303,12.53613916551665
17.353306039000003,106.5420832329998,SAT_10090,19.29768138464047,187.29945778860264,98.88748839098955,170.67826690295084,-65.69201865871972,29.621024264095208,35.0,0.12358696297175446,12.511189056892338
17.353306039000003,106.6420832329998,SAT_10090,19.375038806223387,187.73459328500655,98.89743073590722,170.6578887339873,-65.6146612371368,29.655254614134392,35.0,0.12326564951108415,12.48876146777281
17.353306039000003,106.74208323299979,SAT_10090,19.44358569052467,188.12016950920125,98.90613117366732,170.63978568578207,-65.54611435283552,29.685528823869394,35.0,0.12298104082509959,12.468876450097733
17.453306039,106.04208323299983,SAT_10004,19.332173368164007,187.4934751959225,98.89195051513734,170.66920825421823,-65.65752667519618,29.636307012667185,35.0,0.12344355204230475,12.50118188160283
17.453306039,106.14208323299982,SAT_10004,19.280229169673618,187.2012890794141,98.8852404407813,170.68287750289514,-65.70947087368657,29.61330387451916,35.0,0.12365934214928694,12.516237903161306
17.453306039,106.24208323299982,SAT_10004,19.21944013739713,186.85935077285885,98.87731085309046,170.69884303087858,-65.77025990596306,29.586344596825494,35.0,0.12391195040077767,12.533849521509197
17.453306039,106.34208323299981,SAT_10004,19.14984770508785,186.46789334111918,98.86812935683504,170.71707939634425,-65.83985233827234,29.55542924049333,35.0,0.1242012391526619,12.554000943268754
17.453306039,106.4420832329998,SAT_10090,19.110386110875766,186.24592187367617,98.86287238765998,170.72737991850576,-65.87931393248442,29.537863025737206,35.0,0.12436545383361962,12.565431585882246
17.453306039,106.5420832329998,SAT_10090,19.19623050194498,186.72879657344052,98.87426029825689,170.70490918263036,-65.7934695414152,29.576028667913498,35.0,0.1240085484845945,12.540580478213757
17.453306039,106.6420832329998,SAT_10090,19.27334294378133,187.16255405876998,98.88434553930952,170.68466703685124,-65.71635709957886,29.610240399007584,35.0,0.12368808255945588,12.51824237917574
17.553306039,105.94208323299983,SAT_10004,19.25392930079161,187.0533523169528,98.88183307463868,170.68978898837375,-65.73577074256858,29.601645359257645,35.0,0.12376862118357165,12.523858492268896
17.553306039,106.04208323299983,SAT_10004,19.211024059751338,186.81201033610128,98.8762201110922,170.7010507633362,-65.77867598360885,29.58260882558278,35.0,0.12394692963431726,12.536287116221093
17.553306039,106.14208323299982,SAT_10090,19.18286776359831,186.6536311702405,98.872512973132,170.70841142436976,-65.80683227976188,29.570093239964994,35.0,0.12406409477206587,12.544450000585046
17.553306039,106.24208323299982,SAT_10090,19.15737998188024,186.51026239807635,98.86914219085352,170.71508702408846,-65.83232006147995,29.558766488346492,35.0,0.12417005316733822,12.55182947257064
17.553306039,106.34208323299981,SAT_10090,19.123152136728834,186.3177307690997,98.86459181321855,170.7240424963784,-65.86654790663135,29.543544003377317,35.0,0.12431236796017982,12.561737045670105
17.553306039,106.4420832329998,SAT_10090,19.080207228846305,186.07616566226048,98.85884374838696,170.7352637195217,-65.90949281451388,29.524425819631556,35.0,0.1244909627353133,12.574163951888426
17.553306039,106.5420832329998,SAT_10090,19.08534497519011,186.10506548544436,98.85953371179839,170.73392213859245,-65.90435506817008,29.526714143096683,35.0,0.12446959433143902,12.572677478342872
17.653306039,105.84208323299984,SAT_10090,19.337554351598826,187.52374322774338,98.8926649785443,170.66777005429418,-65.65214569176136,29.638676475871833,35.0,0.12342132947980661,12.499630783859212
17.653306039,105.94208323299983,SAT_10090,19.338368779930946,187.52832438711158,98.89276958670273,170.66755549861014,-65.65133126342924,29.639036842264698,35.0,0.12341794668078336,12.499394660403016
17.653306039,106.04208323299983,SAT_10090,19.33038438441963,187.48341216236042,98.89174340896716,170.66965867221086,-65.65931565894056,29.635503596387977,35.0,0.12345111118632876,12.50170947193135
17.653306039,106.14208323299982,SAT_10090,19.31360664852373,187.389037397946,98.88958248405922,170.67407620430092,-65.67609339483646,29.62807674626712,35.0,0.12352080480435797,12.506573131998291
17.653306039,106.24208323299982,SAT_10090,19.28804707085142,187.24526477353925,98.88627844383376,170.6808010272094,-65.70165297250877,29.616756308771734,35.0,0.12362698938188872,12.513981264689189
17.653306039,106.34208323299981,SAT_10090,19.253723106660757,187.05219247496677,98.8818184238879,170.689822413957,-65.73597693669943,29.60154230961595,35.0,0.1237696069889376,12.523927225369453
17.653306039,106.4420832329998,SAT_10090,19.210658079458696,186.80995169695518,98.8761849252017,170.70112603500704,-65.77904196390149,29.582434783358977,35.0,0.12394858019672841,12.536402132056699
17.753306039,105.74208323299985,SAT_10090,19.449375187430803,188.15273542929825,98.90690206363803,170.63825471842313,-65.54032485592938,29.688083315905203,35.0,0.12295700737444087,12.467196446037015
17.753306039,105.84208323299984,SAT_10090,19.45901293598297,188.20694776490424,98.9081154641102,170.63570544035446,-65.53068710737722,29.692334909313495,35.0,0.1229170006315416,12.464399575704723
17.753306039,105.94208323299983,SAT_10090,19.459829488328168,188.21154087184593,98.90821817734331,170.63548941505968,-65.52987055503202,29.692695073714155,35.0,0.12291361117839174,12.464162602508107
17.753306039,106.04208323299983,SAT_10090,19.451824277480796,188.1665115608295,98.90721059468248,170.63760699130887,-65.53787576587939,29.689163808288992,35.0,0.1229468408945256,12.466485741964986
17.753306039,106.14208323299982,SAT_10090,19.435002858626532,188.07189107977425,98.90508887366234,170.6420547520453,-65.55469718473366,29.68174112106002,35.0,0.12301667136402515,12.471366882384329
17.753306039,106.24208323299982,SAT_10090,19.40937688059627,187.92774495335402,98.90184489748434,170.64882553272258,-65.58032316276392,29.670427028889627,35.0,0.12312306396488082,12.478801594966084
17.753306039,106.34208323299981,SAT_10090,19.374964026208687,187.73417264742386,98.89746618908022,170.65790845964625,-65.6147360171515,29.655221557480942,35.0,0.1232659600559981,12.488783154930198
17.753306039,106.4420832329998,SAT_10090,19.331787922125784,187.49130706195754,98.89193577812176,170.66928900789068,-65.6579121212344,29.636124741378367,35.0,0.12344528126009692,12.501302573461986
17.853306039,105.74208323299985,SAT_10090,19.561375488090817,188.78273712051086,98.92088994079063,170.6085767251079,-65.42832455526937,29.737424867411725,35.0,0.12249221495495455,12.434680482618246
17.853306039,105.84208323299984,SAT_10090,19.571036166662182,188.8370784374748,98.92208325201108,170.6060114000692,-65.418663876698,29.74167406466544,35.0,0.12245213685283476,12.431874404441402
17.853306039,105.94208323299983,SAT_10090,19.571854662819263,188.84168247835836,98.92218426555355,170.60579401452168,-65.41784538054092,29.742034026081146,35.0,0.12244874135046133,12.431636650749931
17.853306039,106.04208323299983,SAT_10090,19.563830402760857,188.79654601552983,98.92119336199885,170.60792492163648,-65.42586964059933,29.738504750841006,35.0,0.12248203034856107,12.433967439455284
17.853306039,106.14208323299982,SAT_10090,19.546969008421982,188.70170067237365,98.91910680461457,170.61240066125723,-65.4427310349382,29.731086246963624,35.0,0.12255198522362044,12.438864635420986
17.853306039,106.24208323299982,SAT_10090,19.521282268427797,188.55721275990635,98.91591670026416,170.61921397858526,-65.46841777493239,29.71977853130421,35.0,0.1226585669186356,12.446323760732698
17.853306039,106.34208323299981,SAT_10090,19.486788077351065,188.36318293509976,98.91161091651415,170.6283538632482,-65.50291196600912,29.70458162955496,35.0,0.12280171613302186,12.456338016182844
17.853306039,106.4420832329998,SAT_10090,19.4435103439356,188.11974568463776,98.90617295337375,170.63980560830845,-65.54618969942459,29.685495576245582,35.0,0.12298135360989038,12.468898313751838
17.953306038999997,105.64208323299985,SAT_10090,19.64532453028673,189.25495048286282,98.93120256059525,170.5862557737679,-65.34437551307346,29.774313232953144,35.0,0.12214401461728586,12.410288957641425
17.953306038999997,105.74208323299985,SAT_10090,19.66386022863078,189.35921378604814,98.9334581991301,170.5813185658997,-65.3258398147294,29.782447044636637,35.0,0.12206715408494845,12.40490113938141
17.953306038999997,105.84208323299984,SAT_10090,19.673541624258462,189.41367163645384,98.93463357185078,170.57873853991762,-65.31615841910173,29.786693834022746,35.0,0.12202701203458882,12.402086701172259
17.953306038999997,105.94208323299983,SAT_10090,19.674361876654018,189.41828555617886,98.93473306765794,170.57851990821138,-65.31533816670617,29.78705359146126,35.0,0.12202361111114167,12.401848238844906
17.953306038999997,106.04208323299983,SAT_10090,19.666320405742795,189.3730522823032,98.93375705758764,170.5806630280075,-65.32337963761739,29.783526316134683,35.0,0.12205695323477901,12.404185972509788
17.953306038999997,106.14208323299982,SAT_10090,19.64942289490652,189.2780037838492,98.93170189866022,170.58516439942855,-65.34027714845367,29.776112016058224,35.0,0.12212701959151108,12.40909774549182
17.953306038999997,106.24208323299982,SAT_10090,19.623681261456852,189.13320709569481,98.92855989604783,170.5920166845002,-65.36601878190334,29.76481070807998,35.0,0.12223377072521897,12.416579034757891
17.953306038999997,106.34208323299981,SAT_10090,19.589113594888744,188.9387639712492,98.9243192228564,170.60120874689233,-65.40058644847144,29.749622417881277,35.0,0.12237714673024178,12.426622972730161
17.953306038999997,106.4420832329998,SAT_10090,19.545744063589893,188.69481035769314,98.91896379602093,170.61272571194223,-65.4439559797703,29.730547179977222,35.0,0.12255706754269087,12.4392203802626
18.053306039,105.64208323299985,SAT_10090,19.73818177506088,189.77727248471746,98.94243906407328,170.56149003198306,-65.25151826829931,29.81502057161936,35.0,0.12175904755458457,12.383289760381022
18.053306039,105.74208323299985,SAT_10090,19.756752689661866,189.88173387934802,98.94466410240422,170.55652739023415,-65.23294735369832,29.823149749126387,35.0,0.12168207943818593,12.377887633152369
18.053306039,105.84208323299984,SAT_10090,19.766452507893405,189.9362953569004,98.94582355120876,170.55393406175807,-65.22324753546678,29.827394118937764,35.0,0.12164188110636023,12.375065711540106
18.053306039,105.94208323299983,SAT_10090,19.767274322045125,189.94091806150382,98.9459216997197,170.55371430243167,-65.22242572131506,29.827753671407343,35.0,0.12163847541167502,12.374826614879062
18.053306039,106.04208323299983,SAT_10090,19.759217546340892,189.8955986981675,98.94495891055206,170.5558684731717,-65.2304824970193,29.824228405717964,35.0,0.12167186429191491,12.377170565273634
18.053306039,106.14208323299982,SAT_10090,19.742287919999924,189.80036954999957,98.94293162343995,170.56039303796302,-65.24741212336026,29.816818329881478,35.0,0.12174202876056364,12.382095386518147
18.053306039,106.24208323299982,SAT_10090,19.71649747727136,189.6552983096514,98.93983231850571,170.56728058315986,-65.27320256608883,29.805523460738893,35.0,0.12184892900000317,12.389596514667865
18.053306039,106.34208323299981,SAT_10090,19.681864484768226,189.4604877268213,98.93564943838275,170.57651985784415,-65.30783555859196,29.790343823960743,35.0,0.12199250455653782,12.39966702015201
18.153306039,105.54208323299986,SAT_10090,19.793906550959264,190.09072434914586,98.94910061966058,170.5465892280614,-65.19579349240092,29.83940128612728,35.0,0.12152811650543803,12.367077433961366
18.153306039,105.64208323299985,SAT_10090,19.821380570038528,190.24526570646674,98.95235945717377,170.5392319962952,-65.16831947332166,29.85140837096273,35.0,0.12141428604872567,12.359081561940469
18.153306039,105.74208323299985,SAT_10090,19.839982169183685,190.34989970165822,98.95455754099734,170.53424668749344,-65.1497178741765,29.85953289188198,35.0,0.12133722546068486,12.35366685310437
18.153306039,105.84208323299984,SAT_10090,19.849698040178453,190.4045514760038,98.95570296281112,170.53164150353635,-65.14000200318173,29.86377483041737,35.0,0.121296978749772,12.350838351312976
18.153306039,105.94208323299983,SAT_10090,19.850521215211444,190.40918183556437,98.9557999245139,170.5314207392466,-65.13917882814874,29.864134176926765,35.0,0.12129356895365857,12.350598696875235
18.153306039,106.04208323299983,SAT_10090,19.84245110340757,190.36378745666758,98.95484878134162,170.53358475884522,-65.14724893995262,29.860610930593353,35.0,0.12132699802583098,12.352948113674913
18.153306039,106.14208323299982,SAT_10090,19.825493493928562,190.26840090334815,98.95284604550682,170.53812999395348,-65.16420654943163,29.85320509942564,35.0,0.12139724682596578,12.357884408077815
18.153306039,106.24208323299982,SAT_10090,19.799660525611486,190.1230904565646,98.94978435042617,170.54504896316058,-65.1900395177487,29.8419167002576,35.0,0.121504275214173,12.365402979631545
18.253306038999998,105.34208323299987,SAT_10090,19.785750640722355,190.04484735406325,98.94813592452256,170.5487719299201,-65.20394940263783,29.83583517613886,35.0,0.12156191136243756,12.369450737494159
18.253306038999998,105.44208323299986,SAT_10090,19.830967047372795,190.29918964147197,98.95349807294475,170.53666318368485,-65.15873299598739,29.855595911122673,35.0,0.1213745713099773,12.356291152115238
18.253306038999998,105.54208323299986,SAT_10090,19.867344395214204,190.50381222307993,98.95778317041587,170.52690760069322,-65.12235564814598,29.871476381586486,35.0,0.12122388649229955,12.345700542546957
18.253306038999998,105.64208323299985,SAT_10090,19.894856742800968,190.65856917825548,98.96100708629199,170.5195211670984,-65.09484330055922,29.88347655142519,35.0,0.12110994270577834,12.337688742180244
18.253306038999998,105.74208323299985,SAT_10090,19.913484363569637,190.7633495450792,98.96318166683378,170.5145160426967,-65.07621567979055,29.891596393356522,35.0,0.12103280516702832,12.33226322528335
18.253306038999998,105.84208323299984,SAT_10090,19.923213848813035,190.81807789957332,98.96431485748303,170.51190049456864,-65.06648619454715,29.895835888920484,35.0,0.12099251819314687,12.329429070705856
18.253306038999998,105.94208323299983,SAT_10090,19.92403817802986,190.82271475141798,98.96441078431502,170.51167885172816,-65.06566186533033,29.896195028478942,35.0,0.12098910498353578,12.329188937097566
18.253306038999998,106.04208323299983,SAT_10090,19.915956755874532,190.77725675179425,98.96346979615912,170.51385148129742,-65.07374328748566,29.89267381121543,35.0,0.12102256750540054,12.331543049898261
18.253306038999998,106.14208323299982,SAT_10090,19.89897541529308,190.68173671102358,98.96148846815397,170.51841478648493,-65.09072462806711,29.88527224513512,35.0,0.12109288648403206,12.336489200233276
18.353306038999996,105.24208323299987,SAT_10090,19.795239388841736,190.09822156223476,98.94926993472767,170.54623247207442,-65.19446065451845,29.83998398549721,35.0,0.1215225938957068,12.366689574045537
18.353306038999996,105.34208323299987,SAT_10090,19.849323327894922,190.40244371940892,98.95566830169233,170.53174199414423,-65.14037671546527,29.863611251944274,35.0,0.12129853090647673,12.350947442358839
18.353306038999996,105.44208323299986,SAT_10090,19.894590682741665,190.65707259042188,98.9609801406442,170.51959263214573,-65.09510936061852,29.883360545463656,35.0,0.12111104452526475,12.337766229411189
18.353306038999996,105.54208323299986,SAT_10090,19.93100922857103,190.86192691071204,98.96522518960346,170.50980424374106,-65.05869081478916,29.899231821145175,35.0,0.12096024133353707,12.327158150859743
18.353306038999996,105.64208323299985,SAT_10090,19.958552858841102,191.01685983098122,98.9684190660255,170.50239292231655,-65.03114718451909,29.91122504289862,35.0,0.12084620763407233,12.319133097467095
18.353306038999996,105.74208323299985,SAT_10090,19.977201721035044,191.1217596808221,98.97057342877747,170.49737090950578,-65.01249832232514,29.91934018345298,35.0,0.12076900902928639,12.313698587243069
18.353306038999996,105.84208323299984,SAT_10090,19.98694232063002,191.17655055354388,98.97169609792563,170.4947465281611,-65.00275772273017,29.92357722435587,35.0,0.12072869009886986,12.310859728826058
18.353306038999996,105.94208323299983,SAT_10090,19.98776759212879,191.18119270572444,98.97179113453677,170.4945241365439,-65.0019324512314,29.92393615597313,35.0,0.12072527417982637,12.310619196480811
18.453306038999997,105.14208323299988,SAT_10090,19.786047573112356,190.046517598757,98.94818238463371,170.548692475154,-65.20365247024783,29.835965021212193,35.0,0.12156068096623429,12.369364335339776
18.453306038999997,105.24208323299987,SAT_10090,19.848963560977012,190.4004200304957,98.95563067067332,170.53183847545498,-65.14073648238318,29.863454196236408,35.0,0.12130002115852481,12.351052182006086
18.453306038999997,105.34208323299987,SAT_10090,19.903094018069652,190.7049038516418,98.96197762580752,170.51730826523536,-65.08660602529054,29.8870677094001,35.0,0.12107583093405304,12.335289638521223
18.453306038999997,105.44208323299986,SAT_10090,19.948400570402583,190.95975320851454,98.96724698555457,170.5051254875843,-65.0412994729576,29.9068055069942,35.0,0.1208882372399927,12.322091255127502
18.453306038999997,105.54208323299986,SAT_10090,19.984850826056288,191.16478589656663,98.97145821852834,170.49531010889137,-65.0048492173039,29.922667544126938,35.0,0.12073734716910027,12.311469305370359
18.453306038999997,105.64208323299985,SAT_10090,20.01241854254131,191.3198543017949,98.97462672996028,170.4878783110343,-64.97728150081888,29.934653784722897,35.0,0.12062324743934387,12.303433727068116
18.453306038999997,105.74208323299985,SAT_10090,20.031083763622007,191.4248461703738,98.97676402083228,170.48284240318276,-64.95861627973818,29.942764201522255,35.0,0.12054600396944888,12.297992074108231
18.453306038999997,105.84208323299984,SAT_10090,20.040832924106624,191.47968519809976,98.9778778055736,170.48021075421633,-64.94886711925356,29.946998776080182,35.0,0.12050566155440016,12.295149479563012
18.453306038999997,105.94208323299983,SAT_10090,20.04165892144303,191.48433143311703,98.97797209047593,170.47998774653428,-64.94804112191716,29.947357498766475,35.0,0.12050224364401799,12.29490863050534
18.553306039,105.14208323299988,SAT_10090,19.82990424574453,190.293211382313,98.95338746021626,170.53694801665296,-65.15979579761566,29.855131713879402,35.0,0.12137897416950698,12.356600520672588
18.553306039,105.24208323299987,SAT_10090,19.89285743029312,190.6473230453988,98.96078584339972,170.52005817604817,-65.09684261306707,29.88260480247136,35.0,0.12111822238478645,12.338271017105482
18.553306039,105.34208323299987,SAT_10090,19.947020182392748,190.95198852595922,98.9670905136385,170.50549695449988,-65.04267986096744,29.90620449722824,35.0,0.12089395210868153,12.322493451587132
18.553306039,105.44208323299986,SAT_10090,19.992353974436384,191.20699110620467,98.97232493504379,170.49328809530834,-64.9973460689238,29.925930744462867,35.0,0.12070629075677267,12.309282427321557
18.553306039,105.54208323299986,SAT_10090,20.028826284168844,191.41214784844976,98.97650835481866,170.4834516499306,-64.96087375919134,29.94178349930176,35.0,0.12055534581830808,12.298650262744205
18.553306039,105.64208323299985,SAT_10090,20.05641076306439,191.5673105422372,98.97965600377309,170.47600386948218,-64.9332892802958,29.953762725684204,35.0,0.1204412043332151,12.290606932164595
18.553306039,105.74208323299985,SAT_10090,20.07508737398672,191.67236647867531,98.98177925312375,170.4709571159757,-64.91461266937347,29.961868396361478,35.0,0.12036393246549644,12.285160017293762
18.553306039,105.84208323299984,SAT_10090,20.084842496621235,191.72723904349445,98.98288573047573,170.46831979430493,-64.90485754673895,29.966100492896274,35.0,0.12032357517708098,12.282314670153221
18.653306038999997,105.24208323299987,SAT_10090,19.926886162269838,190.83873466276785,98.96475711533134,170.51091304620914,-65.06281388109035,29.89743576233754,35.0,0.12097731276573169,12.328359284453017
18.653306038999997,105.34208323299987,SAT_10090,19.9810667878658,191.14350068174514,98.97102834405838,170.49632966291028,-65.00863325549439,29.921021573595876,35.0,0.1207530102326463,12.312572155947334
18.653306038999997,105.44208323299986,SAT_10090,20.026415694523365,191.39858828169395,98.97623513449113,170.48410216475276,-64.96328434883682,29.940736216063335,35.0,0.12056532139236162,12.299353078755033
18.653306038999997,105.54208323299986,SAT_10090,20.062900267176275,191.60381400286656,98.98039655849131,170.4742506640955,-64.92679977618391,29.956579644884613,35.0,0.12041435401384658,12.288714402959169
18.653306038999997,105.64208323299985,SAT_10090,20.09049408178791,191.75902921005698,98.98352770874115,170.46679146162504,-64.89920596157228,29.968551824013595,35.0,0.12030019536414832,12.280666128596684
18.653306038999997,105.74208323299985,SAT_10090,20.109177043609336,191.86412087030251,98.98563985369474,170.46173695718744,-64.88052299975085,29.9766527262126,35.0,0.12022291178028491,12.27521585699572
18.753306038999995,104.94208323299989,SAT_10090,19.735893794807453,189.76440259579195,98.94220797830651,170.56210121854218,-65.25380624855273,29.81401875951059,35.0,0.12176853074048494,12.383955258780654
18.753306038999995,105.04208323299989,SAT_10090,19.816318880854055,190.21679370480408,98.95179115328125,170.54058799012444,-65.17338116250613,29.849196903256807,35.0,0.1214352563845138,12.360554819254
18.753306038999995,105.14208323299988,SAT_10090,19.88804518716033,190.62025417777687,98.9602314711341,170.52135057525007,-65.10165485619986,29.880506354978397,35.0,0.12113815151938002,12.3396724844088
18.753306038999995,105.24208323299987,SAT_10090,19.951022571623852,190.97450196538418,98.96756109573957,170.50441984909313,-65.03867747173634,29.90794704341475,35.0,0.12087738215543166,12.321327283902535
18.753306038999995,105.34208323299987,SAT_10090,20.005206499662165,191.27928656059967,98.97380750652441,170.48982325075488,-64.98449354369802,29.93151890611431,35.0,0.12065309561829332,12.305536103439161
18.753306038999995,105.44208323299986,SAT_10090,20.050558269781817,191.53439026752272,98.97899379234951,170.4775846381089,-64.93914177357837,29.95122188943324,35.0,0.12046541984490163,12.292313605057803
18.753306038999995,105.54208323299986,SAT_10090,20.087045212188784,191.73962931856192,98.98313889430929,170.46772415987408,-64.9026548311714,29.967055948534288,35.0,0.1203144627657227,12.28167215706589
18.753306038999995,105.64208323299985,SAT_10090,20.114640858318737,191.89485482804292,98.98625780208056,170.4602581463319,-64.87505918504145,29.979021047385856,35.0,0.1202003117789003,12.2736217743165
18.753306038999995,105.74208323299985,SAT_10090,20.133325079448298,191.9999535718967,98.98836170748966,170.45519901991622,-64.85637496391189,29.987117158761215,35.0,0.1201230333213004,12.268170069435572
18.853306038999996,104.7420832329999,SAT_10090,19.56348512633241,188.7946038356198,98.92123621131664,170.60801659921913,-65.42621491702778,29.738352872676057,35.0,0.12248346277503708,12.434067727709676
18.853306038999996,104.8420832329999,SAT_10090,19.661114997585116,189.3437718614163,98.93318951179994,170.58204999277172,-65.32858504577507,29.781242637830758,35.0,0.1220785370383532,12.405699153795762
18.853306038999996,104.94208323299989,SAT_10090,19.750164191436326,189.8446735768293,98.94392371974857,170.5582883802164,-65.23953585192386,29.82026617985675,35.0,0.12170938492739879,12.379804266636809
18.853306038999996,105.04208323299989,SAT_10090,19.830572094113478,190.2969680293883,98.95348127923067,170.53676903318552,-65.15912794924671,29.85542340990622,35.0,0.12137620747661906,12.356406118490796
18.853306038999996,105.14208323299988,SAT_10090,19.902283179226487,190.700342883149,98.96189921256993,170.5175261212301,-65.0874168641337,29.886714247940063,35.0,0.12107918866928968,12.335525802174372
18.853306038999996,105.24208323299987,SAT_10090,19.96524728014822,191.05451595083375,98.96920953225397,170.50059053693514,-65.02445276321197,29.9141386227262,35.0,0.12081849458073421,12.3171823544223
18.853306038999996,105.34208323299987,SAT_10090,20.019419840356534,191.35923660200552,98.97543958941758,170.48598973498434,-64.97028020300365,29.937696471838056,35.0,0.1205942725942942,12.301392667263075
18.853306038999996,105.44208323299986,SAT_10090,20.064762139171506,191.6142870328397,98.9806123658845,170.47374758688338,-64.92493790418868,29.957387741653257,35.0,0.12040665069707397,12.288171408261487
18.853306038999996,105.54208323299986,SAT_10090,20.101241490515662,191.8194833841506,98.98474671546326,170.4638842529243,-64.88845855284453,29.9732123873525,35.0,0.12025573686189893,12.277530950410835
18.853306038999996,105.64208323299985,SAT_10090,20.128831412575224,191.97467669573567,98.98785755909185,170.4564160728074,-64.86086863078496,29.98517037291859,35.0,0.12014161852123989,12.269481312374912
18.953306038999997,104.64208323299991,SAT_10090,19.46188535932467,188.22310514620128,98.90859646172308,170.63494549117235,-65.52781468403552,29.69360184194088,35.0,0.12290507746276183,12.463565957341288
18.953306038999997,104.7420832329999,SAT_10090,19.567979651717778,188.8198855409125,98.9217992876601,170.60682312939772,-65.42172039164241,29.740329790035297,35.0,0.12246481682791886,12.432762235452069
18.953306038999997,104.8420832329999,SAT_10090,19.665562705878045,189.368790220564,98.93373657881668,170.58086493042913,-65.32413733748214,29.783193923231448,35.0,0.12206009493846774,12.404406235346002
18.953306038999997,104.94208323299989,SAT_10090,19.754569155141652,189.8694514976718,98.94445656366749,170.5571110555756,-65.23513088821854,29.822194143909808,35.0,0.12169112880991742,12.378522847742822
18.953306038999997,105.04208323299989,SAT_10090,19.834938425770588,190.32152864495956,98.95400158127289,170.5355987526915,-65.1547616175896,29.85733036325792,35.0,0.12135811933821618,12.355135108817795
18.953306038999997,105.14208323299988,SAT_10090,19.906615028359738,190.72470953452353,98.96240856343364,170.51636216933304,-65.08308501500045,29.88860250126852,35.0,0.12106125037870366,12.33426409655724
18.953306038999997,105.24208323299987,SAT_10090,19.969548829948266,191.078712168459,98.96970944518664,170.49943217804153,-65.02015121341192,29.91601048673786,35.0,0.12080068789025981,12.315928834217988
18.953306038999997,105.34208323299987,SAT_10090,20.023695304115762,191.38328608565115,98.97593151211022,170.48483621556105,-64.96600473924443,29.939554257264202,35.0,0.12057657915213474,12.300146201795448
18.953306038999997,105.44208323299986,SAT_10090,20.06901575649232,191.6382136302693,98.98109769139118,170.4725981377037,-64.92068428686787,29.959233759246494,35.0,0.12038905206047112,12.286930856350203
18.953306038999997,105.54208323299986,SAT_10090,20.10547752331962,191.84331106867288,98.98522679232461,170.46273809143833,-64.88422252004057,29.97504894788324,35.0,0.1202382145109493,12.276295161974524
19.053306038999995,104.44208323299992,SAT_10090,19.219374300160155,186.85898043840086,98.87751817944475,170.69883958163103,-65.77032574320003,29.586303796330185,35.0,0.12391235336691686,12.533877604532272
19.053306038999995,104.54208323299991,SAT_10090,19.342187258360468,187.54980332827762,98.89342379379772,170.66654946513034,-65.64751278499972,29.640726332297618,35.0,0.12340208649064156,12.498287565676357
19.053306038999995,104.64208323299991,SAT_10090,19.45663860277004,188.1935921405815,98.90794739590444,170.63633355387623,-65.53306144059015,29.691287596184512,35.0,0.12292685641006032,12.465088626488363
19.053306038999995,104.7420832329999,SAT_10090,19.562654447270475,188.7899312658964,98.92115076880168,170.6082371560906,-65.42704559608971,29.73798747279645,35.0,0.12248690897150102,12.434309003824051
19.053306038999995,104.8420832329999,SAT_10090,19.66016506349345,189.33842848215068,98.93308858541108,170.58230307258438,-65.32953497986674,29.780825855746887,35.0,0.12208247592817435,12.405975287101061
19.053306038999995,104.94208323299989,SAT_10090,19.74910520141364,189.83871675795174,98.94380906672217,170.5585713918896,-65.24059484194655,29.819802647454917,35.0,0.12171377391504008,12.380112323596844
19.053306038999995,105.04208323299989,SAT_10090,19.829414396407913,190.29045597979453,98.95335454563114,170.5370792936965,-65.16028564695227,29.85491775914321,35.0,0.12138100347285796,12.356743108926123
19.053306038999995,105.14208323299988,SAT_10090,19.901037259887545,190.69333458686742,98.96176194888518,170.51786086251371,-65.08866278347264,29.886171110836145,35.0,0.12108434812948048,12.335888683665596
19.053306038999995,105.24208323299987,SAT_10090,19.963923750679186,191.04707109757044,98.96906320740331,170.50094691342582,-65.025776292681,29.913562631358115,35.0,0.1208239735462019,12.317568037067094
19.053306038999995,105.34208323299987,SAT_10090,20.018029424440996,191.3514155124806,98.97528560343697,170.48636483175372,-64.97167061891919,29.93709225833205,35.0,0.1206000267366221,12.30179801876091
19.053306038999995,105.44208323299986,SAT_10090,20.06331565855328,191.6061505793622,98.980452061518,170.4741384283239,-64.92638438480691,29.95675993817808,35.0,0.12041263536501261,12.28859325929608
19.053306038999995,105.54208323299986,SAT_10090,20.09974985012944,191.81109290697813,98.9845813888616,170.46428781191628,-64.88995019323075,29.972565626112416,35.0,0.12026190713059225,12.277966100296286
19.153306038999993,104.24208323299993,SAT_10004,19.428283679307896,188.0340956961069,98.90438686521608,170.64385145472656,-65.56141636405229,29.678787067797902,35.0,0.12304443910792416,12.473307538015716
19.153306038999993,104.34208323299993,SAT_10004,19.312527882294958,187.38296933790917,98.88962634457673,170.67438091284208,-65.67717216106523,29.627610781585553,35.0,0.12352515775377414,12.506876872054939
19.153306038999993,104.44208323299992,SAT_10090,19.204574491977525,186.7757315173736,98.87559225505423,170.70272148225231,-65.78512555138266,29.579733846253077,35.0,0.12397386610607525,12.538164049277343
19.153306038999993,104.54208323299991,SAT_10090,19.32726614598846,187.4658720711851,98.89152119186063,170.67047989061078,-65.66243389737173,29.634123518183305,35.0,0.12346406368153054,12.50261346126272
19.153306038999993,104.64208323299991,SAT_10090,19.441603758567055,188.1090211419397,98.90606590424834,170.64030971458305,-65.54809628479313,29.684654249842257,35.0,0.12298926842107856,12.469451551631247
19.153306038999993,104.7420832329999,SAT_10090,19.547513654149043,188.70476430458834,98.91928831336519,170.61225612991453,-65.44218638921114,29.731325926080846,35.0,0.12254972548892436,12.43870645988853
19.153306038999993,104.8420832329999,SAT_10090,19.644926305323693,189.25271046744575,98.93124321343262,170.58636181080465,-65.3447737380365,29.774138440554367,35.0,0.12214566598939149,12.410404701796818
19.153306038999993,104.94208323299989,SAT_10090,19.733776652079158,189.75249366794526,98.94197893170636,170.56266672591875,-65.25592339128103,29.813091695720285,35.0,0.1217773059457754,12.3845710551368
19.153306038999993,105.04208323299989,SAT_10090,19.81400440754969,190.20377479246702,98.95153789381543,170.54120794268334,-65.1756956358105,29.84818560283617,35.0,0.12144484532824742,12.361228450635076
19.153306038999993,105.14208323299988,SAT_10090,19.885554347387313,190.60624320405364,98.95995710697083,170.52201944177241,-65.10414569597287,29.87942008195783,35.0,0.12114846713882357,12.340397869019473
19.153306038999993,105.24208323299987,SAT_10090,19.948376579952253,190.95961826223143,98.96726857134935,170.505131943646,-65.04132346340793,29.906795061937622,35.0,0.12088833656117136,12.322098245138383
19.153306038999993,105.34208323299987,SAT_10090,20.002426794619254,191.26365071973333,98.97349962814236,170.4905727489405,-64.98727324874093,29.930310480422985,35.0,0.1206646001826718,12.306346380040738
19.153306038999993,105.44208323299986,SAT_10090,20.04766648566033,191.51812398183935,98.97867325124048,170.47836559440069,-64.94203355769986,29.949966283855087,35.0,0.12047738529568555,12.29315686185857
19.153306038999993,105.54208323299986,SAT_10090,20.084063149359395,191.7228552151466,98.98280828823935,170.46853052591783,-64.90563689400079,29.965762427467727,35.0,0.12032679928439433,12.28254199626629
19.153306038999993,105.64208323299985,SAT_10090,20.111590452256323,191.87769629394182,98.98591965535282,170.46108379007788,-64.87810959110386,29.977698875286382,35.0,0.12021292910290936,12.27451174720946
19.253306038999995,104.04208323299994,SAT_10004,19.646646748106207,189.26238795809743,98.93146078357272,170.58592458848773,-65.34305329525398,29.774905591588528,35.0,0.12213840664123678,12.409895891713528
19.253306038999995,104.14208323299994,SAT_10004,19.54778279070426,188.70627819771147,98.91933115673721,170.6122055657193,-65.44191725265593,29.731456274200994,35.0,0.1225484828552824,12.438619478282336
19.253306038999995,104.24208323299993,SAT_10004,19.44045468808335,188.10255762046882,98.9059322079939,170.64063432853652,-65.54924535527684,29.684158977933485,35.0,0.12299391151781991,12.469776093155991
19.253306038999995,104.34208323299993,SAT_10004,19.32473258228596,187.45162077535852,98.89120842174538,170.67116782913232,-65.66496746107423,29.633013810662376,35.0,0.12347445945897771,12.503338983145307
19.253306038999995,104.44208323299992,SAT_10004,19.20069068836945,186.75388512207815,98.8750971059854,170.7037605654068,-65.78900935499074,29.57802088905182,35.0,0.1239898796925569,12.5392797989432
19.253306038999995,104.54208323299991,SAT_10090,19.30259769808643,187.32711205173618,98.888357846904,170.67697343294714,-65.68710234527376,29.62320175747282,35.0,0.1235665385909643,12.509764131208486
19.253306038999995,104.64208323299991,SAT_10090,19.41679238692342,187.96945717644422,98.90294439332017,170.64686686118142,-65.57290765643677,29.673701817418678,35.0,0.12309227517386892,12.476650337500152
19.253306038999995,104.7420832329999,SAT_10090,19.52256902632891,188.56445077310013,98.9162044828929,170.61887281552816,-65.46713101703128,29.720345164453676,35.0,0.12265322744279804,12.445950138513998
19.253306038999995,104.8420832329999,SAT_10090,19.61985836657965,189.11170331201052,98.92819316277071,170.59303379440533,-65.36984167678054,29.763131692274698,35.0,0.12224962561026127,12.417689949039653
19.253306038999995,104.94208323299989,SAT_10090,19.70859561021929,189.61085030748353,98.93895898132354,170.56938960007022,-65.2811044331409,29.80206130337732,35.0,0.12188168485916222,12.391894451588827
19.253306038999995,105.04208323299989,SAT_10090,19.788720715993932,190.0615540274659,98.94854455675534,170.54797714410526,-65.20097932736626,29.837133909053783,35.0,0.121549604375933,12.368586487938854
19.253306038999995,105.14208323299988,SAT_10090,19.860178686485682,190.46350511148196,98.95698706306928,170.52883026304744,-65.1295213568745,29.868349429391117,35.0,0.12125356644049579,12.34778695677769
19.253306038999995,105.24208323299987,SAT_10090,19.922919836656817,190.8164240811946,98.96431864376598,170.5119795460125,-65.06678020670337,29.895707793269477,35.0,0.12099373558076587,12.329514718379581
19.253306038999995,105.34208323299987,SAT_10090,19.976900040628337,191.1200627285344,98.97056676182594,170.49745217609257,-65.01280000273185,29.919208938360626,35.0,0.12077025779905859,12.313786507200852
19.253306038999995,105.44208323299986,SAT_10090,20.022080954168956,191.37420536720037,98.97575449299593,170.48527178720929,-64.96761908919123,29.938852811126647,35.0,0.12058325987729569,12.300616853231293
19.253306038999995,105.54208323299986,SAT_10090,20.05843021057288,191.57866993447246,98.97990076810515,170.47545833796974,-64.93126983278731,29.954639366818817,35.0,0.12043284876733368,12.29001801286904
19.253306038999995,105.64208323299985,SAT_10090,20.085921587840815,191.7333089316046,98.98302056902865,170.46802800391788,-64.90377845551937,29.966568569476642,35.0,0.12031911107206054,12.28199991000607
19.253306038999995,105.74208323299985,SAT_10090,20.104535145356948,191.83801019263282,98.98512508195647,170.46299308938904,-64.88516489800324,29.974640391927142,35.0,0.12024211262213978,12.276570087919195
19.353306038999996,103.94208323299995,SAT_10004,19.73920342123688,189.78301924445745,98.94264261702273,170.56123804074633,-65.25049662212331,29.815479995081105,35.0,0.12175468903961763,12.382983887418467
19.353306038999996,104.04208323299994,SAT_10004,19.648919180824777,189.2751703921394,98.93174460041851,170.58531944313899,-65.34078086253541,29.775902959837843,35.0,0.12212898340118955,12.409235395833079
19.353306038999996,104.14208323299994,SAT_10004,19.550109650900737,188.71936678631664,98.91962767962595,170.61158805665744,-65.43959039245945,29.7324801986317,35.0,0.12253882882532692,12.437943705608383
19.353306038999996,104.24208323299993,SAT_10004,19.442840519394494,188.11597792159404,98.90624294494373,170.64000352928215,-65.5468595239657,29.685211810513106,35.0,0.12298400718883519,12.469083798007814
19.353306038999996,104.34208323299993,SAT_10004,19.327181863883624,187.46539798434537,98.89153499446694,170.67052285225927,-65.66251817947656,29.63409790331449,35.0,0.12346428553944402,12.502628944992331
19.353306038999996,104.44208323299992,SAT_10004,19.203207831980677,186.7680440548913,98.87544126671055,170.70310056428423,-65.78649221137951,29.57913859365245,35.0,0.1239794171188084,12.538550823628924
19.353306038999996,104.54208323299991,SAT_10090,19.268200624883733,187.13362851497098,98.88392052947265,170.68601858998906,-65.72149941847645,29.607961074050138,35.0,0.12370944913753854,12.5197324534
19.353306038999996,104.64208323299991,SAT_10090,19.382223501392602,187.7750071953334,98.89856995420307,170.65599329811673,-65.60747654196759,29.658430322862987,35.0,0.12323581362536623,12.486677753088474
19.353306038999996,104.7420832329999,SAT_10090,19.487839863299953,188.36909923106222,98.91188665530377,170.6280753349211,-65.50186018006023,29.70504521192442,35.0,0.12279735088559675,12.45603270617795
19.353306038999996,104.8420832329999,SAT_10090,19.584980814050965,188.91551707903668,98.92392606697885,170.60230697469228,-65.40471922930922,29.74780563497262,35.0,0.12239428999954993,12.427823599590004
19.353306038999996,104.94208323299989,SAT_10090,19.67358189009056,189.4138981317594,98.93473707571854,170.57872780752848,-65.31611815326963,29.786711494541038,35.0,0.12202684508439222,12.402074995197799
19.353306038999996,105.04208323299989,SAT_10090,19.753583362500024,189.86390641406265,98.94436259400065,170.55737454633538,-65.23611668086016,29.821762701956352,35.0,0.12169521433285228,12.378809622148268
19.353306038999996,105.14208323299988,SAT_10090,19.824930522424623,190.26523418863852,98.95284005053911,170.53828084391023,-65.16476952093556,29.852959177336626,35.0,0.1213995791094631,12.358048275252505
19.353306038999996,105.24208323299987,SAT_10090,19.88757394752858,190.61760345484828,98.96020180757733,170.5214771219458,-65.10212609583161,29.880300849589606,35.0,0.12114010311097408,12.33980972036445
19.353306038999996,105.34208323299987,SAT_10090,19.941469746834244,190.92076732594265,98.96647551387319,170.50699041371033,-65.04823029652594,29.90378765641125,35.0,0.12091693159822484,12.324110607628644
19.353306038999996,105.44208323299986,SAT_10090,19.986579781442828,191.1745112706159,98.97168440047221,170.49484422207132,-65.00312026191736,29.923419544284403,35.0,0.12073019070630935,12.310965393424125
19.353306038999996,105.54208323299986,SAT_10090,20.022871858843104,191.37865420599246,98.97584752505728,170.485058394391,-64.96682818451708,29.9391964684777,35.0,0.12057998683929197,12.300386271764506
19.353306038999996,105.64208323299985,SAT_10090,20.050319898743368,191.53304943043145,98.97897996954224,170.477649015672,-64.93938014461682,29.951118393044602,35.0,0.12046640615506468,12.29238311583435
19.353306038999996,105.74208323299985,SAT_10090,20.068904068637067,191.63758538608352,98.9810929946062,170.47262832115007,-64.92079597472312,29.95918529082266,35.0,0.12038951414517658,12.286963430250541
19.453306038999994,104.14208323299994,SAT_10004,19.54262164815809,188.67724677088924,98.91871002924606,170.6135750664863,-65.4470783952021,29.72918491275677,35.0,0.12256989661149266,12.44011834486108
19.453306038999994,104.24208323299993,SAT_10004,19.435439338442393,188.07434627873846,98.90532076762679,170.64196018577545,-65.5542607049178,29.681945563234617,35.0,0.12301473220329759,12.471231350173664
19.453306038999994,104.34208323299993,SAT_10004,19.319873863106807,187.42429047997578,98.89060784088517,170.67244712829748,-65.66982618025338,29.630863057171204,35.0,0.12349464217873811,12.504747466948375
19.453306038999994,104.44208323299992,SAT_10004,19.195999220591005,186.7274956158244,98.8745086670022,170.70499052585654,-65.79370082276918,29.575937511135884,35.0,0.1240093802670961,12.54063842778143
19.453306038999994,104.54208323299991,SAT_10090,19.224100886770174,186.88556748808222,98.87819038966087,170.69759940660705,-65.76559915659001,29.58840150124496,35.0,0.12389270915767876,12.532508542070238
19.453306038999994,104.64208323299991,SAT_10090,19.33792346115142,187.52581946897675,98.8929242102191,170.66767281560914,-65.65177658220877,29.638839799569723,35.0,0.1234197963493363,12.499523769820023
19.453306038999994,104.7420832329999,SAT_10090,19.443352900038306,188.11886006271547,98.9063168770709,170.63984723816245,-65.54634714332188,29.685426101947492,35.0,0.12298200720399889,12.468943999902924
19.453306038999994,104.8420832329999,SAT_10090,19.540320733907606,188.66430412823027,98.91842434938961,170.6141646771522,-65.44937930945258,29.728160302157466,35.0,0.12257956943698353,12.440795365020872
19.453306038999994,104.94208323299989,SAT_10090,19.628762902904384,189.16179132883718,98.92929597205536,170.5906644657898,-65.3609371404558,29.76704230277073,35.0,0.12221269587872045,12.415102281558
19.453306038999994,105.04208323299989,SAT_10090,19.708620055706888,189.61098781335124,98.93897505632472,170.5693830764396,-65.2810799876533,29.802072015148184,35.0,0.12188158352236254,12.39188734283951
19.453306038999994,105.14208323299988,SAT_10090,19.779837832291975,190.01158780664235,98.94749937594281,170.55035393946076,-65.20986221106821,29.833249359438707,35.0,0.12158641262756198,12.371171218418604
19.453306038999994,105.24208323299987,SAT_10090,19.842367127873715,190.36331509428965,98.95490158935671,170.5336072738752,-65.14733291548647,29.86057426457747,35.0,0.12132734588797,12.352972560300783
19.453306038999994,105.34208323299987,SAT_10090,19.896164335402062,190.66592438663662,98.9612095968085,170.5191699315972,-65.09353570795813,29.884046668284455,35.0,0.12110452766966799,12.337307916975725
19.453306038999994,105.44208323299986,SAT_10090,19.941191564154494,190.91920254836901,98.96644683951033,170.5070652568679,-65.0485084792057,29.90366651706315,35.0,0.12091808332727869,12.32419165607368
19.453306038999994,105.54208323299986,SAT_10090,19.97741683215149,191.12296968085215,98.97063254677539,170.49731296240705,-65.0122832112087,29.919433766199425,35.0,0.12076811860394426,12.313635896397129
19.453306038999994,105.64208323299985,SAT_10090,20.0048142303624,191.2770800457885,98.9737819358405,170.48992902363833,-64.98488581299779,29.931348379760607,35.0,0.12065471912069439,12.305650449999375
19.453306038999994,105.74208323299985,SAT_10090,20.023364056934668,191.3814228202575,98.97590636813088,170.4849255921691,-64.96633598642552,29.939410330594708,35.0,0.12057794995997614,12.300242774891155
19.55330603899999,104.14208323299994,SAT_10004,19.525324594848968,188.57995084602544,98.9165747321759,170.61816301736235,-65.46437544851122,29.721570423781266,35.0,0.12264166695879514,12.44514118797133
19.55330603899999,104.24208323299993,SAT_10004,19.41825683463027,187.97769469479528,98.90316214842146,170.64650079783678,-65.57144320872992,29.674360243240077,35.0,0.12308606770042485,12.476216586432788
19.55330603899999,104.34208323299993,SAT_10004,19.3028141393131,187.3283295336362,98.88842337342861,170.67693723913084,-65.68688590404709,29.62330927930647,35.0,0.12356551093380261,12.509692433288915
19.55330603899999,104.44208323299992,SAT_10004,19.17907027702485,186.6322703082648,98.87229565321996,170.70942711808755,-65.81062976633534,29.568417648502823,35.0,0.12407975113385532,12.545540545616753
19.55330603899999,104.54208323299991,SAT_10090,19.170331549132555,186.58311496387066,98.8711427308493,170.71169556785458,-65.81936849422763,29.56452308183364,35.0,0.12411620886299615,12.548079799343698
19.55330603899999,104.64208323299991,SAT_10090,19.28392582262161,187.2220827522466,98.88598309810392,170.68188478494992,-65.70577422073858,29.614930290379686,35.0,0.1236441120026371,12.51517561416571
19.55330603899999,104.7420832329999,SAT_10090,19.38914215557456,187.8139246251069,98.89947165098437,170.6541676007264,-65.60055788778563,29.661487877423177,35.0,0.12320708359357639,12.484671080888843
19.55330603899999,104.8420832329999,SAT_10090,19.485912577396306,188.35825824785422,98.91166501669443,170.62858570068778,-65.50378746596388,29.7041957367841,35.0,0.12280534975584725,12.456592152304356
19.55330603899999,104.94208323299989,SAT_10090,19.574173499850886,188.85472593666125,98.92261312320939,170.6051781176757,-65.4155265435093,29.743053771070908,35.0,0.12243912181741151,12.430963075087094
19.55330603899999,105.04208323299989,SAT_10090,19.653866012697478,189.3029963214233,98.93235978888146,170.58398104282668,-65.33583403066271,29.778061891678504,35.0,0.12210859537093283,12.4078062841436
19.55330603899999,105.14208323299988,SAT_10090,19.724936163356077,189.70276591887793,98.94094322606858,170.5650276464627,-65.26476388000411,29.809220018786387,35.0,0.12181394938629864,12.387142302941493
19.55330603899999,105.24208323299987,SAT_10090,19.787335217916237,190.05376060077882,98.94839646965407,170.54834791069771,-65.20236482544395,29.83652808135697,35.0,0.12155534538634621,12.368989650716859
19.55330603899999,105.34208323299987,SAT_10090,19.841019900912286,190.3557369426316,98.95474773940293,170.53396847547157,-65.1486801424479,29.85998601713411,35.0,0.12133292669290376,12.353364757417529
19.55330603899999,105.44208323299986,SAT_10090,19.88595261143503,190.60848343932204,98.96002074349518,170.52191249962942,-65.10374743192516,29.87959377264179,35.0,0.12114681774980288,12.34028188718771
19.55330603899999,105.54208323299986,SAT_10090,19.922101613345944,190.81182157507092,98.96423492921916,170.51219953853467,-65.06759843001424,29.89535130318302,35.0,0.12099712352896279,12.329753071133634
19.55330603899999,105.64208323299985,SAT_10090,19.949441197589337,190.96560673644,98.96740568564844,170.50484543955253,-65.04025884577085,29.907258572838884,35.0,0.12088392902499234,12.321788050032216
19.55330603899999,105.74208323299985,SAT_10090,19.967951814866936,191.0697289586265,98.9695445021224,170.4998622565629,-65.02174822849325,29.915315554467803,35.0,0.12080729884301351,12.316394227555154
19.653306038999993,104.14208323299994,SAT_10004,19.498231889360255,188.42755437765146,98.91321318648369,170.62534366271842,-65.49146815399993,29.70963674835425,35.0,0.12275409547556444,12.4530071441602
19.653306038999993,104.24208323299993,SAT_10004,19.391306189166485,187.82609731406146,98.89975829928743,170.6536172571183,-65.5983938541937,29.662455867115966,35.0,0.12319796997784972,12.484034494213525
19.653306038999993,104.34208323299993,SAT_10004,19.276015643757404,187.1775879961354,98.88497259652202,170.68398522264687,-65.71368439960278,29.611436586239055,35.0,0.12367684883374833,12.517458914361212
19.653306038999993,104.44208323299992,SAT_10004,19.152433710801546,186.48243962325867,98.86879299903268,170.71640253246315,-65.83726633255864,29.556579022199237,35.0,0.12419048751899014,12.553252334775737
19.653306038999993,104.7420832329999,SAT_10090,19.32524874195758,187.45452417351137,98.89132165494355,170.67101114619615,-65.66445130140261,29.633230590698837,35.0,0.12347244365893219,12.503198302246362
19.653306038999993,104.8420832329999,SAT_10090,19.42179796627994,187.99761356032468,98.90361938559418,170.64554444266486,-65.56790207708025,29.6759119912541,35.0,0.12307149295283064,12.475198132716665
19.653306038999993,104.94208323299989,SAT_10090,19.509855774257133,188.49293873019639,98.91466041132126,170.6222428585626,-65.47984426910305,29.714745951892482,35.0,0.12270598341260085,12.449641379020337
19.653306038999993,105.04208323299989,SAT_10090,19.589363758139612,188.9401711395353,98.92448917078485,170.60114226448655,-65.40033628522058,29.749732384042666,35.0,0.12237610903528075,12.426550295741396
19.653306038999993,105.14208323299988,SAT_10090,19.660268429469525,189.33900991576607,98.93314441272439,170.58227553440463,-65.32943161389066,29.78087120791457,35.0,0.12208204732147587,12.405945240079133
19.653306038999993,105.24208323299987,SAT_10090,19.722521476764243,189.68918330679887,98.94065963224851,170.5656723804631,-65.26717856659594,29.808162352497668,35.0,0.12182395846040377,12.387844580170116
19.653306038999993,105.34208323299987,SAT_10090,19.77608000220107,189.99045001238102,98.9470634396756,170.55135920106926,-65.21362004115912,29.831605755559536,35.0,0.12160198458455419,12.372264611064836
19.653306038999993,105.44208323299986,SAT_10090,19.82090673491693,190.24260038390773,98.95237986943445,170.5393589438363,-65.16879330844326,29.851201363644535,35.0,0.1214162491005168,12.359219479150967
19.653306038999993,105.54208323299986,SAT_10090,19.856970218724697,190.44545748032644,98.95662863514404,170.5296909848551,-65.13272982463549,29.866949132072683,35.0,0.12126685610198003,12.348721115751077
19.653306038999993,105.64208323299985,SAT_10090,19.884244972280072,190.5988779690754,98.9598253358049,170.5223710256034,-65.10545507108012,29.878849024938752,35.0,0.12115388987025914,12.340779180545194
19.653306038999993,105.74208323299985,SAT_10004,19.920053721246433,190.8003021820112,98.96400143303336,170.51277113123717,-65.06964632211375,29.89447131735112,35.0,0.12100548090440957,12.330341027323296
19.753306038999995,104.8420832329999,SAT_10090,19.348025460318695,187.58264321429266,98.8942527366035,170.6650110482388,-65.64167458304149,29.64330912741723,35.0,0.12337783791885398,12.496594824301074
19.753306038999995,104.94208323299989,SAT_10090,19.43585882522855,188.0767058919106,98.9054038104873,170.6418284882626,-65.55384121813164,29.68211890713424,35.0,0.12301311785467897,12.471118519148598
19.753306038999995,105.04208323299989,SAT_10090,19.51516288439774,188.5227912247373,98.91532978555377,170.62083622521988,-65.47453715896245,29.71708355418361,35.0,0.12268396015344485,12.44810052777273
19.753306038999995,105.14208323299988,SAT_10090,19.585884667982157,188.92060125739965,98.92407004989045,170.60206680185885,-65.40381537537803,29.74820298880548,35.0,0.12239054067303201,12.427561021651625
19.753306038999995,105.24208323299987,SAT_10090,19.64797633647224,189.26986689265635,98.93165864703465,170.58554962863144,-65.34172370688795,29.775477140016235,35.0,0.12213301811178824,12.409518200160951
19.753306038999995,105.34208323299987,SAT_10090,19.70139541394036,189.57034920341457,98.93812465260015,170.57131083405463,-65.28830462941983,29.798905945606997,35.0,0.12191153327276776,12.393988207699431
19.753306038999995,105.44208323299986,SAT_10090,19.746104998213497,189.82184061495093,98.94349248962098,170.55937312973,-65.24359504514669,29.81848935214236,35.0,0.1217262084032437,12.38098505915581
19.753306038999995,105.54208323299986,SAT_10090,19.78207394581257,190.0241659451957,98.94778218889583,170.5497556914603,-65.20762609754762,29.834227314959264,35.0,0.12157714661538958,12.370520574431204
19.753306038999995,105.64208323299985,SAT_10004,19.817461177527278,190.22321912359095,98.95197851435202,170.54030296587624,-65.17223886583291,29.849708188541644,35.0,0.12143040059507666,12.360213687903236
19.753306038999995,105.74208323299985,SAT_10004,19.87478287824112,190.5456536901063,98.9587231154183,170.52493223215035,-65.11491716511907,29.87473397419453,35.0,0.12119295527208264,12.343525951891158
19.753306038999995,105.84208323299984,SAT_10004,19.923381831134265,190.81902280013026,98.96439204463063,170.51187634147428,-65.06631821222592,29.895921369313427,35.0,0.12099170045453812,12.329371539610538
19.853306038999992,104.8420832329999,SAT_10090,19.264650289498334,187.11365787842814,98.88352388735639,170.68695158215917,-65.72504975386185,29.606387216573154,35.0,0.12372420128347657,12.520761186992361
19.853306038999992,104.94208323299989,SAT_10090,19.35223848554064,187.60634148116608,98.89480297118759,170.6639006857105,-65.63746155781955,29.645172708144543,35.0,0.12336033986865232,12.49537324038494
19.853306038999992,105.04208323299989,SAT_10090,19.431319775438723,188.0511737368428,98.9048420152418,170.64302825097565,-65.55838026792146,29.68011547349358,35.0,0.12303196171211123,12.472435528727281
19.853306038999992,105.14208323299988,SAT_10090,19.50184176003414,188.44785990019204,98.91368115623908,170.62436645622302,-65.48785828332605,29.71121543289043,35.0,0.12273924086228796,12.45196801913117
19.853306038999992,105.24208323299987,SAT_10090,19.563757119117128,188.79613379503385,98.92135507971199,170.60794437995614,-65.42594292424306,29.738472515378188,35.0,0.12248233437555789,12.433988725289558
19.853306038999992,105.34208323299987,SAT_10090,19.6170238409114,189.09575910512666,98.92789340581959,170.5937878537694,-65.37267620244879,29.761886658771395,35.0,0.12226138159096132,12.418513625859811
19.853306038999992,105.44208323299986,SAT_10090,19.66160542882203,189.3465305371239,98.93332101229203,170.5819193296407,-65.32809461453816,29.781457809654743,35.0,0.12207650347922064,12.405556591072974
19.853306038999992,105.54208323299986,SAT_10090,19.697471083337803,189.54827484377515,98.93765830098356,170.57235776306442,-65.29222896002238,29.797185923381978,35.0,0.12192780207182835,12.395129318268108
19.853306038999992,105.64208323299985,SAT_10004,19.76247719037238,189.91393419584466,98.94545483285651,170.55501794856457,-65.22722285298781,29.825666893906067,35.0,0.12165823169010874,12.376213566639196
19.853306038999992,105.74208323299985,SAT_10004,19.819678599133596,190.2356921201265,98.95224570789118,170.53970893968656,-65.17002144422659,29.850676996437816,35.0,0.12142121393203018,12.359568287045816
19.853306038999992,105.84208323299984,SAT_10004,19.86817517512341,190.5084853600692,98.95795334847038,170.5267056492215,-65.12152486823678,29.871851113895143,35.0,0.12122032277777899,12.345450010132646
19.95330603899999,104.94208323299989,SAT_10090,19.259057016906468,187.0821957200989,98.88281071710627,170.6884212043766,-65.73064302645372,29.60390743572334,35.0,0.12374744267691899,12.52238181512355
19.95330603899999,105.04208323299989,SAT_10090,19.337897297713923,187.52567229964083,98.89297954918777,170.66767970817907,-65.65180274564626,29.63882822281612,35.0,0.1234199050214823,12.499531355261832
19.95330603899999,105.14208323299988,SAT_10090,19.408203117466428,187.92114253574866,98.90193217419882,170.64913551468837,-65.58149692589376,29.66990862105175,35.0,0.12312793747775332,12.479142094779386
19.95330603899999,105.24208323299987,SAT_10090,19.46992772017383,188.26834342597778,98.90970401965969,170.63281734180276,-65.51977232318636,29.69714855949987,35.0,0.12287169531571361,12.46123184556775
19.95330603899999,105.34208323299987,SAT_10090,19.52302959830044,188.56704149043998,98.91632533492405,170.61875069860116,-65.46667044505975,29.720547975998276,35.0,0.12265131628180735,12.445816406175052
19.95330603899999,105.44208323299986,SAT_10090,19.567472695815255,188.8170339139608,98.92182152298027,170.6069577550889,-65.42222734754493,29.740106817151645,35.0,0.12246691995822978,12.432909489649443
19.95330603899999,105.54208323299986,SAT_10004,19.63200572589433,189.18003220815564,98.92973026059192,170.58982232099754,-65.35769431746586,29.768478224042685,35.0,0.12219912224053091,12.414151098270471
19.95330603899999,105.64208323299985,SAT_10004,19.697717704642287,189.54966208861285,98.93769551200208,170.5723128928364,-65.2919823387179,29.797306086335915,35.0,0.12192665519378483,12.395048877023616
19.95330603899999,105.74208323299985,SAT_10004,19.754784326601538,189.87066183713364,98.94454259698358,170.55707448419827,-65.23491571675865,29.82230043667316,35.0,0.12169011316369199,12.378451556069846
19.95330603899999,105.84208323299984,SAT_10004,19.80316618002,190.1428097626125,98.95029725763337,170.54413135561035,-65.18653386334019,29.843461217990356,35.0,0.12148962668062985,12.364374099039567
19.95330603899999,105.94208323299983,SAT_10004,19.842829550685494,190.36591622260588,98.95498085042101,170.53350427022036,-65.1468704926747,29.860788381978,35.0,0.12132530733641676,12.352829297095909
20.05330603899999,105.04208323299989,SAT_10090,19.234964461508724,186.94667509598656,98.87968879610042,170.69474822072647,-65.75473558185146,29.59322189244831,35.0,0.12384756078809744,12.529361692785217
20.05330603899999,105.14208323299988,SAT_10090,19.305038339899824,187.34084066193648,98.88877039458166,170.6763312240709,-65.68466170346036,29.624282643625076,35.0,0.12355639935975476,12.509056723654787
20.05330603899999,105.24208323299987,SAT_10090,19.366558261791013,187.68689022257448,98.89665351527539,170.66012542650785,-65.62314178156917,29.6515053627507,35.0,0.12330086812032219,12.491220849691707
20.05330603899999,105.34208323299987,SAT_10090,19.41948326166532,187.98459334686746,98.90336912778696,170.64615599054096,-65.57021678169487,29.674889987686086,35.0,0.12308110310148318,12.475869675738508
20.05330603899999,105.44208323299986,SAT_10004,19.483571301148714,188.34508856896153,98.91142136696888,170.62922647995492,-65.50612874221147,29.70317557942827,35.0,0.1228149402907022,12.457262901394113
20.05330603899999,105.54208323299986,SAT_10004,19.55769170675464,188.76201585049483,98.92062484512698,170.60957556098927,-65.43200833660555,29.735816213403,35.0,0.12250737207304521,12.435741616946233
20.05330603899999,105.64208323299985,SAT_10004,19.623232997363857,189.1306856101717,98.92866795761789,170.59215684364094,-65.36646704599633,29.76462582783829,35.0,0.12223550459361476,12.416700525600064
20.05330603899999,105.74208323299985,SAT_10004,19.680150701901354,189.45084769819513,98.93558160128873,170.5769976770222,-65.30954934145883,29.789604356939773,35.0,0.12199948531269916,12.400156536063703
20.05330603899999,105.84208323299984,SAT_10004,19.728405798396793,189.72228261598195,98.94139193485942,170.5641220722324,-65.2612942449634,29.81075174366545,35.0,0.1217994435338716,12.38612447286257
20.05330603899999,105.94208323299983,SAT_10004,19.767964907838802,189.94480260659327,98.94612065862391,170.5535505777887,-65.22173513552139,29.828067939724495,35.0,0.12163548979597127,12.374617007661184
20.05330603899999,106.04208323299983,SAT_10004,19.79880046193307,190.11825259837354,98.9497852428548,170.54530017173622,-65.19089958142712,29.841552905576265,35.0,0.12150771534847532,12.365644599918692
20.05330603899999,106.14208323299982,SAT_10004,19.8208908430059,190.2425109919082,98.95239910928139,170.53938417160896,-65.16880920035429,29.851206610429482,35.0,0.12141619171505165,12.359215447459762
20.05330603899999,106.24208323299982,SAT_10004,19.834220494561322,190.31749028190745,98.95397176904773,170.5358121632391,-65.15547954879887,29.85702903224159,35.0,0.12136097034932858,12.355335447452054
20.153306038999993,104.8420832329999,SAT_10090,18.957554643607693,185.3862448702933,98.8426437866464,170.76722035767568,-66.0321453997525,29.469708056786246,35.0,0.125001254747082,12.609631844115983
20.153306038999993,104.94208323299989,SAT_10090,19.044289855167463,185.874130435317,98.85442539713651,170.74463589114993,-65.94541018819272,29.508420041057786,35.0,0.12464036249831471,12.584553975602267
20.153306038999993,105.04208323299989,SAT_10090,19.122596056478983,186.31460281769427,98.864908185533,170.7241879031793,-65.8671039868812,29.54329658214329,35.0,0.12431468027530618,12.561897985569876
20.153306038999993,105.14208323299988,SAT_10090,19.19242284576218,186.70737850741227,98.87413527321264,170.70590729699666,-65.797277197598,29.574337600401858,35.0,0.12402437577343238,12.541683125229785
20.153306038999993,105.24208323299987,SAT_10090,19.25372471980748,187.05220154891708,98.88214390354257,170.68982199022514,-65.73597532355271,29.601543024955696,35.0,0.12376960028564087,12.523926757997636
20.153306038999993,105.34208323299987,SAT_10004,19.31739724407467,187.41035949792,98.8903735965493,170.67309913823345,-65.67230279928552,29.629766656367718,35.0,0.12350493004805327,12.505465387371734
20.153306038999993,105.44208323299986,SAT_10004,19.399814624467,187.87395726262685,98.90089210820074,170.6513712802212,-65.58988541889319,29.666215033546074,35.0,0.12316264022941656,12.481566531988644
20.153306038999993,105.54208323299986,SAT_10004,19.473725336530805,188.2897050179858,98.91019987187771,170.63183304556253,-65.51597470682938,29.69883490288639,35.0,0.12285580596177867,12.46012075819147
20.153306038999993,105.64208323299985,SAT_10004,19.539080216954474,188.65732622036893,98.91833353868245,170.61451463712118,-65.45061982640571,29.72762618986926,35.0,0.12258459047015803,12.441146788683637
20.153306038999993,105.74208323299985,SAT_10004,19.595835280243378,188.976573451369,98.92532458501671,170.59944309349464,-65.39386476311681,29.75258882872562,35.0,0.12234913968160277,12.424661358666187
20.153306038999993,105.84208323299984,SAT_10004,19.643951933124896,189.24722962382754,98.93119965718851,170.58664215144995,-65.34574811023529,29.773722762435398,35.0,0.122149581549099,12.410679139671632
20.153306038999993,105.94208323299983,SAT_10004,19.68339716522256,189.4691090543769,98.93598085780252,170.5761321234658,-65.30630287813763,29.791027942726327,35.0,0.12198602545236435,12.399212671945783
20.153306038999993,106.04208323299983,SAT_10004,19.714143714041143,189.64205839148144,98.93968597957418,170.5679297916849,-65.27555632931904,29.80450433007296,35.0,0.12185856168088244,12.390272306026224
20.153306038999993,106.14208323299982,SAT_10004,19.73617020254285,189.76595738930357,98.94232869107061,170.56204831942236,-65.25352984081734,29.814151893695843,35.0,0.1217672610038701,12.383866154086961
20.153306038999993,106.24208323299982,SAT_10004,19.749461247855237,189.8407195191857,98.94391867788758,170.55849718120504,-65.24023879550495,29.819970611560898,35.0,0.12171217433113209,12.380000051529688
20.25330603899999,104.64208323299991,SAT_10004,18.639833317446772,183.59906241063808,98.79791077517692,170.84939510521113,-66.34986672591342,29.327187437425593,35.0,0.12632447111513057,12.701334587012745
20.25330603899999,104.7420832329999,SAT_10090,18.741683729147297,184.17197097645354,98.81253698202046,170.82313678044787,-66.24801631421289,29.372990686356598,35.0,0.1259001544533277,12.67197006566829
20.25330603899999,104.8420832329999,SAT_10090,18.836443438625906,184.70499434227074,98.8259047104878,170.7986427386977,-66.15325660473428,29.415510859982852,35.0,0.12550544795453233,12.644619278064887
20.25330603899999,104.94208323299989,SAT_10090,18.92285770083552,185.19107456719982,98.83789783685125,170.77623594126666,-66.06684234252467,29.454198127692724,35.0,0.12514566840468352,12.619658860546046
20.25330603899999,105.04208323299989,SAT_10090,19.000872265270218,185.62990649214498,98.84856734159023,170.755949607574,-65.98882777808997,29.489052401113028,35.0,0.12482099654055581,12.597109575088442
20.25330603899999,105.14208323299988,SAT_10090,19.070437481223962,186.02121083188476,98.857957622884,170.73781416181356,-65.91926256213623,29.52007360063212,35.0,0.12453159765910726,12.576990403295676
20.25330603899999,105.24208323299987,SAT_10004,19.133725309907632,186.37720486823042,98.86640202408542,170.7212979217998,-65.85597473345256,29.54825923258761,35.0,0.1242682732192231,12.558667771021149
20.25330603899999,105.34208323299987,SAT_10004,19.224319909939936,186.88679949341216,98.87832725838916,170.69756265816335,-65.76538013342025,29.588510284123988,35.0,0.12389166959906601,12.532436089781825
20.25330603899999,105.44208323299986,SAT_10004,19.306485898867862,187.34898318113176,98.88898203737244,170.6759710584257,-65.68321414449233,29.624935358795685,35.0,0.1235502573372666,12.508628187525058
20.25330603899999,105.54208323299986,SAT_10004,19.380169810839817,187.76345518597398,98.8984095096437,170.65655593042518,-65.60953023252037,29.657534373363266,35.0,0.12324421417741285,12.487264461281036
20.25330603899999,105.64208323299985,SAT_10004,19.4453230680017,188.12994225750955,98.90664711199726,170.6393471029986,-65.54437697535849,29.686307253335812,35.0,0.12297370148870006,12.468363424206991
20.25330603899999,105.74208323299985,SAT_10004,19.50190221230457,188.44819994421323,98.91372699062053,170.62437127750914,-65.48779783105562,29.711253932969395,35.0,0.1227388635305297,12.45194162298535
20.25330603899999,105.84208323299984,SAT_10004,19.549869116083343,188.71801377796882,98.91967635518554,170.61165189281968,-65.43983092727684,29.732374355265733,35.0,0.12253982678706497,12.438013562935833
20.25330603899999,105.94208323299983,SAT_10004,19.58919116929745,188.93920032729815,98.92451777303364,170.6012090051139,-65.40050887406274,29.749668471971006,35.0,0.12237669937754524,12.426591641542302
20.25330603899999,106.04208323299983,SAT_10004,19.619841441521984,189.11160810856117,98.92826940929123,170.59305918383743,-65.3698586018382,29.76313624357486,35.0,0.122249570547597,12.417686091028038
20.25330603899999,106.14208323299982,SAT_10004,19.641798817010624,189.23511834568475,98.93094521757484,170.5872154248773,-65.34790122634956,29.772777639309606,35.0,0.12215851024612949,12.411304930535756
20.25330603899999,106.24208323299982,SAT_10004,19.65504810141033,189.3096455704331,98.93255508491679,170.58368708192597,-65.33465194194986,29.778592637149575,35.0,0.12210356879168101,12.40745392838177
20.25330603899999,106.34208323299981,SAT_10004,19.659580098991228,189.33513805682566,98.93310493362672,170.58247981678977,-65.33011994436896,29.78058122381067,35.0,0.12208477663129544,12.406136574758563
20.25330603899999,106.4420832329998,SAT_10004,19.655391659567528,189.31157808506737,98.93259678197738,170.58359556918975,-65.33430838379266,29.778743394750094,35.0,0.1221021441941727,12.407354065158822
20.25330603899999,106.5420832329998,SAT_10004,19.642485694602883,189.2389820321412,98.93102876482915,170.58703254639477,-65.3472143487573,29.773079154166247,35.0,0.1221556618414606,12.41110529468733
20.35330603899999,104.64208323299991,SAT_10004,18.804564333257886,184.5256743745756,98.8214540816637,170.80691252811766,-66.1851357101023,29.401228637070414,35.0,0.1256380805781986,12.653813738476853
20.35330603899999,104.7420832329999,SAT_10004,18.79546359331934,184.4744827124213,98.82017296129327,170.80926582400622,-66.19423645004085,29.397146101930296,35.0,0.1256759860734128,12.656440741891519
20.35330603899999,104.8420832329999,SAT_10004,18.77799808946601,184.3762392532463,98.81770841155783,170.8137800363244,-66.21170195389418,29.389308576946732,35.0,0.1257487365373296,12.661481757979177
20.35330603899999,104.94208323299989,SAT_10090,18.79217071488958,184.45596027125387,98.81970802499958,170.81009657428774,-66.19752932847061,29.395657558660545,35.0,0.12568983540262282,12.657400477440795
20.35330603899999,105.04208323299989,SAT_10090,18.869878259208747,184.8930652080492,98.83058610778609,170.78998118120953,-66.11982178415144,29.430489468031357,35.0,0.1253662257382927,12.634963845234978
20.35330603899999,105.14208323299988,SAT_10090,18.93916811109183,185.28282062489157,98.84015866015203,170.77199922355197,-66.05053193226836,29.461490763027513,35.0,0.12507777894865996,12.614945692795237
20.35330603899999,105.24208323299987,SAT_10004,19.0314583067846,185.8019529756634,98.85272747936685,170.74800193974326,-65.95824173657559,29.50270978388881,35.0,0.12469361126881423,12.588255969452309
20.35330603899999,105.34208323299987,SAT_10004,19.121757552197835,186.3098862311128,98.8648275072216,170.72442783712074,-65.86794249116235,29.542934973967615,35.0,0.12431803665301802,12.562131591356207
20.35330603899999,105.44208323299986,SAT_10004,19.20365387456488,186.77055304442743,98.87563719213253,170.70298360483545,-65.78604616879531,29.579336645459765,35.0,0.12397756314532422,12.538421646274289
20.35330603899999,105.54208323299986,SAT_10004,19.277094495354774,187.18365653637065,98.8852007287254,170.68370161214028,-65.71260554800541,29.61191471515747,35.0,0.1236723663007234,12.517146284721878
20.35330603899999,105.64208323299985,SAT_10004,19.342031466050372,187.54892699653334,98.89355645363386,170.66661128592733,-65.64766857730982,29.640669108598125,35.0,0.12340260549020897,12.4983237944904
20.35330603899999,105.74208323299985,SAT_10004,19.398421895502963,187.8661231622042,98.90073727990955,170.65173896520514,-65.59127814785722,29.665599760062783,35.0,0.12316842317782847,12.481970519537036
20.35330603899999,105.84208323299984,SAT_10004,19.44622815642444,188.1350333798875,98.9067710620731,170.63910776878112,-65.54347188693575,29.686706612574813,35.0,0.12296994426662176,12.46810078646282
20.35330603899999,105.94208323299983,SAT_10004,19.485418068960655,188.35547663790368,98.91168089930176,170.62873747751632,-65.50428197439953,29.703989617898724,35.0,0.1228072755191123,12.45672683926282
20.35330603899999,106.04208323299983,SAT_10004,19.51596505948656,188.52730345961191,98.91548538282137,170.62064443238907,-65.47373498387363,29.71744873653917,35.0,0.12268050505746324,12.447858782966255
20.35330603899999,106.14208323299982,SAT_10004,19.537848292987547,188.65039664805496,98.91819879234308,170.61484144945624,-65.45185175037264,29.727083937740144,35.0,0.12258970194777656,12.44150453670877
20.35330603899999,106.24208323299982,SAT_10004,19.551052777643505,188.7246718742447,98.91983124531453,170.61133775263426,-65.43864726571668,29.73289519948434,35.0,0.12253491587230653,12.437669796694461
20.35330603899999,106.34208323299981,SAT_10004,19.555569440512727,188.75007810288412,98.92038880180712,170.6101389250353,-65.43413060284746,29.73488250849271,35.0,0.12251617689259262,12.436358009412288
20.35330603899999,106.4420832329998,SAT_10004,19.55139517350979,188.72659785099256,98.91987352699752,170.611246879396,-65.4383048698504,29.733045860224173,35.0,0.12253349530569932,12.437570355372877
20.35330603899999,106.5420832329998,SAT_10004,19.538532849187547,188.65424727667997,98.91828351240171,170.61465984792537,-65.45116719417264,29.72738525887554,35.0,0.1225868615948979,12.441305743527918
20.45330603899999,104.44208323299992,SAT_10004,18.953378480065908,185.36275395037072,98.84212577431903,170.76832667056553,-66.03632156329428,29.46785329618305,35.0,0.12501850311733811,12.610829685794467
20.45330603899999,104.54208323299991,SAT_10004,18.961044259669052,185.40587396063842,98.84317477478007,170.76633364212697,-66.02865578369114,29.471278520051882,35.0,0.124986599892307,12.608614061723738
20.45330603899999,104.7420832329999,SAT_10004,18.951181080597152,185.350393578359,98.8418248137872,170.76889787576775,-66.03851896276304,29.46687133144721,35.0,0.12502764842289424,12.611464770019598
20.45330603899999,104.8420832329999,SAT_10004,18.93365843335465,185.2518286876199,98.83942065433072,170.7734512660301,-66.05604161000554,29.459038929109745,35.0,0.12510057919258863,12.616528693892597
20.45330603899999,104.94208323299989,SAT_10004,18.907754882368422,185.10612121332238,98.83585281396647,170.7801774484142,-66.08194516099176,29.4474540092238,35.0,0.12520840395346786,12.624013317847892
20.45330603899999,105.04208323299989,SAT_10004,18.873486906341483,184.91336384817086,98.83110742570672,170.7890663169191,-66.1162131370187,29.43211659843422,35.0,0.1253510678954507,12.633912350638363
20.45330603899999,105.14208323299988,SAT_10004,18.830876196746644,184.6736786066999,98.82516589855712,170.80010457206825,-66.15882384661354,29.41302673201734,35.0,0.12552849885111333,12.64621750771153
20.45330603899999,105.24208323299987,SAT_10004,18.919799291049628,185.17387101215417,98.83751381055494,170.77705071513537,-66.06990075231056,29.452841608168793,35.0,0.12515826675877942,12.62053337858521
20.45330603899999,105.34208323299987,SAT_10004,19.009783958886175,185.68003476873474,98.84981109792642,170.7536494295602,-65.97991608447401,29.49304082559172,35.0,0.1247837856629038,12.594523694842625
20.45330603899999,105.44208323299986,SAT_10004,19.091393063489363,186.13908598212765,98.86079557010554,170.73236321150407,-65.89830697987082,29.529418993277165,35.0,0.12444430980061856,12.570918451843298
20.45330603899999,105.54208323299986,SAT_10004,19.16457455863288,186.55073189230995,98.8705126119967,170.71322396311612,-65.82512548472731,29.56197602804878,35.0,0.1241400123905826,12.54973753726938
20.45330603899999,105.64208323299985,SAT_10004,19.229281166216083,186.91470655996545,98.87900158379968,170.6962606832804,-65.7604188771441,29.590711855472087,35.0,0.12387105067103514,12.530998998664744
20.45330603899999,105.74208323299985,SAT_10004,19.285470598906016,187.23077211884635,98.88629627058947,170.6814993252132,-65.70422944445417,29.615626409852975,35.0,0.12363756519004038,12.51471896390391
20.45330603899999,105.84208323299984,SAT_10004,19.33310576230602,187.49871991297135,98.89242525995333,170.66896266701062,-65.65659428105417,29.636719634236332,35.0,0.12343967916348386,12.50091156911639
20.45330603899999,105.94208323299983,SAT_10004,19.372154934651633,187.71837150741544,98.89741225551376,170.6586701964755,-65.61754510870855,29.65399148040488,35.0,0.12327749790634145,12.489588894731602
20.45330603899999,106.04208323299983,SAT_10004,19.402591922224758,187.88957956251429,98.90127633267069,170.6506380114256,-65.58710812113543,29.667441908878182,35.0,0.12315110834220186,12.480760910245799
20.45330603899999,106.14208323299982,SAT_10004,19.42439618890141,188.0122285625704,98.90403214161351,170.64487873653678,-65.56530385445878,29.67707088891185,35.0,0.12306057859540367,12.474435428238447
20.45330603899999,106.24208323299982,SAT_10004,19.437552958482783,188.08623539146566,98.90569006153419,170.64140145762178,-65.5521470848774,29.682878398496882,35.0,0.12300595766946021,12.470618068083047
20.45330603899999,106.34208323299981,SAT_10004,19.442053288745313,188.1115497491924,98.90625630898391,170.64021167405232,-65.54764675461487,29.684864424359244,35.0,0.12298727521469752,12.469312229707096
20.45330603899999,106.4420832329998,SAT_10004,19.437894116422626,188.0881544048773,98.90573300241408,170.64131126985018,-65.55180592693756,29.68302896195957,35.0,0.1230045413872353,12.470519077659706
20.45330603899999,106.5420832329998,SAT_10004,19.425078272644384,188.01606528362467,98.904118184109,170.64469850376358,-65.5646217707158,29.677372015493088,35.0,0.12305774680061006,12.474237535644699
20.55330603899999,104.54208323299991,SAT_10004,19.107707096139862,186.2308524157867,98.86298774843807,170.72810078303593,-65.88199294722033,29.536682075146945,35.0,0.12437646413449482,12.566197775196844
20.55330603899999,104.64208323299991,SAT_10004,19.106972215983703,186.22671871490834,98.86288982984098,170.72829283972476,-65.88272782737648,29.536354968298223,35.0,0.12437952018020308,12.566410435769749
20.55330603899999,104.7420832329999,SAT_10004,19.097813542073283,186.1752011741622,98.86166842884357,170.73068599633103,-65.8918865012869,29.532277781128087,35.0,0.1244176080786225,12.569060678005332
20.55330603899999,104.8420832329999,SAT_10004,19.08023700807891,186.07633317044386,98.85931891184674,170.735276610061,-65.90946303528128,29.524450523014977,35.0,0.12449070811591126,12.574146240119346
20.55330603899999,104.94208323299989,SAT_10004,19.05425397608677,185.93017861548807,98.85583233440978,170.74205770631283,-65.93544606727342,29.512873211963534,35.0,0.12459878253823681,12.581662790385883
20.55330603899999,105.04208323299989,SAT_10004,19.019881181702743,185.7368316470779,98.85119534772812,170.7510190138746,-65.96981886165744,29.49754587460496,35.0,0.12474177572529113,12.591603946662497
20.55330603899999,105.14208323299988,SAT_10004,18.977140653566522,185.4964161763117,98.84539005805044,170.76214701651338,-66.01255938979367,29.478468546197536,35.0,0.12491961444497936,12.60396130503284
20.55330603899999,105.24208323299987,SAT_10004,18.92605960809402,185.20908529552887,98.83839383634412,170.77542502040995,-66.06364043526617,29.455641270627318,35.0,0.12513220818704437,12.61872447729649
20.55330603899999,105.34208323299987,SAT_10004,18.888478255306026,184.9976901860964,98.83320571385654,170.78517896227675,-66.10122178805416,29.438827948148674,35.0,0.125288653066762,12.629582120859324
20.55330603899999,105.44208323299986,SAT_10004,18.969783354978674,185.45503137175507,98.84438629480515,170.76406091771116,-66.01991668838151,29.47518251144569,35.0,0.12495023129764021,12.606088050818402
20.55330603899999,105.54208323299986,SAT_10004,19.042690582921722,185.86513452893468,98.85427554016631,170.74507358027893,-65.94700946043847,29.507718421275655,35.0,0.12464688422910658,12.585007417206082
20.55330603899999,105.64208323299985,SAT_10004,19.10715336961404,186.22773770407898,98.8629139687032,170.72824549672262,-65.88254667374615,29.536435603232054,35.0,0.12437876684027233,12.566358013415309
20.55330603899999,105.74208323299985,SAT_10004,19.163130065810634,186.5426066201848,98.8703363521748,170.7136022127787,-65.82656997754955,29.561333991645444,35.0,0.12414601764998372,12.550155738766302
20.55330603899999,105.84208323299984,SAT_10004,19.21058414017503,186.80953578848454,98.8765721073672,170.70116614673043,-65.77911590318516,29.582413529582098,35.0,0.12394875808748877,12.536414527949336
20.55330603899999,105.94208323299983,SAT_10004,19.249484354908446,187.02834949636002,98.88164562143113,170.69095647693072,-65.74021568845174,29.599674168842842,35.0,0.12378709193502903,12.525146288428836
20.55330603899999,106.04208323299983,SAT_10004,19.27980491762071,187.19890266161647,98.88557651716631,170.68298904446146,-65.70989512573948,29.613115869962066,35.0,0.12366110484720004,12.51636084639287
20.55330603899999,106.14208323299982,SAT_10004,19.301525607904566,187.3210815444632,98.8883798635442,170.67727627195103,-65.68817443545562,29.622738602206905,35.0,0.12357086395131978,12.510065901760175
20.55330603899999,106.24208323299982,SAT_10004,19.31463187730874,187.39480430986166,98.8900663355886,170.6738270994191,-65.67506816605145,29.628542343576633,35.0,0.12351641753237586,12.506266992676617
20.55330603899999,106.34208323299981,SAT_10004,19.31911492167302,187.42002143441076,98.89064232669315,170.67264693783864,-65.67058512168717,29.63052708080219,35.0,0.12349779480539341,12.504967469845324
20.55330603899999,106.4420832329998,SAT_10004,19.314971725067323,187.3967159535037,98.89011001551393,170.67373764092014,-65.67472831829286,29.628692809345914,35.0,0.12351500577729417,12.50616848094136
20.55330603899999,106.5420832329998,SAT_10090,19.331068878495785,187.48726244153877,98.89217521583902,170.6694783921393,-65.6586311648644,29.635806526641048,35.0,0.1234482679727328,12.501511031393422
20.65330603899999,104.64208323299991,SAT_10004,19.24444657947572,187.00001200955094,98.88100360331349,170.69227945767148,-65.74525346388447,29.5974398041887,35.0,0.12380802667748324,12.526605783724202
20.65330603899999,104.7420832329999,SAT_10004,19.235261582869725,186.9483464036422,98.87980783959893,170.6946909538721,-65.75443846049046,29.593365307856804,35.0,0.12384619683108368,12.529266617644074
20.65330603899999,104.8420832329999,SAT_10004,19.217634603566992,186.84919464506433,98.87750770300312,170.69931671858822,-65.7720654397932,29.585543215533345,35.0,0.12391945450264982,12.53437248223567
20.65330603899999,104.94208323299989,SAT_10004,19.191577169806493,186.70262158016155,98.87409455875566,170.7061496702124,-65.7981228735537,29.573973545213793,35.0,0.12402776141679343,12.541918987138292
20.65330603899999,105.04208323299989,SAT_10004,19.15710626139706,186.50872272035846,98.86955552140176,170.715179380299,-65.83259378196313,29.55865632351578,35.0,0.12417106118596297,12.551899663993945
20.65330603899999,105.14208323299988,SAT_10004,19.114244227455984,186.2676237794399,98.86387332052718,170.72639212633848,-65.8754558159042,29.53959158567962,35.0,0.12434927956993291,12.564305995675408
20.65330603899999,105.24208323299987,SAT_10004,19.063018678837366,185.9794800684602,98.85702611901361,170.73977096073725,-65.92668136452282,29.516779375568998,35.0,0.12456232481568892,12.579127454538886
20.65330603899999,105.34208323299987,SAT_10004,19.003462356337508,185.64447575439848,98.84898728034103,170.7552957952791,-65.98623768702268,29.49021974567183,35.0,0.12481008807472754,12.596351549340685
20.65330603899999,105.44208323299986,SAT_10004,18.935612975992527,185.26282298995795,98.8397250803968,170.77294350019417,-66.05408706736766,29.459912757101286,35.0,0.12509244389415053,12.615963880380619
20.65330603899999,105.54208323299986,SAT_10004,18.911528156970704,185.12734588296024,98.83641023052404,170.77919804476483,-66.07817188638948,29.44914201353832,35.0,0.12519269663264954,12.622923158530334
20.65330603899999,105.64208323299985,SAT_10004,18.975734311688896,185.48850550325002,98.84521557925864,170.76251289486657,-66.01396573167129,29.477840470613906,35.0,0.12492546674333395,12.604367840675284
20.65330603899999,105.74208323299985,SAT_10004,19.031487098134846,185.80211492700852,98.85278056157297,170.7479944350237,-65.95821294522534,29.50272262420698,35.0,0.1246934914913732,12.588247642917233
20.65330603899999,105.84208323299984,SAT_10004,19.07875057578552,186.06797198879354,98.85913552886872,170.73566470620332,-65.91094946757467,29.523788417405083,35.0,0.12449689042666481,12.574576288349762
20.65330603899999,105.94208323299983,SAT_10004,19.117494014597966,186.28590383211358,98.86430563849937,170.72554256229796,-65.87220602876222,29.541037802027017,35.0,0.12433576571936436,12.563365502771916
20.65330603899999,106.04208323299983,SAT_10004,19.147692043193487,186.45576774296336,98.86831112992807,170.71764357522937,-65.8420080001667,29.5544707386219,35.0,0.12421020168950515,12.554624961869724
20.65330603899999,106.14208323299982,SAT_10004,19.169324772338967,186.57745184440668,98.87116754380673,170.71197995581852,-65.82037527102122,29.56408719646835,35.0,0.12412026441594948,12.548362247255106
20.65330603899999,106.24208323299982,SAT_10004,19.182377892465126,186.65087564511632,98.87288588831012,170.70856049126022,-65.80732215089506,29.569887153573838,35.0,0.12406600142813509,12.544582811780534
20.65330603899999,106.34208323299981,SAT_10090,19.249465080808847,187.02824107954976,98.88165532053564,170.6909408043402,-65.74023496255134,29.599654011026708,35.0,0.12378730105744726,12.525160868180413
20.65330603899999,106.4420832329998,SAT_10090,19.339883148119995,187.536842708175,98.89331576497928,170.6671565323289,-65.64981689524019,29.639706896196667,35.0,0.12341165665899483,12.498955602448971
20.65330603899999,106.5420832329998,SAT_10090,19.421997198624354,187.998734242262,98.90374963303333,170.64549180292798,-65.56770284473583,29.6759999547403,35.0,0.12307066578907794,12.475140330759068
20.65330603899999,106.6420832329998,SAT_10090,19.495754198417004,188.41361736609565,98.91299798443997,170.62597917606973,-65.49394584494318,29.70853310324687,35.0,0.12276450464870188,12.45373526747163
20.753306038999987,103.54208323299997,SAT_10004,19.01275783263432,185.69676280856805,98.85026424160812,170.75287480463493,-65.97694221072587,29.494367790478712,35.0,0.1247714125048615,12.5936637840648
20.753306038999987,103.64208323299997,SAT_10004,19.000605353409952,185.62840511293098,98.84861639754236,170.75603974036517,-65.98909468995024,29.488944630165513,35.0,0.1248219755408227,12.597177604209767
20.753306038999987,103.74208323299996,SAT_10004,19.075460984490164,186.04946803775718,98.85871062209512,170.73652352241876,-65.91423905887002,29.52232303641117,35.0,0.12451057253379362,12.575528000328632
20.753306038999987,104.54208323299991,SAT_10004,19.3733781694217,187.72525220299707,98.89760153195425,170.65834755411277,-65.61632187393849,29.65453224643812,35.0,0.12327241803482725,12.489234148229013
20.753306038999987,104.64208323299991,SAT_10004,19.372639214470624,187.72109558139726,98.89750752076378,170.65854246369443,-65.61706082888956,29.654205572254185,35.0,0.12327548677643023,12.489448450672889
20.753306038999987,104.7420832329999,SAT_10004,19.363429783815093,187.6692925339599,98.8963348824178,170.66097115854478,-65.6262702595451,29.65013377798707,35.0,0.12331373281783575,12.492119146169545
20.753306038999987,104.8420832329999,SAT_10004,19.345755979993655,187.56987738746432,98.89407928660093,170.66562988703683,-65.64394406336653,29.642316873005672,35.0,0.12338713591635991,12.497243913419009
20.753306038999987,104.94208323299989,SAT_10004,19.31962948801845,187.42291587010376,98.89073237521902,170.67251146647726,-65.67007055534174,29.630754875296336,35.0,0.12349565730631666,12.5048183068545
20.753306038999987,105.04208323299989,SAT_10004,19.285067518104682,187.2285047893388,98.88628167674466,170.68160531989213,-65.7046325252555,29.615447811463195,35.0,0.12363923987892161,12.51483577694765
20.753306038999987,105.14208323299988,SAT_10004,19.24209272172142,186.986771559683,98.88071047751166,170.6928975299292,-65.74760732163877,29.596395716728676,35.0,0.1238178084463261,12.52728769999191
20.753306038999987,105.24208323299987,SAT_10004,19.190733081820483,186.69787358524022,98.87399764755318,170.70637090930776,-65.7989669615397,29.573598634934214,35.0,0.1240312700874284,12.54216341707872
20.753306038999987,105.34208323299987,SAT_10004,19.131021778363333,186.36199750329376,98.86611741768495,170.72200508706896,-65.85867826499685,29.54705661854109,35.0,0.12427951457240695,12.559450281896567
20.753306038999987,105.44208323299986,SAT_10004,19.062997030495453,185.97935829653693,98.85703910353652,170.73977660972974,-65.92670301286473,29.51676972863146,35.0,0.12456241486226671,12.579133716904181
20.753306038999987,105.54208323299986,SAT_10004,18.986701916933825,185.55019828275275,98.84672677109933,170.75965905629852,-66.00299812642636,29.48273803490955,35.0,0.12487982767909495,12.601197277358294
20.753306038999987,105.64208323299985,SAT_10004,18.902184176314734,185.0747859917704,98.83513883704724,170.7816231659931,-66.08751586704545,29.444961615703004,35.0,0.12523159414219273,12.625622722613167
20.753306038999987,105.74208323299985,SAT_10004,18.89063312678941,185.00981133819045,98.8335414941527,170.78462002459364,-66.09906691657078,29.43979243576901,35.0,0.1252796818882115,12.628959645857933
20.753306038999987,105.84208323299984,SAT_10004,18.937697001162746,185.2745456315405,98.84002914289928,170.7724020586306,-66.05200304219744,29.46084442596271,35.0,0.12508376974623128,12.615361639783316
20.753306038999987,105.94208323299983,SAT_10004,18.9762762590626,185.49155395722715,98.84530675123885,170.7623719022297,-66.01342378429759,29.478082508236117,35.0,0.1249232114988659,12.604211178805143
20.753306038999987,106.04208323299983,SAT_10090,19.009620698890927,185.6791164312615,98.84983834518897,170.7536713153688,-65.98007934446926,29.492956607018314,35.0,0.12478459641965886,12.594580039699126
20.753306038999987,106.14208323299982,SAT_10090,19.124748832348573,186.32671218196072,98.86528394621787,170.7236249684077,-65.86495121101161,29.54425441435478,35.0,0.12430572855355206,12.561274928405137
20.753306038999987,106.24208323299982,SAT_10090,19.231748816298776,186.9285870916806,98.87936248704487,170.69559229079437,-65.75795122706141,29.59179518528566,35.0,0.12386092455207157,12.53029319700064
20.753306038999987,106.34208323299981,SAT_10090,19.33055433533282,187.4843681362471,98.89213290786373,170.6696139114304,-65.65914570802737,29.6355788105039,35.0,0.12345040525268344,12.50166020184819
20.753306038999987,106.4420832329998,SAT_10090,19.421103085346104,187.99370485507185,98.90364731621459,170.6457280362527,-65.56859695801408,29.675605189349927,35.0,0.12307437793457328,12.475399733176728
20.753306038999987,106.5420832329998,SAT_10090,19.503337051909114,188.45627091698876,98.91395160019589,170.62397027048593,-65.48636299145107,29.711874229809695,35.0,0.12273303542609221,12.451533915348751
20.753306038999987,106.6420832329998,SAT_10090,19.577202775056918,188.87176560969516,98.92308595352935,170.60437344929596,-65.41249726830327,29.744385848512856,35.0,0.12242655526042333,12.430083112259728
20.753306038999987,106.74208323299979,SAT_10090,19.642651598059615,189.23991523908535,98.9310853238175,170.58696747846042,-65.34704844530057,29.773139970731123,35.0,0.12215509888626429,12.411065838685005
20.753306038999987,107.04208323299977,SAT_10090,19.788086839483512,190.05798847209476,98.94855190575258,170.54814677502867,-65.20161320387668,29.836856740795,35.0,0.12155223092901699,12.368770938713983
20.85330603899999,103.24208323299999,SAT_10004,18.97947036791909,185.50952081954492,98.84575930233879,170.76154087150923,-66.0102296754411,29.479508952801446,35.0,0.1249099197517283,12.603287836981577
20.85330603899999,103.34208323299998,SAT_10004,18.951411506889684,185.3516897262545,98.84192710218615,170.7688379794108,-66.0382885364705,29.466974305954924,35.0,0.12502668941226602,12.611398173602364
20.85330603899999,103.44208323299998,SAT_10004,18.943777290557662,185.30874725938685,98.84088112799074,170.77082214209008,-66.04592275280253,29.463562354394917,35.0,0.1250584628396228,12.613604502267744
20.85330603899999,103.54208323299997,SAT_10004,19.035254946535687,185.82330907426325,98.85332178331561,170.74701224756527,-65.9544450968245,29.504402921729582,35.0,0.12467781668512229,12.587157954303697
20.85330603899999,103.64208323299997,SAT_10004,19.118535663947924,186.2917631097071,98.8644741967025,170.72527023258542,-65.87116437941226,29.54150133010831,35.0,0.12433143419332307,12.563064042741832
20.85330603899999,103.74208323299996,SAT_10004,19.19356740024149,186.71381662635838,98.8743835279435,170.7056279966177,-65.7961326431187,29.57485749412646,35.0,0.1240194885686735,12.541342652058788
20.85330603899999,104.34208323299993,SAT_10004,19.468211630140843,188.25869041954226,98.90957844131108,170.6332923234024,-65.52148841321934,29.69640364998779,35.0,0.12287869152749242,12.461721048277232
20.85330603899999,104.44208323299992,SAT_10004,19.48444893210342,188.35002524308175,98.9116079307402,170.62899409749818,-65.50525111125677,29.703562436090547,35.0,0.12281129778728214,12.457008152061858
20.85330603899999,104.54208323299991,SAT_10004,19.49219979884461,188.39362386850092,98.91257474027685,170.6269414854579,-65.49750024451558,29.70697860482221,35.0,0.12277912946720054,12.454758234412687
20.85330603899999,104.64208323299991,SAT_10004,19.491459041133368,188.38945710637518,98.91248239616843,170.62713767947065,-65.49824100222682,29.70665214832117,35.0,0.1227822037670795,12.454973267310253
20.85330603899999,104.7420832329999,SAT_10004,19.482227155202196,188.33752774801238,98.91133056190641,170.62958237426628,-65.50747288815799,29.702583067338686,35.0,0.1228205190422077,12.45765306218818
20.85330603899999,104.8420832329999,SAT_10004,19.464510320288795,188.23787055162447,98.90911503482783,170.63427176869655,-65.52518972307139,29.694771371238943,35.0,0.12289405481102122,12.462795270802768
20.85330603899999,104.94208323299989,SAT_10004,19.43832036806954,188.09055207039114,98.9058277036036,170.64119858538734,-65.55137967529065,29.68321707799919,35.0,0.12300277185079166,12.470395396051703
20.85330603899999,105.04208323299989,SAT_10004,19.4036747243008,187.895670324192,98.90145646584052,170.65035210825272,-65.58602531905939,29.667920214210117,35.0,0.12314661238044458,12.480446812636336
20.85330603899999,105.14208323299988,SAT_10004,19.36059632327857,187.65335431844196,98.89598510428979,170.66171823746205,-65.62910372008162,29.648880815076375,35.0,0.12332550032885739,12.49294079736709
20.85330603899999,105.24208323299987,SAT_10004,19.309113495995362,187.3637634149739,98.88939311937351,170.67527956127608,-65.68058654736483,29.626098924417242,35.0,0.12353934168622936,12.507866568819756
20.85330603899999,105.34208323299987,SAT_10004,19.249259833145217,187.02708656144188,98.88165551489261,170.69101544398333,-65.74044021021497,29.599574594667498,35.0,0.1237880249353989,12.525211335963744
20.85330603899999,105.44208323299986,SAT_10004,19.181074024358736,186.64354138701788,98.87274253283083,170.70890212901764,-65.80862601900145,29.569307886878434,35.0,0.12407142155931572,12.54496035530292
20.85330603899999,105.54208323299986,SAT_10004,19.104599675271118,186.21337317340002,98.862619332094,170.72891285619073,-65.88510036808907,29.535298870719046,35.0,0.12438938662026745,12.56709699599711
20.85330603899999,105.64208323299985,SAT_10004,19.019885104217508,185.73685371122352,98.85124560478077,170.75101799184634,-65.96981493914268,29.4975476244774,35.0,0.12474175940591979,12.591602812367816
20.85330603899999,105.74208323299985,SAT_10004,18.926983120504772,185.21428005283934,98.83857512212435,170.77518517064337,-66.06271692285542,29.45605423506214,35.0,0.12512836413676548,12.618457623137424
20.85330603899999,105.84208323299984,SAT_10090,18.82608259003804,184.646714568964,98.82457278623728,170.80132477137658,-66.16361745332215,29.41086670262636,35.0,0.12554859520563236,12.647610789366297
20.85330603899999,105.94208323299983,SAT_10090,18.957400339687496,185.38537691074217,98.84274579094841,170.7672604756312,-66.03229970367269,29.46963911132399,35.0,0.12500189692549454,12.60967644244
20.85330603899999,106.04208323299983,SAT_10090,19.080726753208538,186.07908798679802,98.85943047237483,170.73512807089008,-65.90897329015165,29.524657226518244,35.0,0.12448880195551434,12.57401364382429
20.85330603899999,106.14208323299982,SAT_10090,19.195987886266053,186.72743186024658,98.87470021722447,170.7049727842657,-65.79371215709413,29.575920921661524,35.0,0.12400955695613142,12.540650737533836
20.85330603899999,106.24208323299982,SAT_10090,19.303113235098436,187.33001194742874,98.88862021480043,170.6768377836356,-65.68658680826175,29.62343007885401,35.0,0.12356439686936799,12.509614706610803
20.85330603899999,106.34208323299981,SAT_10090,19.40203603749076,187.88645271088552,98.90124826864043,170.65076398608875,-65.58766400586943,29.667184588841344,35.0,0.1231535439429732,12.480931064679044
20.85330603899999,106.4420832329998,SAT_10090,19.49269356510051,188.39640130369037,98.91263549308991,170.6267898715123,-65.49700647825968,29.70718435101248,35.0,0.12277720678889743,12.454623750970947
20.85330603899999,106.5420832329998,SAT_10090,19.575027404617117,188.8595291509713,98.92282691090189,170.60495130298082,-65.41467263874307,29.74342927339772,35.0,0.12243557948322846,12.430715029676746
20.85330603899999,106.6420832329998,SAT_10090,19.648983725242744,189.27553345449041,98.93186196514726,170.58528135561,-65.34071631811744,29.775919272666872,35.0,0.12212884071464145,12.409225394459671
20.85330603899999,106.74208323299979,SAT_10090,19.71451353002908,189.6441386064136,98.93977495640928,170.5678101555078,-65.27518651333111,29.80465427412766,35.0,0.12185715298823889,12.39017347896272
20.85330603899999,106.84208323299978,SAT_10090,19.771572888680524,189.96509749882796,98.94659541432227,170.55256473040973,-65.21812715467966,29.82963421172422,35.0,0.12162066189138927,12.373575974102772
20.85330603899999,106.94208323299978,SAT_10090,19.820123149558086,190.23819271626425,98.9523484109188,170.53956887350395,-65.1695768938021,29.85085902803581,35.0,0.12141949542780664,12.359447552906156
20.85330603899999,107.34208323299976,SAT_10090,19.928654815759728,190.8486833386485,98.96504455235808,170.5104374277134,-65.06104522760046,29.898206234188685,35.0,0.12096998966196214,12.327844044413764
20.95330603899999,103.142083233,SAT_10004,18.846403557925882,184.76102001333308,98.82743332623912,170.79608410706757,-66.1432964854343,29.41998545758296,35.0,0.1254638384886135,12.641733997461074
20.95330603899999,103.24208323299999,SAT_10004,18.844220733337337,184.74874162502252,98.82712876655198,170.79664943113028,-66.14547931002285,29.419007369344307,35.0,0.12547292808534696,12.642364320151541
20.95330603899999,103.34208323299998,SAT_10004,18.952139442871797,185.35578436615384,98.84204442254155,170.76864875866218,-66.03756060048839,29.467299607113286,35.0,0.12502365982468655,12.611187789114817
20.95330603899999,103.44208323299998,SAT_10004,19.051963760606725,185.91729615341282,98.85558850713225,170.74265511828492,-65.93773628275346,29.511852388185485,35.0,0.1246083092064578,12.58232524344757
20.95330603899999,103.54208323299997,SAT_10004,19.143632648907584,186.43293365010518,98.86781780814829,170.71870588373713,-65.8460673944526,29.552665609962165,35.0,0.12422707959422638,12.555800041083408
20.95330603899999,103.64208323299997,SAT_10004,19.227089153619474,186.90237648910954,98.87878236732425,170.6968359574124,-65.76261088974071,29.589739178464043,35.0,0.12388016058630633,12.531633950206066
20.95330603899999,103.74208323299996,SAT_10004,19.302280658029773,187.32532870141748,98.88852606578008,170.67707760826212,-65.68741938533041,29.623073008329467,35.0,0.12356772720031897,12.509847058197447
20.95330603899999,103.84208323299995,SAT_10004,19.369159122097756,187.7015200617999,98.89708712382708,170.65946031887947,-65.62054092126243,29.65266702281274,35.0,0.12328993910890577,12.490457686086794
20.95330603899999,103.94208323299995,SAT_10004,19.42768130474039,188.0307073391647,98.90449852582582,170.6440106432294,-65.5620187386198,29.67852115378264,35.0,0.12304693993275906,12.473482309240291
20.95330603899999,104.04208323299994,SAT_10004,19.477808967071482,188.31267543977708,98.91078837891953,170.6307520764187,-65.5118910762887,29.700635341721096,35.0,0.12283885659681384,12.458935484994283
20.95330603899999,104.14208323299994,SAT_10004,19.51950905462209,188.5472384322493,98.91598021287726,170.61970493781757,-65.4701909887381,29.719009535722012,35.0,0.12266579875503683,12.446829787887495
20.95330603899999,104.24208323299993,SAT_10004,19.552753856743536,188.7342404441824,98.92009322693492,170.61088626872748,-65.43694618661665,29.7336436934903,35.0,0.12252785828876327,12.437175753090717
20.95330603899999,104.34208323299993,SAT_10004,19.577521141587738,188.87355642143103,98.92314248837053,170.60430974566532,-65.41217890177245,29.744537781341037,35.0,0.1224251088829683,12.429981828565197
20.95330603899999,104.44208323299992,SAT_10004,19.593794265290143,188.96509274225707,98.92513908654756,170.59998561017943,-65.39590577807004,29.75169177419882,35.0,0.12235760568422974,12.425254336405201
20.95330603899999,104.54208323299991,SAT_10004,19.60156225422803,189.00878768003267,98.92609024527606,170.59792061594885,-65.38813778913216,29.755105655597276,35.0,0.12232538504344687,12.422997443737138
20.95330603899999,104.64208323299991,SAT_10004,19.60081985949745,189.00461170967313,98.92599939554275,170.59811799373804,-65.38888018386274,29.754779417678744,35.0,0.12232846434564189,12.423213143457808
20.95330603899999,104.7420832329999,SAT_10004,19.591567583038938,188.952567654594,98.92486620992622,170.60057743458688,-65.39813246032125,29.750713061194112,35.0,0.12236684192839051,12.425901245000102
20.95330603899999,104.8420832329999,SAT_10004,19.57381167513752,188.85269067264855,98.92268659931631,170.6052950914193,-65.41588836822267,29.742906595502852,35.0,0.12244049708962695,12.431059375216607
20.95330603899999,104.94208323299989,SAT_10004,19.547564103322884,188.70504808119122,98.9194526718785,170.6122635990531,-65.4421359400373,29.731360038573175,35.0,0.12254939018475106,12.438682989372609
20.95330603899999,105.04208323299989,SAT_10004,19.512842492995716,188.5097390231009,98.91515265352503,170.6214721123942,-65.47685755036447,29.716073416982404,35.0,0.12269346281215283,12.448765392140508
20.95330603899999,105.14208323299988,SAT_10004,19.469670040403585,188.26689397727017,98.90977076845137,170.63290636239773,-65.5200300029566,29.69704676591748,35.0,0.12287263808546811,12.461297768390873
20.95330603899999,105.24208323299987,SAT_10004,19.418075398869135,187.97667411863887,98.90328707755309,170.6465487291953,-65.57162464449105,29.674280129175646,35.0,0.12308682099010829,12.47626922348128
20.95330603899999,105.34208323299987,SAT_10004,19.35809253944261,187.6392705343647,98.89567727172587,170.66237833160625,-65.63160750391758,29.647773559165305,35.0,0.12333589882087385,12.493666832655757
20.95330603899999,105.44208323299986,SAT_10004,19.28976058739802,187.25490330411387,98.88691241614953,170.680371132087,-65.69993945596217,29.617527116907038,35.0,0.12361974169678097,12.51347569908542
20.95330603899999,105.54208323299986,SAT_10004,19.213123636209673,186.82382045367942,98.8769586406304,170.70050005602994,-65.77657640715051,29.58354087203478,35.0,0.1239382031486106,12.535679020006736
20.95330603899999,105.64208323299985,SAT_10004,19.128230540845593,186.34629679225648,98.86577676989468,170.7227351241893,-65.8614695025146,29.545814902797204,35.0,0.12429112077413941,12.56025816034835
20.95330603899999,105.74208323299985,SAT_10004,19.035134692369752,185.82263264457987,98.85332188634001,170.7470435969122,-65.95456535099044,29.504349296059207,35.0,0.12467831695553909,12.587192733181912
20.95330603899999,105.84208323299984,SAT_10004,18.93389377598153,185.2531524898961,98.8395428161152,170.77339012876254,-66.05580626737866,29.45914414730363,35.0,0.12509959963303935,12.616460686286707
20.95330603899999,105.94208323299983,SAT_10090,19.018812621659734,185.730820996836,98.85111625938954,170.75127678564104,-65.97088742170045,29.497057795858925,35.0,0.1247463528071533,12.591922079111187
20.95330603899999,106.04208323299983,SAT_10090,19.14224981703451,186.42515522081914,98.86763395086578,170.71904703378283,-65.84745022632568,29.55203914875341,35.0,0.12423295925689179,12.556209382039363
20.95330603899999,106.14208323299982,SAT_10090,19.257616199370588,187.07409112145956,98.88275267144702,170.68879973037218,-65.7320838439896,29.603268590350254,35.0,0.12375342973028534,12.522799274237382
20.95330603899999,106.24208323299982,SAT_10090,19.364840870480435,187.67722989645245,98.89653649987615,170.66057829788338,-65.62485917287975,29.650746002806244,35.0,0.12330800041641192,12.491718877386203
20.95330603899999,106.34208323299981,SAT_10090,19.463856690348422,188.23419388320985,98.90904226739674,170.63442389757952,-65.52584335301177,29.69447127691947,35.0,0.12289689475125866,12.462993837600457
20.95330603899999,106.4420832329998,SAT_10090,19.554600571873465,188.74462821678824,98.92032023857236,170.61037524148435,-65.43509947148672,29.734444312127152,35.0,0.12252032246969749,12.436648219659828
20.95330603899999,106.5420832329998,SAT_10090,19.63701376439377,189.20820242471498,98.93041469560137,170.58846841118861,-65.35268627896642,29.77066501650372,35.0,0.12217847869909901,12.41270440558243
20.95330603899999,106.6420832329998,SAT_10090,19.71104212345257,189.62461194442074,98.93936443902938,170.5687366851724,-65.27865791990762,29.803133306758944,35.0,0.12187154310170485,12.391182998392448
20.95330603899999,106.74208323299979,SAT_10090,19.77663636431025,189.99357954924514,98.94720321552205,170.5512103762972,-65.21306367904994,29.831849108236366,35.0,0.12159967907270378,12.372102731916394
20.95330603899999,106.84208323299978,SAT_10090,19.833752296790365,190.31485666944582,98.95396008150708,170.53591668106856,-65.15594774656982,29.856812354911785,35.0,0.12136303300068708,12.355480387412355
20.95330603899999,107.04208323299977,SAT_10090,19.922399208913475,190.8134955501383,98.96432264617255,170.51211952589944,-65.06730083444671,29.895480962913627,35.0,0.12099589129836419,12.329666380162543
20.95330603899999,107.14208323299977,SAT_10090,19.953869088499502,190.99051362280971,98.9679655176901,170.50365371517637,-65.03583095486069,29.909186235342226,35.0,0.12086559775247571,12.320497877274061
20.95330603899999,107.44208323299975,SAT_10090,19.996619504740394,191.23098471416475,98.97288449862181,170.49213834632832,-64.9930805386198,29.92778557414331,35.0,0.12068863579621096,12.30803913063858
21.053306038999988,103.042083233,SAT_10004,18.702325088234446,183.95057862131875,98.8070926601874,170.8333074471111,-66.28737495512574,29.355311259647017,35.0,0.12606401745120172,12.683314750210435
21.053306038999988,103.142083233,SAT_10004,18.826454354322294,184.64880574306292,98.82466518306941,170.8012491158051,-66.1632456890379,29.411044547034514,35.0,0.1255469135961764,12.64749420667115
21.053306038999988,103.24208323299999,SAT_10004,18.942611172558216,185.30218784563996,98.84075685575131,170.7711251746327,-66.04708887080197,29.463041124564565,35.0,0.12506331630417264,12.613941504429679
21.053306038999988,103.34208323299998,SAT_10004,19.050726492118486,185.91033651816647,98.85543816931074,170.74297784507607,-65.9389735512417,29.511300872453493,35.0,0.124613455950695,12.582683122668431
21.053306038999988,103.44208323299998,SAT_10004,19.150734829481223,186.4728834158319,98.86877163073301,170.7168472062978,-65.83896521387896,29.555823679536882,35.0,0.12419755080874367,12.553744136309291
21.053306038999988,103.54208323299997,SAT_10004,19.242574548906433,186.98948183759867,98.8808125329207,170.69277101661467,-65.74712549445375,29.59660944326744,35.0,0.12381580613963654,12.527148114966888
21.053306038999988,103.64208323299997,SAT_10004,19.32618813269248,187.4598082463952,98.89160961477401,170.6707845411704,-65.66351191066771,29.633658069712993,35.0,0.12346841332231734,12.502917025887974
21.053306038999988,103.74208323299996,SAT_10004,19.401522438852055,187.8835637185428,98.9012056264027,170.6509203873641,-65.58817760450813,29.666969473554662,35.0,0.12315554902780772,12.481071141670883
21.053306038999988,103.84208323299995,SAT_10004,19.468528943887748,188.2604753093686,98.90963781189537,170.63320834956812,-65.52117109947244,29.69654357808521,35.0,0.12287737444531241,12.46162895354422
21.053306038999988,103.94208323299995,SAT_10004,19.527163968412992,188.5902973223231,98.91693831989676,170.61767526463055,-65.4625360749472,29.72238031520754,35.0,0.12263403456625038,12.444607090957938
21.053306038999988,104.04208323299994,SAT_10004,19.57738888347542,188.87281246954927,98.92313455043642,170.60434487958307,-65.41231115988477,29.744479625433392,35.0,0.12242565753215812,12.430020248202936
21.053306038999988,104.14208323299994,SAT_10004,19.619170295568267,189.1078329125715,98.9282494449345,170.59323773289458,-65.37052974779192,29.762841457882168,35.0,0.12225235405200106,12.417881118727506
21.053306038999988,104.24208323299993,SAT_10004,19.652480208494893,189.29520117278375,98.93230172502557,170.58437105049086,-65.3372198348653,29.777465770279953,35.0,0.12211421689393355,12.40820033776044
21.053306038999988,104.34208323299993,SAT_10004,19.677296160447,189.4347909025144,98.93530608473944,170.57775865763335,-65.31240388291319,29.788352528958693,35.0,0.12201132045597587,12.400986433782558
21.053306038999988,104.44208323299992,SAT_10004,19.6936013348962,189.52650750879116,98.93727333961957,170.57341090758896,-65.29609870846399,29.795501708855536,35.0,0.12194372041943495,12.396245789311122
21.053306038999988,104.54208323299991,SAT_10004,19.70138464414282,189.57028862330336,98.93821053551142,170.57133462786456,-65.28831539921737,29.798913293512356,35.0,0.121911453488192,12.393982611376979
21.053306038999988,104.64208323299991,SAT_10004,19.700640784651355,189.5661044136639,98.93812101898934,170.57153308458535,-65.28905925870883,29.798587275075423,35.0,0.12191453721622661,12.394198911982665
21.053306038999988,104.7420832329999,SAT_10004,19.691370263588553,189.51395773268564,98.93700447068429,170.57400596540845,-65.29832977977163,29.794523654295254,35.0,0.12195296992495419,12.3968944987335
21.053306038999988,104.8420832329999,SAT_10004,19.673579396284012,189.41388410409758,98.93485690210689,170.57874938115754,-65.31612064707618,29.786722440526624,35.0,0.1220267307111355,12.402066975734135
21.053306038999988,104.94208323299989,SAT_10004,19.64728027463879,189.26595154484318,98.93167061590869,170.58575588616324,-65.3424197687214,29.775183651728764,35.0,0.12213577954528512,12.409711754741634
21.053306038999988,105.04208323299989,SAT_10004,19.612490706818136,189.07026022585202,98.92743412887334,170.59501451708286,-65.37720933654205,29.75990731446568,35.0,0.12228005745967703,12.419822076465188
21.053306038999988,105.14208323299988,SAT_10004,19.56923412886148,188.82694197484582,98.92213205625488,170.60651084977786,-65.4204659144987,29.740893463906694,35.0,0.12245948682422905,12.43238904180332
21.053306038999988,105.24208323299987,SAT_10004,19.51753948913263,188.53615962637102,98.91574495536648,170.62022707363298,-65.47216055422756,29.718142143827126,35.0,0.12267397170776244,12.447401652713948
21.053306038999988,105.34208323299987,SAT_10004,19.457441106809227,188.1981062258019,98.90824912554584,170.6361420825165,-65.53225893655096,29.69165340660913,35.0,0.12292339832138677,12.464846862322212
21.053306038999988,105.44208323299986,SAT_10004,19.388978505855675,187.81300409543817,98.89961636075826,170.6542315814196,-65.60072153750451,29.66142731324272,35.0,0.12320763554006661,12.484709633787569
21.053306038999988,105.54208323299986,SAT_10004,19.312196226156843,187.38110377213224,98.88981365011787,170.67446820765673,-65.67750381720334,29.62746393332695,35.0,0.1235265354977964,12.506973007375766
21.053306038999988,105.64208323299985,SAT_10004,19.227143613679488,186.9026828269471,98.8788028204761,170.69682166538573,-65.7625564296807,29.589763345071283,35.0,0.12387993425125123,12.531618175114993
21.053306038999988,105.74208323299985,SAT_10004,19.13387459169958,186.37804457831015,98.86654011390485,170.72125887209262,-65.8558254516606,29.548325635297083,35.0,0.12426765250629973,12.558624562358784
21.053306038999988,105.84208323299984,SAT_10004,19.032447415263576,185.80751671085764,98.85297569133932,170.7477441156023,-65.95725262809661,29.50315089943933,35.0,0.12468949640136914,12.58796991553227
21.053306038999988,105.94208323299983,SAT_10090,19.070626634688907,186.0222748201251,98.8581091820252,170.73776479052736,-65.91907340867128,29.520157874861262,35.0,0.12453081090119007,12.576935682103992
21.053306038999988,106.04208323299983,SAT_10090,19.19414465030387,186.71706365795927,98.87448613819443,170.7054559706086,-65.79555539305632,29.57510231383268,35.0,0.12401721870775416,12.54118451757264
21.053306038999988,106.14208323299982,SAT_10090,19.30958798439775,187.36643241223734,98.88947757054098,170.67513392562876,-65.68011205896244,29.626297360609396,35.0,0.12353749898127855,12.5077379949618
21.053306038999988,106.24208323299982,SAT_10090,19.416885418497344,187.96998047904756,98.9031466242993,170.64684228537072,-65.57281462486284,29.67374289740452,35.0,0.12309188891932571,12.476623347977322
21.053306038999988,106.34208323299981,SAT_10090,19.515969505768766,188.5273284699493,98.91554931327184,170.62062240993922,-65.47373053759142,29.717438815068313,35.0,0.12268061291872494,12.447866329801789
21.053306038999988,106.4420832329998,SAT_10090,19.606776867729025,189.03811988097578,98.92673518745883,170.59651320041343,-65.38292317563116,29.757385013086036,35.0,0.12230388162231288,12.421491106681467
21.053306038999988,106.5420832329998,SAT_10090,19.68924847969592,189.50202269828958,98.93674790624684,170.57455091636197,-65.30045156366427,29.793581399576013,35.0,0.12196189100745228,12.397520155870861
21.053306038999988,106.6420832329998,SAT_10090,19.76332994241551,189.91873092608722,98.94562572973936,170.55476900191456,-65.22637010094468,29.82602789128778,35.0,0.12165482152350474,12.37597416879438
21.053306038999988,106.74208323299979,SAT_10090,19.828971737346976,190.2879660225767,98.95340193863406,170.53719792206195,-65.16072830601321,29.854724413600515,35.0,0.12138283728525912,12.356871960266517
21.053306038999988,106.84208323299978,SAT_10090,19.88612946317187,190.60947823034175,98.9601051912446,170.52186501079882,-65.10357058018832,29.879670900521525,35.0,0.12114608532904422,12.340230384581975
21.053306038999988,106.94208323299978,SAT_10090,19.93476405120589,190.88304778803314,98.96575982475495,170.50879433265652,-65.0549359921543,29.90086729468499,35.0,0.12094469493788619,12.326064259244873
21.053306038999988,107.04208323299977,SAT_10090,19.974841957558198,191.10848601126486,98.9703861065214,170.4980065590597,-65.01485808580199,29.918313547350806,35.0,0.120778777041604,12.3143862970515
21.053306038999988,107.14208323299977,SAT_10090,20.006335330072744,191.2856362316592,98.97400044015224,170.4895188608184,-64.98336471328744,29.932009618403665,35.0,0.12064842369718294,12.305207047175518
21.053306038999988,107.24208323299976,SAT_10090,20.029222148316535,191.41437458428052,98.97661553015945,170.4833448179144,-64.96047789504365,29.941955476352238,35.0,0.12055370765412367,12.298534845827357
21.053306038999988,107.34208323299976,SAT_10090,20.043486335140074,191.49461063516293,98.97824050815764,170.47949434756646,-64.94621370822011,29.94815109832858,35.0,0.12049468200875012,12.294375776973483
21.153306038999986,102.942083233,SAT_10090,18.85120391643956,184.78802202997252,98.82814044389015,170.7948201513458,-66.13849612692063,29.422125022987153,35.0,0.12544398257740136,12.640357015984598
21.153306038999986,103.042083233,SAT_10004,18.79090156990037,184.44882133068958,98.81969273570901,170.81044520739005,-66.19879847345982,29.39509925616613,35.0,0.1256949880155285,12.65775753422037
21.153306038999986,103.142083233,SAT_10004,18.915223208890566,185.14813055000943,98.83701102656599,170.77823882112818,-66.07447683446962,29.45079486842773,35.0,0.1251773152285674,12.6218555665406
21.153306038999986,103.24208323299999,SAT_10004,19.031562601240893,185.80253963198004,98.85287266605552,170.74797475443685,-65.9581374421193,29.502756296910874,35.0,0.12469317738431417,12.588225807209
21.153306038999986,103.34208323299998,SAT_10004,19.13985010507396,186.41165684104104,98.86734642684262,170.71969560840608,-65.84984993828623,29.550983421891708,35.0,0.12424280674594988,12.556894945025906
21.153306038999986,103.44208323299998,SAT_10004,19.240019669884603,186.97511064310092,98.88049331185206,170.69344182681715,-65.74968037347558,29.595476132261332,35.0,0.12382642338817834,12.527888255531582
21.153306038999986,103.54208323299997,SAT_10004,19.332009120563555,187.49255130317,98.89236729938213,170.66925151525962,-65.65769092279663,29.636234325523642,35.0,0.1234442342783376,12.501229498782315
21.153306038999986,103.64208323299997,SAT_10004,19.415760431131076,187.96365242511231,98.9030159822115,170.64716026648665,-65.57393961222911,29.673257907793342,35.0,0.1230964323962454,12.476940821139552
21.153306038999986,103.74208323299996,SAT_10004,19.491219985774762,188.38811241998303,98.91248111514217,170.62720099360124,-65.49848005758543,29.706546793794132,35.0,0.12278319589953662,12.455042661878789
21.153306038999986,103.84208323299995,SAT_10004,19.558338824839993,188.76565588972497,98.92079908290492,170.60940377262625,-65.4313612185202,29.736100906857036,35.0,0.12250468734110162,12.435553665409868
21.153306038999986,103.94208323299995,SAT_10004,19.61707287347575,189.09603491330108,98.92800129827111,170.593795695984,-65.37262716988444,29.761920178918928,35.0,0.12226105294499635,12.418490599874373
21.153306038999986,104.04208323299994,SAT_10004,19.667383150752755,189.37903022298426,98.93411453848479,170.5804007383334,-65.32231689260743,29.784004550521203,35.0,0.12205242194686575,12.40386828284838
21.153306038999986,104.14208323299994,SAT_10004,19.709235957206573,189.61445225928696,98.93916122667396,170.5692396361276,-65.28046408615361,29.802353970808642,35.0,0.12187890600450453,12.391699514830146
21.153306038999986,104.24208323299993,SAT_10004,19.742603038933993,189.8021420940037,98.94315966366787,170.56032978213761,-65.2470970044262,29.816968397528402,35.0,0.12174059868367945,12.3819950211333
21.153306038999986,104.34208323299993,SAT_10004,19.76746172657758,189.9419722119989,98.94612421458781,170.55368513605143,-65.22223831678261,29.82784779702921,35.0,0.12163757502375457,12.374763402736638
21.153306038999986,104.44208323299992,SAT_10004,19.783795047763846,190.03384714367164,98.94806545365876,170.54931615210674,-65.20590499559634,29.834992144260717,35.0,0.1215698911870102,12.37001109656331
21.153306038999986,104.54208323299991,SAT_10004,19.791591811824972,190.07770394151547,98.94899026987324,170.54722972453743,-65.19810823153522,29.83840142277299,35.0,0.12153758419483146,12.367742345575941
21.153306038999986,104.64208323299991,SAT_10004,19.79084666591349,190.0735124957634,98.9489019354036,170.54742915142873,-65.1988533774467,29.838075624716218,35.0,0.1215406717531755,12.367959178981021
21.153306038999986,104.7420832329999,SAT_10004,19.78156012191306,190.02127568576097,98.94780013797835,170.54991411738052,-65.20813992144713,29.834014750840545,35.0,0.12157915216892136,12.37066140273822
21.153306038999986,104.8420832329999,SAT_10004,19.7637385538646,189.92102936548838,98.94568097779589,170.55468069516522,-65.22596148949559,29.82621881049608,35.0,0.1216530043578742,12.375846600468575
21.153306038999986,104.94208323299989,SAT_10004,19.737394165929032,189.7728421833508,98.94253692892033,170.56172136636732,-65.25230587743116,29.814687821633104,35.0,0.12176218794434905,12.383510144752583
21.153306038999986,105.04208323299989,SAT_10004,19.70254493123207,189.5768152381804,98.93835676447695,170.57102506077283,-65.28715511212812,29.799421810802382,35.0,0.1219066434514173,12.39364521870626
21.153306038999986,105.14208323299988,SAT_10004,19.65921450223442,189.33308157506863,98.93312544431517,170.5825772140791,-65.33048554112577,29.780420813155708,35.0,0.12208629258006859,12.406242847622305
21.153306038999986,105.24208323299987,SAT_10004,19.607432093570424,189.04180552633363,98.92682396311982,170.59635984329535,-65.38226794978976,29.757684872446568,35.0,0.12230103857474184,12.421291940366244
21.153306038999986,105.34208323299987,SAT_10004,19.54723233857294,188.70318190447279,98.91942915620294,170.61235163902083,-65.44246770478725,29.731214041031,35.0,0.12255076667192144,12.438779340125496
21.153306038999986,105.44208323299986,SAT_10004,19.478655120960653,188.31743505540368,98.91091345937737,170.630528073616,-65.51104492239953,29.7010083798686,35.0,0.12283534462778903,12.458689884024336
21.153306038999986,105.54208323299986,SAT_10004,19.40174538338988,187.88481778156807,98.9012446183696,170.65086152413298,-65.58795465997031,29.66706795852372,35.0,0.1231546233202823,12.481006471040766
21.153306038999986,105.64208323299985,SAT_10004,19.316552914779365,187.40561014563391,98.89038534214512,170.67332140873344,-65.67314712858082,29.629392855166788,35.0,0.12350843742034422,12.505710137593814
21.153306038999986,105.74208323299985,SAT_10004,19.223132118476826,186.88011816643214,98.87829289324985,170.69787433522032,-65.76656792488336,29.58798315657586,35.0,0.123896606126659,12.532780140112237
21.153306038999986,105.84208323299984,SAT_10004,19.121541763476714,186.30867241955653,98.86491860677438,170.7244842602148,-65.86815827988347,29.542838958138272,35.0,0.1243189339577694,12.562194043849177
21.153306038999986,105.94208323299983,SAT_10090,19.112804338687482,186.2595244051171,98.86375637809935,170.7267478344913,-65.8768957046727,29.538939297804085,35.0,0.12435539767614187,12.564731770309354
21.153306038999986,106.04208323299983,SAT_10090,19.236372730139692,186.9545966070358,98.88001784441732,170.69437853668234,-65.7533273132205,29.59384667131408,35.0,0.12384170829448246,12.528953739557759
21.153306038999986,106.14208323299982,SAT_10090,19.351864259586023,187.6042364601714,98.89490482021137,170.66399932128948,-65.63783578377416,29.645007182076103,35.0,0.1233618941338754,12.495481750426913
21.153306038999986,106.24208323299982,SAT_10090,19.45920746411514,188.20804198564764,98.90847968521399,170.635653976976,-65.53049257924505,29.692420712359308,35.0,0.12291619315719045,12.464343121471174
21.153306038999986,106.34208323299981,SAT_10090,19.558334662711843,188.7656324777541,98.92079778283622,170.6093840162493,-65.43136538064834,29.736087153065867,35.0,0.12250483049026023,12.435563686974662
21.153306038999986,106.4420832329998,SAT_10090,19.64918225447373,189.27665018141474,98.93190807700664,170.58522848510165,-65.34051778888646,29.77600640372884,35.0,0.12212801746468285,12.409167690048964
21.153306038999986,106.5420832329998,SAT_10090,19.731691005535637,189.74076190613795,98.94185371625457,170.56322377953197,-65.25800903782455,29.81217837251022,35.0,0.12178595070250581,12.38517768010029
21.153306038999986,106.6420832329998,SAT_10090,19.805806322120247,190.1576605619264,98.95067251736104,170.54340347065818,-65.18389372123994,29.84460297619912,35.0,0.12147881125000987,12.363614415530874
21.153306038999986,106.74208323299979,SAT_10090,19.871478507181237,190.52706660289448,98.9583973787713,170.52579814010005,-65.11822153617895,29.87328014021017,35.0,0.12120676376763587,12.344496772521433
21.153306038999986,106.84208323299978,SAT_10090,19.928662998184294,190.84872936478666,98.96505663219504,170.51043522726346,-65.0610370451759,29.89820979858203,35.0,0.12096995578282571,12.327841660711638
21.153306038999986,106.94208323299978,SAT_10090,19.97732058369199,191.12242828326748,98.97067433934347,170.49733889007956,-65.0123794596682,29.919391893976123,35.0,0.12076851701217624,12.31366394655258
21.153306038999986,107.04208323299977,SAT_10090,20.01741759657844,191.34797398075372,98.97527053950473,170.48652988064742,-64.97228244678175,29.9368263776755,35.0,0.1206025587588381,12.301976385050988
21.153306038999986,107.14208323299977,SAT_10090,20.04892608189529,191.525209210661,98.97886145259763,170.4780254371002,-64.9407739614649,29.950513209583896,35.0,0.12047217339053276,12.292789560558067
21.153306038999986,107.24208323299976,SAT_10090,20.071823937640616,191.65400964922844,98.9814596414257,170.47183919286252,-64.91787610571957,29.96045235822494,35.0,0.12037743390291628,12.286111837179073
21.153306038999986,107.34208323299976,SAT_10090,20.086095026944434,191.73428452656242,98.9830741360508,170.46798110429236,-64.90360501641575,29.966643800741547,35.0,0.1203183935722992,12.28194931929264
21.153306038999986,107.44208323299975,SAT_10090,20.091729260471254,191.7659770901508,98.98371052248972,170.46645739751023,-64.89797078288893,29.969087522895457,35.0,0.12029508570094473,12.28030582257321
21.153306038999986,107.54208323299974,SAT_10090,20.088722648156377,191.74906489587963,98.98337099728765,170.4672705350054,-64.90097739520381,29.96778351906697,35.0,0.1203075234573272,12.281182855808042
21.253306038999987,102.84208323300001,SAT_10090,19.022668391316145,185.75250970115334,98.85168721896098,170.75027211675828,-65.96703165204404,29.4987778512661,35.0,0.12473031115541383,12.590807075396441
21.253306038999987,102.942083233,SAT_10090,18.88367560930267,184.97067530232752,98.83267080344721,170.78640395225347,-66.10602443405752,29.436666927410844,35.0,0.1253087806212327,12.630978628593656
21.253306038999987,103.042083233,SAT_10090,18.874714228749724,184.9202675367172,98.83142848959936,170.78872755686837,-66.11498581461046,29.432654911269076,35.0,0.12534609077294825,12.633567078238235
21.253306038999987,103.142083233,SAT_10004,18.994516213223704,185.59415369938336,98.847874243543,170.75762506783605,-65.99518383013648,29.48622666331339,35.0,0.12484731191920709,12.598938113694619
21.253306038999987,103.24208323299999,SAT_10004,19.1110114047474,186.24943915170414,98.86353379707926,170.72723716064525,-65.87868863861279,29.538152799501972,35.0,0.12436272310099215,12.565241554368525
21.253306038999987,103.34208323299998,SAT_10004,19.21944593186521,186.8593833667418,98.8778251925758,170.6988415106331,-65.77025411149498,29.586347168624382,35.0,0.12391192631810889,12.533847843168164
21.253306038999987,103.44208323299998,SAT_10004,19.319753241694627,187.42361198453227,98.8908081198743,170.67247888513003,-65.66994680166556,29.630809659626966,35.0,0.12349514323669492,12.504782432925794
21.253306038999987,103.54208323299997,SAT_10004,19.411870681149765,187.94177258146743,98.90253540917881,170.64818769792475,-65.57782936221042,29.67154017006456,35.0,0.12311258233110603,12.478069252019125
21.253306038999987,103.64208323299997,SAT_10004,19.495739773764456,188.41353622742506,98.91305365198912,170.62600383255912,-65.49396026959573,29.708538606098525,35.0,0.12276443799538776,12.453730605139754
21.253306038999987,103.74208323299996,SAT_10004,19.57130648372572,188.83859897095718,98.92240373332608,170.60596047351265,-65.41839355963447,29.741804882494925,35.0,0.1224508897005438,12.431787078916209
21.253306038999987,103.84208323299995,SAT_10004,19.638521464723567,189.21668323907008,98.93062128674417,170.58808794686064,-65.35117857863662,29.771338922622864,35.0,0.1221721012043004,12.412257453194535
21.253306038999987,103.94208323299995,SAT_10004,19.697340291290757,189.5475391385105,98.93773708162635,170.5724135719494,-65.29235975206943,29.797140658453017,35.0,0.12192821981982359,12.395158618753223
21.253306038999987,104.04208323299994,SAT_10004,19.747723670409755,189.8309456460549,98.94377735059065,170.55896152556573,-65.24197637295043,29.819210030556306,35.0,0.12171937574951594,12.380505502191482
21.253306038999987,104.14208323299994,SAT_10004,19.789637631310583,190.06671167612203,98.948764063438,170.54775271998207,-65.2000624120496,29.837546988102755,35.0,0.12154568148959632,12.368310998680693
21.253306038999987,104.24208323299993,SAT_10004,19.823053691557448,190.25467701501063,98.9527151528829,170.53880469614364,-65.16664635180274,29.852151488860496,35.0,0.12140723131065974,12.35858591320894
21.253306038999987,104.34208323299993,SAT_10004,19.84794899772787,190.39471311221928,98.95564469628685,170.53213153313015,-65.14175104563232,29.863023499194963,35.0,0.12130410081882533,12.351338910878303
21.253306038999987,104.44208323299992,SAT_10004,19.86430643923204,190.48672372068023,98.95756305672721,170.52774377485997,-65.12539360412815,29.87016299406823,35.0,0.12123634660141931,12.346576476735
21.253306038999987,104.54208323299991,SAT_10004,19.87211473407902,190.53064537919448,98.95847698594508,170.52564837483442,-65.11758530928117,29.873569957038537,35.0,0.12120400596041603,12.34430288552488
21.253306038999987,104.64208323299991,SAT_10004,19.871368485685068,190.5264477319785,98.95838969100603,170.52584865952664,-65.11833155767512,29.873244380259962,35.0,0.12120709673608178,12.34452018167236
21.253306038999987,104.7420832329999,SAT_10004,19.862068210117982,190.47413368191368,98.95730086584952,170.52834431082061,-65.1276318332422,29.86918626448228,35.0,0.12124561722244934,12.347228169681419
21.253306038999987,104.8420832329999,SAT_10004,19.84422033349034,190.3737393758832,98.95520668828127,170.53313136769123,-65.14547970986985,29.861395619050967,35.0,0.12131954617540552,12.352424415054179
21.253306038999987,104.94208323299989,SAT_10004,19.81783715952743,190.2253340223418,98.95209978235559,170.54020224710897,-65.17186288383276,29.849872461907378,35.0,0.12142884291331749,12.360104255717863
21.253306038999987,105.04208323299989,SAT_10004,19.78293680765435,190.02901954305574,98.94796914548704,170.54954578393915,-65.20676323570584,29.834616819589115,35.0,0.12157344750926577,12.370260823846532
21.253306038999987,105.14208323299988,SAT_10004,19.73954312226283,189.78493006272842,98.94280003900329,170.56114728939346,-65.25015692109736,29.81562872723052,35.0,0.12175328107311137,12.382885077861308
21.253306038999987,105.24208323299987,SAT_10004,19.687685554112747,189.49323124188425,98.93657384018674,170.5749886273959,-65.30201448924744,29.79290822856336,35.0,0.12196824612081343,12.397965844294093
21.253306038999987,105.34208323299987,SAT_10004,19.627399015107954,189.15411945998224,98.92926785312889,170.59104830803577,-65.36230102825223,29.76645537591768,35.0,0.12221822702764391,12.415489869106494
21.253306038999987,105.44208323299986,SAT_10004,19.558723707946115,188.7678208571969,98.92085507491906,170.6093015971063,-65.43097633541407,29.73627023022281,35.0,0.12250309056123215,12.43544187796934
21.253306038999987,105.54208323299986,SAT_10004,19.48170493237282,188.33459024459714,98.91130391277902,170.62972064057604,-65.50799511098737,29.702352861008546,35.0,0.12282268648972282,12.457804644930146
21.253306038999987,105.64208323299985,SAT_10004,19.396392869977632,187.85470989362418,98.90057784670796,170.6522746027018,-65.59330717338256,29.664703346406498,35.0,0.12317684825975654,12.482559068827497
21.253306038999987,105.74208323299985,SAT_10004,19.302842349637984,187.32848821671368,98.88863503098135,170.6769298163823,-65.6868576937222,29.6233217731516,35.0,0.12356539373848854,12.509684256753012
21.253306038999987,105.84208323299984,SAT_10004,19.201112595849267,186.75625835165212,98.87542782640358,170.7036499442667,-65.78858744751092,29.578208236583787,35.0,0.12398812601345563,12.539157613814568
21.253306038999987,105.94208323299983,SAT_10090,19.145314525055838,186.44239420343908,98.86808330223772,170.71824507709894,-65.84438551830435,29.55340202360868,35.0,0.12422021684331848,12.555322247970773
21.253306038999987,106.04208323299983,SAT_10090,19.26890246217482,187.1375763497334,98.8842537128226,170.6858341406521,-65.72079758118537,29.60827218020337,35.0,0.12370653293662882,12.519529087800011
21.253306038999987,106.14208323299982,SAT_10090,19.384413063959627,187.7873234847729,98.8990583366339,170.6554155628976,-65.60528697940056,29.659398013834842,35.0,0.1232267212523555,12.486042709085467
21.253306038999987,106.24208323299982,SAT_10090,19.491774700261672,188.3912326889719,98.912558948656,170.6270332420449,-65.49792534309852,29.706779406827998,35.0,0.12278102027188147,12.454890487609736
21.253306038999987,106.34208323299981,SAT_10090,19.590919529831794,188.94892235530386,98.92481036269952,170.60072879568736,-65.3987805135284,29.75041625013667,35.0,0.12236965561471551,12.426098312362985
21.253306038999987,106.4420832329998,SAT_10090,19.68178379956956,189.46003387257878,98.93586107971628,170.57654136974327,-65.30791624379063,29.790308443341477,35.0,0.1219928390786798,12.39969047831015
21.253306038999987,106.5420832329998,SAT_10090,19.76430813245733,189.9242332450725,98.94575384468813,170.55450745429337,-65.22539191090286,29.826455894647875,35.0,0.12165076772204562,12.375689583535312
21.253306038999987,106.6420832329998,SAT_10090,19.83843780158834,190.34121263393442,98.95452612420918,170.53466070802955,-65.15126224177185,29.858858520884343,35.0,0.12134362299486391,12.354116431631779
21.253306038999987,106.74208323299979,SAT_10090,19.90412298774062,190.710691806041,98.96221051478875,170.51703179300534,-65.08557705561957,29.88751624750079,35.0,0.12107156992656179,12.334989940188457
21.253306038999987,106.84208323299978,SAT_10090,19.96131901803159,191.03241947642766,98.96883509016615,170.50164822132615,-65.0283810253286,29.912429008567074,35.0,0.12083475637660489,12.318327056192912
21.253306038999987,106.94208323299978,SAT_10090,20.00998658330728,191.30617453110347,98.97442369447602,170.48853421534108,-64.9797134600529,29.933596746771727,35.0,0.12063331235465032,12.304142679128912
21.253306038999987,107.04208323299977,SAT_10090,20.05009193208201,191.53176711796132,98.97899618687764,170.4777105827917,-64.93960811127818,29.951019413420834,35.0,0.12046734941614784,12.29244959249117
21.253306038999987,107.14208323299977,SAT_10090,20.08160703903866,191.70903959459244,98.9825686422156,170.46919460824626,-64.90809300432153,29.964696968437085,35.0,0.12033696013878571,12.283258404373576
21.253306038999987,107.24208323299976,SAT_10090,20.10450974633366,191.83786732312686,98.98515351137783,170.4629999619915,-64.88519029702653,29.974629380358987,35.0,0.12024221768453046,12.276577497709486
21.253306038999987,107.34208323299976,SAT_10090,20.11878387621192,191.91815930369205,98.98675974422554,170.45913662738178,-64.87091616714827,29.980816626340253,35.0,0.12018317545128704,12.272412990655452
21.35330603899999,102.942083233,SAT_10090,18.906520333609393,185.09917687655286,98.83584714769847,170.7804772685122,-66.0831797097508,29.446890425111334,35.0,0.12521367572673706,12.6243791906232
21.35330603899999,103.042083233,SAT_10090,18.974512103614373,185.48163058283086,98.84516909769341,170.76281023079645,-66.01518793974581,29.47728327896445,35.0,0.1249306846780829,12.60473030323574
21.35330603899999,103.142083233,SAT_10090,19.079082293362347,186.0698379001632,98.85928849780021,170.73555743359296,-65.91061774999784,29.52392473960193,35.0,0.12449564153065971,12.574489414476153
21.35330603899999,103.24208323299999,SAT_10004,19.18089996157883,186.64256228388092,98.87278988676755,170.70894773554352,-65.80880008178136,29.569230554910884,35.0,0.12407214513458643,12.545010756014142
21.35330603899999,103.34208323299998,SAT_10004,19.289455685909303,187.25318823323983,98.88692273295507,170.6804513214757,-65.70024435745088,29.617392035301844,35.0,0.12362100844914091,12.513564062827907
21.35330603899999,103.44208323299998,SAT_10004,19.389876633889486,187.81805606562835,98.89976309836095,170.6539945525384,-65.5998234094707,29.661824184355417,35.0,0.12320390610445234,12.484449135183278
21.35330603899999,103.54208323299997,SAT_10004,19.48209973825925,188.33681102770828,98.91136281992007,170.62961611004056,-65.50760030510094,29.70252689967714,35.0,0.12282104787632266,12.457690046861188
21.35330603899999,103.64208323299997,SAT_10004,19.5660661321525,188.80912199335782,98.92176762264465,170.60735212996127,-65.42363391120769,29.739500087474802,35.0,0.12247262938015084,12.43330923934106
21.35330603899999,103.74208323299996,SAT_10004,19.641721415736143,189.23468296351578,98.93101763867908,170.58723603239045,-65.34797862762404,29.77274366255663,35.0,0.12215883122122799,12.41132742656899
21.35330603899999,103.84208323299995,SAT_10004,19.709015907548718,189.61321447996156,98.9391478512223,170.56929836051995,-65.28068413581147,29.802257548329624,35.0,0.12187981819786668,12.39176350542328
21.35330603899999,103.94208323299995,SAT_10004,19.767904878181398,189.94446493977034,98.9461884725141,170.55356663074923,-65.22179516517879,29.8280416767981,35.0,0.12163573856389887,12.374634472663773
21.35330603899999,104.04208323299994,SAT_10004,19.818348764053823,190.22821179780274,98.95216526347265,170.5400651953986,-65.17135127930636,29.850095988562366,35.0,0.1214267233567407,12.3599553491134
21.35330603899999,104.14208323299994,SAT_10004,19.86031335917309,190.46426264534864,98.95709980121546,170.52881511943718,-65.1293866841871,29.868420432817558,35.0,0.12125288579679841,12.347739111770672
21.35330603899999,104.24208323299993,SAT_10004,19.893769982953003,190.65245615411067,98.9610096995474,170.5198340725052,-65.09593006040718,29.883014967352697,35.0,0.12111432076347484,12.337996634491192
21.35330603899999,104.34208323299993,SAT_10004,19.918695622368872,190.79266287582493,98.9639087865097,170.51313623738338,-65.07100442099131,29.893879558549823,35.0,0.12101110435244301,12.330736637805323
21.35330603899999,104.44208323299992,SAT_10004,19.935073046980023,190.88478588926264,98.96580724222346,170.50873223588695,-65.05462699638016,29.901014181383395,35.0,0.12094329351818248,12.325965648358434
21.35330603899999,104.54208323299991,SAT_10004,19.942890895604577,190.92876128777576,98.96671169949705,170.5066290729988,-65.04680914775561,29.904418819419774,35.0,0.1209109258050423,12.323687968371543
21.35330603899999,104.64208323299991,SAT_10004,19.942143733731683,190.92455850224073,98.96662530897713,170.50683009985164,-65.0475563096285,29.904093464816917,35.0,0.12091401916930669,12.32390565542448
21.35330603899999,104.7420832329999,SAT_10004,19.93283208105761,190.87218045594906,98.96554776998533,170.50933499597005,-65.05686796230258,29.900038118324222,35.0,0.12095257189391145,12.326618512762833
21.35330603899999,104.8420832329999,SAT_10004,19.914962408850556,190.7716635497844,98.96347532757855,170.51413977097008,-65.07473763450963,29.892252789282548,35.0,0.12102656259660433,12.331824090225506
21.35330603899999,104.94208323299989,SAT_10004,19.88854710717176,190.62307747784115,98.96040073578138,170.5212367856977,-65.10115293618843,29.880737495624395,35.0,0.12113595033147322,12.339517695783652
21.35330603899999,105.04208323299989,SAT_10004,19.853604422306063,190.42652487547159,98.95631318634925,170.5306147925698,-65.13609562105412,29.865492263874238,35.0,0.12128067478289875,12.349692417575671
21.35330603899999,105.14208323299988,SAT_10004,19.810158365066613,190.1821408034997,98.95119820181209,170.5422589946733,-65.17954167829357,29.846517129149063,35.0,0.12146065655013615,12.36233915621921
21.35330603899999,105.24208323299987,SAT_10004,19.75823859094534,189.89009207406752,98.94503749090221,170.55615112297312,-65.23146145241485,29.823812135159017,35.0,0.12167579751990958,12.37744666708083
21.35330603899999,105.34208323299987,SAT_10004,19.69788025336554,189.5505764251812,98.93780876377014,170.5722695307897,-65.29181978999465,29.797377334208285,35.0,0.1219259813236235,12.395001612089601
21.35330603899999,105.44208323299986,SAT_10004,19.629123831558132,189.1638215525145,98.9294855036125,170.5905893045296,-65.36057621180206,29.767212787196062,35.0,0.12221107387507314,12.414988620593434
21.35330603899999,105.54208323299986,SAT_10004,19.552014934815958,188.7300840083398,98.92003669045522,170.61108238950015,-65.43768510854423,29.733318563617775,35.0,0.12253092398387842,12.43739035867796
21.35330603899999,105.64208323299985,SAT_10004,19.466604085090196,188.24964797863237,98.90942647182118,170.63371772949853,-65.52309595826999,29.695694741566385,35.0,0.12288536403928656,12.46218760629856
21.35330603899999,105.74208323299985,SAT_10004,19.372946480062993,187.72282395035433,98.89761377382898,170.6584614187554,-65.6167535632972,29.65434140773392,35.0,0.12327421075848828,12.48935934151723
21.35330603899999,105.84208323299984,SAT_10004,19.27110173896706,187.14994728168972,98.88455184487576,170.68527686472459,-65.71859830439313,29.609258657413147,35.0,0.12369726599318387,12.518882831088511
21.35330603899999,105.94208323299983,SAT_10090,19.168132988383462,186.57074805965698,98.87110935702678,170.71227138325963,-65.82156705497673,29.56354602064341,35.0,0.12412534881288252,12.548716343547632
21.35330603899999,106.04208323299983,SAT_10090,19.291709355638375,187.26586512546587,98.88721251983677,170.67983783221624,-65.69799068772181,29.618378808952933,35.0,0.12361177393385336,12.512919890524671
21.35330603899999,106.14208323299982,SAT_10090,19.407209635652677,187.9155542005463,98.90195633512518,170.64939787583913,-65.58249040770751,29.66946982441625,35.0,0.1231320624787227,12.47943029380591
21.35330603899999,106.24208323299982,SAT_10090,19.514562109226986,188.51941186440177,98.91540212827434,170.62099547188754,-65.4751379341332,29.716818949413756,35.0,0.12268645319800438,12.448274958461408
21.35330603899999,106.34208323299981,SAT_10090,19.613698849779325,189.0770560300087,98.92760431944563,170.59467229508218,-65.37600119358086,29.76042607495068,35.0,0.12227517196705945,12.41947980148232
21.35330603899999,106.4420832329998,SAT_10090,19.704556023145557,189.58812763019378,98.93861106553481,170.570467545666,-65.28514402021463,29.80029110065496,35.0,0.12189843082501131,12.39306914437859
21.35330603899999,106.5420832329998,SAT_10090,19.787074176053892,190.05229224030313,98.94846481169327,170.5484177648683,-65.2026258673063,29.836413934775294,35.0,0.12155642705563802,12.369065610157639
21.35330603899999,106.6420832329998,SAT_10090,19.861198510674612,190.46924162254467,98.95720276438186,170.52855665899298,-65.12850153268558,29.86879449417934,35.0,0.12124934231750314,12.347490025554425
21.35330603899999,106.74208323299979,SAT_10090,19.926879142691874,190.8386951776418,98.96485729586098,170.51091493382455,-65.06282090066831,29.897432704352106,35.0,0.12097734183041088,12.328361329365453
21.35330603899999,106.84208323299978,SAT_10090,19.984071340425444,191.16040128989312,98.97145628830731,170.4955201409952,-65.00562870293474,29.922328499394496,35.0,0.12074057362499875,12.311696487709034
21.35330603899999,106.94208323299978,SAT_10090,20.032735742649862,191.43413855240547,98.9770234243138,170.48239653787903,-64.95696430071033,29.943481822022015,35.0,0.1205391678619074,12.29751041699141
21.35330603899999,107.04208323299977,SAT_10090,20.072838552922192,191.65971686018733,98.9815784293199,170.47156496247194,-64.916861490438,29.96089262356367,35.0,0.12037323622649715,12.28581591530322
21.35330603899999,107.14208323299977,SAT_10090,20.104351708422854,191.83697835987857,98.9851372704865,170.46304272458968,-64.88534833493733,29.97456086396101,35.0,0.12024287140451981,12.27662360290414
21.35330603899999,107.24208323299976,SAT_10090,20.127253021545442,191.96579824619312,98.9877123156384,170.4568435145627,-64.86244702181475,29.984486511767344,35.0,0.12014814664350551,12.26994187237587
21.35330603899999,107.34208323299976,SAT_10090,20.14152629274315,192.04608539668024,98.98931245511696,170.45297733042446,-64.84817375061704,29.990669544147135,35.0,0.12008911540390022,12.265776848935813
21.35330603899999,107.44208323299975,SAT_10090,20.147161393417633,192.07778283797418,98.98994318868807,170.45145042440686,-64.84253864994255,29.993109946875556,35.0,0.12006581110319786,12.264132361308057
21.35330603899999,107.54208323299974,SAT_10090,20.144154317960016,192.0608680385251,98.98960667901905,170.45226526933791,-64.84554572540017,29.991807714338204,35.0,0.12007824695546547,12.265009923444998
21.453306038999987,102.942083233,SAT_10090,18.952087670901122,185.35549314881882,98.84212472147236,170.76864160240095,-66.03761237245907,29.46726516149301,35.0,0.1250240073739466,12.611211924177173
21.453306038999987,103.042083233,SAT_10090,19.06487022455042,185.98989501309612,98.85740064030408,170.73926713673535,-65.92482981880977,29.5175930184337,35.0,0.12455475424355125,12.578600946264572
21.453306038999987,103.142083233,SAT_10090,19.16961007475271,186.579056670484,98.87131809444897,170.71188453088237,-65.82008996860748,29.5642024578763,35.0,0.1241192081953695,12.548288687406023
21.453306038999987,103.24208323299999,SAT_10090,19.266243207715746,187.12261804340108,98.88393491516169,170.68653299360602,-65.72345683564444,29.607093372294873,35.0,0.12371758244906793,12.520299631884221
21.453306038999987,103.34208323299998,SAT_10090,19.354709559155665,187.62024127025063,98.89530221999877,170.66324934707526,-65.63499048420452,29.646265662750487,35.0,0.12335007688432956,12.49465672299542
21.453306038999987,103.44208323299998,SAT_10004,19.4503373800911,188.15814776301244,98.90739836799398,170.6380210643614,-65.53936266326909,29.688519638619667,35.0,0.12295288619690625,12.466908351330446
21.453306038999987,103.54208323299997,SAT_10004,19.5426433101416,188.6773686195465,98.91888873006351,170.6135693190286,-65.44705673321859,29.729194446599326,35.0,0.12256980673395677,12.440112054055335
21.453306038999987,103.64208323299997,SAT_10004,19.626686049353722,189.15010902761472,98.92919627796671,170.5912380325003,-65.36301399400647,29.766142284219125,35.0,0.12222118385593106,12.415697061869343
21.453306038999987,103.74208323299996,SAT_10004,19.702410891771535,189.5760612662149,98.93836050062104,170.5710608234295,-65.28728915158865,29.799363066329246,35.0,0.12190719911816689,12.393684195370238
21.453306038999987,103.84208323299995,SAT_10004,19.76976787406315,189.95494429160522,98.9464158254938,170.55306841800035,-65.21993216929704,29.82885671637441,35.0,0.12162801819054099,12.374092449480571
21.453306038999987,103.94208323299995,SAT_10004,19.828712011178638,190.28650506287983,98.95339198867215,170.53728849870583,-65.16098803218155,29.85462316639241,35.0,0.12138379011475978,12.356938909753367
21.453306038999987,104.04208323299994,SAT_10004,19.87920351195396,190.570519754741,98.9593143478915,170.52374556583197,-65.11049653140623,29.87666235701279,35.0,0.12117464662762474,12.342238675959422
21.453306038999987,104.14208323299994,SAT_10004,19.921207972527625,190.8067948454679,98.96420414458788,170.51246081306974,-65.06849207083256,29.8949742374557,35.0,0.1210007015561044,12.330004793662424
21.453306038999987,104.24208323299993,SAT_10004,19.95469654562035,190.99516806911447,98.96807871992391,170.50345201855436,-65.03500349773984,29.90955876553092,35.0,0.12086205028952715,12.320248194426872
21.453306038999987,104.34208323299993,SAT_10004,19.97964608393835,191.13550922215322,98.9709516887757,170.49673345249295,-65.01005395942184,29.92041590763705,35.0,0.12075876933360837,12.31297764523233
21.453306038999987,104.44208323299992,SAT_10004,19.996039256209684,191.22772081617947,98.97283307483046,170.4923158023754,-64.9936607871505,29.927545638760847,35.0,0.12069091595035043,12.308199707585603
21.453306038999987,104.54208323299991,SAT_10004,20.00386463462712,191.27173856977757,98.97372940920076,170.49020611658938,-64.98583540873307,29.930947942476767,35.0,0.1206585278871129,12.305918706733333
21.453306038999987,104.64208323299991,SAT_10004,20.003116752770964,191.26753173433667,98.97364379428997,170.49040776705806,-64.98658329058922,29.93062281094662,35.0,0.12066162319735535,12.306136711280429
21.453306038999987,104.7420832329999,SAT_10004,19.993796133390063,191.21510325031912,98.97257593402202,170.492920431317,-64.99590390997012,29.92657024491944,35.0,0.12070020015471904,12.308853523417845
21.453306038999987,104.8420832329999,SAT_10004,19.97590928574286,191.11448973230358,98.97052213095947,170.4977400942298,-65.01379075761733,29.918790253731487,35.0,0.12077423726124764,12.31406667985776
21.453306038999987,104.94208323299989,SAT_10004,19.9494686725275,190.9657612829672,98.96747525025982,170.5048590693228,-65.04023137083269,29.907282855306438,35.0,0.12088369334967168,12.321771463466643
21.453306038999987,105.04208323299989,SAT_10004,19.914492646755846,190.76902113800165,98.9634246498454,170.51426603950148,-65.07520739660434,29.89204807615572,35.0,0.12102850777880211,12.331960925479779
21.453306038999987,105.14208323299988,SAT_10004,19.871005359246766,190.52440514576304,98.95835607556734,170.52594611669673,-65.11869468411342,29.873085951379032,35.0,0.1212086007202193,12.344625918075518
21.453306038999987,105.24208323299987,SAT_10004,19.819036637719393,190.2320810871716,98.95225151951689,170.5398809197857,-65.1706634056408,29.85039652466502,35.0,0.12142387353361296,12.35975513698649
21.453306038999987,105.34208323299987,SAT_10004,19.758621838761115,189.8922478430313,98.94508903895374,170.5560486699345,-65.23107820459907,29.82397984829211,35.0,0.12167420922734203,12.377335173729326
21.453306038999987,105.44208323299986,SAT_10004,19.689801674205142,189.50513441740392,98.936842532563,170.5744243023384,-65.29989836915504,29.793835983129537,35.0,0.12195947300005328,12.397350576946126
21.453306038999987,105.54208323299986,SAT_10004,19.61262201369769,189.0709988270495,98.92748146989567,170.59497959317127,-65.3770780296625,29.759964998638495,35.0,0.1222795128585343,12.41978392227119
21.453306038999987,105.64208323299985,SAT_10004,19.527133665437702,188.59012686808708,98.91697056886026,170.61768330042315,-65.46256637792249,29.722366972873495,35.0,0.12263416030639121,12.444615890066428
21.453306038999987,105.74208323299985,SAT_10004,19.43339213724839,188.0628307720222,98.90526941498578,170.64250131718833,-65.5563079061118,29.681041992483866,35.0,0.12302323109763655,12.471825350309691
21.453306038999987,105.84208323299984,SAT_10004,19.331457380279105,187.48944776406995,98.89233201482082,170.6693968358755,-65.65824266308108,29.635990152715422,35.0,0.1234465260488625,12.501389453872148
21.453306038999987,105.94208323299983,SAT_10004,19.2213935177344,186.870338537256,98.87810627422242,170.69833052175014,-65.76830652562579,29.58721155741231,35.0,0.12390383190335195,12.533283729384607
21.453306038999987,106.04208323299983,SAT_10090,19.304776160173446,187.33936590097565,98.88890740078065,170.6764002143314,-65.68492388318674,29.624166535460866,35.0,0.12355748853461956,12.509132715781568
21.453306038999987,106.14208323299982,SAT_10090,19.42023655119148,187.98883060045208,98.90361154739779,170.6459569759008,-65.56946349216871,29.67522259179628,35.0,0.12307797559481178,12.475651132469395
21.453306038999987,106.24208323299982,SAT_10090,19.5275521042861,188.59248058660933,98.91702159505958,170.61755148876807,-65.46214793907409,29.722539318164667,35.0,0.12263255021875735,12.444503218251924
21.453306038999987,106.34208323299981,SAT_10090,19.626654883027157,189.14993371702775,98.92919170271284,170.59122543642744,-65.36304516033303,29.766116605622397,35.0,0.12222143829836954,12.415714891229632
21.453306038999987,106.4420832329998,SAT_10090,19.717481043881264,189.6608308718321,98.94016979908595,170.567018027465,-65.27221899947892,29.8059543538445,35.0,0.12184485188774025,12.389310473970689
21.453306038999987,106.5420832329998,SAT_10090,19.799971124751167,190.12483757672533,98.94999813060711,170.5449658109652,-65.18972891860902,29.842052471122702,35.0,0.12150298828410477,12.3653125904824
21.453306038999987,106.6420832329998,SAT_10090,19.87407031958709,190.5416455476774,98.95871373141904,170.52510250054473,-65.1156297237731,29.87441087436364,35.0,0.12119602915803718,12.343742068433954
21.453306038999987,106.74208323299979,SAT_10090,19.93972873651964,190.910974142923,98.96634882531065,170.50745880870468,-65.04997130684055,29.903029489087253,35.0,0.12092413973996233,12.324617847483154
21.453306038999987,106.84208323299978,SAT_10090,19.99690163703822,191.23257170833998,98.97293116768766,170.49206229314785,-64.99279840632197,29.927908249425332,35.0,0.12068746806979835,12.307956894529646
21.453306038999987,106.94208323299978,SAT_10090,20.045549653862167,191.5062168029747,98.97848433428443,170.47893721662768,-64.94415038949802,29.94904709812023,35.0,0.12048614431616943,12.293774126674396
21.453306038999987,107.04208323299977,SAT_10090,20.085638985316322,191.73171929240434,98.98302796211891,170.46810442178645,-64.90406105804387,29.966445986523752,35.0,0.12032028017115842,12.282082342610005
21.453306038999987,107.14208323299977,SAT_10090,20.117141564211877,191.9089212986918,98.98657794716927,170.4595812223186,-64.87255847914831,29.980104874596215,35.0,0.12018996832600917,12.272892163099899
21.453306038999987,107.24208323299976,SAT_10090,20.140035199474426,192.03769799704364,98.98914660236727,170.45338131163234,-64.84966484388576,29.990023730905662,35.0,0.12009528203253751,12.26621198112655
21.453306038999987,107.34208323299976,SAT_10090,20.154303689015734,192.11795825071349,98.99074277872782,170.449514690016,-64.83539635434445,29.996202532627255,35.0,0.12003627475428745,12.26204792220141
21.453306038999987,107.44208323299975,SAT_10090,20.15993690264534,192.14964507738003,98.99137195174437,170.44798761111397,-64.82976314071485,29.998641265542823,35.0,0.12001297991067691,12.260403815233031
21.453306038999987,107.54208323299974,SAT_10090,20.15693083412377,192.1327359419462,98.99103627455126,170.4488025483136,-64.83276920923642,29.997339924040595,35.0,0.12002541071653103,12.261281174246882
21.453306038999987,107.64208323299974,SAT_10090,20.145287621794083,192.0672428725917,98.98973459876903,170.45195818142062,-64.8444124215661,29.992298511115088,35.0,0.1200735601185165,12.264679191142042
21.453306038999987,107.74208323299973,SAT_10090,20.12501553756674,191.95321239881292,98.98746246339071,170.4574494037732,-64.86468450579345,29.98351703836716,35.0,0.12015740082907733,12.270594739558316
21.553306038999985,103.042083233,SAT_10090,19.14572384842205,186.44469664737403,98.86818116970375,170.718137961066,-65.84397619493814,29.553584041496695,35.0,0.1242185149778576,12.55520376039098
21.553306038999985,103.142083233,SAT_10090,19.250609018454526,187.03467572880675,98.88192093488377,170.69064036000353,-65.73909102490566,29.600161331259002,35.0,0.12378254742840644,12.524829448732733
21.553306038999985,103.24208323299999,SAT_10090,19.347377882201172,187.5790005873816,98.8943782567436,170.66518170607702,-65.64232216115902,29.64302266098838,35.0,0.12338052755357266,12.496782588516794
21.553306038999985,103.34208323299998,SAT_10090,19.435969903973756,188.07733070985236,98.90560315166138,170.64179912552868,-65.55373013938643,29.68216793179594,35.0,0.12301265671711661,12.471086288936576
21.553306038999985,103.44208323299998,SAT_10090,19.51632879202286,188.5293494551286,98.91563966026935,170.62052717014916,-65.47337125133733,29.717597053373563,35.0,0.1226791219940525,12.447762012567683
21.553306038999985,103.54208323299997,SAT_10004,19.59345521574832,188.9631855885843,98.92514606648336,170.60007572828783,-65.39624482761187,29.751542752518183,35.0,0.12235901204949745,12.425352839792723
21.553306038999985,103.64208323299997,SAT_10004,19.67755293400009,189.43623525375054,98.935371861518,170.5776902085158,-65.3121471093601,29.78846513807725,35.0,0.12201025584611538,12.400911783075426
21.553306038999985,103.74208323299996,SAT_10004,19.75332794649387,189.86246969902803,98.94446396343349,170.55746375656514,-65.23637209686632,29.821663035611294,35.0,0.12169614897712684,12.378875226935348
21.553306038999985,103.84208323299995,SAT_10004,19.82073006284439,190.24160660349972,98.95245633342753,170.53942724645913,-65.1689699805158,29.851136368602585,35.0,0.12141685781085373,12.359262244848393
21.553306038999985,103.94208323299995,SAT_10004,19.87971409206304,190.5733917678546,98.95937830804658,170.52360849488505,-65.10998595129715,29.876885069122228,35.0,0.12117253202035395,12.342089993513964
21.553306038999985,104.04208323299994,SAT_10004,19.93024005963842,190.85760033546615,98.96525490668559,170.51003212168322,-65.05945998372177,29.89890907782886,35.0,0.12096330390285111,12.327373635964546
21.553306038999985,104.14208323299994,SAT_10004,19.97227340229186,191.09403788789172,98.97010708906498,170.49871942455576,-65.01742664106833,29.917208343967527,35.0,0.12078928777134235,12.31512627270876
21.553306038999985,104.24208323299993,SAT_10004,20.005785138438966,191.28254140371922,98.97395196752291,170.4896882693076,-64.98391490492122,29.931782825368686,35.0,0.1206505794237418,12.305358881558563
21.553306038999985,104.34208323299993,SAT_10004,20.03075201260023,191.4229800708763,98.97680297802057,170.48295299679413,-64.95894803075996,29.942632488447387,35.0,0.120547255694312,12.298080266718898
21.553306038999985,104.44208323299992,SAT_10004,20.04715661225785,191.51525594395042,98.97867001294134,170.47852434757738,-64.94254343110234,29.949757308202656,35.0,0.12047937409145522,12.29329701763616
21.553306038999985,104.54208323299991,SAT_10004,20.054987455919985,191.55930443954992,98.97955951803655,170.47640940512082,-64.9347125874402,29.953157268216984,35.0,0.12044697252518989,12.291013478011182
21.553306038999985,104.64208323299991,SAT_10004,20.05423905145483,191.55509466443343,98.97947455521467,170.4766115581494,-64.93546099190536,29.95283236065603,35.0,0.12045006912683558,12.291231725285163
21.553306038999985,104.7420832329999,SAT_10004,20.044911924070874,191.50262957289866,98.97841483226271,170.47913048259136,-64.94478811928931,29.948782586268454,35.0,0.12048866216258622,12.293951560803821
21.553306038999985,104.8420832329999,SAT_10004,20.027012613639045,191.40194595171965,98.97637670001286,170.4839621433067,-64.96268742972114,29.94100795438595,35.0,0.12056273004178007,12.299170510758602
21.553306038999985,104.94208323299989,SAT_10004,20.00055364138585,191.2531142327954,98.97335311690489,170.49109881558238,-64.98914640197434,29.929508482923406,35.0,0.12067223141978832,12.30688383789558
21.553306038999985,105.04208323299989,SAT_10004,19.96555344631959,191.0562381355477,98.96933358033351,170.500529126151,-65.0241465970406,29.914284198379267,35.0,0.12081710539456157,12.317084563874294
21.553306038999985,105.14208323299988,SAT_10004,19.922036292065357,190.81145414286766,98.9643040235876,170.51223811328285,-65.06766375129483,29.89533513583603,35.0,0.12099727179500411,12.329763502053009
21.553306038999985,105.24208323299987,SAT_10004,19.87003214510645,190.51893081622376,98.95824667657507,170.52620730528156,-65.11966789825374,29.87266133896093,35.0,0.12121263155850956,12.344909300374603
21.553306038999985,105.34208323299987,SAT_10004,19.80957652571132,190.1788679571262,98.95113988785819,170.5424148165305,-65.18012351764887,29.84626286000678,35.0,0.12146306719419833,12.362508493930944
21.553306038999985,105.44208323299986,SAT_10004,19.740710333102868,189.79149562370367,98.94295790478441,170.56083546004817,-65.24898971025732,29.816139759812973,35.0,0.12174844332766055,12.382545566694459
21.553306038999985,105.54208323299986,SAT_10004,19.663479646659255,189.35707301245833,98.9336706076595,170.58144087535993,-65.32622039670093,29.78229210780665,35.0,0.12206860732234179,12.40500302182531
21.553306038999985,105.64208323299985,SAT_10004,19.57793550515538,188.87588721649902,98.92324319294768,170.6041996703449,-65.4117645382048,29.74471998200405,35.0,0.12242338997211608,12.429861459891843
21.553306038999985,105.74208323299985,SAT_10004,19.484133666217247,188.34825187247202,98.91163579936122,170.62907757561337,-65.50556637714294,29.703423469012,35.0,0.12281260625908612,12.457099664282483
21.553306038999985,105.84208323299984,SAT_10004,19.38213434831397,187.7745057092661,98.89880306938295,170.65603760986693,-65.60756569504622,29.658402664029598,35.0,0.12323605617023461,12.486694693038649
21.553306038999985,105.94208323299983,SAT_10004,19.272001957699658,187.15501101206058,98.88469363719166,170.6850402546422,-65.71769808566053,29.609657670850027,35.0,0.1236935255662284,12.518621976302136
21.553306038999985,106.04208323299983,SAT_10090,19.308092962783547,187.35802291565747,98.88934600639189,170.675527380978,-65.68160708057664,29.625635347070393,35.0,0.12354370963104337,12.508171337037984
21.553306038999985,106.14208323299982,SAT_10090,19.423483824085423,188.0070965104805,98.90403137208428,170.64509900593168,-65.56621621927476,29.676656303395575,35.0,0.12306449371278538,12.474709023025868
21.553306038999985,106.24208323299982,SAT_10090,19.530734629852176,188.6103822929185,98.91742452255842,170.61670748151727,-65.45896541350801,29.723940500573107,35.0,0.12261934465230775,12.443579087911539
21.553306038999985,106.34208323299981,SAT_10090,19.629777509496492,189.16749849091778,98.92957948572067,170.59039445150376,-65.3599225338637,29.767487829710262,35.0,0.12220848811833745,12.41480742395187
21.553306038999985,106.4420832329998,SAT_10090,19.720548682007504,189.6780863362922,98.94054407607254,170.5661990867003,-65.26915136135268,29.807298190528922,35.0,0.12183213595318522,12.388418329228134
21.553306038999985,106.5420832329998,SAT_10090,19.802988744076345,190.14181168542942,98.95036044075074,170.5441579006233,-65.18671129928384,29.84337149136363,35.0,0.12149048525510146,12.364434404769069
21.553306038999985,106.6420832329998,SAT_10090,19.87704294431086,190.55836656174858,98.95906552795873,170.52430457377992,-65.11265709904933,29.87570764915981,35.0,0.12118371750980297,12.342876456919422
21.553306038999985,106.74208323299979,SAT_10090,19.942661440988886,190.9274706055625,98.96669148756632,170.50666978826035,-65.0470386023713,29.904306589472164,35.0,0.12091199777824317,12.323763405804863
21.553306038999985,106.84208323299978,SAT_10090,19.99979954088056,191.24887241745316,98.97326601196386,170.49128107428103,-64.98990050247963,29.929168246463213,35.0,0.12067547394742607,12.307112200714373
21.553306038999985,106.94208323299978,SAT_10090,20.048417916795373,191.52235078197398,98.97881262384401,170.47816267023808,-64.94128212656481,29.95029256290202,35.0,0.12047427605069011,12.292937743178069
21.553306038999985,107.04208323299977,SAT_10090,20.088482801660547,191.7477157593406,98.98335091638957,170.4673353977354,-64.90121724169964,29.96767949016309,35.0,0.12030851566342056,12.2812528184639
21.553306038999985,107.14208323299977,SAT_10090,20.11996615714726,191.92480963395334,98.98689675032776,170.4588165529091,-64.86973388621293,29.98132898822541,35.0,0.12017828537958776,12.272068036149658
21.553306038999985,107.24208323299976,SAT_10090,20.142845815079312,192.05350770982113,98.98946241143007,170.4526198152293,-64.84685422828088,29.99124102567168,35.0,0.12008365837386117,12.265391780349397
21.553306038999985,107.34208323299976,SAT_10090,20.157105590132602,192.13371894449588,98.99105673126648,170.448755174776,-64.83259445322759,29.997415579687704,35.0,0.12002468805332729,12.26123017008594
21.553306038999985,107.44208323299975,SAT_10090,20.162735362617212,192.1653864147218,98.99168517333456,170.44722887879783,-64.82696468074298,29.999852636061945,35.0,0.12000140780204835,12.259587030205042
21.553306038999985,107.54208323299974,SAT_10090,20.159731130450524,192.1484876087842,98.99134988605843,170.44804339814985,-64.82996891290966,29.998552189185247,35.0,0.12001383082085526,12.26046387312421
21.553306038999985,107.64208323299974,SAT_10090,20.14809502975642,192.08303454237986,98.99004972357032,170.45119741398975,-64.84160501360377,29.99351424205073,35.0,0.12006195006388497,12.263859891600868
21.553306038999985,107.74208323299973,SAT_10090,20.127835323867515,191.96907369675478,98.98778023463088,170.4566858248807,-64.86186471949267,29.984738806253844,35.0,0.1201457382724613,12.26977196259334
21.553306038999985,107.84208323299973,SAT_10090,20.098966360849246,191.806685779777,98.98453361949841,170.4644997742221,-64.89073368251094,29.9722259019926,35.0,0.12026514810599931,12.27819466217544
21.553306038999985,107.94208323299972,SAT_10090,20.061508500005957,191.5959853125335,98.98029865400561,170.4746266977,-64.92819154335423,29.955975558067955,35.0,0.12042011236869808,12.289120291353504
21.653306038999986,103.042083233,SAT_10090,19.217014209066946,186.8457049260016,98.87756077999934,170.6994587528473,-65.77268583429324,29.585256269427703,35.0,0.12392216234357936,12.534561188530063
21.653306038999986,103.142083233,SAT_10090,19.322019701730156,187.43636082223213,98.89114577731769,170.6718613920435,-65.66768034163003,29.631801281100195,35.0,0.12348585676585543,12.504134373920877
21.653306038999986,103.24208323299999,SAT_10090,19.41890103170637,187.98131830334833,98.90346415935647,170.64630980868358,-65.57079901165382,29.674632907977454,35.0,0.12308352041173186,12.476038590535959
21.653306038999986,103.34208323299998,SAT_10090,19.507597253547317,188.48023455120367,98.91456498814878,170.62284139377124,-65.48210278981287,29.713751051220413,35.0,0.12271535593057974,12.450297091331471
21.653306038999986,103.44208323299998,SAT_10090,19.588051690833126,188.9327907609363,98.92449147275661,170.60149094790535,-65.40164835252706,29.749155620566427,35.0,0.12238155159922132,12.42693147358892
21.653306038999986,103.54208323299997,SAT_10090,19.66021219376732,189.33869358994122,98.93328145275233,170.58229051641516,-65.32948784959287,29.78084653432753,35.0,0.12208228050261122,12.405961587002638
21.653306038999986,103.64208323299997,SAT_10090,19.724031380743497,189.69767651668218,98.94096781120938,170.56526923453617,-65.26566866261669,29.808823719388897,35.0,0.1218176997692387,12.387405447700178
21.653306038999986,103.74208323299996,SAT_10004,19.794432802560067,190.0936845144004,98.9493540277823,170.54646932925846,-65.19526724080012,29.839643521648206,35.0,0.12152581248757471,12.366915620702308
21.653306038999986,103.84208323299995,SAT_10004,19.861862416537633,190.4729760930242,98.95729494712391,170.52839952463478,-65.12783762682255,29.869096456306167,35.0,0.12124646961372704,12.347288088880209
21.653306038999986,103.94208323299995,SAT_10004,19.92087081620916,190.8048983411765,98.96417263548734,170.51255145817254,-65.06882922715103,29.894827336320265,35.0,0.12100209759863885,12.330103007700114
21.653306038999986,104.04208323299994,SAT_10004,19.971417888995674,191.0892256256007,98.97001183575566,170.49894984015393,-65.01828215436451,29.916836102378106,35.0,0.12079282915824363,12.315375587430461
21.653306038999986,104.14208323299994,SAT_10004,20.013468951565727,191.3257628525572,98.97483327740947,170.48761604696722,-64.97623109179446,29.935122703749496,35.0,0.12061877896863517,12.303118969608112
21.653306038999986,104.24208323299993,SAT_10004,20.046994921188343,191.51434643168443,98.97865388577034,170.47856801074408,-64.94270512217184,29.94968709828547,35.0,0.1204800431329476,12.293344166580285
21.653306038999986,104.34208323299993,SAT_10004,20.071972460906437,191.65484509259875,98.98148695057175,170.47182012578932,-64.91772758245375,29.96052925241747,35.0,0.12037669873085974,12.286060010351042
21.653306038999986,104.44208323299992,SAT_10004,20.08838409701177,191.74716054569123,98.98334225688097,170.46738317281824,-64.90131594634842,29.967649141156706,35.0,0.12030880345482037,12.281273111232055
21.653306038999986,104.54208323299991,SAT_10004,20.09621830757837,191.79122798012833,98.98422618068214,170.4652642618331,-64.89348173578182,29.971046748093688,35.0,0.12027639533634123,12.278987826706047
21.653306038999986,104.64208323299991,SAT_10004,20.09546958110961,191.78701639374154,98.98414175078646,170.46546679427018,-64.89423046225058,29.970722065397894,35.0,0.12027949256489603,12.27920624081339
21.653306038999986,104.7420832329999,SAT_10004,20.08613844466643,191.7345287512487,98.98308867813837,170.46799044484172,-64.90356159869376,29.966675093817617,35.0,0.12031809340111645,12.281928154268538
21.653306038999986,104.8420832329999,SAT_10004,20.068231461175742,191.63380196911356,98.98106335302168,170.47283116327353,-64.92146858218445,29.95890584268,35.0,0.12039217618509798,12.287151085405815
21.653306038999986,104.94208323299989,SAT_10004,20.041761195946023,191.48490672719637,98.97805881011729,170.47998119592052,-64.94793884741416,29.947414329891195,35.0,0.12050169943973804,12.294870281945101
21.653306038999986,105.04208323299989,SAT_10004,20.006746152752996,191.2879471092356,98.97406466081203,170.4894291270169,-64.98295389060719,29.932200581936712,35.0,0.12064660206813824,12.305078743458864
21.653306038999986,105.14208323299988,SAT_10004,19.96321068017977,191.04306007601122,98.96906699158808,170.50115993910356,-65.02648936318042,29.913264633881937,35.0,0.1208268036432305,12.317767254315559
21.653306038999986,105.24208323299987,SAT_10004,19.911184849212816,190.7504147768221,98.96304822671847,170.5151550919619,-65.07851519414737,29.8906065293728,35.0,0.12104220478694305,12.332924426771338
21.653306038999986,105.34208323299987,SAT_10004,19.85070430338436,190.41021170653704,98.9559869528398,170.53139261919182,-65.13899573997583,29.86422632063661,35.0,0.1212926876354256,12.35053675378519
21.653306038999986,105.44208323299986,SAT_10004,19.781810083026855,190.02268171702605,98.94785770224567,170.5498472413875,-65.20788996033333,29.834124068483064,35.0,0.12157811638611186,12.370588671042778
21.653306038999986,105.54208323299986,SAT_10004,19.704548425445466,189.58808489313074,98.93863069092362,170.5704904947049,-65.28515161791472,29.800299842305417,35.0,0.12189833792172608,12.39306262759351
21.653306038999986,105.64208323299985,SAT_10004,19.61897054302507,189.10670930451602,98.92827150641399,170.59329087347695,-65.37072950033512,29.762753720081815,35.0,0.12225318250574618,12.417939164434248
21.653306038999986,105.74208323299985,SAT_10004,19.52513238146622,188.57886964574752,98.9167407394709,170.61821398541426,-65.46456766189397,29.721485788376793,35.0,0.12264246454332771,12.44519700031317
21.653306038999986,105.84208323299984,SAT_10004,19.423094360484598,188.00490577772584,98.90399355221187,170.64522271783872,-65.56660568287559,29.676496142342938,35.0,0.12306598340127436,12.474813123978542
21.653306038999986,105.94208323299983,SAT_10004,19.31292109940685,187.3851811841635,98.88997917390388,170.67427741333486,-65.67677894395334,29.627784885722722,35.0,0.12352352428031955,12.506762892060879
21.653306038999986,106.04208323299983,SAT_10090,19.30165724375803,187.32182199613894,98.88853059347579,170.67722088124884,-65.68804279960216,29.6227852405695,35.0,0.12357044558302942,12.51003671333979
21.653306038999986,106.14208323299982,SAT_10090,19.416948961557054,187.97033790875844,98.90321796173184,170.64682549938726,-65.57275108180313,29.673770956079114,35.0,0.12309162509722403,12.476604913397756
21.653306038999986,106.24208323299982,SAT_10090,19.524107218966236,188.57310310668507,98.91661297063509,170.61846496856202,-65.46559282439395,29.721022493575415,35.0,0.1226468446719497,12.445503504735397
21.653306038999986,106.34208323299981,SAT_10090,19.6230642867597,189.1297366130233,98.92876964617895,170.59218084442512,-65.36663575660049,29.764539744216314,35.0,0.12223632951361564,12.41675832687806
21.653306038999986,106.4420832329998,SAT_10090,19.713756518172374,189.6398804147196,98.93973580167888,170.56801221399385,-65.27594352518781,29.804322607770317,35.0,0.12186029102658497,12.39039362793769
21.653306038999986,106.5420832329998,SAT_10090,19.796124636137662,190.10320107827434,98.94955358363964,170.54599551189298,-65.19357540722253,29.84037099261458,35.0,0.12151892589823501,12.366431962045894
21.653306038999986,106.6420832329998,SAT_10090,19.870114006645593,190.51939128738147,98.95825994004383,170.52616434519405,-65.1195860367146,29.872684815733123,35.0,0.12121241523307752,12.344894092020596
21.653306038999986,106.74208323299979,SAT_10090,19.93567489567998,190.8881712881999,98.96588702083278,170.50854932853824,-65.0540251476802,29.901264002715237,35.0,0.12094092374298357,12.325798898114224
21.653306038999986,106.84208323299978,SAT_10090,19.992762707275503,191.20929022842472,98.97246251866248,170.49317793117768,-64.99693733608468,29.926108487754025,35.0,0.12070459900028588,12.309163293660731
21.653306038999986,106.94208323299978,SAT_10090,20.04133820035902,191.4825273770195,98.9780099566046,170.48007433748967,-64.94836184300117,29.94721821364513,35.0,0.12050357076015825,12.295002148396463
21.653306038999986,107.04208323299977,SAT_10090,20.081367682196003,191.70769321235252,98.98254892826846,170.4692593224165,-64.90833236116418,29.96459313178564,35.0,0.12033795035820674,12.283328220175138
21.653306038999986,107.14208323299977,SAT_10090,20.11282317645953,191.88463036758486,98.98609529480208,170.4607501431545,-64.87687686690066,29.978233202173122,35.0,0.12020783018864635,12.274152095730631
21.653306038999986,107.24208323299976,SAT_10090,20.135682564171816,192.01321442346648,98.9886613423505,170.45456044826125,-64.85401747918837,29.988138393404867,35.0,0.12011328326779436,12.267482141064198
21.653306038999986,107.34208323299976,SAT_10090,20.1499296960273,192.09335454015357,98.99025590277816,170.4507002051777,-64.83977034733289,29.994308682677264,35.0,0.12005436288688995,12.26332446194556
21.653306038999986,107.44208323299975,SAT_10090,20.155554474898338,192.12499392130314,98.99088443977588,170.44917564696786,-64.83414556846185,29.996744055785378,35.0,0.12003110235746409,12.261682874921894
21.753306038999987,102.74208323300002,SAT_10090,19.170649217496788,186.58490184841943,98.87149746765968,170.7116123650984,-65.8190508258634,29.564664252098257,35.0,0.124114888247228,12.547987824616017
21.753306038999987,102.942083233,SAT_10090,19.165523653017885,186.55607054822562,98.8708226748184,170.71295472590913,-65.8241763903423,29.562386335751132,35.0,0.12413619658757541,12.549471803596731
21.753306038999987,103.042083233,SAT_10090,19.278688828394834,187.19262465972093,98.88558225968622,170.68326172491265,-65.71101121496535,29.612609632953237,35.0,0.12366587076426222,12.516693252241673
21.753306038999987,103.142083233,SAT_10090,19.3837890627791,187.78381347813246,98.8990342745921,170.65558021554148,-65.60591098058109,29.659122238201864,35.0,0.12322931246770541,12.486223690773757
21.753306038999987,103.24208323299999,SAT_10090,19.480759048077687,188.329269645437,98.91123326426467,170.62995024185705,-65.5089409952825,29.70192404413353,35.0,0.12282673899821044,12.458088058560783
21.753306038999987,103.34208323299998,SAT_10090,19.569537492849364,188.82864839727768,98.92222747380629,170.60640941889602,-65.42016255051082,29.741014951958753,35.0,0.12245835408654636,12.432309729487011
21.753306038999987,103.44208323299998,SAT_10090,19.650067395833517,189.28162910156354,98.9320594002949,170.5849927578114,-65.33963264752667,29.77639487146016,35.0,0.12212434702043919,12.408910414154999
21.753306038999987,103.54208323299997,SAT_10090,19.722296305730154,189.6879167197321,98.94076626567548,170.5657324995425,-65.26740373763003,29.80806372099074,35.0,0.12182489181945454,12.387910067258828
21.753306038999987,103.64208323299997,SAT_10090,19.78617656484454,190.04724317725052,98.94838042083683,170.54865795859587,-65.20352347851565,29.83602142747233,35.0,0.12156014646491282,12.369326800927206
21.753306038999987,103.74208323299996,SAT_10090,19.841665534288822,190.3593686303746,98.95492968905405,170.53379537847007,-65.14803450907137,29.860267926394172,35.0,0.1213302521912045,12.353176804804262
21.753306038999987,103.84208323299995,SAT_10004,19.8931323501276,190.64886946946777,98.9609519887589,170.5200053359468,-65.09656769323259,29.88273694022247,35.0,0.12111696136815349,12.338182336140111
21.753306038999987,103.94208323299995,SAT_10004,19.952149403077442,190.98084039231063,98.9677949991051,170.50413759888684,-65.03755064028275,29.908449928764327,35.0,0.12087259521932754,12.3209903749409
21.753306038999987,104.04208323299994,SAT_10004,20.002704050690326,191.2652102851331,98.97360491582752,170.49051904115345,-64.98699599266986,29.930443391472952,35.0,0.12066333128137956,12.306257011707988
21.753306038999987,104.14208323299994,SAT_10004,20.04476152966086,191.50178360434234,98.97840228765008,170.47917109201492,-64.94493851369933,29.948717277642803,35.0,0.12048928446870713,12.2939954148585
21.753306038999987,104.24208323299993,SAT_10004,20.078292689875923,191.69039638055204,98.98220389307764,170.47011172817776,-64.91140735348426,29.96327154514539,35.0,0.12035055108472673,12.284216619367172
21.753306038999987,104.34208323299993,SAT_10004,20.103274140097128,191.83091703804632,98.9850229070522,170.46335537986846,-64.88642590326306,29.97410616042846,35.0,0.12024720837013324,12.276929475452933
21.753306038999987,104.44208323299992,SAT_10004,20.119688365849427,191.92324705790304,98.9868690303984,170.45891285478848,-64.87001167751076,29.981221098515366,35.0,0.12017931413811395,12.272140607099535
21.753306038999987,104.54208323299991,SAT_10004,20.127523818268855,191.9673214777623,98.98774858433467,170.45679128077546,-64.86217622509133,29.984616343004593,35.0,0.12014690649987657,12.269854380820588
21.753306038999987,104.64208323299991,SAT_10004,20.126774972956056,191.96310922287782,98.9876645716918,170.45699406780972,-64.86292507040413,29.98429188606941,35.0,0.12015000368304056,12.270072884980792
21.753306038999987,104.7420832329999,SAT_10004,20.117442358206574,191.91061326491197,98.98661670589271,170.45952088978584,-64.87225768515361,29.980247728457762,35.0,0.12018860394458912,12.272795919880936
21.753306038999987,104.8420832329999,SAT_10004,20.099532552308418,191.80987060673485,98.98460140818963,170.46436768625807,-64.89016749105177,29.972483879492252,35.0,0.12026268557919835,12.278020998706738
21.753306038999987,104.94208323299989,SAT_10004,20.07305814993876,191.6609520934055,98.98161177311124,170.47152668413705,-64.91664189342143,29.961000357070333,35.0,0.12037220702286573,12.28574335933184
21.753306038999987,105.04208323299989,SAT_10004,20.038037698023174,191.46396205138038,98.97763750152812,170.48098643909466,-64.95166234533701,29.945797187664652,35.0,0.12051710705086568,12.295955986856141
21.753306038999987,105.14208323299988,SAT_10004,19.99449560174415,191.21903775981085,98.97266480018261,170.49273189621823,-64.99520444161604,29.926874406323563,35.0,0.12069730506818427,12.308649646653185
21.753306038999987,105.24208323299987,SAT_10004,19.942462001706218,190.9263487595975,98.96667624593456,170.50674446923864,-65.04723804165397,29.904232056671784,35.0,0.12091270148973854,12.323812927597379
21.753306038999987,105.34208323299987,SAT_10004,19.881972623553793,190.58609600749006,98.95965061232947,170.52300213746673,-65.1077274198064,29.87787019091125,35.0,0.12116317820688524,12.341432295044028
21.753306038999987,105.44208323299986,SAT_10004,19.8130686016151,190.19851088408495,98.95156265537915,170.54147955938572,-65.17663144174509,29.8477888698221,35.0,0.12144859913598054,12.361492153045477
21.753306038999987,105.54208323299986,SAT_10004,19.7357962783868,189.76385406592578,98.94238285463682,170.5621482016881,-65.25390376497339,29.81398816276386,35.0,0.12176881084407766,12.383974915205068
21.753306038999987,105.64208323299985,SAT_10004,19.650206981884438,189.28241427309996,98.93207710471911,170.58497648240663,-65.33949306147575,29.776468147676763,35.0,0.12212364324625377,12.408861083499636
21.753306038999987,105.74208323299985,SAT_10004,19.556356783063677,188.7545069047332,98.92060635134669,170.6099299266703,-65.43334326029651,29.735228911083247,35.0,0.12251291036854658,12.43612933434092
21.753306038999987,105.84208323299984,SAT_10004,19.454306235658024,188.1804725755764,98.90792616470335,170.6369713335242,-65.53539380770216,29.69027054808962,35.0,0.12293641117006288,12.465756611097516
21.753306038999987,105.94208323299983,SAT_10004,19.344120100874463,187.56067556741885,98.89398624139956,170.66606095219373,-65.64557994248572,29.641593162387878,35.0,0.123393930417497,12.497718222262373
21.753306038999987,106.04208323299983,SAT_10090,19.285473890911703,187.23079063637834,98.8864580516099,170.6814777102048,-65.70422615244848,29.61561622219084,35.0,0.12363768017351082,12.514726984261001
21.753306038999987,106.14208323299982,SAT_10090,19.40063697872597,187.8785830053336,98.90116824809623,170.65113337121372,-65.58906306463422,29.666566556156138,35.0,0.1231593531206586,12.481336896455982
21.753306038999987,106.24208323299982,SAT_10090,19.50767500742579,188.48067191677006,98.9145839095246,170.62282078883834,-65.4820250359344,29.71378530355178,35.0,0.12271503326192484,12.450274517385926
21.753306038999987,106.34208323299981,SAT_10090,19.606520464112165,189.03667761063096,98.92675918925168,170.59658138258246,-65.38317957924802,29.757272355586085,35.0,0.12230494510391893,12.421565607147727
21.753306038999987,106.4420832329998,SAT_10090,19.69710990745692,189.54624322944517,98.93774201258084,170.5724541100037,-65.29259013590327,29.79702761207395,35.0,0.12192929938846957,12.395234338585054
21.753306038999987,106.5420832329998,SAT_10090,19.779384253583004,190.00903642640438,98.9475746241631,170.55047528384247,-65.21031578977718,29.833050981434933,35.0,0.1215882921816902,12.371303195187961
21.753306038999987,106.6420832329998,SAT_10090,19.853289048111264,190.42475089562586,98.9562940575833,170.53067839771958,-65.13641099524892,29.865342380691466,35.0,0.12128210401194242,12.349792874208848
21.753306038999987,106.74208323299979,SAT_10090,19.918774721848223,190.79310781039626,98.96393253693645,170.51309396207841,-65.07092532151196,29.89390173546725,35.0,0.1210108990636993,12.330722195837104
21.753306038999987,106.84208323299978,SAT_10090,19.975796827672298,191.11385715565666,98.97051781850462,170.49774935199466,-65.01390321568789,29.91872897998583,35.0,0.12077482443404151,12.314108019245026
21.753306038999987,106.94208323299978,SAT_10090,20.02431625629775,191.38677894167486,98.97607347922703,170.48466866839863,-64.96538378706244,29.939824057069302,35.0,0.1205740094581463,12.299965166274971
21.753306038999987,107.04208323299977,SAT_10090,20.064299428749422,191.6116842867155,98.9806191574576,170.4738726141549,-64.92540061461077,29.957186918137214,35.0,0.12040856510966627,12.2883063534834
21.753306038999987,107.14208323299977,SAT_10090,20.095718463583665,191.78841635765812,98.98417075048309,170.46537838630954,-64.89398157977652,29.970817523205636,35.0,0.1202785834813392,12.279142133191288
21.853306038999985,102.74208323300002,SAT_10090,19.144886890323406,186.43998875806915,98.86811426225886,170.71835698341974,-65.84481315303678,29.553211860983236,35.0,0.12422199484676859,12.555446035753514
21.853306038999985,102.84208323300001,SAT_10090,19.096226581341156,186.166274520044,98.86165533551663,170.73107991882432,-65.89347346201903,29.531559758117243,35.0,0.1244243385057075,12.569528962806238
21.853306038999985,102.942083233,SAT_10090,19.217463980298163,186.84823488917718,98.87764644421502,170.69934075902214,-65.77223606306202,29.585455905390045,35.0,0.12392029300157006,12.534430916428365
21.853306038999985,103.042083233,SAT_10090,19.330701798862677,187.48519761860257,98.89228163583181,170.66957507304508,-65.65899824449751,29.63564407225012,35.0,0.12344979272652079,12.501617450976024
21.853306038999985,103.142083233,SAT_10090,19.435870688078296,188.07677262044038,98.9056214996907,170.64182535242327,-65.55382935528189,29.682124142815905,35.0,0.12301306860666988,12.471115077067862
21.853306038999985,103.24208323299999,SAT_10090,19.532905044191438,188.62259087357685,98.91771979441519,170.6161318329959,-65.45679499916875,29.724896009777588,35.0,0.12261033886660953,12.442948837083815
21.853306038999985,103.34208323299998,SAT_10090,19.621743295375808,189.1223060364889,98.92862407773902,170.5925323118737,-65.36795674798438,29.76395957439503,35.0,0.12224180810934314,12.417142202396377
21.853306038999985,103.44208323299998,SAT_10090,19.7023281771029,189.57559599620382,98.93837624758585,170.57106197134343,-65.28737186625729,29.799314746495916,35.0,0.12190766643792077,12.393716974971861
21.853306038999985,103.54208323299997,SAT_10090,19.774606993698526,189.98216433955423,98.94701300608232,170.55175321134388,-65.21509304966166,29.830961444474017,35.0,0.12160808862566082,12.372693194166132
21.853306038999985,103.64208323299997,SAT_10090,19.838531863676394,190.34174173317973,98.95456625615931,170.53463549210986,-65.1511681796838,29.858899595287646,35.0,0.12134323334165283,12.354089049519937
21.853306038999985,103.74208323299996,SAT_10090,19.89405994651952,190.6540871991723,98.96106343872607,170.51973518853276,-65.09564009684067,29.883129134458255,35.0,0.12111324243795975,12.3379208003282
21.853306038999985,103.84208323299995,SAT_10090,19.941153648704145,190.9189892739608,98.96652781700284,170.5070754577054,-65.04854639465604,29.90365000606921,35.0,0.12091824030457013,12.324202702715276
21.853306038999985,103.94208323299995,SAT_10090,19.979780806918697,191.13626703891768,98.97097871341519,170.49667612101456,-65.00991923644149,29.920462162764743,35.0,0.12075833329768902,12.312946944893994
21.853306038999985,104.04208323299994,SAT_10004,20.024073355107035,191.38541262247708,98.97604904117016,170.48475526424147,-64.96562668825315,29.939730915369644,35.0,0.12057489347881016,12.300027445902506
21.853306038999985,104.14208323299994,SAT_10004,20.06612584435267,191.62195787448377,98.98082885885964,170.47340016611275,-64.92357419900752,29.9579920359323,35.0,0.12040088779063875,12.287765181036427
21.853306038999985,104.24208323299993,SAT_10004,20.099653070038585,191.81054851896707,98.98461660631177,170.4643350816175,-64.8900469733216,29.97253613625608,35.0,0.12026218704838737,12.277985840911803
21.853306038999985,104.34208323299993,SAT_10004,20.124631614189568,191.95105282981632,98.98742537415154,170.4575744591405,-64.86506842917062,29.98336318280496,35.0,0.120158868568479,12.270698284266613
21.853306038999985,104.44208323299992,SAT_10004,20.141043942249993,192.04337217515624,98.98926480133126,170.45312912002416,-64.8486561011102,29.99047315061438,35.0,0.12009099022086331,12.265909141479547
21.853306038999985,104.54208323299991,SAT_10004,20.148878492085856,192.08744151798297,98.99014116884925,170.4510062011223,-64.84082155127433,29.993866023290753,35.0,0.12005859015420484,12.263622783288563
21.853306038999985,104.64208323299991,SAT_10004,20.14812973294225,192.08322974780017,98.99005746045704,170.45120911673382,-64.84157031041794,29.993541793011136,35.0,0.1200616866140485,12.263841300081195
21.853306038999985,104.7420832329999,SAT_10004,20.138798193722494,192.030739839689,98.98901339139763,170.4537375403404,-64.8509018496377,29.989500460523107,35.0,0.12010027785566302,12.266564491964738
21.853306038999985,104.8420832329999,SAT_10004,20.1208904602818,191.93000883908513,98.98700540566573,170.4585874063543,-64.86880958307839,29.981742035144762,35.0,0.12017434215238068,12.27178986971647
21.853306038999985,104.94208323299989,SAT_10004,20.094419141764334,191.7811076724244,98.98402664174283,170.46575093185703,-64.89528090159585,29.970266534764903,35.0,0.12028383789935464,12.279512666604374
21.853306038999985,105.04208323299989,SAT_10004,20.059402806350136,191.5841407857195,98.98006686622217,170.47521665808262,-64.93029723701005,29.95507398584337,35.0,0.12042870381176066,12.289725860959047
21.853306038999985,105.14208323299988,SAT_10004,20.015865887099963,191.3392456149373,98.97511237418175,170.48696951118586,-64.97383415626022,29.936164423411558,35.0,0.12060885921559122,12.302420209270327
21.853306038999985,105.24208323299987,SAT_10004,19.963838558906303,191.04659189384793,98.96914585457645,170.50099088162023,-65.02586148445388,29.913537891073076,35.0,0.12082420442834245,12.317584289478395
21.853306038999985,105.34208323299987,SAT_10004,19.90335658785223,190.7063808066688,98.96214621828155,170.51725872125473,-65.08634345550796,29.887194441004606,35.0,0.1210746212260923,12.335204554031742
21.853306038999985,105.44208323299986,SAT_10004,19.834461154553424,190.31884399436302,98.9540883857124,170.53574765717698,-65.15523888880676,29.85713413395687,35.0,0.12135997339272349,12.355265392193918
21.853306038999985,105.54208323299986,SAT_10004,19.75719865330072,189.88424242481656,98.9449430301457,170.55642912096917,-65.23250139005947,29.823357039255818,35.0,0.12168010734636923,12.377749200999748
21.853306038999985,105.64208323299985,SAT_10004,19.671620469038103,189.40286513833934,98.9346762719497,170.5792714920982,-65.31807957432208,29.785863234803955,35.0,0.12203485283756292,12.40263646419027
21.853306038999985,105.74208323299985,SAT_10004,19.577782734380733,188.87502788089162,98.9232493178628,170.60424025395295,-65.41191730897945,29.74465280708182,35.0,0.12242402371306167,12.429905838395259
21.853306038999985,105.84208323299984,SAT_10004,19.475746069025305,188.30107163826736,98.91061803820345,170.6312981609621,-65.51395397433488,29.699725851149655,35.0,0.1228474187388944,12.459534245783535
21.853306038999985,105.94208323299983,SAT_10004,19.36557530400279,187.6813610850157,98.89673247340068,170.6604054151664,-65.6241247393574,29.651082470649218,35.0,0.12330482247586115,12.491496972364356
21.853306038999985,106.04208323299983,SAT_10090,19.2595551719716,187.08499784234024,98.88311986645898,170.6882903266073,-65.73014487138859,29.604128307611923,35.0,0.12374537269525503,12.522237479697946
21.853306038999985,106.14208323299982,SAT_10090,19.374560370081795,187.7319020817101,98.89787390625747,170.65801493618127,-65.61513967327839,29.655043119380313,35.0,0.1232676363530088,12.488900220124416
21.853306038999985,106.24208323299982,SAT_10090,19.481450704382155,188.33316021214964,98.91132918466913,170.6297671207015,-65.50824933897803,29.702228946326453,35.0,0.12282386830937038,12.45788729629362
21.853306038999985,106.34208323299981,SAT_10090,19.580158952340696,188.88839410691642,98.92354011303999,170.60358811609976,-65.40954109101949,29.74568567970881,35.0,0.12241429213634414,12.429224362492205
21.853306038999985,106.4420832329998,SAT_10090,19.670621948366332,189.39724845956064,98.93455484300605,170.57951670539214,-65.31907809499386,29.785413219388452,35.0,0.12203911769120074,12.402935491298983
21.853306038999985,106.5420832329998,SAT_10090,19.752780867870626,189.85939238177227,98.9444158171559,170.55758903700058,-65.23691917548956,29.821411473827144,35.0,0.12169854021082731,12.379043072105288
21.853306038999985,106.6420832329998,SAT_10090,19.82658149755713,190.27452092375887,98.95316024137311,170.53783845160535,-65.16311854580306,29.853680360085523,35.0,0.12139273945476257,12.357567714828459
21.853306038999985,106.74208323299979,SAT_10090,19.891974489433522,190.64235650306355,98.96082048873693,170.52029531919027,-65.09772555392667,29.882219803821553,35.0,0.12112187890386392,12.338528159654087
21.853306038999985,106.84208323299978,SAT_10090,19.948915596130206,190.9626502282324,98.9674244431519,170.50498688788514,-65.04078444722998,29.90702973928906,35.0,0.12088610502128395,12.321941193612615
21.853306038999985,106.94208323299978,SAT_10090,19.997365885217263,191.2351831043471,98.97299578944703,170.49193714614347,-64.99233415814292,29.928110109336465,35.0,0.12068554658206532,12.307821574753856
21.953306038999983,102.64208323300002,SAT_10090,19.231759282861788,186.92864596609758,98.87952309516082,170.6955895435941,-65.7579407604984,29.59179982924871,35.0,0.12386088105416171,12.530290165098837
21.953306038999983,102.74208323300002,SAT_10090,19.109437335301678,186.24058501107191,98.86342943429244,170.7276278980001,-65.88026270805851,29.537440739374766,35.0,0.12436939933432038,12.565706150098865
21.953306038999983,102.84208323300001,SAT_10090,19.13844807471895,186.4037704202941,98.86727743343396,170.72004173540338,-65.85125196864124,29.550348366151617,35.0,0.12424876638538424,12.557309833004084
21.953306038999983,102.942083233,SAT_10090,19.25973184197599,187.08599161111496,98.88315559179266,170.68824391044416,-65.7299682013842,29.604206638838892,35.0,0.12374463858041466,12.522186291198507
21.953306038999983,103.042083233,SAT_10090,19.373014034192934,187.72320394233526,98.89768862274323,170.65842281531104,-65.61668600916725,29.6543595369438,35.0,0.12327405798602281,12.489348672813986
21.953306038999983,103.142083233,SAT_10090,19.478225067415124,188.3150160042101,98.91093637914872,170.63062109445667,-65.51147497594506,29.700806944642476,35.0,0.1228372562624566,12.458823569868418
21.953306038999983,103.24208323299999,SAT_10090,19.575299113049738,188.86105751090477,98.92295197437649,170.60487913020944,-65.41440093031045,29.7435487546785,35.0,0.12243445233273152,12.430636102446778
21.953306038999983,103.34208323299998,SAT_10090,19.664174386029757,189.3609809214174,98.9337824019038,170.58123485876635,-65.32552565733043,29.78258486836087,35.0,0.12206585145881586,12.40480981546613
21.953306038999983,103.44208323299998,SAT_10090,19.7447934215876,189.81446299643025,98.94346906777834,170.55972359315223,-65.24490662177259,29.817915195562122,35.0,0.12173164435962777,12.381366579822856
21.953306038999983,103.54208323299997,SAT_10090,19.817103338167627,190.2212062771929,98.95204824735664,170.54037785477993,-65.17259670519256,29.849539654716615,35.0,0.12143200637776348,12.360326498751474
21.953306038999983,103.64208323299997,SAT_10090,19.881056084046463,190.58094047276137,98.95955147577854,170.52322721522552,-65.10864395931372,29.87745817281897,35.0,0.12116709670169164,12.341707820205473
21.953306038999983,103.74208323299996,SAT_10090,19.93660866531961,190.8934237424228,98.96600588000295,170.5082981497738,-65.05309137804058,29.9016706854227,35.0,0.12093705764987155,12.325526856039607
21.953306038999983,103.84208323299995,SAT_10090,19.983723353031564,191.15844386080255,98.97143445886036,170.49561390421442,-65.00597669032862,29.922177136638968,35.0,0.12074201402288172,12.31179790873029
21.953306038999983,103.94208323299995,SAT_10090,20.022367867387885,191.37581925405686,98.97585631641978,170.485194376262,-64.9673321759723,29.938977479135527,35.0,0.12058207252918396,12.300533206316649
21.953306038999983,104.04208323299994,SAT_10090,20.05251553717629,191.54539989661663,98.97928685297781,170.47705601285048,-64.9371845061839,29.95207167413583,35.0,0.12045732128960013,12.291742846179638
21.953306038999983,104.14208323299994,SAT_10004,20.077544550010842,191.686188093811,98.98212305936646,170.4703139748305,-64.91215549334935,29.96294695834567,35.0,0.12035364619338589,12.284434830671124
21.953306038999983,104.24208323299993,SAT_10004,20.111058665658618,191.87470499432973,98.98590200727307,170.46124880969182,-64.87864137770157,29.977480851367893,35.0,0.12021500843441868,12.27465841094322
21.953306038999983,104.34208323299993,SAT_10004,20.13602744948294,192.01515440334154,98.98870426982764,170.45448812696202,-64.85367259387725,29.9883002993142,35.0,0.12011173684961725,12.267373029379815
21.953306038999983,104.44208323299992,SAT_10004,20.152433367685063,192.1074376932285,98.99053944597578,170.45004274817637,-64.83726667567512,29.99540527723206,35.0,0.12004388930134446,12.262585315429469
21.953306038999983,104.54208323299991,SAT_10004,20.16026485863074,192.1514898297979,98.99141379071423,170.44791981031577,-64.82943518472945,29.998795768735764,35.0,0.12001150393323569,12.260299639216212
21.953306038999983,104.64208323299991,SAT_10004,20.15951639180436,192.14727970389953,98.99133027546138,170.44812272773984,-64.83018365155583,29.998471766006155,35.0,0.12001459898842265,12.260518090833727
21.953306038999983,104.7420832329999,SAT_10004,20.150188496086557,192.09481029048686,98.99028861663676,170.45065117392426,-64.83951154727363,29.994433269790445,35.0,0.12005317272240515,12.263240470417411
21.953306038999983,104.8420832329999,SAT_10004,20.132287757047038,191.9941186333896,98.98828527293622,170.45550108320958,-64.85741228631315,29.98668028940224,35.0,0.12012720341138776,12.268464289094425
21.953306038999983,104.94208323299989,SAT_10004,20.10582678328589,191.84527565598313,98.98531341125691,170.46266467253784,-64.8838732600743,29.975212842721728,35.0,0.1202366494560041,12.276184780802176
21.953306038999983,105.04208323299989,SAT_10004,20.07082414218084,191.64838579976723,98.98136284068991,170.47213048293986,-64.91887590117935,29.960030956196,35.0,0.12038144957945479,12.286394924856022
21.953306038999983,105.14208323299988,SAT_10004,20.027304265738408,191.40358649477855,98.97641991344848,170.4838834403035,-64.96239577762178,29.94113466483958,35.0,0.12056152311820827,12.299085479039668
21.953306038999983,105.24208323299987,SAT_10004,19.97529732755082,191.11104746747338,98.97046739101441,170.49790493475373,-65.01440271580937,29.918524012235068,35.0,0.12077677040256504,12.314245022888139
21.953306038999983,105.34208323299987,SAT_10004,19.91483909216207,190.77096989341163,98.96348427315256,170.51417291777278,-65.07486095119812,29.892199050534,35.0,0.12102707322358579,12.33186001073576
21.953306038999983,105.44208323299986,SAT_10004,19.845970738418984,190.38358540360682,98.95544558674094,170.53266201600576,-65.1437293049412,29.86215984045783,35.0,0.12131229538213703,12.351914834011138
21.953306038999983,105.54208323299986,SAT_10004,19.768738658624855,189.94915495476482,98.94632213057044,170.5533436605393,-65.22096138473533,29.828406451299088,35.0,0.12163228331513475,12.374391892179993
21.953306038999983,105.64208323299985,SAT_10004,19.68319423552748,189.4679675748421,98.9360801713578,170.57618623029686,-65.3065058078327,29.790938960922723,35.0,0.12198686679346832,12.399271671665105
21.953306038999983,105.74208323299985,SAT_10004,19.589393599351126,188.94033899635008,98.92468108515595,170.60115520807858,-65.40030644400906,29.749757455767572,35.0,0.12237585968557632,12.426532832012466
21.953306038999983,105.84208323299984,SAT_10004,19.487397367219785,188.3666101906113,98.91208093709959,170.6282133476843,-65.5023026761404,29.704862030848023,35.0,0.12279906078022755,12.4561522985239
21.953306038999983,105.94208323299983,SAT_10004,19.377270367426078,187.74714581677168,98.89822999094329,170.6573208504886,-65.61242967593411,29.656252789755836,35.0,0.12325625466173475,12.488105360539627
21.953306038999983,106.04208323299983,SAT_10004,19.2590813510581,187.08233259970183,98.88307213807505,170.68843554980376,-65.73061869230209,29.603929844662122,35.0,0.12374721263060254,12.522365774529847
21.953306038999983,106.14208323299982,SAT_10090,19.338739038582602,187.53040709202713,98.89332125678789,170.6674579544439,-65.65096100477759,29.639200670950178,35.0,0.1234164087839964,12.49928731249986
21.953306038999983,106.24208323299982,SAT_10090,19.44545451976279,188.1306816736657,98.9068354215916,170.63929152859512,-65.5442455235974,29.686353447168155,35.0,0.12297328283142939,12.468334159339003
21.953306038999983,106.34208323299981,SAT_10090,19.544000249558735,188.68500140376787,98.91909931585839,170.61318842555488,-65.44569979380145,29.72977974191784,35.0,0.1225643027169127,12.439726807447494
21.953306038999983,106.4420832329998,SAT_10090,19.63431340717696,189.19301291537042,98.93016143413519,170.5891872095336,-65.35538663618323,29.769479455106264,35.0,0.12218967719465806,12.413489204561227
21.953306038999983,106.5420832329998,SAT_10090,19.716335492237064,189.65438714383347,98.94006451866858,170.56732382297992,-65.27336455112312,29.80545249523717,35.0,0.12184960046769963,12.389643622912683
21.953306038999983,106.6420832329998,SAT_10090,19.790012592868052,190.06882083488279,98.94884603599753,170.54763141487717,-65.19968745049214,29.837698779409234,35.0,0.12154425133720242,12.368210563686997
21.953306038999983,106.74208323299979,SAT_10090,19.85529563763211,190.43603796168065,98.95653858443698,170.53014017916624,-65.13440440572808,29.86621823331451,35.0,0.12127379240707088,12.349208667469284
21.953306038999983,106.84208323299978,SAT_10090,19.91214062888423,190.75579103747378,98.96317024071588,170.5148772048817,-65.07755941447596,29.891010791236962,35.0,0.12103836935046816,12.332654631480736
22.053306038999985,102.54208323300003,SAT_10090,19.300491555296787,187.31526499854442,98.88842953440134,170.67752758097544,-65.6892084880634,29.622268955860164,35.0,0.1235752883069283,12.510374574641205
22.053306038999985,102.64208323300002,SAT_10090,19.186421118650884,186.67361879241125,98.87361192059177,170.7074802834457,-65.8032789247093,29.5716717594207,35.0,0.12404932379467398,12.543421076889615
22.053306038999985,102.74208323300002,SAT_10090,19.0643269209464,185.98683893032347,98.85742278005607,170.73940891626532,-65.92537312241379,29.51735092176628,35.0,0.12455701410948322,12.578758113805272
22.053306038999985,102.84208323300001,SAT_10090,19.170995744178313,186.58685106100302,98.8715855915675,170.71152160281284,-65.81870429918187,29.56481824554446,35.0,0.12411344766370251,12.547887494249796
22.053306038999985,102.942083233,SAT_10090,19.292295547791085,187.26916245632484,98.88737459129915,170.67968365005635,-65.6974044955691,29.61863849509014,35.0,0.1236093385478198,12.512750002055075
22.053306038999985,103.042083233,SAT_10090,19.405593485497064,187.906463355921,98.90182698541479,170.64982465343815,-65.58410655786312,29.66875598610699,35.0,0.12313877288518413,12.479899117646774
22.053306038999985,103.142083233,SAT_10090,19.51081981370578,188.498361452095,98.91500204420862,170.62198736216163,-65.47888022965441,29.715170602828575,35.0,0.12270198282948083,12.449361487491872
22.053306038999985,103.24208323299999,SAT_10090,19.607908551076832,189.04448559980716,98.92695237063887,170.59621225890382,-65.38179149228336,29.757882238051632,35.0,0.12229918777291511,12.421162283658253
22.053306038999985,103.34208323299998,SAT_10090,19.69679776766239,189.54448744310093,98.9377245118604,170.57253737514463,-65.2929022756978,29.796890793134068,35.0,0.12193059341993531,12.395325100267303
22.053306038999985,103.44208323299998,SAT_10090,19.777429862637945,189.99804297733843,98.94735948486519,170.5509981134759,-65.21227018072224,29.832196177993065,35.0,0.1215963909028351,12.371871854336566
22.053306038999985,103.54208323299997,SAT_10090,19.849751828136505,190.40485403326787,98.95589322746373,170.53162707853534,-65.13994821522368,29.863798311103377,35.0,0.12129675594618054,12.350822691845552
22.053306038999985,103.64208323299997,SAT_10090,19.913715496746732,190.76464966920037,98.96335698391015,170.51445391818405,-65.07598454661345,29.891697119495785,35.0,0.12103184808682342,12.332195899838378
22.053306038999985,103.74208323299996,SAT_10090,19.96927777031982,191.077187458049,98.96977763287026,170.4995051764939,-65.02042227304037,29.915892538755703,35.0,0.12080180995598518,12.31600782534619
22.053306038999985,103.84208323299995,SAT_10090,20.01640082785498,191.34225465668428,98.97517796408546,170.4868041600284,-64.97329921550521,29.936384513021963,35.0,0.12060676662952202,12.30227280186924
22.053306038999985,103.94208323299995,SAT_10090,20.055052310386856,191.55966924592607,98.97957690894663,170.4763708188027,-64.93464773297333,29.953172994985746,35.0,0.1204468250520205,12.291003084104348
22.053306038999985,104.04208323299994,SAT_10090,20.085205480997104,191.72928083060873,98.98298972921921,170.46822164317516,-64.90449456236308,29.96625794588969,35.0,0.12032207353982148,12.282208791537808
22.053306038999985,104.14208323299994,SAT_10090,20.10683935829566,191.8509713904131,98.98542816731705,170.46236957777586,-64.88286068506453,29.97563933552716,35.0,0.12023258136744114,12.275897861448396
22.053306038999985,104.24208323299993,SAT_10090,20.11993882197268,191.92465587359635,98.9869005607818,170.45882395340797,-64.8697612213875,29.981317142241654,35.0,0.12017839844115531,12.272076011780024
22.053306038999985,104.34208323299993,SAT_10004,20.13745231762904,192.02316928666335,98.98886501528236,170.45410214340114,-64.85224772573115,29.988917499165467,35.0,0.12010584398653622,12.266957237508938
22.053306038999985,104.44208323299992,SAT_10004,20.153847304940925,192.1153910902927,98.99069836048521,170.4496595053049,-64.83585273841926,29.9960174675887,35.0,0.12003804217782764,12.262172658525229
22.053306038999985,104.54208323299991,SAT_10004,20.161673576453353,192.15941386755011,98.9915718341752,170.44753787727902,-64.82802646690683,29.999405568565194,35.0,0.12000567864731475,12.259888479545701
22.053306038999985,104.64208323299991,SAT_10004,20.160925608497408,192.15520654779795,98.99148840208707,170.447740669477,-64.82877443486278,29.999081794279533,35.0,0.12000877161535449,12.260106788049944
22.053306038999985,104.7420832329999,SAT_10004,20.151603929298517,192.10277210230416,98.99044778118243,170.45026755577723,-64.83809611406167,29.99504614547857,35.0,0.12004731933962513,12.26282738442339
22.053306038999985,104.8420832329999,SAT_10004,20.13371511627517,192.00214752904782,98.98844643693255,170.45511447552735,-64.85598492708502,29.98729863147145,35.0,0.1201213001234476,12.268047782905661
22.053306038999985,104.94208323299989,SAT_10004,20.107271762440675,191.8534036637288,98.98547754933611,170.46227365524317,-64.88242828091951,29.975839270129782,35.0,0.1202306724193136,12.275763223386813
22.053306038999985,105.04208323299989,SAT_10004,20.072292412271338,191.6566448190263,98.98153094709242,170.4717336500172,-64.91740763108885,29.96066808788797,35.0,0.12037537502664995,12.28596669393297
22.053306038999985,105.14208323299988,SAT_10004,20.028801467730844,191.41200825598597,98.9765930088019,170.48347940417614,-64.96089857562934,29.941785119743738,35.0,0.12055532738197253,12.298648963814976
22.053306038999985,105.24208323299987,SAT_10004,19.97682906545242,191.11966349316987,98.97064652948234,170.49749233051676,-65.01287097790777,29.919190409258785,35.0,0.12077042993873739,12.31379862671105
22.053306038999985,105.34208323299987,SAT_10004,19.91641092638146,190.77981146089573,98.96367055006,170.51375040724815,-65.07328911697873,29.892884008559616,35.0,0.12102056463339779,12.331402153656793
22.053306038999985,105.44208323299986,SAT_10004,19.84758817944669,190.3926835093876,98.95564014679387,170.5322282915928,-65.1421118639135,29.862865978338547,35.0,0.12130559543343154,12.351443955225822
22.053306038999985,105.54208323299986,SAT_10004,19.770407161075838,189.9585402810516,98.94652617680151,170.5528974488334,-65.21929288228435,29.82913638785485,35.0,0.12162536896243108,12.373906452343368
22.053306038999985,105.64208323299985,SAT_10004,19.684919192581233,189.47767045826944,98.93629497494804,170.57572629545464,-65.30478085077895,29.79169531493609,35.0,0.12197971519675135,12.398770155063652
22.053306038999985,105.74208323299985,SAT_10004,19.591180337621424,188.9503893991205,98.92490799630471,170.60068035490877,-65.39851970573876,29.75054284597959,35.0,0.12236844822770276,12.42601374858188
22.053306038999985,105.84208323299984,SAT_10004,19.489251142077848,188.3770376741879,98.9123213971421,170.6277224244506,-65.50044890128234,29.70567907595412,35.0,0.12279136708285593,12.455614185702995
22.053306038999985,105.94208323299983,SAT_10004,19.379196358799703,187.75797951824836,98.89848554594938,170.65681275141003,-65.61050368456048,29.657104108401654,35.0,0.12324825659970312,12.48754678495241
22.053306038999985,106.04208323299983,SAT_10004,19.261084659718946,187.09360121091908,98.88334445420381,170.68790921724613,-65.72861538364124,29.604818055439402,35.0,0.12373888834469274,12.521785333489825
22.053306038999985,106.14208323299982,SAT_10090,19.293200183233395,187.27425103068785,98.88749110388724,170.67944570375352,-65.69649986012679,29.61903924550984,35.0,0.1236055801762229,12.512487821706898
22.053306038999985,106.24208323299982,SAT_10090,19.399714049391406,187.87339152782667,98.90108386879626,170.6513770368973,-65.58998599396878,29.666158840790796,35.0,0.12316318533515018,12.481604612527152
22.053306038999985,106.34208323299981,SAT_10090,19.498072324005363,188.4266568225302,98.91341844336137,170.6253650973668,-65.49162771935482,29.709554576991373,35.0,0.12275488417690113,12.453062314802498
22.053306038999985,106.4420832329998,SAT_10090,19.588212598561583,188.93369586690892,98.92454378496065,170.60144818734614,-65.4014874447986,29.749226354064326,35.0,0.12238088413857691,12.42688472737821
22.053306038999985,106.5420832329998,SAT_10090,19.67007676030829,189.39418177673414,98.93450304010398,170.57966200264715,-65.3196232830519,29.785174080555187,35.0,0.12204137818894426,12.403093982770972
22.053306038999985,106.6420832329998,SAT_10090,19.743611257735324,189.8078133247612,98.94333402682317,170.5600394627322,-65.24608878562486,29.817397673600492,35.0,0.12173654398518391,12.381710452507987
22.153306038999986,102.44208323300003,SAT_10090,19.35100387845189,187.5993968162919,98.89490997973331,170.66422608902315,-65.6386961649083,29.644626615766256,35.0,0.12336546754932355,12.495731224102078
22.153306038999986,102.54208323300003,SAT_10090,19.245253971404935,187.00455358915275,98.88130379543418,170.69204670942065,-65.74444607195525,29.59778631426116,35.0,0.12380480055260035,12.52638087624316
22.153306038999986,102.64208323300002,SAT_10090,19.131425874327945,186.3642705430947,98.86637735124336,170.72187870488858,-65.85827416903224,29.547224887499492,35.0,0.12427796455880191,12.559342387084358
22.153306038999986,102.74208323300002,SAT_10090,19.064632926828864,185.98856021341237,98.85747960604868,170.73932906184933,-65.92506711653132,29.517487278727675,35.0,0.12455574128028395,12.57866959212938
22.153306038999986,102.84208323300001,SAT_10090,19.193845300657046,186.71537981619588,98.87459907006215,170.70553443928662,-65.79585474270314,29.574969364649025,35.0,0.12401846301691877,12.541271205048616
22.153306038999986,102.942083233,SAT_10090,19.315130529875518,187.3976092305498,98.89032209215264,170.67367507674902,-65.67456951348467,29.628751442582768,35.0,0.12351447444802861,12.506131404870388
22.153306038999986,103.042083233,SAT_10090,19.42841532030934,188.03483617674004,98.90471482588823,170.64379585789763,-65.56128472305085,29.67883338825849,35.0,0.12304401978941497,12.473278233622286
22.153306038999986,103.142083233,SAT_10090,19.53362984504703,188.62666787838953,98.91783610750616,170.61593958787412,-65.45607019831316,29.725215085966912,35.0,0.12260733144500661,12.442738364960933
22.153306038999986,103.24208323299999,SAT_10090,19.63070804301222,189.17273274194375,98.92973815975611,170.59014680294442,-65.35899200034797,29.767896428557698,35.0,0.12220462904456365,12.414536996916684
22.153306038999986,103.34208323299998,SAT_10090,19.719587908617484,189.67268198597333,98.94046719739526,170.56645558547405,-65.2701121347427,29.806877317437436,35.0,0.12183611851623893,12.388697748189852
22.153306038999986,103.44208323299998,SAT_10090,19.800211769996565,190.1261912062307,98.95006394772813,170.54490138588957,-65.18948827336362,29.842157662567757,35.0,0.12150199120104646,12.365242558840754
22.153306038999986,103.54208323299997,SAT_10090,19.87252655332219,190.5329618624373,98.9585640972819,170.52551685327697,-65.117173490038,29.873737382463624,35.0,0.12120242301619667,12.344191596208448
22.153306038999986,103.64208323299997,SAT_10090,19.936484030763665,190.8927226730456,98.96599867380438,170.50833167624063,-65.05321601259652,29.90161640419181,35.0,0.12093757367407297,12.325563166873636
22.153306038999986,103.74208323299996,SAT_10090,19.99204104972449,191.20523090470027,98.97239437118924,170.4933724355914,-64.9976589936357,29.925794663369487,35.0,0.12070758596334613,12.309373635450433
22.153306038999986,103.84208323299995,SAT_10090,20.03915974112327,191.47027354381842,98.97777382360489,170.48066247035308,-64.95054030223692,29.94627210416303,35.0,0.1205125850983507,12.295637350948518
22.153306038999986,103.94208323299995,SAT_10090,20.0778077046362,191.68766833857865,98.98215583397896,170.47022175847556,-64.91189233872399,29.963048679286935,35.0,0.12035267814238322,12.28436658139299
22.153306038999986,104.04208323299994,SAT_10090,20.107958169018644,191.85726470072987,98.98555556102973,170.46206681351094,-64.88174187434154,29.976124350002955,35.0,0.12022795351003124,12.27557145732352
22.153306038999986,104.14208323299994,SAT_10090,20.129590125846235,191.97894445788506,98.98798466820205,170.45621059836168,-64.86010991751395,29.985499086119326,35.0,0.12013848055301149,12.269259924718577
22.153306038999986,104.24208323299993,SAT_10090,20.142688435274025,192.05262244841637,98.98945143713459,170.45266245703755,-64.84701160808616,29.991172865990237,35.0,0.12008430923329093,12.265437707805566
22.153306038999986,104.34208323299993,SAT_10090,20.14724390269265,192.07824695264617,98.98996084762979,170.45142806517168,-64.84245614066754,29.993145676515375,35.0,0.12006546988650114,12.264108282124731
22.153306038999986,104.44208323299992,SAT_10004,20.145284593578424,192.06722583887864,98.98974252151932,170.45198010806376,-64.84441544978176,29.992309720346306,35.0,0.12007345267763495,12.264671609386658
22.153306038999986,104.54208323299991,SAT_10004,20.153103488563133,192.11120712316765,98.99061627172408,170.44986111656704,-64.83659655479705,29.99569542144627,35.0,0.12004111811215362,12.262389741564137
22.153306038999986,104.64208323299991,SAT_10004,20.152356225700814,192.1070037695671,98.99053281322375,170.4500636567013,-64.83734381765937,29.995371876497995,35.0,0.12004420831166596,12.262607829144404
22.153306038999986,104.7420832329999,SAT_10004,20.143043331931906,192.054618742117,98.98949186289158,170.45258740315415,-64.84665671142828,29.991339086247987,35.0,0.12008272153796959,12.265325672984142
22.153306038999986,104.8420832329999,SAT_10004,20.12517136868327,191.95408894884338,98.98748988509627,170.45742830534394,-64.86452867467692,29.983597060000932,35.0,0.12015663614565948,12.270540793188252
22.153306038999986,104.94208323299989,SAT_10004,20.098752898392505,191.80548505345786,98.9845200577169,170.46457860903803,-64.89094714496768,29.972145815619907,35.0,0.12026591068529861,12.278248440864264
22.153306038999986,105.04208323299989,SAT_10004,20.063806420610646,191.60891111593492,98.98057220631081,170.47402689760776,-64.92589362274954,29.95698537952669,35.0,0.12041048410050016,12.288441620567975
22.153306038999986,105.14208323299988,SAT_10004,20.020356278367984,191.3645040658199,98.97563270530574,170.48575815246213,-64.9693437649922,29.938115786702287,35.0,0.12059027601708366,12.301111123215286
22.153306038999986,105.24208323299987,SAT_10004,19.968432535802165,191.07243301388718,98.96968434450535,170.49975383199128,-65.02126750755802,29.915537080687585,35.0,0.12080518712162541,12.316245569132699
22.153306038999986,105.34208323299987,SAT_10004,19.908070828341764,190.73289840942243,98.96270615856663,170.51599196815488,-65.08162921501842,29.889249313584177,35.0,0.12105509962592735,12.33383146082179
22.153306038999986,105.44208323299986,SAT_10004,19.8393121870087,190.34613105192392,98.95467321640751,170.53444727967016,-65.15038785635149,29.859252546055377,35.0,0.12133987781318958,12.35385324492351
22.153306038999986,105.54208323299986,SAT_10004,19.762202838645194,189.91239096737925,98.94555636671339,170.55509130059414,-65.227497204715,29.825546847327352,35.0,0.12165936866099986,12.376293382787205
22.153306038999986,105.64208323299985,SAT_10004,19.676793984081996,189.43196616046126,98.93532193480361,170.57789252295441,-65.31290605927819,29.788132295190454,35.0,0.12201340253566162,12.401132428978569
22.153306038999986,105.74208323299985,SAT_10004,19.583141556442826,188.90517125499088,98.92393136506476,170.6028165519658,-65.40655848691736,29.747008976000703,35.0,0.12240179395187316,12.428349117000394
22.153306038999986,105.84208323299984,SAT_10004,19.481305961915524,188.33234603577483,98.91134080191597,170.62982627228286,-65.50839408144466,29.702176984681426,35.0,0.12282434239135442,12.457920451451884
22.153306038999986,105.94208323299983,SAT_10004,19.37135180542674,187.7138539055254,98.89750060079726,170.65888202366943,-65.61834823793345,29.65363642472508,35.0,0.12328083317369458,12.489821805815403
22.153306038999986,106.04208323299983,SAT_10004,19.253347603720954,187.05008027093038,98.88235475890662,170.68994178442668,-65.73635243963923,29.6013874081952,35.0,0.12377103837246718,12.52402702503528
22.153306038999986,106.14208323299982,SAT_10090,19.23797814647527,186.96362707392342,98.8803585060085,170.6939570774438,-65.75172189688492,29.594558887149937,35.0,0.12383503654526838,12.528488670045784
22.153306038999986,106.24208323299982,SAT_10090,19.344264119181503,187.56148567039597,98.89405017535327,170.66600223002598,-65.64543592417868,29.64164517135444,35.0,0.12339346030643529,12.497685405200714
22.153306038999986,106.34208323299981,SAT_10090,19.442410455217825,188.11355881060024,98.90647367229373,170.64009642590864,-65.54728958814236,29.6850102291534,35.0,0.12298591957013025,12.469217471816984
22.153306038999986,106.4420832329998,SAT_10090,19.532355223936364,188.61949813464204,98.91767854147898,170.61627766328274,-65.45734481942382,29.724653960545073,35.0,0.12261262024762558,12.443108496438517
22.153306038999986,106.5420832329998,SAT_10090,19.614040761830793,189.0789792852982,98.92770844218613,170.59458135185474,-65.3756592815294,29.760576274116577,35.0,0.12227375387805389,12.419380449913172
22.153306038999986,106.6420832329998,SAT_10090,19.687413934995845,189.49170338435164,98.93660163812893,170.5750401448623,-65.30228610836434,29.792777087042126,35.0,0.12196949679372215,12.398053553750444
22.253306038999984,102.24208323300005,SAT_10090,19.472425680174325,188.2823944509806,98.91024153895023,170.63215621669443,-65.51727436318586,29.698250019207403,35.0,0.12286132709860839,12.46050683860024
22.253306038999984,102.34208323300004,SAT_10090,19.383241553289466,187.78073373725326,98.89901993194916,170.65572468169438,-65.60645849007072,29.65888026417447,35.0,0.12323158605212987,12.486382486498677
22.253306038999984,102.44208323300003,SAT_10090,19.285870203419336,187.23301989423376,98.88657139659854,170.68137349370616,-65.70382983994085,29.61579181943088,35.0,0.12363603360442915,12.514612132061146
22.253306038999984,102.54208323300003,SAT_10090,19.180372748306297,186.63959670922293,98.8728460828165,170.7090651635208,-65.80932729505389,29.56898478436553,35.0,0.1240744664889987,12.545172449409632
22.253306038999984,102.64208323300002,SAT_10090,19.066814286308727,186.0008303604866,98.85778762303687,170.73875979604173,-65.92288575705146,29.51845926695406,35.0,0.12454666798979525,12.578038559974006
22.253306038999984,102.74208323300002,SAT_10090,19.077815763043958,186.06271366712227,98.85925961949211,170.7358881035588,-65.91188428031623,29.523360571761373,35.0,0.12450090927512698,12.574855839243675
22.253306038999984,102.84208323300001,SAT_10090,19.20697961345023,186.78926032565755,98.8763313578919,170.70209076892314,-65.78272042990996,29.58080170126467,35.0,0.12396386932949752,12.53746749292199
22.253306038999984,102.942083233,SAT_10090,19.328219480188793,187.47123457606196,98.89201114325621,170.67022883022054,-65.6614805631714,29.634545459201416,35.0,0.12346010371279695,12.502337088439484
22.253306038999984,103.042083233,SAT_10090,19.44146206243832,188.10822410121557,98.90636479879743,170.6403471780845,-65.54823798092187,29.68459172136233,35.0,0.1229898566476474,12.469492667552037
22.253306038999984,103.142083233,SAT_10090,19.54663752686008,188.69983608858794,98.91945087129123,170.61248862438998,-65.4430625165001,29.730940372095045,35.0,0.12255336054356657,12.438960903661604
22.253306038999984,103.24208323299999,SAT_10090,19.64367980621141,189.24569890993916,98.93132133009713,170.58669371185346,-65.34602023714878,29.77359130430191,35.0,0.12215083503482967,12.410766994562394
22.253306038999984,103.34208323299998,SAT_10090,19.732526889041353,189.74546375085762,98.94202216858137,170.56300052896546,-65.25717315431883,29.812544419437963,35.0,0.12178248605317867,12.384934558738156
22.253306038999984,103.44208323299998,SAT_10090,19.813121097963148,190.1988061760427,98.95159392121715,170.54144453191086,-65.17657894539704,29.847799627509087,35.0,0.12144850494242891,12.36148553605284
22.253306038999984,103.54208323299997,SAT_10090,19.885409354013333,190.605427616325,98.9600721073564,170.52205837512562,-65.10429068934685,29.87935684707028,35.0,0.12114906762193142,12.340440093669582
22.253306038999984,103.64208323299997,SAT_10090,19.94934342464603,190.9650567636339,98.96748761078213,170.50487175211907,-65.04035661871416,29.907216005224132,35.0,0.12088433380566602,12.321816538013548
22.253306038999984,103.74208323299996,SAT_10090,20.00488015300884,191.27745086067475,98.97386700258271,170.48991124812392,-64.98481989035135,29.93137703761944,35.0,0.1206544462834608,12.305631233563409
22.253306038999984,103.84208323299995,SAT_10090,20.05198166625476,191.542396872683,98.97923281357154,170.4772002060719,-64.93771837710543,29.951839888449992,35.0,0.12045953027046163,12.291898529213054
22.253306038999984,103.94208323299995,SAT_10090,20.09061556081673,191.7597125295941,98.98360376136354,170.46675860727555,-64.89908448254346,29.968604510453506,35.0,0.12029969283051228,12.280630692890899
22.253306038999984,104.04208323299994,SAT_10090,20.120755062754924,191.92924722799643,98.98699493626465,170.45860296807902,-64.86894498060526,29.981670864910736,35.0,0.12017502237855261,12.27183785505843
22.253306038999984,104.14208323299994,SAT_10090,20.14237916152038,192.05088278355214,98.98941794930643,170.45274625358417,-64.8473208818398,29.991038921644755,35.0,0.12008558826651373,12.265527961633886
22.253306038999984,104.24208323299993,SAT_10090,20.155472715731648,192.12453402599056,98.9908810450309,170.44919780939054,-64.83422732762854,29.99670865902036,35.0,0.12003144045648399,12.261706736801875
22.253306038999984,104.34208323299993,SAT_10090,20.160026529843876,192.1501492303718,98.99138918098195,170.44796331209892,-64.82967351351631,29.99868006394368,35.0,0.1200126092841552,12.260377656076912
22.253306038999984,104.44208323299992,SAT_10090,20.15603740089105,192.12771038001216,98.99094407526712,170.44904473912695,-64.83366264246914,29.996953131861925,35.0,0.12002910531474471,12.261541929889376
22.253306038999984,104.54208323299991,SAT_10090,20.143508134798836,192.05723325824349,98.98954422299889,170.45244035817353,-64.84619190856135,29.9915278667633,35.0,0.12008091929273672,12.265198497858393
22.253306038999984,104.64208323299991,SAT_10004,20.133815276706173,192.00271093147222,98.98846008032098,170.45508734582629,-64.85588476665401,29.987342020769916,35.0,0.12012088588059396,12.268018555717049
22.253306038999984,104.7420832329999,SAT_10004,20.12451372404047,191.95038969772764,98.98741742901856,170.45760638086495,-64.86518631931972,29.983312100200855,35.0,0.1201593561626385,12.270732682493001
22.253306038999984,104.8420832329999,SAT_10004,20.106663508981995,191.84998223802373,98.98541217660886,170.46243825354165,-64.88303653437819,29.97557558308095,35.0,0.1202331884035806,12.275940675513922
22.253306038999984,104.94208323299989,SAT_10004,20.080277148535856,191.70155896051418,98.98243748359398,170.46957523846658,-64.90942289482433,29.964132487264767,35.0,0.12034234129788696,12.28363780232464
22.253306038999984,105.04208323299989,SAT_10004,20.045373075498333,191.5052235496781,98.9784831495849,170.47900596137896,-64.94432696786185,29.948982839161527,35.0,0.12048675400075903,12.293817091643675
22.253306038999984,105.14208323299988,SAT_10004,20.001975545330467,191.26111244248386,98.97353551420433,170.49071545924568,-64.98772449802972,29.930126673735586,35.0,0.12066634641584573,12.306469366103789
22.253306038999984,105.24208323299987,SAT_10004,19.95011451444732,190.96939414376618,98.96757732319962,170.50468525876875,-65.03958552891287,29.907564034507114,35.0,0.12088101957191216,12.321583285079322
22.253306038999984,105.34208323299987,SAT_10004,19.889825491206892,190.6302683880388,98.96058755741525,170.5208934724425,-65.0998745521533,29.881294973552915,35.0,0.12113065608501263,12.339145397178692
22.253306038999984,105.44208323299986,SAT_10004,19.821149361149395,190.24396515646535,98.95254122157195,170.53931491112476,-65.16855068221079,29.851319551507434,35.0,0.12141512070198043,12.359140201891474
22.253306038999984,105.54208323299986,SAT_10004,19.744132188281014,189.81074355908072,98.94340908900634,170.55992121192358,-65.24556785507917,29.81763783756388,35.0,0.12173426092038198,12.381550219799095
22.253306038999984,105.64208323299985,SAT_10004,19.65882499440515,189.33089059352898,98.93315739761492,170.58268098006334,-65.33087504895504,29.780249909475568,35.0,0.1220879076794917,12.406356070687771
22.253306038999984,105.74208323299985,SAT_10004,19.56528351867817,188.80471979256473,98.92174749118615,170.6075599432805,-65.42441652468202,29.7391558535574,35.0,0.12247587611634089,12.433536558842581
22.253306038999984,105.84208323299984,SAT_10004,19.463567959708953,188.23256977336288,98.90913539905932,170.6345211172047,-65.52613208365123,29.694355764687486,35.0,0.12289796638047698,12.463068764753526
22.253306038999984,105.94208323299983,SAT_10004,19.353742702617495,187.61480270222341,98.89527134556756,170.66352498012319,-65.63595734074269,29.645849746308965,35.0,0.12335396450075028,12.494928142427721
22.253306038999984,106.04208323299983,SAT_10004,19.23587603353998,186.9518026886624,98.88009917894969,170.69452965547723,-65.7538240098202,29.593637910431973,35.0,0.12384364329721761,12.529088621477724
22.253306038999984,106.14208323299982,SAT_10090,19.17311422318683,186.5987675054259,98.8718924739844,170.71096670698228,-65.81658582017336,29.565759649408864,35.0,0.12410464076190071,12.547274121838036
22.253306038999984,106.24208323299982,SAT_10090,19.279146590249027,187.1951995701508,98.8857040983726,170.68314137757403,-65.71055345311116,29.612812492466535,35.0,0.1236639688230069,12.51656059918065
22.253306038999984,106.34208323299981,SAT_10090,19.377057035473925,187.74594582454083,98.89823542624244,170.65735634108137,-65.61264300788626,29.656146752074942,35.0,0.12325726829606293,12.488176150583781
22.253306038999984,106.4420832329998,SAT_10090,19.46678416946763,188.25066095325542,98.90953671974452,170.6336492511899,-65.52291587389256,29.695762328277638,35.0,0.12288474336396099,12.462144207616342
22.253306038999984,106.5420832329998,SAT_10090,19.548270837500326,188.7090234609393,98.91965226442059,170.61205519341317,-65.44142920585986,29.73165912970313,35.0,0.12254658394666798,12.438486558203149
22.253306038999984,106.6420832329998,SAT_10090,19.621464378556894,189.12073712938255,98.9286208681455,170.59260651935955,-65.3682356648033,29.76383707356312,35.0,0.12224296487618336,12.417223254130688
22.353306038999982,102.24208323300005,SAT_10090,19.397175684760356,187.85911322677703,98.90079525751402,170.65204715878616,-65.59252435859983,29.66503743647199,35.0,0.12317372530391642,12.482340910981753
22.353306038999982,102.34208323300004,SAT_10090,19.308229414707228,187.35879045772813,98.88946047001163,170.6754914708128,-65.68147062865296,29.62569577068561,35.0,0.12354314277762002,12.508131785748143
22.353306038999982,102.44208323300003,SAT_10090,19.211115997150387,186.81252748397094,98.87688529741474,170.70100593048278,-65.7785840462098,29.582638068468793,35.0,0.123946676933491,12.53626950726233
22.353306038999982,102.54208323300003,SAT_10090,19.10589594993705,186.22066471839588,98.86301904230544,170.72855343054977,-65.88380409342314,29.535864429165613,35.0,0.12438412642129457,12.566730965617696
22.353306038999982,102.64208323300002,SAT_10090,18.99263373896831,185.58356478169674,98.84780436874725,170.75809447813123,-65.99706630439188,29.485374960703016,35.0,0.12485527655274373,12.599491510410925
22.353306038999982,102.74208323300002,SAT_10090,19.081305992517002,186.08234620790816,98.85974156546023,170.7349768277153,-65.90839405084319,29.524915228057015,35.0,0.12448639281911168,12.573846058365797
22.353306038999982,102.84208323300001,SAT_10090,19.210388805927266,186.80843703334088,98.87679033465695,170.70119666027932,-65.77931123743292,29.58231524263622,35.0,0.123949699392145,12.536480120397666
22.353306038999982,102.942083233,SAT_10090,19.331552447923144,187.4899825195677,98.89244934820714,170.66935102843792,-65.65814759543704,29.636020532275744,35.0,0.12344625935496605,12.50137083991991
22.353306038999982,103.042083233,SAT_10090,19.444723690982357,188.12657076177575,98.90678426073566,170.63948477869698,-65.54497635237783,29.686030972827165,35.0,0.12297631668165973,12.468546229826352
22.353306038999982,103.142083233,SAT_10090,19.549832772431273,188.7178093449259,98.9198534716229,170.6116406803197,-65.43986727092891,29.732346448694766,35.0,0.12254010354226909,12.43803293576171
22.353306038999982,103.24208323299999,SAT_10090,19.646813692622118,189.26332702099944,98.9317088214739,170.58585923519962,-65.34288635073807,29.77496685283334,35.0,0.12213783934215237,12.409856129029642
22.353306038999982,103.34208323299998,SAT_10090,19.735604504197227,189.7627753361094,98.94239619138894,170.56217849306415,-65.25409553916296,29.81389208674618,35.0,0.12176972979615358,12.384039403048835
22.353306038999982,103.44208323299998,SAT_10090,19.816147589942446,190.21583019342626,98.95195601824676,170.54063387365844,-65.17355245341774,29.8491220604832,35.0,0.12143596604462066,12.360604674197885
22.353306038999982,103.54208323299997,SAT_10090,19.888389926740274,190.62219333791404,98.96042373694394,170.5212579975588,-65.10131011661991,29.88065669263926,35.0,0.12113672381821691,12.33957208788216
22.353306038999982,103.64208323299997,SAT_10090,19.952283333181043,190.98159374914337,98.9678301586571,170.5040805272368,-65.03741671017914,29.90849591035261,35.0,0.12087216265828613,12.320959930636683
22.353306038999982,103.74208323299996,SAT_10090,20.007784698478474,191.29378892894144,98.97420179263563,170.48912801993805,-64.98191534488171,29.932639649303525,35.0,0.12064242519925329,12.304784549047929
22.353306038999982,103.84208323299995,SAT_10090,20.05485619045328,191.55856607129968,98.97956111772103,170.4764237938659,-64.93484385290691,29.953087853713082,35.0,0.12044763651917213,12.291060276234916
22.353306038999982,103.94208323299995,SAT_10090,20.09346544051016,191.77574310286965,98.98392680868116,170.46598780905288,-64.89623460285003,29.96984047634211,35.0,0.1202879035640671,12.279799366575205
22.353306038999982,104.04208323299994,SAT_10090,20.12358570372905,191.9451695834759,98.98731392149888,170.45783656417393,-64.86611433963114,29.982897478490298,35.0,0.12016331465116675,12.27101193929634
22.353306038999982,104.14208323299994,SAT_10090,20.145195992411757,192.06672745731612,98.9897340409318,170.4519830104111,-64.84450405094843,29.992258829995468,35.0,0.12007393905549749,12.264705931477279
22.353306038999982,104.24208323299993,SAT_10090,20.158281181686178,192.14033164698475,98.99119539293794,170.44843648330362,-64.83141886167401,29.997924509232995,35.0,0.12001982668360284,12.260887060919787
22.353306038999982,104.34208323299993,SAT_10090,20.16283208605161,192.1659304840403,98.99170292391555,170.4472026533298,-64.82686795730858,29.999894503115407,35.0,0.12000100783739165,12.259558799256776
22.353306038999982,104.44208323299992,SAT_10090,20.158845506043235,192.1435059714932,98.99125834811454,170.44828349577313,-64.83085453731695,29.998168807092146,35.0,0.12001749307030517,12.260722355565663
22.353306038999982,104.54208323299991,SAT_10090,20.14632424451932,192.07307387542116,98.98986016402611,170.45167728020232,-64.84337579884087,29.992747425149453,35.0,0.12006927313714415,12.264376670650847
22.353306038999982,104.64208323299991,SAT_10090,20.125277092392267,191.9546836447065,98.98750364002834,170.45737857968763,-64.86442295096792,29.983630369810484,35.0,0.12015631903802435,12.270518422052753
22.353306038999982,104.7420832329999,SAT_10004,20.096030265440874,191.79017024310494,98.98421659795679,170.46531512821525,-64.89366977791931,29.970965204881246,35.0,0.12027717320195531,12.27904268138336
22.353306038999982,104.8420832329999,SAT_10004,20.078206654353394,191.68991243073785,98.9822054040002,170.47013498666078,-64.9114933890068,29.96323421824373,35.0,0.12035090701924653,12.284241713570497
22.353306038999982,104.94208323299989,SAT_10004,20.051859567262696,191.54171006585267,98.97922188103074,170.4772542501724,-64.93784047609749,29.951799302579087,35.0,0.12045991457613095,12.291925613928054
22.353306038999982,105.04208323299989,SAT_10004,20.017007348690996,191.34566633638687,98.97525577965949,170.48666160074094,-64.97269269466919,29.93666048428402,35.0,0.12060413530592982,12.302087442906341
22.353306038999982,105.14208323299988,SAT_10004,19.97367413829936,191.1019170279339,98.9702933737361,170.49834214909893,-65.01602590506083,29.917817798306316,35.0,0.12078348947750803,12.314718064790707
22.353306038999982,105.24208323299987,SAT_10004,19.92188975005149,190.81062984403965,98.96431732568237,170.5122775126486,-65.0678102933087,29.895271288145533,35.0,0.12099787856949132,12.329806190236129
22.353306038999982,105.34208323299987,SAT_10004,19.86168952426347,190.472003573982,98.95730651446173,170.5284459108181,-65.12801051909672,29.869021005853796,35.0,0.12124718572944762,12.347338428402965
22.353306038999982,105.44208323299986,SAT_10004,19.793114154081636,190.0862671167092,98.94923582310966,170.5468222768136,-65.19658588927855,29.8390670120368,35.0,0.12153127631388252,12.367299348187862
22.353306038999982,105.54208323299986,SAT_10004,19.71620948816218,189.65367837091225,98.9400758819494,170.56737838458443,-65.27349055519801,29.80540937585496,35.0,0.12184999850423898,12.389671547964298
22.353306038999982,105.64208323299985,SAT_10004,19.6310263115369,189.17452300239506,98.92979276270054,170.5900829896771,-65.35867373182329,29.76804817502473,35.0,0.12220318399350541,12.414435733177427
22.353306038999982,105.74208323299985,SAT_10004,19.537620106823752,188.64911310088362,98.9183476176198,170.6149019825405,-65.45207993653644,29.72698349582007,35.0,0.12259064873753608,12.441570801078472
22.353306038999982,105.84208323299984,SAT_10004,19.436050798077773,188.07778573918748,98.90569625655708,170.64179855275552,-65.55364924528241,29.68221543307408,35.0,0.12301219376477504,12.471053931836197
22.353306038999982,105.94208323299983,SAT_10004,19.326382479680547,187.4609014482031,98.89178865331746,170.67073336259594,-65.66331756367964,29.63374409018082,35.0,0.1234676060377559,12.50286068522675
22.353306038999982,106.04208323299983,SAT_10004,19.208683132726975,186.79884262158924,98.87656837093049,170.7016647282923,-65.78101691063321,29.58156957909726,35.0,0.12395665935952374,12.536965102078673
22.353306038999982,106.14208323299982,SAT_10090,19.09865643351594,186.17994243852718,98.8620555899725,170.73044510761508,-65.89104360984425,29.53264159527427,35.0,0.1244142332703083,12.568825864233133
22.353306038999982,106.24208323299982,SAT_10090,19.20441012722594,186.77480696564595,98.87600913395106,170.7027645829534,-65.78528991613425,29.57966086718339,35.0,0.12397454928515275,12.5382116510791
22.353306038999982,106.34208323299981,SAT_10090,19.302061333838637,187.32409500284234,98.88866801720714,170.67711455979315,-65.68763870952155,29.622964208875548,35.0,0.12356876684233391,12.50991959176161
22.353306038999982,106.4420832329998,SAT_10090,19.391549266130056,187.82746462198156,98.90008335680744,170.65353230843786,-65.59815077723013,29.66255152043937,35.0,0.12319708820075485,12.48397290103088
22.353306038999982,106.5420832329998,SAT_10090,19.472817335328614,188.28459751122344,98.91030018424736,170.6320525536769,-65.51688270803157,29.698422710544556,35.0,0.12285970147825183,12.460393163420951
22.453306038999983,102.34208323300004,SAT_10090,19.223629431043918,186.88291554962203,98.87853089403767,170.69772311760767,-65.76607061231627,29.58819227609741,35.0,0.12389466855738754,12.53264510224862
22.453306038999983,102.44208323300003,SAT_10090,19.12679650786872,186.33823035676156,98.86580853164226,170.72308947763628,-65.86290353549147,29.545165435391258,35.0,0.1242972139548956,12.560682279291555
22.453306038999983,102.54208323300003,SAT_10090,19.021878109743966,185.7480643673098,98.85177843485093,170.7504780453985,-65.96782193361622,29.498425321104744,35.0,0.12473359903906396,12.591035610283408
22.453306038999983,102.64208323300002,SAT_10090,18.938295245327325,185.2779107549662,98.84041396676925,170.77222601565603,-66.05140479803286,29.461100567500917,35.0,0.1250814119687053,12.615197937909045
22.453306038999983,102.74208323300002,SAT_10090,19.075101017421474,186.04744322299578,98.858927938144,170.73659682957333,-65.91459902593871,29.522151244214346,35.0,0.12451220054285025,12.57564124003688
22.453306038999983,102.84208323300001,SAT_10090,19.204070310929964,186.77289549898106,98.87597836454414,170.70285369082137,-65.78562973243022,29.57950998545363,35.0,0.12397596172720854,12.538310065335276
22.453306038999983,102.942083233,SAT_10090,19.325126895719222,187.45383878842065,98.89163895522682,170.67104323153416,-65.66457314764097,29.63317665858009,35.0,0.12347294979177938,12.503233624895108
22.453306038999983,103.142083233,SAT_10090,19.54321310064462,188.680573691126,98.91904596157147,170.61339728295732,-65.44648694271557,29.72943331269174,35.0,0.12256756866027434,12.439955403789703
22.453306038999983,103.24208323299999,SAT_10090,19.640107247207354,189.22560326554137,98.9309026055581,170.58764488499844,-65.34959279615283,29.77202307114461,35.0,0.12216565009398955,12.411805332205025
22.453306038999983,103.34208323299998,SAT_10090,19.72881832353073,189.72460306986036,98.94159116565395,170.56399097541413,-65.26088171982946,29.810920316415825,35.0,0.12179785778662357,12.38601320304453
22.453306038999983,103.44208323299998,SAT_10090,19.809288838098865,190.17724971430613,98.9511520756247,170.54247089541678,-65.18041120526132,29.84612495859916,35.0,0.1214643824693597,12.362600885974334
22.453306038999983,103.54208323299997,SAT_10090,19.881465884465825,190.58324560012025,98.95962076798499,170.52311719261127,-65.10823415889436,29.87763691632914,35.0,0.12116539949388033,12.34158848311836
22.453306038999983,103.64208323299997,SAT_10090,19.945301388062845,190.9423203078535,98.96702805211348,170.50595946258107,-65.04439865529734,29.905456116779526,35.0,0.12090106805515462,12.32299424144065
22.453306038999983,103.74208323299996,SAT_10090,20.000752334359888,191.25423188077437,98.9734004359231,170.4910242022584,-64.9889477090003,29.929582495661922,35.0,0.1206715304760926,12.306834471927734
22.453306038999983,103.84208323299995,SAT_10090,20.04778097615774,191.51876799088728,98.9787603972794,170.47833467655863,-64.94191906720245,29.95001599722458,35.0,0.12047691156015053,12.293123476308246
22.453306038999983,103.94208323299995,SAT_10090,20.086355017946005,191.73574697594628,98.98312661025255,170.4679107996555,-64.90334502541418,29.96675657425133,35.0,0.12031731801751144,12.281873481992513
22.453306038999983,104.04208323299994,SAT_10090,20.116447775452684,191.90501873692136,98.98651413033924,170.45976903214842,-64.8732522679075,29.979804188060715,35.0,0.12019283796991613,12.27309458584989
22.453306038999983,104.14208323299994,SAT_10090,20.138038308736952,192.02646548664538,98.98893454197034,170.4539222952239,-64.85166173462324,29.989158808505234,35.0,0.12010354053859389,12.266794707365989
22.453306038999983,104.24208323299993,SAT_10090,20.151111527433073,192.10000234181103,98.99039607089726,170.45037990274113,-64.83858851592711,29.9948204139708,35.0,0.12004947551904177,12.262979551637734
22.453306038999983,104.34208323299993,SAT_10090,20.15565826703292,192.12557775206017,98.99090366340432,170.44914751198633,-64.83404177632727,29.99678899137631,35.0,0.12003067314564246,12.2616525825716
22.453306038999983,104.44208323299992,SAT_10090,20.15167533539058,192.103173761572,98.99045903370376,170.45022709364287,-64.83802470796961,29.995064536173416,35.0,0.1200471439483015,12.262815006551858
22.453306038999983,104.54208323299991,SAT_10090,20.139165528952276,192.03280610035654,98.98906068031968,170.45361692130965,-64.85053451440791,29.98964705234643,35.0,0.12009887870243831,12.266465766742256
22.453306038999983,104.64208323299991,SAT_10090,20.118137618537958,191.91452410427604,98.98670387173871,170.45931158068356,-64.87156242482223,29.9805365524124,35.0,0.12018584847279801,12.272601548078265
22.453306038999983,104.7420832329999,SAT_10090,20.088606304825007,191.74841046464064,98.98338060108361,170.46730199830608,-64.90109373853518,29.967733057421345,35.0,0.12030800475067505,12.281216792899766
22.453306038999983,104.8420832329999,SAT_10090,20.05059214401321,191.5345808100743,98.97907950903995,170.4775754895525,-64.93910789934698,29.951236596956658,35.0,0.12046527968327084,12.292303727067878
22.453306038999983,104.94208323299989,SAT_10004,20.013523217008967,191.32606809567545,98.97486072159799,170.48760141031505,-64.97617682635122,29.93514628852012,35.0,0.12061855438885188,12.30310315016743
22.453306038999983,105.04208323299989,SAT_10004,19.97873218712303,191.13036855256703,98.97087748065199,170.49697965581527,-65.01096785623716,29.920018341828364,35.0,0.12076255224604925,12.313243990004212
22.453306038999983,105.14208323299988,SAT_10004,19.93547486151151,190.88704609600222,98.96589355802918,170.50862415349496,-65.05422518184868,29.901189187319986,35.0,0.12094162987875479,12.325848585794942
22.453306038999983,105.24208323299987,SAT_10004,19.88378087763391,190.59626743669074,98.95989149278535,170.52251663339715,-65.10591916572628,29.87865886847401,35.0,0.12115568932124209,12.340905711481888
22.453306038999983,105.34208323299987,SAT_10004,19.823685367588695,190.2582301926864,98.95285001298544,170.5386354477551,-65.16601467577149,29.85242743731799,35.0,0.12140461437763847,12.358402050956744
22.453306038999983,105.44208323299986,SAT_10004,19.755228786121265,189.8731619219321,98.94474382134959,170.55695568173124,-65.23447125723892,29.82249495442902,35.0,0.12168827115763459,12.378322258779072
22.453306038999983,105.54208323299986,SAT_10004,19.67845671502829,189.44131902203415,98.93554333616888,170.57744927924136,-65.3112433283319,29.788861488934867,35.0,0.12200650868763335,12.400649029337767
22.453306038999983,105.64208323299985,SAT_10004,19.593419645921784,188.96298550831006,98.92521438264312,170.6000851825539,-65.3962803974384,29.751527118515277,35.0,0.12235915959200187,12.425363173807769
22.453306038999983,105.74208323299985,SAT_10004,19.500172743485308,188.43847168210485,98.9137178287124,170.6248294842447,-65.48952729987488,29.710491929403467,35.0,0.12274604083859221,12.452443704195055
22.453306038999983,105.84208323299984,SAT_10004,19.398775591492026,187.86811270214264,98.90100915818131,170.65164558999786,-65.59092445186816,29.66575601638774,35.0,0.12316695454228925,12.481867923715763
22.453306038999983,105.94208323299983,SAT_10004,19.28929192395519,187.25226707224792,98.88703797242442,170.6804943906789,-65.700408119405,29.617319482813286,35.0,0.12362168882002646,12.513611522719366
22.453306038999983,106.04208323299983,SAT_10004,19.17178934384674,186.5913150591379,98.87174741014842,170.7113344420659,-65.81791069951345,29.565182440584156,35.0,0.1241100186904848,12.547648679341227
22.453306038999983,106.14208323299982,SAT_10004,19.046339031845037,185.88565705412833,98.85507347249978,170.74412215061156,-65.94336101151515,29.509345010165372,35.0,0.12463170701155869,12.583952164057415
22.453306038999983,106.24208323299982,SAT_10090,19.120109932442517,186.30061836998917,98.86492206332014,170.72483795377417,-65.86959011091767,29.542190368011944,35.0,0.12432501825692893,12.56261750689851
22.453306038999983,106.34208323299981,SAT_10090,19.217479225552196,186.8483206437311,98.87772920502381,170.69933675952143,-65.77222081780799,29.58546267212504,35.0,0.12392022963922643,12.534426500772362
22.453306038999983,106.4420832329998,SAT_10090,19.306707014611206,187.35022695718803,98.88927708183807,170.67589211246158,-65.68299302874898,29.625021609657573,35.0,0.12354946720905306,12.508573058735921
22.453306038999983,106.5420832329998,SAT_10090,19.387737331402192,187.80602248913732,98.89961159842292,170.65453834184058,-65.601962711958,29.660867089320245,35.0,0.12321291710638645,12.485078542331284
22.553306038999985,102.34208323300004,SAT_10090,19.12950382837687,186.3534590346199,98.86618195078204,170.72238142378126,-65.86019621498332,29.546369862435935,35.0,0.1242859565735235,12.559898697064472
22.553306038999985,102.44208323300003,SAT_10090,19.03297322887181,185.81047441240395,98.85329069728466,170.74758640502213,-65.95672681448838,29.503374002162158,35.0,0.12468744018006209,12.587826971448335
22.553306038999985,102.54208323300003,SAT_10090,18.928379938937013,185.2221371565207,98.83907257034267,170.77480177724482,-66.06132010442317,29.456667542079234,35.0,0.12512268234521928,12.61806318691236
22.553306038999985,102.64208323300002,SAT_10090,18.92255341488965,185.1893629587543,98.83827273358186,170.7763149585101,-66.06714662847054,29.454062048187744,35.0,0.12514693499961477,12.61974678314856
22.553306038999985,102.74208323300002,SAT_10090,19.059205455164744,185.95803068530168,98.85681556832148,170.74074527374137,-65.93049458819544,29.515068626278605,35.0,0.12457831710599643,12.580239623626678
22.553306038999985,102.84208323300001,SAT_10090,19.18802888519717,186.6826624792341,98.87389232446354,170.707058937667,-65.80167115816302,29.57238593585188,35.0,0.12404264054323405,12.542955515804673
22.553306038999985,103.24208323299999,SAT_10090,19.62356572210399,189.13255718683496,98.9288997087451,170.59204742659918,-65.3661343212562,29.764759965671768,35.0,0.12223424990266443,12.416612610426132
22.553306038999985,103.34208323299998,SAT_10090,19.712173704761824,189.63097708928527,98.93960414700119,170.56843467478274,-65.27752633859836,29.80362911494377,35.0,0.12186685229825393,12.390853926461151
22.553306038999985,103.44208323299998,SAT_10090,19.79255029738556,190.08309542279378,98.94917917515549,170.54695223459606,-65.19714974597463,29.838808328408863,35.0,0.12153373617890906,12.367472103608508
22.553306038999985,103.54208323299997,SAT_10090,19.864642770554582,190.4886155843695,98.95766030549892,170.52763254186902,-65.1250572728056,29.870297524741076,35.0,0.12123507632842964,12.346487179349232
22.553306038999985,103.64208323299997,SAT_10090,19.928403211807463,190.847268066417,98.96507841649488,170.5105050897339,-65.06129683155272,29.898096631149514,35.0,0.12097103142295447,12.327917341545389
22.553306038999985,103.74208323299996,SAT_10090,19.983788752662676,191.15881173372756,98.97146007528701,170.49559628274383,-65.00591129069751,29.92220558337697,35.0,0.12074174331892856,12.31177884801173
22.553306038999985,103.84208323299995,SAT_10090,20.03076177486105,191.4230349835934,98.97682780981646,170.48292930419734,-64.95893826849914,29.942624325698752,35.0,0.12054733640873634,12.298085953591803
22.553306038999985,104.04208323299994,SAT_10090,20.099347117178,191.8088275341262,98.98459274167574,170.46439676653364,-64.89035292618219,29.972391000382792,35.0,0.12026357307070046,12.278083586960648
22.553306038999985,104.14208323299994,SAT_10090,20.12091197756675,191.93012987381297,98.98701663797094,170.45856048494932,-64.86878806579344,29.981738863949484,35.0,0.12017437336320017,12.271792071430417
22.553306038999985,104.24208323299993,SAT_10090,20.133969636939838,192.00357920778663,98.98848026847944,170.4550244339359,-64.85573040642035,29.987396380018048,35.0,0.12012036755645941,12.267981984946037
22.553306038999985,104.34208323299993,SAT_10090,20.138510962641533,192.02912416485864,98.98898859041573,170.45379425057544,-64.85118908071865,29.989363535513736,35.0,0.12010158578385004,12.266656779873099
22.553306038999985,104.44208323299992,SAT_10090,20.134532773629843,192.00674685166786,98.98854332177855,170.4548718985075,-64.85516726973034,29.9876403258904,35.0,0.12011803854007222,12.267817658573172
22.553306038999985,104.54208323299991,SAT_10090,20.12203785662348,191.93646294350708,98.98714295777553,170.4582556575016,-64.86766218673671,29.98222675513042,35.0,0.12016971663138729,12.271463567734136
22.553306038999985,104.64208323299991,SAT_10090,20.10103495195544,191.81832160474937,98.984782756438,170.463940132593,-64.88866509140475,29.973122835744775,35.0,0.12025659121921768,12.277591203337309
22.553306038999985,104.7420832329999,SAT_10090,20.071538709291985,191.65240523976743,98.98145469318254,170.4719162826732,-64.9181613340682,29.960328588773276,35.0,0.12037861395670824,12.286195026211585
22.553306038999985,104.8420832329999,SAT_10090,20.033569613684037,191.43882907697272,98.97714738354595,170.48217146822495,-64.95613042967615,29.943844043784967,35.0,0.12053571721697864,12.29726728801919
22.553306038999985,104.94208323299989,SAT_10090,19.98715388274583,191.17774059044527,98.97184597277037,170.49468951766733,-65.00254616061436,29.92366923887868,35.0,0.12072781441095581,12.310798067414767
22.553306038999985,105.04208323299989,SAT_10090,19.93232333604061,190.86931876522846,98.9655319903252,170.50945081159034,-65.05737670731958,29.899804220683748,35.0,0.12095480039186794,12.326775316021111
22.553306038999985,105.14208323299988,SAT_10004,19.88740832034307,190.61667180192978,98.96031853223164,170.52154259684733,-65.10229172301712,29.880240877125654,35.0,0.121140666486929,12.339849336808525
22.553306038999985,105.24208323299987,SAT_10004,19.835818286554513,190.32647786186914,98.95428209919191,170.53538388385408,-65.15388175680567,29.857726811807435,35.0,0.12135435137041015,12.35487033338862
22.553306038999985,105.34208323299987,SAT_10004,19.775843161645014,189.9891177842532,98.94720010245958,170.5514435055285,-65.21385688171517,29.831514304220626,35.0,0.12160284235256759,12.37232483805473
22.553306038999985,105.44208323299986,SAT_10004,19.70752311708756,189.60481753361753,98.93904700413411,170.5696967278438,-65.28217692627263,29.801603414913835,35.0,0.12188600643663393,12.39219760690605
22.553306038999985,105.54208323299986,SAT_10004,19.630903417572938,189.17383172384777,98.92979293946851,170.5901156969696,-65.35879662578725,29.767994212982327,35.0,0.12220369365153916,12.414471448148442
22.553306038999985,105.64208323299985,SAT_10004,19.546034206022654,188.69644240887743,98.9194034044671,170.6126695773833,-65.44366583733753,29.73068677606932,35.0,0.12255573772684711,12.439127298296714
22.553306038999985,105.74208323299985,SAT_10004,19.452970269268107,188.1729577646331,98.90783888724859,170.63732470222345,-65.53672977409208,29.68968119036746,35.0,0.12294195683143842,12.466144305404647
22.553306038999985,105.84208323299984,SAT_10004,19.351770786637985,187.60371067483865,98.89505443586069,170.6640447343945,-65.6379292567222,29.644977550620453,35.0,0.12336215436977625,12.495499918578375
22.553306038999985,105.94208323299983,SAT_10004,19.242499063788813,186.9890572338121,98.88099915369425,170.69279083687402,-65.74720097957137,29.596575960124863,35.0,0.12381611982927576,12.527169982992941
22.553306038999985,106.04208323299983,SAT_10004,19.125222254187264,186.32937517980338,98.86561561180314,170.72352185062502,-65.86447778917292,29.544476530732044,35.0,0.12430362967207557,12.561128839607873
22.553306038999985,106.14208323299982,SAT_10004,19.00001107066886,185.62506227251234,98.84883916520774,170.7561944785127,-65.98968897269133,29.488679382850293,35.0,0.12482444826437668,12.597349428764545
22.553306038999985,106.24208323299982,SAT_10090,19.0263074489863,185.77297940054794,98.85239240375896,170.74932379195872,-65.96339259437389,29.500401076911775,35.0,0.12471517140953846,12.58975470791741
22.553306038999985,106.34208323299981,SAT_10090,19.12337288983369,186.3189725053145,98.86536966459803,170.723984771914,-65.8663271535265,29.54364222384554,35.0,0.12431145001763581,12.561673155440403
22.553306038999985,106.4420832329998,SAT_10090,19.212320278205084,186.8193015649036,98.87706959773752,170.70069005762105,-65.7773797651551,29.583172678011543,35.0,0.12394167154934144,12.53592071399627
22.553306038999985,106.5420832329998,SAT_10090,19.293094318235703,187.27365554007585,98.88753911722964,170.67947354981493,-65.69660572512448,29.61899234816129,35.0,0.12360601999888605,12.512518503471956
22.653306038999983,102.44208323300003,SAT_10090,18.929713573364964,185.2296388501779,98.83927348495673,170.77445538199314,-66.05998646999522,29.457263860200264,35.0,0.12511713125097226,12.617677816951385
22.653306038999983,102.54208323300003,SAT_10090,18.825468007279397,184.6432575409466,98.82484162938583,170.80148383353333,-66.16423203608079,29.410591183440662,35.0,0.1255511546769089,12.647788231311207
22.653306038999983,102.64208323300002,SAT_10090,18.897166454662525,185.0465613074767,98.83479650438218,170.78290454217995,-66.09253358869766,29.442705078697962,35.0,0.12525261553208697,12.627081509683594
22.653306038999983,102.74208323300002,SAT_10090,19.033631112647882,185.81417500864436,98.8533955853442,170.74741491068704,-65.9560689307123,29.50366738974071,35.0,0.12468470327858565,12.587636706487393
22.653306038999983,103.24208323299999,SAT_10090,19.59720204634492,188.98426151069017,98.92569217792784,170.5990588981726,-65.39249799701527,29.753177552294506,35.0,0.1223435959597958,12.424273055177393
22.653306038999983,103.34208323299998,SAT_10090,19.685683762833065,189.481971165936,98.93642731316119,170.57550151105826,-65.30401628052712,29.792018498270192,35.0,0.12197666993355728,12.398556597805493
22.653306038999983,103.44208323299998,SAT_10090,19.765945253775655,189.93344205248806,98.94602961043914,170.55406970220244,-65.22375478958453,29.827172185907234,35.0,0.12164398323474424,12.375213290054573
22.653306038999983,103.64208323299997,SAT_10090,19.901602384734744,190.69651341413297,98.96197373539334,170.51770903216737,-65.08809765862544,29.886417469549734,35.0,0.12108200789406204,12.335724088113748
22.653306038999983,103.74208323299996,SAT_10090,19.95690765564268,191.0076055629901,98.9683732697395,170.50283580712477,-65.0327923877175,29.910508928573343,35.0,0.12085301847600043,12.319612490690071
22.653306038999983,104.04208323299994,SAT_10090,20.072297689249638,191.65667450202923,98.9815424682254,170.47171114841066,-64.91740235411055,29.960657931659274,35.0,0.12037547389012754,12.285973663469024
22.653306038999983,104.14208323299994,SAT_10090,20.09383100796572,191.77779941980717,98.98397306980033,170.46588892957203,-64.89586903539447,29.969999012545486,35.0,0.12028639131292601,12.279692727055002
22.653306038999983,104.24208323299993,SAT_10090,20.106869548857873,191.85114121232553,98.9854407435159,170.4623614079856,-64.88283049450231,29.975652423600817,35.0,0.12023245648658751,12.275889053630944
22.653306038999983,104.34208323299993,SAT_10090,20.11140422183351,191.8766487478135,98.98595046866726,170.46113419361654,-64.87829582152668,29.97761815175682,35.0,0.12021369941040216,12.274566080256541
22.653306038999983,104.44208323299992,SAT_10090,20.107431860690227,191.85430421638253,98.9855039709007,170.46220924064886,-64.88226818266996,29.975896192469545,35.0,0.12023013053233957,12.275725003958314
22.653306038999983,104.54208323299991,SAT_10090,20.09495523914623,191.78412322019756,98.98409973872549,170.46558483713585,-64.89474480421396,29.970486549719457,35.0,0.1202817406995996,12.279364776097959
22.653306038999983,104.64208323299991,SAT_10090,20.073983056796095,191.66615469447802,98.98173300905236,170.47125561406747,-64.91571698656409,29.96138923601148,35.0,0.12036850120193393,12.285482107306171
22.653306038999983,104.7420832329999,SAT_10090,20.044529895138623,191.50048066015475,98.97839572151314,170.47921257375688,-64.94517014822156,29.948604272375274,35.0,0.12049036390733561,12.294071482932615
22.653306038999983,104.8420832329999,SAT_10090,20.00661614414753,191.28721581082985,98.97407644078329,170.48944313723132,-64.98308389921266,29.932131688365594,35.0,0.12064726148883831,12.305125188858087
22.653306038999983,104.94208323299989,SAT_10090,19.960267900166613,191.0265069384372,98.96876024557488,170.5019312101032,-65.02943214319357,29.91197152206286,35.0,0.12083910774033213,12.318633347412884
22.653306038999983,105.04208323299989,SAT_10090,19.905516836203915,190.71853220364702,98.96242858237378,170.51665726620368,-65.08418320715627,29.888123820073876,35.0,0.12106579797850335,12.33458396304796
22.653306038999983,105.14208323299988,SAT_10090,19.842400045978778,190.36350025863064,98.95505908134761,170.53359844807287,-65.14729999738141,29.860588637532704,35.0,0.1213272095272528,12.352962977313991
22.653306038999983,105.24208323299987,SAT_10004,19.7780399445691,190.0014746882012,98.94746634898307,170.55085586329997,-65.21166009879109,29.83247516390548,35.0,0.12159373914322764,12.371685660253377
22.653306038999983,105.34208323299987,SAT_10004,19.718200573398676,189.66487822536754,98.9403336907024,170.56684687620847,-65.27149946996151,29.806281652281807,35.0,0.12184174502276192,12.389092501012088
22.653306038999983,105.44208323299986,SAT_10004,19.65003447474001,189.28144392041256,98.9321219350051,170.58502242453912,-65.33966556862018,29.776392439166198,35.0,0.12212435858354882,12.408911224663719
22.653306038999983,105.54208323299986,SAT_10004,19.57358654743824,188.8514243293401,98.92280086044045,170.6053548880032,-65.41611349592195,29.742807593621556,35.0,0.12244143101042858,12.431124770529882
22.653306038999983,105.64208323299985,SAT_10004,19.48890653209709,188.37509924304612,98.91233554801751,170.62781368768427,-65.5007935112631,29.705527193254746,35.0,0.1227927973074024,12.45571421952617
22.653306038999983,105.74208323299985,SAT_10004,19.396048779543577,187.85277438493262,98.90068600688568,170.6523654345497,-65.59365126381661,29.66455132421802,35.0,0.12317827702847776,12.482658876456457
22.653306038999983,105.84208323299984,SAT_10004,19.29507200236958,187.28478001332888,98.88780673539432,170.6789740886036,-65.69462804099061,29.6198800812107,35.0,0.12359767506558608,12.511936358532113
22.653306038999983,105.94208323299983,SAT_10004,19.186039011846447,186.67146944163628,98.87364620850187,170.70760112716,-65.80366103151374,29.571513567480913,35.0,0.12405078248718658,12.543522689347467
22.653306038999983,106.04208323299983,SAT_10004,19.069016442584356,186.013217489537,98.85814628062164,170.73820572066342,-65.92068360077583,29.51945189482759,35.0,0.12453737742094845,12.577392397519066
22.653306038999983,106.14208323299982,SAT_10004,18.94407446732872,185.31041887872408,98.84124149071471,170.77074491447715,-66.04562557603147,29.463695183602535,35.0,0.12505722597376984,12.613518619183095
22.653306038999983,106.24208323299982,SAT_10004,18.968742750802832,185.44917797326593,98.84460883555263,170.7643315774466,-66.02095729255736,29.4747176906292,35.0,0.1249545617878136,12.606388843952145
22.653306038999983,106.34208323299981,SAT_10004,19.031869106873927,185.80426372616583,98.85315913657531,170.7478948603655,-65.95783093648626,29.502892990933443,35.0,0.12469190226473496,12.58813716478946
22.653306038999983,106.4420832329998,SAT_10090,19.1084579471286,186.23507595259838,98.86340506116446,170.7278838700992,-65.88124209623159,29.53700481703484,35.0,0.12437347215835165,12.565989571008892
22.653306038999983,106.5420832329998,SAT_10090,19.188957864221692,186.68788798624703,98.87402795982058,170.7068154703539,-65.8007421791385,29.572798578652755,35.0,0.12403877893811088,12.542686508499244
22.653306038999983,106.6420832329998,SAT_10090,19.261259966900454,187.09458731381505,98.88344313804059,170.68784241731095,-65.72844007645973,29.604884157727408,35.0,0.12373828880869336,12.521743528067503
22.75330603899998,103.34208323299998,SAT_10090,19.64936929409312,189.27770227927377,98.93204787397914,170.58517867406803,-65.34033074926707,29.776088491779017,35.0,0.12212724186000591,12.409113325118048
22.75330603899998,103.64208323299997,SAT_10090,19.86492036543396,190.49017705556605,98.95770176537582,170.5275580565288,-65.12477967792623,29.870418657510342,35.0,0.12123392655298551,12.346406352354801
22.75330603899998,104.14208323299994,SAT_10090,20.056817467981375,191.56959825739523,98.97979205226835,170.4758940057303,-64.93288257537881,29.953939279952824,35.0,0.12043952156363111,12.290488328037696
22.75330603899998,104.24208323299993,SAT_10090,20.06983337326875,191.64281272463674,98.98126574097914,170.4723771746106,-64.91986667009144,29.959588570387428,35.0,0.1203856693539336,12.286692396514312
22.75330603899998,104.54208323299991,SAT_10090,20.05793974818839,191.5759110835597,98.97991924058462,170.4755908345325,-64.9317602951718,29.954426461773867,35.0,0.12043487807161876,12.290161044341538
22.75330603899998,104.64208323299991,SAT_10090,20.03700393729136,191.4581471472639,98.97754279825736,170.48124444260765,-64.95269610606883,29.945335778858766,35.0,0.12052150579629184,12.296265936523652
22.75330603899998,104.7420832329999,SAT_10090,20.007601772277994,191.29275996906372,98.97419178579892,170.48917734944064,-64.9820982710822,29.932560133853787,35.0,0.12064318227289424,12.304837873222443
22.75330603899998,104.8420832329999,SAT_10090,19.969753524569796,191.0798635757051,98.96985469084214,170.49937705173932,-65.01994651879039,29.91609955629947,35.0,0.12079984054710947,12.31586918280343
22.75330603899998,104.94208323299989,SAT_10090,19.92348513929427,190.8196039085303,98.96451649128917,170.51182755161085,-65.06621490406592,29.895954084257912,35.0,0.12099139488869813,12.329350041824272
22.75330603899998,105.04208323299989,SAT_10090,19.868828106708747,190.51215810023672,98.95815850783391,170.52650943944616,-65.12087193665144,29.872123764313486,35.0,0.12121774119028571,12.345268520328487
22.75330603899998,105.14208323299988,SAT_10090,19.80581930759577,190.15773360522618,98.95075821832904,170.54339999351723,-65.18388073576442,29.844608651573708,35.0,0.1214787574480055,12.363610636372893
22.75330603899998,105.24208323299987,SAT_10090,19.734500834220327,189.75656719248934,98.94228903066451,170.56247329522438,-65.25519920913986,29.813408809670282,35.0,0.12177430431970403,12.38436041926606
22.75330603899998,105.34208323299987,SAT_10090,19.654919788653928,189.30892381117835,98.93272000999188,170.5837003587899,-65.33478025470626,29.77852431076028,35.0,0.12210422575580099,12.40749998092082
22.75330603899998,105.44208323299986,SAT_10004,19.582807442318796,188.90329186304325,98.92393967711465,170.60290532531357,-65.40689260104139,29.746862082307533,35.0,0.12240317992394233,12.428446178111402
22.75330603899998,105.54208323299986,SAT_10004,19.50655024983753,188.47434515533612,98.91453766628672,170.62313968637088,-65.48314979352266,29.713301685923525,35.0,0.1227195744674315,12.450592218607868
22.75330603899998,105.64208323299985,SAT_10004,19.42208029017459,187.99920163223206,98.90398081681538,170.64549065421016,-65.5676197531856,29.676048425086496,35.0,0.12307019354645496,12.475107330515476
22.75330603899998,105.74208323299985,SAT_10004,19.32945142203377,187.47816424893995,98.89222855509084,170.66992515354593,-65.66024862132642,29.63510238590851,35.0,0.12345485827857142,12.501970995410423
22.75330603899998,105.84208323299984,SAT_10004,19.228721831133058,186.91156030012345,98.87923471043192,170.69640747993452,-65.76097821222713,29.590463663044677,35.0,0.12387337523503339,12.53116102010225
22.75330603899998,105.94208323299983,SAT_10004,19.119953770587927,186.2997399595571,98.86494699267283,170.72489946575791,-65.86974627277226,29.54213235969494,35.0,0.1243255372695543,12.562653629439717
22.75330603899998,106.04208323299983,SAT_10004,19.003213289144725,185.6430747514391,98.8493063833804,170.7553606536901,-65.98648675421546,29.490108587606,35.0,0.12481112439078758,12.596423563740581
22.75330603899998,106.14208323299982,SAT_10004,19.024861648835795,185.76484677470137,98.85223112012001,170.74972121982955,-65.96483839452439,29.4997675694091,35.0,0.1247210550754454,12.590163689028493
22.75330603899998,106.24208323299982,SAT_10004,19.09620332680295,186.16614371326662,98.8617909121793,170.7311066662794,-65.89349671655724,29.531560859350847,35.0,0.12442430461791025,12.569526605010767
22.75330603899998,106.34208323299981,SAT_10004,19.159488893285953,186.5221250247335,98.87017163911624,170.71455559302223,-65.83021115007423,29.559715487311554,35.0,0.1241611554708835,12.551209888892677
22.75330603899998,106.4420832329998,SAT_10004,19.21467920147552,186.8325705082998,98.87740522979071,170.70009201399586,-65.77502084188467,29.584231387901543,35.0,0.12393173780221775,12.535228477988131
22.75330603899998,106.5420832329998,SAT_10004,19.261739772761345,187.09728622178255,98.88351882704087,170.6877370903878,-65.72796027059884,29.605108504184958,35.0,0.12373616619280044,12.521595518203194
22.75330603899998,106.6420832329998,SAT_10004,19.300640955060786,187.31610537221695,98.88853507259854,170.67750902920707,-65.6890590882994,29.622346787678747,35.0,0.12357453913459514,12.510322307636487
22.75330603899998,106.74208323299979,SAT_10004,19.331358060504655,187.48888909033872,98.89247234093082,170.6694229950087,-65.65834198285553,29.635946198351768,35.0,0.12344693859535688,12.50141824760326
22.853306038999982,104.7420832329999,SAT_10090,19.96078413394895,191.02941075346283,98.96882627456557,170.5017922275929,-65.02891590941124,29.912196208278452,35.0,0.12083697065911603,12.3184829194377
22.853306038999982,104.8420832329999,SAT_10090,19.923011392654658,190.81693908368246,98.96446539199692,170.5119549293154,-65.06668865070553,29.895747682630866,35.0,0.12099335648351599,12.329488047537478
22.853306038999982,104.94208323299989,SAT_10090,19.87683504897157,190.5571971504651,98.95909780693674,170.52436038078142,-65.11286499438862,29.875616960477046,35.0,0.121184578538444,12.342936995545806
22.853306038999982,105.04208323299989,SAT_10090,19.822286375088083,190.25036085987045,98.9527046703224,170.53898931167782,-65.1674136682721,29.851804088379037,35.0,0.12141053340251563,12.3588179115708
22.853306038999982,105.14208323299988,SAT_10090,19.7594019976881,189.8966362369956,98.94526325439953,170.55581916249116,-65.23029804567209,29.824309121417933,35.0,0.1216710998726143,12.377116904726252
22.853306038999982,105.24208323299987,SAT_10090,19.68822372074969,189.49625842921702,98.93674672300122,170.57482419853542,-65.3014763226105,29.793132123194916,35.0,0.12196613951694409,12.397818107753036
22.853306038999982,105.34208323299987,SAT_10090,19.60879832593045,189.0494905833588,98.92712385561842,170.59597563828075,-65.38090171742974,29.758273165832456,35.0,0.12229549730011514,12.42090374768134
22.853306038999982,105.44208323299986,SAT_10090,19.52117735250812,188.55662260785817,98.91635872006024,170.61924179467167,-65.46852269085207,29.719732329975646,35.0,0.12265900227488016,12.44635422388116
22.853306038999982,105.54208323299986,SAT_10004,19.42984561628687,188.04288159161365,98.90496796877116,170.6434386687651,-65.55985442707332,29.679476554407472,35.0,0.1230379545903192,12.472854358125367
22.853306038999982,105.64208323299985,SAT_10004,19.3456060286627,187.5690339112277,98.89430313511372,170.66566940124136,-65.64409401469749,29.64225053602809,35.0,0.12338775872553082,12.497287390758679
22.853306038999982,105.74208323299985,SAT_10004,19.25322815758561,187.04940838641906,98.88242968008207,170.68997315930716,-65.73647188577458,29.60133443984118,35.0,0.12377153472084856,12.524061631587754
22.853306038999982,105.84208323299984,SAT_10004,19.15276960417988,186.48432902351183,98.86930063796673,170.7163146109231,-65.8369304391803,29.556728360457857,35.0,0.12418909101192921,12.553155097703144
22.853306038999982,105.94208323299983,SAT_10004,19.044292002167907,185.87414251219448,98.85486280906312,170.7446559825954,-65.94540804119228,29.508432401030067,35.0,0.12464022243482399,12.584544237192128
22.853306038999982,106.04208323299983,SAT_10004,19.063310801946272,185.98112326094778,98.85741402781242,170.73969473271828,-65.92638924141391,29.51690955099389,35.0,0.12456110972655697,12.579042949962973
22.853306038999982,106.14208323299982,SAT_10004,19.142844952168048,186.42850285594528,98.86799108107748,170.71891199987874,-65.84685509119214,29.552315315753557,35.0,0.12423035467329828,12.55602805239366
22.853306038999982,106.24208323299982,SAT_10004,19.214349811845793,186.8307176916326,98.8773757529436,170.7001784183885,-65.7753502315144,29.584085174059105,35.0,0.12393310682948565,12.535323880355516
22.853306038999982,106.34208323299981,SAT_10004,19.277781217881383,187.1875193505828,98.8856039633968,170.68352107971944,-65.7119188254788,29.612219052107182,35.0,0.12366951304247804,12.516947284824067
22.853306038999982,106.4420832329998,SAT_10004,19.333099548798714,187.49868496199278,98.89270666979778,170.6689643036387,-65.65660049456147,29.636716884544725,35.0,0.12343970497242192,12.500913370495095
22.853306038999982,106.5420832329998,SAT_10004,19.38026990543034,187.7640182180457,98.89871019477195,170.6565295224772,-65.60943013792985,29.657578614467756,35.0,0.1232437985190702,12.487235431401334
22.853306038999982,106.6420832329998,SAT_10004,19.419262272149453,187.98335028084065,98.90363649989007,170.64623517776127,-65.57043777121073,29.674804193420357,35.0,0.12308189331200331,12.475924893557814
22.953306038999983,104.94208323299989,SAT_10090,19.820354713273403,190.2394952621629,98.95248229316886,170.53950683606985,-65.16934533008678,29.850960195177926,35.0,0.12141853607765445,12.359380153117197
22.953306038999983,105.04208323299989,SAT_10090,19.765928456394036,189.93334756721646,98.94604491377412,170.55407419380418,-65.22377158696615,29.82716483669165,35.0,0.12164405284542132,12.3752181770082
22.953306038999983,105.14208323299988,SAT_10090,19.70318462402956,189.5804135101663,98.93855173213824,170.57083346279484,-65.28651541933063,29.799690091444294,35.0,0.12190411599443979,12.393467931985635
22.953306038999983,105.24208323299987,SAT_10090,19.632164686532747,189.18092636174669,98.92997560244144,170.58975912139164,-65.35753535682744,29.76853602300666,35.0,0.12219858814564424,12.414113670296812
22.953306038999983,105.34208323299987,SAT_10090,19.552915054727563,188.73514718284255,98.92028494163428,170.61082262467454,-65.43678498863262,29.733702703466754,35.0,0.12252731543657387,12.437137751988256
22.953306038999983,105.44208323299986,SAT_10090,19.465486862442305,188.24336360123795,98.90944339724987,170.63399254405618,-65.52421318091788,29.69519021343113,35.0,0.12289012820583585,12.462520722087
22.953306038999983,105.54208323299986,SAT_10090,19.369935730909063,187.70588848636348,98.89740945653568,170.65923471833938,-65.61976431245112,29.652998642026397,35.0,0.12328684173783369,12.490241394400318
22.953306038999983,105.64208323299985,SAT_10090,19.26632151724509,187.1230585345036,98.8841359890716,170.68651241475732,-65.7233785261151,29.607128086900886,35.0,0.1237172570616486,12.520276941197016
22.953306038999983,105.74208323299985,SAT_10004,19.16743548689378,186.56682461377753,98.87124585342842,170.71247475490384,-65.82226455646641,29.56324755986899,35.0,0.12412811864877749,12.548909242782777
22.953306038999983,105.84208323299984,SAT_10004,19.06727112325953,186.00340006833486,98.8579599466648,170.73866123123594,-65.92242892010066,29.518674247236753,35.0,0.12454463690887484,12.577897299192609
22.953306038999983,106.04208323299983,SAT_10004,19.17174925723978,186.59108957197378,98.8718128318816,170.71134494188033,-65.8179507861204,29.56516462683708,35.0,0.12411018533762246,12.54766028573954
22.953306038999983,106.14208323299982,SAT_10004,19.251446129754655,187.03938447986994,98.88221170151047,170.6904412285817,-65.73825391360553,29.600544180720544,35.0,0.1237789398245064,12.524577925919864
23.053306038999985,104.8420832329999,SAT_10090,19.800045306915194,190.12525485139795,98.95009221096308,170.54494595111873,-65.189654736445,29.84208489788596,35.0,0.12150268091957654,12.365291002292658
23.053306038999985,104.94208323299989,SAT_10090,19.754088638098793,189.86674858930573,98.94464279950897,170.5572394932531,-65.2356114052614,29.821983842263908,35.0,0.12169312026394086,12.37866263400827
23.053306038999985,105.04208323299989,SAT_10090,19.69979854201698,189.5613667988455,98.93815176379286,170.57173686325143,-65.28990150134321,29.79820606311833,35.0,0.12191815326189298,12.394452547948209
23.053306038999985,105.14208323299988,SAT_10090,19.637211018733325,189.20931198037496,98.93059579681668,170.58841590211574,-65.35248902462686,29.77075161547782,35.0,0.1221776606833556,12.412647077305587
23.053306038999985,105.24208323299987,SAT_10090,19.566367161224235,188.81081528188633,98.92194737459344,170.6072513292999,-65.42333288213595,29.73962056288293,35.0,0.12247150633996687,12.433230609379004
23.053306038999985,105.34208323299987,SAT_10090,19.48731296081364,188.36613540457674,98.91217447120556,170.62821486769238,-65.50238708254655,29.70481297738736,35.0,0.12279953769606577,12.456185654545468
23.053306038999985,105.44208323299986,SAT_10090,19.40009909262548,187.87555739601834,98.90124022064586,170.6512753812858,-65.5896009507347,29.666328939559282,35.0,0.12316158654497683,12.481492922463191
23.053306038999985,105.54208323299986,SAT_10090,19.304780683111304,187.3393913425011,98.88910251883078,170.6763990241659,-65.68491936024888,29.624168538482877,35.0,0.12355746974493816,12.509131404820915
23.053306038999985,105.64208323299985,SAT_10090,19.201417061828934,186.75797097278775,98.87571355776879,170.70354939937363,-65.78828298153125,29.578331871759957,35.0,0.12398699000865923,12.53907846390892
23.15330603899998,104.94208323299989,SAT_10090,19.678088497967877,189.4392478010693,98.93554660371328,170.57752652838684,-65.31161154539231,29.788687965085547,35.0,0.12200816001434073,12.400764822076672
23.15330603899998,105.04208323299989,SAT_10090,19.623947949069432,189.13470721351558,98.92899210202229,170.59194572520028,-65.36575209429076,29.764927830973463,35.0,0.12223266469030407,12.416501535373643
23.15330603899998,105.14208323299988,SAT_10090,19.561532090577202,188.7836180094968,98.9213618648815,170.60853514730462,-65.42816795278299,29.737493756791135,35.0,0.12249156526050209,12.434634997008994
23.15330603899998,105.24208323299987,SAT_10090,19.490881596125234,188.38620897820445,98.91262791800607,170.62726978214096,-65.49881844723495,29.706385806049,35.0,0.12278472686030693,12.45514974428269
23.15330603899998,105.34208323299987,SAT_10090,19.412041990840606,187.94273619847843,98.90275770800822,170.64812165029798,-65.57765805251958,29.671604050766582,35.0,0.1231119984292571,12.47802845455892
23.15330603899998,105.44208323299986,SAT_10090,19.325063440025318,187.4534818501424,98.89171375706867,170.67105994104338,-65.66463660333487,29.63314857147386,35.0,0.12347321337830472,12.503252020387054
23.15330603899998,105.54208323299986,SAT_10090,19.230000520145012,186.9187529258157,98.87945325639994,170.69605115902272,-65.75969952321518,29.59101945721275,35.0,0.12386819031601723,12.530799631089199
23.25330603899998,105.14208323299988,SAT_10090,19.476205541208742,188.3036561692992,98.91081021695975,170.63115570670226,-65.51349450215145,29.699916588106227,35.0,0.12284563838907508,12.459409745166338
23.25330603899998,105.24208323299987,SAT_10090,19.40576518407326,187.9074291604121,98.90197686862795,170.64977931404542,-65.58393485928693,29.668831825179737,35.0,0.12313805997394028,12.4798493104473
23.25330603899998,105.34208323299987,SAT_10090,19.327158776281905,187.46526811658572,98.89199355085472,170.67050816588295,-65.66254126707828,29.63407599622662,35.0,0.12346450967608533,12.502644587745861
23.25330603899998,105.44208323299986,SAT_10090,19.24043592454815,186.97745207558336,98.88082206965424,170.69331180789402,-65.74926411881204,29.59564918173881,35.0,0.12382482268044624,12.52777666997638
23.353306038999982,105.34208323299987,SAT_10090,19.23272632525638,186.93408557956712,98.8798340195824,170.695335715839,-65.75697371810381,29.59222889584159,35.0,0.12385686214025506,12.53001003596613
