lat,lon,beam_id,SNR_dB,throughput_Mbps,availability_pct,FSPL_dB,Pr_dBm,Gt_dBi,G_rx_dBi,L_atm_dB,L_rain_dB
7.553306039000036,111.54208323299952,SAT_10035,20.410110732415774,193.5568728698387,98.99479142711255,169.71808479657224,-64.57958931094441,29.73280059577676,35.0,0.12301556484310043,12.471289545305828
7.653306039000036,113.84208323299939,SAT_10095,19.636236348917762,189.2038294626624,98.90240536839283,169.93533806768005,-65.35346369444242,29.42057584428988,35.0,0.12648190334269105,12.712219567709575
7.653306039000036,113.94208323299938,SAT_10035,19.759899879272893,189.89943682091004,98.91801797090989,169.90221112067417,-65.2298001640873,29.471544555090254,35.0,0.12591813881632286,12.673215459687052
7.7533060390000355,114.14208323299937,SAT_10035,19.86829966205009,190.50918559903175,98.93139496288194,169.87180499466996,-65.1214003813101,29.51545518633113,35.0,0.1254333158580962,12.639617257113176
8.153306039000034,114.74208323299933,SAT_10095,20.054831139562282,191.55842516003784,98.95380843181724,169.81778074087785,-64.9348689037979,29.589951845115962,35.0,0.12460981845246111,12.582430189583562
8.353306039000033,115.2420832329993,SAT_10095,19.913984720680148,190.76616405382583,98.9369377156262,169.8575279996262,-65.07571532268004,29.53319671036352,35.0,0.12523911886265185,12.626144914554706
8.653306039000032,104.8420832329999,SAT_10094,20.828809175729077,195.91205161347608,99.04018861681541,169.59777488289183,-64.16089086763111,29.898568735329878,35.0,0.12115040752696354,12.340534312542202
8.653306039000032,104.94208323299989,SAT_10094,20.75189391770195,195.47940328707347,99.0320711225825,169.62010128697645,-64.23780612565824,29.86832765435288,35.0,0.12149199570391299,12.364540497330752
8.653306039000032,105.04208323299989,SAT_10094,20.664266943277227,194.9865015559344,99.02270637296549,169.64546332726144,-64.32543310008296,29.83378558108418,35.0,0.12188139276338886,12.391873961142318
8.653306039000032,106.5420832329998,SAT_10094,20.61862776961192,194.72978120406705,99.01777881006655,169.65864177366802,-64.37107227374827,29.815757233956457,35.0,0.12208430383619176,12.406103430200522
8.753306039000032,104.94208323299989,SAT_10094,20.769870770672384,195.58052308503215,99.0339733468398,169.614888519335,-64.2198292726878,29.875402264746658,35.0,0.12141214127862981,12.358930876820825
8.753306039000032,105.04208323299989,SAT_10094,20.68221775779692,195.0874748876077,99.02463246381302,169.64027416712588,-64.30748228556327,29.840869438549248,35.0,0.12180160236944111,12.38627595461719
8.753306039000032,105.14208323299988,SAT_10094,20.583937850833124,194.53465041093634,99.01400869599709,169.6686444292191,-64.40576219252706,29.802036841162877,35.0,0.12223858012893556,12.416916024341887
8.853306039000032,104.8420832329999,SAT_10094,20.853596185523415,196.0514785435692,99.0427756309741,169.59056697034106,-64.13610385783677,29.9082986762461,35.0,0.1210403676251887,12.33279519611663
8.853306039000032,104.94208323299989,SAT_10094,20.77666206834212,195.6187241344244,99.03468827136001,169.61291837906424,-64.21303797501807,29.8780738680571,35.0,0.12138197663367184,12.35681148737725
8.853306039000032,105.04208323299989,SAT_10094,20.68901402669819,195.12570390017734,99.0253585603331,169.63830866808695,-64.300686016662,29.843550381995172,35.0,0.12177139607680651,12.38415633449341
8.853306039000032,105.14208323299988,SAT_10066,20.641209411611186,194.85680294031292,99.02022834265694,169.65241896445065,-64.348490631749,29.82483825387332,35.0,0.12198196540735246,12.398927955764327
8.853306039000032,105.24208323299987,SAT_10066,20.626009886773573,194.77130561310133,99.01858566901605,169.6568065750375,-64.36369015658661,29.818832461005716,35.0,0.12204954388285016,12.403666498671972
8.853306039000032,114.64208323299934,SAT_10095,20.819731509738446,195.86098974227875,99.03915412298038,169.5984584569304,-64.16996853362174,29.893946289954684,35.0,0.1212032973884906,12.344253069257551
8.953306039000031,104.8420832329999,SAT_10094,20.849162954567475,196.02654161944204,99.04230778591591,169.59185659017606,-64.14053708879271,29.90655900855807,35.0,0.12106004709787628,12.334179460076848
8.953306039000031,104.94208323299989,SAT_10094,20.77226060726599,195.5939659158712,99.03421917182233,169.61419528689584,-64.2174394360942,29.876342458959538,35.0,0.12140152626033292,12.358185081897572
8.953306039000031,105.04208323299989,SAT_10066,20.73906086108454,195.40721734360054,99.03070909748554,169.62411608816916,-64.25063918227565,29.863433898664066,35.0,0.12154708985120233,12.36840990291935
8.953306039000031,105.14208323299988,SAT_10066,20.734700984362107,195.38269303703686,99.03024535495034,169.62537923231835,-64.25499905899808,29.861716752553182,35.0,0.12156645951730072,12.369770119715609
8.953306039000031,105.24208323299987,SAT_10066,20.719461041265447,195.29696835711812,99.02862191618388,169.62979302567985,-64.27023900209474,29.855712619183237,35.0,0.12163417106419906,12.374524424533929
8.953306039000031,105.34208323299987,SAT_10066,20.693356690047494,195.15013138151716,99.02583234136999,169.6373478622457,-64.2963433533127,29.845421510688187,35.0,0.12175017122544819,12.382666830529732
9.05330603900003,104.8420832329999,SAT_10094,20.833514220452457,195.93851749004506,99.04066526964299,169.5964071691398,-64.15618582290773,29.900416250470332,35.0,0.12112951830266717,12.339065385935584
9.05330603900003,104.94208323299989,SAT_10066,20.8150888838489,195.83487497165007,99.03874258340103,169.60205798477762,-64.17461115951129,29.893339763032063,35.0,0.12120942001540955,12.344683517750319
9.05330603900003,105.04208323299989,SAT_10066,20.821628760390624,195.87166177719726,99.03942956782488,169.60015779756407,-64.16807128296956,29.895908890441888,35.0,0.1211803828004559,12.342641993046932
9.05330603900003,105.14208323299988,SAT_10066,20.817258726075764,195.84708033417618,99.03897059098809,169.60142757707138,-64.17244131728442,29.89419222356303,35.0,0.12119978570516393,12.344006178070925
9.05330603900003,105.24208323299987,SAT_10066,20.801983313294414,195.7611561372811,99.03736385053136,169.60586454107894,-64.18771673006577,29.888189765865093,35.0,0.12126761332723339,12.348774341524683
9.05330603900003,105.34208323299987,SAT_10066,20.775818336836778,195.61397814470686,99.03460302263179,169.6134589826144,-64.21388170652341,29.877901529479896,35.0,0.12138381191435135,12.356940441474567
9.05330603900003,105.44208323299986,SAT_10066,20.738790784218637,195.40569816122982,99.0306771891727,169.62419434052183,-64.25090925914155,29.8633275352018,35.0,0.1215482897061348,12.368494164115399
9.15330603900003,104.8420832329999,SAT_10066,20.86914547565027,196.1389433005328,99.04439603276344,169.58633844944205,-64.12055456770992,29.91455939752005,35.0,0.12096944988062083,12.327806065907293
9.15330603900003,104.94208323299989,SAT_10066,20.886623139540987,196.23725515991808,99.04621535172863,169.5812495640827,-64.1030769038192,29.921412381910887,35.0,0.12089188305976893,12.322347838587621
9.15330603900003,105.04208323299989,SAT_10066,20.89317602680788,196.27411515079433,99.04689623318515,169.57934078262102,-64.09652401655231,29.923980785191027,35.0,0.120862803603182,12.320301215519132
9.15330603900003,105.14208323299988,SAT_10066,20.88879729755402,196.24948479874138,99.04644133336113,169.5806163055602,-64.10090274580617,29.92226460216883,35.0,0.12088223473735704,12.321668807677447
9.15330603900003,105.24208323299987,SAT_10066,20.87349152319355,196.16338981796372,99.04484887806201,169.5850733254814,-64.11620852016664,29.916263836313302,35.0,0.12095016093927269,12.32644887005927
9.15330603900003,105.34208323299987,SAT_10066,20.847274654533976,196.01591993175364,99.04211264236362,169.5927020475949,-64.14242538882621,29.905978499754173,35.0,0.1210665280356642,12.334635312949802
9.15330603900003,105.44208323299986,SAT_10066,20.81017391066922,195.80722824751436,99.03822187918846,169.6034857612673,-64.17952613269097,29.891408613282234,35.0,0.12123124354880668,12.34621774115709
9.15330603900003,105.54208323299986,SAT_10066,20.762227590319725,195.53753019554844,99.03316119535334,169.6174009614323,-64.22747245304046,29.87255420634988,35.0,0.1214441772843739,12.361181520673659
9.25330603900003,104.8420832329999,SAT_10066,20.9295576513218,196.47876178868515,99.05065908231984,169.56873519220062,-64.06014239203839,29.93823082091502,35.0,0.12070138043743454,12.308936640315354
9.25330603900003,104.94208323299989,SAT_10066,20.947063981419717,196.5772348954859,99.05246471555014,169.5636270715951,-64.04263606194047,29.945081854728265,35.0,0.12062372155761052,12.303467123516024
9.25330603900003,105.04208323299989,SAT_10066,20.953627630405364,196.61415542103018,99.05314048071155,169.56171106938055,-64.03607241295482,29.94764952695926,35.0,0.12059460754301259,12.30141626299052
9.25330603900003,105.14208323299988,SAT_10066,20.949241709181024,196.58948461414326,99.05268899876793,169.5629914178643,-64.04045833417916,29.945933832417246,35.0,0.12061406177189053,12.302786686960198
9.25330603900003,105.24208323299987,SAT_10066,20.933910822048148,196.50324837402084,99.05110851907699,169.56746528836834,-64.05578922131204,29.939934774570634,35.0,0.12068206861979229,12.307576638894531
9.25330603900003,105.34208323299987,SAT_10066,20.907651034439127,196.35553706872008,99.0483928994156,169.57512281201565,-64.08204900892106,29.929652365547117,35.0,0.1207985735597704,12.31577998889275
9.25330603900003,105.44208323299986,SAT_10066,20.870489760599213,196.14650490337058,99.04453153572683,169.58594715206843,-64.11921028276097,29.915086626133988,35.0,0.12096348351140379,12.327386273315131
9.25330603900003,105.54208323299986,SAT_10066,20.82246557287388,195.8763688474156,99.03950924020738,169.59991462671405,-64.1672344704863,29.89623758577869,35.0,0.12117666743414368,12.342380762116797
9.25330603900003,105.64208323299985,SAT_10066,20.763627935409573,195.54540713667888,99.03330606531887,169.61699488042194,-64.22607210795061,29.873105282589588,35.0,0.12143795715739897,12.360744552960865
9.25330603900003,105.74208323299985,SAT_10066,20.694036866132222,195.15395737199376,99.02589707018753,169.63715110129445,-64.29566317722796,29.84568976333702,35.0,0.12174714843685615,12.382454690833685
9.25330603900003,105.84208323299984,SAT_10066,20.613762531853737,194.70241424167727,99.01725202461847,169.66034028117554,-64.37593751150645,29.813991083454503,35.0,0.12210400222384662,12.407484311561578
9.35330603900003,104.8420832329999,SAT_10066,20.978818435123614,196.75585369757036,99.05572213641443,169.55435346671356,-64.01088160823657,29.95749906953182,35.0,0.12048288342602778,12.293544327628807
9.35330603900003,104.94208323299989,SAT_10066,20.996347302209777,196.85445357493,99.05751662570145,169.54922985842697,-63.99335274115041,29.964348134309407,35.0,0.12040515338724544,12.288065863645599
9.35330603900003,105.04208323299989,SAT_10066,21.002919412286644,196.89142169411238,99.05818822477866,169.54730804223286,-63.98678063107354,29.966915068573446,35.0,0.12037601265856007,12.28601164475557
9.35330603900003,105.14208323299988,SAT_10066,20.9985278365604,196.86671908065225,99.05773952593928,169.54859227613292,-63.99117220679979,29.965199867134025,35.0,0.1203954847402458,12.287384313060656
9.35330603900003,105.24208323299987,SAT_10066,20.983177205866227,196.78037178299752,99.05616879768954,169.55307971427428,-64.00652283749396,29.959202533458996,35.0,0.12046355392629009,12.29218210275239
9.35330603900003,105.34208323299987,SAT_10066,20.95688367811934,196.6324706894213,99.05346996504323,169.56076042792373,-64.03281636524085,29.94892307967405,35.0,0.12058016540535095,12.300398851585822
9.35330603900003,105.44208323299986,SAT_10066,20.919674825013757,196.4231708907024,99.04963254021781,169.5716174784656,-64.07002521834643,29.93436152656306,35.0,0.1207452256123893,12.312024040831492
9.35330603900003,105.54208323299986,SAT_10066,20.87158943964927,196.15269059802716,99.04464150237534,169.5856270413007,-64.11811060371092,29.91551790356862,35.0,0.1209586028264382,12.3270428631524
9.35330603900003,105.64208323299985,SAT_10066,20.81267726792302,195.821309632067,99.03847712403487,169.6027585787509,-64.17702277543717,29.89239224879284,35.0,0.1212201280068441,12.345436317472268
9.35330603900003,105.74208323299985,SAT_10066,20.74299866759972,195.42936750524842,99.03111474068456,169.62297505935743,-64.24670137576047,29.864984608998352,35.0,0.12152959585736614,12.367181329544023
9.35330603900003,105.84208323299984,SAT_10066,20.662624199963275,194.97726112479342,99.02252445890626,169.64623322030155,-64.32707584339691,29.83329503960955,35.0,0.12188676610480902,12.3922508966001
9.35330603900003,105.94208323299983,SAT_10066,20.571634159806337,194.46544214891065,99.01267079694489,169.67248386911393,-64.41806588355385,29.79732360471407,35.0,0.12229136497645551,12.420614254177535
9.35330603900003,106.04208323299983,SAT_10066,20.4701180502518,193.8944140326664,99.00151225006155,169.7016722203493,-64.51958199310839,29.757070377064508,35.0,0.12274308685849374,12.452237062965096
9.35330603900003,106.14208323299982,SAT_10080,20.36616242048936,193.30966361525265,98.9898935304683,169.73126984184998,-64.62353762287083,29.715622046626034,35.0,0.12320724821355372,12.484682579433338
9.45330603900003,104.8420832329999,SAT_10066,21.016875142771838,196.9699226780916,99.05960605891309,169.54322562726017,-63.97282490058835,29.972364104969085,35.0,0.12031413775822052,12.281649240539046
9.45330603900003,104.94208323299989,SAT_10066,21.034420304836715,197.06861421470654,99.0613918678215,169.53809035164335,-63.95527973852347,29.97921118225728,35.0,0.12023635780971535,12.276164211327687
9.45330603900003,105.04208323299989,SAT_10066,21.040998533007986,197.10561674816992,99.0620602217983,169.53616415558687,-63.9487015103522,29.981777371638174,35.0,0.1202071983420098,12.274107528061492
9.45330603900003,105.14208323299988,SAT_10066,21.036602868564735,197.0808911356766,99.06161369081073,169.53745131650035,-63.95309717479545,29.980062667922684,35.0,0.1202266829469634,12.27548184327082
9.45330603900003,105.24208323299987,SAT_10066,21.021237962346454,196.9944635381988,99.06005055827613,169.54194897555777,-63.96846208101373,29.9740670745781,35.0,0.12029479585734837,12.280285384176715
9.45330603900003,105.34208323299987,SAT_10066,20.99492004199027,196.84642523619527,99.05736480156622,169.5496471588154,-63.99478000136992,29.963790603728178,35.0,0.12041148204837092,12.288511964234328
9.45330603900003,105.44208323299986,SAT_10066,20.957676797887444,196.63693198811688,99.05354602344147,169.56052885070824,-64.03202324547274,29.949233276153443,35.0,0.12057664759126524,12.300151023326697
9.45330603900003,105.54208323299986,SAT_10066,20.909547189554118,196.3662029412419,99.04857933307835,169.5745701187923,-64.08015285380607,29.930395121291756,35.0,0.1207901602543861,12.315187696051128
9.45330603900003,105.64208323299985,SAT_10066,20.85058117527842,196.03451911094112,99.04244517434957,169.59174028782007,-64.13911886808177,29.907276177239105,35.0,0.12105185034407542,12.33360290715673
9.45330603900003,105.74208323299985,SAT_10066,20.78083936898969,195.642221450567,99.03511909793461,169.6120021605152,-64.2088606743705,29.879876490750593,35.0,0.12136151177460482,12.355373492831287
9.45330603900003,105.84208323299984,SAT_10066,20.700392629299273,195.18970853980844,99.026571472641,169.63531228174293,-64.28930741406091,29.84819611724171,35.0,0.12171890335376867,12.380472346205936
9.45330603900003,105.94208323299983,SAT_10066,20.609321586516103,194.6774339241531,99.0167671299557,169.6616212422106,-64.38037845684408,29.812235120789783,35.0,0.12212375026827137,12.408868585154993
9.45330603900003,106.04208323299983,SAT_10066,20.507716114185385,194.1059031422928,99.00566493427725,169.69087401733833,-64.4819839291748,29.771993574135692,35.0,0.12257574575097142,12.440527740221196
9.45330603900003,106.14208323299982,SAT_10080,20.4852323685044,193.97943207283726,99.00317718496707,169.69714833152244,-64.50446767485579,29.762973956233054,35.0,0.12267703888829536,12.447616260678114
9.553306039000029,104.8420832329999,SAT_10066,21.04368674811466,197.12073795814496,99.06232677952825,169.53537688012722,-63.94601329524553,29.98282589760217,35.0,0.12019528264501632,12.273267030075466
9.553306039000029,104.94208323299989,SAT_10066,21.061241876211042,197.21948555368712,99.06410631161225,169.5302338137033,-63.928458167149145,29.989670968951515,35.0,0.120117474304299,12.26777784809307
9.553306039000029,105.04208323299989,SAT_10066,21.06782384682213,197.25650913837447,99.06477231905144,169.52830469300432,-63.92187619653806,29.99223640653467,35.0,0.12008830417338588,12.26571960589503
9.553306039000029,105.14208323299988,SAT_10066,21.063425681273287,197.23176945716227,99.06432735564059,169.52959380842435,-63.9262743620869,29.990522205163373,35.0,0.12010779590473827,12.26709496292118
9.553306039000029,105.24208323299987,SAT_10066,21.048052043741748,197.14529274604732,99.0627697155983,169.534098292458,-63.94164799961844,29.984528368304368,35.0,0.12017593369062254,12.271902141774188
9.553306039000029,105.34208323299987,SAT_10066,21.021719208349715,196.99717054696714,99.0600934142232,169.54180814091575,-63.96798083501047,29.9742549080795,35.0,0.12029266236500404,12.280134939809223
9.553306039000029,105.44208323299986,SAT_10066,20.98445494462608,196.78755906352168,99.05628811986446,169.55270628675316,-64.00524509873411,29.95970184526604,35.0,0.12045788775843762,12.29178276948854
9.553306039000029,105.54208323299986,SAT_10066,20.936298323036866,196.51667806708238,99.0513390358826,169.56676872537923,-64.05340172032332,29.94086920929723,35.0,0.12067147730135647,12.30683072693997
9.553306039000029,105.64208323299985,SAT_10066,20.877299443464793,196.18480936948947,99.04522673028531,169.58396468951753,-64.1124005998954,29.91775703826307,35.0,0.1209332608679942,12.325259687772935
9.553306039000029,105.74208323299985,SAT_10066,20.8075190906102,195.79229488468238,99.03792690965167,169.6042568709683,-64.18218095274999,29.890365378911326,35.0,0.1212430318501885,12.347046428842829
9.553306039000029,105.84208323299984,SAT_10066,20.727028321284692,195.3395343072264,99.0294101327729,169.62760168595324,-64.2626717220755,29.85869428664878,35.0,0.12160054844757083,12.372163774323475
9.553306039000029,105.94208323299983,SAT_10066,20.635907989440454,194.82698244060256,99.01964145809323,169.65394958014954,-64.35379205391973,29.822743825542695,35.0,0.12200553515820715,12.400580764154675
9.553306039000029,106.04208323299983,SAT_10080,20.60561769170306,194.65659951582975,99.01635660630916,169.6625042734308,-64.38408235165713,29.81067173126213,35.0,0.12214143813207334,12.41010837135637
9.553306039000029,106.14208323299982,SAT_10080,20.593612073469075,194.58906791326356,99.01505323188114,169.66596580175866,-64.39608796989111,29.80592301476143,35.0,0.12219483063953818,12.413850352254348
9.553306039000029,106.24208323299982,SAT_10080,20.57082374989804,194.46088359317645,99.01257259097383,169.67253223762577,-64.41887629346215,29.796904402281474,35.0,0.12229618990328335,12.420952268214567
9.553306039000029,106.4420832329998,SAT_10080,20.49300156662119,194.0231338122442,99.00403487520038,169.69491696709053,-64.496698476739,29.766057571086577,35.0,0.1226424591313842,12.44519662160365
9.653306039000029,104.94208323299989,SAT_10066,21.076782881379614,197.30690370776034,99.06567109918633,169.52567815300878,-63.91291716198057,29.995727473547547,35.0,0.12004860165450322,12.262917880864833
9.653306039000029,105.04208323299989,SAT_10066,21.08336619619069,197.34393485357262,99.06633564271262,169.52374757750704,-63.9063338471695,29.99829215241996,35.0,0.12001942900557244,12.260858993076852
9.653306039000029,105.14208323299988,SAT_10066,21.078967132242127,197.31919011886197,99.06589165725006,169.52503766515574,-63.91073291111806,29.99657845801206,35.0,0.1200389224200891,12.2622347815543
9.653306039000029,105.24208323299987,SAT_10066,21.06359036028745,197.2326957766169,99.06433744379936,169.52954554412784,-63.92610968307274,29.990586393790064,35.0,0.12010706607077123,12.267043466664196
9.653306039000029,105.34208323299987,SAT_10066,21.037252177371954,197.08454349771725,99.06166704147468,169.53726119517054,-63.95244786598823,29.980315971873956,35.0,0.1202238047234192,12.275278837968216
9.653306039000029,105.44208323299986,SAT_10066,20.999980392045977,196.8748897052586,99.05787015981332,169.54816752560404,-63.98971965131421,29.965767213037825,35.0,0.12038904409242615,12.28693029465556
9.653306039000029,105.54208323299986,SAT_10066,20.951814129482315,196.60395447833804,99.05293206132835,169.5622404949092,-64.03788591387787,29.946940146710403,35.0,0.12060265144511687,12.301982914233973
9.653306039000029,105.64208323299985,SAT_10066,20.89280355937703,196.2720200214958,99.04683339200288,169.57944928998188,-64.09689648398316,29.923834810975855,35.0,0.12086445644713077,12.320417548529996
9.653306039000029,105.74208323299985,SAT_10066,20.82300955062479,195.87942872226444,99.03954995636312,169.59975654738633,-64.1666904927354,29.896451252574778,35.0,0.12117425223807055,12.342210945685773
9.653306039000029,105.84208323299984,SAT_10066,20.742503257747885,195.42658082483183,99.031052432588,169.6231186192861,-64.2471967856123,29.864789526905458,35.0,0.12153179672388746,12.367335896507779
9.653306039000029,105.94208323299983,SAT_10080,20.70444697973572,195.21251426101344,99.02699208715505,169.63395355415452,-64.28525306362447,29.849695104449765,35.0,0.12170209404378902,12.379292519875928
9.653306039000029,106.04208323299983,SAT_10080,20.703232864228127,195.20568486128323,99.02686238522416,169.63430490266293,-64.28646717913206,29.84921643638958,35.0,0.12170748943689036,12.379671223421818
9.653306039000029,106.14208323299982,SAT_10080,20.691194102259303,195.13796682520857,99.02557499973224,169.63778794298747,-64.29850594110088,29.8444691365839,35.0,0.12176099095946095,12.38342614373785
9.653306039000029,106.24208323299982,SAT_10080,20.668342979893424,195.00942926190052,99.02312483796412,169.64439513921891,-64.32135706346676,29.83545321464744,35.0,0.12186255680419426,12.3905525820911
9.653306039000029,106.34208323299981,SAT_10080,20.63470274442031,194.82020293736426,99.01950216809787,169.65411223469937,-64.35499729893988,29.82216868884045,35.0,0.12201210784087065,12.401041645240094
9.653306039000029,106.4420832329998,SAT_10080,20.59030744550111,194.57047938094377,99.01469250655575,169.6669183541256,-64.39939259785908,29.804615586069186,35.0,0.12220952811347938,12.414880301689173
9.653306039000029,106.5420832329998,SAT_10080,20.53520170405625,194.26050958531638,99.00867644912687,169.68278615202416,-64.45449833930394,29.782793941886624,35.0,0.12245466556467385,12.432051463601722
9.653306039000029,112.94208323299944,SAT_10095,20.140238769118895,192.0388430762938,98.96391884550985,169.79358279121055,-64.84946127424129,29.62425047373586,35.0,0.12422852161716512,12.555900435149427
9.753306039000028,104.94208323299989,SAT_10066,21.081026373613504,197.33077335157597,99.06609277634509,169.52443378852064,-63.90867366974668,29.997380683976036,35.0,0.12002979729652517,12.26159076790555
9.753306039000028,105.04208323299989,SAT_10066,21.087608622126332,197.3677984994606,99.06675672890215,169.5225032360227,-63.902091421233855,29.999944597226257,35.0,0.12000063031209555,12.259532152125333
9.753306039000028,105.14208323299988,SAT_10066,21.083210270675806,197.34305777255142,99.0663131382263,169.52379330829837,-63.90648977268438,29.99823141439992,35.0,0.12002011994159478,12.260907758844345
9.753306039000028,105.24208323299987,SAT_10066,21.067835989781784,197.25657744252257,99.06476030813724,169.5283011335891,-63.9218640535784,29.992241138962715,35.0,0.12008825035927916,12.265715808592729
9.753306039000028,105.34208323299987,SAT_10066,21.041502075674956,197.1084491756716,99.06209228764978,169.5360166928807,-63.94819796768523,29.981973783032824,35.0,0.12020496633630913,12.273950091501044
9.753306039000028,105.44208323299986,SAT_10066,21.004236335518634,196.8988293872923,99.05829880343038,169.5469228938984,-63.985463707841554,29.967429367381225,35.0,0.12037017359619741,12.285600007728185
9.753306039000028,105.54208323299986,SAT_10066,20.956077892537323,196.62793814552245,99.05336514260526,169.56099569669203,-64.03362215082286,29.948607921432256,35.0,0.12058373941904248,12.30065063614404
9.753306039000028,105.64208323299985,SAT_10066,20.897076913938136,196.296057640902,99.04727198362599,169.57820428888164,-64.09262312942205,29.925509483264378,35.0,0.12084549348676397,12.31908283031803
9.753306039000028,105.74208323299985,SAT_10066,20.827294265606383,195.90353024403592,99.03999517183868,169.5985113079054,-64.1624057777538,29.898134099611205,35.0,0.12115522895856336,12.340873340501059
9.753306039000028,105.84208323299984,SAT_10080,20.78152986665137,195.64610549991397,99.03517407251276,169.61161599813255,-64.20817017670882,29.880047815667645,35.0,0.12135964546255484,12.355242348781351
9.753306039000028,105.94208323299983,SAT_10080,20.79116502042558,195.7003032398939,99.03619041370766,169.60881959169868,-64.1985350229346,29.883836639107606,35.0,0.12131685405918538,12.352235216284365
9.753306039000028,106.04208323299983,SAT_10080,20.78994795008181,195.6934572192102,99.03606211599376,169.60917287393684,-64.19975209327838,29.88335811518149,35.0,0.12132225911256683,12.35261507541046
9.753306039000028,106.14208323299982,SAT_10080,20.777879909166487,195.6255744890615,99.03478867678093,169.61267507549624,-64.2118201341937,29.878612244858555,35.0,0.1213758563614648,12.35638144719456
9.753306039000028,106.24208323299982,SAT_10080,20.754973312488488,195.49672488274777,99.03236509987359,169.61931857743807,-64.2347267308717,29.869599037751694,35.0,0.12147760359876689,12.36352958758657
9.753306039000028,106.34208323299981,SAT_10080,20.721251650474457,195.30704053391884,99.02878183816057,169.62908896633462,-64.26844839288573,29.856318512117703,35.0,0.12162742093864026,12.374050517730163
9.753306039000028,106.4420832329998,SAT_10080,20.676749327794496,195.05671496884403,99.02402468361569,169.64196513805675,-64.31295071556569,29.838770694857736,35.0,0.12182519132044702,12.387931081046245
9.753306039000028,106.5420832329998,SAT_10080,20.621511428595838,194.7460017858516,99.01807460241314,169.65791944869127,-64.36818861476435,29.81695562151804,35.0,0.12207076124305434,12.405154026348063
9.753306039000028,116.44208323299924,SAT_10035,20.42827942740078,193.6590717791294,98.99683173641122,169.7128792353165,-64.5614206159594,29.740026867348238,35.0,0.12293465156298256,12.465633596428155
9.853306039000028,105.04208323299989,SAT_10066,21.08054648716086,197.32807399027982,99.06603760039992,169.5245745201095,-63.90915355619933,29.99719373766063,35.0,0.12003192380631295,12.261740849944154
9.853306039000028,105.14208323299988,SAT_10066,21.076150460301065,197.3033463391935,99.06559382372654,169.52586358859702,-63.91354958305912,29.995481071032987,35.0,0.12005140417933692,12.263115661315746
9.853306039000028,105.24208323299987,SAT_10066,21.06078430012404,197.21691168819774,99.06404034210493,169.53036790874665,-63.928915743236146,29.98949260052477,35.0,0.1201195022547809,12.267920932759479
9.853306039000028,105.34208323299987,SAT_10066,21.03446427829288,197.06886156539744,99.0613712006136,169.53807747709538,-63.95523576506731,29.979228338252387,35.0,0.12023616288271755,12.276150463341589
9.853306039000028,105.44208323299986,SAT_10066,20.997218160146126,196.85935215082196,99.05757611912401,169.5489752278358,-63.99248188321406,29.964688304983795,35.0,0.12040129192110724,12.287793668440951
9.853306039000028,105.54208323299986,SAT_10066,20.94908501026697,196.5886031827517,99.05264037503085,169.56303715811111,-64.04061503309322,29.945872530139034,35.0,0.12061475683876934,12.302835648282379
9.853306039000028,105.64208323299985,SAT_10066,20.890114921019276,196.25689643073343,99.04654463400523,169.58023250285564,-64.09958512234091,29.922781051791024,35.0,0.12087638755886133,12.321257283717436
9.853306039000028,105.74208323299985,SAT_10080,20.8367177763009,195.9565374916926,99.04097114272015,169.5955859569364,-64.15298226705929,29.901733691198743,35.0,0.12111458779299092,12.33801541352865
9.853306039000028,105.84208323299984,SAT_10080,20.85723808146156,196.07196420822126,99.04311567096376,169.5896176029352,-64.13246196189863,29.909787406066584,35.0,0.12102349463400741,12.331608270396014
9.853306039000028,105.94208323299983,SAT_10080,20.866893426343566,196.12627552318258,99.0441224311143,169.5868078390384,-64.12280661701662,29.913575078085465,35.0,0.12098063772476113,12.328593218338924
9.853306039000028,106.04208323299983,SAT_10080,20.865673804412296,196.1194151498192,99.04399534239906,169.58716280926038,-64.12402623894789,29.913096699582457,35.0,0.12098605105602024,12.328974078213955
9.853306039000028,106.14208323299982,SAT_10080,20.85358048061721,196.05139020347184,99.04273391055266,169.59068173688794,-64.13611956274298,29.908352271526635,35.0,0.12103973033125665,12.33275036705041
9.853306039000028,106.24208323299982,SAT_10080,20.83062598260959,195.92227115217895,99.04033322217921,169.5973569301346,-64.1590740607506,29.899341803529115,35.0,0.12114163299397458,12.339917301151136
9.853306039000028,106.34208323299981,SAT_10080,20.79683401391732,195.73219132828493,99.03678388861562,169.60717383802893,-64.19286602944287,29.886065313843297,35.0,0.12129167849803928,12.35046582675919
9.853306039000028,106.4420832329998,SAT_10080,20.752239290348086,195.48134600820796,99.03207193819081,169.62011115568924,-64.2374607530121,29.868522829365343,35.0,0.12148974881755724,12.36438267787065
9.853306039000028,106.5420832329998,SAT_10080,20.696887302004427,195.1699910737749,99.02617865474559,169.63614097739412,-64.29281274135576,29.846714385634897,35.0,0.12173568918983863,12.381650460406696
9.853306039000028,106.6420832329998,SAT_10080,20.630834004355947,194.79844127450218,99.01908035917432,169.65522899514826,-64.35886603900424,29.820640026836024,35.0,0.12202930908209914,12.402247761609905
9.953306039000028,105.14208323299988,SAT_10066,21.057795413052986,197.20009919842306,99.06373124540958,169.5312437642181,-63.9319046303072,29.988327433392072,35.0,0.12013274900062537,12.268855550480557
9.953306039000028,105.24208323299987,SAT_10066,21.04244298293772,197.11374177902468,99.06217507147417,169.53574114071137,-63.947257060422466,29.982340783953486,35.0,0.12020079568894598,12.273655907975645
9.953306039000028,105.34208323299987,SAT_10066,21.016146442187903,196.96582373730698,99.0595012960042,169.54343884101135,-63.973553601172284,29.972079643003827,35.0,0.12031736840419746,12.281877034760562
9.953306039000028,105.44208323299986,SAT_10066,20.978933474117838,196.75650079191283,99.05569960808268,169.55431985168272,-64.01076656924235,29.957544031308103,35.0,0.120482373263443,12.293508375604285
9.953306039000028,105.54208323299986,SAT_10066,20.930843028309894,196.48599203424317,99.05075524092868,169.5683602432659,-64.0588570150503,29.938733978282176,35.0,0.12069567809922996,12.308535071967347
9.953306039000028,105.64208323299985,SAT_10066,20.87192505035253,196.154578408233,99.044648802052,169.5855293443211,-64.11777499300766,29.91564952199355,35.0,0.12095711329971566,12.326938057380403
9.953306039000028,105.74208323299985,SAT_10080,20.901324753540564,196.31995173866568,99.04769575415565,169.57678031302333,-64.08837528981962,29.92707260680731,35.0,0.12082783353059631,12.317839750073013
9.953306039000028,105.84208323299984,SAT_10080,20.921880931588817,196.4355802401871,99.04982299648009,169.57078786869178,-64.06781911177137,29.93512385171529,35.0,0.12073662520132084,12.311418469593553
9.953306039000028,105.94208323299983,SAT_10080,20.931553183082315,196.48998665483802,99.05082165281586,169.56796675210856,-64.05814686027787,29.938910362109446,35.0,0.12069371401762684,12.308396756261132
9.953306039000028,106.04208323299983,SAT_10080,20.930331424608895,196.48311426342502,99.05069558669538,169.56832315697392,-64.0593686187513,29.938432130318255,35.0,0.12069913420756351,12.308778457888067
9.953306039000028,106.14208323299982,SAT_10080,20.918216930840472,196.41497023597768,99.04944431087466,169.57185630029088,-64.07148311251972,29.93368915731061,35.0,0.12075288144459909,12.312563088094851
9.953306039000028,106.24208323299982,SAT_10080,20.895222325650522,196.2856255817842,99.04706298179451,169.57855842808584,-64.09447771770967,29.924681452695875,35.0,0.12085491287522308,12.319745829444479
9.953306039000028,106.34208323299981,SAT_10080,20.86137149427482,196.09521465529588,99.04354234442823,169.5884148719767,-64.12832854908537,29.911409034724134,35.0,0.12100514739198155,12.330317564440808
9.953306039000028,106.4420832329998,SAT_10080,20.81669941781142,195.84393422518926,99.03886862643719,169.60140415572204,-64.17300062554877,29.89387193028666,35.0,0.1212034661484477,12.344264933964944
9.953306039000028,106.5420832329998,SAT_10080,20.761251932480718,195.53204212020404,99.03302337954769,169.61749815013553,-64.22844811087947,29.872070174916622,35.0,0.12144971330956739,12.361570422350983
9.953306039000028,106.6420832329998,SAT_10080,20.695085417141,195.15985547141815,99.02598326498607,169.636662274032,-64.29461462621919,29.84600381279005,35.0,0.12174369702790623,12.38221246794934
10.053306039000027,105.04208323299989,SAT_10066,21.032551704699976,197.05810333893737,99.06116431478796,169.53863742187616,-63.95714833866021,29.9784821361158,35.0,0.12024464106238611,12.276748411837467
10.053306039000027,105.14208323299988,SAT_10066,21.028165133058756,197.03342887345553,99.06071841296264,169.53992153686607,-63.96153491030143,29.976770515732913,35.0,0.12026408660340303,12.278119802564863
10.053306039000027,105.24208323299987,SAT_10066,21.01283199775883,196.94717998739344,99.0591574857324,169.54440855978095,-63.97686804560136,29.970785703501107,35.0,0.12033206299931826,12.282913126322198
10.053306039000027,105.34208323299987,SAT_10066,20.986568450787146,196.7994475356777,99.05647552851427,169.55208856372207,-64.00313159257304,29.960527711533395,35.0,0.12044851547668547,12.291122224907683
10.053306039000027,105.44208323299986,SAT_10066,20.949402053737117,196.59038655227127,99.05266217533487,169.56294461319632,-64.04029798962307,29.945996560591908,35.0,0.12061335053494303,12.302736586483713
10.053306039000027,105.54208323299986,SAT_10066,20.901371585530214,196.32021516860746,99.04770258039736,169.5769528879808,-64.08832845782997,29.927192280088445,35.0,0.12082643654343883,12.317741413394169
10.053306039000027,105.64208323299985,SAT_10080,20.923342738086475,196.44380290173643,99.04996887764031,169.57036156374826,-64.06635730527371,29.935696197221446,35.0,0.12073013966079997,12.310961799086092
10.053306039000027,105.74208323299985,SAT_10080,20.954805258125262,196.6207795769546,99.05321103346316,169.56118084800383,-64.03489478523493,29.948008348859073,35.0,0.12059056835880834,12.30113171773137
10.053306039000027,105.84208323299984,SAT_10080,20.97539016693908,196.7365696890323,99.05532401715573,169.55516867814353,-64.01430987642111,29.956057102116723,35.0,0.120499269232381,12.294699031161912
10.053306039000027,105.94208323299983,SAT_10080,20.985075959724156,196.79105227344837,99.0563159888597,169.55233826573846,-64.00462408363603,29.95984244068513,35.0,0.120456315256924,12.291671943325772
10.053306039000027,106.04208323299983,SAT_10080,20.983852489969934,196.7841702560809,99.05619076625318,169.55269584532277,-64.00584755339025,29.959364356894127,35.0,0.12046174085458286,12.29205432410703
10.053306039000027,106.14208323299982,SAT_10080,20.97172104032829,196.71593085184668,99.05494786787307,169.55624062873508,-64.0179790030319,29.954622851712447,35.0,0.12051554167428256,12.295845684334973
10.053306039000027,106.24208323299982,SAT_10080,20.948694313646726,196.58640551426285,99.05258250765722,169.5629648108956,-64.04100572971346,29.945617934747737,35.0,0.12061767461955471,12.30304117894603
10.053306039000027,106.34208323299981,SAT_10080,20.914796344294217,196.395729436655,99.04908554060019,169.57285362693412,-64.07490369906597,29.932349624246825,35.0,0.12076805812379303,12.313631638254888
10.053306039000027,106.4420832329998,SAT_10080,20.870062331091745,196.14410061239107,99.0444433584644,169.58588545979177,-64.11963771226844,29.914817947096193,35.0,0.12096657266939956,12.327603626903473
10.053306039000027,106.5420832329998,SAT_10080,20.814538394304563,195.83177846796315,99.03863773350123,169.60203199665446,-64.17516164905562,29.893022938822686,35.0,0.12121306154418636,12.344939529679657
10.053306039000027,106.6420832329998,SAT_10080,20.748281260227202,195.45908208877802,99.0316456070801,169.6212584318621,-64.24141878313299,29.866964643594443,35.0,0.12150733182545115,12.365617663039886
10.153306039000027,104.64208323299991,SAT_10066,20.89998033805128,196.31238940153847,99.04755348763796,169.57735829676676,-64.08971970530891,29.926647167694583,35.0,0.1208326099226221,12.318175966314104
10.153306039000027,104.8420832329999,SAT_10066,20.96763665930338,196.6929562085815,99.05453013557663,169.55762019145402,-64.0220633840568,29.953128001238003,35.0,0.12053247327434147,12.297038720566444
10.153306039000027,104.94208323299989,SAT_10066,20.98511724576585,196.79128450743292,99.05632125095319,169.55251271827225,-64.00458279759434,29.959960649747938,35.0,0.12045495078719011,12.291575778282843
10.153306039000027,105.04208323299989,SAT_10066,20.99167124517335,196.82815075410008,99.0569915893216,169.55059695909597,-63.99802879818684,29.96252143142539,35.0,0.12042588789834702,12.289527382617909
10.153306039000027,105.14208323299988,SAT_10066,20.987291771780804,196.80351621626704,99.05654373264767,169.55187714515995,-64.00240827157938,29.960810341086578,35.0,0.12044530796500963,12.290896159541008
10.153306039000027,105.24208323299987,SAT_10066,20.97198342764844,196.71740678052245,99.05497595633439,169.5563504485034,-64.01771661571175,29.95482738219525,35.0,0.12051319537679826,12.295680354026805
10.153306039000027,105.34208323299987,SAT_10066,20.945762270396443,196.56991277098,99.05228220963495,169.56400700274696,-64.04393777296374,29.944572566862796,35.0,0.12062949565579993,12.303873841423782
10.153306039000027,105.44208323299986,SAT_10066,20.908655700958533,196.36118831789176,99.0484520467657,169.57482997540535,-64.08104434240165,29.930045915848552,35.0,0.12079411580502429,12.315466167039832
10.153306039000027,105.54208323299986,SAT_10080,20.923255954979325,196.4433147467587,99.04995477273573,169.57038687282036,-64.06644408838086,29.93566221951418,35.0,0.12073052468607925,12.310988910388598
10.153306039000027,105.64208323299985,SAT_10080,20.96560712873257,196.6815400991207,99.05431504925866,169.55802652473065,-64.02409291462762,29.952232568635516,35.0,0.1205426576463198,12.297756300886158
10.153306039000027,105.74208323299985,SAT_10080,20.997102327995407,196.85870059497415,99.05753977591739,169.54882253458746,-63.99259771536478,29.964540875629574,35.0,0.12040298580023104,12.28791307060667
10.153306039000027,105.84208323299984,SAT_10080,21.017708682401192,196.97461133850672,99.05964142771778,169.5427950962862,-63.971991360958995,29.972587115551917,35.0,0.1203116206931652,12.28147175953155
10.153306039000027,105.94208323299983,SAT_10080,21.027404583685524,197.02915078323107,99.0606280868708,169.53995748845702,-63.962295459674664,29.976371272096124,35.0,0.12026863561766929,12.278440607696087
10.153306039000027,106.04208323299983,SAT_10080,21.026179836439972,197.02226157997487,99.06050353463985,169.54031597733348,-63.963520206920215,29.975893337593366,35.0,0.1202740651456751,12.278823502034424
10.153306039000027,106.14208323299982,SAT_10080,21.014035729501316,196.9539509784449,99.05926729415268,169.54386977074424,-63.97566431385887,29.971153313012202,35.0,0.12032790490716729,12.282619951219662
10.153306039000027,106.24208323299982,SAT_10080,20.99098502691683,196.8242907764072,99.05691462500775,169.55061102393654,-63.998715016443356,29.96215120795861,35.0,0.12043011161818429,12.289825088847246
10.153306039000027,106.34208323299981,SAT_10080,20.95705187862299,196.63341681725433,99.05343646957073,169.56052489713815,-64.0326481647372,29.948887040676233,35.0,0.12058060335778979,12.30042970491748
10.153306039000027,106.4420832329998,SAT_10080,20.91227165215747,196.3815280433858,99.04881934991907,169.57358966397717,-64.07742839120272,29.931360838046857,35.0,0.12077926009044655,12.314420305181955
10.153306039000027,106.5420832329998,SAT_10080,20.85669068788428,196.0688851193491,99.04304521342144,169.5897768691018,-64.1330093554759,29.90957263559113,35.0,0.12102592442709814,12.331779197538147
10.153306039000027,106.6420832329998,SAT_10080,20.790365981303736,195.6958086448335,99.03609122389867,169.60905153261493,-64.19933406205645,29.883522477469484,35.0,0.12132040261529488,12.352484604295709
10.153306039000027,106.74208323299979,SAT_10080,20.713364797019352,195.26267698323386,99.02792949417102,169.63137239827302,-64.27633524634084,29.853210416483297,35.0,0.1216624657459478,12.376510798805159
10.253306039000027,103.94208323299995,SAT_10035,20.826575040588864,195.89948460331237,99.03986929536902,169.59792203225868,-64.16312500277132,29.897419562044334,35.0,0.12116355764346329,12.341458974913518
10.253306039000027,104.04208323299994,SAT_10035,20.826280357520048,195.89782701105025,99.03983841458322,169.59800768245285,-64.16341968584014,29.897303839558443,35.0,0.12116486608319071,12.341550976862546
10.253306039000027,104.64208323299991,SAT_10066,20.84807965463277,196.02044805730932,99.04214888152723,169.5924679094796,-64.14162038872742,29.906294442709513,35.0,0.12106295459569084,12.334383967361632
10.253306039000027,104.7420832329999,SAT_10066,20.887270070328242,196.24089414559634,99.04623012417936,169.58106114015646,-64.10242997303195,29.921665970151814,35.0,0.1208890121403469,12.322145790886957
10.253306039000027,104.8420832329999,SAT_10066,20.915603046937775,196.400267139025,99.04916571933711,169.5728047034442,-64.07409699642241,29.932767001881167,35.0,0.12076329100765516,12.313296003851718
10.253306039000027,104.94208323299989,SAT_10066,20.933049162243734,196.498401537621,99.05096711383106,169.56771666664667,-64.05665088111645,29.939597515421017,35.0,0.12068589112068538,12.307845838770106
10.253306039000027,105.04208323299989,SAT_10066,20.939590224002103,196.53519501001185,99.05164129515074,169.565808203727,-64.05010981935808,29.942157496941704,35.0,0.12065687423805262,12.305802238334744
10.253306039000027,105.14208323299988,SAT_10066,20.935219396535388,196.51060910551155,99.05119087122716,169.5670835137883,-64.0544806468248,29.940446941260127,35.0,0.12067626356032508,12.307167810736294
10.253306039000027,105.24208323299987,SAT_10066,20.919941248437524,196.42466952246107,99.0496141001215,169.57153979034757,-64.06975879492266,29.934465851839587,35.0,0.1207440435818134,12.311940812832873
10.253306039000027,105.34208323299987,SAT_10066,20.893771720681855,196.27746592883543,99.04690487020015,169.57916724187731,-64.09592832267833,29.92421424078988,35.0,0.12086016018964596,12.320115161401244
10.253306039000027,105.44208323299986,SAT_10080,20.9010751245751,196.31854757573495,99.04765515034771,169.57685305700318,-64.08862491878509,29.92697480216836,35.0,0.12082894122753363,12.317917722722742
10.253306039000027,105.54208323299986,SAT_10080,20.954274104770917,196.61779183933643,99.05314550447363,169.56133592244,-64.03542593858927,29.94780059645731,35.0,0.12059292434149248,12.30129768826508
10.253306039000027,105.64208323299985,SAT_10080,20.996653919846494,196.85617829913656,99.05748807704813,169.5489536469076,-63.99304612351369,29.96436572498408,35.0,0.12040497412443878,12.288053227465742
10.253306039000027,105.74208323299985,SAT_10080,21.028170518524156,197.03345916669838,99.06069975498978,169.53973328809047,-63.96152952483603,29.976670154171295,35.0,0.12026524011432717,12.278201150802534
10.253306039000027,105.84208323299984,SAT_10080,21.048790920150992,197.14944892584933,99.06279292296992,169.5336951115517,-63.940909123209195,29.98471385907877,35.0,0.1201738341927964,12.27175403654346
10.253306039000027,105.94208323299983,SAT_10080,21.05849344375204,197.20402562110522,99.06377560480017,169.5308524431853,-63.931206599608146,29.988496823402876,35.0,0.12013082987384113,12.268720149951879
10.253306039000027,106.04208323299983,SAT_10080,21.05726785955389,197.19713170999066,99.06365155445576,169.53121157156684,-63.9324321838063,29.98801903947609,35.0,0.12013626183398306,12.26910338988156
10.253306039000027,106.14208323299982,SAT_10080,21.04511546073897,197.12877446665672,99.06242029850466,169.53477170169978,-63.94458458262122,29.98328050826681,35.0,0.12019012568998164,12.272903263498252
10.253306039000027,106.24208323299982,SAT_10080,21.022049054366768,196.99902593081308,99.06007713076221,169.54152496086783,-63.96765098899342,29.974281239379366,35.0,0.12029237802695597,12.280114889477995
10.253306039000027,106.34208323299981,SAT_10080,20.988092871592002,196.808022402705,99.05661305906787,169.55145645650788,-64.00160717176819,29.961021251054287,35.0,0.12044293667655429,12.290729029638047
10.253306039000027,106.4420832329998,SAT_10080,20.943282398519997,196.555963491675,99.0520147031554,169.56454438520535,-64.04641764484019,29.943500570168776,35.0,0.12064168124158009,12.304732148562044
10.253306039000027,106.5420832329998,SAT_10080,20.88766413018712,196.24311073230254,99.0462641416259,169.5807601911515,-64.10203591317307,29.921719232237404,35.0,0.12088845386034054,12.32210650039863
10.253306039000027,106.6420832329998,SAT_10080,20.82129525126622,195.86978578837252,99.03933870500798,169.60006877165682,-64.16840479209397,29.89567728141306,35.0,0.12118306020099359,12.342830241649205
10.253306039000027,106.74208323299979,SAT_10080,20.74424324810144,195.4363682705706,99.03121071075937,169.6224287266473,-64.24545679525875,29.865374770488106,35.0,0.12152527067340414,12.366877568426132
10.353306039000026,103.94208323299995,SAT_10035,20.74471580110246,195.43902638120133,99.03123448098904,169.6216803766782,-64.24498424225773,29.86523183510699,35.0,0.12152713589274843,12.36700856479377
10.353306039000026,104.04208323299994,SAT_10035,20.74442197144255,195.4373735893643,99.03120330772157,169.62176553257905,-64.24527807191764,29.865116149035273,35.0,0.12152844133642324,12.367100247037444
10.353306039000026,104.54208323299991,SAT_10066,20.73517339940078,195.3853503716294,99.03025156630312,169.6252423735413,-64.25452664395941,29.86190282554044,35.0,0.12156436068430891,12.369622735274225
10.353306039000026,104.64208323299991,SAT_10066,20.78506570449227,195.665994587769,99.03553210419193,169.61077571483185,-64.20463433886792,29.881538625214976,35.0,0.12134274180143449,12.354054507449607
10.353306039000026,104.7420832329999,SAT_10066,20.824165565267236,195.88593130462823,99.03964250760423,169.5994206007444,-64.16553447809295,29.89690530662013,35.0,0.1211691197039647,12.341850064264712
10.353306039000026,104.8420832329999,SAT_10066,20.8524328815311,196.04493495861243,99.04259901488562,169.59120163742278,-64.13726716182909,29.908002838635795,35.0,0.12104363075238177,12.333024732289717
10.353306039000026,104.94208323299989,SAT_10066,20.86983848541152,196.1428414804398,99.04441321577492,169.58613672897928,-64.11986155794867,29.91483119878827,35.0,0.12096637407279544,12.327589653684859
10.353306039000026,105.04208323299989,SAT_10066,20.87636434232354,196.17954942556992,99.04509218484826,169.58423694819248,-64.11333570103665,29.917390373249667,35.0,0.12093741093027685,12.32555171516356
10.353306039000026,105.14208323299988,SAT_10066,20.872003675907578,196.15502067698014,99.0446385625109,169.5855064560899,-64.11769636745261,29.91568035683753,35.0,0.12095676433979498,12.32691350386045
10.353306039000026,105.24208323299987,SAT_10066,20.856761015108106,196.06928070998308,99.04305058513494,169.5899424716394,-64.13293902825208,29.909701153014726,35.0,0.12102441891971402,12.331673290707682
10.353306039000026,105.34208323299987,SAT_10080,20.856857691169296,196.06982451282727,99.04305374516605,169.58972827921042,-64.13284235219089,29.909638159910106,35.0,0.12102518312500608,12.331727049765568
10.353306039000026,105.44208323299986,SAT_10080,20.92084083670055,196.4297297064406,99.0496950594654,169.5710911769641,-64.06885920665964,29.934716603996034,35.0,0.12074123979349781,12.311743393898071
10.353306039000026,105.54208323299986,SAT_10080,20.974056457925812,196.7290675758327,99.05517032341305,169.55555834285303,-64.01564358543438,29.955535778791276,35.0,0.12050518413091939,12.29511583724169
10.353306039000026,105.64208323299985,SAT_10080,21.016449632651316,196.96752918366363,99.05950101380245,169.54316349914114,-63.97325041070887,29.97209564208742,35.0,0.12031720270012627,12.281865350955025
10.353306039000026,105.74208323299985,SAT_10080,21.047976225967275,197.14486627106592,99.06270393425896,169.53393375820585,-63.94172381739291,29.984396160312702,35.0,0.1201774452908325,12.272008774208931
10.353306039000026,105.84208323299984,SAT_10080,21.068603194346117,197.26089296819694,99.064791408562,169.5278894267454,-63.92109684901407,29.992437308531112,35.0,0.12008602397361187,12.265558706826177
10.353306039000026,105.94208323299983,SAT_10080,21.078308815359456,197.31548708639693,99.06577142116038,169.52504385778195,-63.91139122800073,29.996219070441736,35.0,0.12004301238686954,12.262523428273647
10.353306039000026,106.04208323299983,SAT_10080,21.077082839641214,197.30859097298185,99.06564770763711,169.52540335271533,-63.91261720371897,29.99574143837833,35.0,0.12004844526588514,12.262906844116088
10.353306039000026,106.14208323299982,SAT_10080,21.064926562852357,197.24021191604453,99.06441979687891,169.52896711492644,-63.92477348050783,29.991004413309142,35.0,0.12010231821998828,12.266708460670538
10.353306039000026,106.24208323299982,SAT_10080,21.041852816573254,197.11042209322454,99.06208300576333,169.53572725564985,-63.947847226786934,29.98200800483689,35.0,0.12020458776074829,12.273923388213223
10.353306039000026,106.34208323299981,SAT_10080,21.007885878263394,196.9193580652316,99.05862838626162,169.54566885202075,-63.98181416509679,29.968752231199055,35.0,0.12035517158081298,12.284542372694284
10.353306039000026,106.4420832329998,SAT_10080,20.963061301623043,196.6672198216296,99.05404262393608,169.558770056405,-64.02663874173714,29.951237119268345,35.0,0.12055394907979333,12.2985518555207
10.353306039000026,106.5420832329998,SAT_10080,20.907425669863898,196.3542693929844,99.04830788585839,169.57500225533593,-64.08227437349629,29.929462704553405,35.0,0.12080076213043672,12.31593406058333
10.353306039000026,106.6420832329998,SAT_10080,20.841036275497487,195.9808290496734,99.041401614957,169.5943302756475,-64.1486637678627,29.90342903119974,35.0,0.12109541607533168,12.336667107339593
10.353306039000026,106.74208323299979,SAT_10080,20.763960731263765,195.54727911335868,99.03329626668277,169.61671263471814,-64.22573931209642,29.873136151990877,35.0,0.12143768094161292,12.36072514842755
10.353306039000026,106.84208323299978,SAT_10080,20.67627651772166,195.05405541218437,99.0239589826217,169.64210183114278,-64.31342352563853,29.83858412834976,35.0,0.12182729285863737,12.388078529986872
10.453306039000026,104.54208323299991,SAT_10066,20.661244116783394,194.9694981569066,99.02235037445702,169.64663200336017,-64.3284559265768,29.832750210187402,35.0,0.12189290080382244,12.392681232600209
10.453306039000026,104.64208323299991,SAT_10066,20.711004601668265,195.249400884384,99.02767622571054,169.6322411574661,-64.27869544169192,29.852379764554154,35.0,0.12167174658048041,12.377162302199505
10.453306039000026,104.7420832329999,SAT_10066,20.7500007517082,195.46875422835862,99.03182176121972,169.6209457263074,-64.23969929165199,29.86774155848366,35.0,0.12149848984505482,12.36499663398318
10.453306039000026,104.8420832329999,SAT_10066,20.778192867300888,195.6273348785675,99.03480346215736,169.6127700591242,-64.2115071760593,29.878835560859674,35.0,0.12137326570006372,12.356199412094721
10.453306039000026,104.94208323299989,SAT_10066,20.79555207302616,195.72498041077213,99.03663309112333,169.60773187239855,-64.19414797033403,29.885661749211263,35.0,0.12129617235451118,12.350781674792245
10.453306039000026,105.04208323299989,SAT_10066,20.80206051557343,195.76159040010057,99.03731782802623,169.60584212257515,-64.18763952778676,29.888220109712247,35.0,0.12126727050553987,12.348750244418309
10.453306039000026,105.14208323299988,SAT_10066,20.79771148678472,195.73712711316406,99.03686035254803,169.6071049269063,-64.19198855657547,29.886510637180812,35.0,0.12128658295455058,12.350107683895427
10.453306039000026,105.24208323299987,SAT_10080,20.790707090171495,195.69772738221465,99.03611594337671,169.60895251810837,-64.1989929531887,29.883656593675916,35.0,0.12131888773826148,12.352378141017974
10.453306039000026,105.34208323299987,SAT_10080,20.865388649492175,196.1178111533935,99.04393840940747,169.5872458012222,-64.12431139386801,29.912984849148557,35.0,0.12098731673243843,12.32906312506194
10.453306039000026,105.44208323299986,SAT_10080,20.929368631308293,196.47769855110917,99.05057020965282,169.56860400706483,-64.0603314120519,29.938055251902824,35.0,0.12070340556352212,12.30907925132636
10.453306039000026,105.54208323299986,SAT_10080,20.982581671045224,196.77702189962937,99.05603767463899,169.55306724712895,-64.00711837231496,29.958867751100883,35.0,0.1204673764797798,12.292451499807115
10.453306039000026,105.64208323299985,SAT_10080,21.024972821816277,197.01547212271657,99.06036222501008,169.5406692606083,-63.96472722154391,29.97542230454123,35.0,0.1202794161109144,12.279200849365923
10.453306039000026,105.74208323299985,SAT_10080,21.056497928757885,197.19280084926314,99.06356062066143,169.53143717356613,-63.9332021146023,29.98771887865758,35.0,0.1201396743004784,12.269344145393266
10.453306039000026,105.84208323299984,SAT_10080,21.077123933340296,197.30882212503917,99.06564515341422,169.5253913029929,-63.91257611001989,29.995757448518003,35.0,0.12004826315942459,12.262893992385589
10.453306039000026,105.94208323299983,SAT_10080,21.08682910324248,197.36341370573894,99.06662378706328,169.522545008699,-63.90287094011771,29.99953799782425,35.0,0.12000525635273605,12.25985867289021
10.453306039000026,106.04208323299983,SAT_10080,21.085603184422673,197.35651791237754,99.06650024754249,169.5229045952931,-63.904096858937514,29.999060518911328,35.0,0.12001068862824191,12.260242093927495
10.453306039000026,106.14208323299982,SAT_10080,21.073447473132823,197.28814203637216,99.06527406495492,169.5264692657506,-63.916252570227364,29.994325012747318,35.0,0.12006455559368497,12.264043761630399
10.453306039000026,106.24208323299982,SAT_10080,21.050374806805927,197.15835828828335,99.0629405682777,169.5332311272895,-63.93932523655426,29.98533148893338,35.0,0.12016681374492524,12.27125878445322
10.453306039000026,106.34208323299981,SAT_10080,21.0164094739509,196.9673032909738,99.05949083263938,169.54317524946333,-63.973290569409286,29.972079965704015,35.0,0.12031738074491356,12.281877904905054
10.453306039000026,106.4420832329998,SAT_10080,20.971587044396983,196.71517712473303,99.05491157815382,169.55627977357312,-64.0181129989632,29.95457046992754,35.0,0.12051613594982957,12.295887559367793
10.453306039000026,106.5420832329998,SAT_10080,20.915954122391952,196.40224193845475,99.0491850183449,169.57251607172535,-64.07374592096824,29.932803037106783,35.0,0.12076292117562182,12.313269965174042
10.453306039000026,106.6420832329998,SAT_10080,20.84956802616989,196.02882014720566,99.0422886551844,169.59184895311978,-64.1401320171903,29.906777711380048,35.0,0.12105754169518584,12.334003233755382
10.453306039000026,106.74208323299979,SAT_10080,20.77249639861266,195.59529224219622,99.03419501664918,169.61423691448067,-64.21720364474753,29.876494545522224,35.0,0.1213997674536395,12.358061508335439
10.453306039000026,106.84208323299978,SAT_10080,20.684816754534992,195.10209424425932,99.02487133145173,169.63963243094284,-64.3048832888252,29.841953600946205,35.0,0.12178933448665596,12.385415124341899
10.453306039000026,106.94208323299978,SAT_10080,20.586615970879137,194.54971483619514,99.01427913415542,169.66798228320738,-64.40308407248105,29.803154947704492,35.0,0.12222594652464974,12.416030790453512
10.453306039000026,107.14208323299977,SAT_10080,20.359041900529846,193.2696106904804,98.98910394439933,169.7333058255237,-64.63065814283034,29.712784838643245,35.0,0.12323896978358732,12.486898186166297
10.453306039000026,107.24208323299976,SAT_10080,20.229883932125574,192.54309711820636,98.97441083797202,169.77014796308032,-64.75981611123461,29.661213566144404,35.0,0.12381464358918369,12.527067070709514
10.553306039000026,104.94208323299989,SAT_10066,20.710267522827607,195.2452548159053,99.02759476239775,169.63245450656302,-64.27943252053258,29.85208922483103,35.0,0.12167502184280275,12.37739221695779
10.553306039000026,105.04208323299989,SAT_10066,20.71675640754779,195.28175479245633,99.02828629020006,169.63057609413326,-64.2729436358124,29.854646764471873,35.0,0.12164618863362683,12.375368117517393
10.553306039000026,105.14208323299988,SAT_10066,20.71242044881558,195.25736502458764,99.02782427813378,169.63183132183343,-64.27727959454461,29.852937840431476,35.0,0.12166545521284124,12.376720657929818
10.553306039000026,105.24208323299987,SAT_10080,20.788044475294,195.68275017352877,99.03583170171835,169.60972537020396,-64.20165556806619,29.882609676004858,35.0,0.12133071261083413,12.353209161256247
10.553306039000026,105.34208323299987,SAT_10080,20.862695548687398,196.1026624613666,99.0436533500749,169.5880295645561,-64.12700449467279,29.911928445378148,35.0,0.12099927034727208,12.329904105147563
10.553306039000026,105.44208323299986,SAT_10080,20.92664933118688,196.46240248792623,99.05028446639783,169.56939718460922,-64.06305071217331,29.93699073923511,35.0,0.12071546968905185,12.309928797110159
10.553306039000026,105.54208323299986,SAT_10080,20.979840522486086,196.76160293898425,99.05575137390129,169.55386830174166,-64.0098595208741,29.957796506746035,35.0,0.12047953267218238,12.293308193206295
10.553306039000026,105.64208323299985,SAT_10080,21.022214230069437,196.99995504414056,99.06007548737314,169.54147662118197,-63.96748581329075,29.97434570571616,35.0,0.12029164574713366,12.28006325207781
10.553306039000026,105.74208323299985,SAT_10080,21.053726342994338,197.17721067934318,99.0632735621859,169.53224924153722,-63.93597370036585,29.98663830258457,35.0,0.12015195861290087,12.270210802800298
10.553306039000026,105.84208323299984,SAT_10080,21.074343835745587,197.29318407606894,99.06535788687717,169.52620645914908,-63.9153562076146,29.994674272423307,35.0,0.12006058327190258,12.26376343761693
10.553306039000026,105.94208323299983,SAT_10080,21.084044997768395,197.3477531124472,99.06633642312994,169.52336162020896,-63.90565504559179,29.998453598936734,35.0,0.120017593317631,12.260729431001938
10.553306039000026,106.04208323299983,SAT_10080,21.08281958530712,197.34086016735256,99.06621289589417,169.52372102288837,-63.90688045805307,29.99797627446108,35.0,0.12002302346414467,12.261112686161637
10.553306039000026,106.14208323299982,SAT_10080,21.070668893313076,197.27251252488605,99.06498683539688,169.52728387097662,-63.91903115004711,29.993242299964272,35.0,0.12007686932345692,12.2649127097113
10.553306039000026,106.24208323299982,SAT_10080,21.047605746344125,197.14278232318568,99.06265357184948,169.5340422797491,-63.94209429701606,29.984251685045937,35.0,0.12017908743369854,12.272124614879212
10.553306039000026,106.34208323299981,SAT_10080,21.013654408596906,196.9518060483576,99.0592041827506,169.54398133396992,-63.97604563476328,29.971004447937663,35.0,0.1203295955376903,12.282739153193326
10.553306039000026,106.4420832329998,SAT_10080,20.968850414405267,196.69978358102964,99.0546253917687,169.55707919713862,-64.02084962895492,29.95350061550347,35.0,0.12052827310832576,12.296742774211449
10.553306039000026,106.5420832329998,SAT_10080,20.913240321709793,196.3869768096176,99.04889941724045,169.57330727030518,-64.0764597216504,29.93174022324052,35.0,0.1207749621140159,12.314117712471727
10.553306039000026,106.6420832329998,SAT_10080,20.846881392101906,196.01370783057322,99.04200376730866,169.59263039804753,-64.14281865125828,29.905723315280056,35.0,0.12106946801444975,12.334842100476358
10.553306039000026,106.74208323299979,SAT_10080,20.769841202061514,195.58035676159602,99.0339109776087,169.61500711852716,-64.21985884129867,29.87544994438854,35.0,0.12141156097415477,12.358890106185902
10.553306039000026,106.84208323299978,SAT_10080,20.682197190903324,195.0873591988312,99.02458828616093,169.6403899539452,-64.30750285245686,29.84092017196904,35.0,0.12180097727884581,12.386232093201851
10.553306039000026,106.94208323299978,SAT_10080,20.584036151710478,194.53520335337143,99.01399723868502,169.66872573721764,-64.40566389164971,29.802134068062852,35.0,0.12223742093739011,12.416834801557535
10.553306039000026,107.04208323299977,SAT_10080,20.475453672149825,193.92442690584278,99.00209321587094,169.6999559702849,-64.51424637121036,29.75909171135132,35.0,0.1227205654504202,12.450661546826367
10.553306039000026,107.14208323299977,SAT_10080,20.356553532526547,193.25561362046182,98.98882487214865,169.73401720917107,-64.63314651083364,29.711793189157916,35.0,0.12325005572522262,12.487672435095265
10.553306039000026,107.24208323299976,SAT_10080,20.227447068728424,192.5293897615974,98.97413347310857,169.77084147072586,-64.76225297463176,29.66023859745051,35.0,0.12382551011553576,12.527824591240876
10.553306039000026,107.34208323299976,SAT_10066,20.222970438150824,192.50420871459838,98.97362614622851,169.77229916601985,-64.76672960520936,29.658542595183295,35.0,0.12384421990422939,12.529128814468573
10.553306039000026,107.44208323299975,SAT_10066,20.320009606549732,193.05005403684223,98.98470423213378,169.74464154053803,-64.66969043681046,29.697317310710293,35.0,0.12341164179909911,12.498954565183626
10.553306039000026,107.54208323299974,SAT_10066,20.406615486417365,193.5372121110977,98.99444886341966,169.7198778297985,-64.58308455694282,29.73182588133629,35.0,0.12302582704252549,12.4720067814381
10.553306039000026,108.94208323299966,SAT_10066,20.4950728642073,194.03478486116606,99.00426621491556,169.69450676586115,-64.49462717915289,29.766977231677,35.0,0.122632013108616,12.444465631860123
10.553306039000026,116.94208323299921,SAT_10035,20.438182845898638,193.71477850817985,98.99793658574426,169.71004037995482,-64.55151719746155,29.743964068025317,35.0,0.12289055171147087,12.462550333820573
10.653306039000025,105.04208323299989,SAT_10066,20.620539898589243,194.7405369295645,99.01795973817774,169.65838500875014,-64.36916014477094,29.816670404452104,35.0,0.12207386579414556,12.405371674678765
10.653306039000025,105.14208323299988,SAT_10080,20.688979164957047,195.1255078028834,99.02531151271084,169.63842860506526,-64.30072087840314,29.843595514817366,35.0,0.12177083489073545,12.384116953264517
10.653306039000025,105.24208323299987,SAT_10080,20.774187341000058,195.60480379312534,99.03436648298103,169.61374637810448,-64.21551270236013,29.877159746453042,35.0,0.12139225695791216,12.357533813750784
10.653306039000025,105.34208323299987,SAT_10080,20.848781270662258,196.02439464747522,99.04219779606946,169.59207779958672,-64.14091877269793,29.906468950704273,35.0,0.12106103418081958,12.334248889634656
10.653306039000025,105.44208323299986,SAT_10080,20.912685864262357,196.38385798647576,99.04883705996497,169.57346891100028,-64.07701417909783,29.931523068114366,35.0,0.12077742223195403,12.314290913979951
10.653306039000025,105.54208323299986,SAT_10080,20.96583597888224,196.68282738121263,99.05431065263971,169.55795968371268,-64.02386406447795,29.952322047861546,35.0,0.12054164264445322,12.297684785982357
10.653306039000025,105.64208323299985,SAT_10080,21.008176855166532,196.92099481031173,99.05864003329367,169.5455837382716,-63.981523188193655,29.968865847757645,35.0,0.12035388144428355,12.284451416235408
10.653306039000025,105.74208323299985,SAT_10080,21.039664489740716,197.09811275479152,99.06184199196444,169.53636810483596,-63.95003555361947,29.98115443424698,35.0,0.12021428798814462,12.274607595042342
10.653306039000025,105.84208323299984,SAT_10080,21.06026593795415,197.2139959009921,99.06392884256731,169.53033302826597,-63.92943410540604,29.989187782405498,35.0,0.1201229740215028,12.268165885524061
10.653306039000025,105.94208323299983,SAT_10080,21.06995954256206,197.2685224269116,99.06490856320647,169.52749182080296,-63.91974050079813,29.992965875940087,35.0,0.12008001296861853,12.265134542966633
10.653306039000025,106.04208323299983,SAT_10080,21.06873508500516,197.26163485315402,99.0647848865092,169.5278507645688,-63.92096495835503,29.992488707188183,35.0,0.12008543946361469,12.265517461510807
10.653306039000025,106.14208323299982,SAT_10080,21.05659385704844,197.1933404458975,99.06355734173455,169.5314090653824,-63.93310618631175,29.987756277117562,35.0,0.12013924912861257,12.269314148918296
10.653306039000025,106.24208323299982,SAT_10080,21.033548651714078,197.06371116589168,99.06122124946806,169.53815885860615,-63.95615139164611,29.978768595326347,35.0,0.12024139860180008,12.276519729764498
10.653306039000025,106.34208323299981,SAT_10080,20.999623673649452,196.8728831642782,99.05776766880108,169.54808526692563,-63.990076369710735,29.96552568004328,35.0,0.12039180581506907,12.287124977013328
10.653306039000025,106.4420832329998,SAT_10080,20.954854370251866,196.62105583266674,99.05318329597468,169.56116650918176,-64.03484567310832,29.948027558128196,35.0,0.1205903505176399,12.301116371537109
10.653306039000025,106.5420832329998,SAT_10080,20.89928718604783,196.30849042151905,99.04745031251917,169.57737405858379,-64.09041285731236,29.92627426507271,35.0,0.12083687503895477,12.31847618876232
10.653306039000025,106.6420832329998,SAT_10080,20.832979243908554,195.93550824698562,99.0405461799023,169.59667284791192,-64.15672079945163,29.900265845001176,35.0,0.12113118528113984,12.339182611259746
10.653306039000025,106.74208323299979,SAT_10080,20.755997957701155,195.502488512069,99.03244337658339,169.61902151863868,-64.23370208565903,29.87000235067181,35.0,0.12147305192857592,12.363209865763592
10.653306039000025,106.84208323299978,SAT_10080,20.668420581861852,195.00986577297294,99.0231090721127,169.64437271031105,-64.32127946149834,29.83548384347809,35.0,0.12186221185963476,12.390528382805748
10.653306039000025,106.94208323299978,SAT_10080,20.570333704139017,194.458127085782,99.01250473147064,169.6726733860332,-64.41936633922117,29.796710393450365,35.0,0.12229836974348524,12.421104976894839
10.653306039000025,107.04208323299977,SAT_10080,20.461832688373306,193.84780887209988,99.00058564115423,169.7038651894819,-64.52786735498688,29.75368207925768,35.0,0.12278119980308327,12.454903044959591
10.653306039000025,107.14208323299977,SAT_10080,20.343021074629547,193.1794935447912,98.98730034651781,169.7378848286013,-64.64667896873064,29.706398988209834,35.0,0.12331034772406249,12.491882780615114
10.653306039000025,107.24208323299976,SAT_10080,20.214009944304138,192.45380593671078,98.97258998747799,169.7746644809264,-64.77569009905605,29.654861216259686,35.0,0.12388543268824867,12.532001401701098
10.653306039000025,107.34208323299976,SAT_10066,20.128364637793794,191.9720510875901,98.96266381835626,169.79917273270752,-64.8613354055664,29.620629705727993,35.0,0.1242662386264814,12.558526139960385
10.653306039000025,107.44208323299975,SAT_10066,20.22509279537394,192.51614697397844,98.97387305164864,169.7716952693421,-64.76460724798625,29.659391871431495,35.0,0.12383475572134181,12.5284690943543
10.653306039000025,107.54208323299974,SAT_10066,20.311418848241942,193.00173102136094,98.98373208390204,169.74709383976324,-64.67828119511825,29.693889273055845,35.0,0.12344992528935503,12.501626703121495
10.653306039000025,107.64208323299974,SAT_10066,20.387260710538584,193.42834149677952,98.99228343580933,169.7254185916989,-64.6024393328216,29.724121840678556,35.0,0.12311202846734016,12.478030553333904
10.653306039000025,107.74208323299973,SAT_10066,20.4525452121583,193.79556681839043,98.99956329519688,169.70671426270576,-64.53715483120189,29.750089513025884,35.0,0.12282131553650438,12.457708765985515
10.753306039000025,105.14208323299988,SAT_10080,20.66403716189788,194.98520903567558,99.02263621959743,169.64563953210106,-64.3256628814623,29.833753628509726,35.0,0.12188169668525245,12.39189528118573
10.753306039000025,105.24208323299987,SAT_10080,20.749150387864233,195.46397093173633,99.03171473409189,169.62100651990266,-64.24054965549595,29.86730681588264,35.0,0.12150347080055164,12.365346480675381
10.753306039000025,105.34208323299987,SAT_10080,20.823660682803236,195.88309134076817,99.03956627002869,169.5993813778274,-64.16603936055695,29.89660637600767,35.0,0.12117255772703096,12.342091801010195
10.753306039000025,105.44208323299986,SAT_10080,20.88749324253699,196.24214948927056,99.04622257665689,169.58080996530472,-64.1022068008232,29.9216522494372,35.0,0.12088921222996521,12.322159872725715
10.753306039000025,105.54208323299986,SAT_10080,20.940583173731227,196.54078035223816,99.05171014928689,169.5653320944069,-64.04911686962896,29.94244438535721,35.0,0.12065365505159284,12.305575505527672
10.753306039000025,105.64208323299985,SAT_10080,20.982875928188832,196.77867709606218,99.05605054220918,169.55298125081055,-64.00682411517136,29.958982741585952,35.0,0.12046607155030356,12.292359534396466
10.753306039000025,105.74208323299985,SAT_10080,21.014327673112795,196.95559316125951,99.0592606196327,169.5437843556564,-63.97537237024739,29.971267284572875,35.0,0.12032661054454452,12.282528688619308
10.753306039000025,105.84208323299984,SAT_10080,21.03490559207991,197.0713439554495,99.06135274974274,169.53776157181497,-63.95479445128028,29.97929798939771,35.0,0.12023538337575537,12.276095485487263
10.753306039000025,105.94208323299983,SAT_10080,21.044588112381817,197.12580813214774,99.06233494574727,169.53492615745625,-63.94511193097837,29.983074839769838,35.0,0.12019246320211088,12.273068150089848
10.753306039000025,106.04208323299983,SAT_10080,21.04336505541317,197.1189284366991,99.06221095668168,169.5352843691416,-63.94633498794702,29.982597828027867,35.0,0.1201978845320531,12.27345056230122
10.753306039000025,106.14208323299982,SAT_10080,21.031237707884877,197.05071210685244,99.0609803097362,169.53883541592387,-63.95846233547531,29.97786695513941,35.0,0.12025164300359582,12.277242231687246
10.753306039000025,106.24208323299982,SAT_10080,21.00821881281452,196.92123082208167,99.05863830492325,169.54557146515415,-63.98148123054567,29.968882230701144,35.0,0.12035369541224476,12.284438300680407
10.753306039000025,106.34208323299981,SAT_10080,20.974332480419676,196.73062020236065,99.05517596198202,169.5554776999138,-64.01536756294051,29.955643672939022,35.0,0.12050395998717345,12.295029575978546
10.753306039000025,106.4420832329998,SAT_10080,20.92961402024021,196.47907886385116,99.05057991849388,169.56853242718293,-64.06008602311998,29.93815130870879,35.0,0.12070231691209847,12.309002587733747
10.753306039000025,106.5420832329998,SAT_10080,20.87410969695567,196.16686704537565,99.0448322772253,169.58470723509865,-64.11559034640452,29.916405173496646,35.0,0.12094860908418527,12.326339675718321
10.753306039000025,106.6420832329998,SAT_10080,20.807876413460576,195.79430482571573,99.03791039969114,169.603967196923,-64.18182362989961,29.890405311420217,35.0,0.12124264310135377,12.347019101295452
10.753306039000025,106.74208323299979,SAT_10080,20.730981325752765,195.36176995735931,99.02978664180624,169.6262711186812,-64.25871871760742,29.860151775229674,35.0,0.12158419046561393,12.371015183690282
10.753306039000025,106.84208323299978,SAT_10080,20.64350139508548,194.86969534735582,99.02042802622688,169.6515718268351,-64.34619864827471,29.825644626309124,35.0,0.12197298898759391,12.398298458761154
10.753306039000025,106.94208323299978,SAT_10080,20.545522883580844,194.31856622014226,99.0097958445285,169.67981649186657,-64.44417715977934,29.78688393467823,35.0,0.1224087443752849,12.428835858215715
10.753306039000025,107.04208323299977,SAT_10080,20.437140800117916,193.7089170006633,98.99784518066552,169.7109469832402,-64.55255924324227,29.743869778994014,35.0,0.12289113198824762,12.462590907007824
10.753306039000025,107.14208323299977,SAT_10080,20.31845830376197,193.0413279586611,98.98452434514424,169.74490025092285,-64.67124173959822,29.69660224655295,35.0,0.12341979873713498,12.49952393649117
10.753306039000025,107.24208323299976,SAT_10080,20.18958607229881,192.3164216566808,98.96977420692347,169.78160872845106,-64.80011397106138,29.645081433293218,35.0,0.1239943651073944,12.539592310796142
10.753306039000025,107.34208323299976,SAT_10080,20.050641643576128,191.53485924511574,98.95352740713227,169.82100075245856,-64.93905839978406,29.58930744379724,35.0,0.12461442728542742,12.582750663837306
10.753306039000025,107.44208323299975,SAT_10066,20.119480709857413,191.92207899294795,98.96162969462023,169.8016917104529,-64.87021933350277,29.61706391736785,35.0,0.12430588270382929,12.561285657713896
10.753306039000025,107.54208323299974,SAT_10066,20.20550116568093,192.4059440569552,98.97161969023288,169.77726817416885,-64.78419887767926,29.651550056925295,35.0,0.12392212569778233,12.534558634737907
10.753306039000025,107.64208323299974,SAT_10066,20.281072609353615,192.8310334276141,98.98028379743926,169.75575049128207,-64.70862743400657,29.681772754817516,35.0,0.12358517784611038,12.511064519695903
10.753306039000025,107.74208323299973,SAT_10066,20.34612287181328,193.1969411539497,98.98765903205474,169.73718275969546,-64.64357717154691,29.707731949777685,35.0,0.12329528624438608,12.490831075384751
10.753306039000025,107.84208323299973,SAT_10066,20.400589046613277,193.5033133871997,98.99377638629612,169.721603444705,-64.58911099674691,29.72942758918513,35.0,0.12305266603693052,12.473882475190095
10.753306039000025,107.94208323299972,SAT_10066,20.44441789680066,193.7498506695037,98.99866120776159,169.70904511861946,-64.54528214655953,29.74685962906396,35.0,0.12285749912418645,12.460239157879853
10.853306039000024,105.04208323299989,SAT_10080,20.532478643862007,194.24519237172376,99.00836728633634,169.68356946436697,-64.45722139949818,29.781714651048386,35.0,0.12246678163214594,12.432899804547452
10.853306039000024,105.14208323299988,SAT_10080,20.627971524837122,194.78233982720883,99.01875152442251,169.65605518788735,-64.36172851852307,29.819508851275387,35.0,0.12204203658927401,12.403140145321832
10.853306039000024,105.24208323299987,SAT_10080,20.71296008355526,195.26040046999833,99.02786605606245,169.63148955533705,-64.27673995980493,29.853050903931724,35.0,0.12166426412342385,12.376637044276164
10.853306039000024,105.34208323299987,SAT_10080,20.787360531690794,195.67890299076072,99.03574852400044,169.60992388034197,-64.2023395116694,29.88234074094475,35.0,0.12133375009346424,12.353422622178721
10.853306039000024,105.44208323299986,SAT_10080,20.85109845431691,196.03742880553264,99.04243089543755,169.59140377365384,-64.13860158904328,29.90737830287569,35.0,0.12105074803175014,12.333525370233373
10.853306039000024,105.54208323299986,SAT_10080,20.904109298364858,196.33561480330235,99.04793984666472,169.5759688297711,-64.08559074499533,29.928163538918096,35.0,0.12081547760577911,12.31696997653654
10.853306039000024,105.64208323299985,SAT_10080,20.946338803505853,196.57315576972044,99.05229707859526,169.56365235016446,-64.04336123985433,29.944696406896504,35.0,0.12062812326684799,12.30377717331952
10.853306039000024,105.74208323299985,SAT_10080,20.97774336947957,196.74980645332258,99.05551956977689,169.554481107086,-64.01195667388062,29.956976873265347,35.0,0.12048883310207871,12.293963606957899
10.853306039000024,105.84208323299984,SAT_10080,20.998290354663155,196.86538324498025,99.0576197720389,169.5484751514332,-63.99140968869703,29.96500491310807,35.0,0.12039771790398356,12.287541732467925
10.853306039000024,105.94208323299983,SAT_10080,21.0079583015873,196.91976544642856,99.05860575268571,169.54564766753242,-63.981741741772886,29.96878051013648,35.0,0.1203548504692338,12.284519733907713
10.853306039000024,106.24208323299982,SAT_10080,20.97164368226848,196.71549571276017,99.05489485116658,169.55626322771786,-64.01805636109171,29.95459261087194,35.0,0.12051588475927866,12.295869859486515
10.853306039000024,106.34208323299981,SAT_10080,20.93780815024914,196.5251708451514,99.05141911035092,169.56614184548863,-64.05189189311105,29.94135844631822,35.0,0.12066596535903733,12.306442528581595
10.853306039000024,106.4420832329998,SAT_10080,20.893156513605646,196.27400538903177,99.0468052208144,169.57916027408623,-64.09654352975454,29.923871886927635,35.0,0.12086408013578447,12.320391062460155
10.853306039000024,106.5420832329998,SAT_10080,20.837734791842962,195.96225820411667,99.04103516389905,169.59529025860905,-64.15196525151723,29.902132968181114,35.0,0.12111007275806213,12.33769788833123
10.853306039000024,106.6420832329998,SAT_10080,20.771599587962783,195.59024768229068,99.03408614698998,169.61449706418992,-64.2181004553974,29.87614173418971,35.0,0.1214037507692384,12.358341374627948
10.853306039000024,106.74208323299979,SAT_10080,20.694817706399377,195.1583495984965,99.02593033697762,169.63673972161047,-64.29488233696081,29.84589823769573,35.0,0.12174488678240797,12.38229596626367
10.853306039000024,106.84208323299978,SAT_10080,20.607465708679086,194.66699461131986,99.01653452985511,169.66197131264795,-64.3822343346811,29.811402540074155,35.0,0.12213321987516935,12.40953234223214
10.853306039000024,106.94208323299978,SAT_10080,20.509629412939404,194.11666544778416,99.00585974952104,169.6901392910706,-64.48007063042078,29.7726547113342,35.0,0.12256845716746498,12.440017593516902
10.853306039000024,107.04208323299977,SAT_10080,20.40140334405055,193.50789381028434,98.99386076713863,169.72118583479875,-64.58829669930964,29.72965483012117,35.0,0.12305027556390598,12.47371541906816
10.853306039000024,107.14208323299977,SAT_10080,20.282890141529364,192.84125704610267,98.9804855303618,169.7550482244624,-64.70680990183082,29.682402983718514,35.0,0.12357832364062198,12.510586337446318
10.853306039000024,107.24208323299976,SAT_10080,20.15419993274007,192.1173746216629,98.96567448929481,169.79165924339173,-64.83550011062012,29.630899268050104,35.0,0.12415222365569174,12.550587911622792
10.853306039000024,107.34208323299976,SAT_10080,20.015449679005982,191.33690444440865,98.94935980308891,169.8309475940062,-64.9742503643542,29.575143787682737,35.0,0.1247715736616234,12.59367498436911
10.853306039000024,107.44208323299975,SAT_10066,20.003274684573228,191.2684201007244,98.94791841250424,169.8345690302097,-64.98642535878696,29.570333532929343,35.0,0.12482467503419487,12.597365186472395
10.853306039000024,107.54208323299974,SAT_10066,20.088964872419922,191.75042740736205,98.95805698504749,169.81033829769547,-64.90073517094027,29.604808317372573,35.0,0.1244420770414971,12.570763113575875
10.853306039000024,107.64208323299974,SAT_10066,20.164244078178953,192.17387293975662,98.96684899818332,169.78899137287686,-64.82545596518123,29.635021063991196,35.0,0.12410615381676073,12.5473795024788
10.853306039000024,107.74208323299973,SAT_10066,20.229041210386583,192.53835680842454,98.97433241318934,169.77057166551577,-64.7606588329736,29.660971711525082,35.0,0.12381714901820029,12.527241729964713
10.853306039000024,107.84208323299973,SAT_10066,20.283294309008568,192.84353048817323,98.98053900888924,169.7551170360178,-64.70640573435162,29.682660207359294,35.0,0.12357527477992854,12.51037363091318
10.853306039000024,107.94208323299972,SAT_10066,20.326950943179156,193.08909905538275,98.98549477280832,169.74265954111164,-64.66274910018103,29.700086507522744,35.0,0.12338071044476535,12.496795356147366
10.853306039000024,108.04208323299972,SAT_10066,20.35996855253633,193.27482310801685,98.98922021593276,169.73322521536997,-64.62973149082386,29.71325057668701,35.0,0.12323360148056119,12.48652325066034
10.853306039000024,116.24208323299925,SAT_10035,19.865031381602066,190.49080152151166,98.93122764790434,169.87272343236714,-65.12466866175812,29.514133336003088,35.0,0.12544792806542324,12.640630637328641
10.853306039000024,116.64208323299923,SAT_10035,19.852906388640136,190.42259843610077,98.92974858504198,169.87612982738935,-65.13679365472005,29.509228280214945,35.0,0.12550214078886152,12.644389966756776
10.853306039000024,116.84208323299922,SAT_10035,20.02136738934395,191.3701915650597,98.95003778616775,169.82867273707063,-64.96833265401624,29.577218833058982,35.0,0.12474933584437586,12.59212941416021
10.953306039000024,105.44208323299986,SAT_10080,20.803540271365634,195.76991402643168,99.03744706862658,169.60522653338828,-64.18615977199455,29.88870125687792,35.0,0.12126189789714453,12.348372597587055
10.953306039000024,105.54208323299986,SAT_10080,20.856453406975106,196.067550414235,99.04298495420586,169.58984590589552,-64.13324663638508,29.90947953700513,35.0,0.12102697768242604,12.331853289812267
10.953306039000024,105.64208323299985,SAT_10080,20.8986047620825,196.3046517867141,99.04736497538242,169.57757290683955,-64.09109528127769,29.926006872160425,35.0,0.12083990326002544,12.318689343338537
10.953306039000024,105.74208323299985,SAT_10080,20.92995102948379,196.48097454084632,99.05060426622828,169.5684341206711,-64.0597490138764,29.93828322880311,35.0,0.12070082179661615,12.308897300211806
10.953306039000024,106.24208323299982,SAT_10080,20.923862677692455,196.44672756202007,99.04997629443592,169.57020992905382,-64.06583736566773,29.935899764315977,35.0,0.12072783288194337,12.310799368047954
10.953306039000024,106.34208323299981,SAT_10080,20.890089918164364,196.25675578967454,99.04648242200828,169.58005360365163,-64.09961012519582,29.922670028649943,35.0,0.12087768874039563,12.32134886145374
10.953306039000024,106.4420832329998,SAT_10080,20.845520845982534,196.00605475865177,99.04184438009871,169.59302610356758,-64.14417919737765,29.905189321243014,35.0,0.1210755077473891,12.335266907305698
10.953306039000024,106.5420832329998,SAT_10080,20.79020117166607,195.69488159062166,99.03604398488152,169.60909937188532,-64.19949887169412,29.883457677570966,35.0,0.12132113454233456,12.352536042837421
10.953306039000024,106.6420832329998,SAT_10080,20.724187120253234,195.32355255142446,99.02905823405152,169.62823891576966,-64.26551292310695,29.857475141738448,35.0,0.1216143778586312,12.373134771217119
10.953306039000024,106.74208323299979,SAT_10080,20.64754505306675,194.8924409235005,99.0208590372837,169.6504040495357,-64.34215499029344,29.82724176648011,35.0,0.12195501170799533,12.397037695529864
10.953306039000024,106.84208323299978,SAT_10080,20.560351027782488,194.4019745312765,99.01141288206654,169.67554817706895,-64.4293490155777,29.792757613162,35.0,0.12234277676301585,12.424215674907733
10.953306039000024,106.94208323299978,SAT_10080,20.46269030285893,193.8526329535815,99.00068042787615,169.70361910956427,-64.52700974050126,29.754022751783165,35.0,0.12277738192132552,12.454636000798825
10.953306039000024,107.04208323299977,SAT_10080,20.354656792978574,193.24494446050448,98.98861601990919,169.73455941416486,-64.63504325038161,29.711037260977466,35.0,0.123258506033031,12.488262591161188
10.953306039000024,107.14208323299977,SAT_10035,20.238196198996647,192.58985361935615,98.97535401184679,169.76717635643234,-64.75150384436354,29.66422461881105,35.0,0.12378170057428223,12.524770406167956
10.953306039000024,107.24208323299976,SAT_10035,20.13009022542839,191.9817575180347,98.96284468033862,169.797895503185,-64.8596098179318,29.620916892334314,35.0,0.12426395613143765,12.558367250949672
10.953306039000024,107.34208323299976,SAT_10035,20.011825314128828,191.31651739197466,98.94890886985085,169.8313683140589,-64.97787472923136,29.57337682858661,35.0,0.1247919530032387,12.595091290755839
10.953306039000024,107.44208323299975,SAT_10035,19.883508109634064,190.59473311669163,98.93348308294799,169.86752980315146,-65.10619193372612,29.52160452430528,35.0,0.1253653245331802,12.634901330346764
10.953306039000024,107.54208323299974,SAT_10066,19.96192045277624,191.03580254686636,98.94298107677537,169.84623683596777,-65.02777959058395,29.553664147614214,35.0,0.125009399848377,12.610197502382016
10.953306039000024,107.64208323299974,SAT_10066,20.036886640519384,191.45748735292153,98.9519171932539,169.82507319919844,-64.9528134028408,29.583866861431623,35.0,0.12467457357597815,12.586932491498011
10.953306039000024,107.74208323299973,SAT_10066,20.10141265561343,191.82044618782555,98.95952247531012,169.80681236577783,-64.88828738774676,29.609808891513396,35.0,0.12438651816086119,12.56689739532146
10.953306039000024,107.84208323299973,SAT_10066,20.155437546353085,192.1243361982361,98.96582959421926,169.79149155211996,-64.8342624970071,29.631490185250158,35.0,0.12414544252138815,12.55011568761591
10.953306039000024,107.94208323299972,SAT_10066,20.1989097405593,192.36886729064608,98.97086526334253,169.7791422661356,-64.79079030280089,29.64891069867545,35.0,0.12395152326850178,12.536607212072232
10.953306039000024,108.04208323299972,SAT_10066,20.23178737854778,192.55380400433125,98.97465056399675,169.76979009430212,-64.75791266481241,29.662070396464586,35.0,0.12380490364531156,12.526388063329557
10.953306039000024,108.14208323299971,SAT_10066,20.25403858649736,192.67896704904766,98.97720119918829,169.76345452670162,-64.73566145686283,29.670969251933688,35.0,0.12370569265896554,12.519470489435918
11.053306039000024,106.24208323299982,SAT_10080,20.86492689989717,196.1152138119216,99.04386316179658,169.58738018782014,-64.12477314346302,29.91280372828694,35.0,0.12098936624013398,12.32920731768969
11.053306039000024,106.34208323299981,SAT_10080,20.831228653002356,195.92566117313825,99.04034629119765,169.59718174203834,-64.15847139035783,29.899578457179814,35.0,0.12113895731649843,12.339729148182805
11.053306039000024,106.4420832329998,SAT_10080,20.78675758204703,195.67551139901454,99.0356776133545,169.6100988785432,-64.20294246131316,29.882103648889892,35.0,0.12133642788416256,12.353610803775695
11.053306039000024,106.5420832329998,SAT_10035,20.7505269372286,195.47171402191088,99.03182759298693,169.61999604773723,-64.23917310613159,29.867519564884716,35.0,0.12150131841922635,12.365195304859853
11.053306039000024,106.6420832329998,SAT_10035,20.70507162898248,195.21602791302647,99.02699620826671,169.63316183975763,-64.2846284143777,29.849613534730146,35.0,0.12170329498005565,12.37937681437016
11.053306039000024,106.74208323299979,SAT_10035,20.64896457038533,194.90042570841752,99.0209861973874,169.6493837708272,-64.34073547297486,29.82747621495501,35.0,0.12195269506763465,12.396875222035039
11.053306039000024,106.84208323299978,SAT_10035,20.58226175071148,194.52522234775208,99.01377351020531,169.6686275237244,-64.4074382926487,29.801107650590954,35.0,0.12224932792676681,12.417669091588477
11.053306039000024,106.94208323299978,SAT_10035,20.505028999560423,194.09078812252739,99.00532887206238,169.69085277526827,-64.48467104379976,29.77050789527966,35.0,0.12259296904176566,12.441733194769396
11.053306039000024,107.04208323299977,SAT_10035,20.41734155680345,193.5975462570194,98.99561743399161,169.7160134720956,-64.57235848655674,29.735677011274227,35.0,0.12298336149307129,12.469038664242282
11.053306039000024,107.14208323299977,SAT_10035,20.31928358951214,193.0459701910058,98.98459834861663,169.74405814004567,-64.67041645384805,29.696615069440774,35.0,0.12342021748775774,12.499553165755405
11.053306039000024,107.24208323299976,SAT_10035,20.210947662252636,192.43658060017108,98.97222426247791,169.7749302229141,-64.77875238110755,29.65332214926028,35.0,0.12390322004624646,12.533241087407493
11.053306039000024,107.34208323299976,SAT_10035,20.09243416755045,191.7699421924713,98.9584407133396,169.80856844606663,-64.89726587580974,29.60579833883063,35.0,0.12443202482626117,12.570063743747475
11.053306039000024,107.44208323299975,SAT_10035,19.963850723591122,191.04666032020006,98.9431854184103,169.844907200242,-65.02584931976907,29.55404373486889,35.0,0.12500626206415438,12.609979592331786
11.053306039000024,107.54208323299974,SAT_10035,19.825311546357653,190.26737744826184,98.92638743623233,169.88387694079302,-65.16438849700253,29.498058442713806,35.0,0.12562553861319592,12.652944460310138
11.053306039000024,107.64208323299974,SAT_10066,19.899119246135697,190.6825457595133,98.93541763673451,169.86392349209171,-65.09058079722449,29.52831024916184,35.0,0.12529002808187026,12.629677526212754
11.053306039000024,107.74208323299973,SAT_10066,19.96335710662315,191.04388372475523,98.94315949262426,169.8458317773155,-65.02634293673704,29.55424359177876,35.0,0.12500298157666168,12.609751769623617
11.053306039000024,107.84208323299973,SAT_10066,20.017139459887787,191.3464094618688,98.94957925473857,169.83065339846559,-64.9725605834724,29.575917624904786,35.0,0.12476275458905223,12.59306205532255
11.053306039000024,107.94208323299972,SAT_10066,20.060415640458515,191.58983797757918,98.9547044560618,169.81841928442532,-64.92928440290167,29.59333230457794,35.0,0.12456952083670654,12.579627902217593
11.053306039000024,108.04208323299972,SAT_10066,20.093144528410193,191.77393797230732,98.95855682177677,169.80915454897942,-64.89655551495,29.606487595477123,35.0,0.12442342120684552,12.569465140240844
11.053306039000024,108.14208323299971,SAT_10066,20.11529481548689,191.89853333711378,98.96115253278754,169.80287832065753,-64.8744052278733,29.615383470921184,35.0,0.12432456290825851,12.5625858152287
11.053306039000024,108.2420832329997,SAT_10066,20.126845209527318,191.96350430359115,98.96250241990634,169.79960361194205,-64.86285483383287,29.62001991286823,35.0,0.12427301882134892,12.558998115937698
11.053306039000024,108.3420832329997,SAT_10066,20.127784574378722,191.9687882308803,98.96261209283512,169.79933722971026,-64.86191546898146,29.620396911915147,35.0,0.1242688270539877,12.558706324132363
11.053306039000024,108.44208323299969,SAT_10066,20.118112003361375,191.91438001890774,98.9614820066549,169.8020797281966,-64.87158803999881,29.616514467297353,35.0,0.1243119907085327,12.561710788391048
11.053306039000024,114.34208323299936,SAT_10035,19.871591544006094,190.52770243503429,98.93204141078765,169.8708798184745,-65.1181084993541,29.516786452223865,35.0,0.1254185984659059,12.638596534637562
11.153306039000023,106.04208323299983,SAT_10094,20.955438989318196,196.62434431491485,99.0532119905504,169.5608854099348,-64.03426105404199,29.94819591919567,35.0,0.1205884587820486,12.300983104520817
11.153306039000023,106.14208323299982,SAT_10094,20.93164795372195,196.49051973968596,99.0507646958228,169.56782874405525,-64.05805208963824,29.93888728463388,35.0,0.12069399627964279,12.308416633937222
11.153306039000023,106.24208323299982,SAT_10094,20.89707348144219,196.29603833311236,99.04719254861858,169.57790879309644,-64.092626561918,29.92534686332168,35.0,0.12084740290116007,12.31921722924207
11.153306039000023,106.34208323299981,SAT_10035,20.880450896043328,196.20253629024376,99.04544989830232,169.5822479337524,-64.10924914731686,29.91855853362616,35.0,0.12092438858514673,12.324635358605486
11.153306039000023,106.4420832329998,SAT_10035,20.85638001028684,196.06713755786348,99.04294565454488,169.58925455845903,-64.13332003307335,29.90911843841873,35.0,0.1210312336777786,12.33215267935526
11.153306039000023,106.5420832329998,SAT_10035,20.82155604601938,195.87125275885904,99.03930656458874,169.59938069098197,-64.1681439973408,29.895448447869718,35.0,0.12118584317019777,12.343025911058342
11.153306039000023,106.6420832329998,SAT_10035,20.776014557879705,195.61508188807335,99.03451846596397,169.61260450908,-64.21368548548048,29.877548589788265,35.0,0.12138809620881212,12.357241469979929
11.153306039000023,106.74208323299979,SAT_10035,20.71980170575432,195.29888459486807,99.02856255178826,169.62889769312613,-64.26989833760587,29.855418900589648,35.0,0.12163783578032517,12.374781709289069
11.153306039000023,106.84208323299978,SAT_10035,20.652973943680337,194.9229784332019,99.02141515322184,169.6482256260924,-64.33672609967985,29.82905942529626,35.0,0.12193486968481092,12.395625029198913
11.153306039000023,106.94208323299978,SAT_10035,20.57559764399076,194.48773674744803,99.01304746216874,169.6705476349523,-64.41410239936943,29.798470217538746,35.0,0.1222789717149161,12.419746010240965
11.153306039000023,107.04208323299977,SAT_10035,20.487748661931164,193.9935862233628,99.00342518851068,169.6958172700171,-64.50195138142902,29.763651339557402,35.0,0.12266988302689653,12.447115567942422
11.153306039000023,107.14208323299977,SAT_10035,20.389511846671496,193.44100413752716,98.99250814463656,169.7239826182668,-64.60018819668869,29.724602862203767,35.0,0.12310731368719842,12.477701126938461
11.153306039000023,107.24208323299976,SAT_10035,20.280980505201526,192.83051534175857,98.9802497482474,169.7549866463669,-64.70871953815866,29.681324864942464,35.0,0.12359094437663992,12.511466812357604
11.153306039000023,107.34208323299976,SAT_10035,20.162255826024847,192.16268902138978,98.96659643229897,169.78876756878554,-64.82744421733534,29.63381743585324,35.0,0.12412042823295706,12.548373656170082
11.153306039000023,107.44208323299975,SAT_10035,20.033446269826158,191.43813526777214,98.95148694840033,169.82525923626693,-64.95625377353403,29.58208067163324,35.0,0.12469539281156429,12.588379816088768
11.153306039000023,107.54208323299974,SAT_10035,19.894666934422986,190.6575015061293,98.93485154690266,169.86439153983466,-65.0950331089372,29.5261146775995,35.0,0.12531544214384058,12.631440804558217
11.153306039000023,107.64208323299974,SAT_10080,19.78389321765384,190.03439934930284,98.92132538286536,169.89609133188867,-65.20580682570635,29.481576677283346,35.0,0.12580653133250047,12.665485639768516
11.153306039000023,107.74208323299973,SAT_10080,19.8644153047412,190.48733608916928,98.93120081355403,169.8734978733057,-65.12528473861899,29.514187236569867,35.0,0.12544644315775363,12.640527658725407
11.153306039000023,107.84208323299973,SAT_10080,19.934678970581558,190.8825692095213,98.93971202259249,169.8537307577742,-65.05502107277863,29.542579474884718,35.0,0.12513239427734954,12.61873739561179
11.153306039000023,107.94208323299972,SAT_10080,19.994619747358882,191.21973607889373,98.94689601004617,169.83682930249105,-64.9950802960013,29.566753334358157,35.0,0.1248646060419418,12.600139721826466
11.153306039000023,108.04208323299972,SAT_10080,20.04418200209605,191.4985237617903,98.95278351951202,169.82282745825557,-64.94551804126414,29.58670876572127,35.0,0.1246432692876765,12.584756079442151
11.153306039000023,108.14208323299971,SAT_10080,20.083319286578345,191.7186709870032,98.95739941599318,169.8117535860359,-64.90638075678184,29.60244572830471,35.0,0.12446854321599164,12.572604355834644
11.153306039000023,108.2420832329997,SAT_10080,20.11199463326767,191.87996981213067,98.96076298685695,169.80363026784494,-64.87770541009252,29.61396419003766,35.0,0.1243405544493337,12.563698777835912
11.153306039000023,108.3420832329997,SAT_10080,20.13018079326625,191.98226696212265,98.96288817239491,169.79847415453835,-64.85951925009394,29.621264127447006,35.0,0.12425939627375458,12.55804982672884
11.153306039000023,108.44208323299969,SAT_10080,20.13786041310962,192.0254648237416,98.96378373088619,169.79629585267335,-64.85183963025057,29.624345525656747,35.0,0.12422512807730611,12.555664175156652
11.253306039000023,105.94208323299983,SAT_10094,21.0141338990163,196.9545031819667,99.05920656536634,169.5437305141113,-63.97556614434389,29.971131026057737,35.0,0.12032816781867257,12.282638488471648
11.253306039000023,106.04208323299983,SAT_10094,21.001136421659574,196.88139237183512,99.05788243506876,169.54753238462945,-63.988563621700614,29.96605595910834,35.0,0.12038579706099482,12.2867013991185
11.253306039000023,106.14208323299982,SAT_10094,20.97731890040386,196.74741881477172,99.05544933314223,169.55449467749733,-64.01238114295633,29.956750555139113,35.0,0.12049141573306546,12.294145604865038
11.253306039000023,106.24208323299982,SAT_10035,20.953811780186413,196.61519126354858,99.05302098256256,169.5608570605924,-64.03588826317377,29.947284581956826,35.0,0.12059887534205897,12.30171690919612
11.253306039000023,106.34208323299981,SAT_10035,20.940497853557858,196.54030042626295,99.05165227613705,169.56474330872118,-64.04920218980233,29.94207621185461,35.0,0.12065793792377634,12.30587715501199
11.253306039000023,106.4420832329998,SAT_10035,20.916389332995067,196.40468999809724,99.04916689777583,169.5717757788337,-64.07331071036512,29.932639397122063,35.0,0.12076490197771163,12.313409426675753
11.253306039000023,106.5420832329998,SAT_10035,20.881511098887046,196.20849993123963,99.0455552963849,169.58193918985052,-64.10818894447314,29.918974156958996,35.0,0.12091968303195123,12.324304228549671
11.253306039000023,106.6420832329998,SAT_10035,20.835898953925977,195.95193161583362,99.04080349889675,169.59521155914098,-64.15380108943421,29.901080519168918,35.0,0.12112215946743583,12.338547889994707
11.253306039000023,106.74208323299979,SAT_10035,20.779599378608367,195.63524650467204,99.03489295078026,169.61156435987255,-64.21010066475182,29.878958520159763,35.0,0.1213721732797485,12.356122651759284
11.253306039000023,106.84208323299978,SAT_10035,20.7126692168692,195.25876434488924,99.02780030213528,169.63096272318435,-64.27703082649099,29.852608204944822,35.0,0.12166953106093366,12.37700677719053
11.253306039000023,106.94208323299978,SAT_10035,20.635175296311843,194.8228610417541,99.0194971350763,169.65336568220943,-64.35452474704834,29.822029627143916,35.0,0.12201400518920733,12.401174686793624
11.253306039000023,107.04208323299977,SAT_10035,20.547193988336673,194.3279661843938,99.0099496268192,169.67872645441065,-64.44250605502351,29.787222848984758,35.0,0.12240533521208649,12.428597114385534
11.253306039000023,107.14208323299977,SAT_10035,20.448810714168104,193.7745602671956,98.99911814139539,169.70699275824086,-64.54088932919208,29.74818794130457,35.0,0.12284322940644704,12.459241282849348
11.253306039000023,107.24208323299976,SAT_10035,20.340119403366543,193.1631716439368,98.98695674117836,169.73810715974878,-64.64958063999364,29.7049249835519,35.0,0.12332736649734806,12.493071097299419
11.253306039000023,107.34208323299976,SAT_10035,20.221221911820876,192.49437325399242,98.97341260734014,169.77200744449348,-64.76847813153931,29.657434063788692,35.0,0.12385739751615736,12.530047353318352
11.253306039000023,107.44208323299975,SAT_10035,20.092227406499845,191.76877916156164,98.95842535587481,169.80862700994965,-64.89747263686034,29.605715278692514,35.0,0.1244329477775929,12.57012795782562
11.253306039000023,107.54208323299974,SAT_10035,19.95325172435807,190.98704094951412,98.94192623281994,169.84789527352265,-65.03644831900212,29.54976873355909,35.0,0.12505361895475664,12.613268160083804
11.253306039000023,107.64208323299974,SAT_10080,19.920690738429457,190.8038854036657,98.93803209288845,169.85766990930202,-65.06900930493073,29.53693183669027,35.0,0.1251949035056213,12.623076328813362
11.253306039000023,107.74208323299973,SAT_10080,20.00151402153928,191.25851637115846,98.94772345062032,169.8348830542341,-64.98818602182091,29.56953098107071,35.0,0.12483381275384013,12.598000135903689
11.253306039000023,107.84208323299973,SAT_10080,20.072042509819966,191.65523911773732,98.9560771238752,169.8149459009933,-64.91765753354022,29.597913281063637,35.0,0.1245188827720171,12.576106030838538
11.253306039000023,107.94208323299972,SAT_10080,20.132210686616204,191.99368511221618,98.96312894206065,169.79789843820652,-64.85748935674398,29.622078678813235,35.0,0.12425033825049996,12.557419259100207
11.253306039000023,108.04208323299972,SAT_10080,20.181962007425597,192.27353629176898,98.9689086821106,169.78377520065746,-64.80773803593459,29.642027125062448,35.0,0.1240283729198765,12.541961587419701
11.253306039000023,108.14208323299971,SAT_10080,20.221249258462322,192.49452707885058,98.97344043125794,169.77260504011315,-64.76845078489787,29.65775857915172,35.0,0.12385314840692963,12.52975117552951
11.253306039000023,108.2420832329997,SAT_10080,20.25003485994425,192.6564460871864,98.9767428760837,169.7644109312969,-64.73966518341594,29.669273009017953,35.0,0.12372479327007516,12.520802467866911
11.253306039000023,108.3420832329997,SAT_10080,20.268291110024705,192.75913749388897,98.97882952402793,169.75920981571636,-64.72140893333548,29.676570391193675,35.0,0.12364340222557756,12.515126106587218
11.253306039000023,108.44208323299969,SAT_10080,20.276000366045935,192.8025020590084,98.97970886201578,169.75701248555222,-64.71369967731425,29.679650710806456,35.0,0.1236090355737322,12.512728866994758
11.253306039000023,108.54208323299969,SAT_10080,20.273155160609704,192.7864977784296,98.97938445548209,169.7578235092745,-64.71654488275048,29.678513961578528,35.0,0.1236217188319007,12.51361361622262
11.253306039000023,108.64208323299968,SAT_10080,20.259758250855228,192.71114016106065,98.9778549898245,169.76164120005546,-64.72994179250496,29.67316014582661,35.0,0.12368144257883558,12.517779295697279
11.253306039000023,108.74208323299968,SAT_10080,20.235822600253385,192.57650212642528,98.97511425512951,169.76845762744034,-64.7538774431068,29.663589274461973,35.0,0.1237881625121839,12.525220927616248
11.353306039000023,105.94208323299983,SAT_10094,21.048618996108566,197.14848185311067,99.06270097658036,169.53363486592843,-63.94108104725162,29.984586021305837,35.0,0.12017529249810965,12.27185691013091
11.353306039000023,106.04208323299983,SAT_10094,21.03561168908373,197.07531575109599,99.06138275516282,169.53744425213193,-63.95408835427646,29.979512729959207,35.0,0.12023295029509695,12.27592388180864
11.353306039000023,106.14208323299982,SAT_10094,21.01177619715368,196.94124110898946,99.05896052932091,169.54442029125238,-63.97792384620651,29.970210581653365,35.0,0.12033862116367804,12.283375515443813
11.353306039000023,106.24208323299982,SAT_10035,21.002716987793676,196.8902830563394,99.05801930975511,169.54656624929683,-63.98698305556651,29.966397152578615,35.0,0.120381975271529,12.286431983576776
11.353306039000023,106.34208323299981,SAT_10035,20.989386905823764,196.8153013452587,99.05665905324985,169.55046394139418,-64.00031313753642,29.961190607067266,35.0,0.12044108775327055,12.29059871545624
11.353306039000023,106.4420832329998,SAT_10035,20.965249194601498,196.67952671963343,99.05418904510113,169.5575170941723,-64.02445084875869,29.951757098231653,35.0,0.12054814197197955,12.298142710846045
11.353306039000023,106.5420832329998,SAT_10035,20.93032887314463,196.48309991143856,99.05059983928652,169.56771033674067,-64.05937117021556,29.938096645267773,35.0,0.12070305303017942,12.309054425712478
11.353306039000023,106.6420832329998,SAT_10035,20.884661942979108,196.2262234292575,99.04587761682839,169.58102155769777,-64.10503810038108,29.920209275973633,35.0,0.12090569869763249,12.32332011995932
11.353306039000023,106.74208323299979,SAT_10035,20.82829514158064,195.9091601713911,99.04000402848907,169.5974220638624,-64.16140490177955,29.89809502674994,35.0,0.12115592017859228,12.340921944488485
11.353306039000023,106.84208323299978,SAT_10035,20.761285625381475,195.5322316427708,99.03295598381851,169.61687678420876,-64.22841441797871,29.871753942601057,35.0,0.12145352310061816,12.3618380532704
11.353306039000023,106.94208323299978,SAT_10035,20.683700586852595,195.09581580104583,99.02470538233726,169.63934451599684,-64.30599945650759,29.841186077136165,35.0,0.12179827871269105,12.386042738934238
11.353306039000023,107.04208323299977,SAT_10035,20.595616811019653,194.60034456198557,99.01521878137028,169.66477820952733,-64.39408323234053,29.806391492570633,35.0,0.12218992527801431,12.413506590105825
11.353306039000023,107.14208323299977,SAT_10035,20.497120177486266,194.04630099836024,99.00445699358833,169.6931252874781,-64.49257986587392,29.767370259727613,35.0,0.12262816964484811,12.444196668478593
11.353306039000023,107.24208323299976,SAT_10035,20.388305114615363,193.43421626971144,98.99237460560614,169.724327994402,-64.60139492874482,29.72412245803989,35.0,0.12311268897703977,12.478076703405678
11.353306039000023,107.34208323299976,SAT_10035,20.269274012941764,192.76466632279744,98.97891940696172,169.75832377169502,-64.72042603041842,29.676648175551893,35.0,0.12364313262460043,12.515107301650698
11.353306039000023,107.44208323299975,SAT_10035,20.140136605167314,192.03826840406614,98.96403171637138,169.79504565316813,-64.84956343819287,29.624947508921995,35.0,0.12421912411375528,12.55524616983298
11.353306039000023,107.54208323299974,SAT_10035,20.001009320213427,191.25567742620055,98.94764358921122,169.83442267628658,-64.98869072314676,29.569020563424967,35.0,0.12484026323535356,12.598448347049793
11.353306039000023,107.64208323299974,SAT_10080,20.04710489422004,191.51496502998776,98.95313933337107,169.82200095213088,-64.94259514914015,29.587884691696594,35.0,0.12463021854633292,12.583848670159524
11.353306039000023,107.74208323299973,SAT_10080,20.12820773155393,191.97116848999082,98.96266589943423,169.7990337130733,-64.86149231180626,29.620472333380615,35.0,0.12426820082106795,12.558662731292511
11.353306039000023,107.84208323299973,SAT_10080,20.198982043131892,192.36927399261688,98.97087851982972,169.77893795011994,-64.7907180002283,29.648844618618238,35.0,0.12395245608744399,12.53667221263915
11.353306039000023,107.94208323299972,SAT_10080,20.25936132722913,192.70890746566386,98.9778119843183,169.761754283211,-64.73033871613106,29.673001489567362,35.0,0.12368321216114309,12.517902710326286
11.353306039000023,108.04208323299972,SAT_10080,20.309288183089507,192.9897460298785,98.98349521107129,169.74751779632075,-64.68041186027068,29.692942896982615,35.0,0.12346066548181445,12.502376295450725
11.353306039000023,108.14208323299971,SAT_10080,20.34871467767279,193.21152006190943,98.98795159617727,169.7362578028415,-64.6409853656874,29.70866880021407,35.0,0.12328497994653305,12.490111383113447
11.353306039000023,108.2420832329997,SAT_10080,20.377602655923354,193.37401493956884,98.99119929222589,169.72799764691024,-64.61209738743683,29.720179167206226,35.0,0.12315628592610138,12.48112262180672
11.353306039000023,108.3420832329997,SAT_10080,20.39592399035938,193.4770724457715,98.99325142186434,169.72275454346845,-64.59377605300081,29.727473974497176,35.0,0.12307467947580297,12.475420804553728
11.353306039000023,108.44208323299969,SAT_10080,20.403660766551525,193.52059181185234,98.99411623076332,169.7205394593355,-64.58603927680866,29.73055320721802,35.0,0.12304022175005619,12.473012802941138
11.353306039000023,108.54208323299969,SAT_10080,20.40080540190965,193.5045303857418,98.99379718312373,169.72135703701426,-64.58889464145054,29.729416859092467,35.0,0.12305293862804889,12.473901524900697
11.353306039000023,108.64208323299968,SAT_10080,20.38736069611518,193.4289039156479,98.99229300166064,169.72520556233493,-64.602339347245,29.724064932436686,35.0,0.12311282055491732,12.47808589679184
11.353306039000023,108.74208323299968,SAT_10080,20.363339812490594,193.29378644525957,98.98959765287061,169.732076976408,-64.6263602308696,29.714497438159373,35.0,0.12321982260041198,12.485560870020551
11.353306039000023,108.84208323299967,SAT_10080,20.328766190564863,193.09930982192733,98.98570027728539,169.74195693171552,-64.66093385279532,29.70071439576201,35.0,0.1233738647343327,12.496317452107482
11.353306039000023,108.94208323299966,SAT_10035,20.29389832149498,192.90317805840928,98.98172370140679,169.75130262134024,-64.69580172186521,29.68648353029591,35.0,0.12353336104669514,12.507449269774176
11.453306039000022,105.94208323299983,SAT_10094,21.07183993690151,197.279099645071,99.06504134298983,169.52682990559316,-63.917860106458676,29.99363770700601,35.0,0.12007237460676642,12.264595533264751
11.453306039000022,106.04208323299983,SAT_10094,21.058827512473975,197.2059047576661,99.0637272688884,169.5306439205044,-63.93087253088621,29.988566204931715,35.0,0.12013004494363363,12.268664770369902
11.453306039000022,106.14208323299982,SAT_10035,21.042917909739366,197.11641324228395,99.06209892097672,169.5348004448785,-63.94678213362082,29.982085613738356,35.0,0.12020373961172583,12.273863562868943
11.453306039000022,106.24208323299982,SAT_10035,21.04040717359787,197.10229035148802,99.06184447362712,169.53553576420268,-63.94929286976232,29.981106388067516,35.0,0.12021486967843176,12.274648623948726
11.453306039000022,106.34208323299981,SAT_10035,21.027065692125802,197.02724451820765,99.06049080458563,169.53944198931654,-63.962634351234385,29.97590168117399,35.0,0.12027401587159019,12.278820027220243
11.453306039000022,106.4420832329998,SAT_10035,21.00290738667821,196.89135405006493,99.05803277888207,169.54651056370147,-63.98679265668198,29.966471503650205,35.0,0.12038113098740773,12.286372465643307
11.453306039000022,106.5420832329998,SAT_10035,20.96795737965698,196.6947602605705,99.05446103240418,169.55672604933045,-64.02174266370321,29.95281587468842,35.0,0.12053612981276117,12.29729635924841
11.453306039000022,106.6420832329998,SAT_10035,20.922251820866222,196.4376664923725,99.04976186629675,169.5700662385446,-64.06744822249397,29.93493482208122,35.0,0.12073888966409453,12.31157791636649
11.453306039000022,106.74208323299979,SAT_10035,20.86583763941401,196.1203367217038,99.04391709135996,169.5865023138195,-64.12386240394618,29.912828382222234,35.0,0.12098925115872579,12.329199221190189
11.453306039000022,106.84208323299978,SAT_10035,20.798772224754416,195.74309376424358,99.03690381939803,169.60599905301962,-64.19092781860577,29.88649660010706,35.0,0.12128701920885217,12.350138346484355
11.453306039000022,106.94208323299978,SAT_10035,20.72112304141278,195.3063171079469,99.02869419736187,169.62851507711164,-64.2685770019474,29.85593952933443,35.0,0.12163196422590114,12.374369489944296
11.453306039000022,107.04208323299977,SAT_10035,20.632967182804066,194.81044040327288,99.0192550788813,169.6540031367276,-64.35673286055612,29.82115723210759,35.0,0.12202382352050507,12.40186313241562
11.453306039000022,107.14208323299977,SAT_10035,20.53439087026142,194.25594864522046,99.00854762634488,169.68241043350753,-64.45530917309877,29.782149779235898,35.0,0.12246230288132653,12.43258621594581
11.453306039000022,107.24208323299976,SAT_10035,20.425488903978916,193.6433750848814,98.99652683500493,169.7136789717649,-64.56421113938127,29.738917250136634,35.0,0.12294707831426674,12.466502339438755
11.453306039000022,107.34208323299976,SAT_10035,20.306364073001916,192.97329791063578,98.98314096859274,169.74774593574074,-64.68333597035827,29.691459732837064,35.0,0.12347779792227082,12.503571969532327
11.453306039000022,107.44208323299975,SAT_10035,20.177126531669515,192.24633674064103,98.96833089353791,169.78454408754533,-64.81257351169067,29.63977732397669,35.0,0.12405408390501543,12.543752664217019
11.453306039000022,107.54208323299974,SAT_10080,20.071375887035103,191.65148936457246,98.95600805734934,169.81513457411154,-64.91832415632508,29.59764529872377,35.0,0.1245218587028684,12.57631302223444
11.453306039000022,107.64208323299974,SAT_10080,20.163018787082024,192.1669806773364,98.96672053451408,169.78915564337888,-64.82668125627816,29.63443514067631,35.0,0.12411287879337284,12.547847874782233
11.453306039000022,107.74208323299973,SAT_10080,20.244378415850363,192.6246285891583,98.97610021557333,169.76602174813635,-64.74532162750982,29.66701119190166,35.0,0.12375001330140506,12.52256105797373
11.453306039000022,107.84208323299973,SAT_10080,20.31537856212384,193.02400441194663,98.9841870955547,169.7457794351783,-64.67432148123635,29.695373385975056,35.0,0.12343352334024156,12.500481908692878
11.453306039000022,107.94208323299972,SAT_10080,20.375951808296293,193.36472892166665,98.9910150441569,169.7284699120533,-64.6137482350639,29.719521665067898,35.0,0.12316363962140614,12.481636348457096
11.453306039000022,108.04208323299972,SAT_10080,20.426039957370747,193.64647476021045,98.9966122193433,169.71412877398967,-64.56366008598944,29.739455979946307,35.0,0.12294056109502545,12.466046730851053
11.453306039000022,108.14208323299971,SAT_10080,20.465594407370872,193.86896854146116,99.00100140522461,169.70278576417826,-64.52410563598932,29.755176289969842,35.0,0.12276445376228874,12.453731708018614
11.453306039000022,108.2420832329997,SAT_10080,20.494576468155543,194.03199263337493,99.00420028146978,169.6944645707377,-64.49512357520464,29.76668256309049,35.0,0.12263544967388146,12.444706117883552
11.453306039000022,108.3420832329997,SAT_10080,20.512957616307673,194.13538659173065,99.00622162988827,169.6891826632418,-64.47674242705251,29.77397477585182,35.0,0.12255364612629983,12.43898089353623
11.453306039000022,108.44208323299969,SAT_10080,20.52071968457477,194.1790482257331,99.00707348243223,169.68695117115033,-64.46898035878542,29.77705291338839,35.0,0.12251910506573657,12.436562995957738
11.453306039000022,108.54208323299969,SAT_10080,20.517854983202554,194.16293428051435,99.00675921361785,169.68777480591527,-64.47184506015763,29.775916969425378,35.0,0.12253185270680272,12.437455370960944
11.453306039000022,108.64208323299968,SAT_10080,20.504366351451324,194.08706072691373,99.00527757922076,169.6916518279009,-64.48533369190886,29.770566946278418,35.0,0.1225918793707677,12.441656930915611
11.453306039000022,108.74208323299968,SAT_10080,20.48026713856278,193.95150265441563,99.00262270201777,169.69857405860634,-64.5094329047974,29.761002854853658,35.0,0.12269913954531135,12.449162561499408
11.453306039000022,108.84208323299967,SAT_10080,20.44558111445167,193.75639376879067,98.99878400429085,169.70852693800623,-64.54411892890852,29.747224714648024,35.0,0.12285355216505067,12.459963153385258
11.453306039000022,108.94208323299966,SAT_10035,20.418375861499385,193.60336422093405,98.99573456020582,169.7157171446268,-64.5713241818608,29.736088404323954,35.0,0.12297875522968955,12.468716686328252
11.553306039000022,105.94208323299983,SAT_10094,21.083771447875364,197.34621439429895,99.06623728311588,169.52333116965133,-63.90592859548482,29.998286065120737,35.0,0.12001949982029199,12.260863991133936
11.553306039000022,106.04208323299983,SAT_10094,21.070758655620786,197.27301743786694,99.06492562252667,169.52714690209393,-63.9189413877394,29.993216365984644,35.0,0.1200771665681146,12.264933685061994
11.553306039000022,106.14208323299982,SAT_10035,21.06935357508869,197.26511385987388,99.06476565556441,169.52705426785434,-63.9203464682715,29.992391136223883,35.0,0.12008656343418163,12.26559677320686
11.553306039000022,106.24208323299982,SAT_10035,21.066841599426873,197.25098399677617,99.06451210421172,169.52779063819008,-63.922858443933315,29.991412259113133,35.0,0.12009769676542015,12.266382368090945
11.553306039000022,106.34208323299981,SAT_10035,21.053493538904988,197.17590115634053,99.06316320541877,169.53170244358785,-63.9362065044552,29.98620940486049,35.0,0.12015686028233695,12.270556605445506
11.553306039000022,106.4420832329998,SAT_10035,21.029323352319743,197.03994385679857,99.06071385676357,169.53878110310004,-63.960376691040445,29.97678258405636,35.0,0.12026400666804805,12.278114165328725
11.553306039000022,106.5420832329998,SAT_10035,20.99435622949995,196.8432537909372,99.05715475358241,169.54901113471553,-63.99534381386024,29.96313181588933,35.0,0.12041905050559573,12.28904544452844
11.553306039000022,106.6420832329998,SAT_10035,20.948628416952303,196.58603484535672,99.05247228420578,169.5623702677155,-64.04107162640788,29.94525712814668,35.0,0.12062186881867941,12.303336618020396
11.553306039000022,106.74208323299979,SAT_10035,20.89218696875902,196.2685516992695,99.04664837559666,169.57882960311622,-64.09751307460117,29.92315855721508,35.0,0.1208723018455735,12.320969726854448
11.553306039000022,106.84208323299978,SAT_10035,20.82508942633092,195.89112802311143,99.03966028637416,169.59835381979366,-64.16461061702927,29.896836148081523,35.0,0.12117015403647463,12.34192279128066
11.553306039000022,106.94208323299978,SAT_10035,20.74740343159678,195.4541443027319,99.03148034311093,169.62090142323,-64.24229661176341,29.866289954334494,35.0,0.12151519526186721,12.36616994760602
11.553306039000022,107.04208323299977,SAT_10035,20.659206279054487,194.9580353196815,99.02207561455693,169.6464250332673,-64.3304937643057,29.831520038165344,35.0,0.1219071622171145,12.393681606986634
11.553306039000022,107.14208323299977,SAT_10035,20.560584412841933,194.40328732223588,99.01140751702215,169.67487170676617,-64.42911563051825,29.79252647036987,35.0,0.12234576000642557,12.424424634115532
11.553306039000022,107.24208323299976,SAT_10035,20.451632875565593,193.79043492505647,98.999431342489,169.70618329069083,-64.5380671677946,29.74930933035017,35.0,0.12283066388764498,12.458362543566293
11.553306039000022,107.34208323299976,SAT_10035,20.332454716051984,193.12005777779243,98.9860956990552,169.7402968008655,-64.6572453273082,29.70186870611664,35.0,0.12336152115799072,12.495455711401345
11.553306039000022,107.44208323299975,SAT_10066,20.206365500565326,192.41080594067995,98.97174348747022,169.77702239197532,-64.78333454279486,29.651896117249876,35.0,0.1239182708907331,12.534289997178687
11.553306039000022,107.54208323299974,SAT_10080,20.176419908245492,192.2423619838809,98.96827727839327,169.78534969299034,-64.8132801351147,29.639806437663967,35.0,0.12405309509724516,12.543683784691071
11.553306039000022,107.64208323299974,SAT_10080,20.268322890165976,192.75931625718363,98.97883989742144,169.75920075880447,-64.72137715319421,29.67658309079452,35.0,0.12364326055081382,12.515116224633449
11.553306039000022,107.74208323299973,SAT_10080,20.349915485961162,193.21827460853154,98.98808941043758,169.7359146137179,-64.63978455739903,29.709147463826778,35.0,0.12327962989271934,12.489737777615174
11.553306039000022,107.84208323299973,SAT_10080,20.421120541107626,193.6188030437304,98.99606484909505,169.71553840981005,-64.56857950225256,29.737499490351237,35.0,0.12296246721884964,12.4675781155749
11.553306039000022,107.94208323299972,SAT_10080,20.481869796505038,193.96051760534084,99.00279927287599,169.6981138950839,-64.50783024685515,29.761639112552597,35.0,0.12269200589264732,12.4486634584312
11.553306039000022,108.04208323299972,SAT_10080,20.532104323475323,194.2430868195487,99.00832017012029,169.6836771350675,-64.45759571988486,29.7815662812083,35.0,0.12246844716353866,12.433016418862117
11.553306039000022,108.14208323299971,SAT_10080,20.571774905267887,194.46623384213189,99.01264978576353,169.67225826837026,-64.4179251380923,29.797280955687242,35.0,0.12229195896003363,12.420655866449254
11.553306039000022,108.2420832329997,SAT_10080,20.600842359927725,194.62973827459348,99.01580538273939,169.66388129961229,-64.38885768343246,29.80878310394877,35.0,0.12216267487168364,12.411596812897264
11.553306039000022,108.3420832329997,SAT_10080,20.61927780009482,194.73343762553338,99.01779944247201,169.65856393267413,-64.37042224326537,29.816072702541838,35.0,0.1220806933320788,12.405850319801006
11.553306039000022,108.44208323299969,SAT_10080,20.62706282610945,194.77722839686567,99.01863980854245,169.65631744668178,-64.36263721725074,29.81914973660443,35.0,0.12204607701280122,12.403423430160583
11.553306039000022,108.54208323299969,SAT_10080,20.62418964970378,194.76106677958376,99.01832977641477,169.65714661653823,-64.36551039365641,29.818014199863164,35.0,0.12205885243576986,12.40431912454558
11.553306039000022,108.64208323299968,SAT_10080,20.610661146521466,194.68496894918323,99.01686813100588,169.66104967917317,-64.37903889683872,29.812666094633137,35.0,0.12211900980876944,12.408536302489912
11.553306039000022,108.74208323299968,SAT_10080,20.58649083671409,194.54901095651678,99.01424913284183,169.66801834601307,-64.4032092066461,29.80310543181799,35.0,0.12222650308620417,12.416069789364805
11.553306039000022,108.84208323299967,SAT_10080,20.55170279389486,194.3533282156586,99.01046245252736,169.67803786148264,-64.43799724946533,29.789332230910176,35.0,0.12238125025432217,12.426910368638536
11.553306039000022,108.94208323299966,SAT_10035,20.532222542808313,194.2437518032968,99.00830939144403,169.6830341853672,-64.45747750055187,29.78129040761828,35.0,0.12247195141395707,12.433261771388995
11.653306039000022,105.84208323299984,SAT_10094,21.086566212365305,197.36193494455483,99.06651188132682,169.52251143360328,-63.90313383099488,29.999374610183814,35.0,0.12000711544442279,12.259989892130994
11.653306039000022,106.04208323299983,SAT_10035,21.07617601382657,197.30349007777446,99.06544714283997,169.52505398143873,-63.91352402953362,29.995049333334542,35.0,0.12005632676343678,12.263463054666001
11.653306039000022,106.14208323299982,SAT_10035,21.08450382472099,197.35033401405556,99.06628612163304,169.52261167729324,-63.9051962186392,29.9982932710931,35.0,0.12001942048854541,12.260858391950515
11.653306039000022,106.24208323299982,SAT_10035,21.081991525708446,197.33620233211002,99.0660331309783,169.52334853712313,-63.90770851765174,29.99731474518004,35.0,0.12003055397275525,12.261644171735895
11.653306039000022,106.34208323299981,SAT_10035,21.06864175074479,197.26110984793942,99.06468721735406,169.52726294145873,-63.9210582926154,29.992113757587482,35.0,0.1200897182904257,12.265819390453718
11.653306039000022,106.4420832329998,SAT_10035,21.04446847583356,197.12513517656376,99.06224329886042,169.534346297963,-63.945231567526626,29.982690318903842,35.0,0.12019686607432628,12.27337872239315
11.653306039000022,106.5420832329998,SAT_10035,21.009496921789264,196.92842018506462,99.05869210832017,169.54458310411871,-63.98020312157092,29.969044448314115,35.0,0.12035191181674824,12.28431255394958
11.653306039000022,106.6420832329998,SAT_10035,20.96376337955654,196.67116901000557,99.05402008904836,169.55795105980724,-64.02593666380365,29.951176173600366,35.0,0.12055473241103966,12.298607045185744
11.653306039000022,106.74208323299979,SAT_10035,20.90731496064255,196.35364665361436,99.04820924128094,169.57442122806893,-64.08238508271764,29.929085531142437,35.0,0.12080516792666837,12.316244217864474
11.653306039000022,106.84208323299978,SAT_10035,20.840209276278756,195.97617717906803,99.04123691626656,169.59395824163025,-64.14949076708143,29.902772565918887,35.0,0.12110302260803449,12.337202068762041
11.653306039000022,106.94208323299978,SAT_10035,20.76251404989813,195.539141530677,99.03307555393705,169.61652055213625,-64.22718599346206,29.872237331508146,35.0,0.12144806608459412,12.361454706749353
11.653306039000022,107.04208323299977,SAT_10035,20.674306668372665,195.04297500959623,99.02369235884731,169.64206071845803,-64.31539337498752,29.837479890089885,35.0,0.12184003477747163,12.388972511841905
11.653306039000022,107.14208323299977,SAT_10035,20.575673678182397,194.48816443977597,99.01304890766286,169.6705257299649,-64.41402636517779,29.798500312446613,35.0,0.12227863348567496,12.419722314173807
11.653306039000022,107.24208323299976,SAT_10035,20.466710233267577,193.87524506213012,99.00110067982607,169.70185736027346,-64.52298981009261,29.755298677965506,35.0,0.12276353713332355,12.453667590651325
11.653306039000022,107.34208323299976,SAT_10066,20.387817667672763,193.4314743806593,98.99235393847586,169.725259202225,-64.60188237568742,29.72434359795772,35.0,0.12310954774870846,12.477857223671439
11.653306039000022,107.44208323299975,SAT_10066,20.31225254974855,193.0064205923356,98.98384378446191,169.7468558855564,-64.67744749361164,29.694221991039054,35.0,0.12344620991405561,12.50136738918022
11.653306039000022,107.54208323299974,SAT_10080,20.27078039634506,192.773139729441,98.97912244979764,169.75850037206357,-64.71891964701513,29.677565092749525,35.0,0.12363230517128307,12.514352062529804
11.653306039000022,107.64208323299974,SAT_10080,20.362915717392653,193.2914009103337,98.98955328842199,169.73219824095656,-64.62678432596753,29.714328458004807,35.0,0.1232217119162987,12.485692831099485
11.653306039000022,107.74208323299973,SAT_10080,20.444716463198247,193.75153010549016,98.99868832413091,169.7087748877599,-64.54498358016194,29.746881065137078,35.0,0.12285740184991689,12.460232355689211
11.653306039000022,107.84208323299973,SAT_10080,20.516104624960235,194.15308851540132,99.00656574618758,169.68827801328544,-64.47359541839995,29.77522284775187,35.0,0.12253964176069163,12.438000611105693
11.653306039000022,107.94208323299972,SAT_10080,20.577011181382673,194.49568789527757,99.01321790541769,169.67074985557502,-64.41268886197751,29.799353748046972,35.0,0.12226866740649067,12.419024087042965
11.653306039000022,108.04208323299972,SAT_10080,20.627376540967944,194.7789930429447,99.01867170433967,169.65622690664253,-64.36232350239224,29.81927371681095,35.0,0.12204468211301435,12.403325630447657
11.653306039000022,108.14208323299971,SAT_10080,20.66715092998534,195.00272398116755,99.02294891609904,169.64473966372066,-64.32254911337485,29.83498271342191,35.0,0.12186785554931161,12.390924307526785
11.653306039000022,108.2420832329997,SAT_10080,20.69629472086187,195.16665780484806,99.02606643892004,169.63631241850385,-64.29340532249832,29.846480705846428,35.0,0.12173832269477003,12.381835287146135
11.653306039000022,108.3420832329997,SAT_10080,20.714778696453237,195.27063016754946,99.02803649131026,169.63096308741254,-64.27492134690695,29.853767670638774,35.0,0.12165618301001323,12.37606974712317
11.653306039000022,108.44208323299969,SAT_10080,20.722584246496254,195.31453638654142,99.02886675196268,169.62870308534093,-64.26711579686393,29.856843592940283,35.0,0.12162149982182802,12.37363480464145
11.653306039000022,108.54208323299969,SAT_10080,20.719703493449472,195.2983321506533,99.02856044714106,169.62953724475227,-64.26999654991072,29.855708466479,35.0,0.12163429992971417,12.374533471707736
11.653306039000022,108.64208323299968,SAT_10080,20.70613934592741,195.2220338208417,99.0271163872721,169.6334637813174,-64.28356069743278,29.850362293569493,35.0,0.12169457343894909,12.378764636245918
11.653306039000022,108.74208323299968,SAT_10080,20.68190547896043,195.08571831915245,99.02452895346187,169.64047430660915,-64.30779456439976,29.84080508511294,35.0,0.12180227382225205,12.386323069081294
11.653306039000022,108.84208323299967,SAT_10080,20.647026241361218,194.88952260765686,99.02078803367237,169.6505538876658,-64.34267380199897,29.827036860597385,35.0,0.12195731820927799,12.39719945672127
11.653306039000022,108.94208323299966,SAT_10035,20.635326719307585,194.82371279610518,99.01950531858134,169.65332196648365,-64.3543733240526,29.822089450062673,35.0,0.12201333189580427,12.401127475735835
11.653306039000022,109.04208323299966,SAT_10035,20.651754880424292,194.91612120238665,99.02127300547401,169.64857778115157,-64.3379451629359,29.828578065967434,35.0,0.12194028949602581,12.396005158255727
11.653306039000022,109.14208323299965,SAT_10035,20.657526039952344,194.94858397473195,99.02189293126976,169.6469105124516,-64.33217400340784,29.830856703643825,35.0,0.12191463203197074,12.394205562568104
11.753306039000021,106.04208323299983,SAT_10035,21.080026289364184,197.32514787767354,99.06582845415338,169.5239248972826,-63.909673753996,29.996549241833815,35.0,0.12003926324646488,12.262258835300763
11.753306039000021,106.4420832329998,SAT_10035,21.04832628871793,197.14683537403837,99.06262751772232,169.5332162710969,-63.94137375464226,29.98419469642089,35.0,0.12017976504373074,12.27217241492251
11.753306039000021,106.5420832329998,SAT_10035,21.013363048358705,196.95016714701774,99.05907956094836,169.543452041056,-63.97633699500148,29.970553760181,35.0,0.1203347694006104,12.283103944725864
11.753306039000021,106.6420832329998,SAT_10035,20.967640378943628,196.6929771315579,99.0544118136937,169.55681864727597,-64.02205966441656,29.952691946647395,35.0,0.12053753585728783,12.297395427930695
11.753306039000021,106.74208323299979,SAT_10035,20.911205381406234,196.37553027041008,99.04860630718609,169.5732871586077,-64.07849466195395,29.93060929219323,35.0,0.12078790452582158,12.31502889101364
11.753306039000021,106.84208323299978,SAT_10035,20.844115654114233,195.99815055439254,99.04164043189247,169.59282221483846,-64.14558438924595,29.904305841788773,35.0,0.12108567970242537,12.335982336493839
11.753306039000021,106.94208323299978,SAT_10035,20.76643890547298,195.5612188432855,99.03348667579695,169.6153822758502,-64.2232611378872,29.873781649002595,35.0,0.12143063107707767,12.360229879962512
11.753306039000021,107.04208323299977,SAT_10035,20.678252505308237,195.06517034235884,99.02411230109904,169.6409199098419,-64.31144753805195,29.83903677600292,35.0,0.12182249513953992,12.38774190907344
11.753306039000021,107.14208323299977,SAT_10066,20.60330115392908,194.64356899085107,99.01607544503563,169.66335747593075,-64.3863988894311,29.80985423546784,35.0,0.12215052301989882,12.410745125948294
11.753306039000021,107.24208323299976,SAT_10066,20.548493173125735,194.33527409883226,99.01011712699247,169.67914664469544,-64.44120687023445,29.788158894451403,35.0,0.12239430732110496,12.427824812669316
11.753306039000021,107.34208323299976,SAT_10066,20.483177646570496,193.96787426195905,99.00295018322848,169.69792310945547,-64.50652239678969,29.762255883734998,35.0,0.12268495615212155,12.448170214917095
11.753306039000021,107.44208323299975,SAT_10066,20.407418097443866,193.54172679812174,98.99454546368126,169.71964798202168,-64.58228194591632,29.73214525616657,35.0,0.12302225266982093,12.471756967391384
11.753306039000021,107.54208323299974,SAT_10080,20.354365559622636,193.24330627287733,98.9885928782791,169.73464266339678,-64.63533448373755,29.71092118868929,35.0,0.12325980353899058,12.48835320549108
11.753306039000021,107.64208323299974,SAT_10080,20.44670446097186,193.7627125929667,98.99890899513183,169.70820479283188,-64.54299558238833,29.74767116704681,35.0,0.12284855072781245,12.45961340587544
11.753306039000021,107.74208323299973,SAT_10080,20.528687625503295,194.22386789345603,99.0079443637096,169.68465985932642,-64.46101241785689,29.780211920599474,35.0,0.12248364990568117,12.434080829224262
11.753306039000021,107.84208323299973,SAT_10080,20.60023628424534,194.62632909888003,99.01573644343374,169.66405605249733,-64.38946375911485,29.80854338296761,35.0,0.1221653702498649,12.411785719335267
11.753306039000021,107.94208323299972,SAT_10080,20.661280737576305,194.96970414886673,99.02231697101335,169.6464360469686,-64.32841930578388,29.832665496361876,35.0,0.12189394964260525,12.392754805534544
11.753306039000021,108.04208323299972,SAT_10080,20.711760804040168,195.25365452272598,99.02771234119751,169.6318367147646,-64.27793923932002,29.852578211581807,35.0,0.12166959325188466,12.377011142885339
11.753306039000021,108.14208323299971,SAT_10080,20.75162621410348,195.4778974543321,99.0319439181332,169.62028887269247,-64.2380738292567,29.86828148801454,35.0,0.1214924722912618,12.364573972287511
11.753306039000021,108.2420832329997,SAT_10080,20.78083694348588,195.64220780710806,99.03502828383245,169.6118170682861,-64.2088630998743,29.879775293633788,35.0,0.12136272297351129,12.355458602248495
11.753306039000021,108.3420832329997,SAT_10080,20.799363481438434,195.74641958309118,99.03697742882439,169.60643940739124,-64.19033656192175,29.887059604999045,35.0,0.12128044567072703,12.34967631385884
11.753306039000021,108.44208323299969,SAT_10080,20.807187030190164,195.7904270448197,99.03779888881516,169.60416742591093,-64.18251301317002,29.890134407254948,35.0,0.12124570429119677,12.347234290222838
11.753306039000021,108.54208323299969,SAT_10080,20.804299632714162,195.77418543401714,99.0374958300574,169.6050060076127,-64.18540041064603,29.888999694130934,35.0,0.12125852588078079,12.348135571283473
11.753306039000021,108.64208323299968,SAT_10080,20.790704226981433,195.69771127677055,99.03606708510027,169.6089533492185,-64.19899581637875,29.88365546794106,35.0,0.12131890045377805,12.352379034647532
11.753306039000021,108.74208323299968,SAT_10080,20.76641462591681,195.56108227078207,99.03350713961609,169.61600097330287,-64.22328541744338,29.87410173958408,35.0,0.121426781055403,12.359959402669185
11.753306039000021,108.84208323299967,SAT_10080,20.73145542334879,195.36443675633697,99.02980607004727,169.62613378880351,-64.2582446200114,29.8603385285437,35.0,0.1215820840550884,12.370867275696497
11.753306039000021,108.94208323299966,SAT_10035,20.72758528170941,195.34266720961543,99.02937199266158,169.6266435648402,-64.26211476165078,29.85848545032692,35.0,0.12160324911173319,12.37235339802576
11.753306039000021,109.04208323299966,SAT_10035,20.744055095733316,195.43530991349988,99.03111915280383,169.62187185699688,-64.24564494762687,29.86497170190445,35.0,0.12153007131736444,12.367214721217078
11.753306039000021,109.14208323299965,SAT_10035,20.749840904916354,195.4678550901545,99.03173188718623,169.62019490876384,-64.23985913844383,29.86724950928918,35.0,0.12150436623717524,12.365409372732008
11.853306039000021,106.4420832329998,SAT_10035,21.040892588798222,197.10502081199,99.06186839369582,169.53539360573697,-63.948807454561965,29.9812957136099,35.0,0.12021271782149867,12.274496844613394
11.853306039000021,106.5420832329998,SAT_10035,21.00595041218474,196.90847106853917,99.0583190107146,169.54562052503172,-63.98374963117545,29.96765974848249,35.0,0.12036763749046644,12.285421217135749
11.853306039000021,106.6420832329998,SAT_10035,20.96025522482647,196.6514356396489,99.05364938243204,169.5589756047511,-64.02944481853372,29.949804444267315,35.0,0.12057029337500216,12.29970336467492
11.853306039000021,106.74208323299979,SAT_10035,20.903854049078518,196.33417902606666,99.04784152902947,169.5754299633507,-64.08584599428167,29.92772983733097,35.0,0.12082052584111024,12.317325342420833
11.853306039000021,106.84208323299978,SAT_10035,20.836804387752963,195.95702468111043,99.04087282709035,169.59494830089778,-64.15289565560722,29.901435972635607,35.0,0.12111813949437789,12.338265187850677
11.853306039000021,106.94208323299978,SAT_10066,20.766162066581145,195.55966162451892,99.03348399725306,169.616259965897,-64.22353797677904,29.874102474530996,35.0,0.12142670108347571,12.359953784329564
11.853306039000021,107.04208323299977,SAT_10066,20.7324433220503,195.36999368653295,99.02991484687729,169.62603324628276,-64.25725672130989,29.86082747514521,35.0,0.12157648990072903,12.370474460271613
11.853306039000021,107.14208323299977,SAT_10066,20.688095246117044,195.1205357594084,99.02519256597967,169.63886973040022,-64.30160479724314,29.843346271741627,35.0,0.12177355426014991,12.3843077843244
11.853306039000021,107.24208323299976,SAT_10066,20.633162168796503,194.8115371994803,99.01929858347756,169.6547422354746,-64.35653787456368,29.821658899987543,35.0,0.12201774324467601,12.401436795831941
11.853306039000021,107.34208323299976,SAT_10066,20.56769851105736,194.44330412469765,99.01220945313476,169.67361740805012,-64.42200153230283,29.79576540413409,35.0,0.12230887142547653,12.421840656961319
11.853306039000021,107.44208323299975,SAT_10066,20.491768426259767,194.01619739771118,99.0038965794997,169.69545595415508,-64.49793161710042,29.765665837017345,35.0,0.12264671998910816,12.445494779973574
11.853306039000021,107.54208323299974,SAT_10080,20.42709278495795,193.65239691538847,98.99673077682752,169.71382705947448,-64.56260725840224,29.73987465897634,35.0,0.12293587296285548,12.465718984941235
11.853306039000021,107.64208323299974,SAT_10080,20.519605588739807,194.1727814366614,99.00694836315968,169.68727149644957,-64.47009445462038,29.77661115144409,35.0,0.1225240626517064,12.436910046963186
11.853306039000021,107.74208323299973,SAT_10080,20.60174461364724,194.63481345176575,99.01589812512044,169.66362114129788,-64.38795542971295,29.80913996376452,35.0,0.12215866233392515,12.411315589845657
11.853306039000021,107.84208323299973,SAT_10080,20.673430429279037,195.03804616469458,99.02361689773707,169.64292460943176,-64.31626961408115,29.837461029572506,35.0,0.12183994325883238,12.388966090963063
11.853306039000021,107.94208323299972,SAT_10080,20.734592745722637,195.38208419468984,99.03013589223019,169.625224955828,-64.25510729763755,29.861574291091372,35.0,0.12156814515159411,12.36988848774932
11.853306039000021,108.04208323299972,SAT_10080,20.78517086807676,195.6665861329318,99.03548106878904,169.61055938361153,-64.20452917528343,29.881479699131432,35.0,0.12134347477852721,12.354106016024797
11.853306039000021,108.14208323299971,SAT_10080,20.825114095265263,195.89126678586712,99.03967344148275,169.59895898806047,-64.16458594809492,29.897177213088728,35.0,0.12116610469327374,12.341638068429909
11.853306039000021,108.2420832329997,SAT_10080,20.854382057692675,196.0558990745213,99.04272932163524,169.59044853965733,-64.13531798566751,29.908666800943983,35.0,0.12103617217880808,12.332500074775371
11.853306039000021,108.3420832329997,SAT_10080,20.87294498902645,196.1603155632738,99.044660504602,169.58504630933004,-64.11675505433374,29.915948439261822,35.0,0.12095377839813308,12.326703405867391
11.853306039000021,108.44208323299969,SAT_10080,20.880783928263014,196.20440959647948,99.04547440367023,169.5827639384439,-64.10891611509717,29.919022113190138,35.0,0.12091898776413669,12.324255302079289
11.853306039000021,108.54208323299969,SAT_10080,20.877890849178428,196.18813602662868,99.045174133712,169.58360635548073,-64.11180919418176,29.917887816459746,35.0,0.12093182753646327,12.32515882762431
11.853306039000021,108.64208323299968,SAT_10080,20.864268715300412,196.11151152356481,99.04375854621752,169.58757174064755,-64.12543132805978,29.91254555138419,35.0,0.12099228765046331,12.329412851145962
11.853306039000021,108.74208323299968,SAT_10080,20.83993145959846,195.97461446024136,99.04122221638573,169.59465153895283,-64.14976858376173,29.902995328859838,35.0,0.12110032078037837,12.337012052888367
11.853306039000021,108.84208323299967,SAT_10080,20.80490388919165,195.77758437670306,99.03755538202294,169.60483052154916,-64.18479615416854,29.889237168366126,35.0,0.12125584263596438,12.347946958349528
11.853306039000021,108.94208323299966,SAT_10035,20.808904323446058,195.8000868193841,99.03795224504343,169.60305648557647,-64.18079571991413,29.89047833586445,35.0,0.12124202351500472,12.346975546687109
11.853306039000021,109.04208323299966,SAT_10035,20.825410415324157,195.89293358619838,99.03968159272804,169.59826052761008,-64.16428962803603,29.896962205645174,35.0,0.12116872878175364,12.341822577289362
11.95330603900002,106.4420832329998,SAT_10035,21.022175470695167,196.99973702266033,99.05996329718356,169.54087332590734,-63.96752457266502,29.973993376247353,35.0,0.1202956969662185,12.280348926038808
11.95330603900002,106.5420832329998,SAT_10035,20.987267057746053,196.80337719982157,99.05640781429466,169.55108361197406,-64.00243298561413,29.960362418985277,35.0,0.12045048880434643,12.291261303821008
11.95330603900002,106.6420832329998,SAT_10035,20.941615896585773,196.54658941829499,99.05173013382131,169.56441702956735,-64.04808414677441,29.942513672214012,35.0,0.12065297788940677,12.305527811531666
11.95330603900002,106.74208323299979,SAT_10035,20.885268863424088,196.2296373567605,99.04591222274158,169.58084479025277,-64.1044311799361,29.92044717229371,35.0,0.12090300505145948,12.323130556925575
11.95330603900002,106.84208323299978,SAT_10066,20.86324656219888,196.1057619123687,99.04365461800872,169.58805529843647,-64.1264534811613,29.91224557737933,35.0,0.12099563186507721,12.329648128239093
11.95330603900002,106.94208323299978,SAT_10066,20.840145596360287,195.97581897952662,99.04124724587193,169.59477527784736,-64.1495544469999,29.903180165931072,35.0,0.12109817525538108,12.336861159828226
11.95330603900002,107.04208323299977,SAT_10066,20.806360517868498,195.78577791301032,99.03771131545312,169.6045933632962,-64.18333952549169,29.88991008033493,35.0,0.12124817637899905,12.347408066151415
11.95330603900002,107.14208323299977,SAT_10066,20.761925565499823,195.53583130593648,99.03303314461108,169.6174885418887,-64.22777447786036,29.872435347669292,35.0,0.12144551884267568,12.361275764798298
11.95330603900002,107.24208323299976,SAT_10066,20.7068854532437,195.2262306744958,99.0271944678433,169.63343338299717,-64.28281459011649,29.850756003593574,35.0,0.12169005053833308,12.378447160174563
11.95330603900002,107.34208323299976,SAT_10066,20.641295070862824,194.85728477360337,99.02017222633133,169.65239423074112,-64.34840497249736,29.824872092349118,35.0,0.12198158457986401,12.398901249525498
11.95330603900002,107.44208323299975,SAT_10066,20.56521912066961,194.42935755376655,99.01193829955622,169.67433143726828,-64.42448092269058,29.794783666760317,35.0,0.12231990044284657,12.422613251739756
11.95330603900002,107.54208323299974,SAT_10080,20.48888917806174,194.00000162659728,99.00357181159416,169.696098147908,-64.50081086529845,29.76442544588606,35.0,0.1226607626301701,12.446477400646337
11.95330603900002,107.64208323299974,SAT_10080,20.58154539351122,194.5211928385006,99.01370632879286,169.66944346150612,-64.40815464984897,29.80114835350222,35.0,0.12224849943386047,12.417611042411203
11.95330603900002,107.74208323299973,SAT_10080,20.66381298882723,194.9839480621532,99.02258391370408,169.64570431354582,-64.32588705453296,29.833665136964505,35.0,0.12188269317823339,12.391965184773392
11.95330603900002,107.84208323299973,SAT_10080,20.73561197504118,195.38781735960666,99.03024087649013,169.62492967947975,-64.254088068319,29.86197572992211,35.0,0.12156361685673964,12.369570501904628
11.95330603900002,107.94208323299972,SAT_10080,20.796871563694978,195.73240254578425,99.0367079865818,169.60716293593396,-64.19282847966521,29.88608007461082,35.0,0.12129151174591925,12.350454106596152
11.95330603900002,108.04208323299972,SAT_10080,20.84753062620163,196.01735977238417,99.04201083877835,169.5924415660593,-64.14216941715856,29.905978121851543,35.0,0.12106658595765125,12.334639386993137
11.95330603900002,108.14208323299971,SAT_10080,20.88753809695214,196.2424017953558,99.046170152763,169.580796900665,-64.10216194640805,29.921669831049073,35.0,0.12088901317379062,12.322145863618324
11.95330603900002,108.2420832329997,SAT_10080,20.916853314636057,196.40729989482784,99.04920201221441,169.57225389881725,-64.07284672872413,29.933155170191046,35.0,0.12075893157834959,12.312989068519578
11.95330603900002,108.3420832329997,SAT_10080,20.93544629699943,196.5118854206218,99.05111804833909,169.56683097108646,-64.05425374636076,29.94043411584712,35.0,0.12067644300024702,12.307180448121173
11.95330603900002,108.44208323299969,SAT_10080,20.943297945131107,196.55605094136246,99.05192557146022,169.56453984805228,-64.04640209822908,29.9435066531684,35.0,0.12064161227723541,12.304727291067964
11.95330603900002,108.54208323299969,SAT_10080,20.940400174345996,196.53975098069623,99.05162765323381,169.56538549602146,-64.04929986901419,29.942372775887037,35.0,0.12065446684896385,12.305632682030803
11.95330603900002,108.64208323299968,SAT_10080,20.926755969763803,196.4630023299214,99.05022316108143,169.5693660812302,-64.06294407359638,29.937032486316095,35.0,0.12071499658430852,12.309895482097954
11.95330603900002,108.74208323299968,SAT_10080,20.902379365773612,196.3258839324766,99.04770674550188,169.57647298307205,-64.08732067758658,29.927485795349583,35.0,0.12082315384515611,12.317510336018957
11.95330603900002,108.84208323299967,SAT_10080,20.86729534969038,196.12853634200837,99.04406878001836,169.58669085614434,-64.12240469366981,29.913732722462743,35.0,0.12097885378583247,12.328467706202375
11.95330603900002,108.94208323299966,SAT_10035,20.879199761872087,196.1954986605305,99.04528263701184,169.58261226430278,-64.1105002814881,29.91806804291029,35.0,0.12092994160673144,12.325026118488879
11.95330603900002,109.04208323299966,SAT_10035,20.895736587738185,196.2885183060273,99.04699675566808,169.57779543723268,-64.093963455622,29.92454951343002,35.0,0.1208565489178271,12.319860982901517
11.95330603900002,109.14208323299965,SAT_10035,20.901545966410964,196.32119606106167,99.0475979140318,169.57610262060717,-64.08815407694922,29.92682564182874,35.0,0.12083076825888421,12.318046329911915
11.95330603900002,109.24208323299965,SAT_10035,20.89662193932854,196.29349840872305,99.04708840633266,169.57753747374193,-64.09307810403165,29.924896423462915,35.0,0.12085261986285183,12.319584433889778
12.05330603900002,106.84208323299978,SAT_10066,20.92620103783409,196.45988083781677,99.05016767754363,169.56971424775585,-64.0634990055261,29.93691678637699,35.0,0.12071627169411864,12.309985272453124
12.05330603900002,106.94208323299978,SAT_10066,20.90306245405813,196.329726304077,99.04777934633057,169.57646014296466,-64.08663758930206,29.927854756183326,35.0,0.12081893374305319,12.31721326877766
12.05330603900002,107.04208323299977,SAT_10066,20.869222533250493,196.13937674953405,99.04427145601422,169.58631601985076,-64.1204775101097,29.91458962012223,35.0,0.1209691078725732,12.327782002508599
12.05330603900002,107.14208323299977,SAT_10066,20.824715763969223,195.88902617232685,99.03963051650591,169.59926070400613,-64.16498427939096,29.897121405266205,35.0,0.12116667691858374,12.341678303732452
12.05330603900002,107.24208323299976,SAT_10066,20.76958718499263,195.57892791558356,99.03383851952432,169.61526655488544,-64.22011285836756,29.875450147266907,35.0,0.12141148776896223,12.358884962980058
12.05330603900002,107.34208323299976,SAT_10066,20.703892082587984,195.20939296455745,99.02687273232799,169.63429966049065,-64.2858079607722,29.84957589035605,35.0,0.12170335230915397,12.379380838328444
12.05330603900002,107.44208323299975,SAT_10066,20.62769562333061,194.7807878812347,99.01870543408745,169.65632007329984,-64.36200442002958,29.819498687346538,35.0,0.12204204857250839,12.403140985503768
12.05330603900002,107.54208323299974,SAT_10066,20.541072427563194,194.29353240504298,99.00930358953256,169.68128208405045,-64.448627615797,29.78521859963379,35.0,0.12242732208144007,12.430136809298894
12.05330603900002,107.64208323299974,SAT_10080,20.63246048704191,194.80759023961076,99.01921186006706,169.65475950901833,-64.35723955631828,29.82128272430713,35.0,0.12202207733460618,12.401740694272474
12.05330603900002,107.74208323299973,SAT_10080,20.714828734106334,195.27091162934812,99.02803017529781,169.63094860159913,-64.27487130925385,29.85378739131182,35.0,0.12165596066629192,12.376054138300251
12.05330603900002,107.84208323299973,SAT_10080,20.786716349251975,195.67527946454237,99.03563638023485,169.61011084568344,-64.20298369410821,29.882087435151842,35.0,0.12133661100568936,12.353623672570937
12.05330603900002,107.94208323299972,SAT_10080,20.848052140421544,196.02029328987118,99.04206088216782,169.59228987870682,-64.14164790293864,29.906182798075232,35.0,0.12106427088048334,12.334476551426576
12.05330603900002,108.04208323299972,SAT_10080,20.89877462790811,196.30560728198313,99.04732897635634,169.57752341089676,-64.09092541545208,29.92607343091333,35.0,0.12083914948775945,12.318636285980897
12.05330603900002,108.14208323299971,SAT_10080,20.93883245094942,196.53093253659048,99.05146114113546,169.5658429640706,-64.05086759241077,29.941759293079535,35.0,0.12066142141931738,12.30612250000038
12.05330603900002,108.2420832329997,SAT_10080,20.968184712029057,196.69603900516347,99.05447327354202,169.5572736502365,-64.02151533133113,29.953240352568265,35.0,0.12053122558591015,12.29695080807697
12.05330603900002,108.3420832329997,SAT_10080,20.986801254049,196.8007570540256,99.05637687019436,169.55183399322183,-64.00289878931119,29.96051658595415,35.0,0.12044866435356981,12.291132717689932
12.05330603900002,108.44208323299969,SAT_10080,20.994662866425116,196.84497862364128,99.05717915699175,169.54953579596338,-63.99503717693507,29.963587978391434,35.0,0.12041380290274062,12.28867555646038
12.05330603900002,108.54208323299969,SAT_10080,20.991761417130462,196.82865797135884,99.05688317015517,169.55038405544744,-63.997938626229725,29.962454523613605,35.0,0.1204266688182632,12.289582425577628
12.05330603900002,108.64208323299968,SAT_10080,20.97809990876931,196.75181198682733,99.05548779016912,169.55437692657927,-64.01160013459088,29.957116223933223,35.0,0.12048725191539554,12.293852180029448
12.05330603900002,108.74208323299968,SAT_10080,20.953692457860086,196.614520075463,99.05298772927418,169.56150573553253,-64.0360075855001,29.947573090242003,35.0,0.1205955043040806,12.30147943590549
12.05330603900002,108.84208323299967,SAT_10080,20.918564197632264,196.41692361168148,99.04937347227116,169.57175504237404,-64.07113584572792,29.933825142011052,35.0,0.12075134069064283,12.312454604674292
12.05330603900002,108.94208323299966,SAT_10035,20.93839790641725,196.52848822359704,99.05139391899571,169.56535610269964,-64.05130213694294,29.941254516479216,35.0,0.12066725414472569,12.306533296577797
12.05330603900002,109.04208323299966,SAT_10035,20.954959774178903,196.62164872975632,99.05309528230644,169.5605218830457,-64.03474026918128,29.9477335702791,35.0,0.12059378294479342,12.301358173469877
12.05330603900002,109.14208323299965,SAT_10035,20.9607779611146,196.65437603126963,99.05369197181803,169.55882294940434,-64.02892208224559,29.95000884998723,35.0,0.12056797467114794,12.299540008157326
12.15330603900002,107.14208323299977,SAT_10066,20.876400102140465,196.17975057454012,99.04501235128352,169.58422653673492,-64.11329994121972,29.91740439532755,35.0,0.12093725222448619,12.325540547587876
12.15330603900002,107.24208323299976,SAT_10066,20.82120206066034,195.8692615912144,99.03925874279906,169.60028179024476,-64.16849798269985,29.895741281784954,35.0,0.12118227731480612,12.342775196925222
12.15330603900002,107.34208323299976,SAT_10066,20.75542475751918,195.4992642610454,99.03233938145853,169.61937340499105,-64.23427528584101,29.86987674891108,35.0,0.12147439538565624,12.363304234375383
12.15330603900002,107.44208323299975,SAT_10066,20.67913373587352,195.07012726428857,99.02422687452624,169.641461189991,-64.31056630748667,29.839810849507522,35.0,0.12181338330500648,12.387102583698196
12.15330603900002,107.54208323299974,SAT_10066,20.592404043877792,194.58227274681258,99.01488858010445,169.6664991596343,-64.3972959994824,29.805543644956554,35.0,0.12219898526711281,12.414141499537543
12.15330603900002,107.64208323299974,SAT_10080,20.67229823175873,195.03167755364288,99.02348831618028,169.64325189449755,-64.31740181160146,29.837014223723735,35.0,0.12184497576635013,12.389319165061293
12.15330603900002,107.74208323299973,SAT_10080,20.754738692710887,195.49540514649874,99.03225984760458,169.61938659544194,-64.2349613506493,29.869506686697544,35.0,0.12147864582959383,12.36360279607531
12.15330603900002,107.84208323299973,SAT_10080,20.826689936500003,195.9001308928125,99.03982598721596,169.59850099364667,-64.16301010686018,29.897796105175566,35.0,0.12115910816457079,12.341146110224503
12.15330603900002,107.94208323299972,SAT_10080,20.888080465063823,196.24545261598402,99.04621685655877,169.58063892474797,-64.10161957829636,29.92188242141788,35.0,0.12088660624273515,12.321976468723536
12.15330603900002,108.04208323299972,SAT_10080,20.938848532462316,196.53102299510053,99.05145751453678,169.56583827154844,-64.05085151089787,29.941765586266087,35.0,0.12066135007977859,12.306117475535734
12.15330603900002,108.14208323299971,SAT_10080,20.978942554122995,196.75655186694186,99.05556824904215,169.5541307010369,-64.01075748923719,29.95744555914203,35.0,0.12048351495390786,12.2935888323884
12.15330603900002,108.2420832329997,SAT_10080,21.00832145340938,196.92180817542777,99.05856480983446,169.54554144146667,-63.98137858995081,29.96892230804681,35.0,0.12035324032409012,12.284406216206868
12.15330603900002,108.3420832329997,SAT_10080,21.026954940631533,197.02662154105238,99.0604585873287,169.540089102749,-63.962745102728654,29.976195809559933,35.0,0.12027062896152961,12.278581180578058
12.15330603900002,108.44208323299969,SAT_10080,21.03482372051581,197.0708834279014,99.06125674080482,169.53778554281993,-63.95487632284438,29.97926604883874,35.0,0.12023574630518212,12.276121082558001
12.15330603900002,108.54208323299969,SAT_10080,21.031919625132872,197.0545478913724,99.0609622785218,169.5386357819849,-63.957780418227316,29.97813301961802,35.0,0.12024862004941458,12.277029035811006
12.15330603900002,108.64208323299968,SAT_10080,21.018245670346786,196.97763189570065,99.05957409127218,169.54263796653657,-63.9714543730134,29.97279672420986,35.0,0.1203092399690378,12.281303890717643
12.15330603900002,108.74208323299968,SAT_10080,20.993816034959906,196.8402151966495,99.0570869400173,169.54978338219667,-63.99588400840028,29.963257173503695,35.0,0.12041755798393906,12.288940241723369
12.15330603900002,108.84208323299967,SAT_10035,20.959115867492883,196.6450267546475,99.05351608102893,169.55930832296082,-64.0305841758673,29.949358909216873,35.0,0.12057534725937713,12.300059414863975
12.15330603900002,108.94208323299966,SAT_10035,20.986435965796176,196.7987023076035,99.05631140968002,169.55132654276872,-64.00326407756401,29.9600377103642,35.0,0.12045417455185722,12.291521070607631
12.15330603900002,109.04208323299966,SAT_10035,21.00301705727827,196.8919709471903,99.05800240102306,169.54647848838206,-63.98668298608192,29.966514329990673,35.0,0.12038064467656813,12.286338183013955
12.15330603900002,109.14208323299965,SAT_10035,21.008842006396435,196.92473628597995,99.05859545669131,169.54477468900672,-63.98085803696375,29.96878875487897,35.0,0.12035481576302288,12.284517287072983
12.25330603900002,107.24208323299976,SAT_10066,20.86167576485589,196.0969261773144,99.04347775094195,169.5885124108057,-64.1280242785043,29.9116293667037,35.0,0.12100260395221478,12.330138630450083
12.25330603900002,107.34208323299976,SAT_10066,20.795839206114877,195.7265955343962,99.03659511523283,169.60764851141698,-64.19386083724531,29.885774627549182,35.0,0.12129489726159853,12.350692056115912
12.25330603900002,107.44208323299975,SAT_10066,20.719480057207633,195.29707532179293,99.02852595124342,169.62978751975896,-64.27021998615255,29.855720112753822,35.0,0.12163408657101771,12.374518492576398
12.25330603900002,107.54208323299974,SAT_10066,20.632673691649956,194.808789515531,99.0192379281156,169.6548832395696,-64.35702635171023,29.821465883686972,35.0,0.12201991506971559,12.401589080757875
12.25330603900002,107.64208323299974,SAT_10080,20.70101710413428,195.19322121075533,99.02655373315001,169.63494607472649,-64.28868293922591,29.848342820394752,35.0,0.12171733615074713,12.380362348743429
12.25330603900002,107.74208323299973,SAT_10080,20.783500936940257,195.65719277028896,99.03529063949736,169.6110440125975,-64.20619910641993,29.880822991790307,35.0,0.12135089134558302,12.354627194267167
12.25330603900002,107.84208323299973,SAT_10080,20.85549045206467,196.0621337928638,99.04282712730242,169.59012607133985,-64.13420959129552,29.909101708684467,35.0,0.12103125211788586,12.332153976522234
12.25330603900002,107.94208323299972,SAT_10080,20.91691394509354,196.4076409411512,99.04919310623987,169.57223622080352,-64.07278609826665,29.933178913349156,35.0,0.12075866256998262,12.312970128242295
12.25330603900002,108.04208323299972,SAT_10080,20.967709490542987,196.6933658843043,99.05441345997504,169.55741246065827,-64.0219905528172,29.95305455663604,35.0,0.12053333326474548,12.297099315530222
12.25330603900002,108.14208323299971,SAT_10080,21.00782535289943,196.9190176100593,99.05850833521023,169.5456865562049,-63.98187469046076,29.968728597975293,35.0,0.1203554399391793,12.284561292291952
12.25330603900002,108.2420832329997,SAT_10080,21.03722033471965,197.08436438279801,99.06149337252207,169.5370838144221,-63.95247970864054,29.980201005374557,35.0,0.12022512241867035,12.275371777174328
12.25330603900002,108.3420832329997,SAT_10080,21.055864056884516,197.1892353199754,99.06337988359539,169.5316229035219,-63.93383598647567,29.987471755418145,35.0,0.12014248374522933,12.269542354626674
12.25330603900002,108.44208323299969,SAT_10080,21.06373716699909,197.23352156436988,99.06417497832557,169.5293157186889,-63.9259628763611,29.990540833266436,35.0,0.12010758953059186,12.26708040140804
12.25330603900002,108.54208323299969,SAT_10080,21.06083147291757,197.21717703516134,99.06388164424372,169.5301672960225,-63.92886857044262,29.98940823265551,35.0,0.12012046754232801,12.267989039533282
12.25330603900002,108.64208323299968,SAT_10080,21.047149999447903,197.14021874689445,99.06249877978358,169.53417577598205,-63.942550043912284,29.98407395589697,35.0,0.12018110752821524,12.272267116298993
12.25330603900002,108.74208323299968,SAT_10080,21.02270696740254,197.00272669163928,99.06002118202272,169.54133241689215,-63.966993075957646,29.974538013878025,35.0,0.12028946128111488,12.279909211662416
12.25330603900002,108.84208323299967,SAT_10035,20.99592053100617,196.8520529869097,99.05727332672942,169.54855375052927,-63.99377951235402,29.96374282828128,35.0,0.12041211353536495,12.288556476570673
12.25330603900002,108.94208323299966,SAT_10035,21.023262487041833,197.00585148961034,99.06005530326154,169.54055518455004,-63.966437556318354,29.974417587135086,35.0,0.12029087754374496,12.280009081359657
12.25330603900002,109.04208323299966,SAT_10035,21.03985688148208,197.0991949583367,99.06173823380432,169.53569691954058,-63.94984316187811,29.9808917551398,35.0,0.12021730914580896,12.274820688331507
12.25330603900002,109.14208323299965,SAT_10035,21.04568651059997,197.13198662212486,99.0623284653534,169.53398952903257,-63.944013532760216,29.983165319080864,35.0,0.12019146667870735,12.272997856129809
12.35330603900002,107.64208323299974,SAT_10080,20.71858698445334,195.29205178755004,99.02842104184796,169.62986052163552,-64.27111305890685,29.855268491739825,35.0,0.12163926100981685,12.37488176800133
12.35330603900002,107.74208323299973,SAT_10080,20.80108506232486,195.75610347557733,99.03713524421525,169.60593950907116,-64.18861498103533,29.88773628403539,35.0,0.1212728006168985,12.34913895538265
12.35330603900002,107.84208323299973,SAT_10080,20.87308723997353,196.1611157248511,99.04465229108315,169.5850048974371,-64.11661280338666,29.916004223146153,35.0,0.12095314704447335,12.326658982051251
12.35330603900002,107.94208323299972,SAT_10080,20.934521707724656,196.5066846059512,99.05100195229572,169.56710072584588,-64.05517833563553,29.940072251355662,35.0,0.12068054470902205,12.30746931643629
12.35330603900002,108.04208323299972,SAT_10080,20.98532644850114,196.7924612728189,99.05620899589147,169.5522650542797,-64.00437359485905,29.959940319525487,35.0,0.12045520444583127,12.291593655659005
12.35330603900002,108.14208323299971,SAT_10080,21.025449649782416,197.01815428002607,99.0602934754314,169.540529698777,-63.96425039357777,29.975608387093974,35.0,0.12027730222027642,12.279051779674468
12.35330603900002,108.2420832329997,SAT_10080,21.054850052487993,197.18353154524496,99.0632709594778,169.5319200069472,-63.934849990872195,29.987076422075216,35.0,0.12014697804010521,12.269859427960121
12.35330603900002,108.3420832329997,SAT_10080,21.073497231869638,197.2884219292667,99.06515270779424,169.5264546770914,-63.91620281149055,29.994344401058235,35.0,0.12006433508209012,12.264028200375298
12.35330603900002,108.44208323299969,SAT_10080,21.08137180638674,197.33271641092543,99.06594579771078,169.52414562361838,-63.908328236973446,29.9974123092064,35.0,0.12002943904394128,12.261565483517517
12.35330603900002,108.54208323299969,SAT_10080,21.078465571537194,197.3163688398967,99.06565320309083,169.52499789077888,-63.91123447182299,29.99628014025705,35.0,0.12004231772965272,12.26247440357152
12.35330603900002,108.64208323299968,SAT_10080,21.064781556692388,197.2393962563947,99.06427382740657,169.52900961602168,-63.9249184866678,29.990947896521323,35.0,0.12010296087355093,12.266753806293885
12.35330603900002,108.74208323299968,SAT_10080,21.040334004100053,197.1018787730628,99.0618024915507,169.53617204353185,-63.949366039260134,29.98141558888424,35.0,0.12021132020529118,12.274398264407228
12.35330603900002,108.84208323299967,SAT_10035,21.02148376933816,196.99584620252716,99.05986855017274,169.54107576250453,-63.968216274022026,29.97372343033802,35.0,0.12029876373102333,12.280565178124498
12.35330603900002,108.94208323299966,SAT_10035,21.048837719957703,197.1497121747621,99.06264091136246,169.53306645157465,-63.940862323402484,29.98439411813751,35.0,0.12017749799324053,12.2720124919721
12.35330603900002,109.04208323299966,SAT_10035,21.0654394186247,197.24309672976392,99.06431803710225,169.52820165048826,-63.92426062473549,29.990865817077296,35.0,0.12010391146537845,12.266820879859146
12.35330603900002,109.14208323299965,SAT_10035,21.071271618120868,197.27590285192989,99.06490623493825,169.5264919611995,-63.91842842523932,29.993138513945535,35.0,0.12007806261550355,12.26499691536986
12.453306039000019,107.64208323299974,SAT_10080,20.724989368721225,195.32806519905688,99.02909822300442,169.62800658610942,-64.26471067463896,29.85779122395488,35.0,0.12161081330261682,12.372884499181806
12.453306039000019,107.74208323299973,SAT_10080,20.80747240269416,195.79203226515466,99.03780149091071,169.60408454104427,-64.18222764066603,29.890246549654094,35.0,0.12124443709954863,12.347145212176295
12.453306039000019,107.84208323299973,SAT_10080,20.879461490875713,196.19697088617588,99.04530917848487,169.58314902113273,-64.11023855248447,29.918503634803997,35.0,0.1209248568381529,12.324668309317596
12.453306039000019,107.94208323299972,SAT_10080,20.94088482021732,196.5424771137224,99.05165098659126,169.56524406926286,-64.04881522314287,29.942562421699574,35.0,0.12065231693027315,12.305481258649316
12.453306039000019,108.04208323299972,SAT_10080,20.9916803706966,196.82820208516836,99.05685162627917,169.55040774870415,-63.99801967266359,29.962422861212122,35.0,0.12042702820703435,12.289607756964529
12.453306039000019,108.14208323299971,SAT_10080,21.03179632730945,197.05385434111565,99.06093110523796,169.53867187826086,-63.95790371605074,29.978084912788017,35.0,0.1202491666302278,12.277067583947677
12.453306039000019,108.2420832329997,SAT_10080,21.061191428983477,197.21920178803208,99.06390495658576,169.53006180775668,-63.92850861437671,29.989548544447683,35.0,0.12011887220467941,12.267876478863032
12.453306039000019,108.3420832329997,SAT_10080,21.07983524949286,197.32407327839735,99.06578441454386,169.52459623713304,-63.90986479386733,29.996813732784773,35.0,0.12003624810496968,12.262046041414095
12.453306039000019,108.44208323299969,SAT_10080,21.087708406351993,197.36835978572995,99.06657654042765,169.52228708184668,-63.901991637008194,29.999880462965592,35.0,0.12000136002739611,12.259583658099709
12.453306039000019,108.54208323299969,SAT_10080,21.08480269465769,197.3520151574495,99.06628430138042,169.52313938659287,-63.9048973487025,29.998748728728717,35.0,0.12001423577535102,12.26049245506299
12.453306039000019,108.64208323299968,SAT_10080,21.071121143930256,197.27505643460768,99.06490660335164,169.52715128865552,-63.91857889942993,29.993418532384837,35.0,0.1200748650833833,12.26477127807587
12.453306039000019,108.74208323299968,SAT_10080,21.04667799711168,197.1375637337532,99.06243827894427,169.53431403144978,-63.94302204624851,29.983889884816804,35.0,0.12018319968218998,12.272414699933343
12.453306039000019,108.84208323299967,SAT_10035,21.03577790569772,197.07625071954968,99.06131242654072,169.53689136683792,-63.95392213766247,29.979300695499266,35.0,0.1202353917284509,12.276096074595358
12.453306039000019,108.94208323299966,SAT_10035,21.0631339015749,197.23012819635883,99.06407884462008,169.52887740766562,-63.92656614178529,29.989967283492085,35.0,0.12011413004640177,12.267541887565361
12.453306039000019,109.04208323299966,SAT_10035,21.079736853256236,197.32351979956633,99.06575238263271,169.52400977907845,-63.90996319010395,29.996436495928897,35.0,0.12004054594198735,12.262349361012395
12.453306039000019,109.14208323299965,SAT_10035,21.085569495040254,197.35632840960145,99.06633932353346,169.52229909533784,-63.904130548319934,29.998708319600517,35.0,0.12001469793664073,12.260525074645974
12.453306039000019,109.24208323299965,SAT_10035,21.080625749039996,197.32851983835,99.06584186525983,169.52374909332363,-63.90907429432019,29.99678274986826,35.0,0.12003660662682841,12.262071344237993
12.553306039000018,107.64208323299974,SAT_10080,20.720217499566758,195.301223435063,99.02858840239762,169.62938841382308,-64.26948254379343,29.855911012011727,35.0,0.12163201601603946,12.37437312596604
12.553306039000018,107.74208323299973,SAT_10080,20.802656162944942,195.7649409165653,99.0372924376701,169.60548327945932,-64.18704388041525,29.88835378364332,35.0,0.1212658238887408,12.348648560710512
12.553306039000018,107.84208323299973,SAT_10080,20.874606376463674,196.1696608676082,99.04480078995512,169.58456263561823,-64.11509366689651,29.916599938676757,35.0,0.12094640468915588,12.326184565265892
12.553306039000018,107.94208323299972,SAT_10080,20.93599642573041,196.51497989473356,99.05114316142658,169.56667046337492,-64.05370361762978,29.940649419418254,35.0,0.12067400250540865,12.3070085711677
12.553306039000018,108.04208323299972,SAT_10080,20.986764376549345,196.80054961809006,99.05634426432198,169.55184477217364,-64.00293566681084,29.960502176748665,35.0,0.12044882788763268,12.291144243498236
12.553306039000018,108.14208323299971,SAT_10080,21.026858486061386,197.0260789840953,99.06042410736083,169.540117335538,-63.9628415572988,29.97615817012225,35.0,0.12027105656186726,12.278611335321166
12.553306039000018,108.2420832329997,SAT_10080,21.056237550930497,197.19133622398402,99.06339822450455,169.5315134670313,-63.93346249242969,29.987617367565647,35.0,0.1201408283445626,12.269425564619485
12.553306039000018,108.3420832329997,SAT_10080,21.074871187667057,197.2961504306272,99.06527785060848,169.5260518397422,-63.91482885569313,29.994879745677064,35.0,0.12005824627102712,12.263598515356978
12.553306039000018,108.44208323299969,SAT_10080,21.082740041081365,197.34041273108267,99.0660700473972,169.5237443519707,-63.90696000227882,29.997945289625694,35.0,0.1200233759486779,12.261137563985146
12.553306039000018,108.54208323299969,SAT_10080,21.079835917842004,197.32407703786126,99.06577778218846,169.52459604113716,-63.90986412551818,29.99681399315132,35.0,0.12003624514324554,12.262045832389102
12.553306039000018,108.64208323299968,SAT_10080,21.066161843195296,197.24716036797355,99.06439996086722,169.52860504721258,-63.92353820016489,29.99148585856419,35.0,0.12009684360318748,12.266322167913312
12.553306039000018,108.74208323299968,SAT_10080,21.041732040008945,197.10974272505032,99.06193141573458,169.53576262623113,-63.94796800335124,29.98196089674504,35.0,0.12020512312454952,12.273961150740595
12.553306039000018,108.84208323299967,SAT_10035,21.03878740786537,197.09317916924272,99.06161102896549,169.53601011037549,-63.95091263549482,29.980474612651697,35.0,0.1202220501949995,12.275155087576037
12.553306039000018,108.94208323299966,SAT_10035,21.066135456324616,197.24701194182595,99.06437513765158,169.52799762795252,-63.92356458703557,29.991137072093842,35.0,0.12010082650155669,12.26660320467533
12.553306039000018,109.04208323299966,SAT_10035,21.082733583413663,197.34037640670186,99.06604728179067,169.52313089766446,-63.906966459946524,29.997603780594698,35.0,0.1200272654536623,12.261412077423103
12.553306039000018,109.14208323299965,SAT_10035,21.088564530107362,197.37317548185393,99.06663373440331,169.5214205298621,-63.901135513252825,29.999874724947688,35.0,0.12000142554818097,12.259588282790233
12.653306039000018,107.64208323299974,SAT_10080,20.704276414181493,195.21155482977093,99.02688988817864,169.63400291441306,-64.2854236291787,29.849627859657915,35.0,0.1217028520150572,12.379345722408498
12.653306039000018,107.74208323299973,SAT_10080,20.786641467510165,195.6748582547447,99.0356064079009,169.61013257883235,-64.20305857585002,29.88205798977545,35.0,0.12133694356778581,12.353647043225331
12.653306039000018,107.84208323299973,SAT_10080,20.85852709841184,196.0792149285666,99.04312546205587,169.5892425465754,-64.13117294494835,29.910293138558437,35.0,0.12101777293184562,12.331205763999545
12.653306039000018,107.94208323299972,SAT_10080,20.9198617926654,196.42422258374287,99.04947682447116,169.57137667165324,-64.06983825069479,29.93433324832411,35.0,0.12074558355405442,12.312049243811598
12.653306039000018,108.04208323299972,SAT_10080,20.970583790221724,196.7095338199972,99.05468526679529,169.55657285286884,-64.01911625313846,29.95417826996271,35.0,0.12052058542803325,12.296201084804295
12.653306039000018,108.14208323299971,SAT_10080,21.010641494612464,196.93485840719512,99.05877084571654,169.54486277067045,-63.97905854874772,29.969828162936242,35.0,0.12034295381300684,12.283680987200507
12.653306039000018,108.2420832329997,SAT_10080,21.039993819657234,197.09996523557194,99.06174913235539,169.53627166408936,-63.949706223702954,29.98128289527745,35.0,0.12021282815248413,12.274504626738562
12.653306039000018,108.3420832329997,SAT_10080,21.058610468588085,197.20468388580798,99.06363138839826,169.5308181510186,-63.9310895747721,29.988542443589008,35.0,0.12013031120608068,12.268683556136443
12.653306039000018,108.44208323299969,SAT_10080,21.06647214160487,197.2489057965274,99.06442469241571,169.5285140944935,-63.92322790175532,29.991606793042944,35.0,0.12009546840528747,12.26622513189949
12.653306039000018,108.54208323299969,SAT_10080,21.06357066885792,197.2325850123258,99.06413201879982,169.52936451698164,-63.92612937450227,29.990475937380236,35.0,0.12010832744129235,12.267132467459566
12.653306039000018,108.64208323299968,SAT_10080,21.049909066920556,197.15573850142812,99.06275227082736,169.5333675639772,-63.93979097643963,29.985149878910683,35.0,0.1201688780900813,12.271404413283017
12.653306039000018,108.74208323299968,SAT_10080,21.025501517925477,197.01844603833084,99.06028026847594,169.5405145174513,-63.96419852543471,29.975628628512954,35.0,0.12027707227704558,12.279035564219315
12.653306039000018,108.84208323299967,SAT_10035,21.030509000514854,197.04661312789608,99.06076589991453,169.5384340064711,-63.95919104284533,29.97724517945617,35.0,0.12025875023502135,12.277743465595366
12.653306039000018,108.94208323299966,SAT_10035,21.05783910887949,197.20034498744715,99.06353131990419,169.53042912613483,-63.931860934480696,29.98790348161191,35.0,0.12013759845968638,12.269197691498087
12.653306039000018,109.04208323299966,SAT_10035,21.07442633377834,197.2936481275032,99.0652042561783,169.52556702014994,-63.91527370958185,29.99436766874883,35.0,0.12006408109929793,12.264010277081436
12.653306039000018,109.14208323299965,SAT_10035,21.08025344800855,197.3264256450481,99.0657909864042,169.52385827874656,-63.90944659535164,29.99663772766294,35.0,0.1200382565482786,12.262187787719744
12.653306039000018,109.44208323299964,SAT_10035,21.033169472178464,197.06157828100388,99.06103559510599,169.53765510465868,-63.95653057118172,29.978283131534898,35.0,0.12024695551566444,12.276911642542272
12.753306039000018,107.64208323299974,SAT_10080,20.677182908577194,195.0591538607467,99.02399615108733,169.64183978446297,-64.312517134783,29.838941779416835,35.0,0.12182326415437165,12.38779586558249
12.753306039000018,107.74208323299973,SAT_10080,20.75944532380001,195.52187994637507,99.03273697081644,169.6180220007775,-64.23025471956018,29.871359180598446,35.0,0.12145773832206055,12.36213416105907
12.753306039000018,107.84208323299973,SAT_10080,20.831240851089973,195.9257297873811,99.04027684817821,169.5971781961816,-64.15845919227021,29.899583247018377,35.0,0.12113890316073715,12.33972533994625
12.753306039000018,107.94208323299972,SAT_10080,20.892498276747716,196.27030280670593,99.046645699671,169.57935203314264,-64.09720176661247,29.92361392100469,35.0,0.12086700116159192,12.320596653312931
12.753306039000018,108.04208323299972,SAT_10080,20.943156102168373,196.5552530746971,99.05186841512995,169.56458124368393,-64.04654394119181,29.943451153456838,35.0,0.12064224148906846,12.304771609475653
12.753306039000018,108.14208323299971,SAT_10080,20.983162950655256,196.7802915974358,99.05596514659322,169.5528973679568,-64.00653709270493,29.959094903844427,35.0,0.12046479870692617,12.292269829885637
12.753306039000018,108.2420832329997,SAT_10080,21.01247791190754,196.94518825447992,99.05895153899694,169.54432553265013,-63.97722213145265,29.970545140206195,35.0,0.12033481170310363,12.283106927305612
12.753306039000018,108.3420832329997,SAT_10080,21.031070819345814,197.0497733588202,99.06083890730001,169.5388842724627,-63.95862922401437,29.97780183914921,35.0,0.12025238282654047,12.277294407874349
12.753306039000018,108.44208323299969,SAT_10080,21.03892245632216,197.09393881681217,99.06163436350884,169.5365853972769,-63.950777587038026,29.980864985848267,35.0,0.12021757724667553,12.274839598362727
12.753306039000018,108.54208323299969,SAT_10080,21.03602468823675,197.07763887133171,99.0613408960539,169.53743390702425,-63.95367535512344,29.979734574045526,35.0,0.1202304225436637,12.275745599601047
12.753306039000018,108.64208323299968,SAT_10080,21.022380518644333,197.00089041737436,99.05995740303648,169.54142795552212,-63.967319524715855,29.974410606050355,35.0,0.120290908534495,12.28001126670959
12.753306039000018,108.74208323299968,SAT_10080,20.998004068524743,196.86377288545168,99.05747867997721,169.5485588638357,-63.991695974835444,29.964893092739377,35.0,0.12039898733722589,12.287631216401897
12.753306039000018,108.84208323299967,SAT_10035,21.010951688948644,196.93660325033613,99.05877406950451,169.5441575196876,-63.97874835441154,29.969612402347654,35.0,0.12034546131631677,12.28385777575529
12.753306039000018,108.94208323299966,SAT_10035,21.03825390793191,197.09017823211698,99.06154443379769,169.5361663391522,-63.95144613542828,29.980266518489426,35.0,0.12022441525079036,12.275321899514712
12.753306039000018,109.04208323299966,SAT_10035,21.054824179480875,197.18338600957992,99.06322035564456,169.5313125666405,-63.93487586387931,29.986728166839406,35.0,0.12015096212497198,12.270140501953247
12.753306039000018,109.14208323299965,SAT_10035,21.06064533318115,197.21612999914396,99.06380813198818,169.52960675617024,-63.92905471017904,29.98899733419612,35.0,0.1201251601534778,12.268320128051435
12.753306039000018,109.24208323299965,SAT_10035,21.055711324730268,197.18837620160775,99.06330996566045,169.5310526233848,-63.93398871862992,29.987074015923593,35.0,0.12014702982467995,12.26986308134404
12.853306039000017,107.54208323299974,SAT_10066,20.64045242890211,194.85254491257436,99.02006273821203,169.65263753643535,-64.34924761445808,29.8245392146194,35.0,0.12198533084319038,12.399163961798939
12.853306039000017,107.64208323299974,SAT_10080,20.638965418696515,194.8441804801679,99.01989574714338,169.6528815839467,-64.35073462466367,29.823852792588088,35.0,0.1219931556500077,12.399712677655044
12.853306039000017,107.74208323299973,SAT_10080,20.721096501164354,195.3061678190495,99.02867286561168,169.62913389187773,-64.26860354219583,29.8562573774362,35.0,0.1216281103165326,12.374098917437786
12.853306039000017,107.84208323299973,SAT_10080,20.792776698615313,195.70936892971113,99.03624384397861,169.60835174225096,-64.19692334474487,29.88447028540163,35.0,0.12130969661328435,12.351732191282265
12.853306039000017,107.94208323299972,SAT_10080,20.853935196421418,196.05338547987046,99.04263881373548,169.5905785427057,-64.13576484693877,29.908491458823054,35.0,0.12103815576650125,12.332639607289607
12.853306039000017,108.04208323299972,SAT_10080,20.904510843143214,196.3378734926806,99.04788284275088,169.57585180339376,-64.08518920021697,29.928320848608973,35.0,0.12081369584315309,12.316844549589042
12.853306039000017,108.14208323299971,SAT_10080,20.944452553900575,196.56254561569074,99.05199622665162,169.5642028778359,-64.04524748945961,29.94395841423645,35.0,0.12063649048657078,12.304366535373596
12.853306039000017,108.2420832329997,SAT_10080,20.973719651920874,196.72717304205491,99.05499472150534,169.55565674328338,-64.01598039143931,29.955404123750114,35.0,0.12050667784945503,12.29522109405659
12.853306039000017,108.3420832329997,SAT_10080,20.992282143481688,196.8315870570845,99.0568897224587,169.55023182377312,-63.9974178998785,29.96265795376133,35.0,0.1204243597372841,12.289419670129423
12.853306039000017,108.44208323299969,SAT_10080,21.0001209223375,196.87568018814846,99.05768839183999,169.54793985848752,-63.989579121022686,29.965719889447623,35.0,0.12038960097272522,12.286969551010063
12.853306039000017,108.54208323299969,SAT_10080,20.997227900691293,196.85940694138856,99.05739373920628,169.54878581738117,-63.992472142668895,29.96458992455231,35.0,0.12040242898900637,12.287873820851027
12.853306039000017,108.64208323299968,SAT_10080,20.98360606481154,196.78278411456492,99.05600465487026,169.5527678653437,-64.00609397854865,29.95926806138433,35.0,0.12046283365737706,12.292131340931908
12.853306039000017,108.74208323299968,SAT_10080,20.95926945448514,196.64589068147893,99.05351589754571,169.55987737543973,-64.03043058887505,29.9497543108183,35.0,0.1205707673508437,12.299736756902773
12.853306039000017,108.84208323299967,SAT_10035,20.98013669388139,196.76326890308286,99.05562802109984,169.5531676078304,-64.0095633494788,29.95757629653542,35.0,0.12048211147226498,12.293489926711553
12.853306039000017,108.94208323299966,SAT_10035,21.00740116054333,196.91663152805623,99.05840700051162,169.545196169507,-63.982298882816856,29.968226197943757,35.0,0.12036120463721868,12.284967706616392
12.853306039000017,109.04208323299966,SAT_10035,21.023948480185595,197.00971020104396,99.06008812418602,169.5403544059419,-63.96575156317459,29.97468529008869,35.0,0.12028783612801017,12.279794611193353
12.853306039000017,109.14208323299965,SAT_10035,21.029761563804335,197.04240879639937,99.0606777231437,169.5386528190777,-63.95993847955585,29.97695355977123,35.0,0.12026206390303565,12.277977156346351
12.853306039000017,109.24208323299965,SAT_10035,21.024834395790087,197.01469347631922,99.06017801212947,169.5400951062013,-63.9648656475701,29.975031002356253,35.0,0.12028390836040231,12.27951763536464
12.853306039000017,109.34208323299964,SAT_10035,21.009172075382594,196.92659292402712,99.05858711423937,169.5446781332265,-63.980527967977594,29.968917621772434,35.0,0.120353352209427,12.284414104314092
12.953306039000017,107.54208323299974,SAT_10066,20.602763047286757,194.64054214098803,99.01599714689776,169.6635126426887,-64.38693699607343,29.809641410003586,35.0,0.12215291602759623,12.41091284736074
12.953306039000017,107.64208323299974,SAT_10080,20.589663820158492,194.56685898839152,99.01457218121308,169.66710386494032,-64.4000362232017,29.804360929248087,35.0,0.12221239070601508,12.415080896803461
12.953306039000017,107.74208323299973,SAT_10080,20.671635327201088,195.02794871550614,99.02339786777121,169.64344351468378,-64.3180647161591,29.83675261038917,35.0,0.1218479223319034,12.389525889532578
12.953306039000017,107.84208323299973,SAT_10080,20.74317536810466,195.43036144558872,99.0310104560132,169.62273819126813,-64.24652467525553,29.864954283829565,35.0,0.1215300148143989,12.367210753002572
12.953306039000017,107.94208323299972,SAT_10080,20.804213623455354,195.77370163193638,99.03744036670933,169.60503098581813,-64.18548641990483,29.88896589191839,35.0,0.12125890781212759,12.348162418192956
12.953306039000017,108.04208323299972,SAT_10080,20.854689372585867,196.05762772079552,99.04271290721954,169.5903591329282,-64.13501067077432,29.908787385573003,35.0,0.12103480803211548,12.332404115387014
12.953306039000017,108.14208323299971,SAT_10080,20.894551892690572,196.2818543963845,99.04684856628742,169.57875375434358,-64.09514815066962,29.9244187242778,35.0,0.12085788797721964,12.31995523262661
12.953306039000017,108.2420832329997,SAT_10080,20.923760796736488,196.44615448164276,99.0498632494198,169.57023964173874,-64.0659392466237,29.93585987608317,35.0,0.12072828488918394,12.31083119607895
12.953306039000017,108.3420832329997,SAT_10080,20.9422863054574,196.55036046819788,99.05176845957828,169.56483508173312,-64.04741373790279,29.943110817604712,35.0,0.12064609990017004,12.30504337387421
12.953306039000017,108.44208323299969,SAT_10080,20.950109449576274,196.59436565386653,99.05257142674436,169.56255172571753,-64.03959059378391,29.94617153402263,35.0,0.12061139740322867,12.302599004685778
12.953306039000017,108.54208323299969,SAT_10080,20.947222199360283,196.5781248714016,99.0522751888766,169.56339450642326,-64.0424778439999,29.94504201908136,35.0,0.12062420464956275,12.303501152008431
12.953306039000017,108.64208323299968,SAT_10080,20.93362751963302,196.50165479793574,99.05087862581725,169.56736160248806,-64.05607252372717,29.93972227508943,35.0,0.12068451157764262,12.307748684750889
12.953306039000017,108.74208323299968,SAT_10080,20.909339349451002,196.36503384066188,99.04837644679786,169.57444445154704,-64.08036069390918,29.930212312919497,35.0,0.12079227087632999,12.315336284405312
12.953306039000017,108.84208323299967,SAT_10035,20.938097298270918,196.52679730277393,99.05131560350021,169.56544382064658,-64.05160274508927,29.941136886003477,35.0,0.12066858777694131,12.306627222669219
12.953306039000017,108.94208323299966,SAT_10035,20.965314278075354,196.67989281417385,99.05410693272674,169.5574980845621,-64.02438576528483,29.95178254396691,35.0,0.12054785329125393,12.298122371398394
12.953306039000017,109.04208323299966,SAT_10035,20.981832725472756,196.77280908078427,99.0557955130219,169.55267195522345,-64.00786731788743,29.958239062493544,35.0,0.12047458953607143,12.292959835621458
12.953306039000017,109.14208323299965,SAT_10035,20.987635656987962,196.8054505705573,99.05638772458715,169.5509758669708,-64.00206438637223,29.960506428386815,35.0,0.12044885413853643,12.291146093649726
12.953306039000017,109.24208323299965,SAT_10035,20.982717094205015,196.7777836549032,99.05588579935906,169.5524134932613,-64.00698294915517,29.958584637012468,35.0,0.12047066738005907,12.29268342552628
12.953306039000017,109.34208323299964,SAT_10035,20.967082104834702,196.6898368396952,99.05428784586483,169.55698172020925,-64.02261793852549,29.952473692298437,35.0,0.12054001206887961,12.29756989854579
13.053306039000017,107.54208323299974,SAT_10066,20.554000971807724,194.36625546641844,99.01070361160396,169.67756132602852,-64.43569907155246,29.79034079062691,35.0,0.12236980438152105,12.426108731769327
13.053306039000017,107.64208323299974,SAT_10080,20.529329149612025,194.22747646656765,99.00800370861023,169.6844753506212,-64.46037089374816,29.78046622825092,35.0,0.12248079538817137,12.43388097598971
13.053306039000017,107.74208323299973,SAT_10080,20.611113404451572,194.68751290004008,99.01689059474415,169.66091922981317,-64.37858663890862,29.8128449183352,35.0,0.12211699865109774,12.408395328779537
13.053306039000017,107.84208323299973,SAT_10080,20.682488962232554,195.08900041255814,99.02455561086926,169.64030558324126,-64.30721108112763,29.841035281200732,35.0,0.1217996804742789,12.386141098612821
13.053306039000017,107.94208323299972,SAT_10080,20.743386091911788,195.4315467670038,99.03102954398196,169.62267712581342,-64.2463139514484,29.86503725920685,35.0,0.12152907865431938,12.367145006187503
13.053306039000017,108.04208323299972,SAT_10080,20.793744584584942,195.7148132882903,99.03633800457513,169.6080707646196,-64.19595545877525,29.88485080327963,35.0,0.12130539828304318,12.35143009915223
13.053306039000017,108.14208323299971,SAT_10080,20.833514147563974,195.93851708004735,99.0405017257842,169.5965173459582,-64.15618589579621,29.900475872910636,35.0,0.12112881050887404,12.339015612239772
13.053306039000017,108.2420832329997,SAT_10080,20.86265473798619,196.10243290117234,99.0435368022063,169.588041440973,-64.127045305374,29.911912436155927,35.0,0.12099945149176604,12.329916849065167
13.053306039000017,108.3420832329997,SAT_10080,20.88113683131735,196.2063946761601,99.04545487320962,169.58266117299164,-64.10856321204284,29.919160469635237,35.0,0.12091742156433427,12.324145087122108
13.053306039000017,108.44208323299969,SAT_10080,20.888941620968254,196.25029661794645,99.04626325436352,169.5803880890854,-64.10075842239193,29.922219958531404,35.0,0.1208827846094876,12.321707507228448
13.053306039000017,108.54208323299969,SAT_10080,20.886061146170846,196.234093947211,99.04596501955551,169.58122707775658,-64.10363889718934,29.921090896589973,35.0,0.12089556766228973,12.322607148360447
13.053306039000017,108.64208323299968,SAT_10080,20.87249834627795,196.15780319781348,99.04455903538242,169.5851763339785,-64.11720169708224,29.915773286119055,35.0,0.12095576074102968,12.326842888481757
13.053306039000017,108.74208323299968,SAT_10080,20.848267040703007,196.02150210395442,99.04203994847762,169.59222737211138,-64.14143300265718,29.90626713798939,35.0,0.12106331690962338,12.334409451625566
13.053306039000017,108.84208323299967,SAT_10035,20.8848786085382,196.22744217302738,99.04581988794438,169.58095845362251,-64.10482143482199,29.920294203511247,35.0,0.12090473708691249,12.3232524476238
13.053306039000017,108.94208323299966,SAT_10035,20.912038536056897,196.38021676532003,99.04862739256279,169.57304427124103,-64.07766150730329,29.930935589326225,35.0,0.12078420754058969,12.31476861784789
13.053306039000017,109.04208323299966,SAT_10035,20.928522293879155,196.47293790307026,99.05032573909435,169.56823733526974,-64.06117774948103,29.937389516826105,35.0,0.12071106835487194,12.309618862682516
13.053306039000017,109.14208323299965,SAT_10035,20.93431302752309,196.50551077981737,99.05092137246015,169.56654799735415,-64.0553870158371,29.939655972816716,35.0,0.12068537675240677,12.307809614547262
13.053306039000017,109.24208323299965,SAT_10035,20.929404804035443,196.4779020226994,99.05041654721943,169.56797990180237,-64.06029523932474,29.937734952664634,35.0,0.12070715287210709,12.309343137314906
13.053306039000017,109.34208323299964,SAT_10066,20.92657684193985,196.46199473591167,99.05015489905489,169.56960463914865,-64.06312320142034,29.937063911756127,35.0,0.12071460446076077,12.309867869567057
13.153306039000016,107.54208323299974,SAT_10066,20.494216514881032,194.02996789620582,99.0041604500402,169.69475275981586,-64.49548352847916,29.76663739496407,35.0,0.12263582438163938,12.444732339245732
13.153306039000016,107.64208323299974,SAT_10080,20.45802325179983,193.82638079137405,99.00016307054925,169.70495816181935,-64.53167679156036,29.752168737229454,35.0,0.1227981587335038,12.456089208236964
13.153306039000016,107.74208323299973,SAT_10080,20.539593251674532,194.28521204066925,99.00912424691775,169.6815227263537,-64.45010679168566,29.784534348930666,35.0,0.12243512618469007,12.430683288077923
13.153306039000016,107.84208323299973,SAT_10080,20.610780595361447,194.68564084890815,99.01685290082072,169.66101522552987,-64.37891944799874,29.81271332519196,35.0,0.1221184786279369,12.408499069032905
13.153306039000016,107.94208323299972,SAT_10080,20.671516229822586,195.02727879275207,99.02338026584127,169.64347794067632,-64.3181838135376,29.8367056083827,35.0,0.12184845171315345,12.389563029530834
13.153306039000016,108.04208323299972,SAT_10080,20.721740535821112,195.30979051399376,99.02873232204628,169.62894740148323,-64.26795950753908,29.856511149437488,35.0,0.12162524867021099,12.37389800682312
13.153306039000016,108.14208323299971,SAT_10080,20.761403716220784,195.53289590374192,99.03293010047804,169.6174541368657,-64.2282963271394,29.872129907854937,35.0,0.12144903908631899,12.361523059042332
13.153306039000016,108.2420832329997,SAT_10080,20.79046612465912,195.69637195120754,99.035989926197,169.60902246388144,-64.19923391870107,29.883561851696655,35.0,0.12131995787457063,12.352453348641713
13.153306039000016,108.3420832329997,SAT_10080,20.808898530051238,195.8000542315382,99.03792360480588,169.60367031772904,-64.18080151330895,29.89080695758644,35.0,0.12123810444607977,12.346700048720272
13.153306039000016,108.44208323299969,SAT_10080,20.816682313214784,195.84383801183316,99.03873855616952,169.60140912529891,-64.1730177301454,29.893865210709706,35.0,0.1212035420958226,12.344270273460378
13.153306039000016,108.54208323299969,SAT_10080,20.8138095928242,195.82767895963616,99.03843789795576,169.6022437241399,-64.17589045053599,29.89273660481308,35.0,0.12121629760976997,12.345167033599408
13.153306039000016,108.64208323299968,SAT_10080,20.800283278891982,195.7515934437674,99.03702048062176,169.6061723280444,-64.1894167644682,29.887421142204282,35.0,0.1212763610981989,12.349389217529884
13.153306039000016,108.74208323299968,SAT_10035,20.782820988418592,195.65336805985459,99.035163369784,169.61062948546106,-64.2068790549416,29.880225461473746,35.0,0.12135786400943435,12.355117166944849
13.153306039000016,108.84208323299967,SAT_10035,20.82053723378486,195.86552194003986,99.03911896701925,169.59967675447206,-64.16916280957533,29.895048290594506,35.0,0.12119036703993781,12.343343978657831
13.153306039000016,108.94208323299966,SAT_10035,20.847630751628145,196.0179229779083,99.04194659182784,169.59179984369842,-64.14206929173204,29.905685375565305,35.0,0.12107007437186719,12.334884749227042
13.153306039000016,109.04208323299966,SAT_10035,20.864074129261894,196.11041697709817,99.04365708612463,169.58701557887088,-64.1256259140983,29.912136694634732,35.0,0.12099707917467002,12.329749950687484
13.153306039000016,109.14208323299965,SAT_10035,20.869850663864028,196.14290998423513,99.04425697566792,169.5853342143798,-64.11984937949616,29.914402234610947,35.0,0.1209714381954384,12.327945961531864
13.153306039000016,109.24208323299965,SAT_10066,20.901488373644042,196.32087210174774,99.0475627802293,169.5769188550795,-64.08821166971615,29.927238038389493,35.0,0.12082591832274056,12.317704934703402
13.253306039000016,107.64208323299974,SAT_10080,20.37581835744075,193.3639782606042,98.99101715777667,169.7285080877216,-64.61388168591944,29.719468512596706,35.0,0.12316423408162235,12.48167787671292
13.253306039000016,107.74208323299973,SAT_10080,20.457147874921617,193.8214567964341,99.00006627837175,169.7052092970933,-64.53255216843857,29.751820958611827,35.0,0.12280205582098484,12.456361774136132
13.253306039000016,107.84208323299973,SAT_10080,20.52812395857123,194.22069726696316,99.00787026062274,169.68482197209647,-64.46157608478896,29.779988472259745,35.0,0.12248615800189756,12.43425642695034
13.253306039000016,107.94208323299972,SAT_10080,20.58867831898162,194.56131554427165,99.01446086929542,169.66738790577992,-64.40102172437857,29.803970995919652,35.0,0.1222167738540027,12.415388040664302
13.253306039000016,108.04208323299972,SAT_10080,20.638752000974705,194.8429800054827,99.0198645239452,169.65294320287313,-64.35094804238548,29.82376848053451,35.0,0.12199410450816764,12.3997792155387
13.253306039000016,108.14208323299971,SAT_10080,20.678295765429013,195.0654136805382,99.02410260981424,169.64151803494715,-64.31140427793117,29.839380885609845,35.0,0.12181831779178899,12.387448810802068
13.253306039000016,108.2420832329997,SAT_10080,20.707270412424705,195.228396069889,99.02719172593507,169.63313643300614,-64.28242963093548,29.850808179212702,35.0,0.12168954721259534,12.378411829929446
13.253306039000016,108.3420832329997,SAT_10080,20.725647041267294,195.33176460712852,99.0291438755058,169.62781612046484,-64.2640530020929,29.85805033797087,35.0,0.1216078911431161,12.372679328455801
13.253306039000016,108.44208323299969,SAT_10080,20.733407243765257,195.37541574617958,99.02996660235279,169.62556838892664,-64.25629279959493,29.861107347072274,35.0,0.12157341221572043,12.370258345524855
13.253306039000016,108.54208323299969,SAT_10080,20.730543228029745,195.35930565766733,99.02966307617733,169.6263980185847,-64.25915681533044,29.859979200264622,35.0,0.12158613693565488,12.371151860074706
13.253306039000016,108.64208323299968,SAT_10080,20.7170578710423,195.28345052461293,99.02823212825452,169.63030324441465,-64.27264217231789,29.854665899855224,35.0,0.12164605551686518,12.37535877224159
13.253306039000016,108.74208323299968,SAT_10035,20.707529481354186,195.2298533326173,99.02719612222984,169.63245048052954,-64.282170562006,29.85058240167689,35.0,0.1216923719997114,12.37861011115363
13.253306039000016,108.84208323299967,SAT_10035,20.745140887810578,195.44141749393452,99.03118569132468,169.6215571791074,-64.24455915554961,29.86539919756658,35.0,0.12152524729757273,12.366875926711206
13.253306039000016,108.94208323299966,SAT_10035,20.772158883396656,195.5933937191062,99.03403753046584,169.613723100731,-64.21754115996353,29.876031953005217,35.0,0.12140522267917969,12.35844478955859
13.253306039000016,109.04208323299966,SAT_10035,20.78855633933422,195.685629408755,99.03576264413417,169.6089648891137,-64.20114370402597,29.882480646245174,35.0,0.12133239042236796,12.353327070735062
13.253306039000016,109.14208323299965,SAT_10066,20.854607617070755,196.057167846023,99.04269811798655,169.59056897476086,-64.13509242628943,29.90885621127789,35.0,0.12103397740176368,12.332345685404706
13.253306039000016,109.24208323299965,SAT_10066,20.91872188111229,196.41781058125662,99.04933578148906,169.57189534751728,-64.0709781622479,29.933988368431812,35.0,0.12074945352134198,12.312321729641088
13.353306039000016,107.64208323299974,SAT_10080,20.282796597936894,192.84073086339504,98.98052659501,169.75507489673387,-64.7069034454233,29.682365619547443,35.0,0.12357874061135143,12.510615427625503
13.353306039000016,107.74208323299973,SAT_10080,20.363860274547676,193.29671404433068,98.98967799024796,169.73192815449482,-64.62583976881251,29.714704812596434,35.0,0.12321750398391598,12.485398922930209
13.353306039000016,107.84208323299973,SAT_10080,20.43460281983549,193.69464086157464,98.99756956845206,169.71167454402354,-64.5550972235247,29.742860787641842,35.0,0.122902432590945,12.46338103455206
13.353306039000016,107.94208323299972,SAT_10080,20.494956789202334,194.03413193926315,99.00423371531379,169.69435531833795,-64.49474325415785,29.766833487072486,35.0,0.12263375698057866,12.444587665911808
13.353306039000016,108.04208323299972,SAT_10080,20.544863962026824,194.3148597864009,99.00969736401093,169.68000611223135,-64.44483608133336,29.78662286183954,35.0,0.12241167595840463,12.42904115498313
13.353306039000016,108.14208323299971,SAT_10080,20.584275716373057,194.53655090459844,99.01398231365289,169.6686567021577,-64.40542432698713,29.802228871455288,35.0,0.12223635540249622,12.41676014088222
13.353306039000016,108.2420832329997,SAT_10080,20.613153346059406,194.69898757158413,99.01710548334641,169.66033080285965,-64.37654669730078,29.813651483992114,35.0,0.12210792726400635,12.407759451169252
13.353306039000016,108.3420832329997,SAT_10080,20.631468315758127,194.80200927613947,99.01907910710712,169.65504590361974,-64.35823172760206,29.820890676081707,35.0,0.12202648876520586,12.40205001129882
13.353306039000016,108.44208323299969,SAT_10080,20.639202450592975,194.8455137845855,99.0199108735528,169.65281314648627,-64.35049759276721,29.823946432914468,35.0,0.12199210180464241,12.399638777390772
13.353306039000016,108.54208323299969,SAT_10080,20.63634805757313,194.82945782384888,99.01960401315876,169.65363724824869,-64.35335198578706,29.822818748239143,35.0,0.12200479257667446,12.400528693200846
13.353306039000016,108.64208323299968,SAT_10080,20.6229079771542,194.75385737149236,99.01815733479596,169.65751646730027,-64.36679206620599,29.81750762436267,35.0,0.12206455141005515,12.404718671858326
13.353306039000016,108.74208323299968,SAT_10035,20.621273613827682,194.74466407778073,99.01795779729296,169.65737809619057,-64.3684264295325,29.81653626082751,35.0,0.12207582138722237,12.405508772782238
13.353306039000016,108.84208323299967,SAT_10035,20.658767919781553,194.95556954877122,99.0219873383577,169.64655169319198,-64.33093212357863,29.83134698351977,35.0,0.12190911101574127,12.39381830289068
13.353306039000016,108.94208323299966,SAT_10066,20.70107626333096,195.19355398123668,99.02653677420325,169.63511447141707,-64.28862378002923,29.84846567408231,35.0,0.12171586535529652,12.38025911733917
13.353306039000016,109.04208323299966,SAT_10066,20.78604517987081,195.6715041367733,99.03552496339543,169.61049145352558,-64.20365486348938,29.881923801917637,35.0,0.12133839184592637,12.353748820035499
13.353306039000016,109.14208323299965,SAT_10066,20.86061644571683,196.0909675071572,99.04331846766009,169.58882066534,-64.12908359764336,29.91121378731037,35.0,0.12100730585592534,12.330469413757816
13.353306039000016,109.24208323299965,SAT_10066,20.92471647453364,196.4515301692517,99.04994801158425,169.57014722751103,-64.06498356882655,29.936335570233126,35.0,0.12072285791999987,12.310449053628645
13.453306039000015,107.64208323299974,SAT_10080,20.179049463656,192.257153233065,98.96864523684103,169.78460268301745,-64.81065057970419,29.64086013206007,35.0,0.12404136506400136,12.542866663682798
13.453306039000015,107.74208323299973,SAT_10080,20.259822895044437,192.71150378462497,98.97791403765464,169.7616227828396,-64.72987714831575,29.673185984885595,35.0,0.12368115437975263,12.517759195982002
13.453306039000015,107.84208323299973,SAT_10080,20.330310466358526,193.10799637326673,98.98590616213555,169.7415158866336,-64.65938957700166,29.70133034535913,35.0,0.12336698342559001,12.495837052301583
13.453306039000015,107.94208323299972,SAT_10080,20.39044565416509,193.44625680467865,98.9926547128128,169.7243226588351,-64.5992543891951,29.72529315587893,35.0,0.12309907982034438,12.477125806418595
13.453306039000015,108.04208323299972,SAT_10080,20.4401710386729,193.72596209253507,98.99818721567652,169.71007822212857,-64.54952900468729,29.745074367404197,35.0,0.12287763982977301,12.461647510133144
13.453306039000015,108.14208323299971,SAT_10080,20.47943867073289,193.94684252287252,99.0025259474129,169.69881192244753,-64.5102613726273,29.760673939453845,35.0,0.12270282720300205,12.449420562430616
13.453306039000015,108.2420832329997,SAT_10080,20.508210382327476,194.10868340059207,99.00568819641119,169.69054712997166,-64.48148966103271,29.772091840105485,35.0,0.12257477219132935,12.440459598975211
13.453306039000015,108.3420832329997,SAT_10080,20.526458036341097,194.21132645441867,99.0076864629557,169.6853010789188,-64.46324200701909,29.77932804599463,35.0,0.12249357076097578,12.434775403333953
13.453306039000015,108.44208323299969,SAT_10080,20.534163712172443,194.25467088097,99.00852860267881,169.68308474842135,-64.45553633118774,29.782382542314107,35.0,0.12245928400921491,12.432374841071287
13.453306039000015,108.54208323299969,SAT_10080,20.53131982461106,194.23867401343722,99.00821791615438,169.6839027862018,-64.45838021874913,29.781255322813685,35.0,0.12247193779094946,12.433260817570055
13.453306039000015,108.64208323299968,SAT_10080,20.517929174306857,194.16335160547604,99.00675318641207,169.68775347616216,-64.47177086905333,29.775946389799916,35.0,0.12253152256028904,12.4374322601308
13.453306039000015,108.74208323299968,SAT_10035,20.524141406404212,194.1982954110237,99.00740938843184,169.6853584260508,-64.46555863695598,29.77808710678804,35.0,0.12250791185881837,12.435779405834387
13.453306039000015,108.84208323299967,SAT_10066,20.60072598753446,194.62908367988135,99.01576862591969,169.6641000162702,-64.38897405582573,29.808835704264418,35.0,0.12216197509739046,12.411547768722563
13.453306039000015,108.94208323299966,SAT_10066,20.695955118550557,195.1647475418469,99.02598862860394,169.6365961649141,-64.29374492480963,29.846446266416983,35.0,0.12173862356202735,12.381856402750492
13.453306039000015,109.04208323299966,SAT_10066,20.780874955692155,195.6424216257684,99.03497774110105,169.611991834328,-64.20882508766803,29.87989048722536,35.0,0.12136135372472019,12.355362386840682
13.453306039000015,109.14208323299965,SAT_10066,20.85540297692637,196.06164174521084,99.04277204861724,169.59033758071263,-64.13429706643382,29.90916829812978,35.0,0.12103044694836333,12.332097336902612
13.553306039000015,107.64208323299974,SAT_10080,20.064677213116795,191.61380932378196,98.95531956342944,169.81703024384277,-64.92502283024339,29.59495213289871,35.0,0.12455176363287597,12.57839295566647
13.553306039000015,107.74208323299973,SAT_10080,20.14513702518532,192.06639576666745,98.96472183876637,169.79423132157086,-64.84456301817487,29.6272645582659,35.0,0.12419265991182629,12.553403594958068
13.553306039000015,107.84208323299973,SAT_10080,20.215349096695576,192.46133866891262,98.97282825960808,169.7742835581533,-64.77435094666461,29.655397228217744,35.0,0.12387946050913447,12.531585156219924
13.553306039000015,107.94208323299972,SAT_10080,20.27524789659205,192.79826941833028,98.97967274856134,169.75722698429735,-64.71445214676814,29.679350085161754,35.0,0.12361238988088166,12.51296285775167
13.553306039000015,108.04208323299972,SAT_10080,20.32477686768513,193.07686988072888,98.98528350962238,169.7430961713907,-64.66492317567506,29.69912308006499,35.0,0.12339164155098513,12.497558442798368
13.553306039000015,108.14208323299971,SAT_10080,20.363888785410296,193.29687441793288,98.98968336556229,169.73192000196588,-64.62581125794989,29.71471617245286,35.0,0.12321737697057214,12.48539005146629
13.553306039000015,108.2420832329997,SAT_10080,20.39254606128486,193.45807159472733,98.99289002694779,169.72372147536487,-64.59715398207533,29.726129330408092,35.0,0.12308972455628621,12.476472112562274
13.553306039000015,108.3420832329997,SAT_10080,20.410720986979427,193.56030555175928,98.99491629842798,169.71851755131672,-64.57897905638076,29.733362530569945,35.0,0.12300877891879454,12.470815256715197
13.553306039000015,108.44208323299969,SAT_10080,20.418395915676783,193.6034770256819,98.99577022652659,169.71631903363973,-64.5713041276834,29.736415758133617,35.0,0.12297460029066491,12.468426251886624
13.553306039000015,108.54208323299969,SAT_10080,20.415563378211246,193.58754400243825,98.9954551919329,169.71713049573697,-64.57413666514894,29.73528900684988,35.0,0.12298721416048235,12.469307962101372
13.553306039000015,108.64208323299968,SAT_10080,20.40222613237465,193.51252199460743,98.99396994814288,169.72095024895924,-64.58747391098554,29.72998227902492,35.0,0.12304661111763202,12.473459329933593
13.553306039000015,108.74208323299968,SAT_10066,20.479182574781916,193.9454019831483,99.00250471067741,169.6990701858797,-64.51051746857827,29.76066980373657,35.0,0.12270273837921367,12.449414348055925
13.553306039000015,108.84208323299967,SAT_10066,20.584532938802994,194.53799778076686,99.01401441166023,169.66876768333918,-64.4051671045572,29.80242914545687,35.0,0.12223399249702094,12.416594574177854
13.553306039000015,108.94208323299966,SAT_10066,20.679673869223222,195.07316551438063,99.02424934895457,169.6413050192106,-64.31002617413696,29.840023966679198,35.0,0.12181098263122303,12.386934138974345
13.553306039000015,109.04208323299966,SAT_10066,20.764514580127454,195.55039451321693,99.03325150169958,169.61673775515607,-64.22518546323273,29.873454190313026,35.0,0.12143401884531374,12.360467879544375
13.553306039000015,109.14208323299965,SAT_10066,20.83897278570602,195.96922191959638,99.04105704328181,169.5951162976951,-64.15072725765417,29.90271974781286,35.0,0.12110338174185815,12.337227326030044
13.553306039000015,109.24208323299965,SAT_10066,20.902975220269497,196.32923561401594,99.04769677496293,169.57648556494797,-64.08672482309069,29.92782057917647,35.0,0.12081932081854928,12.317240516500634
13.653306039000014,107.64208323299974,SAT_10080,19.93978824083733,190.91130885470997,98.94048796152566,169.85229148262374,-65.04991180252286,29.544641713615597,35.0,0.12510956399728793,12.617152469517423
13.653306039000014,107.74208323299973,SAT_10080,20.019912156386553,191.36200587967434,98.95004087207523,169.82968697460564,-64.96978788697363,29.57694062431177,35.0,0.12475164474115617,12.592289891938616
13.653306039000014,107.84208323299973,SAT_10080,20.089829170701734,191.75528908519723,98.95827626990933,169.80991014459264,-64.89987087265845,29.60506152781144,35.0,0.1244394849018571,12.570582770975406
13.653306039000014,107.94208323299972,SAT_10080,20.149474810916416,192.09079581140483,98.96522900960716,169.79300034799218,-64.84022523244377,29.62900436653116,35.0,0.12417330555443076,12.552055945428322
13.653306039000014,108.04208323299972,SAT_10080,20.198793439490785,192.36821309713565,98.97092806545305,169.77899156883385,-64.7909066038694,29.648769091445697,35.0,0.12395329729216419,12.53673082918909
13.653306039000014,108.14208323299971,SAT_10080,20.23773860425237,192.58727964891958,98.97539688047463,169.76791219601205,-64.75196143910782,29.664355662086813,35.0,0.12377961911027441,12.52462528607231
13.653306039000014,108.2420832329997,SAT_10080,20.266273334416297,192.7477875060917,98.9786536446608,169.75978483388317,-64.72342670894389,29.67576404654225,35.0,0.12365239746488484,12.515753524138075
13.653306039000014,108.3420832329997,SAT_10080,20.284370378636012,192.84958337982755,98.98071150824198,169.75462614983905,-64.70532966472418,29.682994221454926,35.0,0.12357172551822858,12.510126010821807
13.653306039000014,108.44208323299969,SAT_10080,20.292012381862747,192.89256964797795,98.98157873446,169.75244676099734,-64.69768766149744,29.686046172022373,35.0,0.12353766257897082,12.507749409943491
13.653306039000014,108.54208323299969,SAT_10080,20.289191998593907,192.87670499209074,98.98125879495352,169.75325116161767,-64.70050804476628,29.684919891996334,35.0,0.1235502337443132,12.508626541400634
13.653306039000014,108.64208323299968,SAT_10066,20.336697017640873,193.1439207242299,98.98663610228449,169.73987587319635,-64.65300302571931,29.703973639869634,35.0,0.12333728347318695,12.49376350891941
13.653306039000014,108.74208323299968,SAT_10066,20.45201308388735,193.79257359686636,98.99950581939304,169.70686689366892,-64.53768695947284,29.749878064253164,35.0,0.12282368455746706,12.457874445499614
13.653306039000014,108.84208323299967,SAT_10066,20.557230058412017,194.3844190785676,99.01104834985597,169.6766317498435,-64.43246998494817,29.791619808726647,35.0,0.12235543936991239,12.42510260446142
13.653306039000014,108.94208323299966,SAT_10066,20.65224962798311,194.91890415740502,99.02131223004852,169.64923053822434,-64.33745041537708,29.829198787670222,35.0,0.12193288432597865,12.395485780496974
13.653306039000014,109.04208323299966,SAT_10066,20.736981389402516,195.39552031538915,99.03033964362223,169.62471857724313,-64.25271865395767,29.86261492400915,35.0,0.12155632826206224,12.369058672461627
13.653306039000014,109.14208323299965,SAT_10066,20.8113434072162,195.81380666559113,99.03816693911514,169.60314605049348,-64.17835663614399,29.891868149211952,35.0,0.12122605066137344,12.345852684201086
13.753306039000014,107.54208323299974,SAT_10066,19.908157265335163,190.7333846175103,98.93669691007081,169.86138051487816,-65.08154277802502,29.531961979912133,35.0,0.12524963397097325,12.626874609088016
13.753306039000014,107.64208323299974,SAT_10066,19.8136759054441,190.20192696812308,98.92521279659348,169.887924537057,-65.17602413791609,29.493739018544296,35.0,0.1256720300650695,12.656166589338316
13.753306039000014,107.74208323299973,SAT_10080,19.884265307450136,190.59899235440702,98.933801844477,169.86791844021883,-65.10543473591005,29.522214283388095,35.0,0.1253577064699503,12.634372872609362
13.753306039000014,107.84208323299973,SAT_10080,19.953868725610548,190.99051158155933,98.94218197784443,169.84832369535437,-65.03583131774964,29.550323344524195,35.0,0.12504665092894207,12.612784315990535
13.753306039000014,107.94208323299972,SAT_10080,20.01324531186998,191.32450487926866,98.9492561817156,169.83157023998842,-64.97645473149021,29.574256100387384,35.0,0.12478141834691574,12.594359173542253
13.753306039000014,108.04208323299972,SAT_10080,20.06234040049253,191.60066475277048,98.95505430128406,169.81769143796765,-64.92735964286766,29.594012501959973,35.0,0.12456219621149485,12.579118510648492
13.753306039000014,108.14208323299971,SAT_10080,20.101108355373583,191.8187344989764,98.95960048066625,169.806715157045,-64.8885916879866,29.609592508779944,35.0,0.12438914091566479,12.567079898805876
13.753306039000014,108.2420832329997,SAT_10080,20.129512858273117,191.97850982778627,98.96291345163247,169.79866358463778,-64.86018718508707,29.62099608893994,35.0,0.1242623768384551,12.558257312550767
13.753306039000014,108.3420832329997,SAT_10080,20.14752714055976,192.07984016564865,98.96500675487874,169.79355307958434,-64.84217290280043,29.628223219086472,35.0,0.12418199560767156,12.552661046694887
13.753306039000014,108.44208323299969,SAT_10080,20.155134155362262,192.12262962391273,98.96588889848394,169.79139406195839,-64.83456588799793,29.631273884419336,35.0,0.12414805555328298,12.550297654905586
13.753306039000014,108.54208323299969,SAT_10066,20.1735545467198,192.22624432529886,98.96802809263335,169.78634728588545,-64.81614549664039,29.63875296451654,35.0,0.12406461956138345,12.544486555710092
13.753306039000014,108.64208323299968,SAT_10066,20.29866598037357,192.92999613960131,98.98234221353582,169.75073288166152,-64.69103406298662,29.68879873252016,35.0,0.12350676097573901,12.50559315286951
13.753306039000014,108.74208323299968,SAT_10066,20.413798040590095,193.57761397831928,98.99526707236855,169.71782069478485,-64.57590200277009,29.73468368093776,35.0,0.1229938407709373,12.469771148152073
13.753306039000014,108.84208323299967,SAT_10066,20.518845672482755,194.1685069077155,99.0068585807334,169.68767485581154,-64.47085437087743,29.776407715621186,35.0,0.12252621918858313,12.437061011498503
13.753306039000014,108.94208323299966,SAT_10066,20.613711106129784,194.70212497198003,99.01716563220039,169.66035511572883,-64.3759889372304,29.813970750967815,35.0,0.12210423090064212,12.407500341568737
13.753306039000014,109.04208323299966,SAT_10066,20.6983044435012,195.17796249469427,99.02623071853536,169.6359164712894,-64.29139559985899,29.84737270991844,35.0,0.12172818312894124,12.381123655359092
13.753306039000014,109.14208323299965,SAT_10066,20.772544211564238,195.59556119004884,99.0340904520261,169.6144088112865,-64.21715583179595,29.87661352395537,35.0,0.12139835388407616,12.357962190580745
13.853306039000014,107.54208323299974,SAT_10035,19.8414657610752,190.358244906048,98.9285831953736,169.87934263304155,-65.14823428228499,29.50459845580123,35.0,0.1255532977930051,12.64793680725167
13.853306039000014,107.64208323299974,SAT_10035,19.841783273004182,190.36003091064853,98.92862190748639,169.87925348532718,-65.147916770356,29.504726968643407,35.0,0.12555187797702183,12.647838375695217
13.853306039000014,107.74208323299973,SAT_10035,19.83191585218303,190.30452666852958,98.92741789410817,169.8820234952669,-65.15778419117716,29.500732566728875,35.0,0.12559600351839664,12.650897259120727
13.853306039000014,107.84208323299973,SAT_10035,19.811872468722797,190.19178263656573,98.9249661951127,169.88764718946737,-65.17782757463739,29.492615258289263,35.0,0.12568564364188156,12.657109999817402
13.853306039000014,107.94208323299972,SAT_10080,19.866685217484502,190.50010434835033,98.93167750351357,169.87286004297587,-65.12301482587569,29.515105395923577,35.0,0.12543629520731267,12.639823883616069
13.853306039000014,108.04208323299972,SAT_10080,19.915544329723957,190.77493685469727,98.9375863013003,169.85911867700185,-65.07415571363623,29.534853420814233,35.0,0.1252179028025765,12.62467255464603
13.853306039000014,108.14208323299971,SAT_10080,19.95412522275676,190.99195437800677,98.94221890876143,169.84825139802507,-65.03557482060343,29.55042682174912,35.0,0.12504550493045918,12.612704739397014
13.853306039000014,108.2420832329997,SAT_10080,19.98239226234105,191.15095647566844,98.94559466781028,169.8402799568135,-65.00730778101914,29.561825566825686,35.0,0.12491922378587739,12.603934167245443
13.853306039000014,108.3420832329997,SAT_10080,20.000319185776533,191.25179541999302,98.94772755879663,169.83522038909925,-64.98938085758365,29.569049632693947,35.0,0.12483914938329692,12.598370951795049
13.853306039000014,108.44208323299969,SAT_10080,20.007889269167748,191.2943771390686,98.94862636544428,169.83308290863417,-64.98181077419244,29.572099004555927,35.0,0.12480533902372243,12.596021531090468
13.853306039000014,108.54208323299969,SAT_10066,20.124794719891668,191.95197029939064,98.96237577703847,169.80018505309323,-64.86490532346852,29.61919694443554,35.0,0.1242821689044371,12.559635045906404
13.853306039000014,108.64208323299968,SAT_10066,20.249666803795776,192.65437577135125,98.97677245448969,169.76469969127731,-64.74003323956441,29.6692213353621,35.0,0.12372518378990233,12.52082969985929
13.853306039000014,108.74208323299968,SAT_10066,20.364576467605474,193.30074263028078,98.98977106229356,169.7319076968551,-64.62512357575471,29.715086684081857,35.0,0.12321307383049115,12.485089489150976
13.853306039000014,108.84208323299967,SAT_10066,20.469419369620226,193.8904839541138,99.00142806676655,169.70187274702295,-64.52028067373996,29.756792896465324,35.0,0.1227461969718985,12.45245462621044
13.853306039000014,108.94208323299966,SAT_10066,20.564098411796834,194.4230535663572,99.01179284229981,169.6746541650553,-64.42560163156335,29.794339886926835,35.0,0.12232488573285065,12.42296246770203
13.853306039000014,109.04208323299966,SAT_10066,20.648524320751932,194.89794930422966,99.02090829526544,169.65030654954714,-64.34117572260826,29.82772757842244,35.0,0.12194944534143184,12.396647306142121
13.853306039000014,109.14208323299965,SAT_10066,20.722616195190383,195.3147160979459,99.02881139274403,169.62887942444027,-64.2670838481698,29.85695590244802,35.0,0.12162015199001172,12.373540174187548
13.953306039000013,107.54208323299974,SAT_10035,19.99948694127704,191.24711404468337,98.94760899545597,169.83485249276129,-64.99021310208315,29.56840729428592,35.0,0.12484706331898557,12.598920840288796
13.953306039000013,107.64208323299974,SAT_10035,19.99980581629778,191.248907716675,98.94764688014048,169.83476246599693,-64.98989422706241,29.56853575096532,35.0,0.12484563897849542,12.598821873052303
13.953306039000013,107.74208323299973,SAT_10035,19.989896054669146,191.19316530751396,98.94646861265724,169.83755978138709,-64.99980398869104,29.56454309468729,35.0,0.12488990506544059,12.601897396925818
13.953306039000013,107.84208323299973,SAT_10035,19.969766795518083,191.07993822478923,98.9440694124371,169.84323885724106,-65.0199332478421,29.556429333680995,35.0,0.12497983026797144,12.608143894014063
13.953306039000013,107.94208323299972,SAT_10035,19.93943655353496,190.90933061363418,98.9404395096472,169.85178838744264,-65.05026348982523,29.544194484669738,35.0,0.125115351138214,12.617554235914104
13.953306039000013,108.04208323299972,SAT_10035,19.898933102102447,190.68149869932628,98.93556403196911,169.8631914161936,-65.09076694125774,29.527838572871353,35.0,0.1252963724643738,12.630117725471136
13.953306039000013,108.14208323299971,SAT_10035,19.848293298999607,190.39664980687277,98.92942283099711,169.8774254494358,-65.14140674436058,29.507361631998812,35.0,0.12552276782647542,12.645820159097111
13.953306039000013,108.2420832329997,SAT_10080,19.825045399781686,190.265880373772,98.92661225358314,169.88455250514832,-65.1646546435785,29.49825259821966,35.0,0.1256224770522531,12.652732259597595
13.953306039000013,108.3420832329997,SAT_10080,19.842880659460903,190.36620370946758,98.92878922669226,169.87954644741882,-65.14681938389928,29.505473580302322,35.0,0.12554272464449057,12.647203792138292
13.953306039000013,108.44208323299969,SAT_10066,19.93073146135731,190.8603644701349,98.93942766152387,169.85502542569373,-65.05896858200288,29.541078578606633,35.0,0.1251487530019943,12.619872981913783
13.953306039000013,108.54208323299969,SAT_10066,20.065156309299283,191.61650423980848,98.95540264545359,169.81707797671402,-64.9245437340609,29.595238608494405,35.0,0.12454835671156482,12.578156009129742
13.953306039000013,108.64208323299968,SAT_10066,20.189748597234768,192.31733585944556,98.96990334923608,169.7817462677877,-64.79995144612542,29.645241487429264,35.0,0.12399238399874098,12.539454281768244
13.953306039000013,108.74208323299968,SAT_10066,20.304398234981548,192.9622400717712,98.98299487316733,169.74909737947678,-64.68530180837864,29.691087112755575,35.0,0.12348121340291512,12.503810328254533
13.953306039000013,108.84208323299967,SAT_10066,20.409001726473292,193.55063471141227,98.99473438644665,169.71919445115066,-64.5806983168869,29.732775390362182,35.0,0.12301520014819778,12.471264055950227
13.953306039000013,108.94208323299966,SAT_10066,20.50346277020762,194.08197808241786,99.00517187251423,169.692096298762,-64.48623727315257,29.770306234680106,35.0,0.1225946742012632,12.441852534869403
13.953306039000013,109.04208323299966,SAT_10066,20.58769283325421,194.55577218705494,99.01435076275703,169.6678570487029,-64.40200721010598,29.803679568680398,35.0,0.12221993842752271,12.415609791655957
13.953306039000013,109.14208323299965,SAT_10066,20.66161169197491,194.97156576735887,99.02230847340331,169.64652579226612,-64.32808835138528,29.83289532387227,35.0,0.12189126686494525,12.392566616126482
14.053306039000013,107.44208323299975,SAT_10035,20.136692554127023,192.01889561696453,98.9637352048424,169.79602273796488,-64.85300748923316,29.623565890713266,35.0,0.12423449284871671,12.55631614913284
14.053306039000013,107.54208323299974,SAT_10035,20.147282223005874,192.07846250440804,98.96496470061169,169.7930180494076,-64.84241782035431,29.627813590684365,35.0,0.12418723870148754,12.55302612292959
14.053306039000013,107.64208323299974,SAT_10035,20.14760238217832,192.08026339975305,98.96500183973448,169.79292719079663,-64.84209766118187,29.62794199085522,35.0,0.12418581011442958,12.552926651126029
14.053306039000013,107.74208323299973,SAT_10035,20.137652732121126,192.02429661818132,98.96384677059432,169.79575034523356,-64.85204731123906,29.623951090961143,35.0,0.12423020811229929,12.556017848854355
14.053306039000013,107.84208323299973,SAT_10035,20.117442573220558,191.91061447436564,98.96149487294579,169.80148182757023,-64.87225747013963,29.615840899228875,35.0,0.1243204008733928,12.56229614092488
14.053306039000013,107.94208323299972,SAT_10035,20.086990746328382,191.73932294809717,98.95793670507376,169.81011012247586,-64.9027092970318,29.60361143237677,35.0,0.1244563239179553,12.571754283014757
14.053306039000013,108.04208323299972,SAT_10035,20.046325512764454,191.51058100930004,98.95315789535462,169.8216179612608,-64.94337453059573,29.5872627156152,35.0,0.12463788048885793,12.58438140446126
14.053306039000013,108.14208323299971,SAT_10035,19.99548437537497,191.2245996114842,98.94713897602344,169.83598243638966,-64.99421566798522,29.566794782647168,35.0,0.12486494212008943,12.600163072122637
14.053306039000013,108.2420832329997,SAT_10035,19.93451384303745,190.88164036708565,98.93985515574471,169.85317515209388,-65.05518620032274,29.542207675669115,35.0,0.125137349386465,12.619081374511508
14.053306039000013,108.3420832329997,SAT_10035,19.863469141713367,190.48201392213767,98.9312760262597,169.87316240902766,-65.12623090164682,29.513501445371933,35.0,0.12545491282594562,12.641115025165151
14.053306039000013,108.44208323299969,SAT_10066,19.860613758064517,190.4659523891129,98.93096271051175,169.87474856418584,-65.12908628529567,29.512741421241593,35.0,0.12546215122239193,12.641616991129046
14.053306039000013,108.54208323299969,SAT_10066,19.99469782323378,191.22017525569,98.94707848075961,169.8369903199332,-64.99500222012641,29.566878004467878,35.0,0.12486298253381674,12.600026922127281
14.053306039000013,108.64208323299968,SAT_10066,20.118970833456643,191.91921093819363,98.96170548078156,169.8018362586589,-64.87072920990354,29.616859236535582,35.0,0.12430815807696946,12.561444029703253
14.053306039000013,108.74208323299968,SAT_10066,20.233323720231,192.56244592629938,98.9749097980419,169.7693528120259,-64.75637632312919,29.662685014808755,35.0,0.12379805308535367,12.525910472826702
14.053306039000013,108.84208323299967,SAT_10066,20.337653960749705,193.1493035292171,98.98674945970318,169.73960250029907,-64.65204608261048,29.704355245194275,35.0,0.12333301964939143,12.493465807856294
14.053306039000013,108.94208323299966,SAT_10066,20.431866170118028,193.6792472069139,98.99727519238782,169.71264355554092,-64.55783387324216,29.741869842139547,35.0,0.12291338479777693,12.464146775043007
14.053306039000013,109.04208323299966,SAT_10066,20.51587266733881,194.15178375378082,99.00653106792996,169.6885295607629,-64.47382737602138,29.775228728630363,35.0,0.12253944867638245,12.437987095212454
14.053306039000013,109.14208323299965,SAT_10066,20.589594008351312,194.56646629697613,99.01455505030705,169.6673091094641,-64.40010603500887,29.804431836189046,35.0,0.12221148284371355,12.415017278890112
14.153306039000013,107.44208323299975,SAT_10035,20.274087658958024,192.7917430816389,98.97952935002708,169.75695172991652,-64.71561238440216,29.678571407381835,35.0,0.12362167257158752,12.513610389295899
14.153306039000013,107.54208323299974,SAT_10035,20.28471700385211,192.85153314666815,98.98073664884485,169.75392120809397,-64.70498303950808,29.682817226517457,35.0,0.1235742877606562,12.510304770170917
14.153306039000013,107.64208323299974,SAT_10035,20.285038363228338,192.85334079315942,98.98077311780683,169.7538295680315,-64.70466168013185,29.68294556983411,35.0,0.12357285522113313,12.51020482671333
14.153306039000013,107.74208323299973,SAT_10035,20.2750514326448,192.797164308627,98.97963890070831,169.75667699599035,-64.71464861071539,29.6789564370672,35.0,0.1236173759932616,12.513310675798971
14.153306039000013,107.84208323299973,SAT_10035,20.254765665137853,192.68305686640042,98.9773295202332,169.7624577087694,-64.73493437822233,29.670849836441057,35.0,0.12370781777461451,12.519618688119365
14.153306039000013,107.94208323299972,SAT_10035,20.224200210297155,192.5111261829215,98.97383582716077,169.77115999275844,-64.76549983306303,29.65862578466914,35.0,0.12384411511254943,12.529121509861177
14.153306039000013,108.04208323299972,SAT_10035,20.18338379127833,192.2815338259406,98.96914389614025,169.78276628275492,-64.80631625208186,29.64228430695446,35.0,0.12402616979303989,12.541808106488343
14.153306039000013,108.14208323299971,SAT_10035,20.132354521428127,191.99449418303323,98.96323486594834,169.7972532794283,-64.85734552193206,29.621825436990147,35.0,0.12425385142129604,12.557663828072615
14.153306039000013,108.2420832329997,SAT_10035,20.071159662981614,191.65027310427158,98.9560847209984,169.81459210379916,-64.91854038037857,29.5972492169603,35.0,0.12452699818737739,12.57667049535235
14.153306039000013,108.3420832329997,SAT_10035,19.999855331044117,191.24918623712315,98.94766400961507,169.834748486598,-64.98984471231607,29.568555697540987,35.0,0.12484541780793489,12.598806505451137
14.153306039000013,108.44208323299969,SAT_10035,19.918506146734288,190.79159707538037,98.93793749317716,169.85768298993062,-65.0711938966259,29.535744937901455,35.0,0.1252088886333359,12.62404695596339
14.153306039000013,108.54208323299969,SAT_10066,19.91348759190558,190.76336770446886,98.93736657234247,169.85988037358058,-65.07621245145461,29.534115188912562,35.0,0.12522581204474315,12.62522145474185
14.153306039000013,108.64208323299968,SAT_10066,20.037402951419892,191.46039160173692,98.95214312094356,169.82492724721402,-64.9522970919403,29.58407463927645,35.0,0.12467226815437757,12.586772215848356
14.153306039000013,108.74208323299968,SAT_10066,20.15142340214794,192.1017566370822,98.965480980241,169.79263091372232,-64.83827664121225,29.629880446872352,35.0,0.12416335169354019,12.551362822668729
14.153306039000013,108.84208323299967,SAT_10066,20.25544751668164,192.68689228133425,98.97743919902938,169.76305319661213,-64.73425252667855,29.671532517624875,35.0,0.12369941122232996,12.519032436468965
14.153306039000013,108.94208323299966,SAT_10066,20.349380941563652,193.21526779629556,98.98806938857939,169.73625167095366,-64.64031910179654,29.709030765997525,35.0,0.12328077046021563,12.489817426380185
14.153306039000013,109.04208323299966,SAT_10066,20.433136954291456,193.68639536788947,98.99741638284115,169.71227930845805,-64.55656308906873,29.74237511499058,35.0,0.12290772649040649,12.46375116911086
14.153306039000013,109.14208323299965,SAT_10066,20.50663698775466,194.09983305612,99.00551879741307,169.69118414270133,-64.48306305560553,29.771565496139242,35.0,0.12258054807953542,12.44086386096391
14.253306039000012,107.44208323299975,SAT_10035,20.400996792972776,193.50560696047188,98.99381338648062,169.72069480373915,-64.58870325038741,29.72917416523108,35.0,0.12305615726941685,12.474126454609927
14.253306039000012,107.54208323299974,SAT_10035,20.411662878335378,193.5656036906365,98.99500079979303,169.7176402169816,-64.57803716502481,29.733418092101196,35.0,0.12300865203192425,12.47080638811248
14.253306039000012,107.64208323299974,SAT_10035,20.41198534912553,193.5674175888311,98.99503666837508,169.71754784895484,-64.57771469423466,29.733546378218147,35.0,0.1230072158495654,12.470706007648408
14.253306039000012,107.74208323299973,SAT_10035,20.401963896286446,193.51104691661126,98.99392113194165,169.7204178888882,-64.58773614707374,29.72955902331741,35.0,0.12305184977705709,12.473825431725901
14.253306039000012,107.84208323299973,SAT_10035,20.381608116060505,193.39654565284036,98.99164984028296,169.72624446148512,-64.60809192729968,29.72145603562094,35.0,0.1231425210627055,12.480160980372805
14.253306039000012,107.94208323299972,SAT_10035,20.350937447659774,193.2240231430862,98.98821390427244,169.73501566691368,-64.63876259570041,29.709237431837366,35.0,0.12327916334467298,12.489705197279426
14.253306039000012,108.04208323299972,SAT_10035,20.309981047455125,192.99364339193508,98.98359979534767,169.74671366150585,-64.67971899590506,29.6929032371624,35.0,0.12346167704749268,12.502446894514115
14.253306039000012,108.14208323299971,SAT_10035,20.258777601403622,192.70562400789538,98.97778919147568,169.76131477802082,-64.73092244195657,29.672453485279448,35.0,0.12368992997411513,12.518371219241086
14.253306039000012,108.2420832329997,SAT_10035,20.197375078257267,192.36023481519712,98.9707587665214,169.7787896837806,-64.79232496510292,29.647888218360396,35.0,0.1239637580865019,12.537459741596223
14.253306039000012,108.3420832329997,SAT_10035,20.12583042685887,191.95779615108114,98.96247991874209,169.79910357448077,-64.86386961650132,29.619207487066653,35.0,0.12428296646565795,12.559690562621546
14.253306039000012,108.44208323299969,SAT_10035,20.044209221522138,191.498676871062,98.95291843278804,169.82221640102043,-64.94549082183805,29.586411350550346,35.0,0.12464733044006421,12.585038440927908
14.253306039000012,108.54208323299969,SAT_10035,19.952585260083893,190.98329208797193,98.94203406805067,169.84808312630884,-65.0371147832763,29.549499876455766,35.0,0.12505659686976492,12.61347493655346
14.253306039000012,108.64208323299968,SAT_10066,19.945123899568543,190.94132193507303,98.9411737728235,169.85097104447814,-65.04457614379164,29.546887761030355,35.0,0.12508444347398123,12.615408416869865
14.253306039000012,108.74208323299968,SAT_10066,20.058777394006654,191.58062284128744,98.95466697004163,169.81888275216508,-64.93092264935353,29.59267347436004,35.0,0.12457683474807642,12.580136536800422
14.253306039000012,108.84208323299967,SAT_10066,20.162463588780213,192.1638576868887,98.96676307858655,169.78949691707444,-64.82723645457997,29.634307273099644,35.0,0.12411409694131198,12.547932713663855
14.253306039000012,108.94208323299966,SAT_10066,20.256089270898485,192.69050214880397,98.9775147447636,169.7628703880176,-64.7336107724617,29.67178907172849,35.0,0.12369655010899686,12.518832906063583
14.253306039000012,109.04208323299966,SAT_10066,20.339568777463384,193.16007437323154,98.98696769389063,169.7390554610948,-64.6501312658968,29.705118793261096,35.0,0.12332448794381351,12.492870110119275
14.253306039000012,109.14208323299965,SAT_10066,20.412824510648363,193.57213787239706,98.99516130346417,169.7180995511702,-64.57687553271182,29.734296369245317,35.0,0.12299817612215949,12.470074174664768
14.353306039000012,107.44208323299975,SAT_10035,20.51729865430943,194.15980493049057,99.00665415508814,169.68732597446265,-64.47240138905076,29.775374063364566,35.0,0.12253836324221364,12.437911114710458
14.353306039000012,107.54208323299974,SAT_10035,20.52799839142311,194.21999095175502,99.00782383262307,169.68424918908931,-64.46170165193708,29.77961608654359,35.0,0.1224907483035576,12.4345778010878
14.353306039000012,107.64208323299974,SAT_10035,20.528321880202185,194.22181057613727,99.00785916572524,169.68415614955094,-64.461378163158,29.77974431511546,35.0,0.12248930880276415,12.434477019919754
14.353306039000012,107.74208323299973,SAT_10035,20.5182688073061,194.1652620410968,99.00676029049384,169.68704704783502,-64.47143123605409,29.775758748815736,35.0,0.1225340458079381,12.437608891226859
14.353306039000012,107.84208323299973,SAT_10035,20.49784890192565,194.0504000733318,99.0045229693454,169.69291592304785,-64.49185114143454,29.767659395864012,35.0,0.12262492615181879,12.443969688098884
14.353306039000012,107.94208323299972,SAT_10035,20.46708187214135,193.8773355307951,99.00113854360177,169.7017507022811,-64.52261817121884,29.75544627296415,35.0,0.12276188263159916,12.453551859270304
14.353306039000012,108.04208323299972,SAT_10035,20.42599727646936,193.64623468014014,98.99659383622283,169.7135332830755,-64.56370276689083,29.739119405304656,35.0,0.12294481441260015,12.46634407470738
14.353306039000012,108.14208323299971,SAT_10035,20.374634332364323,193.3573181195493,98.99087100277868,169.72823965630315,-64.61506571099586,29.718678826559305,35.0,0.12317358763096387,12.482331293621066
14.353306039000012,108.2420832329997,SAT_10035,20.313041664293507,193.010859361651,98.98394732771045,169.74584006772756,-64.67665837906668,29.694124578887934,35.0,0.1234480361882032,12.501494854038864
14.353306039000012,108.3420832329997,SAT_10035,20.241276994782638,192.60718309565235,98.97579496178489,169.76629921597976,-64.74842304857755,29.66545671293745,35.0,0.123767962728271,12.523812582806965
14.353306039000012,108.44208323299969,SAT_10035,20.159406782537445,192.1466631517731,98.96638059536367,169.7895764842225,-64.83029326082274,29.632675287843075,35.0,0.12413313978583437,12.549258924657481
14.353306039000012,108.54208323299969,SAT_10035,20.067505812361844,191.62972019453537,98.95566506063943,169.8156262023673,-64.92219423099834,29.595780371229733,35.0,0.12454331109269431,12.577805088768091
14.353306039000012,108.64208323299968,SAT_10035,19.965656742092946,191.05681917427285,98.94360285427557,169.84439793638546,-65.02404330126724,29.5547720392137,35.0,0.12499819302780978,12.609419211067667
14.353306039000012,108.74208323299968,SAT_10066,19.955474922532986,190.99954643924806,98.94241918665597,169.84805387610206,-65.0342251208272,29.55106417147007,35.0,0.12503819614097764,12.612197220054242
14.353306039000012,108.84208323299967,SAT_10066,20.058792590455027,191.58070832130954,98.95467361149805,169.81887845313952,-64.93090745290516,29.592679585848483,35.0,0.12457676690351532,12.580131818710615
14.353306039000012,108.94208323299966,SAT_10066,20.152082659858237,192.10546496170258,98.96556473222742,169.79244380316987,-64.83761738350195,29.63014483359084,35.0,0.12416041036916042,12.55115800355375
14.353306039000012,109.04208323299966,SAT_10066,20.23526062264179,192.57334100236005,98.97513930387763,169.76880148628678,-64.7544394207184,29.663459837725647,35.0,0.12378941652881004,12.525308355628445
14.453306039000012,107.54208323299974,SAT_10035,20.63360977537944,194.81405498650935,99.0192640784304,169.6538176334713,-64.35609026798075,29.821411117741754,35.0,0.1220209662294143,12.401662786021769
14.453306039000012,107.64208323299974,SAT_10035,20.633934184336766,194.81587978689433,99.0192989367225,169.6537239816845,-64.35576585902342,29.821539288423306,35.0,0.1220195237484882,12.401561642013757
14.453306039000012,107.74208323299973,SAT_10035,20.623852529781743,194.7591704800223,99.01821483489098,169.6566338974168,-64.36584751357844,29.81755552145529,35.0,0.12206435332193945,12.404704784294987
14.453306039000012,107.84208323299973,SAT_10035,20.603374662817828,194.6439824783503,99.01600763464535,169.66254134119333,-64.38632538054236,29.80945982505498,35.0,0.1221554214027777,12.411088443001224
14.453306039000012,107.94208323299972,SAT_10035,20.572520538068204,194.47042802663364,99.01266888046231,169.67143408122007,-64.41717950529198,29.79725221592152,35.0,0.12229266001977122,12.420704979973657
14.453306039000012,108.04208323299972,SAT_10035,20.53132008277946,194.23867546563446,99.00818570515962,169.68329377748012,-64.45837996058073,29.7809327192363,35.0,0.1224759671877069,12.433542935149212
14.453306039000012,108.14208323299971,SAT_10035,20.479813001702084,193.94894813457424,99.00254068524279,169.69809610703487,-64.5098870416581,29.76050136866358,35.0,0.12270520751987592,12.449587095766939
14.453306039000012,108.2420832329997,SAT_10035,20.41804852042513,193.60152292739136,98.99571164318672,169.71581092874834,-64.57165152293506,29.73595820635127,35.0,0.12298021303545811,12.468818587502524
14.453306039000012,108.3420832329997,SAT_10035,20.346085070650304,193.19672852240797,98.98767139271465,169.73640248511433,-64.64361497270988,29.707303282931974,35.0,0.12330078415225591,12.491214986375283
14.453306039000012,108.44208323299969,SAT_10035,20.263989921619725,192.73494330911097,98.97838742190554,169.7598296383816,-64.72571012174046,29.67453665752419,35.0,0.12366669085320837,12.516750450029843
14.453306039000012,108.54208323299969,SAT_10035,20.171838762526946,192.21659303921408,98.96782150754936,169.78604613777065,-64.81786128083324,29.637658397733716,35.0,0.12407767401333518,12.545395866782973
14.453306039000012,108.64208323299968,SAT_10035,20.069715241265584,191.6421482321189,98.95592925252772,169.81500091422902,-64.9199848020946,29.596668579655294,35.0,0.12453344687224982,12.577119020648636
14.453306039000012,108.74208323299968,SAT_10035,19.957710465274744,191.01212136717047,98.94265953605765,169.8466383989103,-65.03198957808544,29.551567287874427,35.0,0.1250336966361643,12.611884770413416
14.453306039000012,108.84208323299967,SAT_10080,20.03009239508033,191.41926972232687,98.95128759103824,169.8268103891918,-64.95960764827986,29.581038841060558,35.0,0.12470618328152656,12.589129916867096
14.453306039000012,108.94208323299966,SAT_10080,20.152471191322235,192.10765045118757,98.96560588240828,169.7921499280668,-64.83722885203795,29.630206027524633,35.0,0.12415993663449622,12.551125014861281
14.453306039000012,109.04208323299966,SAT_10080,20.26500591519803,192.74065827298892,98.97852751438792,169.76014599745852,-64.72469412816216,29.675257534332022,35.0,0.12365804768335338,12.516147617352303
14.553306039000011,107.54208323299974,SAT_10035,20.72839166126448,195.34720309461272,99.02937231155691,169.6264100014719,-64.2613083820957,29.858803102379287,35.0,0.12159966604179867,12.3721018169613
14.553306039000011,107.64208323299974,SAT_10035,20.72871688849318,195.34903249777415,99.02940675205542,169.62631579932878,-64.260983154867,29.85893121482541,35.0,0.12159822093195774,12.372000349431687
14.553306039000011,107.74208323299973,SAT_10035,20.71860981788315,195.29218022559272,99.02833564952762,169.6292428099642,-64.27109022547704,29.854949257915695,35.0,0.12164313216314739,12.375153541265378
14.553306039000011,107.84208323299973,SAT_10035,20.698080410680106,195.1767023100756,99.02615495262019,169.63518492282716,-64.29161963268008,29.84685723986513,35.0,0.12173436584649251,12.381557583871553
14.553306039000011,107.94208323299972,SAT_10035,20.66714884423888,195.00271224884372,99.02285638367484,169.64412976241832,-64.3225511991213,29.83465517736819,35.0,0.12187185331893716,12.391204760752245
14.553306039000011,108.04208323299972,SAT_10035,20.625845378908423,194.7703802563599,99.0184273467709,169.65605877386997,-64.36385466445176,29.818343095599236,35.0,0.12205549155946906,12.404083494621553
14.553306039000011,108.14208323299971,SAT_10035,20.57421015961782,194.47993214785023,99.01285078687184,169.6709473504502,-64.41548988374237,29.797921028213118,35.0,0.12228514381047277,12.420178417694821
14.553306039000011,108.2420832329997,SAT_10035,20.51229295490222,194.131647871325,99.00610499733556,169.68876500116642,-64.47740708845797,29.773389017345977,35.0,0.12256064039673523,12.439470464240795
14.553306039000011,108.3420832329997,SAT_10035,20.44015283693554,193.72585970776242,98.99816337198781,169.70947555609217,-64.54954720642465,29.744747113616274,35.0,0.12288177973236053,12.46193698421639
14.553306039000011,108.44208323299969,SAT_10035,20.357857806871806,193.2629501636539,98.98899409676899,169.7330374065541,-64.63184223648838,29.71199537612598,35.0,0.12324832950379284,12.487551876556461
14.553306039000011,108.54208323299969,SAT_10035,20.265484370440078,192.74334958372546,98.97855977460615,169.75940377689125,-64.72421567292011,29.675133872461995,35.0,0.12366002801533202,12.516285740475537
14.553306039000011,108.64208323299968,SAT_10035,20.163117069257666,192.1675335145744,98.96681697558,169.78852302416084,-64.82658297410252,29.63416267869779,35.0,0.1241165856819909,12.548106042957478
14.553306039000011,108.74208323299968,SAT_10035,20.050847973748887,191.53601985233752,98.95371570259057,169.82033896188682,-64.9388520696113,29.589081879395206,35.0,0.12461768665330758,12.582977300466382
14.553306039000011,108.84208323299967,SAT_10080,20.09885362614847,191.80605164708513,98.9593716044625,169.80735394178402,-64.89084641721172,29.608686881037613,35.0,0.1243992044480849,12.567780152017226
14.553306039000011,108.94208323299966,SAT_10080,20.221432143537882,192.49555580740062,98.97355443030877,169.7725530061735,-64.7682678998223,29.657831766271674,35.0,0.12385233283835022,12.52969432708213
14.553306039000011,109.04208323299966,SAT_10080,20.334152968886755,193.129610449988,98.98635514934927,169.74041836429248,-64.65554707447343,29.702862838702956,35.0,0.12334986152611117,12.494641687357793
14.653306039000011,107.64208323299974,SAT_10035,20.812573696116814,195.82072704065706,99.03822649627789,169.60199056567257,-64.17712634724337,29.891920019789588,35.0,0.12122572901360644,12.345830072346779
14.653306039000011,107.74208323299973,SAT_10035,20.802444492043662,195.76375026774562,99.0371667166215,169.60493267347218,-64.18725555131653,29.887939883660707,35.0,0.1212707106248402,12.348992050880213
14.653306039000011,107.84208323299973,SAT_10035,20.781870203006633,195.6480198919123,99.03500910478246,169.61090540359032,-64.20782984035355,29.879851565749945,35.0,0.12136208703196291,12.355413915481211
14.653306039000011,107.94208323299972,SAT_10035,20.750871203903316,195.4736505219562,99.03174553737843,169.61989625292162,-64.23882883945687,29.86765508274717,35.0,0.1214997889604409,12.365087880321985
14.653306039000011,108.04208323299972,SAT_10035,20.709478050500834,195.24081403406723,99.02736365375702,169.63188647582575,-64.28022199285935,29.851350459819795,35.0,0.12168371247379094,12.378002264379607
14.653306039000011,108.14208323299971,SAT_10035,20.65773127808302,194.94973843921701,99.02184671841637,169.6468512135988,-64.33196876527717,29.830937730613382,35.0,0.12191371960280999,12.394141562688931
14.653306039000011,108.2420832329997,SAT_10035,20.595681136635378,194.60070639357403,99.01517343301974,169.66475966464586,-64.39401890672481,29.806416937252443,35.0,0.12218963917490205,12.413486540156486
14.653306039000011,108.3420832329997,SAT_10035,20.52338726620158,194.1940533723839,99.00731769432043,169.68557529293395,-64.4663127771586,29.777788130341452,35.0,0.12251126783358614,12.43601434673252
14.653306039000011,108.44208323299969,SAT_10035,20.440918316803277,193.73016553201845,98.9982482931617,169.70925607179942,-64.54878172655691,29.745051368966063,35.0,0.12287837123617622,12.461698652487378
14.653306039000011,108.54208323299969,SAT_10035,20.34835151795673,193.2094772885066,98.98792854840136,169.73575475976347,-64.64134852540346,29.708206720694506,35.0,0.12329068541578178,12.490509800918717
14.653306039000011,108.64208323299968,SAT_10035,20.245772203364226,192.63246864392377,98.97631586808156,169.76501920465017,-64.74392783999596,29.66725426157922,35.0,0.12374791829221893,12.522414978632781
14.653306039000011,108.74208323299968,SAT_10035,20.133273296769843,191.99966229433036,98.96336122835973,169.79699267203597,-64.85642674659034,29.622194076158678,35.0,0.12424975131516865,12.557378399397882
14.653306039000011,108.84208323299967,SAT_10080,20.15677692378783,192.13187019630655,98.96611177358157,169.79092773695274,-64.83292311957236,29.63193259668069,35.0,0.12414072628902148,12.549787253011285
14.653306039000011,108.94208323299966,SAT_10080,20.279515668253993,192.8222756339287,98.98018104061383,169.75601033935231,-64.7101843751062,29.681055048304582,35.0,0.12359336553781032,12.511635718520653
14.653306039000011,109.04208323299966,SAT_10080,20.39238588278033,193.45717059063938,98.99288039335772,169.72376732359666,-64.59731416057986,29.726065565063,35.0,0.12309043799022418,12.476521964055959
14.75330603900001,107.54208323299974,SAT_10035,20.885091478311722,196.2286395655034,99.04576196894817,169.5808964546037,-64.10460856504847,29.920377642625166,35.0,0.12090379232426501,12.32318596074567
14.75330603900001,107.64208323299974,SAT_10035,20.88541802165929,196.23047637183353,99.0457957328212,169.5808013468785,-64.1042820217009,29.920505637565626,35.0,0.1209023430563387,12.323083969331687
14.75330603900001,107.74208323299973,SAT_10035,20.875270072322806,196.1733941568158,99.04474568281296,169.58375648613122,-64.11442997103738,29.916527332936067,35.0,0.12094738343993974,12.326253434402284
14.75330603900001,107.84208323299973,SAT_10035,20.8546577738516,196.05744997791527,99.04260790756355,169.58975564395598,-64.13504226950859,29.908442736946963,35.0,0.12103887902319894,12.33269048347637
14.75330603900001,107.94208323299972,SAT_10035,20.823601672244607,195.88275940637592,99.03937441581098,169.59878620657662,-64.16609837111558,29.89625186628363,35.0,0.12117676000384277,12.34238727081875
14.75330603900001,108.04208323299972,SAT_10035,20.782132579132792,195.64949575762193,99.03503304837244,169.6108292629071,-64.2075674642274,29.87995474610662,35.0,0.12136092165530779,12.35533202577162
14.75330603900001,108.14208323299971,SAT_10035,20.73029136787011,195.35788894426935,99.02956734335316,169.62585973573496,-64.25940867549008,29.859551410052315,35.0,0.12159122496279669,12.371509124844637
14.75330603900001,108.2420832329997,SAT_10035,20.66812870537413,195.0082239677295,99.0229563519973,169.64384655413386,-64.32157133798606,29.835041900233733,35.0,0.12186749746154808,12.390899186624381
14.75330603900001,108.3420832329997,SAT_10035,20.595704723415537,194.6008390692124,99.0151744015951,169.6647528646376,-64.39399531994465,29.80642626724154,35.0,0.12218953426725417,12.413479188281332
14.75330603900001,108.44208323299969,SAT_10035,20.51308863381871,194.13612356523026,99.00619080074257,169.68853627820317,-64.47661140954148,29.773704570145263,35.0,0.12255709928643665,12.439222602197129
14.75330603900001,108.54208323299969,SAT_10035,20.420358292693663,193.61451539640186,98.9959694809705,169.71514914955594,-64.56934175066652,29.736876876494684,35.0,0.12296992659272339,12.46809955101253
14.75330603900001,108.64208323299968,SAT_10035,20.317599719366967,193.03649842143918,98.98446856727543,169.744538885151,-64.67210032399322,29.695943262321475,35.0,0.12342772195338964,12.500076979210306
14.75330603900001,108.74208323299968,SAT_10035,20.204906576098466,192.40259949055388,98.97163986833333,169.7766482757125,-64.78479346726172,29.65090381214101,35.0,0.12393016448926147,12.535118839200988
14.75330603900001,108.84208323299967,SAT_10080,20.20380523860308,192.39640446714233,98.97153800185326,169.77756662837336,-64.7858948047571,29.650775941638386,35.0,0.1239309441884445,12.535173173833691
14.75330603900001,108.94208323299966,SAT_10080,20.326663894293787,193.08748440540253,98.98551478349167,169.7425573089638,-64.6630361490664,29.699875827320223,35.0,0.12338323271065077,12.496971434712178
14.85330603900001,107.64208323299974,SAT_10035,20.947173573739775,196.57785135228625,99.05214617712164,169.56279493812582,-64.04252646962041,29.944688011183388,35.0,0.1206283226858935,12.303791219992087
14.85330603900001,107.74208323299973,SAT_10035,20.93701036048708,196.52068327773983,99.05110433360387,169.56576098309043,-64.05268968287311,29.940711548767638,35.0,0.1206734099443239,12.306966838605993
14.85330603900001,107.84208323299973,SAT_10035,20.91636711372675,196.40456501471297,99.04898328943162,169.57178225744613,-64.07333292963344,29.932630696473915,35.0,0.12076500056850556,12.313416368092723
14.85330603900001,107.94208323299972,SAT_10035,20.88526452300333,196.22961294189372,99.0457751645044,169.58084605442713,-64.10443552035686,29.92044547098304,35.0,0.12090302431515612,12.323131912597614
14.85330603900001,108.04208323299972,SAT_10035,20.843733614599685,195.99600158212326,99.04146796914168,169.59293332393614,-64.1459664287605,29.90415589744878,35.0,0.1210873757974927,12.336101626475664
14.85330603900001,108.14208323299971,SAT_10035,20.791815545470683,195.7039624432726,99.0360454716284,169.60801880517585,-64.1978844978895,29.88376200949845,35.0,0.12131791512700872,12.352309787085103
14.85330603900001,108.2420832329997,SAT_10035,20.729561332269896,195.35378249401816,99.0294870172802,169.62607120094725,-64.26013871109029,29.85926384923372,35.0,0.12159446875923861,12.371736890617521
14.85330603900001,108.3420832329997,SAT_10035,20.657031519210236,194.94580229555757,99.02176729552484,169.64705339112183,-64.33266852414995,29.830661467231614,35.0,0.12191683053331798,12.394359769726414
14.85330603900001,108.44208323299969,SAT_10035,20.574295789291938,194.48041381476716,99.01285605040495,169.6709226822636,-64.41540425406825,29.797954922545717,35.0,0.1222847628929961,12.420151731457361
14.85330603900001,108.54208323299969,SAT_10035,20.481432524083488,193.95805794796962,99.00271772865932,169.69763108995147,-64.5082675192767,29.7611442827076,35.0,0.122697998274871,12.449082713757967
14.85330603900001,108.64208323299968,SAT_10035,20.378528317803273,193.37922178764342,98.99131105809126,169.72712564997966,-64.61117172555691,29.720229623728418,35.0,0.12315624064802047,12.481119458657648
14.85330603900001,108.74208323299968,SAT_10066,20.32239240316528,193.06345726780472,98.98504233247507,169.74396122150102,-64.6673076401949,29.698267976869147,35.0,0.12340102362341322,12.498213371939618
14.85330603900001,108.84208323299967,SAT_10066,20.265353204311097,192.74261177424995,98.97858353619425,169.76023102693318,-64.72434683904909,29.675491954768166,35.0,0.12365525045704463,12.515952516427028
14.85330603900001,108.94208323299966,SAT_10080,20.362829402800344,193.29091539075196,98.98957884017237,169.7322229212848,-64.62687064055984,29.714294065795094,35.0,0.12322209644286063,12.485719688627276
14.95330603900001,107.54208323299974,SAT_10035,20.997447467292112,196.86064200351814,99.05727080506105,169.54810726712543,-63.992252576068076,29.964339216395274,35.0,0.12040534234194587,12.28807918299597
14.95330603900001,107.64208323299974,SAT_10035,20.99777487889213,196.86248369376824,99.05730408851055,169.54801152728535,-63.99192516446806,29.964467092451194,35.0,0.1204038904465491,12.287976839187355
14.95330603900001,107.74208323299973,SAT_10035,20.98759996278224,196.8052497906501,99.05626898632137,169.55098630078203,-64.00210008057795,29.960492482959772,35.0,0.12044901243518491,12.291157250320511
14.95330603900001,107.84208323299973,SAT_10035,20.9669329903936,196.688998070964,99.0541616860488,169.55702527627795,-64.02276705296659,29.952415396127087,35.0,0.12054067346421315,12.297616499351516
14.95330603900001,107.94208323299972,SAT_10035,20.93579476630761,196.5138455604803,99.05097439877927,169.56611567233608,-64.05390527705258,29.940235848629516,35.0,0.12067880293863285,12.307346650407375
14.95330603900001,108.04208323299972,SAT_10035,20.89421648882086,196.27996774961733,99.0466952738732,169.57823832723747,-64.09548355453933,29.92395386561413,35.0,0.12086329494512137,12.320335797970866
14.95330603900001,108.14208323299971,SAT_10035,20.842239542146984,195.9875974245768,99.0413082684233,169.59336783277607,-64.1474605012132,29.90356948069929,35.0,0.12109400889838187,12.33656814023804
14.95330603900001,108.2420832329997,SAT_10035,20.7799152231771,195.63702313037118,99.03479296895027,169.6114727100792,-64.20978482018309,29.879082735975448,35.0,0.12137077039289529,12.356024075686435
14.95330603900001,108.3420832329997,SAT_10035,20.707304406586104,195.22858728704685,99.0271243619,169.6325156249279,-64.28239563677408,29.850493682006153,35.0,0.12169337224978191,12.378680321602562
14.95330603900001,108.44208323299969,SAT_10035,20.62447715286376,194.76268398485865,99.01827254843603,169.65645363952316,-64.36522289049643,29.817802377829256,35.0,0.12206157574630819,12.404510053056201
14.95330603900001,108.54208323299969,SAT_10035,20.531512264520188,194.23975648792606,99.00820239779895,169.68323849720286,-64.45818777884,29.781008890958326,35.0,0.12247511201366902,12.433483060581803
14.95330603900001,108.64208323299968,SAT_10066,20.481561707671887,193.95878460565436,99.00276265835615,169.6983871018628,-64.5081383356883,29.761614364862847,35.0,0.12269214869981009,12.44867344998854
14.95330603900001,108.74208323299968,SAT_10066,20.434557825833224,193.6943877703119,98.99757593274087,169.7118720222989,-64.55514221752696,29.742940040177075,35.0,0.1229013999639797,12.463308835441156
14.95330603900001,108.84208323299967,SAT_10066,20.377348759577217,193.37258677262184,98.99121159016494,169.7282546628412,-64.61235128378297,29.720174676229878,35.0,0.12315617852407701,12.481115118647551
15.05330603900001,107.64208323299974,SAT_10035,21.03716773845791,197.08406852882572,99.06129058942238,169.53648440117846,-63.95253230490228,29.979842841954444,35.0,0.12022923037256657,12.275661515305703
15.05330603900001,107.74208323299973,SAT_10035,21.026984745968797,197.02678919607447,99.06026081019259,169.53946568375397,-63.96271529739139,29.97587009609393,35.0,0.12027437474478406,12.27884533498656
15.05330603900001,107.84208323299973,SAT_10035,21.006301403170433,196.91044539283368,99.05816436211705,169.54551785935,-63.983398640189755,29.96779679647994,35.0,0.12036608113311392,12.285311496186573
15.05330603900001,107.94208323299972,SAT_10035,20.97513860038589,196.73515462717063,99.05499352828531,169.55462809070445,-64.0145614429743,29.955622959784463,35.0,0.12050427868221592,12.295052033372093
15.05330603900001,108.04208323299972,SAT_10035,20.933527664118685,196.50109311066763,99.05073656784792,169.5667771326491,-64.0561723792415,29.939348611147953,35.0,0.12068886108902678,12.308054996651332
15.05330603900001,108.14208323299971,SAT_10035,20.881510147958494,196.20849458226655,99.04537758698514,169.5819394667776,-64.1081898954017,29.918973784179922,35.0,0.12091968725248987,12.324304525551515
15.05330603900001,108.2420832329997,SAT_10035,20.819137557647323,195.8576487617662,99.0388963626799,169.60008347840673,-64.17056248571286,29.89449852095975,35.0,0.12119658212973694,12.343780946136157
15.05330603900001,108.3420832329997,SAT_10035,20.74647101412637,195.44889945446087,99.03126811591211,169.6211716732819,-64.24322902923382,29.865922872037675,35.0,0.12151933778835167,12.366460890201227
15.05330603900001,108.44208323299969,SAT_10035,20.663580859179604,194.98264233288526,99.0224632298379,169.6451609309484,-64.32611918418058,29.83324689643601,35.0,0.12188771464215892,12.392317435026019
15.05330603900001,108.54208323299969,SAT_10066,20.619985516047564,194.73741852776755,99.01781793178912,169.6585449658154,-64.36971452731262,29.816451259693725,35.0,0.1220763308709264,12.405544490320027
15.05330603900001,108.64208323299968,SAT_10066,20.58313237541276,194.5301196116968,99.01384096494036,169.66917127249638,-64.40656766794743,29.80187487963659,35.0,0.12224022180112959,12.4170310532865
15.05330603900001,108.74208323299968,SAT_10066,20.5360024427645,194.2650137405503,99.00872199620518,169.68274073337238,-64.45369760059569,29.78320934805437,35.0,0.12244987937748723,12.431716335900195
15.05330603900001,108.84208323299967,SAT_10066,20.47864081125003,193.94235456328144,99.00244119468253,169.69922572616088,-64.51105923211016,29.760454703555975,35.0,0.12270514983043967,12.449583059674824
15.15330603900001,107.64208323299974,SAT_10035,21.06530961198044,197.24236656738998,99.06412191870628,169.5282396988497,-63.92439043137975,29.99081522905448,35.0,0.12010448679348995,12.266861474791044
15.15330603900001,107.74208323299973,SAT_10035,21.055122220001692,197.18506248750953,99.06309608034071,169.53122523841958,-63.934577823358495,29.986844357527556,35.0,0.12014964104768042,12.270047301418792
15.15330603900001,107.84208323299973,SAT_10035,21.034429964158498,197.06866854839154,99.06100766677213,169.53728604696454,-63.95527007920169,29.978774866881988,35.0,0.12024136743559491,12.276517531683545
15.15330603900001,107.94208323299972,SAT_10035,21.00325379061995,196.89330257223722,99.05784901452266,169.54640925064626,-63.98644625274024,29.966606773785433,35.0,0.12037959493452617,12.28626418094488
15.15330603900001,108.04208323299972,SAT_10035,20.961625109391107,196.65914124032497,99.05360846422022,169.55857554962313,-64.02807493396908,29.950340103371808,35.0,0.12056421699084677,12.299275270726914
15.15330603900001,108.14208323299971,SAT_10035,20.90958558437262,196.36641891209598,99.04827023269262,169.57375935329057,-64.08011445898757,29.929974889241894,35.0,0.12079509217190378,12.315534902766991
15.15330603900001,108.2420832329997,SAT_10035,20.847186857321077,196.01542607243107,99.04181423828811,169.59192895798998,-64.14251318603911,29.905511173464124,35.0,0.12107204502503609,12.335023356488213
15.15330603900001,108.3420832329997,SAT_10035,20.77449020954883,195.60650742871218,99.03421587607862,169.6130467646255,-64.21520983381136,29.876949006575597,35.0,0.12139486713329409,12.357717208628173
15.15330603900001,108.44208323299969,SAT_10066,20.737411220743084,195.39793811667985,99.03033804329966,169.62459404505688,-64.2522888226171,29.862784212256017,35.0,0.12155441865069998,12.36892457116554
15.15330603900001,108.54208323299969,SAT_10066,20.71080727237741,195.24829090712294,99.02752068877703,169.63229827540812,-64.27889277098278,29.852301982493277,35.0,0.12167262342549126,12.377223854642446
15.15330603900001,108.64208323299968,SAT_10066,20.673866778276874,195.0405006278074,99.02358971605692,169.64298388937624,-64.31583326508331,29.837732508432016,35.0,0.12183679329695872,12.388745090842129
15.15330603900001,108.74208323299968,SAT_10066,20.626625642451017,194.774769238787,99.0185301780144,169.65662887196717,-64.36307440090917,29.819075820213122,35.0,0.12204680603037162,12.403474543124752
15.15330603900001,108.84208323299967,SAT_10066,20.569129433310437,194.45135306237123,99.01232264778585,169.67320529439894,-64.42057061004975,29.796331956434326,35.0,0.12230250637659743,12.421394765708543
15.253306039000009,107.64208323299974,SAT_10035,21.08216992142178,197.33720580799752,99.06580962430476,169.52329621564033,-63.90753012193841,29.997384231887725,35.0,0.12002976338873364,12.261588374797062
15.253306039000009,107.74208323299973,SAT_10035,21.071981841680696,197.2798978594539,99.06478637098411,169.5262837375111,-63.91771820167949,29.993415245393205,35.0,0.12007491491682792,12.264774794644767
15.253306039000009,107.84208323299973,SAT_10035,21.05128820075207,197.16349612923037,99.06270322784641,169.53234856604408,-63.93841184260812,29.98534958545792,35.0,0.12016663572879309,12.271246226293174
15.253306039000009,107.94208323299972,SAT_10035,21.020109970343647,196.98811858318302,99.05955256672269,169.54147781035107,-63.96959007301654,29.973187268745257,35.0,0.12030485472860065,12.28099467668212
15.253306039000009,108.04208323299972,SAT_10035,20.97847859864423,196.75394211737378,99.05532278208922,169.55365214510505,-64.01122144471596,29.956928320382673,35.0,0.12048946525283825,12.294008154740741
15.253306039000009,108.14208323299971,SAT_10035,20.92643579999418,196.4612013749673,99.04999816391444,169.56884594604773,-64.063264243366,29.936572773962325,35.0,0.12072032572353303,12.310270745557075
15.253306039000009,108.2420832329997,SAT_10035,20.864033278337132,196.11018719064634,99.04355872401447,169.58702746804775,-64.12566676502306,29.91212067154185,35.0,0.1209972605083843,12.329762708008781
15.253306039000009,108.3420832329997,SAT_10066,20.83362179590246,195.93912260195134,99.04042822407824,169.59667203362693,-64.15607824745773,29.90061885683508,35.0,0.12112713709671219,12.33889793356916
15.253306039000009,108.44208323299969,SAT_10066,20.817347099863937,195.84757743673467,99.0387311682798,169.6014019006716,-64.17235294349625,29.894226941513438,35.0,0.12119939332025632,12.343978591017846
15.253306039000009,108.54208323299969,SAT_10066,20.790688735528036,195.6976241373452,99.0359423243531,169.6091436768001,-64.19901130783215,29.883749708597392,35.0,0.12131776974623901,12.352299569883199
15.253306039000009,108.64208323299968,SAT_10066,20.753672949603924,195.48941034152207,99.03205124799976,169.6198812553459,-64.23602709375626,29.869187179765486,35.0,0.12148217714184624,12.36385084103402
15.253306039000009,108.74208323299968,SAT_10066,20.706335977001046,195.2231398706309,99.02704325968436,169.63359240754164,-64.28336406635914,29.85053938514998,35.0,0.12169249224769298,12.37861855171978
15.253306039000009,108.84208323299967,SAT_10066,20.64872380414758,194.89907139833014,99.02089928157861,169.65024893468538,-64.34097623921261,29.827806363337558,35.0,0.12194855851782467,12.396585109346963
15.353306039000008,107.64208323299974,SAT_10035,21.087730271619606,197.3684827778603,99.06636069922774,169.5216652611249,-63.90196977174058,29.999549837365052,35.0,0.12000512250384571,12.259849225476897
15.353306039000008,107.74208323299973,SAT_10035,21.077545234708445,197.311191945235,99.06533869178112,169.52465247828354,-63.91215480865174,29.995582746597908,35.0,0.12005025864090219,12.263034818325204
15.353306039000008,107.84208323299973,SAT_10035,21.056857774886566,197.19482498373694,99.06325808897115,169.5307166888785,-63.93284226847362,29.987520939106975,35.0,0.12014194818607489,12.269504570516014
15.353306039000008,107.94208323299972,SAT_10035,21.025688858879164,197.01949983119533,99.06011128010277,169.53984500464333,-63.96401118448102,29.975364431551412,35.0,0.12028012006459961,12.279250491324508
15.353306039000008,108.04208323299972,SAT_10035,20.984069927422,196.78539334174874,99.05588668631381,169.55201810417014,-64.00563011593819,29.959113249052308,35.0,0.1204646676448639,12.29226059317549
15.353306039000008,108.14208323299971,SAT_10035,20.93204268500598,196.49274010315867,99.05056863380983,169.5672103683745,-64.0576573583542,29.938767425193305,35.0,0.1206954493909133,12.308518965782088
15.353306039000008,108.2420832329997,SAT_10066,20.90843869554091,196.35996766241763,99.04817163462394,169.5748932282495,-64.08126134781928,29.92996091104825,35.0,0.12079507866589136,12.315533951952148
15.353306039000008,108.3420832329997,SAT_10066,20.90255370221388,196.32686457495308,99.04756536942283,169.57660840414744,-64.08714634114631,29.92765543282332,35.0,0.12082119119038064,12.317372178631812
15.353306039000008,108.44208323299969,SAT_10066,20.886251197355165,196.2351629851228,99.04588310907424,169.58135789336282,-64.10344884600502,29.921266583173388,35.0,0.12089353365382724,12.322464002161762
15.353306039000008,108.54208323299969,SAT_10066,20.85954739332486,196.08495408745236,99.04311862719068,169.58913174049795,-64.13015265003533,29.910794375320044,35.0,0.12101205099943642,12.330803233858001
15.353306039000008,108.64208323299968,SAT_10066,20.82246874291222,195.87638667888126,99.03926164121478,169.5999137055132,-64.16723130044797,29.896238830935708,35.0,0.12117665335952513,12.342379772510974
15.353306039000008,108.74208323299968,SAT_10066,20.775051764528513,195.60966617547288,99.03429769954639,169.61368137622995,-64.21464827883167,29.877599980144108,35.0,0.12138721660009417,12.357179666145745
15.353306039000008,108.84208323299967,SAT_10066,20.717342802719344,195.2850532652963,99.02820802164256,169.63040632237738,-64.27235724064084,29.85487786152101,35.0,0.12164358306830907,12.375185196716151
15.453306039000008,107.54208323299974,SAT_10035,21.08165706410518,197.33432098559166,99.06574479819857,169.52344663010967,-63.90804297925501,29.9971844683528,35.0,0.12003203618614085,12.261748781311992
15.453306039000008,107.64208323299974,SAT_10035,21.081984583631026,197.3361632829245,99.06577766355255,169.52335057315065,-63.90771545972916,29.9973120411714,35.0,0.12003058473750469,12.261646343012403
15.453306039000008,107.74208323299973,SAT_10035,21.071806322808136,197.27891056579577,99.0647555700611,169.52633519670593,-63.91789372055205,29.993346856822804,35.0,0.12007569281189301,12.264829687857024
15.453306039000008,107.84208323299973,SAT_10035,21.051132615695693,197.16262096328828,99.0626747922789,169.5323941476265,-63.938567427664495,29.98528892350256,35.0,0.12016732538583613,12.271294878154736
15.453306039000008,107.94208323299972,SAT_10035,21.019984393503975,196.9874122134599,99.0595277192863,169.54151455994838,-63.96971564985621,29.97313825786565,35.0,0.12030541150041664,12.28103393627307
15.453306039000008,108.04208323299972,SAT_10035,20.978393043862198,196.75346087172488,99.05530277190422,169.55367714560143,-64.01130699949799,29.956894885026884,35.0,0.12048984469740304,12.29403489422605
15.453306039000008,108.14208323299971,SAT_10066,20.961724316526514,196.65969928046164,99.05363135603487,169.55934694440947,-64.02797572683367,29.95081617578714,35.0,0.12055869549940905,12.29888626271193
15.453306039000008,108.2420832329997,SAT_10066,20.96626888126623,196.68526245712258,99.05409541062022,169.55801969542028,-64.02343116209396,29.952593215850758,35.0,0.12053853949406305,12.29746614303036
15.453306039000008,108.3420832329997,SAT_10066,20.960375871905114,196.65211427946628,99.05349360316482,169.55974071929316,-64.02932417145507,29.950288850112184,35.0,0.12056467623925661,12.29930762603484
15.453306039000008,108.44208323299969,SAT_10066,20.944051190572196,196.56028794696863,99.05182372478816,169.56450639003296,-64.04564885278799,29.943903083341187,35.0,0.12063708570808565,12.304408460388123
15.453306039000008,108.54208323299969,SAT_10066,20.917311154242427,196.40987524261365,99.04907963074568,169.57230668440246,-64.07238888911776,29.933435928755664,35.0,0.12075571252316027,12.312762420947811
15.553306039000008,107.44208323299975,SAT_10035,21.05379016060067,197.17756965337878,99.06293622764692,169.53161553518513,-63.93590988275952,29.986325047369306,35.0,0.12015554548078636,12.270463849462915
15.553306039000008,107.54208323299974,SAT_10035,21.06461195723699,197.23844225945805,99.06402568308178,169.52844418939515,-63.925088086123196,29.99054333662657,35.0,0.12010757894372219,12.267079654410901
15.553306039000008,107.64208323299974,SAT_10035,21.064939138916174,197.24028265640348,99.06405859407809,169.52834828934942,-63.924760904444014,29.990670847765678,35.0,0.1201061288047592,12.266977334055504
15.553306039000008,107.74208323299973,SAT_10035,21.054771373855985,197.18308897793995,99.06303508057499,169.53132803900886,-63.9349286695042,29.986707580523024,35.0,0.12015119618846143,12.270157014829906
15.553306039000008,107.84208323299973,SAT_10035,21.034118963545794,197.0669191699451,99.06095140835208,169.53737710592972,-63.955581079814394,29.978653543092136,35.0,0.12024274617509657,12.27661477080171
15.553306039000008,107.94208323299972,SAT_10035,21.00300277333696,196.89189060002042,99.05779994855213,169.5464826660081,-63.98669727002323,29.966508752123882,35.0,0.12038070801563047,12.286342648123377
15.553306039000008,108.04208323299972,SAT_10066,20.993383958763005,196.8377847680419,99.05685186867431,169.55009625320866,-63.99631608459718,29.96319053516129,35.0,0.12041829332124816,12.28899207322856
15.553306039000008,108.14208323299971,SAT_10066,21.008376618608594,196.92211847967334,99.05837426720129,169.54571190688415,-63.981323424751594,29.96904613326815,35.0,0.12035181650994585,12.28430583462565
15.553306039000008,108.2420832329997,SAT_10066,21.012925762619894,196.9477074147369,99.05883553047032,169.54438112822427,-63.976774280740294,29.9708223106376,35.0,0.12033164728758892,12.282883815866034
15.553306039000008,108.3420832329997,SAT_10066,21.007026815756006,196.91452583862755,99.05823734314882,169.54610672876018,-63.98267322760418,29.96851906359239,35.0,0.1203578011699127,12.284727761266486
15.553306039000008,108.44208323299969,SAT_10066,20.99068570981632,196.82260711771679,99.05657752014629,169.55088506320823,-63.99901433354387,29.962136396900966,35.0,0.1204302580396396,12.289835409196973
15.553306039000008,108.54208323299969,SAT_10066,20.963918843700483,196.67204349581525,99.05384998295911,169.55870605507928,-64.0257811996597,29.951674323777574,35.0,0.120548962269717,12.298200506088282
15.653306039000007,107.34208323299976,SAT_10035,21.004203348628437,196.89864383603495,99.05791591079655,169.54613152624813,-63.98549669473175,29.96697756683566,35.0,0.1203753843468112,12.285967350972463
15.653306039000007,107.44208323299975,SAT_10035,21.025479109494782,197.01831999090814,99.06007170321041,169.53990639903992,-63.964220933865406,29.975282583843693,35.0,0.12028104999449973,12.279316068674678
15.653306039000007,107.54208323299974,SAT_10035,21.036285808644337,197.0791076736244,99.06116410233426,169.53674264690477,-63.95341423471585,29.97949882126497,35.0,0.12023314010412611,12.275937268971921
15.653306039000007,107.64208323299974,SAT_10035,21.036612533683986,197.08094550197245,99.06119710221333,169.53664697657385,-63.9530875096762,29.979626270380855,35.0,0.12023169167834201,12.275835111804875
15.653306039000007,107.74208323299973,SAT_10035,21.026458954358404,197.02383161826606,99.06017082334915,169.53961959103313,-63.963241089001784,29.975664930927802,35.0,0.12027670583688911,12.279009723059566
15.653306039000007,107.84208323299973,SAT_10035,21.005835324772917,196.90782370184763,99.05808151400528,169.54565418809062,-63.98386471858727,29.96761481109735,35.0,0.12036814780971189,12.285457193784286
15.653306039000007,107.94208323299972,SAT_10066,21.00336722723329,196.8939406531873,99.05786007903392,169.54717707595663,-63.9863328161269,29.96708995644321,35.0,0.12037402710016824,12.285871669513307
15.653306039000007,108.04208323299972,SAT_10066,21.028804761710603,197.03702678462213,99.06043700090146,169.53973430583275,-63.960895281649584,29.977020110936905,35.0,0.12026125110853751,12.277919835645198
15.653306039000007,108.14208323299971,SAT_10066,21.04380712821058,197.12141509618453,99.06195224835356,169.5353416236476,-63.94589291514961,29.982872849188848,35.0,0.12019474905769367,12.273229391633151
15.653306039000007,108.2420832329997,SAT_10066,21.048359221647722,197.14702062176843,99.06241134692786,169.5340083131393,-63.941340821712465,29.984648159079338,35.0,0.12017457216400802,12.271806095488488
15.653306039000007,108.3420832329997,SAT_10066,21.04245645059185,197.11381753457917,99.06181596705801,169.53573719653534,-63.94724359276834,29.982346036932135,35.0,0.12020073599269761,12.273651697172443
15.653306039000007,108.44208323299969,SAT_10066,21.026104768090555,197.02183932050937,99.0601639421164,169.5405246146846,-63.96359527526963,29.975966487514384,35.0,0.12027322036233185,12.278763927737073
15.753306039000007,107.24208323299976,SAT_10035,20.933015339758654,196.49821128614244,99.05064770889157,169.56692660345755,-64.05668470360153,29.93914810253314,35.0,0.12069113407401037,12.308215068603111
15.753306039000007,107.34208323299976,SAT_10035,20.96468322155006,196.6763431212191,99.0538878460185,169.5576824019922,-64.02501682181013,29.95153581708654,35.0,0.1205506523773005,12.29831958452717
15.753306039000007,107.44208323299975,SAT_10035,20.985921670005396,196.7958093937804,99.05605232982239,169.55147686947464,-64.00377837335479,29.959836770057194,35.0,0.12045645537534846,12.291681818561994
15.753306039000007,107.54208323299974,SAT_10035,20.99670939302664,196.85649033577488,99.05714912697844,169.5483230865457,-63.992990650333546,29.96405094427531,35.0,0.1204086153198591,12.288309892743293
15.753306039000007,107.64208323299974,SAT_10035,20.99703554409956,196.85832493556,99.05718225965178,169.5482277177916,-63.99266449926063,29.964178331024364,35.0,0.12040716900616617,12.288207943487214
15.753306039000007,107.74208323299973,SAT_10035,20.98689979496399,196.80131134667243,99.05615184919206,169.55119096492183,-64.0028002483962,29.960218930040874,35.0,0.12045211754773466,12.291376095967498
15.753306039000007,107.84208323299973,SAT_10066,20.991668835498466,196.82813719967888,99.05666593598315,169.55059766353472,-63.99803120786172,29.96252049001479,35.0,0.12042589858348446,12.289528135758305
15.753306039000007,107.94208323299972,SAT_10066,21.02752612569492,197.02983445703393,99.06030156412001,169.54010858180942,-63.96217391766527,29.976521157853163,35.0,0.12026691935777013,12.278319574351245
15.753306039000007,108.04208323299972,SAT_10066,21.05297087704256,197.1729611833644,99.06286974603339,169.53265733805412,-63.936729166317626,29.986446433365664,35.0,0.1201541319744561,12.270364129654721
15.753306039000007,108.14208323299971,SAT_10066,21.06797751782163,197.25737353774667,99.06437986412469,169.5282596479515,-63.921722525538556,29.9922962959944,35.0,0.12008762314805356,12.265671550433405
15.753306039000007,108.2420832329997,SAT_10066,21.072530910822287,197.28298637337537,99.06483741000692,169.52692481638678,-63.9171691325379,29.994070733622948,35.0,0.12006744419011388,12.26424760558395
15.753306039000007,108.3420832329997,SAT_10066,21.06662645483879,197.2497738084682,99.06424404386681,169.52865567202332,-63.9230735885214,29.99176974257606,35.0,0.12009361069480327,12.26609404837933
15.753306039000007,108.44208323299969,SAT_10066,21.050270115592085,197.15776940020547,99.06259761236826,169.53344854736653,-63.9394299277681,29.985393327619594,35.0,0.1201661024431585,12.271208605577998
15.853306039000007,107.34208323299976,SAT_10035,20.913966870970754,196.3910636492105,99.04868636372309,169.57248208146302,-64.07573317238943,29.931690770238095,35.0,0.12077565096359824,12.314166210200902
15.853306039000007,107.44208323299975,SAT_10035,20.935160509672045,196.51027786690528,99.05086247777194,169.56630073134818,-64.05453953368814,29.9399876367883,35.0,0.12068161684334001,12.30754482228493
15.853306039000007,107.54208323299974,SAT_10035,20.945925442684356,196.57083061509948,99.05196515997594,169.5631592516255,-64.04377460067583,29.944199736439998,35.0,0.1206338596082559,12.304181225882065
15.853306039000007,107.64208323299974,SAT_10035,20.946250904423508,196.57266133738221,99.05199847034143,169.56306425505244,-64.04344913893668,29.94432706047873,35.0,0.12063241579943412,12.304079528563529
15.853306039000007,107.74208323299973,SAT_10066,20.958328787181728,196.64059942789723,99.05326266077765,169.56033847628348,-64.03137125617846,29.94948826931505,35.0,0.12057375576489268,12.299947293445145
15.853306039000007,107.84208323299973,SAT_10066,21.00455897867414,196.90064425504204,99.05796921084848,169.54682853071037,-63.98514106468605,29.967555366094945,35.0,0.12036874304823063,12.285499157022388
15.853306039000007,107.94208323299972,SAT_10066,21.040413355583077,197.10232512515483,99.06159723850749,169.53633552177195,-63.94928668777711,29.981549113874784,35.0,0.12020979221302491,12.27429048766693
15.853306039000007,108.04208323299972,SAT_10066,21.065856058424842,197.24544032863972,99.06416006744169,169.52888148242909,-63.923843984935345,29.991469483662474,35.0,0.12009702491138764,12.26633496125734
15.853306039000007,108.14208323299971,SAT_10066,21.080861498382113,197.3298459283994,99.06566704409019,169.52448214013043,-63.908838544978074,29.99731645490562,35.0,0.12003052790346863,12.26164233184979
15.853306039000007,108.2420832329997,SAT_10066,21.085414528100408,197.3554567205648,99.06612363905812,169.52314680674334,-63.90428551525978,29.999090015491028,35.0,0.1200103525278607,12.260218371479597
15.853306039000007,108.3420832329997,SAT_10066,21.07951054328722,197.3222468059906,99.06553150618726,169.52487831305575,-63.91018950007297,29.99679016174444,35.0,0.12003651438695351,12.262064834374707
15.953306039000006,107.44208323299975,SAT_10035,20.87324993245886,196.1620308700811,99.04448165403149,169.58434463574105,-64.11645011090133,29.915735223591508,35.0,0.12095634998187942,12.326884348769918
15.953306039000006,107.54208323299974,SAT_10035,20.88398834198651,196.22243442367412,99.04559175189178,169.58121774162242,-64.10571170137368,29.9199452373174,35.0,0.12090868830103191,12.323530508767613
15.953306039000006,107.64208323299974,SAT_10066,20.903431930078554,196.33180460669186,99.04762660001651,169.5763524680699,-64.08626811328163,29.927999510789256,35.0,0.1208172942995386,12.317097861701447
15.953306039000006,107.74208323299973,SAT_10066,20.959966896385353,196.64981379216763,99.05342453048262,169.55986014524925,-64.02973314697483,29.950128910770633,35.0,0.1205664901753384,12.299435422320883
15.953306039000006,107.84208323299973,SAT_10066,21.006176507779443,196.90974285625938,99.05812737945544,169.5463554370338,-63.983523535580744,29.968187024477807,35.0,0.12036157123629684,12.284993551788434
15.953306039000006,107.94208323299972,SAT_10066,21.04201490751032,197.11133385474554,99.0617525668452,169.53586650713873,-63.947685135849866,29.982173814488206,35.0,0.12020269316413712,12.273789750035204
15.953306039000006,108.04208323299972,SAT_10066,21.06744626419895,197.2543852361191,99.06431339608397,169.5284153714635,-63.92225377916124,29.9920892518174,35.0,0.12008997751350936,12.265837682001639
15.953306039000006,108.14208323299971,SAT_10066,21.082445009148344,197.33875317645942,99.06581919945977,169.52401774523634,-63.90725503421184,29.99793331591842,35.0,0.12002351097483949,12.261147093919082
15.953306039000006,108.2420832329997,SAT_10066,21.086996006940296,197.3643525390392,99.06627543931701,169.52268293307253,-63.90270403641989,29.99970599468127,35.0,0.12000334484537818,12.259723753183263
16.053306039000006,107.54208323299974,SAT_10066,20.827106895925382,195.90247628958028,99.03971669616273,169.59856576590155,-64.1625931474348,29.89806051383934,35.0,0.12115606082986902,12.340931834542724
16.053306039000006,107.64208323299974,SAT_10066,20.893857990359123,196.27795119577007,99.04663510611395,169.57914210902823,-64.09584205300106,29.924248049968774,35.0,0.12085977736574852,12.320088216575865
16.053306039000006,107.74208323299973,SAT_10066,20.95034740064986,196.59570412865548,99.05243610161583,169.56266866050078,-64.03935264271033,29.946366381940386,35.0,0.12060915729710509,12.302441206852826
16.053306039000006,107.84208323299973,SAT_10066,20.996519668204726,196.85542313365158,99.05714142877767,169.5491794608688,-63.99318037515546,29.964415463904565,35.0,0.12040438909817155,12.288011989093059
16.053306039000006,107.94208323299972,SAT_10066,21.032329038170687,197.0568508397101,99.06076852157804,169.53870260956654,-63.9573710051895,29.97839525844852,35.0,0.12024562812091787,12.276818025950558
16.053306039000006,108.04208323299972,SAT_10066,21.057739759146948,197.19978614520159,99.06333069420768,169.53126007201195,-63.93196028421324,29.98830573659538,35.0,0.12013299566155135,12.268872953135121
16.053306039000006,108.14208323299971,SAT_10066,21.07272631969824,197.28408554830258,99.06483728650983,169.52686752727539,-63.91697372366195,29.994146877803544,35.0,0.1200665782256605,12.264186495964445
16.053306039000006,108.2420832329997,SAT_10066,21.077273618378435,197.30966410337868,99.0652937652545,169.52553425851417,-63.91242642498175,29.995918669966184,35.0,0.1200464270009185,12.262764409432851
16.153306039000007,107.24208323299976,SAT_10035,20.66390075446897,194.98444174388797,99.02247178287368,169.64506848463105,-64.32579928889122,29.833373165284918,35.0,0.12188629254449396,12.392217677000577
16.153306039000007,107.34208323299976,SAT_10035,20.695237601711185,195.1607115096254,99.02580965108841,169.63600741781528,-64.294462441649,29.845736286452738,35.0,0.12174700051733911,12.382444309769115
16.153306039000007,107.44208323299975,SAT_10066,20.729524456586375,195.35357506829837,99.02947355530631,169.62687872461868,-64.26017558677381,29.8596776607757,35.0,0.12158945813778732,12.371385064793047
16.153306039000007,107.54208323299974,SAT_10066,20.806383532167104,195.78590736843998,99.0375507843855,169.60458667922754,-64.18331651119308,29.889919124709248,35.0,0.1212480741858282,12.347400882488966
16.153306039000007,107.64208323299974,SAT_10066,20.873057129992944,196.16094635621033,99.0444820787887,169.5851997850258,-64.11664291336724,29.916093485982753,35.0,0.12095208886630261,12.326584525457903
16.153306039000007,107.74208323299973,SAT_10066,20.929480680712743,196.47832882900917,99.05029382305244,169.5687576442546,-64.06021936264744,29.938200690322745,35.0,0.12070172190510692,12.308960686810499
16.153306039000007,107.84208323299973,SAT_10066,20.975598927517936,196.73774396728837,99.05500783200493,169.55529416923255,-64.01410111584225,29.95624069189145,35.0,0.12049716113209266,12.29455047736906
16.153306039000007,107.94208323299972,SAT_10066,21.011366282974777,196.93893534173313,99.05864159457929,169.54483735292982,-63.97833376038541,29.970213453285723,35.0,0.1203385613656369,12.283371299375675
16.153306039000007,108.04208323299972,SAT_10066,21.036747127087786,197.0817025898688,99.06120846685297,169.53740907715746,-63.9529529162724,29.98011894553618,35.0,0.12022604348378928,12.275436741167324
16.153306039000007,108.2420832329997,SAT_10066,21.056257983599252,197.1914511577458,99.0631751319817,169.53169425237917,-63.933442059760935,29.987728048893025,35.0,0.12013956300395841,12.269336293270829
16.253306039000005,107.24208323299976,SAT_10035,20.569159379234833,194.45152150819592,99.01228115083542,169.67240224712822,-64.42054066412535,29.79592164505601,35.0,0.12230761226725612,12.421752449785897
16.253306039000005,107.34208323299976,SAT_10066,20.61089534361787,194.6862863078505,99.01681807555353,169.66116732540002,-64.37880469974232,29.812857416770257,35.0,0.12211675199441639,12.408378039118137
16.253306039000005,107.44208323299975,SAT_10066,20.697736013462233,195.17476507572508,99.02610252862245,169.63608093146746,-64.29196402989795,29.847148558895732,35.0,0.1217307092234319,12.381300948102783
16.253306039000005,107.54208323299974,SAT_10066,20.774479138068955,195.60644515163784,99.03420578888219,169.61384749945097,-64.21522090529123,29.877374719231593,35.0,0.12138975989940863,12.357358365172455
16.253306039000005,107.64208323299974,SAT_10066,20.841051612644264,195.980915321124,99.0411592841111,169.59451182451969,-64.14864843071592,29.9035358350834,35.0,0.12109415318671339,12.336578288092928
16.253306039000005,107.74208323299973,SAT_10066,20.897389192318713,196.29781420679274,99.04698954521487,169.57811330218738,-64.09231085104147,29.925631852191536,35.0,0.1208441077789211,12.318985293266719
16.253306039000005,107.84208323299973,SAT_10066,20.94343689985365,196.55683256167677,99.05171850757529,169.56468566651722,-64.04626314350654,29.94366272472992,35.0,0.1206398106185951,12.304600391100633
16.253306039000005,107.94208323299972,SAT_10066,20.979149379766852,196.75771526118854,99.05536375647058,169.55425676248822,-64.01055066359334,29.957628415304942,35.0,0.12048141578943627,12.293440900620615
16.353306039000003,107.04208323299977,SAT_10035,20.370776973354225,193.33562047511754,98.99045946311492,169.72934303411463,-64.61892307000596,29.71714243287839,35.0,0.1231907719297567,12.483531696839956
16.353306039000003,107.14208323299977,SAT_10035,20.42228219177096,193.62533732871165,98.99618945226922,169.71459788692798,-64.56741785158923,29.73764202258576,35.0,0.12296135874594585,12.467500628501073
16.353306039000003,107.24208323299976,SAT_10066,20.471467592065594,193.90200520536897,99.00164958063972,169.7012848775968,-64.5182324512946,29.757606329810862,35.0,0.12273707954024127,12.451816823968414
16.353306039000003,107.34208323299976,SAT_10066,20.568146696717307,194.44582516903483,99.01220080967035,169.673488330294,-64.42155334664288,29.7959428592695,35.0,0.12230687779244323,12.421700997825946
16.353306039000003,107.44208323299975,SAT_10066,20.6548269914435,194.9334018268697,99.0215281413142,169.64848601434454,-64.33487305191669,29.830216547173208,35.0,0.12192142680990548,12.394682157935446
16.353306039000003,107.54208323299974,SAT_10066,20.731427482442925,195.36427958874145,99.02966855808498,169.6263275041735,-64.25827256091726,29.860427322409237,35.0,0.12158100314614269,12.370791376006855
16.353306039000003,107.64208323299974,SAT_10066,20.797875531003996,195.73804986189748,99.03665373860488,169.60705729777612,-64.19182451235619,29.886575122298964,35.0,0.12128585448273912,12.35005648239629
16.353306039000003,107.74208323299973,SAT_10066,20.85410730509581,196.05435359116393,99.04251042448642,169.5907145271987,-64.13559273826438,29.908659892596447,35.0,0.12103619820363,12.332501905458477
16.353306039000003,107.84208323299973,SAT_10066,20.900068183158453,196.3128835302663,99.04726072459387,169.57733269933777,-64.08963186020173,29.926681587487156,35.0,0.12083222012583088,12.318148528225285
16.353306039000003,112.04208323299949,SAT_10066,20.698002821346407,195.17626587007356,99.02612816245363,169.63600373808234,-64.29169722201378,29.847253770688265,35.0,0.12172952353191398,12.381217731087796
16.453306039000005,106.74208323299979,SAT_10080,20.2184004494287,192.47850252803644,98.97326092379434,169.77341553201603,-64.77129959393149,29.65661848746834,35.0,0.1238658526924943,12.530636696691301
16.453306039000005,106.94208323299978,SAT_10035,20.19351501214514,192.33852194331644,98.97038379291506,169.77988698545636,-64.79618503121505,29.646342389333846,35.0,0.12398097627644508,12.538659458816092
16.453306039000005,107.04208323299977,SAT_10035,20.254900836306874,192.68381720422616,98.97740004249201,169.76241920347806,-64.73479920705331,29.670903870179462,35.0,0.12370721508598252,12.519576658668724
16.453306039000005,107.14208323299977,SAT_10066,20.311523480356897,193.00231957700757,98.98384338071557,169.74706397615736,-64.67817656300329,29.693931030656987,35.0,0.12344945899705721,12.501594158505855
16.453306039000005,107.24208323299976,SAT_10066,20.41788272412235,193.60059032318821,98.99573346846488,169.71665058042905,-64.57181731923784,29.736308615364482,35.0,0.12297565107436775,12.468499703098901
16.453306039000005,107.34208323299976,SAT_10066,20.51435168116045,194.14322820652754,99.00634861348033,169.68896679230886,-64.47534836219974,29.77462551810801,35.0,0.1225462169785328,12.438460871020355
16.453306039000005,107.44208323299975,SAT_10066,20.600842171971095,194.62973721733744,99.0157319899433,169.6640665163395,-64.38885787138909,29.808881659358864,35.0,0.12216145840644832,12.411511556002019
16.453306039000005,107.54208323299974,SAT_10066,20.677273824995737,195.05966526560104,99.02392096776909,169.64199893025506,-64.31242621836445,29.83907696802201,35.0,0.12182164992795248,12.387682606203455
16.453306039000005,107.64208323299974,SAT_10066,20.743574564611293,195.43260692593853,99.0309475554067,169.62280817269738,-64.2461254787489,29.865211381434445,35.0,0.12152703743543786,12.367001650050533
16.453306039000005,107.74208323299973,SAT_10066,20.799681057509773,195.74820594849245,99.03683877144222,169.60653305714683,-64.19001898585041,29.887284845363737,35.0,0.12127783673273194,12.349492937334588
16.453306039000005,111.54208323299952,SAT_10066,20.45316837836755,193.79907212831748,98.9996346588285,169.70653551559505,-64.53653166499264,29.75033713260282,35.0,0.12281854122866093,12.457514740771755
16.453306039000005,111.7420832329995,SAT_10066,20.54246932278612,194.30138994067192,99.00941284083751,169.6808801475077,-64.44723072057407,29.785772138144562,35.0,0.12242110718383144,12.429701604027095
16.553306039000006,106.74208323299979,SAT_10080,20.075872712751988,191.67678400922995,98.95677397388667,169.81386175973472,-64.9138273306082,29.599452918097686,35.0,0.12450178428891615,12.574916704682238
16.553306039000006,106.84208323299978,SAT_10080,20.066861519194674,191.62609604547006,98.95571872816346,169.81641215203734,-64.92283852416551,29.5958303811876,35.0,0.12454201206710663,12.577714741248652
16.553306039000006,106.94208323299978,SAT_10035,20.067340027791218,191.6287876563256,98.95574977985252,169.81567311893116,-64.92236001556897,29.59571372209408,35.0,0.1245440512609956,12.577856567470896
16.553306039000006,107.04208323299977,SAT_10066,20.131376145887998,191.98899082062,98.96324765398889,169.79831866187553,-64.85832389747219,29.62183823279669,35.0,0.12425280049001633,12.557590667903337
16.553306039000006,107.14208323299977,SAT_10066,20.247243861496045,192.64074672091525,98.97656295928208,169.76538970777472,-64.74245618186414,29.66825249946369,35.0,0.12373598648392815,12.521582987069193
16.553306039000006,107.24208323299976,SAT_10066,20.35333851843545,193.2375291661994,98.98854281855269,169.73512053422493,-64.63636152492474,29.710608263106316,35.0,0.12326313859653644,12.48858611520958
16.553306039000006,107.34208323299976,SAT_10066,20.449565496857332,193.7788059198225,98.99923738471294,169.70756890108763,-64.54013454650286,29.748905435782007,35.0,0.12283458126764814,12.458636499929595
16.553306039000006,107.44208323299975,SAT_10066,20.53583740564325,194.26408540674328,99.00869039507873,169.68278821065655,-64.45386263771694,29.783143937981635,35.0,0.12245061367204052,12.431767751369984
16.553306039000006,107.54208323299974,SAT_10066,20.61207459907095,194.6929196197741,99.01693970348234,169.6608271777214,-64.37762544428924,29.81332369862768,35.0,0.12211150806614171,12.408010457129384
16.553306039000006,107.64208323299974,SAT_10066,20.678205658276312,195.06490682780424,99.02401773025758,169.64172952160428,-64.31149438508388,29.839444655072565,35.0,0.12181750825600772,12.387392010296162
16.653306039000004,106.6420832329998,SAT_10080,19.921935225204933,190.81088564177776,98.93854137589983,169.85731953413452,-65.06776481815525,29.5374343840675,35.0,0.12518934201900367,12.622690326069224
16.653306039000004,106.74208323299979,SAT_10080,19.923050704935847,190.81716021526415,98.93867517177503,169.85700546688986,-65.06664933842434,29.5378848200729,35.0,0.12518435709295622,12.622344334514427
16.653306039000004,106.84208323299978,SAT_10080,19.914085368273064,190.76673019653597,98.93759913959327,169.85952934240728,-65.07561467508712,29.534264150136025,35.0,0.12522442305042425,12.62512505976544
16.653306039000004,106.94208323299978,SAT_10066,19.9313659601995,190.8639335261222,98.93967950666244,169.85484672900623,-65.05833408316069,29.541334732404884,35.0,0.12514591774365336,12.619676168815698
16.653306039000004,107.04208323299977,SAT_10066,20.056558960052925,191.5681441502977,98.9545228508648,169.8195103153208,-64.93314108330726,29.591781266556854,35.0,0.12458673902689071,12.580825295516425
16.653306039000004,107.14208323299977,SAT_10066,20.172103706737033,192.2180833503958,98.96795939883674,169.78675936781707,-64.81759633662315,29.638171495965405,35.0,0.12407109161780573,12.544937373153696
16.653306039000004,107.24208323299976,SAT_10066,20.277899912574824,192.8131870082334,98.98004725179285,169.75665501101076,-64.71180013078536,29.68050532427596,35.0,0.12359932018634108,12.512051123864211
16.653306039000004,107.34208323299976,SAT_10066,20.37385391759507,193.3529282864723,98.99083735017737,169.72925439395942,-64.61584612576512,29.71878266356736,35.0,0.12317174608737234,12.482202649285686
16.653306039000004,107.44208323299975,SAT_10066,20.459879227125057,193.83682065257844,99.0003741123426,169.70461034777787,-64.52982081623513,29.75300343434984,35.0,0.12278866562648735,12.455425237180611
16.753306039,106.6420832329998,SAT_10080,19.75896224291472,189.8941626163953,98.91873771812696,169.90307376277772,-65.23073780044547,29.47146411367932,35.0,0.125918061273147,12.673210090073916
16.753306039,106.74208323299979,SAT_10080,19.760071757241306,189.90040363448236,98.91887438787276,169.90276314980207,-65.22962828611888,29.471914316203716,35.0,0.12591309739835954,12.67286635512216
16.753306039,106.84208323299978,SAT_10080,19.751154349332595,189.85024321499586,98.91777523457588,169.9052592734547,-65.2385456940276,29.468295523021304,35.0,0.12595299421330858,12.675628949380888
16.753306039,106.94208323299978,SAT_10066,19.84618222137746,190.38477499524822,98.92941342145234,169.87880195762702,-65.14351782198273,29.50690175429937,35.0,0.12552667340848625,12.646090945246595
16.753306039,107.04208323299977,SAT_10066,19.970990675307903,191.08682254860696,98.94441610295335,169.8436791823046,-65.01870936805228,29.557322013167877,35.0,0.12496887958067271,12.607383319334879
16.753306039,107.14208323299977,SAT_10066,20.08617694010249,191.7347452880765,98.95799530975415,169.8111277905203,-64.9035231032577,29.603688080143364,35.0,0.12445452124338738,12.571628871637394
16.753306039,107.24208323299976,SAT_10066,20.19164186033018,192.32798546435728,98.97021021634015,169.78120818737523,-64.79805818303001,29.645999858894438,35.0,0.12398393940745135,12.538865915141775
16.753306039,107.34208323299976,SAT_10066,20.287292846345224,192.8660222606919,98.98111269510862,169.75397684088853,-64.70240719701496,29.684257261521093,35.0,0.12355745198439101,12.509130165663137
16.853306039000003,106.6420832329998,SAT_10080,19.736245739111254,189.76638228250084,98.91594311571012,169.9094306935765,-65.25345430424893,29.462243296772318,35.0,0.1260197013664916,12.680247206078256
16.853306039000003,106.74208323299979,SAT_10080,19.81968712936748,190.23574010269206,98.9261891372341,169.88605587209466,-65.17001291399271,29.496082441874105,35.0,0.12564643909798706,12.654393044674174
16.853306039000003,106.84208323299978,SAT_10080,19.893426896219225,190.65052629123315,98.93512766477456,169.8653419968354,-65.09627314714096,29.525917493091,35.0,0.12531675498757217,12.631531888408976
16.853306039000003,106.94208323299978,SAT_10080,19.95740126653442,191.0103821242561,98.94279576369878,169.8473279419136,-65.03229877682577,29.551748388083436,35.0,0.12503086814054243,12.611688354855081
16.853306039000003,107.04208323299977,SAT_10080,20.01155423575105,191.31499257609963,98.9492247066764,169.83204786910946,-64.97814580760914,29.573575072881482,35.0,0.12478897078204843,12.594884040599112
16.853306039000003,107.14208323299977,SAT_10080,20.055837899460656,191.5640881844662,98.9544403416269,169.81953101627934,-64.93386214389953,29.59139750188365,35.0,0.12459122719333157,12.581137402310508
16.853306039000003,107.24208323299976,SAT_10066,20.094648836319777,191.78239970429874,98.95898852160606,169.80872846130092,-64.89505120704041,29.607091935765958,35.0,0.1244167068847166,12.568997974620745
16.953306039000005,106.6420832329998,SAT_10080,19.87327983269641,190.5371990589173,98.9327034503725,169.8710067129015,-65.11642021066378,29.5177725066878,35.0,0.12540681400031545,12.637779190449766
16.953306039000005,106.74208323299979,SAT_10080,19.957017443343716,191.00822311880842,98.94275614056703,169.84743614004344,-65.03268260001647,29.551593559308483,35.0,0.1250325829780089,12.611807436303515
16.953306039000005,106.84208323299978,SAT_10080,20.031021138238344,191.42449390259068,98.95152724727126,169.82654790725488,-64.95867890512184,29.581412658908956,35.0,0.12470203599449932,12.58884162078143
16.953306039000005,106.94208323299978,SAT_10080,20.095226131958256,191.78564699226519,98.95905264331374,169.80838153705713,-64.89447391140193,29.60722974317141,35.0,0.12441539537831138,12.568906722137902
16.953306039000005,107.04208323299977,SAT_10080,20.149575524285723,192.0913623241072,98.96536260188333,169.79297176540368,-64.84012451907446,29.629044758144758,35.0,0.12417285619800617,12.552024655617537
16.953306039000005,107.14208323299977,SAT_10080,20.194020639767615,192.34136609869284,98.97048214946356,169.78034832479014,-64.79567940359257,29.64685765824343,35.0,0.12397458517643299,12.538214151869436
17.053306039000002,106.4420832329998,SAT_10066,19.9325289321293,190.87047524322733,98.93984465303858,169.85451918582913,-65.05717111123089,29.541804223685556,35.0,0.12514072103569207,12.619315428051623
17.053306039000002,106.5420832329998,SAT_10066,19.95077214009453,190.97309328803172,98.94202504283432,169.84937936481262,-65.03892790326566,29.54916686241669,35.0,0.12505920728684947,12.613656193582868
17.053306039000002,106.6420832329998,SAT_10080,19.99994643155692,191.2496986775077,98.94786255806389,169.83532562493792,-64.98975361180327,29.56889946238025,35.0,0.12484081426657662,12.598486634979011
17.053306039000002,106.74208323299979,SAT_10080,20.083957832828787,191.72226280966194,98.95774201504743,169.8115727838115,-64.9057422105314,29.602702331491514,35.0,0.12446569286389747,12.572406065347511
17.053306039000002,106.84208323299978,SAT_10080,20.158205507719913,192.1399059809245,98.96636308432085,169.79052218966092,-64.83149453564027,29.63250539921933,35.0,0.1241343526851824,12.549343392513503
17.053306039000002,106.94208323299978,SAT_10080,20.22262372199188,192.50225843620436,98.97376057891691,169.77221397349814,-64.76707632136831,29.658308603267468,35.0,0.1238470190685587,12.529323932069078
17.053306039000002,107.04208323299977,SAT_10080,20.277154735778126,192.80899538875195,98.97996388348858,169.7566834102045,-64.71254530758206,29.680111889703515,35.0,0.12360388973794635,12.512369897343143
17.153306039,106.4420832329998,SAT_10066,20.082881177115127,191.7162066212726,98.95762834368126,169.81206099247504,-64.90681886624506,29.602363666544477,35.0,0.1244692325116219,12.572652307802876
17.153306039,106.5420832329998,SAT_10066,20.1011971078228,191.81923373150326,98.95976469518143,169.80687343446306,-64.88850293553739,29.609722316776985,35.0,0.12438748018571749,12.566964337665594
17.153306039,106.6420832329998,SAT_10080,20.11612895347379,191.90322536329006,98.96149415145258,169.80245840013865,-64.8735710898864,29.61562406187325,35.0,0.12432210357475018,12.562414648046254
17.153306039,106.74208323299979,SAT_10080,20.200390571692637,192.3771969657711,98.97121902968993,169.7785375039498,-64.78930947166755,29.6494086564884,35.0,0.12394617384317151,12.536234450362993
17.153306039,106.84208323299978,SAT_10080,20.27486125552808,192.79609456234544,98.97970620150464,169.75733719789386,-64.71483878783211,29.679195612124033,35.0,0.12361411343013742,12.513083088632138
17.153306039,106.94208323299978,SAT_10080,20.339474390652327,193.15954344741934,98.98698954117523,169.7388981780779,-64.65022565270786,29.704984866505296,35.0,0.12332615045509347,12.492986190680167
17.153306039,107.34208323299976,SAT_10080,20.498309605511835,194.0529915310041,99.00458384115936,169.6933921129458,-64.49139043784835,29.768163918598752,35.0,0.12261883481735854,12.44354340868397
17.253306039,106.24208323299982,SAT_10066,20.156324947085366,192.12932782735518,98.96616068630905,169.7912396535428,-64.83337509627482,29.631846021210524,35.0,0.12414148343682284,12.54983998050573
17.253306039,106.34208323299981,SAT_10066,20.194582094880758,192.34452428370426,98.97056342814552,169.78037247851134,-64.79511794847943,29.647177522046693,35.0,0.1239708251960121,12.537952166818771
17.253306039,106.4420832329998,SAT_10066,20.222915486843647,192.50389961349552,98.97380690380501,169.7723148012973,-64.76678455651654,29.658520605300023,35.0,0.12384446494933767,12.529145895569915
17.253306039,106.5420832329998,SAT_10066,20.241299397650025,192.60730911178138,98.97590362828478,169.7670823505914,-64.74840064571016,29.665875247231618,35.0,0.12376249068142355,12.523431051668938
17.253306039,106.6420832329998,SAT_10066,20.249717066096693,192.6546584967939,98.97686164677685,169.76468537672991,-64.7399829772635,29.66924143244993,35.0,0.12372495969729215,12.520814073286205
17.253306039,106.74208323299979,SAT_10080,20.306205309782612,192.9724048675272,98.98325038949636,169.74839759115056,-64.68349473357758,29.691712441155424,35.0,0.12347440494446785,12.503335178637979
17.253306039,106.84208323299978,SAT_10080,20.380877063523087,193.39243348231736,98.99161872685909,169.72706084185296,-64.6088229798371,29.721483204515796,35.0,0.12314170034703746,12.48010364215289
17.353306039000003,106.14208323299982,SAT_10066,20.23737511098983,192.58523499931783,98.97545916285316,169.76819956916302,-64.75232493237036,29.66430564846956,35.0,0.12377998826112525,12.524651023415785
17.353306039000003,106.24208323299982,SAT_10066,20.28568464357795,192.85697612012598,98.98094281893556,169.75443544406122,-64.70401539978224,29.683614953387984,35.0,0.12356462021155769,12.509630288897446
17.353306039000003,106.34208323299981,SAT_10066,20.324072030277037,193.07290517030836,98.98527051823693,169.7434816321748,-64.66562801308315,29.69893805723994,35.0,0.12339353900818142,12.497690899140116
17.353306039000003,106.4420832329998,SAT_10066,20.352502217228988,193.23282497191306,98.98845888090888,169.73535957516077,-64.6371978261312,29.71027492795001,35.0,0.1232668644580618,12.488846314462373
17.353306039000003,106.5420832329998,SAT_10066,20.370949087825622,193.33658861901912,98.99052005496276,169.7300852533243,-64.61875095553457,29.717625541787697,35.0,0.12318468577496385,12.483106558223005
17.353306039000003,106.6420832329998,SAT_10066,20.379395625275208,193.38410039217305,98.99146185018225,169.7276690814029,-64.61030441808498,29.720989883366876,35.0,0.1231470610659845,12.480478158982978
17.353306039000003,106.74208323299979,SAT_10080,20.401299748521396,193.50731108543286,98.99389111295426,169.72121549642821,-64.58840029483879,29.72961360113729,35.0,0.12305073694809004,12.47374766259978
17.453306039,106.04208323299983,SAT_10066,20.297667105586186,192.92437746892227,98.98229836678534,169.75101784263157,-64.692032937774,29.688399929437214,35.0,0.1235112128787635,12.505903811700877
17.453306039,106.14208323299982,SAT_10066,20.35603397349385,193.25269110090292,98.98885513676784,169.7343500414033,-64.63366606986634,29.711682566471936,35.0,0.12325113004664942,12.487747464888315
17.453306039,106.24208323299982,SAT_10066,20.40449293501557,193.52527275946255,98.9942534972578,169.72048564432325,-64.58520710834462,29.730981238005764,35.0,0.1230352797782178,12.472667422248916
17.453306039,106.34208323299981,SAT_10066,20.442999610941357,193.74187281154514,98.99851415107858,169.7094518045968,-64.54670043241883,29.74629590363183,35.0,0.12286381368709415,12.46068071776678
17.453306039,106.4420832329998,SAT_10066,20.471518460964617,193.90229134292596,99.00165327151576,169.70127027694903,-64.51818158239557,29.757626531285947,35.0,0.12273685310478714,12.451800983627699
17.453306039,106.5420832329998,SAT_10066,20.49002300472678,194.00637940158813,99.00368268094122,169.69595727587983,-64.49967703863341,29.764973097245935,35.0,0.12265448838334804,12.446038371616156
17.453306039,106.6420832329998,SAT_10066,20.498495987819226,194.05403993148315,99.00460998023021,169.693523369155,-64.49120405554096,29.76833558613105,35.0,0.12261677837269712,12.44339949414432
17.553306039,105.94208323299983,SAT_10066,20.3371031375371,193.14620514864617,98.98673647593077,169.73975985679203,-64.65259690582309,29.704135591842523,35.0,0.12333547393290542,12.493637166940665
17.553306039,106.04208323299983,SAT_10066,20.40551270173448,193.53100894725645,98.99436725198095,169.72019362924667,-64.58418734162571,29.731387048575755,35.0,0.12303073825162841,12.472350022703173
17.553306039,106.14208323299982,SAT_10066,20.464041289734027,193.8602322547539,99.00083150324298,169.7034161320562,-64.52565875362616,29.754656794410394,35.0,0.1227701375337361,12.45412927844663
17.553306039,106.24208323299982,SAT_10066,20.512635298120657,194.1335735519287,99.00615406656463,169.68946016567298,-64.47706474523953,29.773944780612922,35.0,0.12255385487557752,12.438995505303891
17.553306039,106.34208323299981,SAT_10066,20.55124979247293,194.35078008266024,99.01035513758696,169.6783532408763,-64.43845025088726,29.789250966790497,35.0,0.12238204362755276,12.426965933173891
17.553306039,106.4420832329998,SAT_10066,20.579848785725318,194.51164941970492,99.0134504949108,169.6701174002666,-64.40985125763487,29.800575320890086,35.0,0.12225482651604841,12.418054351742308
17.553306039,106.5420832329998,SAT_10066,20.59840546342066,194.61603073174123,99.0154516732551,169.6647690737105,-64.39129457993953,29.807917819197733,35.0,0.12217229493472163,12.412271030492057
17.653306039,105.84208323299984,SAT_10066,20.355624682345407,193.25038883819295,98.9888117188744,169.73446704152025,-64.63407536101478,29.711519444694815,35.0,0.12325295346891442,12.487874810720431
17.653306039,105.94208323299983,SAT_10066,20.434042535108418,193.69148925998485,98.99752587315382,169.71201973031836,-64.55565750825177,29.742735168286227,35.0,0.12290369432319181,12.46346925189645
17.653306039,106.04208323299983,SAT_10066,20.50261894340096,194.0772315566304,99.00505970889371,169.69233876712462,-64.48708109995923,29.769971454605958,35.0,0.12259842951233507,12.442115357928218
17.653306039,106.14208323299982,SAT_10066,20.561291278811552,194.40726344331497,99.01144232096662,169.67546247237493,-64.42840876454864,29.79322824659838,35.0,0.1223373729835951,12.423837165788484
17.653306039,106.24208323299982,SAT_10066,20.610005341987517,194.68128004867978,99.01669799618915,169.66142403055798,-64.37969470137267,29.812505495546777,35.0,0.12212070969508868,12.408655456666377
17.653306039,106.34208323299981,SAT_10066,20.648715695987704,194.89902578993085,99.02084648506505,169.65025127649483,-64.34098434737248,29.827803161072218,35.0,0.12194859456344341,12.39658763738642
17.653306039,106.4420832329998,SAT_10066,20.677385949349954,195.06029596509353,99.02390321974033,169.64196651368934,-64.31231409401023,29.83912121113271,35.0,0.1218211515730397,12.387647639880559
17.753306039,105.74208323299985,SAT_10066,20.353213361385215,193.23682515779186,98.98854326936865,169.73515630845543,-64.63648668197497,29.710558378221553,35.0,0.12326369619066922,12.488625055550418
17.753306039,105.84208323299984,SAT_10066,20.441585405470576,193.733917905772,98.99835863995969,169.70985730035022,-64.54811463788961,29.745733775436985,35.0,0.12287011014763596,12.46112100282874
17.753306039,105.94208323299983,SAT_10066,20.520167898592803,194.1759444295845,99.00697409084555,169.68729470221115,-64.46953214476738,29.77693202802048,35.0,0.12252033554562362,12.436649135031095
17.753306039,106.04208323299983,SAT_10066,20.58888948226094,194.56250333771777,99.01442317293649,169.66751216578604,-64.40081056109925,29.804153070598627,35.0,0.12221461624964619,12.4152368496622
17.753306039,106.14208323299982,SAT_10066,20.647686920230825,194.8932389262984,99.02073440447042,169.65054840343112,-64.34201312312936,29.82739684613531,35.0,0.12195316810430866,12.396908397729245
17.753306039,106.24208323299982,SAT_10066,20.696505483404707,195.1678433441515,99.02593159360946,169.63643694146444,-64.29319455995548,29.846663305930452,35.0,0.12173617771665994,12.381684746704824
17.753306039,106.34208323299981,SAT_10066,20.735299288092634,195.38605849552107,99.03003410342298,169.62520590316515,-64.25440075526755,29.861952409618926,35.0,0.12156380139060866,12.369583460330718
17.753306039,106.4420832329998,SAT_10066,20.76403158328688,195.54767765598874,99.03305706447391,169.61687782430954,-64.22566846007331,29.873264125169676,35.0,0.12143616422486717,12.360618596708562
17.853306039,105.74208323299985,SAT_10066,20.42814408637507,193.65831048585977,98.99687476540147,169.713710329255,-64.56155595698512,29.74038980104704,35.0,0.1229299580873588,12.465305470689794
17.853306039,105.84208323299984,SAT_10066,20.516671191487802,194.1562754521189,99.0065922637988,169.68830000299218,-64.47302885187239,29.77554540529586,35.0,0.12253589531923713,12.437738358856835
17.853306039,105.94208323299983,SAT_10066,20.59539291151711,194.59908512728376,99.01512247280426,169.66563757621785,-64.39430713184308,29.806726102866776,35.0,0.122185692620316,12.413209965871689
17.853306039,106.04208323299983,SAT_10066,20.664237296989484,194.98633479556585,99.02249835590493,169.64576708195722,-64.3254627463707,29.833931828408545,35.0,0.12187959569947095,12.391747897122546
17.853306039,106.14208323299982,SAT_10066,20.723140583636038,195.3176657829527,99.02874793526516,169.62872757352582,-64.26655945972415,29.85716252490438,35.0,0.12161782204327272,12.373376589059434
17.853306039,106.24208323299982,SAT_10066,20.772047582118844,195.5927676494185,99.03389460720165,169.61455287465586,-64.21765246124134,29.876418143670698,35.0,0.12140055968585313,12.358117170570328
17.853306039,106.34208323299981,SAT_10066,20.81091202058218,195.81138011577477,99.03795740138357,169.60327135962405,-64.17878802277801,29.891698644356055,35.0,0.12122796613182778,12.345987341378185
17.853306039,106.4420832329998,SAT_10066,20.839696835598417,195.9732947002411,99.04095118882434,169.59490576632933,-64.15000320776177,29.903003994940253,35.0,0.12110016744442356,12.337001268928267
17.953306038999997,105.64208323299985,SAT_10066,20.393762273908806,193.46491279073703,98.99306525362384,169.72355778596784,-64.59593776945138,29.726710257260628,35.0,0.12308307075631209,12.476007169987865
17.953306038999997,105.74208323299985,SAT_10066,20.492153234087255,194.0183619417408,99.00391388912512,169.69534542512315,-64.49754680927293,29.765818558227117,35.0,0.12264500732788182,12.445374935049017
17.953306038999997,105.84208323299984,SAT_10066,20.58080625238081,194.51703516964207,99.01354825845775,169.66984152880218,-64.40889379097938,29.800954274837327,35.0,0.12225056786993391,12.41775596914459
17.953306038999997,105.94208323299983,SAT_10066,20.659641079722263,194.96048107343773,99.02200606244264,169.64709518589552,-64.33005896363792,29.832117333428886,35.0,0.12190002664805118,12.393181084523231
17.953306038999997,106.04208323299983,SAT_10066,20.728585268796593,195.34829213698083,99.02931976710052,169.62715075117657,-64.2611147745636,29.859307668672525,35.0,0.1215936309178411,12.371678061141708
17.953306038999997,106.14208323299982,SAT_10066,20.787574610483603,195.68010718397028,99.03551697443453,169.61004756571324,-64.20212543287658,29.88252522357061,35.0,0.12133159954332366,12.353271491190622
17.953306038999997,106.24208323299982,SAT_10066,20.83655352766614,195.95561359312202,99.04062073189976,169.59581970426225,-64.15314651569405,29.90176994945593,35.0,0.12111412175587447,12.337982639131846
17.953306038999997,106.34208323299981,SAT_10066,20.87547542141003,196.17454924543142,99.04464978672553,169.58449575296453,-64.11422462195016,29.917041805990586,35.0,0.12094135606748001,12.32582931890873
17.953306038999997,106.4420832329998,SAT_10066,20.90430296501836,196.33670417822825,99.04761879003128,169.57609862033843,-64.08539707834183,29.92834076116514,35.0,0.12081342935060624,12.316825789817937
18.053306039,105.64208323299985,SAT_10066,20.446679609068454,193.76257280101007,98.99892067453526,169.7083965426125,-64.54302043429173,29.747758539702886,35.0,0.12284742955036071,12.459535001831767
18.053306039,105.74208323299985,SAT_10066,20.54517592960576,194.3166146040324,99.00969094448617,169.680101304017,-64.44452411375443,29.786844599066075,35.0,0.12240906545561951,12.428858343347878
18.053306039,105.84208323299984,SAT_10066,20.633925038138614,194.8158283395297,99.01925632807905,169.65452202031656,-64.35577500522157,29.821960333408096,35.0,0.12201435145625325,12.401198966856857
18.053306039,105.94208323299983,SAT_10066,20.71284624504922,195.25976012840187,99.02765404399396,169.63170806549624,-64.27685379831097,29.853105669091143,35.0,0.12166356318484982,12.376587838721028
18.053306039,106.04208323299983,SAT_10066,20.781866701553156,195.6480001962365,99.03491614614705,169.61170405439015,-64.20783334180703,29.88028054080771,35.0,0.12135694913788472,12.355052879086719
18.053306039,106.14208323299982,SAT_10066,20.840921839758764,195.98018534864303,99.04106988844991,169.59454956067023,-64.14877820360142,29.90348489157918,35.0,0.12109472928446753,12.336618805225903
18.053306039,106.24208323299982,SAT_10066,20.889955769782887,196.25600120502875,99.04613802931699,169.5802788620211,-64.0997442735773,29.922718672754534,35.0,0.12087709381651306,12.32130699049424
18.053306039,106.34208323299981,SAT_10066,20.92892162886497,196.47518416236548,99.05013908195633,169.56892071586628,-64.06077841449522,29.937981844009336,35.0,0.1207042020542314,12.309135340584026
18.153306039,105.54208323299986,SAT_10080,20.456946463571114,193.8203238575875,99.00004378465667,169.70526707853378,-64.53275357978907,29.751740938532578,35.0,0.12280295248701983,12.456424487300852
18.153306039,105.64208323299985,SAT_10066,20.488589608740256,193.99831654916395,99.003523112376,169.69636895429483,-64.50111043461993,29.764404169171314,35.0,0.12266086811079926,12.446484781385614
18.153306039,105.74208323299985,SAT_10066,20.587157865540874,194.55276299366741,99.01423052885396,169.66801122557487,-64.40254217781931,29.80346788164788,35.0,0.12222231774789633,12.41577651614442
18.153306039,105.84208323299984,SAT_10066,20.675972682156385,195.05234633712968,99.02374058187729,169.6423750977007,-64.3137273612038,29.838563539134253,35.0,0.1218274330988385,12.38808836953853
18.153306039,105.94208323299983,SAT_10066,20.754953037135422,195.49661083388676,99.03209010350159,169.61951016015092,-64.23474700622477,29.869691068016976,35.0,0.12147649081837127,12.363451423272444
18.153306039,106.04208323299983,SAT_10066,20.824025779268794,195.88514500838696,99.0393108171763,169.5994612243464,-64.1656742640914,29.896850403010134,35.0,0.12116974033078418,12.341893702424327
18.153306039,106.14208323299982,SAT_10066,20.883126070383298,196.21758414590605,99.04542969767658,169.58226803980125,-64.10657397297689,29.920041487153934,35.0,0.12090740243145984,12.323440017898125
18.153306039,106.24208323299982,SAT_10066,20.932197784955264,196.49361254037336,99.05046927163302,169.5679650376174,-64.05750225840492,29.93926427181344,35.0,0.12068966803049519,12.308111824570473
18.253306038999998,105.34208323299987,SAT_10080,20.65691736794973,194.94516019471723,99.02170176710402,169.64769675739078,-64.33278267541046,29.830942810820584,35.0,0.12191334635936711,12.394115382480903
18.253306038999998,105.44208323299986,SAT_10080,20.559703357835545,194.39833138782495,99.011256183408,169.6757346568595,-64.42999668552464,29.792501116749946,35.0,0.12234565797515932,12.42441748743993
18.253306038999998,105.54208323299986,SAT_10080,20.45278237340355,193.79690085039496,98.99958564087324,169.70646159244262,-64.53691766995664,29.75008644730069,35.0,0.1228214909520061,12.457721033862695
18.253306038999998,105.64208323299985,SAT_10066,20.519449383647938,194.17190278301968,99.00689219883961,169.68750128483904,-64.47025065971225,29.77664711248179,35.0,0.12252353278706117,12.436872954567932
18.253306038999998,105.74208323299985,SAT_10066,20.618055674124207,194.72656316694867,99.01755183545488,169.65910176247212,-64.37164436923598,29.81568837283497,35.0,0.12208491204274437,12.406146067556087
18.253306038999998,105.84208323299984,SAT_10066,20.70690537931189,195.2263427586294,99.02701982917546,169.6334276161133,-64.2827946640483,29.850763858920065,35.0,0.12168996199298496,12.378440944862081
18.253306038999998,105.94208323299983,SAT_10066,20.785917256905137,195.6707845700914,99.03533271748718,169.61052857962017,-64.20378278645505,29.88187349714775,35.0,0.12133895996378033,12.353788744018859
18.253306038999998,106.04208323299983,SAT_10066,20.855017954396757,196.05947599348175,99.0425219720838,169.59044959613092,-64.13468208896343,29.909017222253517,35.0,0.12103215598862817,12.332217559097394
18.253306038999998,106.14208323299982,SAT_10066,20.91414245369573,196.39205130203848,99.04861435511096,169.5732305329838,-64.07555758966446,29.932194977296227,35.0,0.12076977140538198,12.313752262571496
18.353306038999996,105.24208323299987,SAT_10080,20.72878809886059,195.34943305609085,99.02932209937075,169.62690639171552,-64.2609119444996,29.859287797885532,35.0,0.12159393504521578,12.371699415624393
18.353306038999996,105.34208323299987,SAT_10080,20.641461988451624,194.85822368504037,99.02004939792401,169.6521607286672,-64.34823805490856,29.824839036832255,35.0,0.1219820559765989,12.398934307097004
18.353306038999996,105.44208323299986,SAT_10080,20.544350734398904,194.31197288099384,99.00959125443336,169.68015380265354,-64.44534930896128,29.78641951102353,35.0,0.12241395934991364,12.429201057981352
18.353306038999996,105.54208323299986,SAT_10080,20.437542074256186,193.71117416769104,98.99790657071551,169.71083194435877,-64.552157969104,29.74402930102193,35.0,0.1228893452953307,12.462465980471823
18.353306038999996,105.64208323299985,SAT_10066,20.539227146179343,194.2831526972588,99.00904228208299,169.6818130069799,-64.45047289718084,29.784487345228044,35.0,0.122435531981654,12.43071170344734
18.353306038999996,105.74208323299985,SAT_10066,20.63783722772557,194.83783440595633,99.01966888649231,169.65339260752646,-64.35186281563462,29.823506048267305,35.0,0.12199695779402088,12.399979298581446
18.353306038999996,105.84208323299984,SAT_10066,20.726690691263315,195.33763513835615,99.02910780682367,169.62769946961802,-64.26300935209687,29.858561268447023,35.0,0.12160204855084637,12.372269102375023
18.353306038999996,105.94208323299983,SAT_10066,20.805706186199274,195.7820972973709,99.03739537546144,169.60478339930958,-64.18399385716091,29.8896529322018,35.0,0.12125108189428452,12.347612308158839
18.453306038999997,105.14208323299988,SAT_10080,20.7794287678213,195.6342868189948,99.03463974394543,169.61222567290403,-64.21027127553889,29.879221449219482,35.0,0.1213689772164572,12.355898074637878
18.453306038999997,105.24208323299987,SAT_10080,20.702078207434738,195.19918991682042,99.02649625271025,169.63463903067878,-64.28762183592545,29.848761193137126,35.0,0.12171262064697794,12.380031377736817
18.453306038999997,105.34208323299987,SAT_10080,20.614875604614696,194.70867527595766,99.01719992908761,169.6598339795712,-64.37482443874549,29.814332402007594,35.0,0.12210026868271787,12.407222592499167
18.453306038999997,105.44208323299986,SAT_10080,20.51790082527259,194.16319214215832,99.00671493649791,169.68776162644383,-64.4717992180876,29.775935148039657,35.0,0.12253164871197936,12.437441090971442
18.453306038999997,105.54208323299986,SAT_10066,20.439658238693866,193.723077592653,98.99814738792811,169.7104098452623,-64.55004180466632,29.744967712293704,35.0,0.12287869056719965,12.46172098113053
18.453306038999997,105.64208323299985,SAT_10066,20.547902431152664,194.3319511752337,99.00998260027093,169.67931666067074,-64.44179761220752,29.787924851780957,35.0,0.12239693545580946,12.428008867861932
18.453306038999997,105.74208323299985,SAT_10066,20.646481863412674,194.8864604816963,99.02059070190036,169.6508964294697,-64.34321817994751,29.82692089236168,35.0,0.12195852536685704,12.397284117472651
18.453306038999997,105.84208323299984,SAT_10066,20.735307774499617,195.38610623156035,99.03001334379128,169.6252034446188,-64.25439226886057,29.861955752173166,35.0,0.12156376368752705,12.369580812727428
18.453306038999997,105.94208323299983,SAT_10066,20.814298818984426,195.83043085678742,99.03828674093407,169.6022875115906,-64.17540122437576,29.893029357673726,35.0,0.12121292801877154,12.344930142440132
18.553306039,105.14208323299988,SAT_10080,20.74144818624744,195.42064604764184,99.03064990785549,169.62323869258032,-64.24825185711275,29.86427416162701,35.0,0.12153768803519087,12.367749638124248
18.553306039,105.24208323299987,SAT_10080,20.664234827129306,194.98632090260236,99.02247478248759,169.64558241045663,-64.32546521623088,29.833831655661307,35.0,0.12188081802614523,12.391833643409415
18.553306039,105.34208323299987,SAT_10080,20.577185956318658,194.49667100429247,99.01314208861268,169.67069950340547,-64.41251408704153,29.799422927289324,35.0,0.12226789000300937,12.418969620922372
18.553306039,105.44208323299986,SAT_10080,20.480380973890533,193.95214297813425,99.00261574701213,169.6985413744681,-64.50931906946965,29.7610480486979,35.0,0.12269863284574951,12.449127110853695
18.553306039,105.54208323299986,SAT_10066,20.437293292095234,193.7097747680357,98.99788680740907,169.71108785643582,-64.55240675126495,29.74402756609969,35.0,0.12288922029894514,12.462457240629872
18.553306039,105.64208323299985,SAT_10066,20.54546623879766,194.31824759323683,99.00971739263656,169.68001776127704,-64.44423380456253,29.78695962528812,35.0,0.12240777388044007,12.428767894693166
18.553306039,105.74208323299985,SAT_10066,20.643980528246388,194.87239047138593,99.02032140725568,169.65161877958866,-64.3457195151138,29.825932898311276,35.0,0.12196964558247428,12.398063988253947
18.553306039,105.84208323299984,SAT_10066,20.73274752776095,195.37170484365535,99.02974046634455,169.62594512507434,-64.25695251559924,29.86094730333263,35.0,0.12157513836027002,12.370379555497264
18.653306038999997,105.24208323299987,SAT_10080,20.615297542484058,194.71104867647284,99.01724163581444,169.6597122577342,-64.37440250087613,29.814499215216195,35.0,0.12209839241386836,12.407091065944236
18.653306038999997,105.34208323299987,SAT_10080,20.52843214163208,194.22243079668044,99.00785954605743,169.68473333786548,-64.4612679017281,29.780110642397158,35.0,0.1224847867071768,12.434160419552612
18.653306038999997,105.44208323299986,SAT_10080,20.431829745560947,193.67904231878035,98.99727703872854,169.71246942479283,-64.55787029779924,29.741758242675143,35.0,0.12291478020958058,12.464244335471985
18.653306038999997,105.54208323299986,SAT_10066,20.42385680298071,193.63419451676648,98.99640376836751,169.71493891991602,-64.56584324037948,29.738684804510545,35.0,0.12294904858921177,12.46664007638478
18.653306038999997,105.64208323299985,SAT_10066,20.531921097844403,194.24205617537478,99.00824595036754,169.6839147590581,-64.45777894551578,29.781591667673627,35.0,0.12246803863816866,12.432987815493147
18.653306038999997,105.74208323299985,SAT_10066,20.6303358431543,194.79563911774292,99.01886028307341,169.65555805067314,-64.35936420020589,29.820542068085455,35.0,0.12203030951825143,12.402317908099954
18.753306038999995,104.94208323299989,SAT_10080,20.756244133809687,195.50387325267948,99.03219892524935,169.61895014718533,-64.2334559095505,29.870099246665987,35.0,0.12147195837232157,12.36313305065884
18.753306038999995,105.04208323299989,SAT_10080,20.69917327440544,195.1828496685306,99.02618045041426,169.63547958353715,-64.29052676895475,29.847615800420428,35.0,0.12172553014957216,12.380937455688459
18.753306038999995,105.14208323299988,SAT_10080,20.632176903340877,194.80599508129245,99.01904829232626,169.65484136772147,-64.35752314001931,29.82117066980926,35.0,0.12202333821222276,12.40182910389488
18.753306038999995,105.24208323299987,SAT_10080,20.55531714346246,194.37365893197634,99.01077560169065,169.67699744182568,-64.43438289989773,29.79076391033747,35.0,0.12236517076307403,12.425784197646452
18.753306038999995,105.34208323299987,SAT_10080,20.46866434462075,193.8862369384917,99.00133071573515,169.70190473981654,-64.52103569873944,29.756395585828653,35.0,0.12275078766408393,12.452775757087478
18.753306038999995,105.44208323299986,SAT_10080,20.37229666064819,193.34416871614604,98.99067679811488,169.7295154585203,-64.617403382712,29.718065768426406,35.0,0.12317992177568278,12.482773770842437
18.753306038999995,105.54208323299986,SAT_10066,20.399362555511615,193.49641437475285,98.9936925017305,169.72195459424387,-64.59033748784857,29.728939438177417,35.0,0.12305812840781294,12.474264203374315
18.753306038999995,105.64208323299985,SAT_10066,20.507281047784417,194.10345589378736,99.00556260836392,169.69099905056004,-64.48241899557577,29.771820989638154,35.0,0.1225776818789843,12.440663252774902
18.753306038999995,105.74208323299985,SAT_10066,20.60556208442452,194.65628672488793,99.0162017564915,169.66270548891075,-64.38413795893567,29.810748412429835,35.0,0.12214046856563922,12.41004041388911
18.853306038999996,104.7420832329999,SAT_10080,20.76863722465778,195.5735843887,99.03349554750126,169.6153563375559,-64.2210628187024,29.87497624961425,35.0,0.12141690872717399,12.359265822033578
18.853306038999996,104.8420832329999,SAT_10080,20.73167474833467,195.36567045938253,99.02961126648528,169.626070257071,-64.25802529502552,29.860424922613998,35.0,0.12158110959903018,12.370798850969479
18.853306038999996,104.94208323299989,SAT_10080,20.6847167998816,195.10153199933401,99.02464508423618,169.6396613370209,-64.30498324347859,29.84191416996959,35.0,0.12178977873639389,12.38544629769088
18.853306038999996,105.04208323299989,SAT_10080,20.627807501450064,194.78141719565662,99.01857868228213,169.65610252716334,-64.36189254191012,29.81944403054078,35.0,0.12204276589825375,12.403191279389306
18.853306038999996,105.14208323299988,SAT_10080,20.560999826715147,194.4056240252727,99.01138941377744,169.67536136795337,-64.42870021664504,29.79301455150121,35.0,0.12233989054214803,12.424013509650742
18.853306038999996,105.24208323299987,SAT_10080,20.484355273535513,193.9744984136373,99.00305005367207,169.69740020061693,-64.50534476982467,29.76262578833947,35.0,0.12268094285400316,12.447889414693227
18.853306038999996,105.34208323299987,SAT_10080,20.397943489549746,193.48843212871733,98.99352849363777,169.7221764071699,-64.59175655381044,29.7282778048603,35.0,0.12306568493041732,12.474792266570407
18.853306038999996,105.44208323299986,SAT_10080,20.301841855434134,192.947860436817,98.98278737566733,169.7496426772418,-64.68785818792605,29.689970673185975,35.0,0.12349385210036666,12.50469233176985
18.853306038999996,105.54208323299986,SAT_10066,20.363835592594256,193.2965752083427,98.98974209643052,169.7321195459986,-64.62586445076593,29.714791486528682,35.0,0.12321637428441494,12.485320017011617
18.853306038999996,105.64208323299985,SAT_10066,20.471571540565535,193.90258991568112,99.00165667768628,169.70125504174663,-64.51812850279465,29.757647610659237,35.0,0.12273661682880627,12.45178445487845
18.953306038999997,104.64208323299991,SAT_10080,20.712714474130706,195.25901891698524,99.0276074815085,169.6315606539086,-64.27698556922948,29.8529540991798,35.0,0.12166535551167032,12.376713658989008
18.953306038999997,104.7420832329999,SAT_10080,20.68586858701819,195.10801080197731,99.02476476358483,169.63932824331386,-64.303831456342,29.842368529427677,35.0,0.12178465962354583,12.385087082832266
18.953306038999997,104.8420832329999,SAT_10080,20.6490239929867,194.90075996055018,99.02084431842745,169.64997690151964,-64.34067605037349,29.82782585895755,35.0,0.12194843677580186,12.396576571035599
18.953306038999997,104.94208323299989,SAT_10080,20.6022152808942,194.63746095502987,99.01583172533434,169.66348542453088,-64.38748476246599,29.809326118307162,35.0,0.12215656917480072,12.411168887067472
18.953306038999997,105.04208323299989,SAT_10080,20.545486063690035,194.31835910825643,99.00970836647012,169.6798270877827,-64.44421397967015,29.786869346324888,35.0,0.12240890818890594,12.428847330023428
18.953306038999997,105.14208323299988,SAT_10080,20.47888870713612,193.9437489776407,99.00245122341788,169.6989698202893,-64.51081133622407,29.760455590170565,35.0,0.1227052752010513,12.449591830904266
18.953306038999997,105.24208323299987,SAT_10080,20.402484008089885,193.51397254550562,98.99403262229086,169.72087641098798,-64.5872160352703,29.73008490531655,35.0,0.12304546262294429,12.473379066975925
18.953306038999997,105.34208323299987,SAT_10080,20.316340826470395,193.029417148896,98.98441992241294,169.74550474453707,-64.67335921688979,29.695757355548892,35.0,0.12342923505957337,12.500182592842041
18.953306038999997,105.44208323299986,SAT_10080,20.220535675525582,192.49051317483142,98.97357514231938,169.7728080634998,-64.7691643678346,29.65747301296874,35.0,0.12385633061126713,12.529972986692261
18.953306038999997,105.54208323299986,SAT_10066,20.317312042526936,193.03488023921403,98.98453636770549,169.7454116610017,-64.67238800083325,29.69624097777049,35.0,0.12342366285473362,12.49979365474731
19.053306038999995,104.44208323299992,SAT_10080,20.642454877823766,194.86380868775868,99.0201409321149,169.65187402586741,-64.34724516553642,29.825231246170745,35.0,0.12197764167713004,12.398624744162621
19.053306038999995,104.54208323299991,SAT_10080,20.635697031955715,194.8257958047509,99.01941881980059,169.65382519651996,-64.35400301140447,29.8225615335321,35.0,0.12200768710590125,12.400731661310704
19.053306038999995,104.64208323299991,SAT_10080,20.61893463751106,194.73150733599974,99.01762444427936,169.658662943209,-64.37076540584913,29.81593705019193,35.0,0.12208221925885296,12.405957293573195
19.053306038999995,104.7420832329999,SAT_10080,20.592183432727794,194.58103180909387,99.01475123534186,169.66637761818117,-64.3975166106324,29.8053578100645,35.0,0.1222011845366003,12.41429561797911
19.053306038999995,104.8420832329999,SAT_10080,20.555468436206226,194.37450995366004,99.01078861902862,169.67695388810338,-64.43423160715396,29.79082383537114,35.0,0.12236449770229862,12.425737056719417
19.053306038999995,104.94208323299989,SAT_10080,20.508823789585634,194.11213381641917,99.00572190376813,169.69037083511637,-64.48087625377455,29.772335156640736,35.0,0.12257204237507979,12.44026853292384
19.053306038999995,105.04208323299989,SAT_10080,20.45229254446562,193.79414556261912,98.9995321208722,169.706602093627,-64.53740749889457,29.7498918127104,35.0,0.12282367169961833,12.457873546278355
19.053306038999995,105.14208323299988,SAT_10080,20.385926396364354,193.4208359795495,98.9921958163593,169.72561602098165,-64.60377364699583,29.723493850726296,35.0,0.12311920918417243,12.478532267556318
19.053306038999995,105.24208323299987,SAT_10080,20.309785369165866,192.992542701558,98.98368479008548,169.7473758997216,-64.67991467419432,29.693141326144683,35.0,0.12345844969764355,12.502221650919774
19.053306038999995,105.34208323299987,SAT_10080,20.223937454068533,192.5096481791355,98.97396577703663,169.77184016875452,-64.76576258929165,29.658834302733105,35.0,0.12384116061458894,12.528915562655662
19.053306038999995,105.44208323299986,SAT_10066,20.1430851756121,192.05485411281805,98.96469828889633,169.7949970962698,-64.84661486774809,29.626536053663624,35.0,0.12420055446038077,12.553953270681527
19.053306038999995,105.54208323299986,SAT_10066,20.2598388706719,192.7115936475294,98.97805366009732,169.76180220353498,-64.72986117268829,29.67328794888758,35.0,0.12367983364433667,12.517667084396537
19.153306038999993,104.24208323299993,SAT_10066,20.59737952549824,194.61025983092762,99.01531574402773,169.6650648564401,-64.39232051786195,29.807511987489164,35.0,0.12217685754284265,12.412590791368174
19.153306038999993,104.34208323299993,SAT_10080,20.53451397105202,194.25664108716762,99.00851608788534,169.68298399158928,-64.45518607230817,29.7825213660326,35.0,0.12245772556228628,12.432265721189198
19.153306038999993,104.44208323299992,SAT_10080,20.537754480313282,194.27486895176222,99.00886783016968,169.68205175518426,-64.4519455630469,29.78380565737373,35.0,0.12244330738211884,12.43125615785426
19.153306038999993,104.54208323299991,SAT_10080,20.531022705510566,194.2370027184969,99.00813693052801,169.6839882471107,-64.45867733784962,29.78113754924489,35.0,0.12247325982748819,12.433353380156317
19.153306038999993,104.64208323299991,SAT_10080,20.514324913864797,194.14307764048948,99.00632069622782,169.6887896274793,-64.47537512949539,29.77451704725196,35.0,0.12254756153582552,12.438554987732214
19.153306038999993,104.7420832329999,SAT_10080,20.48767661821833,193.99318097747812,99.00341241758946,169.69644639279355,-64.50202342514186,29.763944165305205,35.0,0.12266615961941414,12.446855038034096
19.153306038999993,104.8420832329999,SAT_10080,20.451102479703195,193.78745144833047,98.9994012958023,169.70694343844502,-64.53859756365699,29.749418925619572,35.0,0.12282896997107214,12.458244080860483
19.153306038999993,104.94208323299989,SAT_10080,20.40463615380321,193.52607836514306,98.99427232608618,169.72026015751732,-64.58506388955698,29.73094135871518,35.0,0.12303587774823666,12.472709213006613
19.153306038999993,105.04208323299989,SAT_10080,20.348320081833748,193.20930046031484,98.98800613399096,169.73637057455224,-64.64137996152644,29.70851150341798,35.0,0.12328673802990206,12.490234152362273
19.153306038999993,105.14208323299988,SAT_10080,20.28220523055839,192.83740442189094,98.98057876170083,169.7552435124681,-64.7074948128018,29.682129406860586,35.0,0.12358137663895616,12.510799330555331
19.153306038999993,105.24208323299987,SAT_10080,20.206350783291427,192.41072315601426,98.97196140018187,169.7768427904026,-64.78334926006876,29.651795124483314,35.0,0.12391959112070453,12.534382003028757
19.153306038999993,105.34208323299987,SAT_10080,20.12082378638796,191.92963379843226,98.96212006184602,169.80112744988946,-64.86887625697223,29.617508720035374,35.0,0.12430115186680074,12.56095637525134
19.153306038999993,105.44208323299986,SAT_10066,20.075031461720158,191.6720519721759,98.95680299007438,169.81428322128016,-64.91466858164003,29.599208701025084,35.0,0.12450427259425115,12.575089788790697
19.153306038999993,105.54208323299986,SAT_10066,20.19147355974073,192.3270387735416,98.97026658091954,169.78125602118706,-64.79822648361946,29.645932445644338,35.0,0.12398469008018215,12.538918217996557
19.153306038999993,105.64208323299985,SAT_10066,20.298447724770497,192.92876845183406,98.98241796475833,169.75079514690395,-64.69125231858969,29.688711594503747,35.0,0.12350773372034657,12.505661032469135
19.253306038999995,104.04208323299994,SAT_10066,20.63326095418094,194.81209286726778,99.01916142062449,169.6547137197336,-64.35643908917925,29.821697933572857,35.0,0.12201730403454993,12.401405998983961
19.253306038999995,104.14208323299994,SAT_10066,20.58003344260301,194.51268811464195,99.01344668493002,169.6700641964606,-64.40966660075718,29.800648406772517,35.0,0.12225400519186766,12.41799680587723
19.253306038999995,104.24208323299993,SAT_10066,20.516950773139115,194.15784809890752,99.00661309495483,169.68821962801786,-64.47274927022107,29.77565627921728,35.0,0.1225346512121393,12.43765127020836
19.253306038999995,104.34208323299993,SAT_10066,20.44407063027363,193.74789729528916,98.99863486275967,169.70914469733663,-64.54562941308656,29.74672160347976,35.0,0.12285904523551203,12.460347273994183
19.253306038999995,104.44208323299992,SAT_10080,20.422321559858304,193.62555877420297,98.99622921283999,169.71519428597446,-64.56737848350188,29.737977172123816,35.0,0.12295711901946521,12.46720425063177
19.253306038999995,104.54208323299991,SAT_10080,20.41561784917056,193.5878504015844,98.99548830963295,169.71711489172088,-64.57408219418963,29.735310675708103,35.0,0.12298697158770258,12.469291006589156
19.253306038999995,104.64208323299991,SAT_10080,20.398989599192674,193.4943164954588,98.99364719077155,169.72187691383817,-64.59071044416751,29.728694172936386,35.0,0.12306102576706966,12.474466677498663
19.253306038999995,104.7420832329999,SAT_10080,20.3724520806184,193.34504295347853,98.99069898690006,169.7294710037337,-64.61724796274179,29.718127677714964,35.0,0.12317922943598283,12.482725407287074
19.253306038999995,104.8420832329999,SAT_10080,20.33602957052335,193.14016633419385,98.98663264175732,169.73988230241662,-64.65367047283684,29.70361121225247,35.0,0.12334149970343725,12.49405788296925
19.253306038999995,104.94208323299989,SAT_10080,20.289755202032495,192.8798730114328,98.98143279189587,169.75309053690833,-64.69994484132769,29.685144807060322,35.0,0.12354772338310445,12.508451388096582
19.253306038999995,105.04208323299989,SAT_10080,20.233670760663458,192.56439802873194,98.97507959812926,169.76907015078038,-64.75602928269673,29.662728500953424,35.0,0.12379775763678276,12.525889875232982
19.253306038999995,105.14208323299988,SAT_10080,20.167826429975122,192.19402366861007,98.96754852545169,169.7877904670723,-64.82187361338507,29.636362341050962,35.0,0.12409143077995781,12.546354056583755
19.253306038999995,105.24208323299987,SAT_10080,20.09228048976989,191.76907775495565,98.95881006710594,169.8092158814295,-64.8974195535903,29.606046382777468,35.0,0.12442854324052258,12.569821511697734
19.253306038999995,105.34208323299987,SAT_10080,20.00709897063045,191.2899317097963,98.94882940726136,169.8333060829524,-64.98260107272974,29.571780689863978,35.0,0.12480886866017704,12.59626681098114
19.253306038999995,105.44208323299986,SAT_10066,19.996189512837404,191.2285660097104,98.94754888445257,169.8365692609246,-64.99351053052278,29.567479054652257,35.0,0.1248563199196064,12.599564004330844
19.253306038999995,105.54208323299986,SAT_10066,20.112283723262294,191.8815959433504,98.96114165837766,169.80373179228906,-64.8774163200979,29.61417452258609,35.0,0.12433800071731792,12.563521049677613
19.253306038999995,105.64208323299985,SAT_10066,20.21893536841101,192.48151144731193,98.97340846151977,169.77344718293023,-64.77076467494918,29.656927782088648,35.0,0.12386221380041394,12.530383060307175
19.253306038999995,105.74208323299985,SAT_10066,20.316053391285337,193.02780032598002,98.98439989522203,169.7457709650735,-64.67364665207485,29.69573874319814,35.0,0.12342927181568873,12.500185158383827
19.353306038999996,103.94208323299995,SAT_10066,20.584731960103582,194.53911727558267,99.01395156947692,169.66871033134683,-64.4049680832566,29.802507905158087,35.0,0.12223310731255638,12.416532549755294
19.353306038999996,104.04208323299994,SAT_10066,20.541559038522294,194.29626959168792,99.00928578061942,169.68114207097705,-64.4481410048379,29.785411428496424,35.0,0.1224251571035149,12.429985205253745
19.353306038999996,104.14208323299994,SAT_10066,20.488515376198478,193.99789899111644,99.00351059218647,169.69639027368245,-64.50118466716171,29.7643747049033,35.0,0.12266119850517891,12.446507899877373
19.353306038999996,104.24208323299993,SAT_10066,20.425649536541883,193.64427864304807,98.99660433463191,169.71442520553683,-64.5640505068183,29.739397778642566,35.0,0.12294106579712426,12.466082014126917
19.353306038999996,104.34208323299993,SAT_10066,20.35301847980753,193.23572894891737,98.98854074168274,169.73521201206358,-64.63668156355266,29.710480702271155,35.0,0.12326456441941983,12.4886856893408
19.353306038999996,104.44208323299992,SAT_10080,20.296269184714475,192.91651416401893,98.98216893290534,169.75123252874147,-64.69343085864571,29.687745881794328,35.0,0.12351868940704581,12.50642552229153
19.353306038999996,104.54208323299991,SAT_10080,20.289595434343,192.87897431817936,98.98141672934513,169.75313610271758,-64.70010460901719,29.685081004292233,35.0,0.12354843551304454,12.508501075078804
19.353306038999996,104.64208323299991,SAT_10080,20.273041425111785,192.7858580162538,98.97954749963509,169.7578559278108,-64.7166586182484,29.678468518608657,35.0,0.12362222584342496,12.513648983202831
19.353306038999996,104.7420832329999,SAT_10080,20.24662217014904,192.63724970708836,98.9765541929102,169.76538282009344,-64.74307787321115,29.667908438645988,35.0,0.12374000909348196,12.521863482670213
19.353306038999996,104.8420832329999,SAT_10080,20.210361537997457,192.4332836512357,98.97242546022709,169.77570218168597,-64.77933850536273,29.65340078660659,35.0,0.12390170366901058,12.53313540661434
19.353306038999996,104.94208323299989,SAT_10080,20.16429210608493,192.17414309672773,98.96714553032801,169.7887940946441,-64.82540793727526,29.634945592993276,35.0,0.1241071981498474,12.547452237474591
19.353306038999996,105.04208323299989,SAT_10080,20.108454962198095,191.8600591623643,98.9606940355124,169.8046334480934,-64.88124508116209,29.612542896609995,35.0,0.12435635191906194,12.564798177759627
19.353306038999996,105.14208323299988,SAT_10080,20.042899456496258,191.49130944279148,98.95304578421849,169.82319009692782,-64.94680058686393,29.586192744562645,35.0,0.12464899595077912,12.585154238547988
19.353306038999996,105.24208323299987,SAT_10080,19.96768290720638,191.0682163530359,98.94417047580207,169.84442904998488,-65.0220171361538,29.555895192260095,35.0,0.12498493374795416,12.60849834468106
19.353306038999996,105.34208323299987,SAT_10080,19.882870263654524,190.5911452330567,98.93403235173011,169.86831068527454,-65.10682977970566,29.52165030341541,35.0,0.12536394241993698,12.634805455426601
19.353306038999996,105.44208323299986,SAT_10066,19.906635461926584,190.72482447333707,98.93689497768399,169.86180875253245,-65.0830645814336,29.531347177821164,35.0,0.12525643527169672,12.627346571450616
19.353306038999996,105.54208323299986,SAT_10066,20.022346657647574,191.3756999492676,98.95063891672369,169.8291823123473,-64.96735338571261,29.578014243040677,35.0,0.12473950066574196,12.591445815740242
19.353306038999996,105.64208323299985,SAT_10066,20.128643199034414,191.9736179945686,98.96304076122432,169.79909373586418,-64.86105684432577,29.620741497799155,35.0,0.12426499560137617,12.558439610659386
19.353306038999996,105.74208323299985,SAT_10066,20.225435125629943,192.51807258166843,98.97415208156201,169.7715978582928,-64.76426491773024,29.65952885216166,35.0,0.12383322918864063,12.528362682410457
19.453306038999994,104.14208323299994,SAT_10066,20.386196776473483,193.42235686766335,98.99223639139969,169.72572305868667,-64.6035032668867,29.723698215600862,35.0,0.12311676731763121,12.478361656483262
19.453306038999994,104.24208323299993,SAT_10066,20.323566942228155,193.07006405003338,98.98524636712739,169.7436258545632,-64.66613310113203,29.698736558054986,35.0,0.12339578973022963,12.497848014893597
19.453306038999994,104.34208323299993,SAT_10066,20.251206998180265,192.66303936476402,98.97708436793657,169.76426103722758,-64.73849304517992,29.669837159106464,35.0,0.12371831692668567,12.520350850132116
19.453306038999994,104.44208323299992,SAT_10066,20.16918106389683,192.20164348441966,98.9677185756213,169.7875894221013,-64.82051897946336,29.637000079588457,35.0,0.12408412944636421,12.545845507504168
19.453306038999994,104.54208323299991,SAT_10080,20.15307617429987,192.11105348043677,98.96585785045401,169.79197821353281,-64.83662386906032,29.63044863515728,35.0,0.12415723742255977,12.550937053262222
19.453306038999994,104.64208323299991,SAT_10080,20.136600853119134,192.01837979879514,98.96395705146087,169.7966531634157,-64.85309919024105,29.6238401844218,35.0,0.12423074839043917,12.556055462856712
19.453306038999994,104.7420832329999,SAT_10080,20.11030694782221,191.87047658149993,98.96091309131093,169.80410859128878,-64.87939309553798,29.613286548240144,35.0,0.12434808650096495,12.564222965988376
19.453306038999994,104.8420832329999,SAT_10080,20.074217896123656,191.66747566569558,98.9567142900501,169.8143301744344,-64.91548214723653,29.598787748808473,35.0,0.1245091715312389,12.575430550079382
19.453306038999994,104.94208323299989,SAT_10080,20.028365689376713,191.409557002744,98.95134441513235,169.82729836907987,-64.96133435398347,29.580343816621085,35.0,0.12471389392888839,12.589665907595792
19.453306038999994,105.04208323299989,SAT_10080,19.972790679405236,191.09694757165448,98.94478250091218,169.84298853398133,-65.01690936395495,29.55795479047107,35.0,0.12496211542631834,12.606913505018372
19.453306038999994,105.14208323299988,SAT_10080,19.907541337173598,190.72992002160146,98.93700261282964,169.86137108471226,-65.08215870618659,29.531620717451148,35.0,0.12525366980994404,12.627154669115528
19.453306038999994,105.24208323299987,SAT_10080,19.832673966315483,190.3087910605246,98.92797355155624,169.88241167665433,-65.1570260770447,29.501341652954707,35.0,0.12558836383601124,12.65036768950907
19.453306038999994,105.34208323299987,SAT_10080,19.748252375053113,189.83391960967376,98.9176584910385,169.90607141434853,-65.24144766830707,29.467117660676973,35.0,0.12596597828316775,12.676527936352354
19.453306038999994,105.44208323299986,SAT_10066,19.80645450475741,190.16130658926042,98.92479306108226,169.8899497458682,-65.18324553860278,29.49081314259254,35.0,0.1257043260370836,12.658404609290043
19.453306038999994,105.54208323299986,SAT_10066,19.921748839010775,190.8098372194356,98.93871135873918,169.85755481538504,-65.06795120434941,29.537451679120263,35.0,0.125188893200323,12.622659174884312
19.453306038999994,105.64208323299985,SAT_10066,20.02765888971564,191.40558125465049,98.95126894189184,169.82768127650803,-64.96204115364455,29.58015281379451,35.0,0.12471577856420431,12.58979691236683
19.453306038999994,105.74208323299985,SAT_10066,20.12409589205265,191.94803939279615,98.96251850588294,169.80038320463495,-64.86560415130754,29.61891645670696,35.0,0.12428528737666197,12.559852116002876
19.55330603899999,104.14208323299994,SAT_10066,20.27317858902694,192.78662956327656,98.97957469167834,169.7580008498544,-64.71652145433325,29.678619019967574,35.0,0.12362036614612738,12.513519258300287
19.55330603899999,104.24208323299993,SAT_10066,20.21080312294697,192.4357675665767,98.97248913633503,169.77576039268416,-64.77889692041322,29.653672698529604,35.0,0.12389848011791295,12.532910746140747
19.55330603899999,104.34208323299993,SAT_10066,20.138735388962672,192.03038656291506,98.96421490098764,169.79623118364015,-64.85096465439752,29.624791055029117,35.0,0.12421996282865705,12.555304562957835
19.55330603899999,104.44208323299992,SAT_10066,20.05703854405934,191.57084181033377,98.95471940824076,169.81937465201426,-64.93266149930085,29.591974150281448,35.0,0.12458459789360068,12.580676399674434
19.55330603899999,104.54208323299991,SAT_10080,20.006187790208372,191.2848063199221,98.9487383287344,169.83356338573395,-64.98351225315182,29.57141367725563,35.0,0.12481293820438003,12.596549606469111
19.55330603899999,104.64208323299991,SAT_10080,19.98979534280828,191.19259880329656,98.94680223403385,169.8381909487922,-64.99990470055191,29.564809279321256,35.0,0.1248861551387198,12.601636875942235
19.55330603899999,104.7420832329999,SAT_10080,19.963633457129504,191.04543819635347,98.94370163931008,169.84557091039676,-65.02606658623068,29.554262115431808,35.0,0.12500302472987723,12.609754766535856
19.55330603899999,104.8420832329999,SAT_10080,19.927725119993212,190.84345379996182,98.93942449163468,169.85568923556795,-65.06197492336698,29.539772207777293,35.0,0.1251634681944892,12.620894427381819
19.55330603899999,104.94208323299989,SAT_10080,19.882101709321347,190.58682211493257,98.93395403860482,169.86852677184692,-65.10759833403884,29.52133958684356,35.0,0.12536737794107344,12.635043771094422
19.55330603899999,105.04208323299989,SAT_10066,19.859753004729527,190.4611106516036,98.93126722552626,169.87499038179465,-65.12994703863066,29.51239319094654,35.0,0.12546599939685765,12.641883848385703
19.55330603899999,105.14208323299988,SAT_10066,19.862170827509203,190.47471090473925,98.93155921511448,169.87431110700695,-65.12752921585098,29.513371333697073,35.0,0.12545519008226738,12.641134252458848
19.55330603899999,105.24208323299987,SAT_10066,19.855015964987274,190.4344648030534,98.93069482000269,169.87632106212413,-65.13468407837291,29.51047659294364,35.0,0.12548717771692242,12.643352431475487
19.55330603899999,105.34208323299987,SAT_10066,19.83829454071659,190.34040679153082,98.92867071919021,169.88101651054419,-65.1514055026436,29.503708974825148,35.0,0.12556194129554574,12.648536025629008
19.55330603899999,105.44208323299986,SAT_10066,19.812020835832612,190.19261720155845,98.92547911327686,169.88838873891,-65.17767920752758,29.493068493693876,35.0,0.12567943182197358,12.656679530489457
19.55330603899999,105.54208323299986,SAT_10066,19.810585371474573,190.18454271454448,98.92530434337469,169.88879132574175,-65.17911467188561,29.49248691172339,35.0,0.1256858515349432,12.657124406332317
19.55330603899999,105.64208323299985,SAT_10066,19.91607883938444,190.7779434715375,98.93803962682885,169.8591510043856,-65.07362120397575,29.53516181102,35.0,0.12521423174069488,12.624417778869446
19.55330603899999,105.74208323299985,SAT_10066,20.012133287311926,191.3182497411296,98.94944690703285,169.83206744003522,-64.97756675604826,29.573901637821756,35.0,0.12478511159031819,12.594615842244485
19.653306038999993,104.14208323299994,SAT_10066,20.149570179833034,192.09133226156084,98.96546858917176,169.79315687219236,-64.84012986352715,29.629137207893006,35.0,0.12417162004812328,12.55193857917969
19.653306038999993,104.24208323299993,SAT_10066,20.087466578664802,191.74199950498954,98.95827496320017,169.8107625974143,-64.90223346469539,29.604206289928882,35.0,0.12444876478819569,12.571228392421757
19.653306038999993,104.34208323299993,SAT_10066,20.01571116199338,191.33837528621277,98.94987374740639,169.8310568602102,-64.97398888136681,29.57534247987019,35.0,0.12476913312602012,12.593505367900786
19.653306038999993,104.44208323299992,SAT_10066,19.934366060830428,190.88080909217115,98.94023149947763,169.85400174379973,-65.05533398252976,29.542545838514602,35.0,0.12513251196275185,12.618745565281879
19.653306038999993,104.7420832329999,SAT_10066,19.9515728984218,190.97759755362264,98.94228171195616,169.8491536848738,-65.03812714493839,29.549489942374436,35.0,0.12505562960073358,12.613407772838274
19.653306038999993,104.8420832329999,SAT_10066,19.982789524124996,191.1531910732031,98.94598664844403,169.8403508854533,-65.00691051923519,29.562078799223432,35.0,0.12491617331023346,12.6037222596951
19.653306038999993,104.94208323299989,SAT_10066,20.00442577984697,191.27489501163922,98.94854359342092,169.83424401506272,-64.98527426351322,29.570797229547168,35.0,0.12481953398364233,12.597007944014026
19.653306038999993,105.04208323299989,SAT_10066,20.01646295730663,191.34260413484978,98.94996227198727,169.83084449760926,-64.97323708605356,29.575645214852212,35.0,0.12476577572725617,12.593272027569249
19.653306038999993,105.14208323299988,SAT_10066,20.018890617256687,191.35625972206887,98.95024805794225,169.8301587087065,-64.9708094261035,29.576622744855207,35.0,0.1247549343035281,12.592518527948673
19.653306038999993,105.24208323299987,SAT_10066,20.01170665161297,191.31584991532296,98.94940203191284,169.8321879359272,-64.97799339174722,29.57372981748267,35.0,0.12478701693348722,12.594748256369195
19.653306038999993,105.34208323299987,SAT_10066,19.99491729602404,191.22140979013523,98.94742099301924,169.83692837076006,-64.99478274733615,29.566966438870935,35.0,0.12486200225678908,12.599958813190225
19.653306038999993,105.44208323299986,SAT_10066,19.96853709271474,191.0730211465204,98.94429742429804,169.8443711323837,-65.02116295064545,29.5563326233663,35.0,0.12497984044983618,12.6081446011782
19.653306038999993,105.54208323299986,SAT_10066,19.932588804080268,190.87081202295153,98.94001941122539,169.8545023229384,-65.05711123927992,29.541828393525293,35.0,0.1251404535006737,12.619296856366141
19.653306038999993,105.64208323299985,SAT_10066,19.887103278107006,190.61495593935192,98.93457051177997,169.86730311358383,-65.10259676525318,29.523453780115165,35.0,0.12534373563766035,12.633403696146852
19.653306038999993,105.74208323299985,SAT_10066,19.88965310856524,190.62929873567947,98.93487703495548,169.8665860647944,-65.10004693479495,29.524484485281803,35.0,0.12533233833100166,12.632613016951343
19.753306038999995,104.8420832329999,SAT_10066,20.129130118450917,191.97635691628642,98.96311274491391,169.79895564912613,-64.86056992490927,29.62093690581494,35.0,0.12426282282451057,12.558288358773574
19.753306038999995,104.94208323299989,SAT_10066,20.150848405615193,192.09852228158545,98.96561954540209,169.79279410573213,-64.838851637745,29.629649847687176,35.0,0.12416591709200497,12.551541462608032
19.753306038999995,105.04208323299989,SAT_10066,20.162931301829985,192.1664885727937,98.96701044583894,169.7893641197797,-64.8267687415302,29.634494781075762,35.0,0.1241120103687604,12.547787392457504
19.753306038999995,105.14208323299988,SAT_10066,20.165368189385887,192.1801960652956,98.9672906398001,169.78867218151123,-64.8243318539743,29.63547169570161,35.0,0.12410113898020002,12.547030229184482
19.753306038999995,105.24208323299987,SAT_10066,20.15815692413267,192.13963269824626,98.9664611716962,169.79071960166706,-64.83154311922752,29.632580589492097,35.0,0.12413331026109181,12.549270796791449
19.753306038999995,105.34208323299987,SAT_10066,20.14130384837398,192.04483414710364,98.9645189479468,169.7955025032263,-64.84839619498621,29.625821468581012,35.0,0.12420850251470734,12.554506657826225
19.753306038999995,105.44208323299986,SAT_10066,20.114823752747768,191.8958836092062,98.96145670386079,169.8030118458213,-64.87487629061242,29.615194347308698,35.0,0.12432666513357801,12.562732126966251
19.753306038999995,105.54208323299986,SAT_10066,20.078739787573113,191.69291130509876,98.95726292560013,169.81323348250814,-64.91096025578707,29.600699248222327,35.0,0.12448771888051298,12.573938302620755
19.753306038999995,105.64208323299985,SAT_10066,20.033083324792813,191.43609370195958,98.95192172575322,169.8261482481397,-64.95661671856737,29.58233620207638,35.0,0.1246915563267844,12.588113116177263
19.753306038999995,105.74208323299985,SAT_10066,19.977893772241885,191.1256524688606,98.94541267014426,169.8417320781944,-65.0118062711183,29.560105247833278,35.0,0.1249380424426842,12.605241398314481
19.753306038999995,105.84208323299984,SAT_10066,19.91321834255797,190.7618531768886,98.93771055253114,169.8599561565214,-65.07648170080222,29.53400643266416,35.0,0.12522701533405362,12.625304961610913
19.853306038999992,104.8420832329999,SAT_10066,20.265104286985647,192.74121161429426,98.97866815918648,169.76030195648647,-64.72459575637454,29.675392473819027,35.0,0.12365636012260602,12.51602991358449
19.853306038999992,104.94208323299989,SAT_10066,20.286898848808292,192.86380602454665,98.9811298708321,169.7540891975985,-64.7028011945519,29.68409990379918,35.0,0.1235592081383011,12.509252692614279
19.853306038999992,105.04208323299989,SAT_10066,20.299024256776505,192.93201144436784,98.98249579300429,169.75063066942704,-64.69067578658368,29.68894177223693,35.0,0.12350516417494867,12.505481725218626
19.853306038999992,105.14208323299988,SAT_10066,20.30146972478049,192.94576720189025,98.9827709585439,169.7499329705212,-64.6882303185797,29.68991806885743,35.0,0.12349426508699576,12.504721151828926
19.853306038999992,105.24208323299987,SAT_10066,20.294233074636423,192.90506104482986,98.98195637956022,169.75199743351186,-64.69546696872376,29.68702879158891,35.0,0.12352651831609279,12.50697180848472
19.853306038999992,105.34208323299987,SAT_10066,20.277320749292414,192.80992921476985,98.98004905817183,169.7568201166448,-64.71237929406777,29.680273946562636,35.0,0.12360190184940713,12.512231222136196
19.853306038999992,105.44208323299986,SAT_10066,20.250747773788135,192.66045622755826,98.97704195467121,169.76439182880992,-64.73895226957205,29.66965354811303,35.0,0.1237203643428774,12.520493624532282
19.853306038999992,105.54208323299986,SAT_10066,20.214537664468196,192.4567743626336,98.97292391252174,169.77469818773386,-64.77516237889199,29.655167618777973,35.0,0.123881825408034,12.531749984528062
19.853306038999992,105.64208323299985,SAT_10066,20.168722287609697,192.19906286780457,98.96767953878695,169.78771971056398,-64.82097775575049,29.636816189299264,35.0,0.12408617605920014,12.545988058426586
19.853306038999992,105.74208323299985,SAT_10066,20.11334166925451,191.8875468895566,98.96128903773909,169.80343193565352,-64.87635837410568,29.614599298623254,35.0,0.12433327931613931,12.56319245775928
19.853306038999992,105.84208323299984,SAT_10066,20.04844375863732,191.52249614233492,98.95372799446933,169.8218055739581,-64.94125628472287,29.58851699390163,35.0,0.12462297095556465,12.583344733710836
19.95330603899999,104.94208323299989,SAT_10066,20.41244979750384,193.5700301109591,98.9951487087667,169.7182068808705,-64.57725024585635,29.734147289291528,35.0,0.12299984481351531,12.47019080946386
19.95330603899999,105.04208323299989,SAT_10066,20.424614330616777,193.63845560971936,98.99649224482738,169.71472185154283,-64.56508571274341,29.738986079750994,35.0,0.12294567541186097,12.4664042655397
19.95330603899999,105.14208323299988,SAT_10066,20.427067695648503,193.65225578802284,98.99676290372383,169.71401880390368,-64.56263234771168,29.739961755739344,35.0,0.12293475100603898,12.465640548541305
19.95330603899999,105.24208323299987,SAT_10066,20.419807682603405,193.61141821464417,98.99596166882687,169.71609909107175,-64.56989236075678,29.73707431518565,35.0,0.12296707913720083,12.467900505733475
19.95330603899999,105.34208323299987,SAT_10066,20.40284082850215,193.5159796603246,98.99408562739741,169.72095871070877,-64.58685921485804,29.730323764218674,35.0,0.12304263749824176,12.473181630869686
19.95330603899999,105.44208323299986,SAT_10066,20.37618237747327,193.36602587328713,98.99112793988155,169.72858833062872,-64.61351766588692,29.719710117166958,35.0,0.12316137405939906,12.481478078365754
19.95330603899999,105.54208323299986,SAT_10066,20.339856187955377,193.161691057249,98.98707776757728,169.73897334833305,-64.64984385540481,29.705233396559155,35.0,0.12332320736051638,12.492780696270396
19.95330603899999,105.64208323299985,SAT_10066,20.293894588202036,192.90315705863645,98.98192015733723,169.7520939836792,-64.69580545515815,29.686893633124466,35.0,0.1235280269667032,12.507077077636719
19.95330603899999,105.74208323299985,SAT_10066,20.238338181936143,192.59065227339082,98.97563588115955,169.7679254034529,-64.75136186142404,29.664690865793272,35.0,0.12377569408232268,12.5243516296821
19.95330603899999,105.84208323299984,SAT_10066,20.173235606611982,192.2244502871924,98.9682012276374,169.78643787620967,-64.8164644367482,29.638625141697947,35.0,0.12406604231654955,12.544585659919925
19.95330603899999,105.94208323299983,SAT_10066,20.098643247299535,191.80486826605988,98.95958774126112,169.80759695538242,-64.89105679606065,29.608696516173794,35.0,0.12439887859217766,12.56775747825985
20.05330603899999,105.04208323299989,SAT_10066,20.539581073045213,194.2851435358793,99.00906468031279,169.68171117808882,-64.45011897031497,29.784627603825665,35.0,0.12243395730579645,12.430601438746024
20.05330603899999,105.14208323299988,SAT_10066,20.542041617065536,194.29898409599363,99.00933131803865,169.6810032157865,-64.44765842629465,29.78560265655645,35.0,0.12242301007377294,12.429834856990844
20.05330603899999,105.24208323299987,SAT_10066,20.534760365515297,194.25802705602356,99.00854198971275,169.6830980429063,-64.45493967784489,29.782717060487307,35.0,0.12245540573501944,12.432103289690879
20.05330603899999,105.34208323299987,SAT_10066,20.517743942372903,194.16230967584758,99.00669385807419,169.6879916010363,-64.47195610098728,29.7759708217445,35.0,0.12253112171148335,12.43740419998401
20.05330603899999,105.44208323299986,SAT_10066,20.491007794281444,194.01191884283313,99.00378026099477,169.6956744274197,-64.49869224907874,29.76536395465075,35.0,0.12265010534206462,12.445731670967731
20.05330603899999,105.54208323299986,SAT_10066,20.45457609587686,193.80699053930735,98.99979064148954,169.70613171574303,-64.53512394748333,29.750896481725523,35.0,0.12281227417992804,12.457076439285887
20.05330603899999,105.64208323299985,SAT_10066,20.408481602386715,193.54770901342525,98.99471043617109,169.71934341074603,-64.58121844097347,29.73256843368551,35.0,0.12301751645600464,12.471425947456952
20.05330603899999,105.74208323299985,SAT_10066,20.35276545139199,193.23430566407993,98.98852092009058,169.73528433539457,-64.6369345919682,29.71037984944524,35.0,0.12326569170349308,12.488764414315384
20.05330603899999,105.84208323299984,SAT_10066,20.287476916283296,192.86705765409357,98.9811990050657,169.7539243489295,-64.70222312707689,29.684330776117882,35.0,0.12355663153643832,12.509072922728844
20.05330603899999,105.94208323299983,SAT_10066,20.21267311450093,192.44628626906774,98.97271698766154,169.7752285337392,-64.77702692885926,29.654421269016204,35.0,0.12389014057386874,12.532329523562394
20.05330603899999,106.04208323299983,SAT_10080,20.239797866686274,192.5988630001103,98.97579684447297,169.7673259421201,-64.74990217667391,29.665179302128063,35.0,0.12377043705364882,12.523985099628232
20.05330603899999,106.14208323299982,SAT_10080,20.298803002723744,192.93076689032108,98.98246722618191,169.7505096833356,-64.69089704063644,29.688757511396293,35.0,0.12350739609668983,12.50563747260045
20.05330603899999,106.24208323299982,SAT_10080,20.34823415525311,193.20881712329873,98.98800785908395,169.73639513133867,-64.64146588810708,29.70847725045789,35.0,0.12328712086808269,12.490260886358222
20.153306038999993,104.8420832329999,SAT_10066,20.609594160189815,194.6789671510677,99.01661071983919,169.66154262592494,-64.38010588317037,29.81234290422548,35.0,0.12212253816615955,12.408783623304759
20.153306038999993,104.94208323299989,SAT_10066,20.631579861018935,194.8026367182315,99.01896398574989,169.65519897655145,-64.35812018234125,29.821033658010148,35.0,0.12202477839354588,12.401930085406406
20.153306038999993,105.04208323299989,SAT_10066,20.643811808455183,194.8714414225604,99.02026982835335,169.65166750117984,-64.345888234905,29.825866253458223,35.0,0.12197039566942054,12.398116591513975
20.153306038999993,105.14208323299988,SAT_10066,20.646278780764362,194.88531814179953,99.02053289890945,169.6509550792325,-64.34342126259583,29.826840680307406,35.0,0.12195942820618967,12.397347435464567
20.153306038999993,105.24208323299987,SAT_10066,20.63897851171967,194.84425412842316,99.0197541328399,169.6530631001118,-64.35072153164052,29.82395693648845,35.0,0.12199188371986971,12.399623484297289
20.153306038999993,105.34208323299987,SAT_10066,20.62191770462597,194.7482870885211,99.0179307594604,169.6579874541861,-64.36778233873422,29.81721502812514,35.0,0.12206773938619997,12.404942173287056
20.153306038999993,105.44208323299986,SAT_10066,20.59511199086218,194.59750494859975,99.01505627313635,169.66571855943513,-64.39458805249801,29.806614969534397,35.0,0.12218694197040174,12.41329752062686
20.153306038999993,105.54208323299986,SAT_10066,20.55858583349081,194.3920453133858,99.01112036534336,169.67624142338764,-64.43111420986938,29.79215678322658,35.0,0.1223494081291061,12.424680161579209
20.153306038999993,105.64208323299985,SAT_10066,20.512372377183468,194.13209462165702,99.00610881640159,169.68953573952058,-64.47732766617672,29.773840499905944,35.0,0.12255502488102561,12.439077401681057
20.153306038999993,105.74208323299985,SAT_10066,20.456513246414175,193.81788701107973,99.00000334490716,169.70557601681685,-64.53318679694601,29.75166615847127,35.0,0.12280365024106683,12.456473288359362
20.153306038999993,105.84208323299984,SAT_10066,20.391058294499288,193.44970290655849,98.99278141207198,169.72433174076613,-64.5986417488609,29.725633806016656,35.0,0.12309511401081091,12.476848700100616
20.153306038999993,105.94208323299983,SAT_10066,20.31606530665809,193.02786734995178,98.98441597728811,169.74576756369575,-64.6736347367021,29.69574349783247,35.0,0.12342921871665966,12.50018145212216
20.153306038999993,106.04208323299983,SAT_10080,20.35205531625897,193.2303111539567,98.98843559292486,169.7353030176896,-64.63764472710122,29.710000394618813,35.0,0.12327009625619195,12.489072007774235
20.153306038999993,106.14208323299982,SAT_10080,20.41122601563471,193.56314633794526,98.99500719965283,169.71837290182884,-64.57847402772548,29.733563462451503,35.0,0.12300652982512202,12.470658058523016
20.153306038999993,106.24208323299982,SAT_10080,20.460796697954052,193.84198142599158,99.00046619972326,169.70416244186333,-64.52890334540614,29.753270537925157,35.0,0.12278581180082024,12.45522562966714
20.25330603899999,104.64208323299991,SAT_10066,20.629597000623278,194.79148312850594,99.01875013411696,169.65577130321202,-64.36010304273691,29.820250095748243,35.0,0.12203359456746493,12.402548240705654
20.25330603899999,104.7420832329999,SAT_10066,20.671114999266464,195.02502187087387,99.0231734633626,169.6437793277583,-64.31858504409372,29.83664652011863,35.0,0.12184902446169686,12.389603211992364
20.25330603899999,104.8420832329999,SAT_10066,20.70290653042582,195.20384923364523,99.02654167897562,169.63458485797702,-64.28679351293437,29.84918731975015,35.0,0.121707731914269,12.379688242793222
20.25330603899999,104.94208323299989,SAT_10066,20.724942418663062,195.32780110497973,99.02886678962412,169.62820578186847,-64.26475762469713,29.8578724680043,35.0,0.12160981625366724,12.372814494579282
20.25330603899999,105.04208323299989,SAT_10066,20.737202342969994,195.39676317920623,99.03015703339794,169.6246545620658,-64.2524977003902,29.862701946432924,35.0,0.12155534663106156,12.368989738126245
20.25330603899999,105.14208323299988,SAT_10066,20.73967496247134,195.4106716639013,99.03041696360269,169.62393815501946,-64.25002508088885,29.863675744777844,35.0,0.12154436162727385,12.368218309019966
20.25330603899999,105.24208323299987,SAT_10066,20.73235798685984,195.36951367608657,99.02964749597277,169.62605796570202,-64.25734205650035,29.860793860970652,35.0,0.12157686903275813,12.370501082736231
20.25330603899999,105.34208323299987,SAT_10066,20.715258190648342,195.27332732239694,99.02784591814897,169.63100983844103,-64.27444185271185,29.854056301132662,35.0,0.12165284580310873,12.375835469600359
20.25330603899999,105.44208323299986,SAT_10066,20.688391371042442,195.12220146211374,99.02500586158928,169.63878408401348,-64.30130867231775,29.84346307957504,35.0,0.1217722381906061,12.384215429688698
20.25330603899999,105.54208323299986,SAT_10066,20.65178224999525,194.9162751562233,99.02111723541157,169.6493655426249,-64.33791779336494,29.8290142187991,35.0,0.12193496205029405,12.395631507488845
20.25330603899999,105.64208323299985,SAT_10066,20.60546432172255,194.65573680968933,99.01616612098032,169.66273368192276,-64.38423572163764,29.81070974949674,35.0,0.12214090331709683,12.410070885894521
20.25330603899999,105.74208323299985,SAT_10066,20.549479647670182,194.3408230181448,99.01013462532842,169.67886272871363,-64.44022039569,29.7885497105511,35.0,0.12238991864857034,12.427517458878897
20.25330603899999,105.84208323299984,SAT_10066,20.483878601568478,193.9718171338227,99.00300069072246,169.69772183263058,-64.50582144179171,29.762534149037318,35.0,0.1226818362260787,12.447951921972376
20.25330603899999,105.94208323299983,SAT_10066,20.40871956781858,193.5490475689795,98.99473785681668,169.7192752595883,-64.58098047554161,29.732663120223535,35.0,0.12301645670552736,12.471351879471314
20.25330603899999,106.04208323299983,SAT_10080,20.453618800309016,193.8016057517382,98.99967836174525,169.70622166845644,-64.53608124305117,29.750418796531914,35.0,0.12281776714748086,12.457460603979166
20.25330603899999,106.14208323299982,SAT_10080,20.512937151999253,194.13527147999582,99.00616248171944,169.68918854565464,-64.47676289136093,29.773966659514546,35.0,0.12255373719467327,12.438987268026157
20.25330603899999,106.24208323299982,SAT_10080,20.562632288045705,194.4148066202571,99.0115491732759,169.6748913133844,-64.42706775531448,29.793661018363665,35.0,0.12233262850073301,12.42350483179302
20.25330603899999,106.34208323299981,SAT_10080,20.60265955423145,194.63995999255192,99.01585810531665,169.6633573163765,-64.38704048912874,29.80950183123305,35.0,0.12215459340172444,12.411030410583551
20.25330603899999,106.4420832329998,SAT_10080,20.63298269225615,194.81052764394084,99.01910484775063,169.65460876816778,-64.35671735110404,29.821489064465595,35.0,0.12201975549834986,12.40157789190351
20.25330603899999,106.5420832329998,SAT_10080,20.6535740598043,194.9263540863992,99.02130103658476,169.64866260983263,-64.33612598355589,29.829622692592615,35.0,0.1219282089642287,12.395157857351634
20.35330603899999,104.64208323299991,SAT_10066,20.71184309661963,195.25411741848544,99.02748272655167,169.63199844651203,-64.27785694674056,29.85271027201914,35.0,0.12166802069011533,12.376900751557544
20.35330603899999,104.7420832329999,SAT_10066,20.75344149739648,195.4881084228552,99.0318590997484,169.6199483511583,-64.23625854596371,29.86909606972554,35.0,0.12148320528988633,12.363923059241047
20.35330603899999,104.8420832329999,SAT_10066,20.785294860875794,195.66728359242634,99.03519168119563,169.6107092104233,-64.2044051824844,29.881628741564985,35.0,0.12134172409045238,12.353982989535632
20.35330603899999,104.94208323299989,SAT_10066,20.807373743307323,195.7914773061037,99.03749225448225,169.60429908594946,-64.18232630005286,29.890308260909613,35.0,0.12124367724822349,12.347091797764792
20.35330603899999,105.04208323299989,SAT_10066,20.819657636243846,195.86057420387164,99.03876890364637,169.60073056171197,-64.17004240711634,29.89513460931865,35.0,0.12118913449205403,12.34325732023096
20.35330603899999,105.14208323299988,SAT_10066,20.82213509400367,195.87450990377062,99.0390260969713,169.6000106620233,-64.16756494935652,29.89610777653801,35.0,0.12117813472552928,12.342483929145697
20.35330603899999,105.24208323299987,SAT_10066,20.814803805096858,195.83327140366984,99.03826473310295,169.60214080557284,-64.17489623826333,29.893227760500114,35.0,0.12121068580431756,12.344772507386278
20.35330603899999,105.34208323299987,SAT_10066,20.79767060667656,195.73689716255566,99.03648215030779,169.60711679612646,-64.19202943668363,29.886494567323837,35.0,0.12128676449114631,12.350120443389853
20.35330603899999,105.44208323299986,SAT_10066,20.77075144182035,195.58547686023948,99.03367209903486,169.61492885001718,-64.21894860153984,29.875908211314613,35.0,0.12140631658892045,12.358521646248345
20.35330603899999,105.54208323299986,SAT_10066,20.734071260208992,195.3791508386756,99.02982467729606,169.6255616600479,-64.2556287831512,29.86146871496477,35.0,0.1215692572504513,12.369966580817616
20.35330603899999,105.64208323299985,SAT_10066,20.687663863511048,195.11810923224965,99.02492622771338,169.63899449493266,-64.30203617984914,29.843176108953937,35.0,0.12177547146124522,12.384442322409171
20.35330603899999,105.74208323299985,SAT_10066,20.631571697496057,194.80259079841534,99.01895919438192,169.65520133292733,-64.35812834586413,29.82103043214971,35.0,0.1220248146898557,12.401932630396656
20.35330603899999,105.84208323299984,SAT_10066,20.56584559356706,194.43288146381474,99.01190193694143,169.6741510278556,-64.42385444979313,29.795031731608407,35.0,0.12231711369846959,12.422418039847456
20.35330603899999,105.94208323299983,SAT_10066,20.490544463012156,194.00931260444338,99.00372849841087,169.6958075053322,-64.49915558034803,29.765180062576068,35.0,0.12265216750471172,12.445875970087188
20.35330603899999,106.04208323299983,SAT_10080,20.544388380563817,194.31218464067146,99.00957542104668,169.6801429693876,-64.44531166279637,29.786434427280145,35.0,0.12241379185876909,12.429189328830148
20.35330603899999,106.14208323299982,SAT_10080,20.60383577444516,194.64657623125402,99.01598267187313,169.66301813847028,-64.38586426891503,29.809967022031465,35.0,0.1221493625444012,12.410663789931805
20.35330603899999,106.24208323299982,SAT_10080,20.65363969756328,194.92672329879343,99.02130582682186,169.6486436487538,-64.33606034579691,29.829648611247276,35.0,0.12192791716945942,12.395137391120944
20.35330603899999,106.34208323299981,SAT_10080,20.693755040000468,195.15237210000265,99.02556414560368,169.6370471392711,-64.29594500335972,29.845479153098253,35.0,0.1217496094854446,12.382627407701435
20.35330603899999,106.4420832329998,SAT_10080,20.72414517159723,195.3233165902344,99.02877287547939,169.6282510638413,-64.26555487176296,29.857458613940878,35.0,0.12161456424577564,12.373147857616758
20.35330603899999,106.5420832329998,SAT_10080,20.744782165439844,195.4393996805991,99.03094341206324,169.62227254751207,-64.24491787792034,29.865586968316737,35.0,0.12152287650491657,12.366709422220097
20.45330603899999,104.44208323299992,SAT_10066,20.670656365581067,195.02244205639352,99.02311998402907,169.6439118944361,-64.31904367777912,29.836465511438007,35.0,0.12185106303035334,12.389746231750694
20.45330603899999,104.54208323299991,SAT_10066,20.73171799130033,195.36591370106436,99.02957407035579,169.62624335365408,-64.25798205205986,29.860541759019192,35.0,0.12157971244899514,12.370700744975974
20.45330603899999,104.7420832329999,SAT_10066,20.82476971390504,195.88932964071586,99.03929547947979,169.59924502510557,-64.16493032945515,29.897142594695655,35.0,0.12116643739090471,12.341661461654313
20.45330603899999,104.8420832329999,SAT_10066,20.856674238324715,196.06879259057652,99.04259742208804,169.58996771913547,-64.13302580503547,29.90966710500257,35.0,0.12102480410067781,12.331700386801893
20.45330603899999,104.94208323299989,SAT_10066,20.878788699810784,196.19318643643564,99.04487689736314,169.58353106764108,-64.1109113435494,29.91834097207077,35.0,0.12092665147535991,12.324794596503729
20.45330603899999,105.04208323299989,SAT_10066,20.891092429334222,196.262394915005,99.04614185730978,169.57994775873357,-64.09860761402597,29.923164177466802,35.0,0.1208720497365033,12.320951983022692
20.45330603899999,105.14208323299988,SAT_10066,20.89357389142171,196.2763531392471,99.04639669733857,169.57922487496631,-64.09612615193848,29.92413671094066,35.0,0.1208610380629775,12.320176949849836
20.45330603899999,105.24208323299987,SAT_10066,20.88623075643507,196.2350480049473,99.04564230144868,169.58136384680103,-64.10346928692512,29.92125857042559,35.0,0.12089362436607251,12.32247038618361
20.45330603899999,105.34208323299987,SAT_10066,20.869069915194316,196.138518272968,99.04387605129827,169.58636044319204,-64.12063012816587,29.914529762038022,35.0,0.12096978524401907,12.327829661767844
20.45330603899999,105.44208323299986,SAT_10066,20.842107435749185,195.98685432608914,99.04109179932229,169.59420479941963,-64.147592607611,29.903950300077724,35.0,0.12108946611645327,12.336248642152649
20.45330603899999,105.54208323299986,SAT_10066,20.805368462875407,195.78019760367417,99.03727980542446,169.60488148178666,-64.18433158048478,29.889520207028077,35.0,0.12125258153727031,12.34771772418894
20.45330603899999,105.64208323299985,SAT_10066,20.758887061622715,195.51873972162778,99.0324266361229,169.61836958829338,-64.23081298173747,29.871239513556535,35.0,0.12145901568226715,12.362223891318354
20.45330603899999,105.74208323299985,SAT_10066,20.702706006973543,195.20272128922616,99.0265150243486,169.63464288391535,-64.28699403638664,29.84910825851524,35.0,0.12170862300599827,12.37975078798054
20.45330603899999,105.84208323299984,SAT_10066,20.636876522342774,194.83243043817808,99.01952368735913,169.65366996866382,-64.35282352101741,29.823126488941828,35.0,0.1220012290604125,12.400278812235
20.45330603899999,105.94208323299983,SAT_10066,20.561457970272997,194.40820108278564,99.01142709941675,169.6754144761926,-64.42824207308719,29.793294260060364,35.0,0.12233663146612835,12.423785225488832
20.45330603899999,106.04208323299983,SAT_10080,20.624273182317538,194.76153665053616,99.018170091265,169.65712251104904,-64.36542686104265,29.818047215060997,35.0,0.12205848100873598,12.404293084045879
20.45330603899999,106.14208323299982,SAT_10080,20.68383037051875,195.09654583416796,99.02451051567664,169.6399176807746,-64.30586967284144,29.841564478232815,35.0,0.12179371849737004,12.385722751802279
20.45330603899999,106.24208323299982,SAT_10080,20.733726875248266,195.3772136732715,99.02977843230316,169.62547579493773,-64.25597316811192,29.8612332448342,35.0,0.12157199212113785,12.370158625887244
20.45330603899999,106.34208323299981,SAT_10080,20.77391718770083,195.60328418081716,99.03399274656391,169.61382475058,-64.21578285565936,29.877053473052612,35.0,0.12139345686544567,12.357618121266523
20.45330603899999,106.4420832329998,SAT_10080,20.804364352195094,195.77454948109744,99.03716842632805,169.60498721218502,-64.1853356911651,29.889025129258023,35.0,0.12125823848864516,12.348115369749442
20.45330603899999,106.5420832329998,SAT_10080,20.82504019266659,195.8908510837496,99.03931665902701,169.5989804661075,-64.1646598506936,29.897148188002237,35.0,0.12116643281314848,12.341661139775189
20.55330603899999,104.54208323299991,SAT_10066,20.791857278562006,195.70419719191128,99.03586891739499,169.6088044762645,-64.19784276479818,29.88420915278747,35.0,0.12131258034123905,12.351934860979897
20.55330603899999,104.64208323299991,SAT_10066,20.84330815409288,195.99360836677243,99.04121181679909,169.59385562601344,-64.1463918892673,29.90442162706609,35.0,0.12108413586380214,12.33587375445615
20.55330603899999,104.7420832329999,SAT_10066,20.88502532895629,196.22826747537914,99.04551373976153,169.58171492114943,-64.1046747144039,29.920786039124994,35.0,0.12089897380894576,12.322846858570523
20.55330603899999,104.8420832329999,SAT_10066,20.916970063623324,196.40795660788118,99.04878982029362,169.5724061358382,-64.07272997973686,29.933302354176273,35.0,0.12075722585708032,12.312868972217846
20.55330603899999,104.94208323299989,SAT_10066,20.939112494605794,196.5325077821576,99.05105148662756,169.56594760410437,-64.0505875487544,29.94197054561316,35.0,0.12065899345092788,12.305951496812254
20.55330603899999,105.04208323299989,SAT_10066,20.951431820216,196.60180398871503,99.05230657956588,169.5623521002756,-64.03826822314419,29.946790595009464,35.0,0.12060434721689746,12.30210237066114
20.55330603899999,105.14208323299988,SAT_10066,20.953916430801257,196.6157799232571,99.05255943314243,169.56162675512496,-64.03578361255893,29.94776249211923,35.0,0.12059332656006597,12.301326022993136
20.55330603899999,105.24208323299987,SAT_10066,20.946563981730023,196.57442239723136,99.05181091902008,169.5637730088613,-64.04313606163016,29.944886234876517,35.0,0.12062593943742896,12.303623348207966
20.55330603899999,105.34208323299987,SAT_10066,20.929381408158562,196.47777042089194,99.05005845540373,169.56878660161692,-64.06031863520163,29.93816182939534,35.0,0.1207021623120463,12.308991700668
20.55330603899999,105.44208323299986,SAT_10066,20.90238488137949,196.32591495775964,99.04729598062481,169.5766576015655,-64.0873151619807,29.92758928996983,35.0,0.12082194028861475,12.317424910096419
20.55330603899999,105.54208323299986,SAT_10066,20.86559970733532,196.11899835376116,99.04351389093443,169.58737047028018,-64.12410033602487,29.913168639074485,35.0,0.1209851874288955,12.328913317390281
20.55330603899999,105.64208323299985,SAT_10066,20.81906016864518,195.85721344862915,99.0386989414112,169.6009041644314,-64.17063987471501,29.894899907364653,35.0,0.12119178724335322,12.343443830404897
20.55330603899999,105.74208323299985,SAT_10066,20.76280931222641,195.54080238127358,99.03283410822368,169.61723227243453,-64.22689073113378,29.872783133677142,35.0,0.12144159335336706,12.360999999023024
20.55330603899999,105.84208323299984,SAT_10066,20.696898685279166,195.17005510469528,99.02589840976961,169.6363231842005,-64.29280135808102,29.84681836503101,35.0,0.12173443031649471,12.381562108595034
20.55330603899999,105.94208323299983,SAT_10080,20.62392424458389,194.75957387578435,99.01813089947696,169.65722320555682,-64.3657757987763,29.81790930130989,35.0,0.12206003255881798,12.404401861970554
20.55330603899999,106.04208323299983,SAT_10080,20.693191989751824,195.14920494235403,99.02549930284542,169.6372100188273,-64.29650805360836,29.8452570968546,35.0,0.12175211180889989,12.382803019826765
20.55330603899999,106.14208323299982,SAT_10080,20.75283915437973,195.484720243386,99.03178245508875,169.61993726489032,-64.23686088898046,29.8687589651316,35.0,0.1214870840485432,12.364195505173203
20.55330603899999,106.24208323299982,SAT_10080,20.802811553643366,195.76581498924392,99.03700302917264,169.60543815440732,-64.18688848971682,29.888414856164935,35.0,0.12126513385546644,12.348600057618961
20.55330603899999,106.34208323299981,SAT_10080,20.843063339232785,195.9922312831844,99.04117962782583,169.59374080441722,-64.1466367041274,29.904224728158734,35.0,0.12108641726052005,12.3360342106084
20.55330603899999,106.4420832329998,SAT_10080,20.87355727838421,196.1637596909112,99.04432698019707,169.5848680590462,-64.11614276497598,29.916188547496372,35.0,0.12095106087353301,12.326512192552636
20.55330603899999,106.5420832329998,SAT_10080,20.894264982947647,196.28024052908052,99.04645609582838,169.57883734220763,-64.09543506041254,29.924306288739803,35.0,0.12085916116761843,12.320044845777081
20.65330603899999,104.64208323299991,SAT_10066,20.892389929662727,196.26969335435285,99.04626568297353,169.57956978708327,-64.09731011369746,29.923672702768222,35.0,0.12086629195629081,12.320546737426104
20.65330603899999,104.7420832329999,SAT_10066,20.934144806268222,196.50456453525874,99.0505395844844,169.56739702513016,-64.05555523709197,29.94002635588887,35.0,0.12068103062172343,12.30750353722896
20.65330603899999,104.8420832329999,SAT_10066,20.966118563655698,196.68441692056328,99.05379439893065,169.55806359937924,-64.02358147970449,29.952534441978674,35.0,0.12053920617011614,12.2975131161338
20.65330603899999,104.94208323299989,SAT_10066,20.98828118972446,196.8090816922001,99.05604142109367,169.5515879407108,-64.00141885363573,29.961196934441297,35.0,0.12044092049505821,12.290586926871173
20.65330603899999,105.04208323299989,SAT_10066,21.00061177895735,196.8784412566351,99.05728840042848,169.54798289114183,-63.98908826440284,29.96601381485779,35.0,0.12038624453756534,12.286732943581232
20.65330603899999,105.14208323299988,SAT_10066,21.00309866364109,196.89242998298116,99.05753962055032,169.54725561930428,-63.9866013797191,29.96698507298621,35.0,0.1203752178784964,12.285955615522523
20.65330603899999,105.24208323299987,SAT_10066,20.99573948740931,196.85103461667737,99.05679594298822,169.54940757305928,-63.99396055595088,29.96411070676142,35.0,0.12040784851036407,12.288255841142645
20.65330603899999,105.34208323299987,SAT_10066,20.978541220119993,196.75429436317495,99.05505481596889,169.55443446991057,-64.0111588232402,29.957390722295052,35.0,0.12048411279118908,12.293630962833486
20.65330603899999,105.44208323299986,SAT_10066,20.9515201138732,196.60230064053675,99.05231024838407,169.56232632534505,-64.03817992948699,29.94682513387562,35.0,0.12060395558093438,12.30207478243662
20.65330603899999,105.54208323299986,SAT_10066,20.914701600752622,196.3951965042335,99.04855274848765,169.57306751871198,-64.07499844260757,29.932413963968806,35.0,0.12076729055893327,12.313577597305454
20.65330603899999,105.64208323299985,SAT_10066,20.868120133657015,196.13317575182072,99.04376922624928,169.58663689572646,-64.12157990970317,29.91415724321793,35.0,0.12097400071863482,12.328126256476008
20.65330603899999,105.74208323299985,SAT_10066,20.811818972320808,195.81648171930456,99.03794285763887,169.60300790619652,-64.17788107103938,29.89205501044456,35.0,0.12122393903397716,12.34570423625345
20.65330603899999,105.84208323299984,SAT_10066,20.745849917325287,195.44540578495474,99.03105290841191,169.6221487751027,-64.2438501260349,29.8661073126493,35.0,0.12151692928980104,12.366291734291718
20.65330603899999,105.94208323299983,SAT_10080,20.68172583416603,195.08470781718395,99.0242824416722,169.64052625302926,-64.30797420919416,29.840734210717994,35.0,0.12180307227320182,12.386379094609685
20.65330603899999,106.04208323299983,SAT_10080,20.751073789115992,195.47479006377745,99.03159406319524,169.62044900497062,-64.2386262542442,29.868064018421947,35.0,0.12149492634397217,12.36474634135155
20.65330603899999,106.14208323299982,SAT_10080,20.81079061583567,195.81069721407565,99.03782908770206,169.6031207231066,-64.17890942752452,29.891550428521487,35.0,0.12122970282913186,12.346109430110273
20.65330603899999,106.24208323299982,SAT_10080,20.860821803095973,196.09212264241486,99.04300987730494,169.58857482996916,-64.12887824026421,29.91119339106046,35.0,0.12100758730849968,12.330489214047017
20.65330603899999,106.34208323299981,SAT_10080,20.901121224704852,196.31880688896482,99.04715478089535,169.57683962308593,-64.08857881865534,29.926992864259567,35.0,0.12082873666388726,12.317903323165094
20.65330603899999,106.4420832329998,SAT_10080,20.93165142109639,196.49053924366723,99.05027832741976,169.56793809397098,-64.0580486222638,29.938948814515502,35.0,0.12069327819821628,12.308366064610098
20.65330603899999,106.5420832329998,SAT_10080,20.95238383051236,196.60715904663206,99.05239137722744,169.56188777940315,-64.03731621284783,29.9470612164003,35.0,0.12060130891427244,12.301888340930704
20.65330603899999,106.6420832329998,SAT_10080,20.96329896677679,196.66855668811945,99.05350123422349,169.55870064699238,-64.0264010765834,29.951330052660794,35.0,0.12055289496124641,12.298477587290572
20.753306038999987,103.54208323299997,SAT_10080,20.863861124624037,196.10921882601022,99.04331892877606,169.58769036037535,-64.12583891873615,29.91238566876306,35.0,0.12099409678479578,12.329540130339076
20.753306038999987,103.64208323299997,SAT_10080,20.79288099475093,195.70995559547399,99.03596135120604,169.60832146550788,-64.19681904860926,29.88451128928731,35.0,0.1213092334381942,12.351699638950477
20.753306038999987,103.74208323299996,SAT_10080,20.71228788027129,195.25661932652602,99.02751136278341,169.63168414206365,-64.2774121630889,29.852785959259695,35.0,0.12166725112573425,12.376846729159203
20.753306038999987,104.54208323299991,SAT_10066,20.878772995092575,196.1930980973957,99.04486154717549,169.5835356404512,-64.11092704826761,29.918334814432914,35.0,0.12092672117328505,12.32479950107603
20.753306038999987,104.64208323299991,SAT_10066,20.930298065326454,196.4829266174613,99.05014185282938,169.56851921294088,-64.05940197803373,29.93852065650457,35.0,0.12069809572039174,12.308705325877016
20.753306038999987,104.7420832329999,SAT_10066,20.972075835259787,196.7179265733363,99.05439359677393,169.55632345301936,-64.0176242081004,29.954863506640553,35.0,0.12051278555631535,12.29565147616528
20.753306038999987,104.8420832329999,SAT_10066,21.004067236051092,196.8978782027874,99.05763159545032,169.5469723498559,-63.985632807309095,29.96736333008018,35.0,0.12037092335748673,12.285652864175878
20.753306038999987,104.94208323299989,SAT_10066,21.026242149300742,197.02261208981668,99.05986703804497,169.54048440397167,-63.963457894059445,29.976020100237474,35.0,0.12027261133626348,12.278720978988986
20.753306038999987,105.04208323299989,SAT_10066,21.0385795952213,197.09201022311981,99.06110760173435,169.5368725060559,-63.95112044813889,29.98083379870067,35.0,0.12021792065608722,12.274863820127587
20.753306038999987,105.14208323299988,SAT_10066,21.041067864567808,197.10600673819394,99.0613575302407,169.5361438519629,-63.94863217879238,29.981804415231817,35.0,0.12020689102209228,12.27408585103922
20.753306038999987,105.24208323299987,SAT_10066,21.03370459257924,197.06458833325823,99.06061767707487,169.53829989505667,-63.95599545078095,29.97893194776659,35.0,0.12023953045190146,12.276387973038974
20.753306038999987,105.34208323299987,SAT_10066,21.01649677393715,196.96779435339647,99.0588855142178,169.5433363365691,-63.97320326942304,29.972216402414233,35.0,0.12031581522927438,12.281767520038896
20.753306038999987,105.44208323299986,SAT_10066,20.989460718543782,196.8157165418088,99.05615510639142,169.55124315410313,-64.0002393248164,29.961657793457682,35.0,0.12043569004114942,12.290218274129803
20.753306038999987,105.54208323299986,SAT_10066,20.952621948711183,196.60849846150043,99.0524170504724,169.5620046678858,-64.037078094649,29.94725614335387,35.0,0.12059906829648197,12.301730501820606
20.753306038999987,105.64208323299985,SAT_10066,20.906015039133933,196.34633459512838,99.04765837899214,169.5755996438531,-64.08368500422625,29.929011482734165,35.0,0.1208058326231802,12.31629101048413
20.753306038999987,105.74208323299985,SAT_10066,20.8496834017609,196.02946913490504,99.041862426024,169.59200143215503,-64.14001664159929,29.906923850404997,35.0,0.12105583553741124,12.333883224311837
20.753306038999987,105.84208323299984,SAT_10066,20.783679018390686,195.65819447844763,99.03500865306617,169.61117813919216,-64.2060210249695,29.880993293348638,35.0,0.1213489002776443,12.354487278848337
20.753306038999987,105.94208323299983,SAT_10080,20.728454017448314,195.34755384814676,99.02921461070413,169.62700315482635,-64.26124602591187,29.85915618804147,35.0,0.121595419393844,12.37180363973315
20.753306038999987,106.04208323299983,SAT_10080,20.79785825228585,195.7379526691079,99.03647984147278,169.60687645841875,-64.19184179107434,29.88646793430334,35.0,0.12128713004783656,12.350146136911093
20.753306038999987,106.14208323299982,SAT_10080,20.85762400913808,196.0741350514017,99.04267554523531,169.58950531401413,-64.13207603422211,29.909938822975242,35.0,0.1210217815683555,12.331487761614873
20.753306038999987,106.24208323299982,SAT_10080,20.90769652498814,196.3557929530583,99.04782383032392,169.5749233081428,-64.08200351837205,29.929568804120706,35.0,0.12079956030236914,12.315849454047594
20.753306038999987,106.34208323299981,SAT_10080,20.948029459274522,196.58266570841917,99.05194283839494,169.56315887804539,-64.04167058408567,29.945357835976882,35.0,0.12062062378313124,12.30324891823403
20.753306038999987,106.4420832329998,SAT_10080,20.978585177456722,196.75454162319406,99.0550469349458,169.5542351293323,-64.01111486590347,29.95730588495371,35.0,0.12048509984414914,12.293700521680709
20.753306038999987,106.5420832329998,SAT_10080,20.999334983834594,196.8712592840696,99.0571468585211,169.5481696861571,-63.990365059525594,29.965412925633228,35.0,0.12039308589368977,12.287215213108023
20.753306038999987,106.6420832329998,SAT_10080,21.01025930058897,196.932708565813,99.05824983128869,169.54497457592865,-63.97944074277122,29.96967894076907,35.0,0.12034464835804068,12.2838004592536
20.753306038999987,106.74208323299979,SAT_10080,21.01134779068967,196.9388313226294,99.05835963294527,169.54465615013348,-63.97835225267052,29.97010392128612,35.0,0.12033982229990466,12.28346020152326
20.753306038999987,107.04208323299977,SAT_10080,20.955634500046372,196.62544406276086,99.05271673740212,169.5609387384273,-64.03406554331382,29.94833268693926,35.0,0.12058689019392539,12.300872601631859
20.85330603899999,103.24208323299999,SAT_10080,21.00959161521746,196.92895283559824,99.05817657326905,169.54516989387085,-63.98010842814273,29.96941824822039,35.0,0.12034760870630741,12.284009173785966
20.85330603899999,103.34208323299998,SAT_10080,20.967845820979903,196.69413274301198,99.05395206978935,169.557372639285,-64.02185422238028,29.953107857630414,35.0,0.12053272861796252,12.297056712107723
20.85330603899999,103.44208323299998,SAT_10080,20.91632662722506,196.40433727814096,99.04870230485572,169.57240746339622,-64.07337341613513,29.9329489151176,35.0,0.12076126841759478,12.313153599438923
20.85330603899999,103.54208323299997,SAT_10080,20.85508205097159,196.05983653671518,99.0424088279949,169.59024489009573,-64.1346179923886,29.908941463532578,35.0,0.12103306496813271,12.332281500857324
20.85330603899999,103.64208323299997,SAT_10080,20.784168591602295,195.66094832776292,99.0350492347644,169.61085025665457,-64.20553145175789,29.88108555390871,35.0,0.12134792611912373,12.354418822892919
20.85330603899999,103.74208323299996,SAT_10080,20.7036508882544,195.208036246431,99.02659692814578,169.63418393389475,-64.28604915510579,29.84938124546312,35.0,0.12170563177956067,12.379540834894607
20.85330603899999,104.34208323299993,SAT_10066,20.773340993404503,195.60004308790033,99.0339255111151,169.61417767377333,-64.21635904995568,29.876926981579253,35.0,0.12139481495905738,12.357713542802568
20.85330603899999,104.44208323299992,SAT_10066,20.844221586569944,195.99874642445593,99.04129363689705,169.59358998650654,-64.14547845679024,29.904780171561452,35.0,0.12108008096821495,12.335588560876944
20.85330603899999,104.54208323299991,SAT_10066,20.905457369527525,196.34319770359232,99.04759639013824,169.57576217752472,-64.08424267383266,29.92879301429356,35.0,0.12080830707544815,12.316465203526052
20.85330603899999,104.64208323299991,SAT_10066,20.95699203287019,196.6330801848948,99.05285618450732,169.5607287905986,-64.03270801049,29.948965458682963,35.0,0.12057968480599453,12.300364993768358
20.85330603899999,104.7420832329999,SAT_10066,20.998777699918392,196.86812456204098,99.05709148597109,169.54851921363104,-63.990922343441795,29.965297461810167,35.0,0.12039437683820181,12.287306214782724
20.85330603899999,104.8420832329999,SAT_10066,21.030775220180203,197.04811061351364,99.0603170064946,169.53915748990102,-63.958924823179984,29.97778898892795,35.0,0.12025251608747331,12.277303806119447
20.85330603899999,104.94208323299989,SAT_10066,21.052954412048784,197.1728685677744,99.0625438566315,169.5326621618324,-63.9367456313114,29.986440013460655,35.0,0.12015420495079779,12.270369277988854
20.85330603899999,105.04208323299989,SAT_10066,21.06529425157173,197.242280165091,99.06377965973927,169.52904614940167,-63.92440579178846,29.991250517003635,35.0,0.1200995147204354,12.266510644669996
20.85330603899999,105.14208323299988,SAT_10066,21.06778300480738,197.2562794020415,99.06402862983722,169.5283166648429,-63.921917038552806,29.992220489322914,35.0,0.12008848517349113,12.265732377859345
20.85330603899999,105.24208323299987,SAT_10066,21.060418302003157,197.21485294876774,99.0632916144663,169.5304751648308,-63.92928174135703,29.98934992835496,35.0,0.12012112434212908,12.268035380539063
20.85330603899999,105.34208323299987,SAT_10066,21.043207152601838,197.11804023338536,99.06156610329371,169.5355173408066,-63.94649289075835,29.982638840206658,35.0,0.12019740846710353,12.273416981691312
20.85330603899999,105.44208323299986,SAT_10066,21.01616590087771,196.96593319243712,99.05884620261155,169.543433147578,-63.97353414248248,29.972087239155403,35.0,0.1203172821351482,12.281870951924716
20.85330603899999,105.54208323299986,SAT_10066,20.979320122795812,196.75867569072642,99.05512257528788,169.5542068697976,-64.01037992056438,29.95769514764943,35.0,0.12048065859862261,12.293387539817568
20.85330603899999,105.64208323299985,SAT_10066,20.93270446547062,196.49646261827223,99.05038234512602,169.5678172253994,-64.05699557788957,29.93946259630824,35.0,0.12068742027370133,12.30795352852469
20.85330603899999,105.74208323299985,SAT_10066,20.876362431354323,196.17953867636805,99.04460896395348,169.58423750457,-64.11333761200586,29.917389623923214,35.0,0.12093741941135885,12.325552311947707
20.85330603899999,105.84208323299984,SAT_10066,20.81034610998404,195.80819686866025,99.03778203907706,169.60343574236518,-64.17935393337615,29.891476277458416,35.0,0.12123047893348896,12.3461639895359
20.85330603899999,105.94208323299983,SAT_10080,20.764059953442114,195.54783723811192,99.03294796841259,169.6166838601887,-64.22564008991807,29.873175196561064,35.0,0.12143724020554082,12.360694186084917
20.85330603899999,106.04208323299983,SAT_10080,20.833496153882592,195.93841586558958,99.04017687967126,169.5965225769527,-64.1562038894776,29.900468807817074,35.0,0.12112889039393956,12.33902122994803
20.85330603899999,106.14208323299982,SAT_10080,20.89328977460673,196.27475498216288,99.04634179955767,169.57912145164624,-64.09641026875346,29.923924111843437,35.0,0.12086348877164907,12.320349440179003
20.85330603899999,106.24208323299982,SAT_10080,20.943385877186685,196.5565455591751,99.05146463747685,169.56451418574454,-64.0463141661735,29.943541058723227,35.0,0.12064122221317414,12.304699816939006
20.85330603899999,106.34208323299981,SAT_10080,20.983737971707313,196.78352609085366,99.05556337265197,169.55272931441712,-64.00596207165287,29.959319606709947,35.0,0.12046224869970759,12.292090115246003
20.85330603899999,106.4420832329998,SAT_10080,21.014308301716277,196.95548419715405,99.05865224247394,169.54379002324916,-63.97539174164391,29.971259722226687,35.0,0.12032669642957468,12.28253474419187
20.85330603899999,106.5420832329998,SAT_10080,21.03506807818694,197.07225793980152,99.06074189002423,169.53771399764037,-63.95463196517325,29.979361379865438,35.0,0.12023466308983033,12.276044684308491
20.85330603899999,106.6420832329998,SAT_10080,21.045997659443643,197.1337368343705,99.06183947341202,169.53451330691763,-63.943702383916545,29.983624562386577,35.0,0.12018621529727437,12.272627424088224
20.85330603899999,106.74208323299979,SAT_10080,21.04708667468016,197.13986254507589,99.0619487388556,169.53419432474323,-63.94261336868003,29.984049260718542,35.0,0.12018138821529997,12.272286916440041
20.85330603899999,106.84208323299978,SAT_10080,21.038334089425476,197.0906292530183,99.06107005878353,169.5367576869196,-63.95136595393471,29.98063547395762,35.0,0.12022018535100847,12.275023555621726
20.85330603899999,106.94208323299978,SAT_10080,21.019748212083393,196.9860836929691,99.05920043561713,169.5421982871738,-63.969951831276795,29.973383209367956,35.0,0.12030257853494981,12.28083417493601
20.85330603899999,107.34208323299976,SAT_10080,20.84756039176324,196.01752720366824,99.04163192016338,169.5924329085388,-64.14213965159695,29.905989803892048,35.0,0.12106645382376928,12.334630093126439
20.95330603899999,103.142083233,SAT_10080,21.021288001650092,196.99474500928176,99.05934951281114,169.5417476839829,-63.968412041710096,29.973984204109932,35.0,0.12029575204316512,12.280352809793978
20.95330603899999,103.24208323299999,SAT_10080,20.98939677774456,196.81535687481318,99.05613050774427,169.55107531038306,-64.00030326561563,29.961530696445575,35.0,0.12043715456226817,12.290321497115887
20.95330603899999,103.34208323299998,SAT_10080,20.947705671328194,196.5808444012211,99.0518993170622,169.5632533882258,-64.041994372032,29.945231164364316,35.0,0.12062206004828087,12.303350088122224
20.95330603899999,103.44208323299998,SAT_10080,20.896253769138397,196.2914274514035,99.04664121130135,169.57825791474284,-64.09344627422179,29.925085642522124,35.0,0.12085033578814769,12.319423666212925
20.95330603899999,103.54208323299997,SAT_10080,20.835088902245516,195.94737507513102,99.04033769077515,169.5960595316525,-64.15461114111467,29.90109417375378,35.0,0.12112181924172762,12.338523963974236
20.95330603899999,103.64208323299997,SAT_10080,20.764267352586273,195.5490038582978,99.03296629117204,169.61662371390747,-64.22543269077391,29.873256809073784,35.0,0.12143631895807504,12.360629466982141
20.95330603899999,103.74208323299996,SAT_10080,20.683853512324248,195.09667600682388,99.02450034423912,169.63991098856945,-64.30584653103594,29.841573607677347,35.0,0.12179361564261887,12.385715534501214
20.95330603899999,103.84208323299995,SAT_10080,20.593919500331154,194.59079718936275,99.01490868907284,169.66587718094826,-64.39578054302903,29.80604463694162,35.0,0.12219346336351798,12.413754535658882
20.95330603899999,103.94208323299995,SAT_10080,20.49454474050266,194.0318141653275,99.0041553284729,169.69447368487195,-64.49515530285753,29.76666997242705,35.0,0.12263559088422597,12.444715999528407
20.95330603899999,104.04208323299994,SAT_10066,20.519044900228167,194.16962756378345,99.00682893554065,169.68761757691826,-64.47065514313202,29.776486718294993,35.0,0.12252533266115517,12.436998951847595
20.95330603899999,104.14208323299994,SAT_10066,20.618424823161916,194.7286396302858,99.01754235689715,169.65899525877447,-64.37127522019827,29.815834304899468,35.0,0.12208327058734575,12.406030995735929
20.95330603899999,104.24208323299993,SAT_10066,20.708377797931647,195.23462511336552,99.02710017506718,169.63300146628018,-64.28132224542854,29.851344307488215,35.0,0.1216834190513712,12.377981667585207
20.95330603899999,104.34208323299993,SAT_10066,20.788824376486517,195.68713711773665,99.03553810340583,169.60968482739327,-64.20087566687367,29.883016650471536,35.0,0.12132604930702659,12.352881440644913
20.95330603899999,104.44208323299992,SAT_10066,20.859692402743775,196.08576976543372,99.04288706457449,169.58908954603436,-64.13000764061641,29.910851266433294,35.0,0.12101140735195805,12.330757953663387
20.95330603899999,104.54208323299991,SAT_10066,20.920917434185156,196.4301605672915,99.04917353040199,169.57125513182714,-64.06878260917503,29.93484809612956,35.0,0.12073971259615786,12.311635860881282
20.95330603899999,104.64208323299991,SAT_10066,20.97244312541089,196.71999258043627,99.05441980751226,169.5562161538934,-64.0172569179493,29.955007088487392,35.0,0.12051115665622264,12.295536695887073
20.95330603899999,104.7420832329999,SAT_10066,21.01422156893461,196.95499632525718,99.05864427418064,169.5440020218412,-63.97547847442558,29.971328200603843,35.0,0.12032590228832499,12.28247875089988
20.95330603899999,104.8420832329999,SAT_10066,21.046213588933767,197.13495143775245,99.06186157283373,169.53463679680107,-63.94348645442642,29.983811397745065,35.0,0.1201840824716116,12.272476972898803
20.95330603899999,104.94208323299989,SAT_10066,21.06838898418834,197.2596880360594,99.06408276170228,169.5281390350219,-63.92131105917185,29.992456653345634,35.0,0.12008579965227652,12.265542877843322
20.95330603899999,105.04208323299989,SAT_10066,21.080726717040534,197.329087783353,99.06531542833974,169.5245216661421,-63.90897332631965,29.997263949008,35.0,0.1200311251568889,12.261684484028661
20.95330603899999,105.14208323299988,SAT_10066,21.083215045883975,197.34308463309736,99.06556376700762,169.52379190779976,-63.90648499747621,29.998233274502127,35.0,0.12002009878171453,12.260906265396867
20.95330603899999,105.24208323299987,SAT_10066,21.07585159941612,197.30166524671566,99.06482862127592,169.52595121776258,-63.91384844394407,29.995364627765273,35.0,0.12005272856278833,12.26320912538397
20.95330603899999,105.34208323299987,SAT_10066,21.05864339166171,197.20486907809715,99.06310749257604,169.53099528424104,-63.931056651698476,29.98865801490197,35.0,0.12012899072941635,12.268590391629987
20.95330603899999,105.44208323299986,SAT_10066,21.03160677756218,197.05278812378725,99.0603945148533,169.5389140545224,-63.958093265798006,29.97811345018412,35.0,0.12024882984165038,12.277043831618085
20.95330603899999,105.54208323299986,SAT_10066,20.994767349731845,196.84556634224165,99.0566803948819,169.54969180152247,-63.99493269362834,29.963730956051315,35.0,0.12041215911013088,12.288559689047052
20.95330603899999,105.64208323299985,SAT_10066,20.948159777754796,196.58339874987075,99.05195231720595,169.56330722733833,-64.04154026560539,29.945510563111252,35.0,0.12061886089458154,12.303124740483732
20.95330603899999,105.74208323299985,SAT_10066,20.891827592157043,196.26653020588338,99.04619381204198,169.57973360237423,-64.09787245120314,29.923452310140377,35.0,0.1208687873752019,12.320722371594082
20.95330603899999,105.84208323299984,SAT_10066,20.82582291588851,195.89525390187288,99.03938458379832,169.59893893814797,-64.16387712747168,29.897556244084658,35.0,0.12116176138928941,12.341332672019076
20.95330603899999,105.94208323299983,SAT_10080,20.78850614854035,195.68534708553946,99.03549801852007,169.60959136986924,-64.20119389481984,29.882791208334694,35.0,0.12132866226853187,12.353065071016767
20.95330603899999,106.04208323299983,SAT_10080,20.85794971592486,196.07596715207734,99.04270043666341,169.58941054568004,-64.13175032743533,29.910066611058408,35.0,0.1210203358165697,12.331386056997136
20.95330603899999,106.14208323299982,SAT_10080,20.917749886978328,196.41234311425308,99.04884290276961,169.57199248149098,-64.07195015638186,29.933506267253403,35.0,0.12075495363201368,12.312708988512279
20.95330603899999,106.24208323299982,SAT_10080,20.967851625522,196.69416539356126,99.05394718046327,169.55737094380595,-64.02184841783819,29.953110127022182,35.0,0.1205327028739247,12.297054898180503
20.95330603899999,106.34208323299981,SAT_10080,21.00820835840505,196.9211720160284,99.0580311299533,169.54557452319648,-63.98149168495514,29.9688781486345,35.0,0.12035374176505513,12.28444156862811
20.95330603899999,106.4420832329998,SAT_10080,21.038782261227226,197.09315021940316,99.06110889478222,169.5366264504945,-63.95091778213296,29.9808102985265,35.0,0.1202181987004253,12.27488343146453
20.95330603899999,106.5420832329998,SAT_10080,21.05954449294373,197.2099377728085,99.06319104810588,169.53054444575056,-63.93015555041646,29.98890655130006,35.0,0.1201261715173783,12.268391484448577
20.95330603899999,106.6420832329998,SAT_10080,21.070475376285046,197.2714239916034,99.06428470111557,169.52734060200768,-63.91922466707514,29.993166889722275,35.0,0.12007772693540363,12.26497322785433
20.95330603899999,106.74208323299979,SAT_10080,21.071564521617844,197.2775504341004,99.06439357551069,169.52702130547448,-63.91813552174234,29.993591304725093,35.0,0.12007290017216476,12.264632620820803
20.95330603899999,106.84208323299978,SAT_10080,21.062810892591983,197.22831127082992,99.06351804128367,169.52958719320563,-63.926889150768204,29.990179795405165,35.0,0.12011169474017841,12.26737005822757
20.95330603899999,107.04208323299977,SAT_10080,21.015817912646703,196.96397575863773,99.05879845693447,169.54334833669526,-63.973882130713484,29.971849041007147,35.0,0.12032000345573118,12.28206283156964
20.95330603899999,107.14208323299977,SAT_10080,20.977623019278226,196.74912948344002,99.05493825165243,169.55451627302608,-64.01207702408196,29.956929834946433,35.0,0.12048936683421703,12.294001219168097
20.95330603899999,107.44208323299975,SAT_10080,20.80470067929876,195.77644132105556,99.03718438091288,169.60488953747668,-64.18499936406143,29.889157306900508,35.0,0.12125674500292134,12.348010388482326
21.053306038999988,103.042083233,SAT_10080,21.011816178585747,196.94146600454485,99.05838912444382,169.54451912464106,-63.97788386477444,29.970286789981696,35.0,0.12033774561227152,12.283313784502809
21.053306038999988,103.142083233,SAT_10080,20.989791954387584,196.81757974343017,99.05616479183439,169.55095979243117,-63.9999080889726,29.961685090568405,35.0,0.12043540218010769,12.290197984929732
21.053306038999988,103.24208323299999,SAT_10080,20.957954139940938,196.6384920371678,99.05293647565976,169.56026144720792,-64.03174590341925,29.949239912814498,35.0,0.12057660137858568,12.300147767647251
21.053306038999988,103.34208323299998,SAT_10080,20.916332674215937,196.40437129246465,99.04869300802397,169.57240570031053,-64.07336736914425,29.932951283188075,35.0,0.1207612415878793,12.313151710433925
21.053306038999988,103.44208323299998,SAT_10080,20.864966435849198,196.11543620165176,99.04341958561453,169.58736868144842,-64.12473360751099,29.912819236332364,35.0,0.12098919075678399,12.329194971638149
21.053306038999988,103.54208323299997,SAT_10080,20.803903002554037,195.77195438936644,99.0370976157675,169.60512119352984,-64.18579704080615,29.88884381506642,35.0,0.12126028715239372,12.348259375190345
21.053306038999988,103.64208323299997,SAT_10080,20.733198359984257,195.37424077491147,99.02970452092646,169.62562889986924,-64.25650168337593,29.86102507038599,35.0,0.12157434026981088,12.370323513622871
21.053306038999988,103.74208323299996,SAT_10080,20.65291656377792,194.92265567125082,99.02121349790988,169.6488525412892,-64.33678347958227,29.82936306146453,35.0,0.12193113189173853,12.395362867865872
21.053306038999988,103.84208323299995,SAT_10080,20.56312935902575,194.41760264451983,99.01159322747245,169.67474818028916,-64.42657068433444,29.79385785565443,35.0,0.12233041728634675,12.423349942413369
21.053306038999988,103.94208323299995,SAT_10080,20.463915761832595,193.85952616030835,99.00080752857339,169.70326746917686,-64.52578428152759,29.754509528488338,35.0,0.12277192653057091,12.454254414308497
21.053306038999988,104.04208323299994,SAT_10066,20.52347865118108,194.19456741289358,99.00730964198328,169.68634274920794,-64.46622139217911,29.778244771567234,35.0,0.12250560360413443,12.435617810934263
21.053306038999988,104.14208323299994,SAT_10066,20.622805623848194,194.7532816341461,99.01800901386044,169.6577312421975,-64.366894419512,29.817565995312197,35.0,0.12206379129042867,12.404665381336237
21.053306038999988,104.24208323299993,SAT_10066,20.712710604552527,195.25899715060797,99.02755442516856,169.6317473299024,-64.27698943880766,29.853052206290936,35.0,0.1216641659035251,12.376630149292682
21.053306038999988,104.34208323299993,SAT_10066,20.793114206481334,195.7112674114575,99.03598149988888,169.60843960406794,-64.19658583687885,29.88470332894272,35.0,0.12130699847639116,12.351542563277242
21.053306038999988,104.44208323299992,SAT_10066,20.86394432967613,196.10968685442828,99.04332108411651,169.5878522353759,-64.12575571368406,29.912519295877246,35.0,0.12099253480454591,12.329430239380862
21.053306038999988,104.54208323299991,SAT_10066,20.92513658214685,196.45389327457605,99.04959958475041,169.57002470348516,-64.06456346121334,29.936500047873263,35.0,0.1207209941162264,12.310317811485223
21.053306038999988,104.64208323299991,SAT_10066,20.976634662983074,196.74356997927978,99.05483925415,169.55499155110303,-64.01306538037711,29.9566455338774,35.0,0.1204925678681727,12.294226795283317
21.053306038999988,104.7420832329999,SAT_10066,21.018390702751255,196.9784477029758,99.05905842619569,169.5427821652222,-63.97130934060893,29.972955711003124,35.0,0.12030741867996178,12.28117546770989
21.053306038999988,104.8420832329999,SAT_10066,21.05036555690024,197.15830625756385,99.06227170814891,169.53342058837248,-63.93933448645995,29.985430544529898,35.0,0.1201656794185836,12.271178763198778
21.053306038999988,104.94208323299989,SAT_10066,21.07252904841107,197.28297589731224,99.06449013180485,169.52692536239837,-63.91717099494912,29.994070007902454,35.0,0.12006745244349085,12.264248188009702
21.053306038999988,105.04208323299989,SAT_10066,21.08486015653243,197.35233838049493,99.06572126663947,169.52330940687077,-63.90483988682776,29.998874082730293,35.0,0.12001280902068838,12.260391753666598
21.053306038999988,105.14208323299988,SAT_10066,21.08734714911084,197.3663277137485,99.06596929694294,169.52257993379692,-63.90235289424935,29.999842758787285,35.0,0.12000178891258928,12.259613930327118
21.053306038999988,105.24208323299987,SAT_10066,21.07998765675434,197.32493056924315,99.06523506428161,169.52473839980638,-63.90971238660585,29.99697603401149,35.0,0.12003440014838729,12.261915620662556
21.053306038999988,105.34208323299987,SAT_10066,21.062788687837482,197.22818636908585,99.06351607602323,169.52978049647567,-63.926911355522705,29.99027391450509,35.0,0.12011061897761956,12.267294154574502
21.053306038999988,105.44208323299986,SAT_10066,21.03576658414559,197.07618703581895,99.0608064800718,169.53769617892732,-63.953933459214596,29.979736414534536,35.0,0.12023039000746177,12.275743304814343
21.053306038999988,105.54208323299986,SAT_10066,20.99894691775181,196.86907641235393,99.05709700537635,169.54846973230678,-63.99075312560838,29.96536355653082,35.0,0.12039362652215428,12.287253323310258
21.053306038999988,105.64208323299985,SAT_10066,20.95236433050826,196.607049359109,99.0523748671825,169.5620798752121,-64.03733571285193,29.94715537108993,35.0,0.12060021098084843,12.3018109977489
21.053306038999988,105.74208323299985,SAT_10066,20.896062318274204,196.2903505402924,99.04662363536862,169.57849989865966,-64.09363772508598,29.92511189697347,35.0,0.12084999568812978,12.319399727711666
21.053306038999988,105.84208323299984,SAT_10066,20.83009296271439,195.91927291526846,99.03982306353289,169.59769783869228,-64.1596070806458,29.899233181109423,35.0,0.12114280362956174,12.339999619433373
21.053306038999988,105.94208323299983,SAT_10080,20.801766720431004,195.7599378024244,99.03687539229762,169.6057415664762,-64.18793332292918,29.888004204196672,35.0,0.12126977359306414,12.34892618705658
21.053306038999988,106.04208323299983,SAT_10080,20.871192874957302,196.15045992163485,99.04406097032347,169.58555636522408,-64.11850716840289,29.915261324898747,35.0,0.12096155487682889,12.327250573200725
21.053306038999988,106.14208323299982,SAT_10080,20.930978125339536,196.48675195503492,99.05018916634826,169.56813450680193,-64.05872191802065,29.938685270108433,35.0,0.12069626518849666,12.308576416138667
21.053306038999988,106.24208323299982,SAT_10080,20.981067416102576,196.768504215577,99.05528165013853,169.55350977228767,-64.00863262725761,29.95827598994753,35.0,0.12047409172667928,12.292924753190807
21.053306038999988,106.34208323299981,SAT_10080,21.02141415765437,196.99545463680585,99.05935620531547,169.54171076467063,-63.96828588570582,29.974033442701938,35.0,0.12029519274757966,12.280313370989548
21.053306038999988,106.4420832329998,SAT_10080,21.051980512168463,197.1673903809476,99.06242691505335,169.53276072492298,-63.937719531191725,29.985957594820775,35.0,0.1201596966733754,12.270756704416145
21.053306038999988,106.5420832329998,SAT_10080,21.07273762831627,197.28414915927902,99.06450430754288,169.5266773808624,-63.91696241504392,29.994048420915743,35.0,0.12006770136211224,12.264265753735156
21.053306038999988,106.6420832329998,SAT_10080,21.083665821790504,197.3456202475716,99.06559546381247,169.52347283084714,-63.90603422156968,29.99830590376059,35.0,0.1200192735474028,12.260848020935724
21.053306038999988,106.74208323299979,SAT_10080,21.084754699234466,197.35174518319388,99.06570408980103,169.52315346389796,-63.90494534412572,29.998730034290784,35.0,0.12001444845436714,12.260507466064187
21.053306038999988,106.84208323299978,SAT_10080,21.076003223926143,197.30251813458457,99.0648305539351,169.52571991735041,-63.913696819434044,29.99532081160332,35.0,0.12005322959626562,12.263244484090684
21.053306038999988,106.94208323299978,SAT_10080,21.057419722340022,197.19798593816262,99.06297189085926,169.53116707262393,-63.932280321020166,29.988078242956703,35.0,0.12013558875419127,12.269055902598748
21.053306038999988,107.04208323299977,SAT_10080,21.02902183149684,197.03824780216974,99.06012177138386,169.5394840891677,-63.960678211863346,29.9770023437711,35.0,0.12026146614005837,12.27793500032669
21.053306038999988,107.14208323299977,SAT_10080,20.990836387808272,196.8234546814215,99.056270438132,169.55065447611037,-63.998863655551915,29.962093137628642,35.0,0.12043077074098901,12.289871546329199
21.053306038999988,107.24208323299976,SAT_10080,20.942899258896148,196.5538083312908,99.05140460576874,169.56465620062528,-64.04680078446404,29.943350656273896,35.0,0.1206433808411018,12.304851859271555
21.053306038999988,107.34208323299976,SAT_10080,20.88525512061487,196.22956005345867,99.04550732406507,169.58146183152067,-64.10444492274532,29.920774939614518,35.0,0.12089914471469468,12.322858886124466
21.153306038999986,102.942083233,SAT_10080,20.98121498481592,196.76933428958955,99.05529098715243,169.55346664791702,-64.00848505854427,29.958333660117976,35.0,0.12047343730223685,12.292878633442974
21.153306038999986,103.042083233,SAT_10080,20.969050027053015,196.7009064021732,99.05405782881725,169.55702088896294,-64.02065001630717,29.953578654965483,35.0,0.12052738780286484,12.296680394506856
21.153306038999986,103.142083233,SAT_10080,20.947070668395625,196.5772725097254,99.05182413270552,169.56343873553718,-64.04262937496456,29.94498273610425,35.0,0.12062487681733663,12.3035484987143
21.153306038999986,103.24208323299999,SAT_10080,20.915297579870597,196.3985488867721,99.04858219501467,169.57270749122944,-64.07440246348959,29.932545921821124,35.0,0.12076583418509697,12.313475059896168
21.153306038999986,103.34208323299998,SAT_10080,20.873760497699507,196.16490279955974,99.04432076561505,169.58480889678629,-64.11593954566068,29.916268238574542,35.0,0.12095015892774767,12.32644872852119
21.153306038999986,103.44208323299998,SAT_10080,20.822498038288614,195.87655146537347,99.03902493195244,169.59971924921058,-64.16720200507157,29.896149720995087,35.0,0.12117771982489181,12.342454757031177
21.153306038999986,103.54208323299997,SAT_10080,20.76155746007896,195.53376071294414,99.03267596376973,169.61740955497316,-64.22814258328123,29.872190411886184,35.0,0.12144835615700106,12.36147508403724
21.153306038999986,103.64208323299997,SAT_10080,20.6909943753393,195.13684336128358,99.0252511158443,169.63784571528092,-64.29870566802089,29.844390362224956,35.0,0.12176187860692116,12.383488436358007
21.153306038999986,103.74208323299996,SAT_10080,20.61087241558468,194.68615733766384,99.01672338511415,169.66098874094467,-64.37882762777551,29.81274963116326,35.0,0.12211807030999128,12.408470447684092
21.153306038999986,103.84208323299995,SAT_10080,20.521262854800128,194.18210355825073,99.00706121762478,169.68679499406676,-64.46843718856006,29.77726828602887,35.0,0.12251668804131084,12.436393792480864
21.153306038999986,103.94208323299995,SAT_10080,20.422244195081532,193.62512359733364,98.99622815964374,169.71521645347988,-64.56745584827866,29.73794640232685,35.0,0.12295746352746785,12.467228333598158
21.153306038999986,104.04208323299994,SAT_10066,20.516809155687014,194.15705150073944,99.0065846611146,169.68826034072805,-64.47289088767317,29.775600117990177,35.0,0.12253528139365444,12.437695383541644
21.153306038999986,104.14208323299994,SAT_10066,20.61604851505261,194.71527289717093,99.01728451169579,169.65968082646964,-64.37365152830758,29.81489487289342,35.0,0.1220938371392642,12.406771737592093
21.153306038999986,104.24208323299993,SAT_10066,20.70587384331769,195.220540368662,99.02683036568213,169.63372615179213,-64.2838262000425,29.8503571966177,35.0,0.12169454584030381,12.37876269902775
21.153306038999986,104.34208323299993,SAT_10066,20.786205925396942,195.67240833035783,99.03525784301888,169.61044480135527,-64.20349411796325,29.88198701363106,35.0,0.12133767796077631,12.353698652278258
21.153306038999986,104.44208323299992,SAT_10066,20.85697281875906,196.0704721055197,99.04259778662461,169.5898808475525,-64.13272722460113,29.909784256568862,35.0,0.12102347877604644,12.331607154841432
21.153306038999986,104.54208323299991,SAT_10066,20.918110273179764,196.41437028663617,99.04887660092366,169.57207368143668,-64.07158977018042,29.933748866232396,35.0,0.12075216704709735,12.312512787929037
21.153306038999986,104.64208323299991,SAT_10066,20.969562112597416,196.70378688336046,99.05411653637218,169.5570577676093,-64.02013793076277,29.953880791587725,35.0,0.12052393382006081,12.296437020921122
21.153306038999986,104.7420832329999,SAT_10066,21.01128057438619,196.93845323092233,99.05833592541198,169.54486242618975,-63.978419468973996,29.970179989764635,35.0,0.12033894136389739,12.283398091184978
21.153306038999986,104.8420832329999,SAT_10066,21.043226601778485,197.118149635004,99.06154937424418,169.53551164471006,-63.9464734415817,29.982646426055794,35.0,0.12019732225787053,12.273410900669573
21.153306038999986,104.94208323299989,SAT_10066,21.06537008570224,197.24270673207513,99.06376791391503,169.52902392242225,-63.924329957657946,29.991280073916048,35.0,0.12009917863900228,12.266486930512734
21.153306038999986,105.04208323299989,SAT_10066,21.077690052875788,197.3120065474263,99.06499911341297,169.52541214912972,-63.9120099904844,29.996080914961883,35.0,0.12004458161804009,12.262634174698515
21.153306038999986,105.14208323299988,SAT_10066,21.080174797689587,197.32598323700392,99.06524715676782,169.52468352019025,-63.9095252456706,29.997048938971066,35.0,0.12003357087063175,12.26185709358078
21.153306038999986,105.24208323299987,SAT_10066,21.0728219561163,197.2846235031542,99.06451288549441,169.52683948886826,-63.91687808724389,29.994184143882435,35.0,0.12006615440843839,12.264156587849623
21.153306038999986,105.34208323299987,SAT_10066,21.0556385206663,197.18796667874793,99.06279380711396,169.53187575669133,-63.93406152269389,29.98748653579586,35.0,0.12014230853284702,12.26952999326556
21.153306038999986,105.44208323299986,SAT_10066,21.028640796180213,197.03610447851372,99.06008406989991,169.53978230195327,-63.961059247179975,29.976956128972354,35.0,0.12026197797182278,12.277971096227233
21.153306038999986,105.54208323299986,SAT_10066,20.99185429706104,196.82918042096836,99.05637440341309,169.55054344595698,-63.99784574629915,29.962592945834384,35.0,0.12042507619830604,12.289470169978252
21.153306038999986,105.64208323299985,SAT_10066,20.94531358730542,196.567388928593,99.05165202379474,169.5641379560924,-64.04438645605477,29.9443970169663,35.0,0.12063148592646049,12.304014031002204
21.153306038999986,105.74208323299985,SAT_10066,20.88906206546187,196.250974118223,99.04590050216129,169.58053918432415,-64.10063797789832,29.922368381114943,35.0,0.12088105978005322,12.321586114909064
21.153306038999986,105.84208323299984,SAT_10066,20.823151697327447,195.8802282974669,99.03909959376746,169.59971523921308,-64.16654834603274,29.896507085190446,35.0,0.12117362112534397,12.342166570884762
21.153306038999986,105.94208323299983,SAT_10080,20.80382758158892,195.77153014643767,99.03708597497977,169.60514309645487,-64.18587246177127,29.888814173757147,35.0,0.12126062206650638,12.348282917007037
21.153306038999986,106.04208323299983,SAT_10080,20.87321146767195,196.16181450565472,99.04426426147825,169.58496873227645,-64.11648857568824,29.91605293898512,35.0,0.12095259568410964,12.326620186712795
21.153306038999986,106.14208323299982,SAT_10080,20.93296026060976,196.49790146592989,99.05038628302907,169.5675562679,-64.05673978275043,29.939461110087237,35.0,0.12068747174275551,12.307957153194925
21.153306038999986,106.24208323299982,SAT_10080,20.98301896437198,196.77948167459238,99.05547366669809,169.5529394483243,-64.00668107898821,29.959038637204483,35.0,0.12046543723495014,12.292314830633437
21.153306038999986,106.34208323299981,SAT_10080,21.023341039967086,197.00629334981485,99.05954416132529,169.54114684580017,-63.9663590033931,29.974785478638783,35.0,0.1202866502416821,12.279710985990025
21.153306038999986,106.4420832329998,SAT_10080,21.053888690863054,197.17812388610471,99.06261182271095,169.532201676196,-63.93581135249713,29.986701600852157,35.0,0.12015123904229363,12.270160038111001
21.153306038999986,106.5420832329998,SAT_10080,21.074633097337923,197.2948111725258,99.06468715868088,169.526121648104,-63.915066946022264,29.994786978466067,35.0,0.12005930138559982,12.263672974998718
21.153306038999986,106.6420832329998,SAT_10080,21.085554596708093,197.35624460648302,99.0657772366147,169.5229188467238,-63.904145446652095,29.999041594260877,35.0,0.12001090393053124,12.260257290258643
21.153306038999986,106.74208323299979,SAT_10080,21.086642807053124,197.36236578967382,99.06588575532354,169.52259965411508,-63.90305723630706,29.99946543917554,35.0,0.12000608186272456,12.25991693950479
21.153306038999986,106.84208323299978,SAT_10080,21.077896692792628,197.31316889695853,99.06501308252594,169.5251647069185,-63.91180335056756,29.996058512307396,35.0,0.12004483869149973,12.262652317264955
21.153306038999986,106.94208323299978,SAT_10080,21.059324571236715,197.20870071320653,99.06315625856811,169.53060889213185,-63.93037547212347,29.988820820912167,35.0,0.120127146229587,12.2684602546742
21.153306038999986,107.04208323299977,SAT_10080,21.030944060022776,197.0490603376281,99.06030896645278,169.53892138100042,-63.95875598333741,29.977752380404084,35.0,0.12025294475583907,12.277334037985232
21.153306038999986,107.14208323299977,SAT_10080,20.99278196614263,196.8343985595523,99.05646146766006,169.55008570055008,-63.99691807721756,29.96285321435622,35.0,0.12042214335903509,12.289263447664654
21.153306038999986,107.24208323299976,SAT_10080,20.944874118037177,196.5649169139591,99.05160050264745,169.56407984177656,-64.04482592532301,29.94412335450094,35.0,0.12063462045878853,12.304234817588599
21.153306038999986,107.34208323299976,SAT_10080,20.887265142982727,196.24086642927784,99.04570915428815,169.5808764030032,-64.10243490037746,29.921562840730562,35.0,0.12089022449756613,12.322231113607256
21.153306038999986,107.44208323299975,SAT_10080,20.820008192674607,195.86254608379468,99.0387666718236,169.60044276646872,-64.16969185068558,29.895171721098123,35.0,0.12118877479593675,12.343232030519047
21.153306038999986,107.54208323299974,SAT_10066,20.84475157120295,196.0017275880166,99.04133576330366,169.59343585530772,-64.14494847215724,29.90498819867905,35.0,0.12107772828113648,12.335423087247433
21.253306038999987,102.84208323300001,SAT_10080,20.929566093535115,196.47880927613502,99.05003487750889,169.56854640743788,-64.06013394982507,29.938132547994115,35.0,0.12070252953553183,12.30901756084578
21.253306038999987,102.942083233,SAT_10080,20.927232618134994,196.46568347700935,99.04979670874005,169.5692270552978,-64.0624674252252,29.937219083828957,35.0,0.120712881926379,12.30974657182996
21.253306038999987,103.042083233,SAT_10080,20.915096794446214,196.39741946875995,99.04855671662739,169.57276603071975,-64.07460324891397,29.932467289128144,35.0,0.1207667250515737,12.313537782270785
21.253306038999987,103.142083233,SAT_10080,20.893170004478492,196.27408127519152,99.04631062355924,169.57915634384787,-64.0965300388817,29.92387717400361,35.0,0.12086402026814252,12.320386848769294
21.253306038999987,103.24208323299999,SAT_10080,20.861472749579406,196.09578421638417,99.04305065081171,169.5883854067388,-64.12822729378078,29.911448756735563,35.0,0.12100469795073304,12.3302859458268
21.253306038999987,103.34208323299998,SAT_10080,20.820034522594867,195.8626941895961,99.03876543865651,169.60043511566352,-64.16966552076532,29.895182063772854,35.0,0.12118865788942142,12.343223810985233
21.253306038999987,103.44208323299998,SAT_10080,20.768893625140038,195.5750266414127,99.03343992891641,169.6152819686925,-64.22080641822015,29.8750771297335,35.0,0.1214157698592301,12.359185809401911
21.253306038999987,103.54208323299997,SAT_10080,20.70809693236805,195.2330452445703,99.02705520787201,169.6328972169713,-64.28160311099214,29.8511339974054,35.0,0.12168587435487911,12.378154017071363
21.253306038999987,103.64208323299997,SAT_10080,20.63769960827085,194.83706029652353,99.01958830667391,169.65324704766277,-64.35200043508934,29.823352717747188,35.0,0.12199878348251321,12.40010732169123
21.253306038999987,103.74208323299996,SAT_10080,20.557764775130494,194.38742686010903,99.01101195557557,169.676292796145,-64.4319352682297,29.791733349889245,35.0,0.12235428199852982,12.42502153997542
21.253306038999987,103.84208323299995,SAT_10080,20.468363141240317,193.8845426694768,99.00129428734814,169.70199118472254,-64.52133690211987,29.756275961134918,35.0,0.12275212848421134,12.452869550048035
21.253306038999987,103.94208323299995,SAT_10066,20.39060873231523,193.4471741192732,98.99273991042695,169.72446041094994,-64.59909131104496,29.72545482711405,35.0,0.12309711633869087,12.476988610870375
21.253306038999987,104.04208323299994,SAT_10066,20.499043318052742,194.05711866404667,99.004651396426,169.69336612086266,-64.49065672530745,29.76855276283581,35.0,0.1226143424947624,12.443229024785838
21.253306038999987,104.14208323299994,SAT_10066,20.598160558433463,194.61465314118823,99.01536627890974,169.6648396819415,-64.39153948492672,29.807820942967567,35.0,0.12217338408667151,12.412347361866127
21.253306038999987,104.24208323299993,SAT_10066,20.687874720864343,195.11929530486194,99.02492544751725,169.63893351097903,-64.30182532249584,29.843259283840254,35.0,0.12177453434354112,12.38437656101353
21.253306038999987,104.34208323299993,SAT_10066,20.768106871620873,195.57060115286743,99.03336460354977,169.61569591523516,-64.22159317173931,29.874867709950507,35.0,0.12141806281480041,12.35934690363986
21.253306038999987,104.44208323299992,SAT_10066,20.83878532610798,195.96816745935737,99.04071466018684,169.59517080428486,-64.1509147172522,29.90264615395918,35.0,0.12110421393996762,12.337285852986556
21.253306038999987,104.54208323299991,SAT_10066,20.899846066381414,196.31163412339546,99.04700208187491,169.57739742240727,-64.08985397697877,29.926594556689967,35.0,0.12083320572939031,12.31821790553207
21.253306038999987,104.64208323299991,SAT_10066,20.95123312094684,196.60068630532595,99.05224916956371,169.5624101048261,-64.03846692241335,29.946712867128227,35.0,0.12060522856971558,12.302164456145746
21.253306038999987,104.7420832329999,SAT_10066,20.992898902183597,196.83505632478276,99.05647429724186,169.55023806089625,-63.99680114117659,29.96300104241997,35.0,0.12042044416687907,12.28914367853344
21.253306038999987,104.8420832329999,SAT_10066,21.02480449716475,197.01452529655174,99.059692104179,169.54090518705232,-63.964895546195436,29.975459047870988,35.0,0.12027898463817857,12.279170422375921
21.253306038999987,104.94208323299989,SAT_10066,21.046919908152695,197.13892448335892,99.06191364637709,169.53442991200163,-63.94278013520749,29.984086856946156,35.0,0.12018095176354958,12.272256128388477
21.253306038999987,105.04208323299989,SAT_10066,21.0592242396489,197.20813634802505,99.06314650993903,169.53082507624387,-63.93047580371129,29.98888445126892,35.0,0.12012641640451244,12.268408762331822
21.253306038999987,105.14208323299988,SAT_10066,21.06170582953804,197.2220952911515,99.06339488835243,169.5300978475613,-63.927994213822146,29.989851820620903,35.0,0.12011541809744254,12.267632768784297
21.253306038999987,105.24208323299987,SAT_10066,21.05436232258417,197.18078806453593,99.06265962503404,169.5322496736439,-63.93533772077602,29.98698896294173,35.0,0.12014796482585889,12.269929045247993
21.253306038999987,105.34208323299987,SAT_10066,21.03720068530098,197.08425385481803,99.06093822187148,169.5372762725026,-63.95249935805921,29.980295884328957,35.0,0.1202240329743748,12.275294936911187
21.253306038999987,105.44208323299986,SAT_10066,21.010237161994922,196.93258403622144,99.05822481390908,169.54516766080613,-63.979462881365265,29.96977259903822,35.0,0.12034356746484659,12.283724252132515
21.253306038999987,105.54208323299986,SAT_10066,20.97349717256928,196.7259215957022,99.054510109741,169.55590821974752,-64.0162028707909,29.955419129483488,35.0,0.12050648207313674,12.295207298453732
21.253306038999987,105.64208323299985,SAT_10066,20.927015153450483,196.46446023815898,99.04978129657765,169.56947679753083,-64.0626848899097,29.937235506237556,35.0,0.1207126599228238,12.309730938693606
21.253306038999987,105.74208323299985,SAT_10066,20.870834343739972,196.14844318353732,99.04402190832307,169.58584684707165,-64.11886569962022,29.915221768032616,35.0,0.1209619541501798,12.327278666430997
21.253306038999987,105.84208323299984,SAT_10066,20.805006519382644,195.77816167152739,99.03721165432292,169.60498659705007,-64.18469352397754,29.889377961761053,35.0,0.12125418873284584,12.347830699955676
21.253306038999987,105.94208323299983,SAT_10080,20.794686539597805,195.72011178523766,99.0361309755118,169.60779730554205,-64.19501350376238,29.885221115401805,35.0,0.12130121514047697,12.351136098481666
21.253306038999987,106.04208323299983,SAT_10080,20.864003332234375,196.11001874381833,99.04331148220498,169.58764897437217,-64.12569671112581,29.912441451739863,35.0,0.12099346558064918,12.329495722912862
21.253306038999987,106.14208323299982,SAT_10080,20.923694157740684,196.44577963729134,99.04943539388728,169.57025907635796,-64.0660058856195,29.93583378564365,35.0,0.12072858054137345,12.310852014363821
21.253306038999987,106.24208323299982,SAT_10080,20.97370415804933,196.72708588902748,99.0545243457616,169.55566126990732,-64.01599588531086,29.955398067273205,35.0,0.12050674656412631,12.295225936112626
21.253306038999987,106.34208323299981,SAT_10080,21.01398691161949,196.95367637785967,99.05859609343487,169.54388405349746,-63.9757131317407,29.97113425494639,35.0,0.12032812134664514,12.28263521184298
21.253306038999987,106.4420832329998,SAT_10080,21.044504717777464,197.12533903749824,99.06166469812506,169.53495058274825,-63.94519532558272,29.983042315138036,35.0,0.12019283285595975,12.27309422511655
21.253306038999987,106.5420832329998,SAT_10080,21.065228830176558,197.24191216974316,99.06374067174346,169.52887852011133,-63.92447121318363,29.991122222479298,35.0,0.12010097860211648,12.266613936949486
21.253306038999987,106.6420832329998,SAT_10080,21.07613963633414,197.30328545437956,99.06483108443467,169.5256799192073,-63.91356040702605,29.99537395975712,35.0,0.12005262508083066,12.263201822495025
21.253306038999987,106.74208323299979,SAT_10080,21.077226780882036,197.30940064246144,99.0649396364626,169.52536114538944,-63.91247326247815,29.995797517913914,35.0,0.12004780739145933,12.262861827611165
21.253306038999987,106.84208323299978,SAT_10080,21.068489230890073,197.26025192375667,99.06406669569041,169.5279228336307,-63.921210812470115,29.992392896047367,35.0,0.12008652903471241,12.26559434585207
21.253306038999987,106.94208323299978,SAT_10080,21.049935282391267,197.15588596345088,99.06220930130125,169.53335988431678,-63.93976476096892,29.985160101410425,35.0,0.12016876189245276,12.271396216170114
21.253306038999987,107.04208323299977,SAT_10080,21.021582508022256,196.9964016076252,99.0593611338238,169.5416614970023,-63.96811753533793,29.974099149411437,35.0,0.12029444638982047,12.280260741357246
21.253306038999987,107.14208323299977,SAT_10080,20.983457646475202,196.78194926142302,99.05551245094577,169.55281124166603,-64.00624239688499,29.959210063614467,35.0,0.12046349183779603,12.292177726995613
21.253306038999987,107.24208323299976,SAT_10080,20.935596435238466,196.5127299482164,99.05064998800307,169.56678716647565,-64.05410360812172,29.940492875739764,35.0,0.12067577695223546,12.307133540433597
21.253306038999987,107.34208323299976,SAT_10080,20.878043388828132,196.18899406215826,99.04475682140213,169.5835619405928,-64.11165665453206,29.917947625664393,35.0,0.12093115054341264,12.325111189060241
21.35330603899999,102.942083233,SAT_10080,20.86211652997885,196.09940548113101,99.04311261607116,169.58819806453366,-64.12758351338134,29.911701305974027,35.0,0.12100184041489226,12.330084914406807
21.35330603899999,103.042083233,SAT_10080,20.850014012788108,196.03132882193313,99.04186406675437,169.5917192245304,-64.13968603057208,29.906952734543825,35.0,0.12105556192550984,12.333863978659988
21.35330603899999,103.142083233,SAT_10080,20.828147318369744,195.90832866582983,99.03960245004029,169.5980774049858,-64.16155272499044,29.89836844632962,35.0,0.1211526376530087,12.340691128681257
21.35330603899999,103.24208323299999,SAT_10080,20.796536751093583,195.7305192249014,99.0363198929098,169.60726014395595,-64.1931632922666,29.88594845960503,35.0,0.12129299859288352,12.350558609322796
21.35330603899999,103.34208323299998,SAT_10080,20.75521152126518,195.49806480711666,99.03200489767914,169.61924951838137,-64.234488522095,29.869692800809375,35.0,0.12147654542669582,12.363455259096318
21.35330603899999,103.44208323299998,SAT_10080,20.70420956503223,195.21117880330627,99.02664222284169,169.63402225992215,-64.28549047832796,29.849601504548204,35.0,0.121703149084293,12.37936657386972
21.35330603899999,103.54208323299997,SAT_10080,20.643577312526915,194.87012238296393,99.02021272366642,169.65154990399458,-64.34612273083327,29.82567461359399,35.0,0.12197265146919677,12.39827478896349
21.35330603899999,103.64208323299997,SAT_10080,20.573369407221946,194.47520291562347,99.01269314965191,169.67179897002356,-64.41633063613824,29.79791217888699,35.0,0.1222848663390478,12.42015897866263
21.35330603899999,103.74208323299996,SAT_10080,20.49364838004695,194.02677213776408,99.00405589507868,169.6947311705493,-64.49605166331324,29.766314259536266,35.0,0.12263958033140465,12.444995171968817
21.35330603899999,103.84208323299995,SAT_10080,20.404484282306527,193.5252240879742,98.99426869792933,169.72030364649976,-64.58521576105366,29.730880922820887,35.0,0.12303655412379529,12.47275648325099
21.35330603899999,103.94208323299995,SAT_10066,20.36193472927009,193.28588285214428,98.98955746709962,169.73266306220825,-64.6277653140901,29.714034067296197,35.0,0.12322484234091188,12.485911476837138
21.35330603899999,104.04208323299994,SAT_10066,20.470199489322653,193.89487212743992,99.00150227406124,169.70164884639374,-64.51950055403753,29.75710272015287,35.0,0.12274272434088858,12.45221170345578
21.35330603899999,104.14208323299994,SAT_10066,20.56916040677362,194.4515272881016,99.01224687089577,169.673196373638,-64.42053963658657,29.796344219635483,35.0,0.12230236860072953,12.421385113983323
21.35330603899999,104.24208323299993,SAT_10066,20.6587321676339,194.95536844294068,99.0218323402316,169.64735779590345,-64.33096787572629,29.83175848210647,35.0,0.12190406699492798,12.393464494934376
21.35330603899999,104.34208323299993,SAT_10066,20.738836227630358,195.4059537804208,99.0302945509377,169.62418117375253,-64.25086381572983,29.86334543209087,35.0,0.12154808781713958,12.368479986251025
21.35330603899999,104.44208323299992,SAT_10066,20.809401259184952,195.80288208291537,99.03766456059115,169.60371019035276,-64.18029878417524,29.891105002274866,35.0,0.12123467435941476,12.34645892173794
21.35330603899999,104.54208323299991,SAT_10066,20.87036356584794,196.14579505789467,99.04396895674768,169.58598388589974,-64.11933647751225,29.91503713350441,35.0,0.12096404360177286,12.327425681515148
21.35330603899999,104.64208323299991,SAT_10066,20.92166745925418,196.43437945830476,99.04923014373863,169.57103641573207,-64.068032584106,29.935141774784036,35.0,0.1207363850257658,12.311401558132205
21.35330603899999,104.7420832329999,SAT_10066,20.963265593994322,196.66836896621805,99.05346658048597,169.558896835203,-64.02643444936587,29.951418883275867,35.0,0.12055185956470281,12.298404637874032
21.35330603899999,104.8420832329999,SAT_10066,20.99511925621305,196.84754581619842,99.05669297377315,169.54958891409777,-63.994580787147136,29.96386842429873,35.0,0.1204105987019928,12.288449698646115
21.35330603899999,104.94208323299989,SAT_10066,21.017198602256812,196.97174213769458,99.05892043049984,169.543130983048,-63.972501441103375,29.97249037132748,35.0,0.12031270372762631,12.281548125655233
21.35330603899999,105.04208323299989,SAT_10066,21.029482844274753,197.04084099904549,99.06015657164788,169.5395358140111,-63.960217199085434,29.977284705992464,35.0,0.1202582451611859,12.277707845905617
21.35330603899999,105.14208323299988,SAT_10066,21.031960380344742,197.05477713943918,99.06040560996988,169.53881053643397,-63.957739663015445,29.978251418079147,35.0,0.12024726234797198,12.276933282312642
21.35330603899999,105.24208323299987,SAT_10066,21.024628867397503,197.01353737911097,99.05966839275594,169.5409565902571,-63.965071175962684,29.975390505527923,35.0,0.1202797632328945,12.279225328000605
21.35330603899999,105.34208323299987,SAT_10066,21.00749523596977,196.91716070232997,99.05794241041994,169.54596971640572,-63.98220480739042,29.968701974434065,35.0,0.12035572431474818,12.284581341104019
21.35330603899999,105.44208323299986,SAT_10066,20.980575646590466,196.76573801207138,99.05522177105318,169.5538399848991,-64.00912439676972,29.95818583904784,35.0,0.12047509078140188,12.292995160137062
21.35330603899999,105.54208323299986,SAT_10066,20.943895388381094,196.55941155964365,99.05149714050596,169.56455186018962,-64.0458046549791,29.943842121774807,35.0,0.12063777682433463,12.304457139739943
21.35330603899999,105.64208323299985,SAT_10066,20.897488721213676,196.29837405682693,99.0467556469551,169.57808430283455,-64.09221132214651,29.925670853176264,35.0,0.12084366612888504,12.318954206359326
21.35330603899999,105.74208323299985,SAT_10066,20.841398663514042,195.9828674822665,99.04098074828434,169.5944109061037,-64.14830137984615,29.903672071969844,35.0,0.12109261253459096,12.336469933177723
21.35330603899999,105.84208323299984,SAT_10066,20.7756767284678,195.61318159763135,99.03415205991986,169.61350006568495,-64.21402331489239,29.877845825030306,35.0,0.12138444085812164,12.356984633379627
21.35330603899999,105.94208323299983,SAT_10080,20.774353312792357,195.60573738445703,99.03400694103834,169.6136982287007,-64.21534673056783,29.877225036291826,35.0,0.1213915197820852,12.35748201837687
21.35330603899999,106.04208323299983,SAT_10080,20.843578323777265,195.99512807124714,99.04119920984813,169.59359103991517,-64.14612171958292,29.904426870360577,35.0,0.12108413109331534,12.335873418935016
21.35330603899999,106.14208323299982,SAT_10080,20.90318979107792,196.3304425748133,99.04733310195974,169.57623680510696,-64.08651025228227,29.927803304006574,35.0,0.12081955772812576,12.317257193453749
21.35330603899999,106.24208323299982,SAT_10080,20.953133072377597,196.611373532124,99.05243031167218,169.56166904606079,-64.03656697098259,29.947354287408782,35.0,0.12059798553415223,12.30165422679644
21.35330603899999,106.34208323299981,SAT_10080,20.9933619298087,196.8376608551739,99.05650864300594,169.5499161448583,-63.99633811355149,29.963079778900894,35.0,0.12041957161965051,12.289082175974444
21.35330603899999,106.4420832329998,SAT_10080,21.023838812605156,197.00909332090401,99.05958219546658,169.54100116206433,-63.96586123075503,29.97497974497048,35.0,0.12028444347134114,12.27955537018984
21.35330603899999,106.5420832329998,SAT_10080,21.044535089167468,197.125509876567,99.06166150955895,169.53494168733616,-63.94516495419272,29.983054160258312,35.0,0.12019269823210056,12.27308472888278
21.35330603899999,106.6420832329998,SAT_10080,21.05543122552028,197.18680064355158,99.06275367464545,169.53174972447326,-63.93426881783991,29.987303007557884,35.0,0.12014440214667474,12.269677698777857
21.35330603899999,106.74208323299979,SAT_10080,21.056516907818803,197.1929076064808,99.06286240104362,169.5314316124725,-63.933183135541384,29.98772627781504,35.0,0.12013959018175771,12.269338210702182
21.35330603899999,106.84208323299978,SAT_10080,21.04779110727719,197.1438249784342,99.06198805761588,169.53398798367613,-63.941908936082996,29.984323970127807,35.0,0.12017826582482082,12.272066656709848
21.35330603899999,106.94208323299978,SAT_10080,21.029262086655407,197.03959923743668,99.06012767550139,169.5394137595899,-63.96043795670478,29.977096091746382,35.0,0.12026040106402427,12.277859887797222
21.35330603899999,107.04208323299977,SAT_10080,21.000947348214154,196.88032883370462,99.0572749180535,169.54769818443214,-63.98875269514603,29.966042658073267,35.0,0.12038593654944547,12.286711232237716
21.35330603899999,107.14208323299977,SAT_10080,20.96287352383665,196.66616357158117,99.05342001646463,169.55882489594575,-64.02682651952354,29.951163692663574,35.0,0.12055478193375228,12.298610534307606
21.35330603899999,107.24208323299976,SAT_10080,20.91507620877404,196.39730367435396,99.0485496699613,169.5727720325003,-64.07462383458615,29.932459227225504,35.0,0.12076681638838506,12.313544212922977
21.35330603899999,107.34208323299976,SAT_10080,20.85759974120616,196.07399854428465,99.04264690882056,169.5895123750193,-64.13210030215403,29.90992930162098,35.0,0.12102188928932708,12.331495339466377
21.35330603899999,107.44208323299975,SAT_10080,20.79049693049116,195.69654523401275,99.03569091777462,169.60901352181455,-64.19920311286903,29.883573963866443,35.0,0.12131982106468064,12.352443733856246
21.35330603899999,107.54208323299974,SAT_10066,20.797214939278447,195.73433403344126,99.0363973800564,169.6072490944382,-64.19248510408174,29.886315444329593,35.0,0.12128878798043172,12.350262665992698
21.453306038999987,102.942083233,SAT_10080,20.785935487707633,195.67088711835547,99.03521191194267,169.6103374746119,-64.20376455565255,29.881780377411506,35.0,0.1213400789489631,12.3538673795032
21.453306038999987,103.042083233,SAT_10080,20.773870335268867,195.6030206358874,99.03395301752307,169.61383834256856,-64.21582970809132,29.877035042064794,35.0,0.12139366496452245,12.35763274262303
21.453306038999987,103.142083233,SAT_10080,20.752071057554218,195.48039969874247,99.03167263342935,169.62015992297188,-64.23762898580597,29.868456603923605,35.0,0.12149049615826661,12.364435170599426
21.453306038999987,103.24208323299999,SAT_10080,20.72055773583851,195.30313726409165,99.02836277211277,169.6292898966239,-64.26914230752168,29.856045081255026,35.0,0.12163050422893179,12.374266987923857
21.453306038999987,103.34208323299998,SAT_10080,20.679359260407935,195.07139583979463,99.02401176831322,169.6412105451597,-64.31034078295225,29.839800500488906,35.0,0.1218135908679229,12.387117147413525
21.453306038999987,103.44208323299998,SAT_10080,20.628513153438405,194.78538648809106,99.01860415779974,169.65589886490804,-64.36118688992178,29.819722896218398,35.0,0.1220396283133151,12.402971292918824
21.453306038999987,103.54208323299997,SAT_10080,20.56806534093998,194.4453675427874,99.01212051513869,169.67332671340415,-64.4216347024202,29.795812311200653,35.0,0.12230846006469888,12.421811840152
21.453306038999987,103.64208323299997,SAT_10080,20.498069876683118,194.05164305634256,99.00453724751966,169.69346098661035,-64.49163016667707,29.768068796357678,35.0,0.12261990175091929,12.443618074673479
21.453306038999987,103.74208323299996,SAT_10080,20.41858862157204,193.60456099634274,98.99582634079354,169.7162638245393,-64.57111142178815,29.736492410777366,35.0,0.12297374214120009,12.468366265885015
21.453306038999987,103.84208323299995,SAT_10080,20.329690882426206,193.10451121364738,98.98595505287908,169.74169284264445,-64.66000916093398,29.70108322171466,35.0,0.12336974428876973,12.496029795715428
21.453306038999987,103.94208323299995,SAT_10066,20.322248984359717,193.06265053702342,98.98512978081158,169.74400217102243,-64.66745105900047,29.698210758924173,35.0,0.12340166271859648,12.498257984183626
21.453306038999987,104.04208323299994,SAT_10066,20.430307339172487,193.67047878284527,98.99712465221008,169.7130903437466,-64.5593927041877,29.741250012767203,35.0,0.12292032573634382,12.464632047471985
21.453306038999987,104.14208323299994,SAT_10066,20.529078172926276,194.2260647227103,99.00791388133565,169.6847324454568,-64.46062187043391,29.780464725774824,35.0,0.12248068807551551,12.433873462676416
21.453306038999987,104.24208323299993,SAT_10066,20.61847670408568,194.72893146048193,99.01753884519107,169.65898029042663,-64.37122333927451,29.815854814340742,35.0,0.12208303989436765,12.406014823294257
21.453306038999987,104.34208323299993,SAT_10066,20.69842488371262,195.1786399708835,99.02603566802817,169.63588162468082,-64.29127515964757,29.847420203018228,35.0,0.12172764789582374,12.381086090089148
21.453306038999987,104.44208323299992,SAT_10066,20.768851838279986,195.57479159032493,99.03343562732364,169.61547984274446,-64.2208482050802,29.87516082451863,35.0,0.1214147539186045,12.359114432935767
21.453306038999987,104.54208323299991,SAT_10066,20.82969428018795,195.91703032605722,99.03976549798116,169.59781372465014,-64.16000576317224,29.89907661971001,35.0,0.12114457363792505,12.340124084594176
21.453306038999987,104.64208323299991,SAT_10066,20.880896881111724,196.20504495625343,99.04504784156008,169.5829171964374,-64.10880316224846,29.919167537615962,35.0,0.12091729538924997,12.324136208037789
21.453306038999987,104.7420832329999,SAT_10066,20.922412603635053,196.43857089544719,99.04930124608273,169.57081911716543,-64.06728743972513,29.935433535414607,35.0,0.12073307912762846,12.311168778846685
21.453306038999987,104.8420832329999,SAT_10066,20.95420298703202,196.6173918020551,99.05254052090801,169.5615430951953,-64.03549705632817,29.947874578437734,35.0,0.12059205553393013,12.30123648403667
21.453306038999987,104.94208323299989,SAT_10066,20.97623838356661,196.74134090756218,99.05477685023737,169.55510733616077,-64.01346165979358,29.956490640170102,35.0,0.12049432527788272,12.29435063852503
21.453306038999987,105.04208323299989,SAT_10066,20.988498142260227,196.81030205021378,99.05601790801133,169.55152452466254,-64.00120190109996,29.96128170224892,35.0,0.12043995844619869,12.290519120240154
21.453306038999987,105.14208323299988,SAT_10066,20.99097073772429,196.82421039969913,99.05626793622851,169.55080174129046,-63.9987293056359,29.962247754463473,35.0,0.12042899414229694,12.289746324666622
21.453306038999987,105.24208323299987,SAT_10066,20.98365384235794,196.78305286326344,99.05552778805873,169.55294041610955,-64.00604620100225,29.959388794754922,35.0,0.12046144026221274,12.292033139385394
21.453306038999987,105.34208323299987,SAT_10066,20.966554340955156,196.68686816787275,99.05379493649846,169.5579363192479,-64.02314570240503,29.952704829216255,35.0,0.1205372734492818,12.297376938924126
21.453306038999987,105.44208323299986,SAT_10066,20.93968828752523,196.5357466173294,99.05106344871895,169.56577958871765,-64.05001175583496,29.94219587209243,35.0,0.12065643922812185,12.305771599981613
21.453306038999987,105.54208323299986,SAT_10066,20.90308080490057,196.32982952756572,99.04732392566198,169.5764547950864,-64.08661923845962,29.92786194578063,35.0,0.12081885231636391,12.3172075368375
21.453306038999987,105.64208323299985,SAT_10066,20.856765928461485,196.06930834759586,99.042563405831,169.58994104210876,-64.1329341148987,29.909703080830734,35.0,0.12102439711054497,12.331671756510127
21.453306038999987,105.74208323299985,SAT_10066,20.800786396029835,195.75442347766784,99.03676523158519,169.60621210194958,-64.18891364733035,29.88771931594592,35.0,0.12127292834060754,12.349147932986076
21.453306038999987,105.84208323299984,SAT_10066,20.73519338666152,195.38546279997104,99.02990887555424,169.62523658317554,-64.25450665669867,29.86191069798342,35.0,0.12156427188560007,12.36961649962095
21.453306038999987,105.94208323299983,SAT_10080,20.742849460981986,195.42852821802364,99.03070571641783,169.62283263469453,-64.2468505823782,29.86482595236409,35.0,0.12153146268992689,12.367312437357834
21.453306038999987,106.04208323299983,SAT_10080,20.811958243828713,195.81726512153648,99.03791938702821,169.60278154360896,-64.17774179953147,29.89200921082035,35.0,0.12122451815325912,12.345744948589605
21.453306038999987,106.14208323299982,SAT_10080,20.87146917265423,196.15201409618004,99.0440714326718,169.58547593461742,-64.11823087070596,29.915369681180202,35.0,0.12096032856683067,12.327164288701915
21.453306038999987,106.24208323299982,SAT_10080,20.92132789745115,196.4324694231627,99.04918365826751,169.5709491436615,-64.06837214590904,29.93490731364142,35.0,0.12073907884509212,12.311591237043869
21.453306038999987,106.34208323299981,SAT_10080,20.961488429192613,196.65837241420846,99.05327395835502,169.5592293945034,-64.02821161416757,29.950622066553432,35.0,0.12056092530355257,12.299043360914048
21.453306038999987,106.4420832329998,SAT_10080,20.991913420204384,196.82951298864967,99.05635650395742,169.55033961841903,-63.997786623155804,29.962513906416447,35.0,0.12042599478305466,12.289534916370165
21.453306038999987,106.5420832329998,SAT_10080,21.01257439434079,196.9457309681669,99.05844188894902,169.5442973060579,-63.9771256490194,29.97058280788082,35.0,0.12033438393276806,12.283076766909547
21.453306038999987,106.6420832329998,SAT_10080,21.023451923982478,197.00691707240142,99.05953723854188,169.54111439345965,-63.96624811937771,29.97482875374653,35.0,0.12028615865999318,12.27967632100459
21.453306038999987,106.74208323299979,SAT_10080,21.024535751537584,197.01301360239893,99.0596462818013,169.54079718377469,-63.9651642918226,29.975251734962836,35.0,0.12028135375305464,12.279337489257706
21.453306038999987,106.84208323299978,SAT_10080,21.01582485383547,196.96401480282452,99.05876938945309,169.54334630576668,-63.97387518952472,29.971851750628115,35.0,0.12031997268162416,12.28206066170454
21.453306038999987,106.94208323299978,SAT_10080,20.99732744855889,196.85996689814377,99.0569035776366,169.54875670966712,-63.992372594801296,29.964628807989822,35.0,0.12040198757678164,12.287842705547218
21.453306038999987,107.04208323299977,SAT_10080,20.969060942629056,196.70096780228843,99.05404247766873,169.55701770043905,-64.02063910073113,29.953582922444646,35.0,0.12052733939104568,12.296676983345682
21.453306038999987,107.14208323299977,SAT_10080,20.931051823229907,196.48716650566826,99.05017627129592,169.5681130079913,-64.05864822013028,29.938714117538808,35.0,0.12069593823652135,12.308553391441283
21.453306038999987,107.24208323299976,SAT_10080,20.883335492914327,196.21876214764308,99.04529159030842,169.58202089337945,-64.10636455044586,29.920022424968547,35.0,0.12090766389726926,12.323458418137697
21.453306038999987,107.34208323299976,SAT_10080,20.825956050961423,195.89600278665802,99.03937137875455,169.59871428954398,-64.16374399239876,29.897507884580737,35.0,0.12116236651003559,12.341375220925489
21.453306038999987,107.44208323299975,SAT_10080,20.758966023823362,195.51918388400642,99.03239471530264,169.61816097469168,-64.23073401953683,29.87117054437368,35.0,0.12145986740563924,12.362283721813197
21.453306038999987,107.54208323299974,SAT_10066,20.75668941486208,195.50637795859922,99.03216331029414,169.6190067604312,-64.2330106284981,29.87037453592263,35.0,0.12146877767775097,12.362909626311774
21.453306038999987,107.64208323299974,SAT_10066,20.81928863414805,195.8584985670828,99.03868702685985,169.60083778095816,-64.17041140921214,29.89498965551702,35.0,0.12119077285697781,12.343372510914028
21.453306038999987,107.74208323299973,SAT_10066,20.872257518337904,196.1564485406507,99.04415939453281,169.58543256105196,-64.11744252502228,29.91577990653716,35.0,0.12095563772486671,12.326834232782609
21.553306038999985,103.042083233,SAT_10080,20.686745059893028,195.11294096189826,99.0247912398705,169.63907476068277,-64.30295498346716,29.8427142713229,35.0,0.12178076417283079,12.384813729934454
21.553306038999985,103.142083233,SAT_10080,20.665020286999365,194.99073911437142,99.0224887020266,169.64535542295778,-64.32467975636082,29.834141706406562,35.0,0.1218773265220117,12.3915887132876
21.553306038999985,103.24208323299999,SAT_10080,20.633614433361316,194.81408118765742,99.01914660894863,169.6544264047512,-64.35608560999887,29.82173868129082,35.0,0.12201694665395173,12.401380939884536
21.553306038999985,103.34208323299998,SAT_10080,20.592556033655043,194.58312768930963,99.01475309661723,169.6662702151627,-64.39714400970514,29.805505222396125,35.0,0.1221995273830437,12.414179489555506
21.553306038999985,103.44208323299998,SAT_10080,20.54188215001291,194.2980870938226,99.00929243659556,169.68086414465296,-64.44781789334728,29.785441364303313,35.0,0.1224249424022656,12.42997017059536
21.553306038999985,103.54208323299997,SAT_10080,20.48163814816786,193.9592145834442,99.00274487040889,169.69818040876868,-64.50806189519233,29.761547149754325,35.0,0.12269303698637703,12.448735599191595
21.553306038999985,103.64208323299997,SAT_10080,20.411877426429072,193.56681052366352,98.99508639902712,169.71818632201376,-64.57782261693112,29.73382262965304,35.0,0.12300362884561873,12.470455295724781
21.553306038999985,103.74208323299996,SAT_10080,20.332661100866332,193.12121869237313,98.98628852349692,169.74084449962194,-64.65703894249386,29.702267863066304,35.0,0.12335650912061878,12.495105796817601
21.553306038999985,103.84208323299995,SAT_10080,20.24405765057358,192.6228242844764,98.97631793174521,169.76611308465544,-64.7456423927866,29.666882917225117,35.0,0.12375144350786199,12.522660781848403
21.553306038999985,103.94208323299995,SAT_10066,20.27159165599045,192.77770306494625,98.9794386003646,169.75845316362114,-64.71810838736974,29.677984933545122,35.0,0.12362744028154057,12.514012717012179
21.553306038999985,104.04208323299994,SAT_10066,20.37940764992163,193.3841680308092,98.99150066882464,169.7276656411847,-64.61029239343856,29.720994672282476,35.0,0.12314700750438731,12.48047441703194
21.553306038999985,104.14208323299994,SAT_10066,20.477955219412834,193.9384981091972,99.00234979352473,169.69942255529196,-64.51174482394735,29.760182493040716,35.0,0.1227082014914354,12.449796560204678
21.553306038999985,104.24208323299993,SAT_10066,20.567150226208355,194.44022002242198,99.01202775005216,169.6737753116669,-64.42254981715183,29.79554831224465,35.0,0.12231131033163178,12.422011507397947
21.553306038999985,104.34208323299993,SAT_10066,20.646915219744358,194.88889811106202,99.02057100827719,169.65077127583788,-64.34278482361583,29.827092054475592,35.0,0.12195659881020704,12.397149003443346
21.553306038999985,104.44208323299992,SAT_10066,20.717179874943483,195.28413679655708,99.028011143138,169.63045349319736,-64.2725201684167,29.854813652469883,35.0,0.1216443070140691,12.375236020675153
21.553306038999985,104.54208323299991,SAT_10066,20.777881398016817,195.6255828638446,99.0343751828621,169.61286042912235,-64.21181864534337,29.878713047117557,35.0,0.12137464904583546,12.356296614292743
21.553306038999985,104.64208323299991,SAT_10066,20.828964895466527,195.91292753699923,99.03968590152729,169.59802573234816,-64.16073514789366,29.89879018746115,35.0,0.1211478118598049,12.340351791146837
21.553306038999985,104.7420832329999,SAT_10066,20.870383701821652,196.14590832274678,99.04396206159984,169.58597802456177,-64.11931634153854,29.915045030694678,35.0,0.12096395423221312,12.327419393439222
21.553306038999985,104.8420832329999,SAT_10066,20.90209966202859,196.3243105989108,99.04721861100404,169.5767407189319,-64.0876003813316,29.9274775421628,35.0,0.12082320587692988,12.317513998685582
21.553306038999985,104.94208323299989,SAT_10066,20.924083364928478,196.44796892772268,99.04946683834343,169.57033186995122,-64.06561667843171,29.936087695360133,35.0,0.12072566671635404,12.310646837124263
21.553306038999985,105.04208323299989,SAT_10066,20.936314324814305,196.51676807708046,99.05071448907168,169.56676405659834,-64.05338571854588,29.94087547193069,35.0,0.12067140631567196,12.306825727562561
21.553306038999985,105.14208323299988,SAT_10066,20.938781108709236,196.53064373648945,99.05096584467618,169.56604430039152,-64.05091893465095,29.941840861667547,35.0,0.12066046348688864,12.306055032440087
21.553306038999985,105.24208323299987,SAT_10066,20.931481407690555,196.48958291825937,99.0502217662653,169.56817401945517,-64.05821863566963,29.938983862512632,35.0,0.120692846067157,12.308335632659933
21.553306038999985,105.34208323299987,SAT_10066,20.914422051319576,196.3936240386726,99.04847970331888,169.57314901922535,-64.07527799204061,29.93230448055668,35.0,0.12076853087395133,12.313664922497987
21.553306038999985,105.44208323299986,SAT_10066,20.8876189649843,196.2428566780367,99.04573366775439,169.5809595199245,-64.10208107837589,29.921802730039346,35.0,0.1208874638376016,12.322036824653129
21.553306038999985,105.54208323299986,SAT_10066,20.851097070723085,196.03742102281737,99.04197417285762,169.59159022042422,-64.1386029726371,29.90747863334951,35.0,0.12104956030966355,12.333441825252722
21.553306038999985,105.64208323299985,SAT_10066,20.804890132829513,195.777506997166,99.03718813600916,169.60502039763008,-64.18480991053067,29.8893322210257,35.0,0.1212547055435894,12.347867028382689
21.553306038999985,105.74208323299985,SAT_10066,20.74904055026697,195.46335309525168,99.03135874349057,169.62122404003108,-64.24065949309322,29.86736353175672,35.0,0.12150275534222818,12.365296229476629
21.553306038999985,105.84208323299984,SAT_10066,20.683599098570554,195.09524492945937,99.02446527495185,169.64017001363018,-64.30610094478963,29.84157261238241,35.0,0.12179353686485819,12.385710006677
21.553306038999985,105.94208323299983,SAT_10080,20.70020823230375,195.1886713067086,99.02621434793123,169.63518012460253,-64.28949181105644,29.848023888331635,35.0,0.12172093077199965,12.38061464401355
21.553306038999985,106.04208323299983,SAT_10080,20.769176684742618,195.57661885167724,99.03345922682652,169.61519986658004,-64.22052335861757,29.8751884978682,35.0,0.1214145125805396,12.359097477325198
21.553306038999985,106.14208323299982,SAT_10080,20.828566194501988,195.91068484407367,99.03963774026487,169.5979556544293,-64.1611338488582,29.898532941944467,35.0,0.12115077793183364,12.34056035844152
21.553306038999985,106.24208323299982,SAT_10080,20.878322778728787,196.19056563034943,99.04477185632948,169.58348059016512,-64.1113772646314,29.918057170776915,35.0,0.12092991057258409,12.325023934670606
21.553306038999985,106.34208323299981,SAT_10080,20.91840076093817,196.41600428027718,99.04887960301335,169.57180269827813,-64.07129928242202,29.933761142730585,35.0,0.12075206582637506,12.312505661048101
21.553306038999985,106.4420832329998,SAT_10080,20.94876304852707,196.5867921479648,99.05197525673746,169.562944747321,-64.04093699483312,29.945644824318265,35.0,0.12061736972595027,12.303019702104423
21.553306038999985,106.5420832329998,SAT_10080,20.969381360583682,196.7027701532832,99.05406949000398,169.55692410333756,-64.0203186827765,29.95370819019982,35.0,0.12052591830280446,12.29657685133595
21.553306038999985,106.6420832329998,SAT_10080,20.980236403059664,196.7638297672106,99.05516948082955,169.55375261708897,-64.00946364030052,29.95795122318167,35.0,0.12047777704207754,12.293184469351141
21.553306038999985,106.74208323299979,SAT_10080,20.98131798900839,196.76991368817218,99.05527898589011,169.55343654661334,-64.0083820543518,29.958373914216487,35.0,0.1204729805089507,12.292846441445983
21.553306038999985,106.84208323299978,SAT_10080,20.972625102310218,196.72101620049497,99.0543983786554,169.55597651617157,-64.01707494104997,29.954976262402973,35.0,0.12051153215082824,12.295563155130544
21.553306038999985,106.94208323299978,SAT_10080,20.95416590403832,196.61718321021553,99.05252465317454,169.56136751214558,-64.03553413932187,29.947758274985866,35.0,0.12059340427758462,12.301331497884563
21.553306038999985,107.04208323299977,SAT_10080,20.925957681380112,196.45851195776314,99.04965139357839,169.56959891594636,-64.06374236198008,29.936719967356076,35.0,0.12071853822010437,12.310144875169698
21.553306038999985,107.14208323299977,SAT_10080,20.888026739791826,196.24515041132904,99.04576870876987,169.5806545734783,-64.10167330356836,29.921861363051004,35.0,0.1208868446652872,12.321993248475769
21.553306038999985,107.24208323299976,SAT_10080,20.840408239811296,195.97729634893855,99.04086313116368,169.59451290020792,-64.14929180354889,29.903182493754986,35.0,0.12109820416367183,12.336863192932286
21.553306038999985,107.34208323299976,SAT_10080,20.783145980662795,195.65519614122823,99.03491747769205,169.6111470204123,-64.20655406269739,29.880683399299947,35.0,0.12135246780389362,12.354737973781157
21.553306038999985,107.44208323299975,SAT_10080,20.716292133459135,195.27914325070762,99.02791067059647,169.630524938735,-64.27340790990105,29.85436412766618,35.0,0.12164945804637,12.375597640785864
21.553306038999985,107.54208323299974,SAT_10066,20.70504554245126,195.21588117628835,99.02673193612888,169.63396586156236,-64.28465450090893,29.850030646132765,35.0,0.12169822659481044,12.379021058884522
21.553306038999985,107.64208323299974,SAT_10066,20.767499899471247,195.56718693452575,99.03329090293434,169.61587195916394,-64.22220014388894,29.874628885606967,35.0,0.12142075879840813,12.359536311533557
21.553306038999985,107.74208323299973,SAT_10066,20.820345661842282,195.86444434786284,99.03879269092769,169.60053064154192,-64.1693543815179,29.895404879485028,35.0,0.12118607967858153,12.343042539782429
21.553306038999985,107.84208323299973,SAT_10066,20.86353463722179,196.10738233437257,99.04325678003929,169.58797146395762,-64.1261654061384,29.912358583470642,35.0,0.12099435323404724,12.32955817241739
21.553306038999985,107.94208323299972,SAT_10066,20.89702709561017,196.29577741280724,99.04669880284717,169.57821880405857,-64.09267294775002,29.925489961418286,35.0,0.12084571455151245,12.319098390558228
21.653306038999986,103.042083233,SAT_10080,20.58872758863346,194.56159268606322,99.01434053716281,169.66737370553045,-64.40097245472673,29.803990490731298,35.0,0.12221655471990085,12.415372685207668
21.653306038999986,103.142083233,SAT_10080,20.567084150624993,194.43984834726558,99.01201228874554,169.67360929682056,-64.4226158927352,29.79542382218083,35.0,0.12231282472859768,12.422117593366869
21.653306038999986,103.24208323299999,SAT_10080,20.535795616131182,194.26385034073792,99.00863278801751,169.6826152979921,-64.453904427229,29.78302932809913,35.0,0.12245202302602556,12.431866434310008
21.653306038999986,103.34208323299998,SAT_10080,20.494890130691616,194.03375698514031,99.00418993912491,169.69437446700857,-64.49480991266857,29.766807034897294,35.0,0.12263405365699707,12.444608426900295
21.653306038999986,103.44208323299998,SAT_10080,20.44440425298177,193.74977392302245,98.99866770541443,169.70886441616136,-64.54529579037842,29.746756977143942,35.0,0.12285879190869552,12.46032955945231
21.653306038999986,103.54208323299997,SAT_10080,20.384382735525435,193.4121528873306,98.99204593982319,169.7260577527628,-64.60531730783475,29.72287919756589,35.0,0.12312608500119815,12.47901266763663
21.653306038999986,103.64208323299997,SAT_10080,20.31487825915883,193.02119020776843,98.98430016924583,169.74592224937808,-64.67482178420136,29.695173747049015,35.0,0.12343575292589892,12.500637528946381
21.653306038999986,103.74208323299996,SAT_10080,20.23595112453836,192.57722507552828,98.97540132879953,169.76842104140735,-64.75374891882183,29.663640684639258,35.0,0.12378758942276374,12.525180972630974
21.653306038999986,103.84208323299995,SAT_10080,20.14766890445044,192.08063758753374,98.96531544084701,169.7935128495218,-64.84203113890975,29.628280077543824,35.0,0.12418136308603588,12.552617003845743
21.653306038999986,103.94208323299995,SAT_10066,20.210013593043527,192.43132646086985,98.97246010712384,169.7759849385916,-64.77968645031666,29.653356631485238,35.0,0.12390200119356307,12.533156142016745
21.653306038999986,104.04208323299994,SAT_10066,20.317552035682795,193.03623020071572,98.98460702443906,169.74534314894314,-64.6721480076774,29.69633673908102,35.0,0.12342259337260775,12.499719004442664
21.653306038999986,104.14208323299994,SAT_10066,20.415843871772537,193.58912177872054,98.99553176850337,169.71723465901792,-64.57385617158765,29.735497561866666,35.0,0.12298473031667792,12.469134344119716
21.653306038999986,104.24208323299993,SAT_10066,20.504805713503032,194.08953213845456,99.00527662153785,169.6917103975487,-64.48489432985716,29.770839016297863,35.0,0.12258869770265211,12.441434250903667
21.653306038999986,104.34208323299993,SAT_10066,20.58436080827842,194.5370295465661,99.01387849255377,169.66881728588933,-64.40533923508177,29.802361026983785,35.0,0.12223475808076728,12.416648218095453
21.653306038999986,104.44208323299992,SAT_10066,20.65443947068364,194.9312220225955,99.02136933431008,169.64859796191973,-64.33526057267655,29.83006352668563,35.0,0.12192314949654554,12.3948029879459
21.653306038999986,104.54208323299991,SAT_10066,20.714979482803187,195.2717595907679,99.02777649669116,169.63109052379116,-64.274720560557,29.85394645631525,35.0,0.12165408422027994,12.375922408860799
21.653306038999986,104.64208323299991,SAT_10066,20.765926458183174,195.5583363272804,99.03312302354372,169.6163282966346,-64.22377358517701,29.87400976493399,35.0,0.12142774759716243,12.360027305879232
21.653306038999986,104.7420832329999,SAT_10066,20.80723416503585,195.79069217832668,99.03742789871741,169.6043396251571,-64.18246587832434,29.89025340975168,35.0,0.12124429703019217,12.34713536588872
21.653306038999986,104.8420832329999,SAT_10066,20.8388648046962,195.96861452641616,99.04070624595157,169.59514769477977,-64.15083523866399,29.90267735612576,35.0,0.1211038611068333,12.33726103890315
21.653306038999986,104.94208323299989,SAT_10066,20.86078924181912,196.09193948523256,99.04296948629582,169.5887703836575,-64.12891080154107,29.911281577560626,35.0,0.1210065388790124,12.330415456565179
21.653306038999986,105.04208323299989,SAT_10066,20.872987183372942,196.16055290647282,99.04422545591565,169.5852201475429,-64.11671285998725,29.916066055707066,35.0,0.1209523993044794,12.326606368846912
21.653306038999986,105.14208323299988,SAT_10066,20.87544730411318,196.17439108563664,99.04447848638475,169.5845039390389,-64.11425273924701,29.91703078036193,35.0,0.12094148085583052,12.325838099714195
21.653306038999986,105.24208323299987,SAT_10066,20.86816731689106,196.1334411575122,99.04372944888,169.58662316234012,-64.12153272646913,29.914175749467898,35.0,0.12097379130163922,12.328111522295277
21.653306038999986,105.34208323299987,SAT_10066,20.8511539868788,196.03774117619326,99.04197576305424,169.59157366407422,-64.13854605648139,29.907500969113457,35.0,0.12104930766219696,12.333424053858428
21.653306038999986,105.44208323299986,SAT_10066,20.824423089519968,195.8873798785498,99.03921137074082,169.59934576037261,-64.16527695384022,29.89700645353301,35.0,0.12116797634037113,12.341769670660241
21.653306038999986,105.54208323299986,SAT_10066,20.787999312759283,195.68249613427096,99.03542667403083,169.60992429979981,-64.2017007306009,29.882692225107174,35.0,0.12132971342608163,12.353138942482188
21.653306038999986,105.64208323299985,SAT_10066,20.74191610483726,195.42327808970958,99.03060843663508,169.6232887612823,-64.24778393852293,29.86455831436321,35.0,0.12153440517092357,12.367519086432907
21.653306038999986,105.74208323299985,SAT_10066,20.68621546962379,195.1099620166338,99.02473964678127,169.639413385722,-64.3034845737364,29.842604759975643,35.0,0.12178190862755937,12.384894039362472
21.653306038999986,105.84208323299984,SAT_10066,20.62094771213667,194.74283088076876,99.01779933918418,169.65826733952593,-64.36875233122352,29.816831608767014,35.0,0.12207205244671004,12.405244548017896
21.653306038999986,105.94208323299983,SAT_10080,20.646474328501043,194.88641809781836,99.02051492920921,169.65071328274192,-64.34322571485914,29.82681887768435,35.0,0.12195977187929603,12.39737153792227
21.653306038999986,106.04208323299983,SAT_10080,20.71527879148053,195.27344320207794,99.02780106121106,169.6308183096251,-64.27442125187966,29.853964765029772,35.0,0.12165396082736032,12.375913746456954
21.653306038999986,106.14208323299982,SAT_10080,20.77452638737479,195.6067109289832,99.03401455832535,169.61364801843507,-64.2151736559854,29.877293119855754,35.0,0.12139075105966403,12.357428006346412
21.653306038999986,106.24208323299982,SAT_10080,20.824163573158614,195.8859200990172,99.0391776058411,169.5992352306165,-64.16553647020157,29.896803892397337,35.0,0.12117032492663404,12.341934807055777
21.653306038999986,106.34208323299981,SAT_10080,20.864145046730712,196.11081588786027,99.04330840935391,169.5876077316709,-64.12555499662948,29.912497041035103,35.0,0.12099283656591041,12.329451469427775
21.653306038999986,106.4420832329998,SAT_10080,20.894434021010937,196.28119136818654,99.04642138551625,169.57878809500838,-64.09526602234925,29.92437253229432,35.0,0.12085841104414141,12.319992048591049
21.653306038999986,106.5420832329998,SAT_10080,20.915002448930267,196.39688877523275,99.04852731142438,169.57279353724647,-64.07469759442992,29.932430340844302,35.0,0.12076714365442096,12.313567254373341
21.653306038999986,106.6420832329998,SAT_10080,20.92583119641914,196.45780047985767,99.04963343532778,169.56963580688654,-64.06386884694105,29.936670449497893,35.0,0.12071909937723574,12.310184390175166
21.653306038999986,106.74208323299979,SAT_10080,20.926910161142402,196.463869656426,99.04974355062284,169.56932110787164,-64.06278988221779,29.937092849211123,35.0,0.12071431251102616,12.309847311046237
21.653306038999986,106.84208323299978,SAT_10080,20.918238335425855,196.41509063677043,99.04885803442849,169.5718500590627,-64.07146170793433,29.933697539083038,35.0,0.12075278647657887,12.31255640147809
21.653306038999986,106.94208323299978,SAT_10080,20.89982381254154,196.3115089455462,99.04697385141552,169.5772176901906,-64.08987623081865,29.926484526355672,35.0,0.1208344937974946,12.318308573186222
21.653306038999986,107.04208323299977,SAT_10080,20.87168373627037,196.15322101652083,99.0440845229563,169.585413474338,-64.11801630708982,29.915453826414204,35.0,0.12095937625695588,12.327097282909067
21.653306038999986,107.14208323299977,SAT_10080,20.833844194406993,195.94037359353933,99.04018006105791,169.5964213965068,-64.1558558489532,29.900605462787244,35.0,0.12112734522899522,12.338912570004641
21.653306038999986,107.24208323299976,SAT_10080,20.786340057605457,195.6731628240307,99.03524686592222,169.6102200573378,-64.20335998575473,29.881939467147323,35.0,0.12133828218047647,12.35374111338376
21.653306038999986,107.34208323299976,SAT_10080,20.72921476567042,195.3518330568961,99.02926758532263,169.62678281057623,-64.26048527768977,29.859455879311504,35.0,0.12159203933809337,12.371566307086942
21.653306038999986,107.44208323299975,SAT_10080,20.662520064046433,194.97667536026117,99.02222093327796,169.64607793244792,-64.32717997931375,29.833154747242183,35.0,0.12188844051289613,12.392368353595122
21.753306038999987,102.74208323300002,SAT_10080,20.48679643959315,193.98822997271148,99.00330719235578,169.69669916911948,-64.50290360376704,29.763594799774594,35.0,0.12267007724104365,12.447129157181113
21.753306038999987,102.942083233,SAT_10080,20.491846899713963,194.01663881089107,99.00385788370737,169.69524863355107,-64.49785314364622,29.765599327765266,35.0,0.1226475982900492,12.445556239570372
21.753306038999987,103.042083233,SAT_10080,20.479916829705914,193.94953216709578,99.00255636286049,169.6986746376609,-64.50978321365427,29.760863777486364,35.0,0.12270069882964536,12.449271654650087
21.753306038999987,103.142083233,SAT_10080,20.458361276086734,193.82828217798792,99.00019864605049,169.7048611845797,-64.53133876727345,29.752303028432063,35.0,0.12279665389089554,12.455983957234922
21.753306038999987,103.24208323299999,SAT_10080,20.427199507927313,193.65299723209114,98.99677626894675,169.71379647467063,-64.56250053543287,29.739917098850075,35.0,0.12293539773852136,12.465685761873798
21.753306038999987,103.34208323299998,SAT_10080,20.386459250317728,193.42383328303723,98.99227686852211,169.72546353469144,-64.60324079304246,29.723706015142223,35.0,0.12311683574904184,12.4783664377442
21.753306038999987,103.44208323299998,SAT_10080,20.33617651791657,193.14099291328068,98.9866840528711,169.73984032457042,-64.65352352544362,29.703669811864973,35.0,0.12334084493521574,12.494012167802943
21.753306038999987,103.54208323299997,SAT_10080,20.276395400564013,192.80472412817258,98.97997722695622,169.75689987484782,-64.71330464279617,29.67980853173012,35.0,0.12360727462295301,12.512606025055517
21.753306038999987,103.64208323299997,SAT_10080,20.2071678036351,192.41531889544746,98.97213137102024,169.77661045300366,-64.78253223972509,29.652122225605655,35.0,0.12391594727332643,12.53412806505376
21.753306038999987,103.74208323299996,SAT_10080,20.12855314633184,191.9731114481166,98.96311676743719,169.79893575654629,-64.86114689702835,29.620610952516763,35.0,0.12426665944086167,12.558555433557958
21.753306038999987,103.84208323299995,SAT_10080,20.040618021558913,191.4784763712689,98.95289867067387,169.82383513044306,-64.94908202180127,29.585274779647012,35.0,0.12465918285800083,12.585862488147221
21.753306038999987,103.94208323299995,SAT_10066,20.13757599078069,192.02386494814138,98.96416462013808,169.79656008723666,-64.8521240525795,29.624325901850895,35.0,0.12422513606304168,12.55566473113069
21.753306038999987,104.04208323299994,SAT_10066,20.24480259071298,192.62701457276052,98.97641469543969,169.76608488459672,-64.74489745264721,29.66727626232503,35.0,0.12374687108445848,12.522341959291056
21.753306038999987,104.14208323299994,SAT_10066,20.34280705984321,193.17828971161808,98.9874313654935,169.73813024055028,-64.64689298351698,29.7064099814657,35.0,0.12331005963835662,12.491862664794036
21.753306038999987,104.24208323299993,SAT_10066,20.431506863722333,193.67722610843813,98.99725753213689,169.71274654120808,-64.55819317963785,29.74172697575928,35.0,0.12291498465875614,12.464258629530304
21.753306038999987,104.34208323299993,SAT_10066,20.510826043319284,194.12339649367098,99.0059306412677,169.68998020271664,-64.4788740000409,29.773227169842638,35.0,0.12256190615480808,12.439559061012098
21.753306038999987,104.44208323299992,SAT_10066,20.580695640391895,194.51641297720442,99.0134831074166,169.66987339951655,-64.40900440296829,29.800910496501647,35.0,0.12225105985141008,12.417790440101987
21.753306038999987,104.54208323299991,SAT_10066,20.641054091603266,194.85592926526834,99.01994267348488,169.6524638121886,-64.34864595175692,29.824776896669853,35.0,0.12198265593615827,12.398976380301997
21.753306038999987,104.64208323299991,SAT_10066,20.691847586777214,195.14164267562182,99.02533271285381,169.63778439793973,-64.29785245658297,29.844826319427295,35.0,0.12175687792547121,12.383137500145082
21.753306038999987,104.7420832329999,SAT_10066,20.733030386983174,195.37329592678037,99.0296724797442,169.6258631865912,-64.25666965637701,29.86105872199949,35.0,0.12157388166179373,12.370291310123502
21.753306038999987,104.8420832329999,SAT_10066,20.764565098539393,195.55067867928406,99.03297731257584,169.61672310467154,-64.2251349448208,29.873474069756607,35.0,0.12143379445263697,12.36045211545323
21.753306038999987,104.94208323299989,SAT_10066,20.78642289950426,195.6736288097115,99.03525879409939,169.6103818298954,-64.20327714385593,29.882072336212744,35.0,0.12133671436085719,12.353630935812413
21.753306038999987,105.04208323299989,SAT_10066,20.79858371577174,195.74203340121605,99.0365248712172,169.6068516779523,-64.19111632758845,29.88685350302543,35.0,0.12128270965403881,12.34983544300754
21.753306038999987,105.14208323299988,SAT_10066,20.80103634450215,195.75582943782462,99.0367799366415,169.60613952311735,-64.18866369885804,29.88781755999525,35.0,0.12127181841915514,12.349069917316793
21.753306038999987,105.24208323299987,SAT_10066,20.79377852328703,195.71500419348956,99.03602487383937,169.6082467537519,-64.19592152007316,29.884964505065636,35.0,0.12130404834686333,12.35133522304003
21.753306038999987,105.34208323299987,SAT_10066,20.776816944140094,195.61959531078804,99.03425706605536,169.61316926330144,-64.2128830992201,29.878294344322843,35.0,0.12137937668788581,12.356628803553608
21.753306038999987,105.44208323299986,SAT_10066,20.75016721213416,195.4696905682546,99.03147036957077,169.6208974769096,-64.23953283122603,29.867807091996063,35.0,0.12149775038197493,12.36494469593054
21.753306038999987,105.54208323299986,SAT_10066,20.713853749224214,195.26542733938624,99.0276550507291,169.63141641328846,-64.27584629413597,29.853502770457695,35.0,0.12165908635799275,12.376273564947216
21.753306038999987,105.64208323299985,SAT_10066,20.66790964451239,195.0069917503822,99.02279768561577,169.6447057810067,-64.3217903988478,29.835381410223807,35.0,0.12186327200170226,12.390602756063194
21.753306038999987,105.74208323299985,SAT_10066,20.612376452887645,194.694617547493,99.0168810206026,169.66074010790743,-64.37732359047254,29.81344304995473,35.0,0.12211016578600185,12.407916366733838
21.753306038999987,105.84208323299984,SAT_10066,20.547303944627487,194.32858468852962,99.00988379123913,169.67948890192886,-64.4423960987327,29.787687736455833,35.0,0.12239959805657359,12.428195335203096
21.753306038999987,105.94208323299983,SAT_10080,20.581703592126388,194.52208270571094,99.0135843861886,169.66939787766506,-64.4079964512338,29.80121096268995,35.0,0.12224779578557025,12.417561740473122
21.753306038999987,106.04208323299983,SAT_10080,20.6503209443063,194.90805531172296,99.02092212958419,169.64960229720617,-64.33937909905389,29.828338054608324,35.0,0.12194267097024535,12.396172185485797
21.753306038999987,106.14208323299982,SAT_10080,20.709406599500753,195.2404121221917,99.02717939135364,169.6325181514968,-64.28029344385943,29.851650257247847,35.0,0.12168005455204173,12.377745495058436
21.753306038999987,106.24208323299982,SAT_10080,20.75890752458716,195.51885482580278,99.03237863003753,169.61817793649257,-64.23079251877303,29.871147520862017,35.0,0.12146012726380141,12.362301975878674
21.753306038999987,106.34208323299981,SAT_10080,20.79877885145946,195.74313103945946,99.0365382746094,169.60660916046962,-64.19092119190073,29.886829803846847,35.0,0.12128304186936945,12.34985879340859
21.753306038999987,106.4420832329998,SAT_10080,20.828984147186986,195.9130358279268,99.03967291806278,169.5978341704881,-64.1607158961732,29.89869707274002,35.0,0.12114892231635205,12.340429876108757
21.753306038999987,106.5420832329998,SAT_10080,20.84949563574608,196.02841295107172,99.04179346900091,169.59187000985406,-64.1402044076141,29.906749302220234,35.0,0.12105786304259117,12.334025836937688
21.753306038999987,106.6420832329998,SAT_10080,20.860294368490884,196.0891558227612,99.04290726396788,169.5887283084677,-64.1294056748693,29.910986475106704,35.0,0.12100992844408334,12.330653913064236
21.753306038999987,106.74208323299979,SAT_10080,20.861370341153076,196.0952081689861,99.04301814252065,169.5884152075339,-64.12832970220711,29.91140858235881,35.0,0.12100515251033726,12.330317924521674
21.753306038999987,106.84208323299978,SAT_10080,20.85272255584698,196.04656437663928,99.04212648636542,169.59093131965088,-64.1369774875132,29.908015623075933,35.0,0.12104353863131194,12.333018252306946
21.753306038999987,106.94208323299978,SAT_10080,20.83435902726184,195.94326952834786,99.04022922324232,169.59627172482413,-64.15534101609835,29.900807604497427,35.0,0.12112505957813913,12.338751836193502
21.753306038999987,107.04208323299977,SAT_10080,20.80629673296407,195.7854191229229,99.03731979562723,169.60442600245665,-64.18340331039612,29.88978454200276,35.0,0.12124965765785009,12.347512192284375
21.753306038999987,107.14208323299977,SAT_10080,20.768561508459015,195.57315848508196,99.03338809370253,169.61537829888218,-64.22113853490117,29.874946459111833,35.0,0.12141724504033978,12.3592894500905
21.853306038999985,102.74208323300002,SAT_10080,20.367270081479447,193.31589420832188,98.99014871672492,169.73095308047232,-64.62242996188074,29.716063344065223,35.0,0.12320231378383777,12.484337911689806
21.853306038999985,102.84208323300001,SAT_10080,20.374582300498034,193.35702544030144,98.99096072835832,169.7288616722998,-64.61511774286215,29.718976190051915,35.0,0.12316974015573708,12.482062520458546
21.853306038999985,102.942083233,SAT_10080,20.372298448451474,193.34417877253955,98.99070720926423,169.72951494715616,-64.61740159490871,29.71806648057358,35.0,0.12317991381166188,12.48277321451447
21.853306038999985,103.042083233,SAT_10080,20.36042055113191,193.277365600117,98.98938724509286,169.73291166512587,-64.62927949222828,29.713334217569944,35.0,0.12323282783533414,12.486469216837019
21.853306038999985,103.142083233,SAT_10080,20.33895913099468,193.1566451118451,98.9869960672173,169.7390453862465,-64.6507409123655,29.704779411131447,35.0,0.12332844629781643,12.493146490952663
21.853306038999985,103.24208323299999,SAT_10080,20.3079331438762,192.98212393430364,98.98352500281248,169.7479045110977,-64.68176689948399,29.69240207949942,35.0,0.1234667044569917,12.50279776342873
21.853306038999985,103.34208323299998,SAT_10080,20.26736986543814,192.75395549308956,98.97896138365444,169.7594723536153,-64.72233017792205,29.67620224906647,35.0,0.12364750911586347,12.515412564257348
21.853306038999985,103.44208323299998,SAT_10080,20.21730472877394,192.4723390993534,98.9732884119614,169.773727245175,-64.77239531458625,29.656179954377,35.0,0.12387073913573284,12.530977284652517
21.853306038999985,103.54208323299997,SAT_10080,20.157781115216935,192.13751877309525,98.9664849807797,169.79064266858882,-64.83191892814325,29.632335238127887,35.0,0.12413624609864969,12.549475251583686
21.853306038999985,103.64208323299997,SAT_10080,20.08885010094079,191.74978181779193,98.95852544552048,169.81018742029374,-64.9008499424194,29.604668151169346,35.0,0.12444385511198663,12.570886818183011
21.853306038999985,103.74208323299996,SAT_10080,20.010570162449156,191.3094571637765,98.94937934224822,169.83232579867533,-64.97912988091103,29.57317875250594,35.0,0.12479336574657253,12.595189468995073
21.853306038999985,103.84208323299995,SAT_10066,19.938361070158777,190.90328101964312,98.94084743886668,169.8528764025701,-65.05133897320141,29.544158409180493,35.0,0.12511466092411075,12.617506318887695
21.853306038999985,103.94208323299995,SAT_10066,20.054349982187617,191.55571864980533,98.95451622310848,169.8201351550254,-64.93535006117257,29.590892802530078,35.0,0.12459660124235486,12.581511107434885
21.853306038999985,104.04208323299994,SAT_10066,20.161231471981296,192.1569270298948,98.96688857153116,169.7898467403286,-64.82846857137889,29.633813299957946,35.0,0.12411959372313654,12.548315537285086
21.853306038999985,104.14208323299994,SAT_10066,20.25891789211738,192.7064131431603,98.97801418859102,169.7620645845622,-64.7307821512428,29.672919809831786,35.0,0.12368393950919658,12.517953437003177
21.853306038999985,104.24208323299993,SAT_10066,20.347327659634132,193.203718085442,98.98793671485693,169.73683846874923,-64.64237238372606,29.70821224866847,35.0,0.12328991847439426,12.490456245170911
21.853306038999985,104.34208323299993,SAT_10066,20.42638570016352,193.64841956341982,98.99669423610679,169.71421424577227,-64.56331434319667,29.73969054113237,35.0,0.12293778779332769,12.465852850763442
21.853306038999985,104.44208323299992,SAT_10066,20.496023865983204,194.04013424615553,99.00431971705598,169.6942335734639,-64.49367617737698,29.76735462003389,35.0,0.12262778060266932,12.444169443344311
21.853306038999985,104.54208323299991,SAT_10066,20.556181323259864,194.37851994333673,99.01084136874158,169.67693366699606,-64.43351872010032,29.791204426328125,35.0,0.1223601047674759,12.425429374664906
21.853306038999985,104.64208323299991,SAT_10066,20.606804903978954,194.6632775848816,99.01628295696841,169.66234707355352,-64.38289513938123,29.811239909113684,35.0,0.12213494176503874,12.409653033176362
21.853306038999985,104.7420832329999,SAT_10066,20.647849418354383,194.8941529782434,99.02066405785851,169.65050147208325,-64.3418506250058,29.827461025631695,35.0,0.12195244569792581,12.396857732856326
21.853306038999985,104.8420832329999,SAT_10066,20.67927792390134,195.07093832194505,99.0240002653831,169.64141950065684,-64.31042211945885,29.839867741264943,35.0,0.12181274244673823,12.387057617620219
21.853306038999985,104.94208323299989,SAT_10066,20.701061947820634,195.1934734564911,99.0263033547518,169.63511861367607,-64.28863809553955,29.848460029537183,35.0,0.12171592897177666,12.380263582428883
21.853306038999985,105.04208323299989,SAT_10066,20.713181659883745,195.26164683684604,99.02758140465377,169.63161097079364,-64.27651838347644,29.853237872112636,35.0,0.1216620727713091,12.376483212024121
21.853306038999985,105.14208323299988,SAT_10066,20.71562599360358,195.27539621402016,99.027838880557,169.63090335902567,-64.2740740497566,29.854201258795598,35.0,0.12165121150247463,12.37572073802406
21.853306038999985,105.24208323299987,SAT_10066,20.708392714129644,195.23470901697925,99.02707668055344,169.63299714909624,-64.28130732923054,29.85135018753026,35.0,0.12168335276908222,12.37797701489548
21.853306038999985,105.34208323299987,SAT_10066,20.691488431982094,195.13962242989928,99.02529214456229,169.63788828660591,-64.2982116113781,29.84468466440066,35.0,0.12175847407870172,12.383249515094137
21.853306038999985,105.44208323299986,SAT_10066,20.664928562448793,194.99022316377446,99.02247902705393,169.64556731814048,-64.3247714809114,29.83420470363079,35.0,0.12187652296953168,12.391532343432168
21.853306038999985,105.54208323299986,SAT_10066,20.628737231171712,194.7866469253409,99.01862743281252,169.6560194519696,-64.36096281218848,29.8199103275849,35.0,0.1220374173056103,12.40281627049816
21.853306038999985,105.64208323299985,SAT_10066,20.582947127146994,194.52907759020184,99.01372371459449,169.66922465251812,-64.4067529162132,29.80180156676793,35.0,0.12224104573704156,12.417088784725959
21.853306038999985,105.74208323299985,SAT_10066,20.527599305028957,194.2177460907879,99.00775033084737,169.68515776735018,-64.46210073833123,29.779878459826115,35.0,0.12248726832008663,12.43433416248707
21.853306038999985,105.84208323299984,SAT_10066,20.462742939253403,193.8529290333004,99.00068566090175,169.70378868499046,-64.52695710410678,29.754141053547748,35.0,0.12277591729024806,12.454533555373834
21.853306038999985,105.94208323299983,SAT_10080,20.505962620261712,194.09603973897214,99.00539419658178,169.69119311017027,-64.48373742309848,29.771200194395178,35.0,0.12258477540073442,12.441159731922639
21.853306038999985,106.04208323299983,SAT_10080,20.574370367076753,194.48083331480677,99.01279430303653,169.67151062907138,-64.41532967628343,29.798308417685913,35.0,0.12228041393839297,12.419847050959575
21.853306038999985,106.14208323299982,SAT_10080,20.63327460013005,194.81216962573157,99.01910444304241,169.6545245042215,-64.35642544323014,29.821604405233156,35.0,0.12201845761728337,12.401486886624493
21.853306038999985,106.24208323299982,SAT_10080,20.682622863279676,195.08975360594818,99.02434740698945,169.64026686315748,-64.30707718008051,29.841088107308753,35.0,0.12179908533966508,12.38609933889212
21.853306038999985,106.34208323299981,SAT_10080,20.72237077946309,195.31333563447987,99.02854189507498,169.6287649003956,-64.2673292638971,29.856759482324037,35.0,0.12162244831483887,12.373701397510702
21.853306038999985,106.4420832329998,SAT_10080,20.752482316420227,195.4827130298638,99.03170271436721,169.620040706838,-64.23721772693996,29.868618496829026,35.0,0.1214886692242356,12.364306847706741
21.853306038999985,106.5420832329998,SAT_10080,20.77293000475953,195.59773127677238,99.03384093309442,169.61411112966783,-64.21677003860066,29.87666512551175,35.0,0.12139784153805443,12.357926192906517
21.853306038999985,106.6420832329998,SAT_10080,20.783695105594674,195.65828496897004,99.03496399496309,169.61098766458005,-64.20600493776551,29.88089935119775,35.0,0.12135002899102139,12.354566595392201
21.853306038999985,106.74208323299979,SAT_10080,20.78476772559263,195.66431845645857,99.0350757955516,169.6106763817885,-64.20493231776756,29.881321164849744,35.0,0.12134526522314075,12.354231835605663
21.853306038999985,106.84208323299978,SAT_10080,20.776146877939652,195.61582618841055,99.03417672213305,169.61317788680574,-64.21355316542054,29.877930565567443,35.0,0.12138355358949562,12.356922290592735
21.853306038999985,106.94208323299978,SAT_10080,20.75784048843198,195.51285274742992,99.0322636576284,169.61848731652395,-64.2318595549282,29.87072756058753,35.0,0.12146486714125661,12.362634931850515
21.953306038999983,102.64208323300002,SAT_10080,20.22034930948179,192.4894648658351,98.97363745786672,169.7728610861634,-64.7693507338784,29.65739843079151,35.0,0.12385716170840126,12.530030916798106
21.953306038999983,102.74208323300002,SAT_10080,20.237172249761997,192.5840939049112,98.9755475747614,169.7680734247227,-64.75252779359819,29.664129129081957,35.0,0.12378214445508101,12.524801353502365
21.953306038999983,102.84208323300001,SAT_10080,20.244450313607913,192.62503301404453,98.97637237297722,169.76600127542113,-64.74524972975227,29.667039943786698,35.0,0.1237496927290102,12.522538705388838
21.953306038999983,102.942083233,SAT_10080,20.242177131650024,192.61224636553138,98.97611486268515,169.7666485335657,-64.74752291171016,29.666130868696957,35.0,0.1237598283039186,12.523245418537496
21.953306038999983,103.042083233,SAT_10080,20.23035469414083,192.54574515454217,98.97477410464188,169.77001398194994,-64.75934534921936,29.661401905751788,35.0,0.12381254437638242,12.526920728644816
21.953306038999983,103.142083233,SAT_10080,20.20899333907481,192.4255875322958,98.9723452003144,169.77609129846707,-64.78070670428538,29.65285306503813,35.0,0.12390780560338151,12.533560665253063
21.953306038999983,103.24208323299999,SAT_10080,20.178111690575037,192.25187825948458,98.96881924027458,169.7848690955922,-64.81158835278515,29.640484364790982,35.0,0.12404554829714191,12.543158073686781
21.953306038999983,103.34208323299998,SAT_10080,20.137736548327425,192.0247680843418,98.964183209912,169.79633099121276,-64.85196349503276,29.624295831393795,35.0,0.124225680775128,12.555702654438678
21.953306038999983,103.44208323299998,SAT_10080,20.087902729446043,191.744452853134,98.9584198507112,169.81045570988778,-64.90179731391414,29.604287499378984,35.0,0.12444808386136715,12.571181019543987
21.953306038999983,103.54208323299997,SAT_10080,20.028652864734312,191.4111723641305,98.95150747448541,169.82721721323148,-64.96104717862588,29.580459411428603,35.0,0.12471261153368461,12.589576765289321
21.953306038999983,103.64208323299997,SAT_10080,19.960037151848525,191.02520897914798,98.94341972702034,169.84658485775498,-65.02966289151166,29.552811618375216,35.0,0.1250190917099237,12.610870560421981
21.953306038999983,103.74208323299996,SAT_10080,19.884150567027575,190.5983469395301,98.93436982083563,169.86795070255437,-65.10554947633261,29.522167897700378,35.0,0.12535821936592742,12.634408452112696
21.953306038999983,103.84208323299995,SAT_10080,19.94289521183606,190.92878556657786,98.94138517756622,169.85141612688918,-65.04680483152413,29.545895616504392,35.0,0.12509568119607462,12.616188639943264
21.953306038999983,103.94208323299995,SAT_10080,19.992432437298746,191.20743245980546,98.94724931452281,169.83744668026492,-64.99726760606144,29.565871964888856,35.0,0.12487437597729599,12.600818514708088
21.953306038999983,104.04208323299994,SAT_10066,20.0669204217929,191.62642737258508,98.95598700931039,169.8165787882219,-64.92277962156729,29.595947918706113,35.0,0.12454048123165021,12.57760827081985
21.953306038999983,104.14208323299994,SAT_10066,20.16425916916701,192.17395782656442,98.96723945189703,169.78898708787415,-64.82544087419318,29.635027113741483,35.0,0.12410608649323003,12.547374813567282
21.953306038999983,104.24208323299993,SAT_10066,20.25235187394469,192.66947929093888,98.9772741384494,169.76393495627266,-64.7373481694155,29.670294901847292,35.0,0.12371321261646882,12.519994902373652
21.953306038999983,104.34208323299993,SAT_10066,20.331124432573745,193.1125749332273,98.9861299040046,169.74146762825075,-64.65857561078644,29.701751207715255,35.0,0.12336211366184305,12.495497076589114
21.953306038999983,104.44208323299992,SAT_10066,20.400509586626512,193.50286642477414,98.99384035730372,169.72162619489072,-64.58919045673368,29.72939596418014,35.0,0.12305301992300467,12.47390720610009
21.953306038999983,104.54208323299991,SAT_10066,20.460447302548587,193.8400160768358,99.0004342572093,169.70444736086682,-64.5292527408116,29.753229112218456,35.0,0.12278613671421264,12.455248355449031
21.953306038999983,104.64208323299991,SAT_10066,20.51088511669066,194.12372878138498,99.00593582863554,169.68996322368443,-64.47881492666953,29.773250600947275,35.0,0.1225616432735185,12.439540660658864
21.953306038999983,104.7420832329999,SAT_10066,20.551778441535106,194.353753733635,99.01036502422605,169.6782010775256,-64.43792160182508,29.789460387623215,35.0,0.12237969179308106,12.426801220129613
21.953306038999983,104.8420832329999,SAT_10066,20.583090829393228,194.5298859153369,99.01373773681169,169.66918324417676,-64.40660921396696,29.80185843764161,35.0,0.12224040658687868,12.417044000844928
21.953306038999983,104.94208323299989,SAT_10066,20.604794190316284,194.65196732052908,99.01606596664475,169.66292693320295,-64.3849058530439,29.810444724535813,35.0,0.1221438834047908,12.410279760971969
21.953306038999983,105.04208323299989,SAT_10066,20.61686896148278,194.71988790834064,99.01735794649665,169.65944413319122,-64.37283108187741,29.815219229976687,35.0,0.12209018890055003,12.406515989762335
21.953306038999983,105.14208323299988,SAT_10066,20.619304225909218,194.73358627073935,99.01761822689414,169.6587415354968,-64.37039581745097,29.816181943772225,35.0,0.12207936025945072,12.405756865466945
21.953306038999983,105.24208323299987,SAT_10066,20.612097778960134,194.69305000665074,99.01684772302671,169.660820491509,-64.37760226440005,29.813332863867362,35.0,0.12211140498996707,12.408003231768431
21.953306038999983,105.34208323299987,SAT_10066,20.595256141803787,194.5983157976463,99.0150437241628,169.66567700400407,-64.3944439015564,29.80667199634393,35.0,0.12218630088161658,12.413252593014656
21.953306038999983,105.44208323299986,SAT_10066,20.56879452163625,194.4494691842039,99.01219986574235,169.6733017527044,-64.42090552172394,29.796199355420768,35.0,0.1223039961295436,12.421499128310776
21.953306038999983,105.54208323299986,SAT_10066,20.53273671918842,194.24664404543486,99.0083060636486,169.68368015370135,-64.45696332417177,29.78191496345402,35.0,0.12246440962442283,12.432733724300034
21.953306038999983,105.64208323299985,SAT_10066,20.48711498470736,193.9900217889789,99.00334840948187,169.6967924519461,-64.50258505865283,29.763818850937575,35.0,0.12266743140443968,12.446944026239876
21.953306038999983,105.74208323299985,SAT_10066,20.431969824248654,193.67983026139868,98.99730902494233,169.71261384558636,-64.55773021911153,29.741911056503653,35.0,0.12291292326432456,12.464114506764494
21.953306038999983,105.84208323299984,SAT_10066,20.36734975873007,193.31634239285665,98.99016587265564,169.73111464051644,-64.62235028463012,29.716191626923592,35.0,0.12320071951473888,12.484226551522527
21.953306038999983,105.94208323299983,SAT_10080,20.41932831034883,193.60872174571216,98.99591003785591,169.71605190460184,-64.57037173301136,29.73678663262725,35.0,0.12297044820258524,12.468136012834183
21.953306038999983,106.04208323299983,SAT_10080,20.48750466682671,193.99221375090025,99.00338373844009,169.69649577570434,-64.50219537653348,29.763875914124863,35.0,0.12266692496265141,12.446908589991358
21.953306038999983,106.14208323299982,SAT_10080,20.546208613659275,194.3224234518334,99.00975627551098,169.6796191520408,-64.44349142970091,29.787155623704173,35.0,0.12240569353432587,12.428622207829948
21.953306038999983,106.24208323299982,SAT_10080,20.59538833541481,194.59905938670832,99.01505083305925,169.66545375202057,-64.39431170794538,29.806625711655247,35.0,0.12218693078559471,12.41329673679446
21.953306038999983,106.34208323299981,SAT_10080,20.635000000253683,194.82187500142697,99.01928643290937,169.65402642177037,-64.3547000431065,29.82228613640466,35.0,0.12201078619841511,12.400948971542377
21.953306038999983,106.4420832329998,SAT_10080,20.665008020756147,194.99067011675334,99.02247813594366,169.6453589677879,-64.32469202260404,29.834136864514683,35.0,0.12187738104741601,12.391592538283405
21.953306038999983,106.5420832329998,SAT_10080,20.68538526794275,195.10529213217794,99.02463719962168,169.63946801952233,-64.30431477541744,29.84217787068261,35.0,0.1217868077277542,12.38523781884996
21.953306038999983,106.6420832329998,SAT_10080,20.696113235783486,195.16563695128212,99.02577119467566,169.63636492368266,-64.2935868075767,29.846409137740284,35.0,0.12173912923952533,12.38189189239479
21.953306038999983,106.74208323299979,SAT_10080,20.697182154091024,195.171649616762,99.02588408308515,169.63605567167664,-64.29251788926916,29.846830656653722,35.0,0.1217343788344674,12.381558495411772
21.953306038999983,106.84208323299978,SAT_10080,20.68859104834273,195.12332464692787,99.0249762587216,169.63854086115063,-64.30110899501746,29.84344242652297,35.0,0.12177255982892012,12.384238000560881
22.053306038999985,102.54208323300003,SAT_10066,20.105378366134715,191.8427533095078,98.96045786224363,169.80568872413477,-64.88432167722547,29.611401617885612,35.0,0.12436881881099175,12.56566575216531
22.053306038999985,102.64208323300002,SAT_10080,20.079886786469174,191.6993631738891,98.95749301490106,169.81272541758355,-64.90981325689101,29.60106627523438,35.0,0.12448386548018181,12.573670249061667
22.053306038999985,102.74208323300002,SAT_10080,20.09662644697231,191.79352376421923,98.95943637490787,169.80798487179578,-64.89307359638788,29.60779225838852,35.0,0.12440914517368909,12.568471837806927
22.053306038999985,102.84208323300001,SAT_10080,20.103868444733507,191.83426000162598,98.96027551179453,169.8059331305871,-64.88583159862668,29.61070103394647,35.0,0.12437682202763982,12.566222679958397
22.053306038999985,102.942083233,SAT_10080,20.101606529816365,191.82153673021708,98.9600135258536,169.80657401300886,-64.88809351354382,29.609792595701588,35.0,0.1243869174354063,12.566925178801151
22.053306038999985,103.042083233,SAT_10080,20.08984265514468,191.7553649351888,98.95864944972807,169.80990632568862,-64.89985738821551,29.60506694559226,35.0,0.12443942471243555,12.570578583406709
22.053306038999985,103.142083233,SAT_10080,20.068586964954903,191.63580167787134,98.95617823816801,169.81592387022408,-64.92111307840528,29.596524093701948,35.0,0.124534309132873,12.577178992750271
22.053306038999985,103.24208323299999,SAT_10080,20.03785773492457,191.46294975895074,98.9525907145013,169.8246154815088,-64.95184230843562,29.584164058259365,35.0,0.12467150811956798,12.586719377066604
22.053306038999985,103.34208323299998,SAT_10080,19.99768126471359,191.23695711401396,98.94787347281873,169.83596509650408,-64.9920187786466,29.567986865638865,35.0,0.1248509315853987,12.59918961619597
22.053306038999985,103.44208323299998,SAT_10080,19.948091724261275,190.95801594896966,98.94200873403551,169.84995185256162,-65.04160831909891,29.547992550360945,35.0,0.12507246242223163,12.614576554476008
22.053306038999985,103.54208323299997,SAT_10080,19.889130955726998,190.62636162596434,98.93497415309189,169.86655021404516,-65.10056908763319,29.524181155092947,35.0,0.12533595713227705,12.632864071548697
22.053306038999985,103.64208323299997,SAT_10080,19.956057899720193,191.00282568592607,98.94295402971426,169.84770662496348,-65.03364214364,29.551206485376415,35.0,0.1250368700276795,12.612105134025251
22.053306038999985,103.74208323299996,SAT_10080,20.024197788525782,191.38611256045752,98.95099027718743,169.82847612731635,-64.9655022548344,29.578666026502653,35.0,0.12473250617945969,12.590959647841249
22.053306038999985,103.84208323299995,SAT_10080,20.083148036973796,191.71770770797758,98.95787203181338,169.8118020740978,-64.90655200638639,29.602376909904567,35.0,0.12446930764466511,12.572657534548473
22.053306038999985,103.94208323299995,SAT_10080,20.132859654170886,191.9973355547112,98.9636250573924,169.79771437003112,-64.8568403891893,29.62233908459692,35.0,0.12424744238039445,12.55721766137471
22.053306038999985,104.04208323299994,SAT_10080,20.173290926864027,192.22476146361018,98.96827061340964,169.78623849124727,-64.81640911649616,29.638552507657042,35.0,0.12406705327659193,12.54465607962933
22.053306038999985,104.14208323299994,SAT_10080,20.204407656329806,192.39979306685515,98.97182568254723,169.77739533381168,-64.78529238703038,29.651017144224006,35.0,0.1239282574013803,12.53498594004132
22.053306038999985,104.24208323299993,SAT_10080,20.226183354650942,192.52228136991155,98.97430315019068,169.7712010881233,-64.76351668870925,29.659732967497987,35.0,0.12383114537741674,12.528217422706518
22.053306038999985,104.34208323299993,SAT_10080,20.238599398014998,192.5921216138344,98.97571193929569,169.76766714075697,-64.75110064534519,29.664699958739725,35.0,0.12377578089581392,12.52435768243214
22.053306038999985,104.44208323299992,SAT_10066,20.294247632684545,192.90514293385058,98.98199966780435,169.7519932809358,-64.69545241067564,29.687034604621932,35.0,0.12352645343024092,12.50696728093152
22.053306038999985,104.54208323299991,SAT_10066,20.353947607495186,193.24095529216046,98.98867654674314,169.7349464331777,-64.635752435865,29.710851030052808,35.0,0.12326042501716947,12.488396607722947
22.053306038999985,104.64208323299991,SAT_10066,20.404184437665265,193.52353746186714,98.99424700609728,169.7205739819526,-64.58551560569492,29.730858470665567,35.0,0.12303665367639363,12.472763440731484
22.053306038999985,104.7420832329999,SAT_10066,20.444914187662874,193.75264230560364,98.9987314333566,169.70890280504616,-64.54478585569731,29.747056883732238,35.0,0.1228552895286149,12.460084644854778
22.053306038999985,104.8420832329999,SAT_10066,20.47610094538281,193.92806781777833,99.00214606644067,169.69995488199652,-64.51359909797738,29.75944623466062,35.0,0.12271645518929095,12.450373995452178
22.053306038999985,104.94208323299989,SAT_10066,20.497717035251966,194.0496583232923,99.00450316541614,169.69374715745636,-64.49198300810822,29.768026496993603,35.0,0.12262024509607447,12.44364210254939
22.053306038999985,105.04208323299989,SAT_10066,20.509743183856145,194.1173054091908,99.00581114092448,169.69029143493316,-64.47995685950404,29.772797652408645,35.0,0.12256672498718399,12.43989635199234
22.053306038999985,105.14208323299988,SAT_10066,20.512168636008653,194.13094857754868,99.006074641676,169.68959430228946,-64.47753140735153,29.77375969071742,35.0,0.12255593153643204,12.439140864243054
22.053306038999985,105.24208323299987,SAT_10066,20.504991219773544,194.0905756112262,99.00529460259523,169.69165708999657,-64.48470882358664,29.770912609865594,35.0,0.12258787214895092,12.441376471306711
22.053306038999985,105.34208323299987,SAT_10066,20.488217359620805,193.99622264786703,99.00346825448555,169.696475862687,-64.50148268373938,29.76425641593281,35.0,0.12266252491988773,12.446600712065289
22.053306038999985,105.44208323299986,SAT_10066,20.461862037539277,193.84797396115843,99.0005890953857,169.70404144412353,-64.52783800582091,29.75379112313279,35.0,0.12277983875653008,12.454807846073637
22.053306038999985,105.54208323299986,SAT_10066,20.4259487026077,193.6459614521683,98.99664682310402,169.71433947525057,-64.56375134075249,29.739516753813625,35.0,0.12293973366250154,12.465988885653049
22.053306038999985,105.64208323299985,SAT_10066,20.380509130177657,193.39036385724933,98.99162722771193,169.72735050455978,-64.60919091318253,29.721433338458212,35.0,0.1231421011808715,12.480131645900093
22.053306038999985,105.74208323299985,SAT_10066,20.325583232453383,193.08140568255027,98.98551204203805,169.74305010958108,-64.6641168109068,29.699540915684857,35.0,0.12338680499129372,12.497220812019288
22.053306038999985,105.84208323299984,SAT_10066,20.261218822842835,192.71935587849094,98.97827874740204,169.76140904791964,-64.72848122051735,29.673839532248042,35.0,0.12367368165465288,12.517238023191098
22.053306038999985,105.94208323299983,SAT_10080,20.321887344566704,193.06061631318772,98.98509135601087,169.74392123915868,-64.66781269879348,29.697970345995593,35.0,0.12340451786915174,12.498457287761259
22.053306038999985,106.04208323299983,SAT_10080,20.389811311195828,193.44268862547653,98.99265045484674,169.72450421324763,-64.59988873216436,29.725040612569476,35.0,0.12310190522711512,12.477323226259085
22.053306038999985,106.14208323299982,SAT_10080,20.448296790989502,193.77166944931597,98.9990953921106,169.7077481341647,-64.54140325237069,29.748303981335173,35.0,0.12284146132111129,12.459117638220054
22.053306038999985,106.24208323299982,SAT_10080,20.497292669293984,194.0472712647787,99.0044498109661,169.69368427291113,-64.4924073740662,29.767760402600853,35.0,0.12262336079135489,12.44386014296457
22.053306038999985,106.34208323299981,SAT_10080,20.5367557105388,194.26925087178074,99.00873310836676,169.68233909467295,-64.45294433282139,29.783409834808236,35.0,0.12244775122836515,12.431567321728313
22.053306038999985,106.4420832329998,SAT_10080,20.566650813745326,194.43741082731748,99.01196064117819,169.67373409500195,-64.42304922961486,29.79525224453176,35.0,0.12231475236646536,12.422252626778205
22.053306038999985,106.5420832329998,SAT_10080,20.586951222152067,194.55160062460538,99.01414388749971,169.66788566531352,-64.40274882120812,29.803287606477944,35.0,0.1222244554238339,12.415926306948709
22.053306038999985,106.6420832329998,SAT_10080,20.597638684328118,194.61171759934567,99.0152905661581,169.66480498944946,-64.39206135903207,29.807515903484873,35.0,0.12217692259631933,12.41259535047116
22.153306038999986,102.44208323300003,SAT_10066,20.147782998403358,192.0812793660189,98.96535436755217,169.7936640553894,-64.84191704495683,29.628420415209025,35.0,0.12417959385691053,12.552493810919545
22.153306038999986,102.54208323300003,SAT_10066,20.0328383206285,191.4347155535353,98.95201572260201,169.8262174963466,-64.95686172273169,29.582237593182093,35.0,0.1246926503468896,12.5881891692203
22.153306038999986,102.64208323300002,SAT_10080,19.92911065540882,190.8512474366746,98.93975789180436,169.85529905231954,-65.06058938795137,29.5403315945021,35.0,0.12515727668251167,12.62046465345143
22.153306038999986,102.74208323300002,SAT_10080,19.94576289376907,190.94491627745103,98.94173837962448,169.85060810381756,-65.04393714959112,29.547052844342208,35.0,0.12508286787159334,12.615299022244164
22.153306038999986,102.84208323300001,SAT_10080,19.952967031850775,190.98543955416062,98.94259353042759,169.84857784527563,-65.03673301150941,29.54995957289208,35.0,0.12505067960481064,12.613064059521047
22.153306038999986,102.942083233,SAT_10080,19.950716944271022,190.97278281152452,98.94232654595098,169.8492120162873,-65.03898309908917,29.54905177394721,35.0,0.12506073287764274,12.61376212387143
22.153306038999986,103.042083233,SAT_10080,19.939014545023696,190.9069568157583,98.94093642719204,169.85250944831606,-65.05068549833649,29.544329449445314,35.0,0.12511302112988687,12.61739247833587
22.153306038999986,103.142083233,SAT_10080,19.91786977628044,190.78801749157748,98.93841796374582,169.85846407185738,-65.07183026707975,29.535792609466398,35.0,0.12520751028131605,12.62395129440745
22.153306038999986,103.24208323299999,SAT_10080,19.88730055030983,190.6160655954928,98.93476167808245,169.86706495357924,-65.10239949305036,29.52344127223293,35.0,0.12534413891667637,12.633431672787369
22.153306038999986,103.34208323299998,SAT_10066,19.90274489626617,190.70294004149721,98.93661890678888,169.86290345963732,-65.08695514709402,29.529775278931485,35.0,0.1252738234610783,12.628553142927098
22.153306038999986,103.44208323299998,SAT_10080,19.921364964670275,190.80767792627032,98.93883485669525,169.8574800882608,-65.06833507868991,29.537204104360608,35.0,0.12519189045016282,12.622867204339572
22.153306038999986,103.54208323299997,SAT_10080,20.007980776828603,191.29489186966092,98.94909109869029,169.8330570671652,-64.98171926653158,29.572135861320433,35.0,0.1248049303328782,12.595993130353921
22.153306038999986,103.64208323299997,SAT_10080,20.085499301463088,191.7309335707299,98.9581496075092,169.81113630547753,-64.9042007418971,29.603321758429296,35.0,0.12445881208656703,12.571927382762304
22.153306038999986,103.74208323299996,SAT_10080,20.153856941927828,192.11544529834404,98.96604496178598,169.79175660001363,-64.83584310143236,29.63076172860509,35.0,0.12415375394115959,12.550694476082672
22.153306038999986,103.84208323299995,SAT_10080,20.212996885839942,192.44810748284968,98.9728067814905,169.7749526341779,-64.77670315752025,29.654455712826593,35.0,0.12388995063355601,12.532316285535368
22.153306038999986,103.94208323299995,SAT_10080,20.26286942115493,192.7286404939965,98.9784600524759,169.76075477608293,-64.72683062220526,29.67440366013235,35.0,0.12366757239683507,12.516811933857836
22.153306038999986,104.04208323299994,SAT_10080,20.303432216947556,192.95680622033,98.98302539557696,169.74918889901286,-64.68626782641263,29.690605527619706,35.0,0.12348676406572402,12.504197690953752
22.153306038999986,104.14208323299994,SAT_10080,20.334650565600512,193.1324094315029,98.98651928545611,169.74027622641827,-64.65504947775968,29.703061280444,35.0,0.12334764430749319,12.494486887477917
22.153306038999986,104.24208323299993,SAT_10080,20.35649758350459,193.25529890721333,98.98895422332905,169.73403320336487,-64.6332024598556,29.711770891817896,35.0,0.12325030498629203,12.487689843322322
22.153306038999986,104.34208323299993,SAT_10080,20.368954367832245,193.3253683190564,98.99033886677098,169.7304713960571,-64.62074567552794,29.716734343010874,35.0,0.12319481066764755,12.483813811814048
22.153306038999986,104.44208323299992,SAT_10080,20.372010107460284,193.3425568544641,98.9906781189732,169.72959742071535,-64.6176899358999,29.717951623348892,35.0,0.12318119826842344,12.48286294026503
22.153306038999986,104.54208323299991,SAT_10080,20.365662146664363,193.30684957498704,98.9899731790603,169.73141290272412,-64.62403789669582,29.715422730214165,35.0,0.12320947685601379,12.484838247329854
22.153306038999986,104.64208323299991,SAT_10080,20.349916000795275,193.2182775044734,98.98822155437043,169.73591446657616,-64.63978404256491,29.709147669045134,35.0,0.12327962759894825,12.489737617434942
22.153306038999986,104.7420832329999,SAT_10066,20.327362304014414,193.0914129600811,98.9857124359435,169.74254206773904,-64.66233773934577,29.7002505985024,35.0,0.12337887742430469,12.496667392684842
22.153306038999986,104.8420832329999,SAT_10066,20.358414347594575,193.2660807052195,98.98917473851635,169.733669553447,-64.63128569576561,29.712631216881334,35.0,0.12324052541079446,12.48700683378917
22.153306038999986,104.94208323299989,SAT_10066,20.37993685655961,193.38714481814782,98.99156466469282,169.72751423518724,-64.60976318680058,29.721205431480797,35.0,0.12314465025439486,12.480309732839736
22.153306038999986,105.04208323299989,SAT_10066,20.39191086728674,193.45449862848793,98.992890828544,169.72408771844522,-64.59778917607345,29.725973223984813,35.0,0.12309131671133179,12.476583364901705
22.153306038999986,105.14208323299988,SAT_10066,20.394325797773405,193.4680826124754,98.99315799106388,169.72339648035958,-64.59537424558678,29.7269345842087,35.0,0.12308056090681736,12.47583178852907
22.153306038999986,105.24208323299987,SAT_10066,20.3871795110837,193.42788474984584,98.99236710974554,169.7254418290228,-64.60252053227649,29.72408951009886,35.0,0.12311239013514419,12.478055823217412
22.153306038999986,105.34208323299987,SAT_10066,20.37047832818503,193.33394059604078,98.99051534853255,169.73021989524472,-64.61922171517516,29.717438007732763,35.0,0.12318678281926496,12.483253044843945
22.153306038999986,105.44208323299986,SAT_10066,20.344236990003694,193.1863330687708,98.98759604832506,169.73772165689616,-64.6454630533565,29.706980091319036,35.0,0.12330368863030437,12.491417799149069
22.153306038999986,105.54208323299986,SAT_10066,20.3084785691876,192.98519195168024,98.98359865750639,169.74793299550512,-64.68122147417259,29.692715783197773,35.0,0.12346302876568294,12.502541233099544
22.153306038999986,105.64208323299985,SAT_10066,20.26323433269073,192.73069312138537,98.9785086212243,169.76083478436462,-64.72646571066946,29.674645113840953,35.0,0.12366469638279129,12.516611343763008
22.153306038999986,105.74208323299985,SAT_10066,20.20854355690261,192.4230575075772,98.97230722739016,169.7764030070066,-64.78115648645758,29.65276812185305,35.0,0.12390855718347356,12.53361304412056
22.153306038999986,105.84208323299984,SAT_10066,20.144453297630534,192.06254979917173,98.96497140652782,169.7946089045051,-64.84524674572965,29.627084853971795,35.0,0.12419445014299067,12.553528245053345
22.153306038999986,105.94208323299983,SAT_10080,20.213735619886833,192.45226286186343,98.97289084544991,169.7747425104775,-64.77596442347335,29.654751411893773,35.0,0.12388665609193036,12.532086668797701
22.153306038999986,106.04208323299983,SAT_10080,20.281387050962493,192.832802161664,98.98054782271203,169.755476793073,-64.7083129923977,29.681802590448,35.0,0.12358502370329112,12.511053766069399
22.153306038999986,106.14208323299982,SAT_10080,20.33963662548966,193.16045601837934,98.98707573450997,169.73885182751047,-64.65006341787053,29.705049555584196,35.0,0.12332542758700443,12.492935718357245
22.153306038999986,106.24208323299982,SAT_10080,20.388433985735006,193.4349411697594,98.9924987533246,169.72489840170314,-64.60126605762518,29.724492257628523,35.0,0.12310803997297776,12.477751873577587
22.153306038999986,106.34208323299981,SAT_10080,20.427736540083657,193.65601803797057,98.99683670844682,169.71364256957227,-64.56196350327653,29.740130655037746,35.0,0.12293300640555754,12.46551858233645
22.153306038999986,106.4420832329998,SAT_10080,20.457509712844242,193.82349213474888,99.00010529780035,169.70510549100987,-64.53219033051595,29.751964714398408,35.0,0.12280044495291503,12.45624910895157
22.153306038999986,106.5420832329998,SAT_10080,20.477727149165744,193.93721521405732,99.00231625368811,169.69930330049934,-64.51197289419444,29.759994410426184,35.0,0.12271044556018582,12.449953558561111
22.153306038999986,106.6420832329998,SAT_10080,20.488370872508597,193.99708615786088,99.00347746554135,169.69624700609683,-64.50132917085159,29.76421972596536,35.0,0.12266306955337784,12.446638821166742
22.253306038999984,102.24208323300005,SAT_10066,20.265980421568827,192.74613987132466,98.97882081820788,169.76005229721224,-64.72371962179136,29.675742621663957,35.0,0.12365245435110865,12.515757491891971
22.253306038999984,102.34208323300004,SAT_10066,20.169626207220745,192.2041474156167,98.96786500846814,169.7874630032774,-64.82007383613944,29.637178502959372,35.0,0.12408214365689749,12.545707192164516
22.253306038999984,102.44208323300003,SAT_10066,20.06411864534786,191.61066738008174,98.9556746437508,169.8173715886477,-64.92558139801233,29.594821369384984,35.0,0.12455298917252414,12.578478189577108
22.253306038999984,102.54208323300003,SAT_10066,19.949543947506868,190.96618470472612,98.9422011627035,169.84972549744504,-65.04015609585332,29.548671311581963,35.0,0.1250646947336464,12.614037215256594
22.253306038999984,102.64208323300002,SAT_10066,19.825993916666448,190.27121578124874,98.92738949226005,169.88446882739336,-65.16370612669374,29.498728428316383,35.0,0.12561694445776675,12.652348783158997
22.253306038999984,102.74208323300002,SAT_10080,19.784717773227996,190.0390374744075,98.92236639008814,169.89586029427724,-65.20498227013219,29.48191100809708,35.0,0.1258028429705565,12.665230140981478
22.253306038999984,102.84208323300001,SAT_10066,19.839735122270667,190.34851006277248,98.92905161758296,169.88061209703807,-65.14996492108952,29.50429215004156,35.0,0.12555549993394668,12.64808947415907
22.253306038999984,102.942083233,SAT_10066,19.90124271634086,190.69449027941732,98.93644602406209,169.86332609533773,-65.08845732701933,29.529168306796773,35.0,0.12528053731244196,12.62901900116594
22.253306038999984,103.042083233,SAT_10066,19.953605607080675,190.9890315398288,98.94268306368907,169.8485807725536,-65.03609443627951,29.550310039471096,35.0,0.1250465478075192,12.612777155389498
22.253306038999984,103.142083233,SAT_10066,19.996780816194217,191.2318920910925,98.94778614453405,169.8364023477252,-64.99291922716597,29.56771730252915,35.0,0.12485367888934536,12.59938050308058
22.253306038999984,103.24208323299999,SAT_10066,20.03073260602757,191.42287090890508,98.95177419851933,169.82681263299781,-64.95896743733262,29.581390058480263,35.0,0.1247020530978378,12.588842809717233
22.253306038999984,103.34208323299998,SAT_10066,20.05543268115173,191.5618088314785,98.95466188345556,169.81982890480663,-64.93426736220846,29.591328277877768,35.0,0.12459176739908048,12.581174967880518
22.253306038999984,103.44208323299998,SAT_10066,20.07086034940427,191.64858946539903,98.95645973777776,169.81546380090072,-64.91883969395592,29.597531939318444,35.0,0.12452289267231725,12.576384939701331
22.253306038999984,103.54208323299997,SAT_10080,20.126709365596525,191.96274018148043,98.9629236145731,169.79945862246086,-64.86299067776366,29.619871004182464,35.0,0.1242748871785824,12.559128172306682
22.253306038999984,103.64208323299997,SAT_10080,20.204451190406175,192.40003794603473,98.97183658146137,169.77738295496772,-64.78524885295401,29.65103457470146,35.0,0.12392806323955675,12.534972409448189
22.253306038999984,103.74208323299996,SAT_10080,20.273007340555765,192.78566629062618,98.97960594752709,169.75786564305864,-64.71669270280442,29.678454900108022,35.0,0.12362237778606516,12.513659582067746
22.253306038999984,103.84208323299995,SAT_10080,20.332320244369214,193.11930137457685,98.98626050923009,169.74094185831464,-64.65737979899097,29.70213192140834,35.0,0.12335802794846318,12.495211834136208
22.253306038999984,103.94208323299995,SAT_10080,20.382339520744083,193.40065980418544,98.9918245618764,169.7266423993363,-64.6073605226161,29.722065587664616,35.0,0.12313518606292823,12.479648524881497
22.253306038999984,104.04208323299994,SAT_10080,20.42302226562478,193.6295002441394,98.9963181592593,169.7149935084124,-64.5666777777354,29.73825585599411,35.0,0.12295399876144043,12.466986126555687
22.253306038999984,104.14208323299994,SAT_10080,20.45433329914654,193.8056248076993,98.99975732489003,169.706016713208,-64.53536674421365,29.75070269156834,35.0,0.12281458618923999,12.45723813638475
22.253306038999984,104.24208323299993,SAT_10080,20.476245370470338,193.92888020889566,99.002154218763,169.6997286954528,-64.51345467288985,29.75940606761239,35.0,0.12271704135797509,12.450415003691473
22.253306038999984,104.34208323299993,SAT_10080,20.488739317806164,193.99915866265968,99.00351726271278,169.69614118829344,-64.50096072555402,29.764365965404444,35.0,0.12266142964142804,12.446524073023587
22.253306038999984,104.44208323299992,SAT_10080,20.491804181643573,194.0163985217451,99.00385122662648,169.69526090362882,-64.49789586171661,29.76558237427541,35.0,0.12264778841925049,12.44556954394395
22.253306038999984,104.54208323299991,SAT_10080,20.485437269776597,193.98058464249337,99.00315727705068,169.6970894903685,-64.50426277358359,29.763055291608723,35.0,0.12267612687257734,12.44755244795123
22.253306038999984,104.64208323299991,SAT_10080,20.46964417330709,193.8917484748524,99.0014329890547,169.70162352415824,-64.5200558700531,29.756784722840287,35.0,0.12274642593374953,12.452470642801398
22.253306038999984,104.7420832329999,SAT_10080,20.444438733422388,193.74996787550094,98.99867232155945,169.708854528709,-64.5452613099378,29.746770681458592,35.0,0.1228586383906973,12.460318824296703
22.253306038999984,104.8420832329999,SAT_10080,20.40984295936994,193.55536664645592,98.99486555569608,169.7187690284466,-64.57985708399025,29.73301318900497,35.0,0.12301268914484131,12.471088555403789
22.253306038999984,104.94208323299989,SAT_10080,20.365886898652548,193.3081138049206,98.98999919509927,169.7313486318015,-64.62381314470764,29.71551227507398,35.0,0.12320847561970022,12.484768312360416
22.253306038999984,105.04208323299989,SAT_10080,20.312608461061558,193.00842259347127,98.98405582634877,169.74657014406174,-64.67709158229863,29.694267977313995,35.0,0.12344586831577925,12.501343547235114
22.253306038999984,105.14208323299988,SAT_10066,20.2658905819182,192.74563452328988,98.97881068052567,169.7600778978586,-64.72380946144199,29.67570671761122,35.0,0.12365285485140504,12.515785426343202
22.253306038999984,105.24208323299987,SAT_10066,20.258777418402858,192.70562297851606,98.97800756200294,169.76210460389896,-64.73092262495733,29.67286365792873,35.0,0.12368456576511923,12.517997113221977
22.253306038999984,105.34208323299987,SAT_10066,20.242153567603424,192.61211381776928,98.97612711756173,169.76683915363895,-64.74754647575676,29.66621686509696,35.0,0.123758682179796,12.523165505034964
22.253306038999984,105.44208323299986,SAT_10066,20.21603351484221,192.46518852098743,98.97316250961345,169.7742726882547,-64.77366652851798,29.655766353319482,35.0,0.12387515457842288,12.53128503900432
22.253306038999984,105.54208323299986,SAT_10066,20.18043993360483,192.2649746265272,98.96910290319832,169.7843913442321,-64.80926010975536,29.64151214492844,35.0,0.12403390542734478,12.542347005024363
22.253306038999984,105.64208323299985,SAT_10066,20.135403551698317,192.01164497830305,98.96393335157725,169.79717633910454,-64.85429649166187,29.62345427038496,35.0,0.12423482959999904,12.556339593342306
22.253306038999984,105.74208323299985,SAT_10066,20.080962971169143,191.70541671282643,98.95763463706896,169.81260408675172,-64.90873707219104,29.60159276827978,35.0,0.12447779494806517,12.57324795877103
22.253306038999984,105.84208323299984,SAT_10080,20.01831223894696,191.35300634407668,98.95031020202356,169.8301389630156,-64.97138780441323,29.576296438060577,35.0,0.12475878972011271,12.5927864897381
22.253306038999984,105.94208323299983,SAT_10080,20.094977631475714,191.78424917705092,98.95925382786884,169.808451927405,-64.89472241188447,29.607129916501744,35.0,0.12441650454866876,12.568983896432549
22.253306038999984,106.04208323299983,SAT_10080,20.162337295478494,192.16314728706652,98.96702195415584,169.78934914082996,-64.8273627478817,29.634161933974834,35.0,0.12411591914516235,12.548059621881414
22.253306038999984,106.14208323299982,SAT_10080,20.220334321476685,192.48938055830632,98.97364408251138,169.77286535035844,-64.7693657218835,29.65739243269524,35.0,0.12385722854727749,12.53003557567302
22.253306038999984,106.24208323299982,SAT_10080,20.26891916065665,192.76267027869366,98.97914499030253,169.75903082787778,-64.72078088270354,29.676821363007015,35.0,0.12364060240368938,12.514930815429075
22.253306038999984,106.34208323299981,SAT_10080,20.308049909500056,192.98278074093784,98.98354500076232,169.7478711880691,-64.68165013386013,29.69244868338187,35.0,0.12346618406774675,12.502761445105163
22.253306038999984,106.4420832329998,SAT_10080,20.337692553546646,193.14952061369988,98.98686020139357,169.73940723237294,-64.65200748981354,29.704274360418374,35.0,0.12333408982372769,12.493540528035243
22.253306038999984,106.5420832329998,SAT_10080,20.35782116731616,193.2627440661534,98.98910261482186,169.733654820923,-64.63187887604403,29.7122983688413,35.0,0.12324440825387589,12.487278015708457
22.253306038999984,106.6420832329998,SAT_10080,20.368418067924765,193.32235163207682,98.99028032530175,169.73062477408394,-64.62128197543542,29.71652069150111,35.0,0.12319719975302175,12.483980693099562
22.353306038999982,102.24208323300005,SAT_10066,20.17088637472233,192.21123585781308,98.96801275157375,169.78710511032693,-64.81881366863786,29.637683593122976,35.0,0.12407652206925825,12.545315629364632
22.353306038999982,102.34208323300004,SAT_10066,20.07487785776138,191.67118794990776,98.95693175638841,169.81432669996238,-64.91482218559881,29.599146956912307,35.0,0.12450495828118374,12.575137484267557
22.353306038999982,102.44208323300003,SAT_10066,19.969745735280554,191.07981976095311,98.94460081525305,169.8440302830072,-65.01995430807963,29.55682000901104,35.0,0.12497444106741101,12.60776959301604
22.353306038999982,102.54208323300003,SAT_10066,19.855575119708533,190.43761004836048,98.930970393236,169.8761640016208,-65.13412492365165,29.510702840026468,35.0,0.1254846778161336,12.643179084241202
22.353306038999982,102.64208323300002,SAT_10066,19.83060058257321,190.29712827697432,98.92795486711657,169.8831760855165,-65.15909946078698,29.500593889395716,35.0,0.1255963448567778,12.65092091980941
22.353306038999982,102.74208323300002,SAT_10066,19.910517451475826,190.7466606645515,98.93756129907632,169.86071631002778,-65.07918259188436,29.532915429813514,35.0,0.12523908588142732,12.626142625788669
22.353306038999982,102.84208323300001,SAT_10066,19.981366907700803,191.14518885581703,98.94597414179124,169.84075225933324,-65.00833313565938,29.56150535095956,35.0,0.12492252800496052,12.604163699280742
22.353306038999982,102.942083233,SAT_10066,20.043091340430436,191.4923887899212,98.95322545883462,169.823319065232,-64.94660870292975,29.58636359123577,35.0,0.1246468690221579,12.585006359911356
22.353306038999982,103.042083233,SAT_10066,20.095639966334815,191.78797481063333,98.95934245023658,169.8084477164138,-64.89406007702537,29.607490097086764,35.0,0.12441228311779026,12.568690174580535
22.353306038999982,103.142083233,SAT_10066,20.138969111342334,192.03170125130063,98.96434774855841,169.7961648785433,-64.85073093201785,29.62488482299889,35.0,0.12421891996460466,12.555231956508855
22.353306038999982,103.24208323299999,SAT_10066,20.173042456238306,192.22336381634048,98.96825966139775,169.7864927372869,-64.81665758712188,29.63854773149937,35.0,0.12406690393973362,12.544645677394623
22.353306038999982,103.34208323299998,SAT_10066,20.197831243214097,192.3628007430793,98.97109236497711,169.77944886618923,-64.79186880014609,29.648478793155576,35.0,0.12395633346754388,12.536942393644901
22.353306038999982,103.44208323299998,SAT_10066,20.213314440898245,192.44989373005265,98.97285605245662,169.77504612103897,-64.77638560246194,29.6546779865745,35.0,0.12388728049574771,12.532130187501725
22.353306038999982,103.54208323299997,SAT_10080,20.234858636236552,192.57107982883062,98.97529558369641,169.76873202650296,-64.75484140712364,29.66320367896005,35.0,0.12379246084172538,12.525520598738995
22.353306038999982,103.64208323299997,SAT_10080,20.312801065257588,193.0095059920739,98.98407906993525,169.74651516882705,-64.6768989781026,29.694344839041385,35.0,0.12344500996584595,12.50128363835108
22.353306038999982,103.74208323299996,SAT_10080,20.381535585438996,193.39613766809435,98.99173633960115,169.72687242630738,-64.60816445792119,29.721745445903174,35.0,0.12313876705694368,12.479898710460038
22.353306038999982,103.84208323299995,SAT_10080,20.441003929428476,193.73064710303518,98.9982954613737,169.70983941840694,-64.54869611393171,29.745405440578867,35.0,0.12287393142966346,12.461388204673973
22.353306038999982,103.94208323299995,SAT_10080,20.491155103034444,194.01274745456874,99.0037801201271,169.69544733873846,-64.49854494032574,29.76532477215421,35.0,0.12265067733970524,12.445771696401778
22.353306038999982,104.04208323299994,SAT_10080,20.531945676951125,194.24219443285008,99.0082098682889,169.6837227682277,-64.45775436640906,29.781503397766272,35.0,0.12246915305958114,12.433065842888038
22.353306038999982,104.14208323299994,SAT_10080,20.56334003847381,194.4187877164152,99.01160033039916,169.67468751374784,-64.42636000488638,29.793941282602656,35.0,0.12232948008373094,12.423284293657458
22.353306038999982,104.24208323299993,SAT_10080,20.585310600151587,194.54237212585267,99.01396336465295,169.6683584742554,-64.4043894432086,29.802638399900832,35.0,0.1222317524713912,12.41643761638264
22.353306038999982,104.34208323299993,SAT_10080,20.597837962807645,194.612838540793,99.0153071843573,169.66474753613886,-64.39186208055254,29.807594730947617,35.0,0.1221760363342617,12.412533239027036
22.353306038999982,104.44208323299992,SAT_10080,20.600911030903703,194.63012454883335,99.01563644147528,169.66386149912526,-64.38878901245648,29.80881026507885,35.0,0.1221623694745215,12.411575408935555
22.353306038999982,104.54208323299991,SAT_10080,20.594527078789852,194.59421481819294,99.01495227373326,169.66570203371973,-64.39517296457034,29.806284999679175,35.0,0.1221907611771525,12.413565169352637
22.353306038999982,104.64208323299991,SAT_10080,20.578691767010582,194.50514118943454,99.01325231611867,169.6702656707282,-64.4110082763496,29.800018940181985,35.0,0.12226119215885224,12.418500353644525
22.353306038999982,104.7420832329999,SAT_10080,20.5534191084558,194.36298248506387,99.01053067696913,169.6775438230057,-64.43628093490439,29.790012100069546,35.0,0.12237361467409891,12.426375597294138
22.353306038999982,104.8420832329999,SAT_10080,20.518731384787756,194.16786403943112,99.0067778782347,169.6875228391417,-64.47096865857243,29.77626450087323,35.0,0.12252795277720066,12.437182367526752
22.353306038999982,104.94208323299989,SAT_10080,20.474659014197158,193.91995695485903,99.00198075886215,169.7001840883817,-64.51504102916303,29.758776172173928,35.0,0.12272410273745397,12.45090901021781
22.353306038999982,105.04208323299989,SAT_10080,20.42124037214427,193.61947709331153,98.9961223395874,169.7155040756814,-64.56845967121592,29.73754715160262,35.0,0.12296193360288446,12.467540813534274
22.353306038999982,105.14208323299988,SAT_10080,20.358521567313062,193.26668381613598,98.98918164670727,169.73345458540922,-64.63117847604713,29.712577484841063,35.0,0.12324128790648155,12.487060087572495
22.353306038999982,105.24208323299987,SAT_10080,20.28655617551658,192.8618784872808,98.9811334916117,169.754002851877,-64.70314386784361,29.683867225622674,35.0,0.12356198250739431,12.50944625908188
22.353306038999982,105.34208323299987,SAT_10080,20.20540493476335,192.40540275804386,98.97194820197026,169.7771117545636,-64.78429510859684,29.65141643573353,35.0,0.12392380955825368,12.534675980208506
22.353306038999982,105.44208323299986,SAT_10080,20.11513540508149,191.8976366535834,98.9615912994463,169.80274003564546,-64.8745646382787,29.61522518501354,35.0,0.12432653758865057,12.562723250058138
22.353306038999982,105.54208323299986,SAT_10066,20.04195393332016,191.4859908749259,98.9530924872134,169.82364065073054,-64.94774611004003,29.585905941118174,35.0,0.1246519475586716,12.585359452868994
22.353306038999982,105.64208323299985,SAT_10066,19.99713723865247,191.23389696742015,98.94783368045188,169.83630173507154,-64.99256280470772,29.567860910180126,35.0,0.12485208694950564,12.599269892866792
22.353306038999982,105.74208323299985,SAT_10066,19.942961103772745,190.9291562087217,98.94142571592303,169.85158043914043,-65.04673893958744,29.546014957027495,35.0,0.1250941070512176,12.616079350423286
22.353306038999982,105.84208323299984,SAT_10080,19.88941116055271,190.62793777810901,98.93502862492679,169.8664714130191,-65.10028888280748,29.524294415370534,35.0,0.1253347046454697,12.63277718051344
22.353306038999982,105.94208323299983,SAT_10080,19.965725817460637,191.0572077232161,98.94411751524255,169.84498092865763,-65.02397422589955,29.555105954788278,35.0,0.12499367701319032,12.609105575016997
22.353306038999982,106.04208323299983,SAT_10080,20.03277544916115,191.43436190153145,98.9520109796968,169.82605207957505,-64.95692459419904,29.58211873815299,35.0,0.12469420222229619,12.588297050554672
22.353306038999982,106.14208323299982,SAT_10080,20.090504123487193,191.75908569461546,98.95873934233404,169.80971899025602,-64.899195919873,29.60533270770075,35.0,0.12443647217651001,12.570373165141216
22.353306038999982,106.24208323299982,SAT_10080,20.138863148230172,192.0311052087947,98.9643280673792,169.7960113864768,-64.85083689513002,29.624747813793373,35.0,0.12422065378448338,12.555352668662097
22.353306038999982,106.34208323299981,SAT_10080,20.1778113484241,192.25018883488556,98.96879803879972,169.78495441814002,-64.81188869493609,29.64036401491744,35.0,0.12404688807409599,12.543251403639406
22.353306038999982,106.4420832329998,SAT_10080,20.207315303761533,192.41614858365864,98.97216578626332,169.77656850744395,-64.78238473959865,29.652181277683464,35.0,0.12391528943645823,12.534082220401705
22.353306038999982,106.5420832329998,SAT_10080,20.227349543276887,192.5288411809325,98.97444366185117,169.7708692242876,-64.7623505000833,29.66019957682526,35.0,0.12382594500756215,12.527854907613412
22.453306038999983,102.34208323300004,SAT_10066,19.969480508742123,191.07832786167447,98.94457535341449,169.8441050807972,-65.02021953461806,29.556713057804796,35.0,0.12497562591297655,12.607851885712698
22.453306038999983,102.44208323300003,SAT_10066,19.864754291973426,190.48924289235055,98.9320829205659,169.8735852325817,-65.12494575138676,29.514416409874187,35.0,0.1254436404371095,12.640333288242152
22.453306038999983,102.54208323300003,SAT_10066,19.872184789292902,190.53103943977257,98.93297630171409,169.87149712475696,-65.11751525406729,29.51742178444959,35.0,0.12541042278554787,12.638029490974375
22.453306038999983,102.64208323300002,SAT_10066,19.961386523868043,191.03279919675774,98.94361739044967,169.84638736983948,-65.02831351949214,29.55344879224444,35.0,0.1250117851998871,12.610363156697222
22.453306038999983,102.74208323300002,SAT_10066,20.04155879862587,191.48376824227054,98.95305127600109,169.82375236638262,-64.94814124473432,29.585746950015135,35.0,0.12465371184937235,12.585482116517458
22.453306038999983,102.84208323300001,SAT_10066,20.11263655135845,191.88358060139126,98.96131408105833,169.80363179045617,-64.87706349200174,29.614316188152795,35.0,0.12433642611223121,12.563411463586139
22.453306038999983,102.942083233,SAT_10066,20.174561321006777,192.23190743066314,98.96843687893463,169.78606131956377,-64.81513872235341,29.639156445088595,35.0,0.12406012847812893,12.5441737194001
22.453306038999983,103.142083233,SAT_10066,20.270752968938297,192.77298545027793,98.97936349082221,169.75869219925755,-64.71894707442189,29.6776498092728,35.0,0.12363117896306132,12.514273505474065
22.453306038999983,103.24208323299999,SAT_10066,20.30493865452189,192.96527993168561,98.98320699793543,169.7489431723194,-64.6847613888383,29.69130283357418,35.0,0.12347880490952863,12.50364224518355
22.453306038999983,103.34208323299998,SAT_10066,20.329809434016198,193.10517806634113,98.98599030332156,169.741843199441,-64.65989060934399,29.701226710778112,35.0,0.12336797314523922,12.495906147535852
22.453306038999983,103.44208323299998,SAT_10066,20.34534395745436,193.1925597606808,98.98772329239706,169.73740534147527,-64.64435608590583,29.70742141950174,35.0,0.12329875661722303,12.491073407315083
22.453306038999983,103.54208323299997,SAT_10066,20.35152884128172,193.2273497322097,98.98841209071335,169.735637787483,-64.63817120207847,29.7098869463976,35.0,0.12327120103866245,12.489149159954414
22.453306038999983,103.64208323299997,SAT_10080,20.410444348185536,193.55874945854362,98.99493296154556,169.71859678466257,-64.57925569517465,29.733252465086466,35.0,0.12301001090496087,12.47090136469359
22.453306038999983,103.74208323299996,SAT_10080,20.479336258876742,193.9462664561817,99.00249115055448,169.69884132573608,-64.51036378448345,29.760633279670937,35.0,0.12270328305793225,12.449452455360378
22.453306038999983,103.84208323299995,SAT_10080,20.5389417895654,194.2815475663054,99.00896590765498,169.6817101609886,-64.45075825379479,29.784276184055695,35.0,0.12243802470550683,12.430886252156387
22.453306038999983,103.94208323299995,SAT_10080,20.5892093926021,194.56430283338682,99.0143803811925,169.66723484113248,-64.40049065075809,29.804181127349906,35.0,0.1222144118292834,12.415222525146227
22.453306038999983,104.04208323299994,SAT_10080,20.63009516446604,194.7942853001215,99.01875368284318,169.65544225326255,-64.35960487889415,29.820348066710352,35.0,0.12203259417694914,12.402478098165007
22.453306038999983,104.14208323299994,SAT_10080,20.661563101633675,194.97129244668943,99.02210108635565,169.64635445671234,-64.32813694172651,29.832776967340646,35.0,0.12189269445623634,12.392666757898589
22.453306038999983,104.24208323299993,SAT_10080,20.683585312696636,195.09516738391855,99.02443418453721,169.63998854687188,-64.30611473066355,29.84146780249055,35.0,0.12179480766849808,12.385799178613714
22.453306038999983,104.34208323299993,SAT_10080,20.69614218411151,195.16579978562726,99.02576100730921,169.6363565487073,-64.29355785924868,29.8464205534555,35.0,0.12173900058908514,12.381882863407789
22.453306038999983,104.44208323299992,SAT_10080,20.699222497495853,195.18312654841418,99.02608610292216,169.63546534137504,-64.29047754586433,29.847635209576225,35.0,0.12172531140018977,12.380922102665329
22.453306038999983,104.54208323299991,SAT_10080,20.692823496997633,195.14713217061168,99.02541058375482,169.63731661491005,-64.29687654636255,29.845111768238578,35.0,0.12175374948019313,12.382917950210889
22.453306038999983,104.64208323299991,SAT_10080,20.67695090587368,195.05784884553944,99.02373213749283,169.64190685956666,-64.3127491374865,29.838850234873455,35.0,0.12182429535184523,12.387868217441465
22.453306038999983,104.7420832329999,SAT_10080,20.651618892071227,194.91535626790068,99.02104500388135,169.64922738794803,-64.33808115128896,29.828850622956917,35.0,0.12193690078985119,12.395767485507994
22.453306038999983,104.8420832329999,SAT_10080,20.616849983249054,194.71978115577593,99.01733991664831,169.65926438963365,-64.37285006011113,29.81511295401044,35.0,0.12209148908667279,12.406607135401252
22.453306038999983,104.94208323299989,SAT_10080,20.57267493231545,194.4712964942744,99.01260400958559,169.6719990175865,-64.41702511104474,29.797637257601323,35.0,0.12228795547361108,12.42037539558595
22.453306038999983,105.04208323299989,SAT_10080,20.519132535180034,194.17012051038768,99.00682068513717,169.68740750520823,-64.47056750818015,29.77642357134323,35.0,0.12252616769255253,12.437057406622607
22.453306038999983,105.14208323299988,SAT_10080,20.45626940299138,193.8165153918265,98.99996944315447,169.7054613125289,-64.5334306403688,29.751471940896916,35.0,0.12280596671216792,12.456635302024651
22.453306038999983,105.24208323299987,SAT_10080,20.384139691667002,193.4107857656269,98.99202566671963,169.7261272996627,-64.60556035169319,29.722782419971075,35.0,0.12312716758088077,12.479088304420697
22.453306038999983,105.34208323299987,SAT_10080,20.302804791989814,192.9532769549427,98.98296036108343,169.74936792535217,-64.68689525137037,29.690355070323367,35.0,0.1234895604075972,12.504392835933967
22.453306038999983,105.44208323299986,SAT_10080,20.21233298395272,192.44437303473404,98.97273984078501,169.7751414681555,-64.77736705940747,29.654189961761556,35.0,0.12389291146003216,12.532522641553486
22.453306038999983,105.54208323299986,SAT_10080,20.112799059358892,191.88449470889378,98.96132535888349,169.8034022676182,-64.8769009840013,29.614287172144852,35.0,0.12433696436949682,12.563448924158463
22.453306038999983,105.64208323299985,SAT_10080,20.004283916940466,191.27409703279014,98.94867267089315,169.83410098260637,-64.98541612641972,29.570646787385353,35.0,0.12482144143023893,12.597140489768472
22.453306038999983,105.74208323299985,SAT_10080,19.886874134427288,190.61366700615352,98.93473152442375,169.8671848638726,-65.1028259089329,29.52326890144969,35.0,0.1253460449808597,12.633563901529113
22.453306038999983,105.84208323299984,SAT_10080,19.760661522087005,189.90372106173942,98.91944506361952,169.90259803787353,-65.22903852127318,29.472153616360767,35.0,0.12591045885496735,12.672683640905456
22.453306038999983,105.94208323299983,SAT_10080,19.826099873266458,190.27181178712382,98.92741013852842,169.88425661895295,-65.16360017009373,29.498679630513703,35.0,0.1256177615790234,12.652405420075468
22.453306038999983,106.04208323299983,SAT_10080,19.892822217382346,190.64712497277569,98.9354441935281,169.86551207147667,-65.09687782597784,29.525673106776825,35.0,0.12531945776741857,12.631719403510576
22.453306038999983,106.14208323299982,SAT_10080,19.950267614794257,190.9702553332177,98.94229170580738,169.8493386505891,-65.03943242856593,29.548870484424313,35.0,0.1250627404770229,12.613901521924138
22.453306038999983,106.24208323299982,SAT_10080,19.998388273154276,191.24093403649283,98.94797891595418,169.83576550879437,-64.99131177020591,29.568271713835646,35.0,0.1248477737302052,12.59897020151698
22.453306038999983,106.34208323299981,SAT_10080,20.037143782714608,191.4589337777697,98.95252734156418,169.82481730818256,-64.95255626064558,29.583876753512172,35.0,0.12467469610559498,12.58694100986959
22.453306038999983,106.4420832329998,SAT_10080,20.066501347141056,191.62407007766845,98.95595401183552,169.8165140729682,-64.92319869621913,29.595685570076274,35.0,0.12454362000059904,12.5778265733266
22.453306038999983,106.5420832329998,SAT_10080,20.086435972744837,191.7362023466897,98.95827165098078,169.8108710685058,-64.90326407061535,29.603698138270758,35.0,0.12445463102829628,12.571636509352006
22.553306038999985,102.34208323300004,SAT_10066,19.85353388442556,190.4261280998938,98.9307392500343,169.87673734764283,-65.13616615893463,29.50987689026608,35.0,0.1254938039340881,12.6438118976238
22.553306038999985,102.44208323300003,SAT_10066,19.893832350325894,190.65280697058316,98.93557976786404,169.86541066393798,-65.0958676930343,29.526173669752886,35.0,0.1253136582714503,12.631317040577763
22.553306038999985,102.54208323300003,SAT_10066,19.992272141716597,191.2065307971559,98.94727175704766,169.83767496975224,-64.99742790164359,29.565900561150336,35.0,0.124873816960758,12.60077967608092
22.553306038999985,102.64208323300002,SAT_10066,20.081730892615596,191.7097362709627,98.95773731210492,169.81238667248593,-64.90796915074459,29.60190138977492,35.0,0.12447436710692866,12.573009500926654
22.553306038999985,102.74208323300002,SAT_10066,20.16213634449261,192.16201693777094,98.96701681564454,169.78958982992012,-64.82756369886758,29.634176078013155,35.0,0.12411555685540546,12.548034390105215
22.553306038999985,102.84208323300001,SAT_10066,20.23342256325904,192.5630019183321,98.97514536094916,169.7693246779559,-64.75627748010115,29.662724556289092,35.0,0.12379761234606333,12.525879746088275
22.553306038999985,103.24208323299999,SAT_10066,20.426296982116284,193.6479205244041,98.99668688649257,169.71423966967365,-64.5634030612439,29.739655259496324,35.0,0.12293818283786243,12.465880468228713
22.553306038999985,103.34208323299998,SAT_10066,20.45124267611513,193.78824005314758,98.99942597136025,169.7070878655544,-64.53845736724506,29.749571925552956,35.0,0.12282711440863323,12.458114312834985
22.553306038999985,103.44208323299998,SAT_10066,20.4668240969159,193.87588554515193,99.0011314788271,169.70261756695004,-64.52287594644429,29.755762132917695,35.0,0.12275774973071828,12.453262762681229
22.553306038999985,103.54208323299997,SAT_10066,20.47302767488914,193.91078067125142,99.00180936526183,169.7008370828778,-64.51667236847105,29.75822586824939,35.0,0.12273013509803649,12.4513310187446
22.553306038999985,103.64208323299997,SAT_10080,20.49728503994797,194.04722834970732,99.00444667134747,169.69368646473922,-64.49241500341222,29.767757375260523,35.0,0.12262339474663077,12.443862519186892
22.553306038999985,103.74208323299996,SAT_10080,20.566312587516805,194.43550830478205,99.01191804129569,169.6738315006164,-64.42338745584338,29.795118323877904,35.0,0.12231625692228172,12.422358022182614
22.553306038999985,103.84208323299995,SAT_10080,20.62603637505825,194.7714546097027,99.01831886940597,169.65661367978123,-64.36366366830194,29.81874407434235,35.0,0.122050641040782,12.403743421822274
22.553306038999985,104.04208323299994,SAT_10080,20.717372232078077,195.28521880543917,99.02799566866071,169.63021222970613,-64.27232781128211,29.854789785386217,35.0,0.12164465866962015,12.375260708292574
22.553306038999985,104.14208323299994,SAT_10080,20.74890362789516,195.46258290691026,99.03130533477263,169.621078042734,-64.24079641546503,29.867209668361568,35.0,0.12150456700800097,12.365423474084587
22.553306038999985,104.24208323299993,SAT_10080,20.7709703911397,195.5867084501608,99.03361219572211,169.61467957871034,-64.21872965222049,29.87589419797439,35.0,0.12140654545471818,12.358537726029827
22.553306038999985,104.34208323299993,SAT_10080,20.78355271825876,195.65748404020553,99.0349241214233,169.61102898562345,-64.20614732510143,29.88084335552866,35.0,0.1213506613708746,12.354611033635779
22.553306038999985,104.44208323299992,SAT_10080,20.786639281982062,195.6748459611491,99.03524556963139,169.61013321314374,-64.20306076137813,29.882057130370004,35.0,0.12133695327407744,12.353647725330307
22.553306038999985,104.54208323299991,SAT_10080,20.780227299685436,195.63877856073057,99.03457763060723,169.611993968645,-64.20947274367475,29.87953551988546,35.0,0.1213654306251468,12.355648864290062
22.553306038999985,104.64208323299991,SAT_10080,20.7643225502149,195.54931434495882,99.03291803801967,169.61660770638022,-64.22537749314529,29.873278529503445,35.0,0.12143607377564528,12.36061224249285
22.553306038999985,104.7420832329999,SAT_10080,20.738939338958872,195.40653378164365,99.03026114627325,169.62396564995322,-64.25076070440132,29.863286172693847,35.0,0.12154883407681358,12.368532393065129
22.553306038999985,104.8420832329999,SAT_10080,20.70410041161641,195.2105648153423,99.0265978738711,169.63405384778625,-64.28559963174378,29.8495584709683,35.0,0.12170363414869964,12.37940062077714
22.553306038999985,104.94208323299989,SAT_10080,20.659836817758887,194.96158209989372,99.02191561183375,169.64685326085265,-64.3298632256013,29.832095453880562,35.0,0.12190036830649482,12.393205050322704
22.553306038999985,105.04208323299989,SAT_10080,20.606187725915902,194.65980595827696,99.01619809557667,169.6623398815191,-64.38351231744429,29.810897159027093,35.0,0.12213890313937802,12.4099306918129
22.553306038999985,105.14208323299988,SAT_10080,20.54320019250312,194.30550108283006,99.00942523798341,169.6804848819524,-64.44649985085707,29.785963632047736,35.0,0.12241907823554826,12.429559522716856
22.553306038999985,105.24208323299987,SAT_10080,20.470928887450455,193.89897499190883,99.00157292067844,169.70125479018807,-64.51877115590973,29.757294926626603,35.0,0.12274070704562864,12.452070585302623
22.553306038999985,105.34208323299987,SAT_10080,20.38943577987405,193.44057626179153,98.99261273967778,169.72461169163384,-64.60026426348614,29.724891104493064,35.0,0.12310357787527787,12.477440098470092
22.553306038999985,105.44208323299986,SAT_10080,20.298789787538823,192.9306925549059,98.98251170065117,169.75051345351912,-64.69091025582136,29.68875223542292,35.0,0.12350745499667162,12.505641582728495
22.553306038999985,105.54208323299986,SAT_10080,20.199066394197075,192.36974846735853,98.97123185793222,169.77891396957918,-64.79063364916311,29.64887839723971,35.0,0.1239520798675323,12.536645996956121
22.553306038999985,105.64208323299985,SAT_10080,20.090347239143824,191.75820322018401,98.95872989012422,169.80976342209692,-64.89935280421636,29.605269675816164,35.0,0.12443717244560158,12.570421885489994
22.553306038999985,105.74208323299985,SAT_10080,19.972719683502802,191.09654821970327,98.9449566036172,169.84300855831773,-65.01698035985738,29.557926165075834,35.0,0.12496243258587908,12.606935534029594
22.553306038999985,105.84208323299984,SAT_10080,19.846276357842996,190.38530451286687,98.9298563534976,169.8785929782029,-65.14342368551719,29.50684796699485,35.0,0.1255275415075838,12.646151132801556
22.553306038999985,105.94208323299983,SAT_10080,19.711114695746716,189.6250201635753,98.91336636911608,169.91645743047954,-65.27858534761347,29.452035191603844,35.0,0.1261321633176387,12.688030945420131
22.553306038999985,106.04208323299983,SAT_10080,19.74260489011033,189.80215250687064,98.91724104527357,169.90765167259454,-65.24709515324986,29.464825152434994,35.0,0.12599124711458556,12.678277385975738
22.553306038999985,106.14208323299982,SAT_10080,19.79975299364412,190.1236105892482,98.92422165888236,169.89164631023777,-65.18994704971607,29.488005875483648,35.0,0.12573559183818475,12.660571023123767
22.553306038999985,106.24208323299982,SAT_10080,19.84762350061743,190.39288219097307,98.93001887559747,169.87821468616693,-65.14207654274276,29.50739317577585,35.0,0.1255215181467356,12.645733514204935
22.553306038999985,106.34208323299981,SAT_10080,19.88617679931876,190.60974449616805,98.93465492670269,169.86738095416325,-65.10352324404143,29.522987011827617,35.0,0.1253491620567571,12.633780139649032
22.553306038999985,106.4420832329998,SAT_10080,19.915380744057003,190.77401668532065,98.93814740390414,169.85916472379523,-65.07431929930318,29.534787350273152,35.0,0.12521863388034146,12.624723291900755
22.553306038999985,106.5420832329998,SAT_10080,19.935210838764746,190.8855609680517,98.94050945038036,169.85358094315922,-65.05448920459544,29.54279416586417,35.0,0.1251300176378312,12.61857240966256
22.653306038999983,102.44208323300003,SAT_10066,20.00313965302948,191.26766054829082,98.94855663820545,169.8346071559061,-64.98656039033071,29.57027913701552,35.0,0.12482527811817867,12.59740709332195
22.653306038999983,102.54208323300003,SAT_10066,20.101831286059323,191.82280098408367,98.96007246803714,169.80669375869326,-64.88786875730086,29.609977032755328,35.0,0.1243846497492595,12.56676738161367
22.653306038999983,102.64208323300002,SAT_10066,20.19152134289611,192.32730755379063,98.97038173470057,169.78124244045244,-64.79817870046408,29.645951585349735,35.0,0.12398447695242562,12.53890336840894
22.653306038999983,102.74208323300002,SAT_10066,20.272136696221693,192.78076891624704,98.97952376507921,169.75829781699605,-64.7175633471385,29.678202717221815,35.0,0.1236250106246663,12.513843236739591
22.653306038999983,103.24208323299999,SAT_10066,20.53700051618212,194.27062790352443,99.00876127014726,169.68245360533257,-64.45269952717807,29.783604912848865,35.0,0.12244543869915404,12.431405395995203
22.653306038999983,103.34208323299998,SAT_10066,20.5620137059974,194.4113270962354,99.01146096013518,169.67525445880443,-64.42768633736279,29.793514341079046,35.0,0.12233415931394685,12.423612060323457
22.653306038999983,103.44208323299998,SAT_10066,20.57763738232572,194.4992102755822,99.01314198429849,169.67075452852526,-64.41206266103447,29.799700030431215,35.0,0.12226466256989638,12.41874350037052
22.653306038999983,103.64208323299997,SAT_10066,20.580669491486717,194.51626588961278,99.01346775697249,169.6698809338018,-64.40903055187347,29.800900147189598,35.0,0.12225117615691675,12.417798589104338
22.653306038999983,103.74208323299996,SAT_10080,20.64237706662729,194.8633709997785,99.02005794646047,169.6518964946822,-64.3473229767329,29.825200509774668,35.0,0.12197798761775445,12.398649004207607
22.653306038999983,104.04208323299994,SAT_10080,20.793687815299705,195.71449396106084,99.03597539598465,169.60808724502772,-64.19601222806048,29.884828485137206,35.0,0.12130565039157301,12.35144781777839
22.653306038999983,104.14208323299994,SAT_10080,20.825272222592872,195.8921562520849,99.03925236892945,169.5989130318947,-64.16442782076732,29.897239317028074,35.0,0.12116540262494198,12.341588703275734
22.653306038999983,104.24208323299993,SAT_10080,20.84737620878721,196.01649117442807,99.04153649922391,169.59248647929172,-64.14232383457298,29.905917517728486,35.0,0.12106727144065038,12.334687601569085
22.653306038999983,104.34208323299993,SAT_10080,20.859979805900593,196.08738640819084,99.04283551866088,169.5888198418561,-64.1297202374596,29.910863068550942,35.0,0.12101132470436085,12.330752139450073
22.653306038999983,104.44208323299992,SAT_10080,20.86307159243232,196.1047777074318,99.04315380687517,169.5879201303881,-64.12662845092787,29.91207595884591,35.0,0.12099760122260847,12.329786678163059
22.653306038999983,104.54208323299991,SAT_10080,20.856648762589572,196.06864928956637,99.042492435034,169.58978906729305,-64.13305128077062,29.909556186001627,35.0,0.12102611052722698,12.331792288951961
22.653306038999983,104.64208323299991,SAT_10080,20.840717143324838,195.9790339312022,99.0408491765019,169.59442307561378,-64.14898290003535,29.903303755444032,35.0,0.12109683282231651,12.33676674704329
22.653306038999983,104.7420832329999,SAT_10080,20.815291158967085,195.83601276918986,99.03821848466228,169.60181330179805,-64.1744088843931,29.89331868063688,35.0,0.12120971909434602,12.344704544137587
22.653306038999983,104.8420832329999,SAT_10080,20.780393743898003,195.63971480942624,99.0345914375168,169.61194567190057,-64.20930629946218,29.87960098308201,35.0,0.12136469138415897,12.355596919259463
22.653306038999983,104.94208323299989,SAT_10080,20.736056204396704,195.3903161497315,99.02995564811133,169.624800980468,-64.25364383896348,29.862150692319712,35.0,0.12156164321785161,12.36943190759736
22.653306038999983,105.04208323299989,SAT_10080,20.68231803140651,195.0880389266616,99.02429513923741,169.64035501093807,-64.30738201195368,29.840967845929317,35.0,0.12180044019175333,12.386194406753168
22.653306038999983,105.14208323299988,SAT_10080,20.619226666582975,194.73314999952925,99.01759018021217,169.65857868597942,-64.37047337677721,29.816052489529877,35.0,0.12208092070509412,12.405866259622572
22.653306038999983,105.24208323299987,SAT_10080,20.5468372245342,194.3259593880049,99.00981708282818,169.67943824583028,-64.44286281882599,29.787404676781037,35.0,0.12240289683242683,12.428426352944312
22.653306038999983,105.34208323299987,SAT_10080,20.46521217464357,193.8668184823701,99.00094795276371,169.70289545238137,-64.52448786871662,29.755024469384033,35.0,0.1227661553265047,12.453850730392789
22.653306038999983,105.44208323299986,SAT_10080,20.374420986289252,193.35611804787703,98.99095039182924,169.72890781646524,-64.61527905707094,29.71891193708285,35.0,0.12317045874112624,12.482112718947427
22.653306038999983,105.54208323299986,SAT_10080,20.274539741613353,192.79428604657514,98.97978714536319,169.75742884559423,-64.71516030174683,29.679067157665543,35.0,0.12361554666246392,12.513183067155675
22.653306038999983,105.64208323299985,SAT_10080,20.16565072024477,192.18178530137686,98.96741568784147,169.78840830922888,-64.82404932311542,29.63549021696567,35.0,0.12410113703660082,12.547030093815609
22.653306038999983,105.74208323299985,SAT_10080,20.047841960562323,191.51911102816308,98.95378773828507,169.8217925185411,-64.94185808279786,29.588181208863933,35.0,0.12462692758042301,12.583619845540278
22.653306038999983,105.84208323299984,SAT_10080,19.921206802170502,190.80678826220907,98.93884869527626,169.8575246175887,-65.06849324118969,29.537140235289918,35.0,0.12519259726264972,12.622916261628244
22.653306038999983,105.94208323299983,SAT_10080,19.78584341427276,190.0453692052843,98.92253697925403,169.89554488281624,-65.20385662908743,29.482367406224025,35.0,0.12579780784162678,12.664881344653589
22.653306038999983,106.04208323299983,SAT_10080,19.641854314560874,189.23543051940493,98.90478326716031,169.93579102785054,-65.34784572879931,29.42386283969951,35.0,0.1264422054465558,12.709475335201722
22.653306038999983,106.14208323299982,SAT_10080,19.63909433552837,189.21990563734707,98.90443881288358,169.93656049086013,-65.35060570783182,29.422739002293806,35.0,0.1264545634625711,12.710329655802928
22.653306038999983,106.24208323299982,SAT_10080,19.68670369236048,189.4877082695277,98.91035854184503,169.9232769413369,-65.3029963509997,29.442112321053184,35.0,0.12624142167501548,12.695590309040977
22.653306038999983,106.34208323299981,SAT_10080,19.725045897289604,189.70338317225404,98.91509217138876,169.91256297429717,-65.26465414607058,29.45769491132241,35.0,0.1260698184941446,12.683716264601676
22.653306038999983,106.4420832329998,SAT_10080,19.754089478769444,189.86675331807814,98.91865792529411,169.90443777008886,-65.23561056459074,29.469486739747417,35.0,0.12593986206415186,12.674719672185153
22.653306038999983,106.5420832329998,SAT_10080,19.773810456271548,189.97768381652745,98.92106941742085,169.89891594843522,-65.21588958708864,29.477487781088797,35.0,0.1258516347497347,12.668609784992487
22.653306038999983,106.6420832329998,SAT_10080,19.784192476844325,190.03608268224934,98.9223357994613,169.896007481271,-65.20550756651586,29.48169801822133,35.0,0.12580519269839707,12.665392910767794
22.75330603899998,103.34208323299998,SAT_10066,20.662013295940625,194.973824789666,99.02214902572132,169.6464097469629,-64.32768674741956,29.833053869743924,35.0,0.12188948166699934,12.392441388533598
22.75330603899998,103.64208323299997,SAT_10066,20.680713763641705,195.0790149204846,99.02412995164953,169.64100434226762,-64.30898627971848,29.840434261406767,35.0,0.12180636074897191,12.386609838108665
22.75330603899998,104.14208323299994,SAT_10080,20.89058955364331,196.25956623924358,99.04597553177987,169.57990806149368,-64.09911048971688,29.92286585348421,35.0,0.12087547149096936,12.321192810216438
22.75330603899998,104.24208323299993,SAT_10080,20.912723228106728,196.38406815810035,99.0482402751265,169.5734580184374,-64.07697681525346,29.931537701910315,35.0,0.12077725644891253,12.314279242277454
22.75330603899998,104.54208323299991,SAT_10080,20.922008261783276,196.43629647253093,99.04918810911593,169.57075073640905,-64.06769178157691,29.935173706750177,35.0,0.1207360602775299,12.311378691640513
22.75330603899998,104.64208323299991,SAT_10080,20.906055209639078,196.34656055421982,99.04755878197616,169.57540169711467,-64.08364483372111,29.928925852848646,35.0,0.12080684312186755,12.316362146333216
22.75330603899998,104.7420832329999,SAT_10080,20.88059511255186,196.20334750810423,99.04495043590053,169.58281892109753,-64.10910493080833,29.918948086924008,35.0,0.12091982573854546,12.32431427089626
22.75330603899998,104.8420832329999,SAT_10080,20.845651062983293,196.00678722928103,99.04135428456205,169.5929882316671,-64.1440489803769,29.90524043046834,35.0,0.12107492968575219,12.335226249492369
22.75330603899998,104.94208323299989,SAT_10080,20.80125458227333,195.75705702528748,99.03675812985497,169.6058902836384,-64.18844546108686,29.887802913008546,35.0,0.12127204783203928,12.34908604262497
22.75330603899998,105.04208323299989,SAT_10080,20.747445431457194,195.45438055194674,99.03114623898934,169.6215006850419,-64.242254611903,29.866635572106908,35.0,0.12151104494642653,12.365878454021578
22.75330603899998,105.14208323299988,SAT_10080,20.684271374891765,195.09902648376618,99.02449918441147,169.63979014909089,-64.30542866846842,29.841738453361796,35.0,0.12179175843744597,12.385585214301889
22.75330603899998,105.24208323299987,SAT_10080,20.611787899642906,194.69130693549135,99.0167936437157,169.6607246744367,-64.37791214371728,29.813111610408512,35.0,0.12211399923309374,12.408185080456015
22.75330603899998,105.34208323299987,SAT_10080,20.530057894072343,194.23157565415693,99.0080021559328,169.68426575142303,-64.45964214928784,29.780755104920292,35.0,0.1224775527922777,12.433653949992827
22.75330603899998,105.44208323299986,SAT_10080,20.439151289491207,193.72022600338803,98.99809282969058,169.71037059176578,-64.55054875386898,29.74466900660948,35.0,0.12288218023714674,12.46196498847554
22.75330603899998,105.54208323299986,SAT_10080,20.339144669082955,193.15768876359164,98.98702899770737,169.73899237886747,-64.65055537427723,29.704853393228817,35.0,0.123327619594681,12.493088769043904
22.75330603899998,105.64208323299985,SAT_10080,20.230120848567054,192.5444297731897,98.97476881086752,169.7700805358,-64.75957919479313,29.661308350572888,35.0,0.12381358713512548,12.526993422430893
22.75330603899998,105.74208323299985,SAT_10080,20.11216843324162,191.88094743698412,98.96126476368757,169.80358100788695,-64.87753161011857,29.614033972479763,35.0,0.12433977879426741,12.563644795917117
22.75330603899998,105.84208323299984,SAT_10080,19.985381356139868,191.16777012828678,98.94646314126094,169.8394365567578,-65.00431868722032,29.56303036083272,35.0,0.12490587166619187,12.603006619629069
22.75330603899998,105.94208323299983,SAT_10080,19.84985840204112,190.4054535114813,98.93030337569293,169.8775870627523,-65.13984164131907,29.50829762556217,35.0,0.125511525552997,12.645040678575944
22.75330603899998,106.04208323299983,SAT_10080,19.705702722012106,189.5945778113181,98.91271729751665,169.91796983260383,-65.28399732134808,29.449835884647726,35.0,0.12615638455799977,12.689706988833981
22.75330603899998,106.14208323299982,SAT_10080,19.553021343010997,188.73574505443688,98.89362826449967,169.96051990943624,-65.43667870034919,29.38764526412038,35.0,0.12684007870920255,12.73696397632413
22.75330603899998,106.24208323299982,SAT_10066,19.51637095969302,188.52958664827327,98.88898121685318,169.97088158831752,-65.47332908366717,29.37276429455138,35.0,0.12700298111541145,12.748208808785616
22.75330603899998,106.34208323299981,SAT_10080,19.55389173312527,188.74064099882963,98.8937384692668,169.96027798591624,-65.43580831023492,29.38800058225572,35.0,0.1268361791578374,12.736694727416575
22.75330603899998,106.4420832329998,SAT_10080,19.58276870101281,188.90307394319706,98.8973856445935,169.9522475166546,-65.40693134234738,29.399783868772847,35.0,0.12670681667713998,12.727760877788473
22.75330603899998,106.5420832329998,SAT_10080,19.6023763111142,189.01336675001738,98.89985207532965,169.9467901761342,-65.38732373224599,29.407779114228326,35.0,0.12661899338919036,12.721693676950943
22.75330603899998,106.6420832329998,SAT_10080,19.612698573519808,189.0714294760489,98.9011472673218,169.94391570522072,-65.37700146984038,29.411986301502907,35.0,0.12657276427245934,12.71849930185011
22.75330603899998,106.74208323299979,SAT_10080,19.61372704842931,189.0772146474149,98.9012761937232,169.9436292460815,-65.37597299493088,29.412405421588367,35.0,0.12656815833986257,12.718181012097872
22.853306038999982,104.7420832329999,SAT_10080,20.934782549852756,196.50815184292176,99.05048486884127,169.56702462439992,-64.05491749350743,29.940174340472943,35.0,0.12067938754536009,12.307387822035086
22.853306038999982,104.8420832329999,SAT_10080,20.89980399633788,196.31139747940057,99.04691450103337,169.57722346451644,-64.08989604702231,29.926476762023903,35.0,0.12083458173030222,12.318314762799464
22.853306038999982,104.94208323299989,SAT_10080,20.855363929045282,196.0614221008797,99.04235142230777,169.5901628816785,-64.1343361143149,29.90905206481683,35.0,0.12103181373990304,12.332193483713331
22.853306038999982,105.04208323299989,SAT_10080,20.801502324958165,195.75845057788968,99.0367801035236,169.60581834325149,-64.18819771840202,29.88790028639705,35.0,0.12127094768627827,12.349008713861306
22.853306038999982,105.14208323299988,SAT_10080,20.73826720642944,195.40275303616562,99.03018136968433,169.62416039448732,-64.25143283693075,29.863021472342343,35.0,0.12155182019132774,12.368742094594433
22.853306038999982,105.24208323299987,SAT_10080,20.665714358278123,194.99464326531444,99.02253220314353,169.64515484032287,-64.32398568508206,29.83441567626379,35.0,0.12187424127266756,12.391372279750305
22.853306038999982,105.34208323299987,SAT_10080,20.583907003781718,194.5344768962722,99.01380550394904,169.66876295337912,-64.40579303957847,29.802082959806782,35.0,0.12223799536188329,12.41687505064426
22.853306038999982,105.44208323299986,SAT_10080,20.492915443466103,194.02264936949683,99.00396980291862,169.69494170556598,-64.49678459989408,29.76602339265217,35.0,0.1226428424443881,12.445223444535888
22.853306038999982,105.54208323299986,SAT_10080,20.39281666094692,193.45959371782646,98.99298892203188,169.7236440204655,-64.59688338241327,29.72623705251755,35.0,0.1230885193091573,12.476387895156142
22.853306038999982,105.64208323299985,SAT_10080,20.283693900336488,192.84577818939275,98.98082157553861,169.75481904349837,-64.7060061430237,29.682724025158755,35.0,0.12357474089580675,12.510336383788282
22.853306038999982,105.74208323299985,SAT_10080,20.165636219902737,192.1817037369529,98.96742090377849,169.7884124267719,-64.82406382345745,29.63548440437142,35.0,0.12410120172589892,12.547034599331065
22.853306038999982,105.84208323299984,SAT_10080,20.03873802676489,191.4679014005525,98.95273393002971,169.8243666254479,-64.9509620165953,29.58451829199275,35.0,0.12466757740499346,12.586446105735147
22.853306038999982,105.94208323299983,SAT_10080,19.903098597408928,190.70492961042524,98.9367009286789,169.86262120247983,-65.08660144595126,29.52982579790343,35.0,0.12527352618180784,12.628532515193053
22.853306038999982,106.04208323299983,SAT_10080,19.758821588746144,189.89337143669707,98.91925469055028,169.90311313861542,-65.23087845461404,29.47140704002967,35.0,0.12591869055090707,12.673253665477384
22.853306038999982,106.14208323299982,SAT_10066,19.644201222948553,189.2486318790856,98.90510458778131,169.93531852370143,-65.34549882041163,29.424908495024777,35.0,0.12643038871602413,12.708658403018962
22.853306038999982,106.24208323299982,SAT_10066,19.68819612621158,189.49610320994015,98.9105706249433,169.9230421842772,-65.30150391714861,29.442809667265266,35.0,0.12623343713111182,12.695037963005573
22.853306038999982,106.34208323299981,SAT_10066,19.72314932680571,189.69271496328213,98.91488499697459,169.91327539538332,-65.26655071655448,29.457015333925455,35.0,0.126077004823992,12.684213650272616
22.853306038999982,106.4420832329998,SAT_10066,19.749032827680864,189.83830965570485,98.9180638643912,169.9060352197709,-65.24066721567932,29.467525464274875,35.0,0.1259611879951898,12.676196272188106
22.853306038999982,106.5420832329998,SAT_10066,19.765825785560523,189.93277004377794,98.92011904521748,169.90133436408993,-65.22387425779966,29.474340035577946,35.0,0.12588605823398835,12.67099387105368
22.853306038999982,106.6420832329998,SAT_10066,19.77351462679016,189.97601977569468,98.9210581397917,169.89918110493986,-65.21618541657003,29.47745903309358,35.0,0.12585166214719357,12.668611682576556
22.953306038999983,104.94208323299989,SAT_10080,20.8983271783774,196.30309037837287,99.04675859271357,169.57765378925686,-64.09137286498279,29.925898105392875,35.0,0.12084113502779542,12.318776046091005
22.953306038999983,105.04208323299989,SAT_10080,20.844431993775473,195.99992996498705,99.04122008075579,169.59334277508563,-64.14526804958471,29.904761946415633,35.0,0.12108034142153484,12.33560687949318
22.953306038999983,105.14208323299988,SAT_10080,20.78115784820595,195.64401289615844,99.03466041932509,169.61172394982628,-64.20854219515424,29.879901504049275,35.0,0.12136129772291399,12.355358451654316
22.953306038999983,105.24208323299987,SAT_10080,20.70856074748791,195.2356542046195,99.02705683719884,169.63276297394643,-64.28113929587228,29.851316831880798,35.0,0.12168381328080231,12.378009340525846
22.953306038999983,105.34208323299987,SAT_10080,20.626704163460573,194.7752109194657,99.01838252634194,169.65642095770414,-64.36299587989961,29.81900799152787,35.0,0.12204767177209673,12.403535241951241
22.953306038999983,105.44208323299986,SAT_10080,20.535658670644565,194.26308002237568,99.00860635895799,169.68265469418836,-64.45404137271562,29.78297505264,35.0,0.12245263234709186,12.431909098820173
22.953306038999983,105.54208323299986,SAT_10080,20.43550154978729,193.6996962175535,98.99769255265034,169.71141691324985,-64.5541984935729,29.743218092899852,35.0,0.12289843088517462,12.463101242337723
22.953306038999983,105.64208323299985,SAT_10080,20.3263163628458,193.08552954100765,98.98560027721544,169.74265655329975,-64.66338368051439,29.699737198024657,35.0,0.12338478134822628,12.49707954389105
22.953306038999983,105.74208323299985,SAT_10080,20.208192504129656,192.42108283572932,98.97228319521435,169.77631904784909,-64.78150753923053,29.652532461767848,35.0,0.12391137721852943,12.53380957593077
22.953306038999983,105.84208323299984,SAT_10080,20.081224732419827,191.7068891198615,98.95768892682342,169.81234662360652,-64.90847531094036,29.601603985920786,35.0,0.1244778930076104,12.57325478024702
22.953306038999983,106.04208323299983,SAT_10080,19.801160405557454,190.1315272812607,98.92442526446663,169.89125173569434,-65.18853963780273,29.488576262822594,35.0,0.1257292969743267,12.660134867956657
22.953306038999983,106.14208323299982,SAT_10066,19.80584209919664,190.1578618079811,98.92500164896182,169.89012146870056,-65.18385794416355,29.4905649870145,35.0,0.12570706494740463,12.658594397530079
23.053306038999985,104.8420832329999,SAT_10080,20.974578701194147,196.7320051942171,99.05451342716557,169.55540576320345,-64.01512134216604,29.955739917119935,35.0,0.12050286801447169,12.294952628068042
23.053306038999985,104.94208323299989,SAT_10080,20.930098618594926,196.48180472959646,99.04999768935228,169.56839106815795,-64.05960142476526,29.938341001162303,35.0,0.12070016703011349,12.308851190739501
23.053306038999985,105.04208323299989,SAT_10080,20.87618899758752,196.1785631114298,99.04448444101877,169.5841018664743,-64.11351104577267,29.917220518556046,35.0,0.12093938065257433,12.325690317201845
23.053306038999985,105.14208323299988,SAT_10080,20.8128981756563,195.8225522380667,99.03795486900502,169.60250849649054,-64.17680186770389,29.89237851483808,35.0,0.12122034456055657,12.345451541490853
23.053306038999985,105.24208323299987,SAT_10080,20.740282301279876,195.4140879446993,99.03038639231954,169.62357652451774,-64.24941774208031,29.86381504357141,35.0,0.1215428676799931,12.368113393453982
23.053306038999985,105.34208323299987,SAT_10080,20.658405006737098,194.9535281628962,99.02175242830633,169.6472669549974,-64.33129503662309,29.831530166346138,35.0,0.12190673321040374,12.39365151476142
23.053306038999985,105.44208323299986,SAT_10080,20.567337043385507,194.44127086904348,99.0120221127768,169.67353646448302,-64.42236299997468,29.795523952780602,35.0,0.12231169977371303,12.422038788498542
23.053306038999985,105.54208323299986,SAT_10080,20.467155883722995,193.87775184594187,99.00115996886683,169.70233765657827,-64.52254415963719,29.75579648052267,35.0,0.1227575026736699,12.453245480907922
23.053306038999985,105.64208323299985,SAT_10080,20.357945294799578,193.26344228324763,98.98912551823503,169.7336193348023,-64.63175474856061,29.712347835251197,35.0,0.12324385525319925,12.487239393756294
23.15330603899998,104.94208323299989,SAT_10080,20.950644215764456,196.59737371367507,99.05208195729828,169.56239561944523,-64.03905582759573,29.94638072732711,35.0,0.12060902532124027,12.302431910156374
23.15330603899998,105.04208323299989,SAT_10080,20.89673949391738,196.29415965328528,99.04658659604253,169.57811639396297,-64.09296054944281,29.925275977988232,35.0,0.12084818037002575,12.319271953098053
23.15330603899998,105.14208323299988,SAT_10080,20.833454569135952,195.93818195138974,99.0400783296201,169.59653466616078,-64.15624547422424,29.900452479840975,35.0,0.12112907501435373,12.339034212890088
23.15330603899998,105.24208323299987,SAT_10080,20.760845653122814,195.52975679881584,99.03253471269885,169.61761595924395,-64.22885439023737,29.871910286424495,35.0,0.12145151800587062,12.361697199412053
23.15330603899998,105.34208323299987,SAT_10080,20.678976449246406,195.06924252701103,99.02392932340078,169.64132122921262,-64.31072359411378,29.839649459301448,35.0,0.12181529234721118,12.387236531855406
23.15330603899998,105.44208323299986,SAT_10080,20.587917787205058,194.55703755302847,99.01423148565564,169.66760709927146,-64.40178225615513,29.803670068059148,35.0,0.12222015644216795,12.41562506850064
23.15330603899998,105.54208323299986,SAT_10080,20.487747224423273,193.99357813738092,99.00340594072244,169.6964261152328,-64.50195281893691,29.763972190310863,35.0,0.122665845356567,12.446833048658407
23.25330603899998,105.14208323299988,SAT_10080,20.8428051518393,195.99077897909606,99.04103964945168,169.59381588779448,-64.14689489152089,29.90412338296623,35.0,0.12108756343327293,12.336114823259374
23.25330603899998,105.24208323299987,SAT_10080,20.770229070948915,195.58253852408768,99.03351080580143,169.6148946122641,-64.21947097241127,29.875602544305192,35.0,0.12140983817207676,12.358769066280303
23.25330603899998,105.34208323299987,SAT_10080,20.68839692040281,195.1222326772658,99.02492240296343,169.6385970087572,-64.30130312295738,29.84336585421019,35.0,0.12177342260933899,12.384298545801046
23.25330603899998,105.44208323299986,SAT_10080,20.597379509017756,194.6102597382249,99.0152438790904,169.66487971081133,-64.39232053434243,29.80741338223767,35.0,0.12217807524275681,12.412676130526007
23.353306038999982,105.34208323299987,SAT_10080,20.686656515450338,195.11244289940817,99.02473604576805,169.63910036876572,-64.30304352790985,29.84267934366484,35.0,0.1217811577041313,12.384841345104837
