lat,lon,beam_id,SNR_dB,throughput_Mbps,availability_pct,FSPL_dB,Pr_dBm,Gt_dBi,G_rx_dBi,L_atm_dB,L_rain_dB
7.553306039000036,111.54208323299952,SAT_10044,20.08242877848201,191.71366187896132,98.98237273732474,170.46798007973138,-64.90727126487818,29.96446710027932,35.0,0.12033923858612848,12.283419046839999
7.653306039000036,113.84208323299939,SAT_10099,19.73179653637355,189.74135551710123,98.9410218574922,170.56344995354044,-65.25790350698664,29.81237160523653,35.0,0.12178400509940542,12.38504115358332
7.653306039000036,113.94208323299938,SAT_10099,19.79093160382598,190.07399027152115,98.94817250134457,170.54764011953668,-65.1987684395342,29.838248352837006,35.0,0.12153894240560766,12.367837730428938
7.7533060390000355,114.14208323299937,SAT_10099,19.80956716825304,190.17881532142334,98.95041676153984,170.54265110919124,-65.18013287510715,29.84639457285855,35.0,0.12146173065976541,12.362414608114685
8.153306039000034,114.74208323299933,SAT_10045,19.73662916233843,189.76853903815368,98.94166400739097,170.5627876447254,-65.25307088102176,29.814851232532714,35.0,0.12176025103537229,12.383374217793694
8.353306039000033,115.2420832329993,SAT_10045,19.313408997978755,187.3879256136305,98.88844984557305,170.6750037364549,-65.67629104538143,29.62848160885442,35.0,0.12351621277773762,12.506252705003211
8.653306039000032,104.8420832329999,SAT_10044,19.771389435141458,189.9640655726707,98.94583008517763,170.55162756554654,-65.21831060821873,29.828982543127342,35.0,0.12162724746253921,12.374038338336996
8.653306039000032,104.94208323299989,SAT_10044,19.69512823327858,189.53509631219202,98.93657502178796,170.57199797882566,-65.2945718100816,29.795591209920058,35.0,0.12194337644880567,12.396221664727202
8.653306039000032,105.04208323299989,SAT_10044,19.609396690620983,189.05285638474302,98.92602850383426,170.59483344054112,-65.3803033527392,29.75797239277079,35.0,0.12229891803012184,12.421143386938756
8.653306039000032,106.5420832329998,SAT_10098,18.459807852095977,182.58641916803987,98.76848751620523,170.89993721832707,-66.52989219126421,29.248251712938337,35.0,0.12704576183698385,12.751160924038501
8.753306039000032,104.94208323299989,SAT_10044,19.64045109815177,189.2275374271037,98.92987398643942,170.58656966873423,-65.34924894520842,29.771608868704615,35.0,0.12217011187045683,12.412118033308346
8.753306039000032,105.04208323299989,SAT_10044,19.554866007885536,188.74612129435613,98.91924935944051,170.60932277611232,-65.43483403547465,29.73400004120386,35.0,0.12252514979697127,12.43698615076922
8.753306039000032,105.14208323299988,SAT_10044,19.45988930515466,188.21187734149498,98.90727686736923,170.634493421498,-65.52981073820553,29.692164935318218,35.0,0.1229193369142835,12.46456291511146
8.853306039000032,104.8420832329999,SAT_10044,19.65200735278914,189.29254135943893,98.93130437510106,170.58349219260487,-65.33769269057105,29.77668054047073,35.0,0.12212218479248496,12.408758853644413
8.853306039000032,104.94208323299989,SAT_10044,19.576027612500766,188.86515532031683,98.92189926393188,170.6037031987231,-65.41367243085942,29.743307033448996,35.0,0.12243734871006323,12.430838916875249
8.853306039000032,105.04208323299989,SAT_10044,19.490610405788914,188.38468353256263,98.91118048094486,170.62636084295775,-65.49908963757127,29.705708299417847,35.0,0.12279181168361539,12.455645282347762
8.853306039000032,105.14208323299988,SAT_10044,19.395818639057623,187.85147984469913,98.89910099882218,170.65142646077405,-65.59388140430256,29.663884421291378,35.0,0.12318536492948409,12.483153999890423
8.853306039000032,105.24208323299987,SAT_10044,19.29172106830279,187.26593100920323,98.88560662664578,170.67885782596377,-65.6979789750574,29.61783549130936,35.0,0.12361778003397411,12.513338860369016
8.853306039000032,114.64208323299934,SAT_10045,19.907224802463844,190.72813951385916,98.96210371129543,170.51708416722082,-65.08247524089634,29.889386089301908,35.0,0.12105356615016857,12.333723596827275
8.953306039000031,104.8420832329999,SAT_10044,19.577717932308715,188.87466336923652,98.9221183471245,170.60325414658155,-65.41198211105147,29.744050221744214,35.0,0.12243033587328303,12.43034785034086
8.953306039000031,104.94208323299989,SAT_10044,19.50190726481513,188.4482283645851,98.91261665768158,170.62336811904197,-65.48779277854506,29.71068576602786,35.0,0.12274492292698243,12.452365502603971
8.953306039000031,105.04208323299989,SAT_10044,19.416678866575765,187.96881862448868,98.9017869808488,170.64591751620503,-65.57302117678442,29.67309722926885,35.0,0.12309874123940741,12.477102148608825
8.953306039000031,105.14208323299988,SAT_10044,19.3220950782044,187.43678481489974,98.88958147529571,170.67086403584003,-65.66760496515579,29.631284694370656,35.0,0.12349158381372843,12.504534039872699
8.953306039000031,105.24208323299987,SAT_10044,19.218224042887158,186.85251024124025,98.87594500294925,170.69816584374377,-65.77147600047303,29.585248253561243,35.0,0.1239232241782904,12.534635186112217
8.953306039000031,105.34208323299987,SAT_10098,19.113034090474656,186.26081675891996,98.86210363744861,170.73115459997302,-65.87666595288553,29.54152076570281,35.0,0.12432628731314994,12.562705831302177
9.05330603900003,104.8420832329999,SAT_10044,19.493769693954647,188.4024545284949,98.91159916932016,170.62552401401777,-65.49593034940554,29.70710045005515,35.0,0.12277869845547502,12.45472808698745
9.05330603900003,104.94208323299989,SAT_10044,19.418146329594677,187.97707310397007,98.90198561609974,170.64552982579306,-65.57155371376551,29.673745137764225,35.0,0.12309264784557913,12.476676377891094
9.05330603900003,105.04208323299989,SAT_10044,19.333127095622956,187.4988399128791,98.89102748032806,170.6679585569645,-65.65657294773723,29.63616690206163,35.0,0.12344575358056813,12.501335539253798
9.05330603900003,105.14208323299988,SAT_10044,19.238773704820247,186.9681020896139,98.87867597187031,170.69277230722776,-65.75092633853994,29.594365825840512,35.0,0.12383781064918989,12.52868204650351
9.05330603900003,105.24208323299987,SAT_10098,19.199982990585653,186.74990432204427,98.87375920495623,170.7083998525462,-65.78971705277453,29.58019324913673,35.0,0.12396498829008284,12.537545461074982
9.05330603900003,105.34208323299987,SAT_10098,19.244040363886597,186.99772704686214,98.87958984726386,170.69684372028297,-65.74565967947359,29.59975581407851,35.0,0.12378197866454782,12.524789794604581
9.05330603900003,105.44208323299986,SAT_10098,19.27868259418817,187.19258959230845,98.88414308645226,170.68774474419084,-65.71101744917202,29.615122227391574,35.0,0.12363810797558608,12.514756824397157
9.15330603900003,104.8420832329999,SAT_10044,19.40022595465409,187.87627099492926,98.89970027616909,170.65026287255455,-65.5894740887061,29.665831306192814,35.0,0.12316706242112578,12.481875459923236
9.15330603900003,104.94208323299989,SAT_10044,19.32480755897899,187.45204251925682,98.88995872772217,170.6701497587608,-65.6648924843812,29.632485229431435,35.0,0.12348031512805534,12.503747639923786
9.15330603900003,105.04208323299989,SAT_10044,19.240017217659343,186.97509684933382,98.87885359084822,170.6924458071049,-65.74968282570084,29.59491739855159,35.0,0.12383264235040303,12.528321774797135
9.15330603900003,105.14208323299988,SAT_10098,19.267950977418167,187.1322242479772,98.88274855779409,170.69056463287964,-65.72174906594202,29.610363423882628,35.0,0.12368267407218503,12.517865182872823
9.15330603900003,105.24208323299987,SAT_10098,19.321543869623284,187.433684266631,98.88975101937856,170.67647183875295,-65.6681561737369,29.634115368929212,35.0,0.12346013919360026,12.502339564719573
9.15330603900003,105.34208323299987,SAT_10098,19.365727445314462,187.68221687989387,98.8954753541496,170.66483358143932,-65.62397259804573,29.653672393934354,35.0,0.12327672168781043,12.489534688852943
9.15330603900003,105.44208323299986,SAT_10098,19.400469287500684,187.87763974219135,98.89994588567717,170.65566978733267,-65.5892307558595,29.669034455623887,35.0,0.12313252910466928,12.479462895046053
9.15330603900003,105.54208323299986,SAT_10098,19.425743737192235,188.01980852170632,98.90318142026831,170.6489962341634,-65.56395630616795,29.680201520007255,35.0,0.12302764653835421,12.472133945473448
9.25330603900003,104.8420832329999,SAT_10044,19.297156219010617,187.29650373193473,98.88636778152015,170.6774280296289,-65.69254382434957,29.62024288039879,35.0,0.12359519690336637,12.511763478216075
9.25330603900003,104.94208323299989,SAT_10098,19.24437104616618,186.99958713468476,98.87966027704779,170.6967569164143,-65.74532899719401,29.599902561275997,35.0,0.12378060520403604,12.52469403685167
9.25330603900003,105.04208323299989,SAT_10098,19.31684680955948,187.40726330377205,98.88915221090575,170.67770802682222,-65.67285323380071,29.632034985964598,35.0,0.12347964040428204,12.503700552538797
9.25330603900003,105.14208323299988,SAT_10098,19.37997450964707,187.76235661676475,98.89732324726546,170.66107699664545,-65.60972553371312,29.659973804864304,35.0,0.12321758747431391,12.485404754457667
9.25330603900003,105.24208323299987,SAT_10098,19.43370821176464,188.06460869117612,98.90420866731007,170.64689205138154,-65.55599183159555,29.68371895614493,35.0,0.12299459887632411,12.469824137482615
9.25330603900003,105.34208323299987,SAT_10098,19.47800843116488,188.31379742530245,98.90983776555152,170.63517746561456,-65.5116916121953,29.70327038726013,35.0,0.12281080558581332,12.456973728255063
9.25330603900003,105.44208323299986,SAT_10098,19.512842345650512,188.50973819428415,98.91423419704628,170.62595342654902,-65.47685769770968,29.718628054946066,35.0,0.12266631642172304,12.446866009684996
9.25330603900003,105.54208323299986,SAT_10098,19.538183974227778,188.65228485503124,98.91741625351219,170.61923591926328,-65.45151606913241,29.729791925220272,35.0,0.12256121748513366,12.439510857604267
9.25330603900003,105.64208323299985,SAT_10098,19.5540143197465,188.74133054857407,98.91939707421609,170.61503663503711,-65.43568572361369,29.73676197338078,35.0,0.12249557171208453,12.434915490245267
9.25330603900003,105.74208323299985,SAT_10098,19.56032147388322,188.77680829059312,98.9201847960388,170.61336290384875,-65.42937856947697,29.73953818400548,35.0,0.12246941854499453,12.433084431088707
9.25330603900003,105.84208323299984,SAT_10098,19.557100683243362,188.7586913432439,98.91978264580973,170.61421765185878,-65.43259936011682,29.73812055095172,35.0,0.12248277372600175,12.434019485483761
9.35330603900003,104.8420832329999,SAT_10098,19.264642949546797,187.11361659120075,98.88234039575143,170.69143365369092,-65.72505709381339,29.60889625363047,35.0,0.12369641210293565,12.518823281649992
9.35330603900003,104.94208323299989,SAT_10098,19.346606722617338,187.57466281472253,98.89302719879367,170.6698723033661,-65.64309332074285,29.64521171946296,35.0,0.12335609156910252,12.49507664527061
9.35330603900003,105.04208323299989,SAT_10098,19.4192540328595,187.98330393483468,98.90237353893278,170.6507103576932,-65.57044601050069,29.677334862024715,35.0,0.12305457583728084,12.474015938994906
9.35330603900003,105.14208323299988,SAT_10098,19.482532154583794,188.33924336953385,98.91042004630567,170.63398021284746,-65.5071678887764,29.7052656102168,35.0,0.12279203992552354,12.455661246220215
9.35330603900003,105.24208323299987,SAT_10098,19.536394633919286,188.64221981579598,98.91720110891022,170.61971042842129,-65.4533054094409,29.729003902223546,35.0,0.12256863792458914,12.440030245318582
9.35330603900003,105.34208323299987,SAT_10098,19.580801537181173,188.8920086466441,98.92274528444875,170.6079255680652,-65.40889850617901,29.748549685510966,35.0,0.12238450221479674,12.427138121409964
9.35330603900003,105.44208323299986,SAT_10098,19.61571966714044,189.08842312766498,98.92707563624025,170.59864606059438,-65.37398037621975,29.76390291682537,35.0,0.12223974278631036,12.416997489664437
9.35330603900003,105.54208323299986,SAT_10098,19.641122744755734,189.231315439251,98.9302100004293,170.59188808318538,-65.34857729860445,29.775063562192276,35.0,0.12213444666952333,12.409618330941827
9.35330603900003,105.64208323299985,SAT_10098,19.656991554286094,189.3205774928593,98.93216119012115,170.58766346805118,-65.3327084890741,29.782031596915512,35.0,0.12206867748121554,12.405007940457212
9.35330603900003,105.74208323299985,SAT_10098,19.66331405010027,189.35614153181402,98.9329371406687,170.58597963371741,-65.32638599325992,29.784807005576592,35.0,0.12204247509105601,12.403170890028038
9.35330603900003,105.84208323299984,SAT_10098,19.660085423934405,189.337980509631,98.93254099907905,170.58683954173316,-65.32961461942578,29.78338978203431,35.0,0.12205585541184034,12.40410900431509
9.35330603900003,105.94208323299983,SAT_10098,19.647308131803882,189.26610824139684,98.930971159349,170.59024167934666,-65.3423919115563,29.77777992942458,35.0,0.12210881031560768,12.407821351318622
9.35330603900003,106.04208323299983,SAT_10098,19.624991880252452,189.14057932642004,98.92822124444099,170.59618006835748,-65.36470816310774,29.76797746016052,35.0,0.12220130767649834,12.414304247234275
9.35330603900003,106.14208323299982,SAT_10098,19.593153572099894,188.96148884306191,98.92428003453685,170.60464430003788,-65.3965464712603,29.753982395932784,35.0,0.12233329153991135,12.423551275615292
9.45330603900003,104.8420832329999,SAT_10098,19.357195183131225,187.63422290511312,98.8944084372395,170.66708242966405,-65.63250486022896,29.64989749647191,35.0,0.12331213801909427,12.49200778901773
9.45330603900003,104.94208323299989,SAT_10098,19.439332360151354,188.09624452585138,98.9049466509605,170.6454058224797,-65.55036768320883,29.686202368584116,35.0,0.12297126296113027,12.468192966352131
9.45330603900003,105.04208323299989,SAT_10098,19.512134551588915,188.50575685268765,98.91416398999131,170.62614096210712,-65.47756549177127,29.71831614039553,35.0,0.12266925204750276,12.447071418012184
9.45330603900003,105.14208323299988,SAT_10098,19.57554849650488,188.86246029283996,98.9221001486432,170.60932058918792,-65.41415154685531,29.746238740823685,35.0,0.12240628197531532,12.428663416515757
9.45330603900003,105.24208323299987,SAT_10098,19.62952726619409,189.16609087234175,98.92878872879318,170.59497356913195,-65.3601727771661,29.76997010806722,35.0,0.12218250832071521,12.412986807780637
9.45330603900003,105.34208323299987,SAT_10098,19.67403051635995,189.41642165452473,98.93425763949928,170.58312473021712,-65.31566952700024,29.7895101896043,35.0,0.12199806474543691,12.400056921641982
9.45330603900003,105.44208323299986,SAT_10098,19.709024706729025,189.61326397535078,98.93852942304493,170.57379472246117,-65.28067533663116,29.80485894219125,35.0,0.12185306230805587,12.389886494053178
9.45330603900003,105.54208323299986,SAT_10098,19.734483285614942,189.75646848158408,98.94162151436984,170.56699989892547,-65.25521675774525,29.816016331861444,35.0,0.12174758888674905,12.382485601794475
9.45330603900003,105.64208323299985,SAT_10098,19.75038683730571,189.84592595984464,98.9435464393068,170.56275222086805,-65.23931320605448,29.82298233392443,35.0,0.12168170871934095,12.37786161039152
9.45330603900003,105.74208323299985,SAT_10098,19.75672319055454,189.8815679468693,98.94431195569476,170.56105918789507,-65.23297685280565,29.825756932965277,35.0,0.12165546206529537,12.376019135810557
9.45330603900003,105.84208323299984,SAT_10098,19.753487486899274,189.86336711380844,98.94392114022689,170.56192379396083,-65.23621255646091,29.82434012284421,35.0,0.12166886499310679,12.376960020351179
9.45330603900003,105.94208323299983,SAT_10098,19.740682208000095,189.79133742000056,98.9423724227771,170.56534450975846,-65.24901783536009,29.818731906696414,35.0,0.12172190929527744,12.380683323002767
9.45330603900003,106.04208323299983,SAT_10098,19.718317161670797,189.66553403439823,98.9396595688904,170.57131529171795,-65.27138288168939,29.808932296932138,35.0,0.12181456253175742,12.387185324371828
9.45330603900003,106.14208323299982,SAT_10098,19.68640942677017,189.4860530255822,98.93577161008815,170.57982561750032,-65.30329061659002,29.79494131523701,35.0,0.1219467682013989,12.396459546125309
9.553306039000029,104.8420832329999,SAT_10098,19.440188194094986,188.1010585917843,98.90506614404417,170.6451796356215,-65.5495118492652,29.686580240707393,35.0,0.12296771196531844,12.467944742385784
9.553306039000029,104.94208323299989,SAT_10098,19.522479469447006,188.56394701563943,98.91547376183716,170.62339953565345,-65.46722057391318,29.722874418936495,35.0,0.12262634686651312,12.444069110329727
9.553306039000029,105.04208323299989,SAT_10098,19.595419318142433,188.9742336645512,98.9245777090924,170.60404226050778,-65.39428072521775,29.754978731398943,35.0,0.1223238982805167,12.422893297828413
9.553306039000029,105.14208323299988,SAT_10098,19.658953996683834,189.33161623134657,98.93241686250072,170.5871408616622,-65.33074604667635,29.782893107028475,35.0,0.12206054441434543,12.404437747628284
9.553306039000029,105.24208323299987,SAT_10098,19.71303614823003,189.63582833379394,98.93902413694624,170.57272448051694,-65.27666389513016,29.806617484037826,35.0,0.12183644218001402,12.388720456471038
9.553306039000029,105.34208323299987,SAT_10098,19.75762505822118,189.88664095249413,98.94442687451615,170.56081818418943,-65.23207498513901,29.826151809917135,35.0,0.12165172639176386,12.375756884474955
9.553306039000029,105.44208323299986,SAT_10098,19.792686877025133,190.08386368326637,98.94864716198425,170.55144282235926,-65.19701316633505,29.84149604143259,35.0,0.1215065090691583,12.365559876339226
9.553306039000029,105.54208323299986,SAT_10098,19.818194807068153,190.22734578975835,98.95170208349158,170.54461490685446,-65.17150523629203,29.852650144625294,35.0,0.1214008788529539,12.358139595209925
9.553306039000029,105.64208323299985,SAT_10098,19.834129252283716,190.3169770440959,98.95360391366366,170.54034651542483,-65.15557079107647,29.859614094810432,35.0,0.1213349005396242,12.35350346992246
9.553306039000029,105.74208323299985,SAT_10098,19.840477928128152,190.35268834572085,98.95436025509976,170.5386452208721,-65.14922211523204,29.86238787657659,35.0,0.12130861473927435,12.351656156197254
9.553306039000029,105.84208323299984,SAT_10098,19.837235930863116,190.33445211110507,98.95397412299967,170.53951404640486,-65.15246411249707,29.86097148378538,35.0,0.12132203766046024,12.352599512217122
9.553306039000029,105.94208323299983,SAT_10098,19.82440576527931,190.2622824296961,98.95244397861394,170.5429514477706,-65.16529427808088,29.85536491957128,35.0,0.12137516102413527,12.356332588857425
9.553306039000029,106.04208323299983,SAT_10098,19.801997330529986,190.13623498423118,98.94976371218118,170.5489513223864,-65.1877027128302,29.84556819634171,35.0,0.12146795210761689,12.3628516346779
9.553306039000029,106.14208323299982,SAT_10098,19.77002786424552,189.95640673638104,98.94592257501415,170.55750304535337,-65.21967217911467,29.831581335777358,35.0,0.12160035391811681,12.372150115620538
9.553306039000029,106.24208323299982,SAT_10098,19.728521845593008,189.72293538146067,98.94090505938426,170.5685915319114,-65.26117819776718,29.813404368832728,35.0,0.12177228549403983,12.384218749194451
9.553306039000029,106.4420832329998,SAT_10098,19.61703341616591,189.09581296593322,98.92725396011348,170.5982967108123,-65.37266662719428,29.76448028599483,35.0,0.12223429692784839,12.41661590544897
9.653306039000029,104.94208323299989,SAT_10098,19.595985718974788,188.97741966923317,98.9246562053274,170.6038917526801,-65.3937143243854,29.755227790275057,35.0,0.12232155013129462,12.422728811849046
9.653306039000029,105.04208323299989,SAT_10098,19.66904549033029,189.3883808831079,98.93366152674608,170.58445289102767,-65.3206545530299,29.7873225548145,35.0,0.1220187229854151,12.401505493831312
9.653306039000029,105.14208323299988,SAT_10098,19.732685363663194,189.74635517060545,98.94141630047281,170.56747995739786,-65.257014679697,29.815228628632102,35.0,0.12175503709977276,12.38300831383146
9.653306039000029,105.24208323299987,SAT_10098,19.78685760283858,190.051074015967,98.94795284679687,170.5530023379239,-65.20284244052161,29.83894594995447,35.0,0.12153065056690507,12.36725540198527
9.653306039000029,105.34208323299987,SAT_10098,19.83152116524697,190.3023065545142,98.9532980170014,170.54104531153016,-65.15817887811322,29.858474466283543,35.0,0.12134569921959837,12.354262333647002
9.653306039000029,105.44208323299986,SAT_10098,19.866641927148606,190.4998608402109,98.95747350348408,170.53162990497188,-65.12305811621158,29.873814134395204,35.0,0.12120029592674546,12.344042049708165
9.653306039000029,105.54208323299986,SAT_10098,19.892192873088874,190.64358491112492,98.96049608663074,170.52477277089164,-65.09750717027131,29.88496492033819,35.0,0.12109453000310473,12.336604789714757
9.653306039000029,105.64208323299985,SAT_10098,19.90815424718241,190.73336764040104,98.96237782352736,170.52048609036333,-65.08154579617778,29.89192679943322,35.0,0.12102846673892374,12.331958038508743
9.653306039000029,105.74208323299985,SAT_10098,19.914513664485867,190.769139362733,98.9631261823309,170.51877750111265,-65.07518637887432,29.89469975627235,35.0,0.12100214705423631,12.330106486979783
9.653306039000029,105.84208323299984,SAT_10098,19.911266181138586,190.75087226890457,98.96274412498417,170.51965005229647,-65.0784338622216,29.893283784718555,35.0,0.12101558728139869,12.331052007362292
9.653306039000029,105.94208323299983,SAT_10098,19.89841432242838,190.67858056365964,98.96123013991192,170.52310218640602,-65.09128572093181,29.887678887905622,35.0,0.12106877907812216,12.334793643353283
9.653306039000029,106.04208323299983,SAT_10098,19.875968068451357,190.55232038503888,98.95857822534272,170.52912774851353,-65.11373197490883,29.87788507823818,35.0,0.12116168947190659,12.341327615161577
9.653306039000029,106.14208323299982,SAT_10098,19.843944797532515,190.3721894861204,98.95477782292802,170.53771602275236,-65.14575524582767,29.863902377392048,35.0,0.1212942610354131,12.350647339431951
9.653306039000029,106.24208323299982,SAT_10098,19.802369188089443,190.13832668300313,98.94981370034705,170.54885179557303,-65.18733085527074,29.845730816314788,35.0,0.12146641219095274,12.362743463821548
9.653306039000029,106.34208323299981,SAT_10098,19.75127308010255,189.85091107557685,98.9436657805596,170.56251544499867,-65.23842696325764,29.823370435226497,35.0,0.12167803764094358,12.377603915844524
9.653306039000029,106.4420832329998,SAT_10098,19.69069529783141,189.5101610503017,98.93630891426635,170.57868305478303,-65.29900474552878,29.79682128362085,35.0,0.1219290089199211,12.395213965446693
9.653306039000029,106.5420832329998,SAT_10098,19.620681435843977,189.11633307662237,98.92771259091752,170.59732655209189,-65.36901860751621,29.76608342026637,35.0,0.12221917506250238,12.415556300628188
9.653306039000029,112.94208323299944,SAT_10082,19.990222556759832,191.19500188177406,98.97186776320441,170.49538113318792,-64.99947748660036,29.925896188009073,35.0,0.12070634429007769,12.309286197131437
9.753306039000028,104.94208323299989,SAT_10098,19.6597952709252,189.33634839895427,98.93253480814701,170.58691681596042,-65.32990477243499,29.783262411810462,35.0,0.12205705789757132,12.404193310387454
9.753306039000028,105.04208323299989,SAT_10098,19.73295677145714,189.7478818394464,98.94145555218941,170.56740749143788,-65.25674327190305,29.815347539877195,35.0,0.12175391273986161,12.382929407602498
9.753306039000028,105.14208323299988,SAT_10098,19.796685896999335,190.10635817062126,98.94913796093637,170.55037277416264,-65.19301414636085,29.843245234890702,35.0,0.12148994787029084,12.364396659218622
9.753306039000028,105.24208323299987,SAT_10098,19.850934582904387,190.41150702883718,98.95561384681247,170.53584226244877,-65.1387654604558,29.866955435091267,35.0,0.12126532240133082,12.34861331069698
9.753306039000028,105.34208323299987,SAT_10098,19.895661502413432,190.66309595107555,98.96090964182434,170.5238414188679,-65.09403854094676,29.886478087992426,35.0,0.12108017304579877,12.335595037025481
9.753306039000028,105.44208323299986,SAT_10098,19.93083229434616,190.86093165569716,98.96504670142562,170.51439142371837,-65.05886774901403,29.901813150379628,35.0,0.12093461340644354,12.325354862268842
9.753306039000028,105.54208323299986,SAT_10098,19.956419754503386,191.00486111908157,98.96804154645577,170.5075090517498,-65.0332802888568,29.91296058830911,35.0,0.12082873338040773,12.317903092035714
9.753306039000028,105.64208323299985,SAT_10098,19.97240398854794,191.09477243558217,98.96990604810787,170.50320657363628,-65.01729605481225,29.919920377107054,35.0,0.12076259868460419,12.31324725959841
9.753306039000028,105.74208323299985,SAT_10098,19.97877252455787,191.130595450638,98.97064755964865,170.50149168340525,-65.01092751880232,29.922692501368907,35.0,0.12073625050687756,12.311392086259104
9.753306039000028,105.84208323299984,SAT_10098,19.975520383912055,191.1123021595053,98.97026899750777,170.50236745271712,-65.01417965944813,29.92127695495902,35.0,0.12074970528656158,12.312339456403453
9.753306039000028,105.94208323299983,SAT_10098,19.962650109656707,191.03990686681897,98.96876887333302,170.50583231256633,-65.02704993370348,29.91567374101047,35.0,0.12080295462671906,12.3160884075209
9.753306039000028,106.04208323299983,SAT_10098,19.940171752010727,190.91346610506034,98.96614127763895,170.51188006263186,-65.04952829134946,29.905882871925154,35.0,0.12089596533898056,12.322635135303777
9.753306039000028,106.14208323299982,SAT_10098,19.90810281118516,190.73307831291652,98.96237581472934,170.52049990816076,-65.08159723217503,29.8919043693741,35.0,0.12102867962051396,12.33197301376786
9.753306039000028,106.24208323299982,SAT_10098,19.86646813820508,190.4988832774036,98.95745748761452,170.531676523923,-65.12323190515511,29.873738264298023,35.0,0.12120101536127804,12.344092630168845
9.753306039000028,106.34208323299981,SAT_10098,19.815299794915816,190.21106134640146,98.95136653064517,170.5453901444487,-65.17440024844437,29.85138459690813,35.0,0.12141286657837279,12.358981834325425
9.753306039000028,106.4420832329998,SAT_10098,19.754636874835825,189.86983242095152,98.9440781865091,170.56161667943513,-65.23506316852436,29.824843416687152,35.0,0.1216641039730143,12.376625801803362
9.753306039000028,106.5420832329998,SAT_10098,19.684525286951327,189.47545473910122,98.93556242305114,170.58032785292528,-65.30517475640886,29.794114782390615,35.0,0.12195457560446346,12.397007110269723
9.753306039000028,116.44208323299924,SAT_10045,19.544965611801317,188.69043156638241,98.91817153792412,170.61381178907197,-65.44473443155887,29.73070686186453,35.0,0.1225549837210708,12.439074520630358
9.853306039000028,105.04208323299989,SAT_10098,19.78710372035424,190.0524584269926,98.94799366972468,170.55293650010853,-65.20259632300595,29.839053625275472,35.0,0.12152963127447933,12.36718381689841
9.853306039000028,105.14208323299988,SAT_10098,19.850905800664606,190.4113451287384,98.95561521462675,170.53584997907757,-65.13879424269558,29.866942864513646,35.0,0.12126544156135305,12.348621686570311
9.853306039000028,105.24208323299987,SAT_10098,19.90521698769149,190.71684555576462,98.96204007897025,170.52127511771113,-65.0844830556687,29.890645878175356,35.0,0.12104062346609704,12.332813192666828
9.853306039000028,105.34208323299987,SAT_10098,19.94999571591542,190.96872590202426,98.96729434314493,170.50923753307336,-65.03970432744477,29.910162613785566,35.0,0.12085531443904121,12.319774093717923
9.853306039000028,105.44208323299986,SAT_10098,19.985207424633444,191.16679176356314,98.97139908000572,170.49975853463604,-65.00449261872674,29.92549302813913,35.0,0.12070962869796087,12.309517483531875
9.853306039000028,105.54208323299986,SAT_10098,20.01082475103668,191.3108892245813,98.97437059269046,170.49285499987968,-64.97887529232351,29.936637087299687,35.0,0.12060365662809062,12.302053723115426
9.853306039000028,105.64208323299985,SAT_10098,20.026827684436924,191.4009057249577,98.97622059645997,170.48853927486377,-64.96287235892326,29.943594766598768,35.0,0.12053746430393453,12.297390386354323
9.853306039000028,105.74208323299985,SAT_10098,20.033203679816594,191.43677069896836,98.97695634820374,170.48681910098597,-64.9564963635436,29.946366050635188,35.0,0.12051109313779373,12.295532220055025
9.853306039000028,105.84208323299984,SAT_10098,20.02994772934234,191.41845597755068,98.97658072617142,170.4876975688403,-64.95975231401785,29.94495093327463,35.0,0.12052455965866221,12.296481118793503
9.853306039000028,105.94208323299983,SAT_10098,20.017062390984137,191.3459759492858,98.97509226149215,170.49117309974832,-64.97263765237605,29.93934941764949,35.0,0.12057785542380059,12.300236114853401
9.853306039000028,106.04208323299983,SAT_10098,19.99455777389143,191.2193874781393,98.97248512209653,170.4972394551967,-64.99514226946876,29.929561516158962,35.0,0.12067094706391547,12.306793383367102
9.853306039000028,106.14208323299982,SAT_10098,19.96245148070568,191.03878957896944,98.9687490487278,170.50588577406074,-65.0272485626545,29.915587250469358,35.0,0.12080377646146977,12.316146262601645
9.853306039000028,106.24208323299982,SAT_10098,19.920768507503013,190.80432285470448,98.9638692417911,170.51709663715016,-65.06893153585717,29.897426651514664,35.0,0.12097626106025916,12.328285289161423
9.853306039000028,106.34208323299981,SAT_10098,19.869541102565776,190.5161687019325,98.9578261968113,170.53085215827485,-65.12015894079441,29.87507975949733,35.0,0.12118829430303132,12.343198247713847
9.853306039000028,106.4420832329998,SAT_10098,19.80880858566421,190.1745482943612,98.9505954852187,170.54712810070623,-65.18089145769598,29.848546623889312,35.0,0.12143974619263008,12.360870234686434
9.853306039000028,106.5420832329998,SAT_10098,19.738617129968233,189.77972135607132,98.94214747602172,170.56589601761794,-65.25108291339195,29.81782730343334,35.0,0.12173046397093243,12.381283735236424
9.853306039000028,106.6420832329998,SAT_10098,19.659019509117286,189.33198473878474,98.93244699261645,170.587123414818,-65.3306805342429,29.782921866144445,35.0,0.12206027290874004,12.404418712660613
9.953306039000028,105.14208323299988,SAT_10098,19.895302462541537,190.66107635179614,98.96087570743146,170.52393782890792,-65.09439758081865,29.88632146566183,35.0,0.12108165913036394,12.335699558442197
9.953306039000028,105.24208323299987,SAT_10098,19.949661944941596,190.9668484402965,98.96725883491261,170.50932732840647,-65.04003809841859,29.91001722738521,35.0,0.12085669552502103,12.319871301872308
9.953306039000028,105.34208323299987,SAT_10098,19.99448071743474,191.21895403557042,98.97247912520706,170.49726021836187,-64.99521932592545,29.929527991855906,35.0,0.1206712658321077,12.306815833587377
9.953306039000028,105.44208323299986,SAT_10098,20.029724058784026,191.41719783066017,98.97655742038292,170.48775791233257,-64.95997598457616,29.94485371587803,35.0,0.12052548476273356,12.296546303358884
9.953306039000028,105.54208323299986,SAT_10098,20.05536447855998,191.5614251918999,98.97950984578007,170.48083737058178,-64.93433556480021,29.95599436552249,35.0,0.12041944309365198,12.289073116647256
9.953306039000028,105.64208323299985,SAT_10098,20.07138187245421,191.65152303255493,98.98134798930359,170.47651099991685,-64.91831817090598,29.962949916126103,35.0,0.12035320718620743,12.284403879929023
9.953306039000028,105.74208323299985,SAT_10098,20.077763636631715,191.68742045605342,98.98207902912574,170.4747865799094,-64.91193640672847,29.965720352290987,35.0,0.12032681863274884,12.28254336047731
9.953306039000028,105.84208323299984,SAT_10098,20.07450473975328,191.6690891611122,98.98170581231169,170.4756672164112,-64.91519530360691,29.964305667884133,35.0,0.12034029403419119,12.283493461045646
9.953306039000028,105.94208323299983,SAT_10098,20.06160775179754,191.59654360386116,98.9802268859025,170.47915132294878,-64.92809229156265,29.958705866037267,35.0,0.12039362491105492,12.287253209740081
9.953306039000028,106.04208323299983,SAT_10098,20.039082829332997,191.46984091499812,98.9776364810596,170.48523263023117,-64.95061721402719,29.948920959146932,35.0,0.12048677774891824,12.293818765194036
9.953306039000028,106.14208323299982,SAT_10098,20.006947657421378,191.2890805729953,98.97392444996277,170.4939002236485,-64.98275238593881,29.934950968874794,35.0,0.12061969417780444,12.303183436987311
9.953306039000028,106.24208323299982,SAT_10098,19.965227348850206,191.05440383728242,98.96907615423268,170.5051386082954,-65.02447269450998,29.916795926148215,35.0,0.12079229128362241,12.315337721079175
9.953306039000028,106.34208323299981,SAT_10098,19.913954301909982,190.76599294824365,98.96307230268874,170.51892780070463,-65.0757457414502,29.89445587116102,35.0,0.12100446204841053,12.330269349858186
9.953306039000028,106.4420832329998,SAT_10098,19.853168018405412,190.42407010353045,98.95588873521974,170.53524344616244,-65.13653202495478,29.867930853374578,35.0,0.1212560759148269,12.347963356252079
9.953306039000028,106.5420832329998,SAT_10098,19.78291488404915,190.02889622277647,98.94749614840754,170.55405696016817,-65.20678515931104,29.83722093151902,35.0,0.12154697946910609,12.368402151192795
9.953306039000028,106.6420832329998,SAT_10098,19.703247913783073,189.5807695150298,98.9378597572581,170.57533569233954,-65.28645212957711,29.80232617359479,35.0,0.12187699723558654,12.391565613596779
10.053306039000027,105.04208323299989,SAT_10098,19.865942756471142,190.49592800515018,98.95740898188656,170.53181745605374,-65.12375728688905,29.873508899089966,35.0,0.12120319028950928,12.344245539635764
10.053306039000027,105.14208323299988,SAT_10098,19.92984069675326,190.85535391923707,98.964941688292,170.51465801410328,-65.05985934660693,29.901380995946237,35.0,0.12093871690070201,12.325643611549193
10.053306039000027,105.24208323299987,SAT_10098,19.984234055471177,191.16131656202538,98.97129207849137,170.50002072283036,-65.00546598788901,29.925069440349194,35.0,0.12071365556085392,12.309801049846989
10.053306039000027,105.34208323299987,SAT_10098,20.029080930624843,191.41358023476477,98.97648572055456,170.48793141755507,-64.96061911273534,29.94457417984612,35.0,0.12052814475473206,12.296733730271654
10.053306039000027,105.44208323299986,SAT_10098,20.064346480310903,191.61194895174881,98.98054327554495,170.4784115902466,-64.92535356304928,29.959895171250235,35.0,0.12038229956275004,12.286454844490184
10.053306039000027,105.54208323299986,SAT_10098,20.090003118169776,191.75626753970496,98.98348072935308,170.47147826353196,-64.89969692519041,29.971032380639603,35.0,0.12027621105474336,12.278974831243303
10.053306039000027,105.64208323299985,SAT_10098,20.106030669518788,191.8464225160432,98.98530956999534,170.46714388998365,-64.8836693738414,29.977985783356242,35.0,0.1202099458067764,12.274301321407217
10.053306039000027,105.74208323299985,SAT_10098,20.11241648630981,191.88234273549267,98.98603691390328,170.4654162779319,-64.87728355705038,29.980755364005514,35.0,0.12018354554597556,12.272439097578026
10.053306039000027,105.84208323299984,SAT_10098,20.10915551953363,191.86399979737666,98.98566558368267,170.46629854472346,-64.88054452382656,29.9793411164557,35.0,0.12019702692709318,12.2733900686317
10.053306039000027,105.94208323299983,SAT_10098,20.09625034819601,191.79140820860258,98.98419413885505,170.4697890980123,-64.89344969516418,29.973743043837874,35.0,0.12025038144314731,12.277153259546596
10.053306039000027,106.04208323299983,SAT_10098,20.073711164511124,191.66462530037506,98.98161686017623,170.47588164532033,-64.91598887884906,29.96396115854596,35.0,0.12034357547107848,12.283724816603607
10.053306039000027,106.14208323299982,SAT_10098,20.04155571549566,191.4837508996631,98.97792368722908,170.48456523174445,-64.94814432786453,29.94999548223706,35.0,0.12047655045194168,12.293098027905184
10.053306039000027,106.24208323299982,SAT_10098,19.999809201668526,191.24892675938545,98.97310010807873,170.49582430533854,-64.98989084169166,29.931846045832007,35.0,0.12064922320374094,12.305263358981382
10.053306039000027,106.34208323299981,SAT_10098,19.948504134075193,190.96033575417297,98.96712699883157,170.50963880935458,-65.041195909285,29.90951288951616,35.0,0.12086148636363503,12.320208503082942
10.053306039000027,106.4420832329998,SAT_10098,19.887680151344895,190.61820085131504,98.95998040992265,170.52598430019964,-65.10201989201529,29.882996062740446,35.0,0.12111320895492887,12.337918445601165
10.053306039000027,106.5420832329998,SAT_10098,19.817383798939176,190.22278386903287,98.95163129483338,170.54483208966587,-65.17231624442101,29.852295624222613,35.0,0.12140423707303459,12.358375541904717
10.053306039000027,106.6420832329998,SAT_10098,19.737668273156146,189.77438403650333,98.94204517567647,170.56614940972122,-65.25203177020404,29.817411641948755,35.0,0.12173439468346335,12.381559607748118
10.153306039000027,104.64208323299991,SAT_10098,19.54088698781368,188.66748930645196,98.91783599024858,170.6185190600924,-65.44881305554651,29.730982258406897,35.0,0.12255000815311733,12.438726245707873
10.153306039000027,104.8420832329999,SAT_10098,19.734410404313337,189.75605852426253,98.9416570254008,170.56701935935837,-65.25528963904685,29.81598440193315,35.0,0.12174789080916598,12.382506790812458
10.153306039000027,104.94208323299989,SAT_10098,19.81719322156526,190.2217118713046,98.9516137554688,170.54488312417988,-65.17250682179493,29.85221231498046,35.0,0.12140502621740396,12.358430986378112
10.153306039000027,105.04208323299989,SAT_10098,19.890572540550053,190.63447054059407,98.96032614258067,170.5252078031717,-65.09912750281013,29.884258012136378,35.0,0.12110123679272049,12.33707647498209
10.153306039000027,105.14208323299988,SAT_10098,19.95449294596206,190.99402282103657,98.96783026927305,170.50802752849862,-65.03520709739813,29.912121422426754,35.0,0.12083670593237193,12.318464285393885
10.153306039000027,105.24208323299987,SAT_10098,20.008905597359345,191.3000939851463,98.97415670161195,170.49337240131538,-64.98079444600084,29.935802484144382,35.0,0.120611595140864,12.302612933688964
10.153306039000027,105.34208323299987,SAT_10098,20.05376849687272,191.55244779490906,98.97933084246172,170.4812683194645,-64.93593154648747,29.955301144847432,35.0,0.12042604319496551,12.289538328675423
10.153306039000027,105.44208323299986,SAT_10098,20.089046722475743,191.75088781392608,98.98337322009831,170.47173682719614,-64.90065332088444,29.970617361358084,35.0,0.12028016541857517,12.279253689627808
10.153306039000027,105.54208323299986,SAT_10098,20.11471262410953,191.89525851061612,98.98629971811275,170.4647949887194,-64.87498741925066,29.98175109976144,35.0,0.12017405307474843,12.271769477217948
10.153306039000027,105.64208323299985,SAT_10098,20.130745980360217,191.98544613952623,98.98812175124462,170.46045528712213,-64.85895406299997,29.98870233540464,35.0,0.12010777288110158,12.26709333840138
10.153306039000027,105.74208323299985,SAT_10098,20.137134113819727,192.02137939023595,98.98884639063394,170.4587255499109,-64.85256592954046,29.991471052896234,35.0,0.12008136665360904,12.265230065872188
10.153306039000027,105.84208323299984,SAT_10098,20.13387196374549,192.00302979606838,98.98847644094391,170.45960890209685,-64.8558280796147,29.990057246105778,35.0,0.12009485108251315,12.266181572541116
10.153306039000027,105.94208323299983,SAT_10098,20.120962115137573,191.93041189764884,98.98701047085127,170.4631037474183,-64.86873792822261,29.98446091816369,35.0,0.12014821764270238,12.269946881325305
10.153306039000027,106.04208323299983,SAT_10098,20.098414783880628,191.80358315932855,98.98444279749302,170.46920377793617,-64.89128525947956,29.97468208146133,35.0,0.12024143263950138,12.276522130365228
10.153306039000027,106.14208323299982,SAT_10098,20.06624775813208,191.62264363949294,98.98076342456925,170.4778980118803,-64.92345228522811,29.960720757651305,35.0,0.1203744373893912,12.285900593609702
10.153306039000027,106.24208323299982,SAT_10098,20.02448629666638,191.3877354187484,98.97595793290368,170.48917085927178,-64.9652137466938,29.94257697764803,35.0,0.12054714853375735,12.298072716536295
10.153306039000027,106.34208323299981,SAT_10098,19.97316298539971,191.09904179287335,98.97000732132581,170.50300221450146,-65.01653705796048,29.920250781628535,35.0,0.12075945848238145,12.313026166605178
10.153306039000027,106.4420832329998,SAT_10098,19.912317553811903,190.75678624019196,98.96288779473275,170.51936757471594,-65.07738248954828,29.89374221903347,35.0,0.12101123598207174,12.330745897883745
10.153306039000027,106.5420832329998,SAT_10098,19.84199665343175,190.3612311755536,98.95457049507921,170.53823818256316,-65.14770338992844,29.8630513485684,35.0,0.12130232680459282,12.35121422912908
10.153306039000027,106.6420832329998,SAT_10098,19.762253600966375,189.91267650543585,98.94502116979224,170.55958119157293,-65.22744644239381,29.828178238205307,35.0,0.12163255454692673,12.37441093447927
10.153306039000027,106.74208323299979,SAT_10098,19.673148089012386,189.41145800069467,98.93419977066841,170.58335985221188,-65.3165519543478,29.789122965184323,35.0,0.12200172153589747,12.40031334578434
10.253306039000027,103.94208323299995,SAT_10098,19.350045538133458,187.59400615200073,98.89357841473468,170.66896634827683,-65.63965450522673,29.646733661027223,35.0,0.12334181650239784,12.494080001474735
10.253306039000027,104.04208323299994,SAT_10098,19.22308495984589,186.87985289913314,98.87698694969204,170.7023424690866,-65.7666150835143,29.590453862864134,35.0,0.1238690199547326,12.530857457337104
10.253306039000027,104.64208323299991,SAT_10044,19.59089114153322,188.94876267112437,98.9238653391155,170.59975363175664,-65.39880890182697,29.74984099352707,35.0,0.12237568473343025,12.426520578863968
10.253306039000027,104.7420832329999,SAT_10044,19.67934196942636,189.4462985780233,98.93475819777856,170.57620793898388,-65.31035807393383,29.788670651745143,35.0,0.12200883217528144,12.400811954519812
10.253306039000027,104.8420832329999,SAT_10044,19.75845504531631,189.89130962990424,98.94436526379063,170.55508633804723,-65.23124499804388,29.823323935922797,35.0,0.12168085581220779,12.377801740107232
10.253306039000027,104.94208323299989,SAT_10098,19.83192849118744,190.30459776292935,98.95337679469223,170.54093617911522,-65.15777155217275,29.858652456486503,35.0,0.12134401269279355,12.354143816851247
10.253306039000027,105.04208323299989,SAT_10098,19.905313744326975,190.7173898118392,98.96206779422893,170.52124912755266,-65.08438629903321,29.890688074776683,35.0,0.12104022300671614,12.33278502325051
10.253306039000027,105.14208323299988,SAT_10098,19.969239441194603,191.07697185671964,98.96955362327753,170.50405856630914,-65.02046060216558,29.918542721611264,35.0,0.12077569152587476,12.31416906594183
10.253306039000027,105.24208323299987,SAT_10098,20.023656687256064,191.38306886581537,98.97586471874268,170.48939463223252,-64.96604335610412,29.942216335295644,35.0,0.12055057991674553,12.298314479250504
10.253306039000027,105.34208323299987,SAT_10098,20.068523437843226,191.63544433786817,98.9810263768524,170.47728325406422,-64.92117660551696,29.961708863398695,35.0,0.12036502709578893,12.285237187755659
10.253306039000027,105.44208323299986,SAT_10098,20.103804731814378,191.83390161645588,98.98505904018351,170.4677460018934,-64.88589531154581,29.977020262751417,35.0,0.12021914850335091,12.27495042390046
10.253306039000027,105.54208323299986,SAT_10098,20.129472888013055,191.97828499507344,98.98797852631222,170.46079996047982,-64.86022715534713,29.988150499445833,35.0,0.12011303549487308,12.267464658818275
10.253306039000027,105.64208323299985,SAT_10098,20.145507662210335,192.06848059993314,98.98979620269628,170.4564576279932,-64.84419238114985,29.995099548834112,35.0,0.12004675485564162,12.262787547135126
10.253306039000027,105.74208323299985,SAT_10098,20.15189636266453,192.104417039988,98.99051911125318,170.45472684141717,-64.83780368069566,29.997867395527948,35.0,0.12002034844410016,12.260923886362342
10.253306039000027,105.84208323299984,SAT_10098,20.148633922904494,192.0860658163378,98.9901500450698,170.45561072955087,-64.8410661204557,29.996454033398145,35.0,0.12003383296745437,12.261875591335519
10.253306039000027,105.94208323299983,SAT_10098,20.135722930856375,192.0134414860671,98.98868757872967,170.4591076941979,-64.85397711250381,29.990859465574488,35.0,0.12008719989192723,12.265641683988465
10.253306039000027,106.04208323299983,SAT_10098,20.113173613961663,191.88660157853437,98.98612605284288,170.46521141977752,-64.87652642939852,29.9810837044458,35.0,0.12018041548861197,12.272218298578203
10.253306039000027,106.14208323299982,SAT_10098,20.081003780463405,191.70564626510665,98.98245551248026,170.47391091124095,-64.90869626289678,29.967126771660276,35.0,0.12031342101443901,12.281598702301673
10.253306039000027,106.24208323299982,SAT_10098,20.039238717576197,191.47071778636612,98.97766159832156,170.4851905598128,-64.95046132578399,29.94898869812602,35.0,0.1204861330263507,12.293773331070867
10.253306039000027,106.34208323299981,SAT_10098,19.987911047767753,191.18199964369362,98.97172538839668,170.4990302357351,-65.00178899559243,29.926669524011853,35.0,0.12069844382539396,12.308729840043805
10.253306039000027,106.4420832329998,SAT_10098,19.927060544867643,190.8397155648805,98.96462318729964,170.51540540686756,-65.06263949849254,29.900169298748345,35.0,0.12095022202611662,12.326453168347221
10.253306039000027,106.5420832329998,SAT_10098,19.85673391218039,190.4441282560147,98.95632625865363,170.5342872816867,-65.1329661311798,29.86948808102906,35.0,0.12124131324541561,12.346925617276755
10.253306039000027,106.6420832329998,SAT_10098,19.77698452518719,189.99553795417793,98.94680049536319,170.5556429749576,-65.212715518173,29.834625938812106,35.0,0.12157154090385706,12.370126941123646
10.253306039000027,106.74208323299979,SAT_10098,19.68787214177712,189.4942807974963,98.93600602075993,170.5794356941165,-65.30182790158307,29.79558294932183,35.0,0.12194070713148417,12.396034449656899
10.353306039000026,103.94208323299995,SAT_10098,19.354990802735415,187.6218232653867,98.89422902315778,170.66766332982928,-65.63470924062477,29.648922084537904,35.0,0.12332128837820473,12.49264670695519
10.353306039000026,104.04208323299994,SAT_10098,19.228054249121087,186.90780515130612,98.87765689629666,170.701038877009,-65.7616457942391,29.59266014842072,35.0,0.1238483784384316,12.529418687212377
10.353306039000026,104.54208323299991,SAT_10044,19.535501925875664,188.6371983330506,98.91696995285288,170.61446138436307,-65.45419811748452,29.725479064719888,35.0,0.12260550149575988,12.442610296345592
10.353306039000026,104.64208323299991,SAT_10044,19.63330367292849,189.18733316022278,98.92911646421292,170.58847243576594,-65.3563963704317,29.76847131485337,35.0,0.12219975576259343,12.414195493756534
10.353306039000026,104.7420832329999,SAT_10044,19.72182585725895,189.6852704470816,98.93993949925331,170.56487284400734,-65.26787418610124,29.807288607000444,35.0,0.12183269080661363,12.388457258287724
10.353306039000026,104.8420832329999,SAT_10044,19.80100338337185,190.13064403146666,98.94948547294871,170.54370264328654,-65.18869665998834,29.84193085517772,35.0,0.1215045225191048,12.365420349360424
10.353306039000026,104.94208323299989,SAT_10044,19.870777191851687,190.52312170416576,98.95779449579042,170.5249981829313,-65.1189228515085,29.8723979826561,35.0,0.12121544658632527,12.345107204646954
10.353306039000026,105.04208323299989,SAT_10044,19.931094573692945,190.86240697702283,98.9649008541771,170.50879192554507,-65.05860546966724,29.89868992195885,35.0,0.12096563750132959,12.327537828579686
10.353306039000026,105.14208323299988,SAT_10044,19.981909455558437,191.14824068751622,98.97083341226498,170.49511226360036,-65.00779058780175,29.920806614859845,35.0,0.12075524767099298,12.312729691390238
10.353306039000026,105.24208323299987,SAT_10098,20.02847539684217,191.41017410723722,98.97642340409774,170.48809477687118,-64.96122464651802,29.94431097977499,35.0,0.12053064926416734,12.296910200157674
10.353306039000026,105.34208323299987,SAT_10098,20.073333772813214,191.66250247207432,98.98157951764749,170.47598361678507,-64.91636627054697,29.96379732148575,35.0,0.12034513599233658,12.283834839255304
10.353306039000026,105.44208323299986,SAT_10098,20.1086084861642,191.86092273467364,98.98560786740236,170.46644653677416,-64.88109155719599,29.979103861426932,35.0,0.12019928847817828,12.273549593370593
10.353306039000026,105.54208323299986,SAT_10098,20.134271857440282,192.0052791981016,98.98852424066158,170.45950062098376,-64.8554281859199,29.99023056569737,35.0,0.12009319806817988,12.266064932565344
10.353306039000026,105.64208323299985,SAT_10098,20.15030364365998,192.0954579955874,98.99033998320584,170.45515836713292,-64.8393963997002,29.997177409654178,35.0,0.12002693154104298,12.26138851068041
10.353306039000026,105.74208323299985,SAT_10098,20.15669115386511,192.13138774049128,98.99106212355872,170.45342761192185,-64.83300888949508,29.999944377912136,35.0,0.12000053075106776,12.259525124734285
10.353306039000026,105.84208323299984,SAT_10098,20.153429321897548,192.11303993567373,98.99069344950192,170.45431148403645,-64.83627072146264,29.998531464343284,35.0,0.12001401240380252,12.260476689365667
10.353306039000026,105.94208323299983,SAT_10098,20.140520735523864,192.04042913732175,98.98923253832588,170.45780838533784,-64.84917930783632,29.99293867207678,35.0,0.12006736796631705,12.264242226608944
10.353306039000026,106.04208323299983,SAT_10098,20.117975621553484,191.91361287123834,98.98667374139876,170.4639120004742,-64.8717244218067,29.983166013498952,35.0,0.12016056371304636,12.270817871118414
10.353306039000026,106.14208323299982,SAT_10098,20.085811787131377,191.732691302614,98.98300712275653,170.47261133479373,-64.90388825622881,29.969213510253653,35.0,0.12029354090672115,12.280196890782017
10.353306039000026,106.24208323299982,SAT_10098,20.044054517916507,191.49780666328036,98.97821835052751,170.48389078008267,-64.94564552544368,29.951081193242786,35.0,0.12046621611247971,12.292369722491316
10.353306039000026,106.34208323299981,SAT_10098,19.992736434374947,191.20914244335907,98.9722885390777,170.49773020730532,-64.99696360898524,29.928769102627108,35.0,0.12067848164187166,12.30732402266516
10.353306039000026,106.4420832329998,SAT_10098,19.931897307905132,190.86692235696637,98.96519403876674,170.51410508519706,-65.05780273545506,29.902277287827253,35.0,0.12093020612213969,12.325044731963107
10.353306039000026,106.5420832329998,SAT_10098,19.861583838970162,190.47140909420716,98.95690616910707,170.5329866232558,-65.12811620439003,29.871605807525015,35.0,0.12122123518493057,12.345514153474316
10.353306039000026,106.6420832329998,SAT_10098,19.78184939982053,190.0229028739905,98.94739088988041,170.55434193740578,-65.20785064353966,29.836754729664836,35.0,0.12155139226745473,12.368712043531259
10.353306039000026,106.74208323299979,SAT_10098,19.692753744750675,189.52173981422254,98.93660840334195,170.57813423636972,-65.29694629860951,29.797724131455546,35.0,0.1219204795181133,12.394615714177217
10.353306039000026,106.84208323299978,SAT_10082,19.624109021794865,189.13561324759615,98.92807719975686,170.59341045622332,-65.36559102156532,29.76586402078542,35.0,0.12222296149301867,12.415821624634399
10.453306039000026,104.54208323299991,SAT_10044,19.568060684078162,188.82034134793966,98.92104455320606,170.60581934537407,-65.42163935928203,29.739803742751658,35.0,0.12247040293248644,12.43315335372713
10.453306039000026,104.64208323299991,SAT_10044,19.665915167067354,189.37077281475388,98.93312963230021,170.57978684233774,-65.32378487629283,29.782782178153663,35.0,0.12206450906376486,12.404715703044996
10.453306039000026,104.7420832329999,SAT_10044,19.754485662608616,189.86898185217345,98.94389841727438,170.55614747361022,-65.23521438075157,29.821586997140628,35.0,0.12169730821347893,12.378956596068491
10.453306039000026,104.8420832329999,SAT_10044,19.833706870704887,190.314601147715,98.95339692501447,170.5349414059484,-65.1559931726553,29.8562181137479,35.0,0.12136901690655595,12.35590086354826
10.453306039000026,104.94208323299989,SAT_10044,19.903519544793483,190.70729743946336,98.96166492511811,170.51620511010094,-65.0861804985667,29.88667545126312,35.0,0.12107983140693007,12.335571008321944
10.453306039000026,105.04208323299989,SAT_10044,19.963870807561335,191.0467732925325,98.96873641492424,170.49997115795844,-65.02582923579885,29.912958942224243,35.0,0.1208299267254431,12.317987093339203
10.453306039000026,105.14208323299988,SAT_10044,20.014714437566354,191.33276871131076,98.97464001693746,170.48626803823072,-64.97498560579383,29.935068528417833,35.0,0.12061945572328255,12.303166640257665
10.453306039000026,105.24208323299987,SAT_10044,20.056011123458802,191.56506256945573,98.97939930717715,170.47511999278868,-64.93368891990139,29.95300416087756,35.0,0.12044854831970202,12.291124539670568
10.453306039000026,105.34208323299987,SAT_10044,20.087728682898856,191.74347384130607,98.9830330813139,170.46654687560758,-64.90197136046133,29.96676579988295,35.0,0.1203173108119056,12.281872973924793
10.453306039000026,105.44208323299986,SAT_10044,20.109842243621827,191.86786262037276,98.98555556402852,170.46056403601526,-64.87985779973836,29.976353414958385,35.0,0.12022582531397796,12.275421353367502
10.453306039000026,105.54208323299986,SAT_10098,20.129105607238643,191.97621904071735,98.98793940034439,170.4608993941596,-64.86059443612154,29.987991293967013,35.0,0.12011455373951685,12.267571782189435
10.453306039000026,105.64208323299985,SAT_10098,20.145129996201035,192.0663562286308,98.98975562046763,170.45655993075462,-64.84457004715915,29.99493591332067,35.0,0.1200483158915904,12.262897713833615
10.453306039000026,105.74208323299985,SAT_10098,20.15151455757548,192.1022693863621,98.99047795068475,170.4548302885493,-64.8381854857847,29.997701995506574,35.0,0.12002192653255775,12.261035266209433
10.453306039000026,105.84208323299984,SAT_10098,20.148254231562404,192.08393005253853,98.99010917970192,170.4557135922122,-64.84144581179778,29.99628953439798,35.0,0.12003540234768276,12.261986351635901
10.453306039000026,105.94208323299983,SAT_10098,20.135351602679776,192.01135276507375,98.98864788433772,170.459208245657,-64.85434844068041,29.990698533123425,35.0,0.12008873481439758,12.265749993332433
10.453306039000026,106.04208323299983,SAT_10098,20.112816884909094,191.88459497761366,98.98608841408756,170.46530794163627,-64.8768831584511,29.980929004066795,35.0,0.12018189024806519,12.272322330633557
10.453306039000026,106.14208323299982,SAT_10098,20.08066786309891,191.70375672993134,98.9824208296955,170.4740016995814,-64.90903218026128,29.966980968867663,35.0,0.12031480998259068,12.281696639564947
10.453306039000026,106.24208323299982,SAT_10098,20.038929791334894,191.46898007625882,98.97763079454693,170.4852739312148,-64.9507702520253,29.94885445842184,35.0,0.12048741068397982,12.293863368548338
10.453306039000026,106.34208323299981,SAT_10098,19.98763524950259,191.18044827845208,98.9716994167669,170.49910453311273,-65.0020647938576,29.926549512882158,35.0,0.12069958479356362,12.30881018883347
10.453306039000026,106.4420832329998,SAT_10098,19.92682395975571,190.83838477362585,98.96460303891357,170.515469005073,-65.06287608360448,29.90006618165949,35.0,0.12095120109628649,12.326522059094701
10.453306039000026,106.5420832329998,SAT_10098,19.856542565060053,190.4430519284628,98.95631297105717,170.5343385928362,-65.13315747830013,29.869404523424034,35.0,0.12124210540822183,12.346981303479748
10.453306039000026,106.6420832329998,SAT_10082,19.798602665683802,190.1171399944714,98.94929528721484,170.5468449756293,-65.19109737767639,29.842332531023796,35.0,0.12149975055053973,12.365085182520332
10.453306039000026,106.74208323299979,SAT_10082,19.75598476005598,189.8774142753149,98.94417177618283,170.55824419971387,-65.2337152833042,29.823688804261927,35.0,0.12167632315141025,12.37748356470086
10.453306039000026,106.84208323299978,SAT_10082,19.703907493983507,189.58447965365724,98.93786154280693,170.57215056270132,-65.28579254937668,29.800878192284138,35.0,0.12189214245478557,12.392628036504709
10.453306039000026,106.94208323299978,SAT_10082,19.642410077241266,189.2385566844821,98.93033878167333,170.5885399187808,-65.34728996611892,29.77390074566343,35.0,0.12214707865150048,12.410503714350043
10.453306039000026,107.14208323299977,SAT_10082,19.49134462819302,188.38881353358576,98.91152512852062,170.6286507849485,-65.49835541516717,29.707445596994344,35.0,0.12277367271002551,12.454376554502995
10.453306039000026,107.24208323299976,SAT_10082,19.401887239921123,187.88561572455632,98.9001541305686,170.65230425785361,-65.58781280343906,29.66796804230584,35.0,0.12314496360231063,12.48033162428898
10.553306039000026,104.94208323299989,SAT_10044,19.926372502363648,190.83584532579553,98.96435470819733,170.51006189989602,-65.06332754099654,29.896633143928504,35.0,0.12098519135585138,12.328913593673187
10.553306039000026,105.04208323299989,SAT_10044,19.986741453143722,191.17542067393344,98.97140110563899,170.4938101945521,-65.00295859021647,29.922908114036332,35.0,0.12073524470999314,12.311321264990694
10.553306039000026,105.14208323299988,SAT_10044,20.03760012040867,191.46150067729874,98.97728387095381,170.48009203750976,-64.95209992295152,29.945010532526524,35.0,0.12052473792855892,12.296493680039717
10.553306039000026,105.24208323299987,SAT_10044,20.07890911190198,191.69386375444864,98.98202643731474,170.46893172351204,-64.91079093145821,29.962940350443247,35.0,0.12035380117626364,12.284445757213156
10.553306039000026,105.34208323299987,SAT_10044,20.110636178733728,191.8723285053772,98.98564748707574,170.4603491500459,-64.87906386462646,29.976697528074556,35.0,0.12022254095177642,12.275189701703358
10.553306039000026,105.44208323299986,SAT_10044,20.132756397012983,191.996754733198,98.98816115949556,170.45435970020606,-64.8569436463472,29.986282034951365,35.0,0.12013103952520357,12.2687349415673
10.553306039000026,105.54208323299986,SAT_10044,20.145252309368487,192.06704424019776,98.989577206297,170.4509741513753,-64.8444477339917,29.991693849846666,35.0,0.12007935450068724,12.265088077962382
10.553306039000026,105.64208323299985,SAT_10044,20.1481140246691,192.0831413887637,98.98990109812236,170.45019861084978,-64.84158601869109,29.992932960775008,35.0,0.12006751850866126,12.264252850107654
10.553306039000026,105.74208323299985,SAT_10044,20.141339274741398,192.04503342042034,98.98913408395586,170.45203447921534,-64.84836076861879,29.989999364992165,35.0,0.12009553903098388,12.266230115364637
10.553306039000026,105.84208323299984,SAT_10098,20.13311289202767,191.99876001765563,98.98839526168676,170.4598144353705,-64.85658715133252,29.9897282484652,35.0,0.12009798881754691,12.266402975609674
10.553306039000026,105.94208323299983,SAT_10098,20.120219762539676,191.92623616428568,98.98693163898443,170.4633046627543,-64.86948028082051,29.984139053613514,35.0,0.12015128648589644,12.270163385193829
10.553306039000026,106.04208323299983,SAT_10098,20.097701616983443,191.7995715955319,98.9843680864674,170.4693966418421,-64.89199842637674,29.974372681041643,35.0,0.12024438119787223,12.276730084378412
10.553306039000026,106.14208323299982,SAT_10098,20.065576196811847,191.61886610706665,98.98069463928978,170.47807941976959,-64.92412384654834,29.960429152384958,35.0,0.1203772144236448,12.286096364740072
10.553306039000026,106.24208323299982,SAT_10098,20.02386869466038,191.38426140746463,98.97589692384284,170.48933744747683,-64.96583134869981,29.942308498533276,35.0,0.12054970302235933,12.298252696733895
10.553306039000026,106.34208323299981,SAT_10098,19.9726116114347,191.09594031432022,98.96995599935478,170.50315067192332,-65.01708843192549,29.920010759631626,35.0,0.1207617396838952,12.313186779949893
10.553306039000026,106.4420832329998,SAT_10082,19.9256675947816,190.8318802206465,98.96436235128147,170.51275736090048,-65.06403244857859,29.89779250119327,35.0,0.12097354291058289,12.32809404596079
10.553306039000026,106.5420832329998,SAT_10082,19.902021456204267,190.69887069114898,98.96158326444916,170.5191123661842,-65.08767858715592,29.887486016136858,35.0,0.12107143993526207,12.334980797173325
10.553306039000026,106.6420832329998,SAT_10082,19.868843565001768,190.51224505313496,98.95766569098565,170.52802021767573,-65.12085647835842,29.873013929053034,35.0,0.12120882049666075,12.34464136923906
10.553306039000026,106.74208323299979,SAT_10082,19.82615941956759,190.2721467350677,98.95259405130325,170.5394651953102,-65.1635406237926,29.85437627202769,35.0,0.12138560030579708,12.357066100204285
10.553306039000026,106.84208323299978,SAT_10082,19.774001613104872,189.9787590737149,98.94634798810432,170.55342721183564,-65.21569843025532,29.83157308638366,35.0,0.12160167157130213,12.37224263323203
10.553306039000026,106.94208323299978,SAT_10082,19.71240965295074,189.63230429784792,98.93890213702758,170.5698819291643,-65.27729039040945,29.804604422681784,35.0,0.12185690356183397,12.390155980365108
10.553306039000026,107.04208323299977,SAT_10082,19.64142974385871,189.23304230920525,98.93022583683103,170.58880089782963,-65.34827029950148,29.773470340722177,35.0,0.12215114328247062,12.410788599111559
10.553306039000026,107.14208323299977,SAT_10082,19.561114537721608,188.78126927468404,98.92028277309272,170.61015171789225,-65.42858550563858,29.738170909545765,35.0,0.12248421625834721,12.434120481033757
10.553306039000026,107.24208323299976,SAT_10082,19.47152285254414,188.2773160455608,98.90903054785014,170.6338982194234,-65.51817719081605,29.698706207436025,35.0,0.12285592741786831,12.460129251410807
10.553306039000026,107.34208323299976,SAT_10082,19.372719363763522,187.72154642116982,98.89642016577163,170.66000066050205,-65.61698067959667,29.655076321920987,35.0,0.12326606206702269,12.488790278948574
10.553306039000026,107.44208323299975,SAT_10044,19.439437391294902,188.09683532603384,98.90486229598383,170.63990269448544,-65.55026265206529,29.683142691284377,35.0,0.1230042455940818,12.470498403270138
10.553306039000026,107.54208323299974,SAT_10044,19.55011033238553,188.7193706196686,98.91881482188231,170.61058510133992,-65.43958971097466,29.73190775453485,35.0,0.12254488281367638,12.438367481355906
10.553306039000026,108.94208323299966,SAT_10044,20.11021001502712,191.8699313345276,98.98559897117791,170.46046449598563,-64.87949002833307,29.97651281803598,35.0,0.1202243039101378,12.275314046473277
10.553306039000026,116.94208323299921,SAT_10045,19.819498163059194,190.23467716720796,98.95177629341565,170.5406206214896,-65.170201880301,29.851100012451344,35.0,0.1214168882447613,12.359264383017967
10.653306039000025,105.04208323299989,SAT_10044,19.99968807724693,191.248245434514,98.97290614485324,170.49032040688164,-64.99001196611326,29.928537415650514,35.0,0.12068165234536704,12.307547322536767
10.653306039000025,105.14208323299988,SAT_10044,20.050547972492197,191.53433234526864,98.97877605587894,170.47659569684572,-64.93915207086799,29.950632605457695,35.0,0.12047115547881232,12.292717824001157
10.653306039000025,105.24208323299987,SAT_10044,20.091858006057578,191.7667012840739,98.98350830630734,170.46543003640642,-64.89784203730261,29.968556559364227,35.0,0.12030022663492725,12.280668333625492
10.653306039000025,105.34208323299987,SAT_10044,20.12358590054481,191.94517069056457,98.98712150786359,170.45684334202664,-64.86611414281538,29.98230923766654,35.0,0.12016897239609983,12.271411066059176
10.653306039000025,105.44208323299986,SAT_10044,20.145706709946225,192.06960024344755,98.9896297465716,170.4508510115279,-64.84399333341396,29.99189060990198,35.0,0.12007747509725022,12.264955456690798
10.653306039000025,105.54208323299986,SAT_10044,20.158202961356054,192.1398916576278,98.99104273754908,170.44746383263944,-64.83149708200413,29.997300654848022,35.0,0.1200257923879758,12.261308111824734
10.653306039000025,105.64208323299985,SAT_10044,20.161064754825205,192.1559892458918,98.99136593094289,170.4466879185317,-64.82863528853498,29.998539360521736,35.0,0.12001395692448573,12.26047277360054
10.653306039000025,105.74208323299985,SAT_10044,20.154289820157302,192.11788023838486,98.99060057106206,170.44852467113793,-64.83541022320289,29.99560672417949,35.0,0.12004197619455116,12.262450300049887
10.653306039000025,105.84208323299984,SAT_10044,20.13788352995293,192.02559485598525,98.98874370984828,170.4529707727303,-64.85181651340726,29.988502752316855,35.0,0.12010983247731233,12.267238660516497
10.653306039000025,105.94208323299983,SAT_10044,20.111858868749906,191.8792061367182,98.985788174943,170.46001820584962,-64.87784117461028,29.9772274606688,35.0,0.12021748293836698,12.274832946491095
10.653306039000025,106.04208323299983,SAT_10044,20.07623635862933,191.67882951728998,98.9817224917367,170.46965430134327,-64.91346368473086,29.96178087421007,35.0,0.12036485985913768,12.28522539773851
10.653306039000025,106.14208323299982,SAT_10098,20.040549055420172,191.47808843673846,98.97782196698128,170.48483692264327,-64.94915098794002,29.94955807513474,35.0,0.12048071375318695,12.293391426678301
10.653306039000025,106.24208323299982,SAT_10082,20.00485542565947,191.27731176933452,98.97359409666998,170.491436949458,-64.98484461770072,29.93225971870069,35.0,0.12064579070745848,12.30502159623594
10.653306039000025,106.34208323299981,SAT_10082,20.000314296252867,191.25176791642238,98.97306812420376,170.49266119422202,-64.98938574710732,29.930285145731826,35.0,0.12066458224043017,12.306345116376702
10.653306039000025,106.4420832329998,SAT_10082,19.986199730063234,191.1723734816057,98.97143083211782,170.4964651028973,-65.00350031329695,29.924146302386188,35.0,0.12072299236087503,12.310458520424966
10.653306039000025,106.5420832329998,SAT_10082,19.962522719447733,191.0391902968935,98.96867582243428,170.50284189346252,-65.02717732391245,29.91384320227476,35.0,0.12082098476928008,12.317357647955424
10.653306039000025,106.6420832329998,SAT_10082,19.929301644575645,190.85232175073799,98.96479227986488,170.51178022772933,-65.06039839878454,29.899375868241872,35.0,0.12095849875536611,12.327035540541724
10.653306039000025,106.74208323299979,SAT_10082,19.886562169692397,190.61191220451974,98.95976485283498,170.52326427824318,-65.10313787366779,29.880744332365808,35.0,0.1211354495193507,12.339482478271067
10.653306039000025,106.84208323299978,SAT_10082,19.834337099183102,190.31814618290497,98.95357348318285,170.53727382106786,-65.15536294417709,29.857948635959605,35.0,0.1213517286184201,12.354686030450406
10.653306039000025,106.94208323299978,SAT_10082,19.772666195130583,189.97124734760953,98.94619318114198,170.5537843533216,-65.2170338482296,29.830988829572103,35.0,0.12160720453383499,12.372631119946286
10.653306039000025,107.04208323299977,SAT_10082,19.701595958495503,189.57147726653722,98.93759374105167,170.57276723404294,-65.28810408486468,29.799864972989223,35.0,0.12190172335292473,12.393300100458045
10.653306039000025,107.14208323299977,SAT_10082,19.621179376430035,189.11913399241894,98.92773939192399,170.5941898467108,-65.36852066693015,29.76457713523551,35.0,0.12223510955915709,12.416672845895704
10.653306039000025,107.24208323299976,SAT_10082,19.531475638576893,188.61455046699504,98.91658837547617,170.61801578151605,-65.4582244047833,29.725125394575848,35.0,0.12260716692252585,12.44272685092058
10.653306039000025,107.34208323299976,SAT_10082,19.43254982548207,188.05809276833662,98.90409244245691,170.644205035303,-65.55715021787812,29.681509838517485,35.0,0.12301767948168765,12.471437341610917
10.653306039000025,107.44208323299975,SAT_10044,19.452374560506,188.16960690284625,98.90651719965727,170.6364814237446,-65.53732548285419,29.688850409768087,35.0,0.12295053425040525,12.466743934627265
10.653306039000025,107.54208323299974,SAT_10044,19.563048867518532,188.79214987979174,98.92043762134102,170.6071502650573,-65.42665117584166,29.73759952398618,35.0,0.12249119732397287,12.434609237446564
10.653306039000025,107.64208323299974,SAT_10044,19.66453751372819,189.36302351472108,98.93297546201812,170.58015395994028,-65.325162529632,29.782177874316492,35.0,0.12207022200245271,12.405116222005761
10.653306039000025,107.74208323299973,SAT_10044,19.756767149395174,189.88181521534784,98.94418580814673,170.5555375814394,-65.23293289396501,29.822585361969303,35.0,0.12168785180427481,12.378292822690627
10.753306039000025,105.14208323299988,SAT_10044,20.053547477178995,191.55120455913183,98.97912295513194,170.47578550686038,-64.93615256618119,29.951934734924556,35.0,0.1204587430924559,12.291843051152911
10.753306039000025,105.24208323299987,SAT_10044,20.094847248404164,191.78351577227343,98.98385123187042,170.464621448791,-64.89485279495602,29.96985277536685,35.0,0.12028785953800585,12.279796261993852
10.753306039000025,105.34208323299987,SAT_10044,20.12656725925251,191.9619408332954,98.98746141152951,170.45603598948185,-64.86313278410768,29.98360091639534,35.0,0.12015664008273072,12.270541070938442
10.753306039000025,105.44208323299986,SAT_10044,20.14868257125788,192.08633946332557,98.9899675586479,170.4500445223399,-64.84101747210231,29.9931791275537,35.0,0.12006516703478222,12.264086910281318
10.753306039000025,105.54208323299986,SAT_10044,20.161175716810533,192.15661340705924,98.99137937357716,170.44665783199315,-64.82852432654965,29.998587387623807,35.0,0.12001349802495821,12.26044038415536
10.753306039000025,105.64208323299985,SAT_10044,20.164036798967444,192.17270699419186,98.9917022981991,170.445882029851,-64.82566324439274,29.999825684625232,35.0,0.12000166569879817,12.259605233468184
10.753306039000025,105.74208323299985,SAT_10044,20.15726354822155,192.13460745874622,98.99093757493767,170.44771851744312,-64.83243649513864,29.996894015814902,35.0,0.1200296775416246,12.261582315968793
10.753306039000025,105.84208323299984,SAT_10044,20.140861335541658,192.04234501242183,98.9890822602019,170.45216397799743,-64.84883870781853,29.98979238768705,35.0,0.1200975158383714,12.266369601669771
10.753306039000025,105.94208323299983,SAT_10044,20.11484314152574,191.8959926710823,98.98612919251832,170.4592103963623,-64.87485690183445,29.978520815973365,35.0,0.12020513776862246,12.273962183676893
10.753306039000025,106.04208323299983,SAT_10044,20.079229482039793,191.69566583647386,98.98206691474016,170.46884510702438,-64.9104705613204,29.963079325643413,35.0,0.12035247563585909,12.284352304303567
10.753306039000025,106.14208323299982,SAT_10082,20.050520465308495,191.53417761736029,98.9788639500545,170.47911526554572,-64.9391795780517,29.952102270796466,35.0,0.12045685143392294,12.29170973186852
10.753306039000025,106.24208323299982,SAT_10082,20.055561577394528,191.56253387284423,98.979443007286,170.47775382643974,-64.93413846596566,29.954291247145186,35.0,0.12043599672439169,12.290239889946717
10.753306039000025,106.34208323299981,SAT_10082,20.051015702375565,191.53696332586256,98.97892085737746,170.4789815289001,-64.93868434098462,29.952317328342378,35.0,0.12045480264897801,12.291565337777913
10.753306039000025,106.4420832329998,SAT_10082,20.036886401531945,191.4574860086172,98.9772954748561,170.48279617491244,-64.95281364182824,29.946180518764972,35.0,0.12051325745336158,12.295684728227428
10.753306039000025,106.5420832329998,SAT_10082,20.013184726230975,191.32416408504923,98.97456054039884,170.48919094417445,-64.97651531712921,29.93588083202077,35.0,0.12061132465718681,12.302593880318339
10.753306039000025,106.6420832329998,SAT_10082,19.97992915512107,191.13710149755602,98.97070537194115,170.4981544346262,-65.00977088823912,29.92141829094877,35.0,0.12074894324813079,12.312285801313555
10.753306039000025,106.74208323299979,SAT_10082,19.937145489556613,190.89644337875595,98.96571480757798,170.50967072991403,-65.05255455380357,29.902792927619743,35.0,0.12092602800538256,12.324750723503897
10.753306039000025,106.84208323299978,SAT_10082,19.884866708497526,190.60237523529858,98.95956903796316,170.52371949295787,-65.10483333486266,29.880004783337064,35.0,0.12114246994918103,12.339976155292675
10.753306039000025,106.94208323299978,SAT_10082,19.823132784604525,190.25512191340047,98.95224338488543,170.54027608446893,-65.16656725875566,29.85305390863775,35.0,0.12139813691179291,12.357946946012682
10.753306039000025,107.04208323299977,SAT_10082,19.751990463674346,189.85494635816818,98.94370802155893,170.55931170498698,-65.23770957968584,29.821940363293745,35.0,0.1216928742241294,12.378645363768477
10.753306039000025,107.14208323299977,SAT_10082,19.671493009958056,189.4021481810141,98.93392762887851,170.5807935587377,-65.31820703340213,29.786664216313426,35.0,0.12202650551112387,12.402051185466732
10.753306039000025,107.24208323299976,SAT_10082,19.58169992024075,188.89706205135423,98.9228609804033,170.60468503739148,-65.40800012311944,29.74722554594337,35.0,0.12239883358803912,12.42814179808329
10.753306039000025,107.34208323299976,SAT_10082,19.482676609845427,188.34005593038054,98.91046044709178,170.63094592161707,-65.50702343351476,29.703624439670328,35.0,0.12280964144905597,12.45689231011897
10.753306039000025,107.44208323299975,SAT_10044,19.45552240379338,188.18731352133779,98.90692701079676,170.63564873486933,-65.5341776395668,29.690238907111475,35.0,0.12293746588102018,12.46583034592793
10.753306039000025,107.54208323299974,SAT_10044,19.56616929953475,188.80970230988297,98.9208349864563,170.60632164183318,-65.42353074382544,29.738971937780278,35.0,0.12247825035930891,12.433702789413237
10.753306039000025,107.64208323299974,SAT_10044,19.667632796497927,189.38043448030083,98.93336175049107,170.57932910306948,-65.32206724686226,29.783535580645317,35.0,0.12205738635018884,12.404216338087908
10.753306039000025,107.74208323299973,SAT_10044,19.759839566069445,189.8990975591406,98.94456229971566,170.55471617935387,-65.22986047729074,29.82392973693742,35.0,0.12167511729733665,12.37739891757695
10.753306039000025,107.84208323299973,SAT_10044,19.84272186435058,190.36531048697202,98.95448466456216,170.53252453585483,-65.14697817900961,29.860154317136928,35.0,0.12133166786331258,12.3532762924284
10.753306039000025,107.94208323299972,SAT_10044,19.91621788411777,190.77872559816248,98.96317050048341,170.51279221645586,-65.07348215924242,29.892209240971404,35.0,0.12102724281726014,12.331871940940683
10.853306039000024,105.04208323299989,SAT_10044,19.995775422695473,191.22623675266206,98.97245845155534,170.49137523730846,-64.99392462066471,29.926836368514373,35.0,0.12069784832086193,12.308687903549759
10.853306039000024,105.14208323299988,SAT_10044,20.046596194856505,191.51210359606785,98.97832632641095,170.47766297333393,-64.94310384850368,29.948916918081377,35.0,0.1204875088225265,12.293870284428609
10.853306039000024,105.24208323299987,SAT_10044,20.087874398418606,191.74429349110466,98.98305694897842,170.466507467347,-64.90182564494158,29.96682899561839,35.0,0.12031670793897466,12.281830465274009
10.853306039000024,105.34208323299987,SAT_10044,20.119577813648647,191.92262520177366,98.98666891581921,170.45792859977664,-64.87012222971154,29.9805725614382,35.0,0.12018555206541384,12.272580639307707
10.853306039000024,105.44208323299986,SAT_10044,20.14168153926954,192.0469586583912,98.98917630157192,170.45194174047998,-64.84801850409065,29.990147585090714,35.0,0.12009412339169745,12.266130225309677
10.853306039000024,105.54208323299986,SAT_10044,20.154168133790932,192.117195752574,98.99058881354807,170.4485576575395,-64.83553190956926,29.99555404536215,35.0,0.12004247946560626,12.262485817926297
10.853306039000024,105.64208323299985,SAT_10044,20.15702771509443,192.13328089740617,98.99091189753199,170.44778245297192,-64.83267232826576,29.99679193027452,35.0,0.1200306528855859,12.261651152682775
10.853306039000024,105.74208323299985,SAT_10044,20.150258017074933,192.0952013460465,98.99014679683835,170.44961752615131,-64.83944202628525,29.99386123708531,35.0,0.1200586511261538,12.263627086093102
10.853306039000024,105.84208323299984,SAT_10044,20.133864402651753,192.00298726491613,98.98829056576565,170.45405956540588,-64.85583564070843,29.986761972287425,35.0,0.12012645649781147,12.268411591092164
10.853306039000024,105.94208323299983,SAT_10044,20.107859832990144,191.85671156056958,98.98533603770386,170.46110056789564,-64.88184021037004,29.975494151609347,35.0,0.12023402624188446,12.27599976784187
10.853306039000024,106.24208323299982,SAT_10082,20.096376656490207,191.79211869275744,98.98411565382762,170.46672215112892,-64.89332338686998,29.97200312022606,35.0,0.1202671691036192,12.278337186863505
10.853306039000024,106.34208323299981,SAT_10082,20.091827250109404,191.76652828186542,98.98359659059928,170.46795256585153,-64.89787279325078,29.970029861034778,35.0,0.12028598539804053,12.279664103035985
10.853306039000024,106.4420832329998,SAT_10082,20.077686985523613,191.68698929357035,98.9819808249223,170.47177563434613,-64.91201305783657,29.96389510215534,35.0,0.1203444723956824,12.28378805325009
10.853306039000024,106.5420832329998,SAT_10082,20.053966960418634,191.55356415235482,98.97926210092511,170.47818450620758,-64.93573308294155,29.9535988571924,35.0,0.12044259347476148,12.290704840451617
10.853306039000024,106.6420832329998,SAT_10082,20.020685730741405,191.3663572354204,98.97542984401417,170.48716772914878,-64.96901431261878,29.939141148979694,35.0,0.12058028738674206,12.300407445062957
10.853306039000024,106.74208323299979,SAT_10082,19.977869205461857,191.12551428072297,98.97046904528524,170.4987093169115,-65.01183083789833,29.920522009580605,35.0,0.12075746858154766,12.312886061985909
10.853306039000024,106.84208323299978,SAT_10082,19.925550500559837,190.8312215656491,98.96436009609651,170.51278884344686,-65.06414954280035,29.89774148028898,35.0,0.1209740276594966,12.328128151982964
10.853306039000024,106.94208323299978,SAT_10082,19.863769753965713,190.48370486605714,98.95707856953659,170.5293815622106,-65.12593028939447,29.870799611630183,35.0,0.12122983194530697,12.34611850686876
10.853306039000024,107.04208323299977,SAT_10082,19.79257390362531,190.08322820789238,98.94859494440074,170.54845854912017,-65.19712613973488,29.839696463362372,35.0,0.12152472617832677,12.366839327798754
10.853306039000024,107.14208323299977,SAT_10082,19.712016431245985,189.63009242575865,98.93887426602265,170.56998686746886,-65.2776836121142,29.80443210447801,35.0,0.1218585333120599,12.390270315811302
10.853306039000024,107.24208323299976,SAT_10082,19.622157074630522,189.1246335447967,98.92787573685,170.59392975285573,-65.36754296872967,29.765006613205617,35.0,0.12223105541509953,12.41638877366445
10.853306039000024,107.34208323299976,SAT_10082,19.523061511788086,188.567221003808,98.91555222794247,170.62024681600772,-65.4666385315721,29.721420077011754,35.0,0.12264207466475746,12.445169717911385
10.853306039000024,107.44208323299975,SAT_10044,19.44887849694436,188.14994154531206,98.90609385698097,170.63740611936532,-65.54082154641583,29.68730818027887,35.0,0.12296504852197947,12.467758558807404
10.853306039000024,107.54208323299974,SAT_10044,19.559469201075856,188.77201425605168,98.92000897014977,170.60810072597718,-65.43023084228433,29.73602499291685,35.0,0.12250604996033133,12.435649059263678
10.853306039000024,107.64208323299974,SAT_10044,19.660880903655354,189.34245508306137,98.93254212204566,170.58112828930152,-65.32881913970483,29.780573805343003,35.0,0.12208538566565716,12.406179270080674
10.853306039000024,107.74208323299973,SAT_10044,19.753040380076555,189.86085213793064,98.94374834974616,170.55653380465,-65.23665966328363,29.820954518808374,35.0,0.12170329874589177,12.37937707869612
10.853306039000024,107.84208323299973,SAT_10044,19.83587998347943,190.3268249070718,98.9536757186953,170.5343588760398,-65.15382005988076,29.85716704381163,35.0,0.12136001355123464,12.355268214101365
10.853306039000024,107.94208323299972,SAT_10044,19.909337995965842,190.74002622730788,98.96236591459918,170.51464149100326,-65.08036204739435,29.889211300096758,35.0,0.12105573456403529,12.333876121923817
10.853306039000024,108.04208323299972,SAT_10044,19.97335895543874,191.1001441243429,98.96985474399919,170.49741581072146,-65.01634108792145,29.917087216651044,35.0,0.12079064537096235,12.315221848480068
10.853306039000024,116.24208323299925,SAT_10045,20.15715364961997,192.13398927911234,98.99099161770918,170.44963242813876,-64.83254639374022,29.9979649518755,35.0,0.12001943592648556,12.260859481550472
10.853306039000024,116.64208323299923,SAT_10045,20.043289342207274,191.49350254991592,98.9780124970905,170.48043579714272,-64.94641070115291,29.94858921064062,35.0,0.12049039563832707,12.294073719012493
10.853306039000024,116.84208323299922,SAT_10045,19.92905655747205,190.8509431357803,98.96474841029344,170.5112156300304,-65.06064348588814,29.898899982099056,35.0,0.12096317635464245,12.327364661602152
10.953306039000024,105.44208323299986,SAT_10044,20.12470935630877,191.95149012923684,98.9872531730011,170.45653911988717,-64.86499068705142,29.982795989137884,35.0,0.12016432522637895,12.271083231075753
10.953306039000024,105.54208323299986,SAT_10044,20.137185966616585,192.02167106221827,98.98866826102808,170.45315975556957,-64.8525140767436,29.98820063469178,35.0,0.12011271773061183,12.267442238135196
10.953306039000024,105.64208323299985,SAT_10044,20.140043260275462,192.03774333904948,98.98899193385826,170.45238563243151,-64.84965678308473,29.98943810409921,35.0,0.12010089949689924,12.266608355255526
10.953306039000024,105.74208323299985,SAT_10044,20.133278977279005,191.9996942471944,98.98822543848212,170.45421814595016,-64.85642106608118,29.98650839461822,35.0,0.12012887798064102,12.268582436768598
10.953306039000024,106.24208323299982,SAT_10082,20.127267637531276,191.96588046111341,98.98763141450034,170.45836230471178,-64.86243240582891,29.985395299221388,35.0,0.12013941687214749,12.269325983466366
10.953306039000024,106.34208323299981,SAT_10082,20.12271593066498,191.94027710999055,98.9871147227875,170.45959467549955,-64.8669841126952,29.983422705085562,35.0,0.12015823946350206,12.270653902817717
10.953306039000024,106.4420832329998,SAT_10082,20.108568524851464,191.86069795228948,98.985506345806,170.46342381821853,-64.88113151850872,29.97729001382898,35.0,0.12021674600500931,12.274780968114158
10.953306039000024,106.5420832329998,SAT_10082,20.084836551144235,191.72720560018635,98.9828000764791,170.46984286071256,-64.90486349221595,29.96699723905321,35.0,0.12031489977355908,12.281702970783043
10.953306039000024,106.6420832329998,SAT_10082,20.051538621175382,191.5399047441115,98.97898542285935,170.47884031440282,-64.9381614221848,29.952544403586796,35.0,0.12045263935137648,12.291412872017409
10.953306039000024,106.74208323299979,SAT_10082,20.008700721438373,191.29894155809086,98.97404749370115,170.49040014252222,-64.98099932192181,29.933931539485844,35.0,0.12062987895247164,12.303900839932968
10.953306039000024,106.84208323299978,SAT_10082,19.95635606661513,191.0045028747101,98.96796683470484,170.50450185474097,-65.03334397674506,29.911158688034813,35.0,0.12084650887628713,12.319154301162621
10.953306039000024,106.94208323299978,SAT_10082,19.894544913685493,190.65681513948093,98.960719212208,170.52112062702153,-65.0951551296747,29.884225899747587,35.0,0.12110239608386487,12.337158006316894
10.953306039000024,107.04208323299977,SAT_10082,19.823314338999268,190.25614315687088,98.95227533999449,170.54022744524585,-65.16638570436092,29.853133234368737,35.0,0.12139738489065613,12.35789410859316
10.953306039000024,107.14208323299977,SAT_10082,19.74271798089049,189.802788642509,98.94260054364392,170.56178927089047,-65.2469820624697,29.817880760875045,35.0,0.12173129776900925,12.381342254685265
10.953306039000024,107.24208323299976,SAT_10082,19.65281575074971,189.29708859796716,98.93165435540418,170.5857692268059,-65.33688429261048,29.778468557477236,35.0,0.12210393625240454,12.407479687029417
10.953306039000024,107.34208323299976,SAT_10082,19.55367351576841,188.73941352619732,98.91939003088588,170.61212680095667,-65.43602652759178,29.73489671162198,35.0,0.12251508193268064,12.436281356324415
10.953306039000024,107.44208323299975,SAT_10082,19.44536275678766,188.13016550693058,98.90575397687907,170.64081806584034,-65.54433728657253,29.687165319994094,35.0,0.12296449754081938,12.46772004318546
10.953306039000024,107.54208323299974,SAT_10044,19.5429537825204,188.67911502667724,98.91795647124074,170.61248430997082,-65.44674626083979,29.728758695838355,35.0,0.12257457886727106,12.44044606784004
10.953306039000024,107.64208323299974,SAT_10044,19.64428713452223,189.24911513168755,98.93051353104926,170.5855482546138,-65.34541290883796,29.77329255488399,35.0,0.12215420240650085,12.411003006701657
10.953306039000024,107.74208323299973,SAT_10044,19.736374972892477,189.76710922252016,98.94174096174349,170.56098714107713,-65.25332507046771,29.813659714085592,35.0,0.1217723783470655,12.384225265129094
10.953306039000024,107.84208323299973,SAT_10044,19.819149824719574,190.2327177640476,98.95168697647719,170.53884246281694,-65.17055021864061,29.84986008395984,35.0,0.12142933048544818,12.360138509298062
10.953306039000024,107.94208323299972,SAT_10044,19.892550132230525,190.6455944937967,98.96039338806581,170.5191521054836,-65.09714991112966,29.881893584266884,35.0,0.12112526279580832,12.338766127117134
10.953306039000024,108.04208323299972,SAT_10044,19.95652057837097,191.00542825333673,98.9678961114861,170.50195013788712,-65.03317946498922,29.9097601440083,35.0,0.12086035840571796,12.320129112704683
10.953306039000024,108.14208323299971,SAT_10044,20.011012384567778,191.31194466319374,98.97422558588127,170.48726662057658,-64.97868765879241,29.933459701425274,35.0,0.12063477866360683,12.30424596097751
11.053306039000024,106.24208323299982,SAT_10082,20.148209371177956,192.08367771287598,98.99000483047003,170.45268981282433,-64.84149067218223,29.994467754854078,35.0,0.12005282301737534,12.263215791194598
11.053306039000024,106.34208323299981,SAT_10082,20.143656607092325,192.0580684148943,98.989489810766,170.45392337544706,-64.84604343626786,29.992495831216086,35.0,0.12007164779478995,12.264544244242105
11.053306039000024,106.4420832329998,SAT_10082,20.129505921023366,191.97847080575642,98.98788664314452,170.45775621919904,-64.86019412233682,29.986365224502464,35.0,0.12013016111288308,12.268672966527355
11.053306039000024,106.5420832329998,SAT_10082,20.105768464249493,191.8449476114034,98.9851891550802,170.46418145865405,-64.8839315791107,29.976075948311728,35.0,0.12022832618782281,12.275597742580548
11.053306039000024,106.6420832329998,SAT_10082,20.072462882153232,191.65760371211192,98.98138691314846,170.47318758309336,-64.91723716120696,29.961628025467316,35.0,0.12036608150041031,12.285311522080507
11.053306039000024,106.74208323299979,SAT_10082,20.02961520821492,191.41658554620895,98.97646510942276,170.48475852493584,-64.96008483514527,29.943021488018154,35.0,0.12054334112326295,12.297804457104327
11.053306039000024,106.84208323299978,SAT_10082,19.97725871693801,191.1220802827763,98.97040439890577,170.49887375463618,-65.01244132642218,29.920256377239465,35.0,0.12075999517547718,12.313063953849989
11.053306039000024,106.94208323299978,SAT_10082,19.91543373745209,190.77431477316802,98.96318068479923,170.51550840088353,-65.0742663059081,29.893332743633813,35.0,0.12101591040007675,12.331074738258291
11.053306039000024,107.04208323299977,SAT_10082,19.844187429985297,190.37355429366733,98.95476484732518,170.5346333946343,-65.14551261337489,29.86225064693239,35.0,0.12131093085835136,12.351818934814625
11.053306039000024,107.14208323299977,SAT_10082,19.763573527787543,189.92010109380493,98.94512241057294,170.5562156352558,-65.22612651557264,29.827010156096524,35.0,0.12164487873409882,12.375276157679268
11.053306039000024,107.24208323299976,SAT_10082,19.67365204743902,189.4142927668445,98.93421314042298,170.580218176822,-65.31604799592117,29.787611349319416,35.0,0.12201755523981495,12.401423613178775
11.053306039000024,107.34208323299976,SAT_10082,19.57448897076354,188.8565004605449,98.92199056493077,170.60660043241555,-65.41521107259665,29.74405431402813,35.0,0.1224287416160488,12.43023621259319
11.053306039000024,107.44208323299975,SAT_10082,19.466155901794764,188.24712694759555,98.90840140657687,170.63531839414236,-65.52354414156542,29.6963391468858,35.0,0.1228782002144615,12.461686694094404
11.053306039000024,107.54208323299974,SAT_10044,19.516635862085778,188.5310767242325,98.91466919846694,170.61946450370016,-65.47306418127441,29.717173062430163,35.0,0.12268379461336935,12.448088945391047
11.053306039000024,107.64208323299974,SAT_10044,19.617864487278254,189.1004877409402,98.9272678640686,170.59258099383504,-65.37183555608193,29.761691845185286,35.0,0.12226379353908634,12.418682613893088
11.053306039000024,107.74208323299973,SAT_10044,19.70985650877725,189.61794286187205,98.93853217908463,170.56806807721165,-65.27984353458294,29.802045338714734,35.0,0.12188231254515905,12.391938483540862
11.053306039000024,107.84208323299973,SAT_10044,19.792544703714896,190.08306395839628,98.9485106184857,170.54596708785374,-65.19715533964529,29.83823345355292,35.0,0.1215395746352871,12.367882130709184
11.053306039000024,107.94208323299972,SAT_10044,19.865867744482202,190.4955060627124,98.9572452202513,170.52631576450378,-65.12383229887799,29.87025610947588,35.0,0.12123578305616355,12.34653686079392
11.053306039000024,108.04208323299972,SAT_10044,19.929770522504782,190.8549591890894,98.96477209133539,170.50914804278204,-65.0599295208554,29.898113235499242,35.0,0.1209711202782765,12.327923593294317
11.053306039000024,108.14208323299971,SAT_10044,19.98420444433465,191.16114999938242,98.97112183254326,170.49449386487345,-65.00549559902554,29.921804769876417,35.0,0.12074574706801952,12.312060756960484
11.053306039000024,108.2420832329997,SAT_10044,20.029127696782112,191.41384329439938,98.97631989152855,170.4823790089244,-64.96057234657808,29.94133066009703,35.0,0.12055980166006165,12.29896419609066
11.053306039000024,108.3420832329997,SAT_10044,20.06450547808997,191.6128433142561,98.98038685135235,170.47282494014894,-64.92519456527022,29.956690862885594,35.0,0.12041339903812918,12.288647088968746
11.053306039000024,108.44208323299969,SAT_10044,20.09031019248532,191.7579948327299,98.98333866054043,170.46584868542374,-64.89938985087487,29.9678853442004,35.0,0.1203066303314124,12.281119879320112
11.053306039000024,114.34208323299936,SAT_10082,19.251376371682824,187.03899209071588,98.88070269050623,170.69193535853375,-65.73832367167736,29.60133982558315,35.0,0.12377004965302321,12.523958089073735
11.153306039000023,106.04208323299983,SAT_10082,20.139490541051444,192.03463429341437,98.98901937044185,170.45505199040645,-64.85020950230874,29.990691181752087,35.0,0.12008887406903163,12.265759819585346
11.153306039000023,106.14208323299982,SAT_10082,20.154136196037072,192.11701610270856,98.9906757121691,170.4510836559298,-64.83556384732312,29.997034453061357,35.0,0.12002831748355487,12.261486326971118
11.153306039000023,106.24208323299982,SAT_10082,20.15918473218676,192.14541411855055,98.99124577138998,170.4497152500207,-64.83051531117343,29.999220467291053,35.0,0.12000744402989394,12.260013084413892
11.153306039000023,106.34208323299981,SAT_10082,20.154632162189472,192.1198059123158,98.99073173501503,170.45094923501983,-64.83506788117072,29.997249219591748,35.0,0.12002626685797727,12.26134159888466
11.153306039000023,106.4420832329998,SAT_10082,20.140482081797558,192.04021171011127,98.98913163117118,170.45478339038618,-64.84921796156263,29.99112071433644,35.0,0.12008477410925433,12.265470511403628
11.153306039000023,106.5420832329998,SAT_10082,20.116745649248287,191.90669427702161,98.98643930792836,170.46121082598776,-64.8729543941119,29.980834965120643,35.0,0.12018292898009449,12.272395604264672
11.153306039000023,106.6420832329998,SAT_10082,20.083441521536628,191.7193585586435,98.98264436674967,170.4702200232546,-64.90625852182356,29.96639199476277,35.0,0.12032066991821908,12.282109823413524
11.153306039000023,106.74208323299979,SAT_10082,20.040595748308988,191.47835108423806,98.97773204938586,170.481794903678,-64.9491042950512,29.947791835304667,35.0,0.12049791095010948,12.294603315727759
11.153306039000023,106.84208323299978,SAT_10082,19.988241624648637,191.1838591386486,98.9716830760218,170.49591492380665,-65.00145841871155,29.925034528012457,35.0,0.1207145421359803,12.309863480781384
11.153306039000023,106.94208323299978,SAT_10082,19.92641950450505,190.83610971284088,98.96447343149805,170.51255519556543,-65.06328053885514,29.898120123377563,35.0,0.12097043014761903,12.327875036519664
11.153306039000023,107.04208323299977,SAT_10082,19.855176576957064,190.4353682453835,98.95607409534465,170.53168663043402,-65.13452346640312,29.86704868111799,35.0,0.12126541896319139,12.348620098123897
11.153306039000023,107.14208323299977,SAT_10082,19.77456660789842,189.98193716942862,98.94645071013382,170.55327610575574,-65.21513343546177,29.831820270179843,35.0,0.12159933067201766,12.37207826921385
11.153306039000023,107.24208323299976,SAT_10082,19.684649650082676,189.47615428171503,98.93556318124307,170.57728665121587,-65.30505039327751,29.792434968739062,35.0,0.12197196638135711,12.398226744419341
11.153306039000023,107.34208323299976,SAT_10082,19.58549172474781,188.91839095170644,98.92336519946299,170.60367765334485,-65.40420831861238,29.748892864203402,35.0,0.12238310721640855,12.427040422254523
11.153306039000023,107.44208323299975,SAT_10082,19.477164478278752,188.30905019031798,98.90980367591992,170.6324050757431,-65.51253556508144,29.701194053214646,35.0,0.1228325154040571,12.458492027148926
11.153306039000023,107.54208323299974,SAT_10044,19.48053579245834,188.32801383257816,98.91013357373343,170.62902878164493,-65.50916425090185,29.701268118021027,35.0,0.12283362975428523,12.458569957523665
11.153306039000023,107.64208323299974,SAT_10044,19.581633584107337,188.89668891060376,98.92279184584213,170.60221380882177,-65.40806645925285,29.74577170160688,35.0,0.12241409077199143,12.429210261265975
11.153306039000023,107.74208323299973,SAT_10044,19.673505858547017,189.41347045432695,98.93410899337314,170.57776375554693,-65.31619418481317,29.786111418084122,35.0,0.12203303226891868,12.40250881508145
11.153306039000023,107.84208323299973,SAT_10044,19.756085717845608,189.87798216288155,98.94413386967945,170.55571974833907,-65.23361432551458,29.822287178004593,35.0,0.12169067622025574,12.378491078959833
11.153306039000023,107.94208323299972,SAT_10044,19.829312133480258,190.28988075082646,98.95290883804948,170.53611933474815,-65.16038790987993,29.854298901159943,35.0,0.12138722492904654,12.357180251362681
11.153306039000023,108.04208323299972,SAT_10044,19.893130267772293,190.64885775621914,98.96047028271997,170.51899627706524,-65.0965697755879,29.88214651657962,35.0,0.12112286001352521,12.338597155088753
11.153306039000023,108.14208323299971,SAT_10044,19.947491767813162,190.95464119394904,98.96684903793374,170.50438036344642,-65.04220827554703,29.90582996252905,35.0,0.12089774148524479,12.322760133144419
11.153306039000023,108.2420832329997,SAT_10044,19.992355028634876,191.2069970360712,98.97207074436845,170.49229723861285,-64.99734501472531,29.925349186508075,35.0,0.12071200692686923,12.309684955693664
11.153306039000023,108.3420832329997,SAT_10044,20.027685422661193,191.40573050246923,98.97615614047129,170.48276825610216,-64.962014620699,29.940704145249626,35.0,0.12056577077770887,12.299384739068742
11.153306039000023,108.44208323299969,SAT_10044,20.0534554927971,191.55068714698368,98.97912129470886,170.47581035383638,-64.93624455056309,29.951894804718613,35.0,0.1204591237341449,12.291869877711182
11.253306039000023,105.94208323299983,SAT_10082,20.116273278196502,191.90403718985533,98.98638707071913,170.46133868201827,-64.87342676516369,29.980630204097917,35.0,0.12018488245936106,12.272533404783976
11.253306039000023,106.04208323299983,SAT_10082,20.14049679697777,192.04029448299997,98.9891344499987,170.45477940409768,-64.84920324638242,29.991127088822285,35.0,0.12008471326306247,12.265466217843949
11.253306039000023,106.14208323299982,SAT_10082,20.155137791500493,192.1226500771903,98.99078982133315,170.45081219271202,-64.8345622518597,29.997468167526844,35.0,0.12002417628484127,12.261194050389683
11.253306039000023,106.24208323299982,SAT_10082,20.16018472078808,192.15103905443297,98.99135954696439,170.4494441743176,-64.8295153225721,29.999653426142675,35.0,0.12000330959081412,12.259721264806368
11.253306039000023,106.34208323299981,SAT_10082,20.155633599803352,192.12543899889386,98.9908458113866,170.45067780986275,-64.83406644355684,29.99768285982141,35.0,0.12002212632330982,12.261049367192182
11.253306039000023,106.4420832329998,SAT_10082,20.141488022247742,192.04587012514355,98.98924664490536,170.45451088006246,-64.84821202111245,29.99155647293508,35.0,0.12008061463063129,12.26517699935444
11.253306039000023,106.5420832329998,SAT_10082,20.11775914000019,191.91239516250107,98.98655590239667,170.46093649867805,-64.87194090336,29.981274279076267,35.0,0.12017873773039886,12.272099946027826
11.253306039000023,106.6420832329998,SAT_10082,20.084465599444144,191.7251189968733,98.98276319685957,170.46994315363548,-64.90523444391604,29.966836301058407,35.0,0.12031643410581008,12.281811157233163
11.253306039000023,106.74208323299979,SAT_10082,20.04163343545119,191.48418807441294,98.9778537864853,170.4815147754674,-64.948066607909,29.948242570916396,35.0,0.12049361783276087,12.294300785525238
11.253306039000023,106.84208323299978,SAT_10082,19.989295924292506,191.18978957414535,98.97180841305506,170.4956308322278,-65.00040411906768,29.925493129907384,35.0,0.12071017903442183,12.30955623771285
11.253306039000023,106.94208323299978,SAT_10082,19.92749339722397,190.84215035938485,98.96460308849612,170.5122664497121,-65.06220664613622,29.89858802851182,35.0,0.12096598445857594,12.327562240477373
11.253306039000023,107.04208323299977,SAT_10082,19.856273016938403,190.4415357202785,98.9562088253419,170.53139255551417,-65.13342702642178,29.86752732643473,35.0,0.12126087817182366,12.348300919170509
11.253306039000023,107.14208323299977,SAT_10082,19.775688519464182,189.98824792198604,98.9465913056141,170.5529760452,-65.214011523896,29.832311092607227,35.0,0.12159468236366866,12.37175188893955
11.253306039000023,107.24208323299976,SAT_10082,19.685799924449626,189.48262457502912,98.93571048123306,170.57697996863305,-65.30390011891056,29.792939405188246,35.0,0.12196719825253045,12.397892357213225
11.253306039000023,107.34208323299976,SAT_10082,19.58667321704739,188.92503684589155,98.9235200974084,170.60336373431213,-65.4030268263128,29.749412351566527,35.0,0.1223782070849014,12.426697236482289
11.253306039000023,107.44208323299975,SAT_10082,19.478380004851147,188.31588752728769,98.90996712850318,170.63208332942304,-65.51132003850904,29.701730028362817,35.0,0.12282747121818849,12.458139266230635
11.253306039000023,107.54208323299974,SAT_10044,19.434681344839802,188.0700825647239,98.90433057254438,170.641160057431,-65.55501869852039,29.681043897383756,35.0,0.12302399223108053,12.471878546242072
11.253306039000023,107.64208323299974,SAT_10044,19.535622552999882,188.63787686062435,98.91706688433653,170.61442938450404,-65.4540774903603,29.725532158952483,35.0,0.12260500092514584,12.442575263883615
11.253306039000023,107.74208323299973,SAT_10044,19.627351479290652,189.15385207100994,98.92845319353792,170.590056649929,-65.36234856406953,29.765857987025466,35.0,0.12222444330637718,12.415925457859615
11.253306039000023,107.84208323299973,SAT_10044,19.709801624034768,189.61763413519557,98.93853885200559,170.5680827256919,-65.27989841932542,29.802021292171666,35.0,0.12188254009008352,12.391954445715102
11.253306039000023,107.94208323299972,SAT_10044,19.78291232525514,190.02888182956016,98.9473666515045,170.54854492483742,-65.20678771810505,29.834021994198096,35.0,0.12157949242351296,12.370685295042215
11.253306039000023,108.04208323299972,SAT_10044,19.846629077249844,190.3872885595304,98.95497334140958,170.5314767970754,-65.14307096611034,29.86186002214778,35.0,0.12131548088115111,12.352138710301563
11.253306039000023,108.14208323299971,SAT_10044,19.900903821866763,190.69258399800057,98.96139006330358,170.51690794166603,-65.08879622149342,29.88553531429795,35.0,0.12109066455018472,12.336332929575153
11.253306039000023,108.2420832329997,SAT_10044,19.94569520928235,190.9445355522132,98.96664271195273,170.50486383970838,-65.04400483407784,29.9050478181585,35.0,0.1209051802149021,12.323283632313057
11.253306039000023,108.3420832329997,SAT_10044,19.980968825342444,191.1429496425513,98.97075223031774,170.4953657077968,-65.00873121801774,29.920397490470624,35.0,0.12075914164802132,12.313003859043556
11.253306039000023,108.44208323299969,SAT_10044,20.006697382867927,191.2876727786321,98.97373484470845,170.48843037477567,-64.98300266049226,29.93158429720574,35.0,0.12065263901601117,12.305503943906325
11.253306039000023,108.54208323299969,SAT_10044,20.022860874691872,191.37859242014179,98.97560224484907,170.48407018308671,-64.96683916866832,29.938608213564628,35.0,0.1205857384044246,12.300791460741808
11.253306039000023,108.64208323299968,SAT_10044,20.02944668662964,191.41563761229173,98.97636171244353,170.48229291590917,-64.96025335673055,29.94146922397678,35.0,0.12055848146810474,12.29887118333005
11.253306039000023,108.74208323299968,SAT_10044,20.026449669035358,191.3987793883239,98.976016200769,170.48310175099462,-64.96325037432483,29.940167322100027,35.0,0.12057088520987913,12.299745060220351
11.353306039000023,105.94208323299983,SAT_10082,20.10732312659951,191.85369258712225,98.9853708056838,170.46376080727768,-64.88237691676068,29.976750038724298,35.0,0.12022189656403436,12.275144251643272
11.353306039000023,106.04208323299983,SAT_10082,20.131532280999664,191.98986908062312,98.98812022230062,170.4572074776001,-64.85816776236052,29.987243264889464,35.0,0.12012178179965029,12.268081767850232
11.353306039000023,106.14208323299982,SAT_10082,20.146164584395763,192.07217578722617,98.98977681952555,170.45324386821545,-64.84353545896442,29.99358213349083,35.0,0.12006127774673825,12.263812446493064
11.353306039000023,106.24208323299982,SAT_10082,20.151208516151016,192.10054790334945,98.99034696677961,170.45187709266597,-64.83849152720917,29.995766630462494,35.0,0.12004042240701145,12.262340642598696
11.353306039000023,106.34208323299981,SAT_10082,20.14666009825858,192.0749630527045,98.98983285102075,170.45310960743564,-64.84303994510161,29.993796750957113,35.0,0.1200592289005454,12.263667859722544
11.353306039000023,106.4420832329998,SAT_10082,20.132522918079744,191.99544141419855,98.9882325003331,170.45693919726548,-64.85717712528044,29.9876724993458,35.0,0.1201176853957114,12.267792741965044
11.353306039000023,106.5420832329998,SAT_10082,20.108808107837703,191.8620456065871,98.9855397626587,170.46335898839686,-64.88089193552248,29.97739388921821,35.0,0.12021575517236509,12.274711081171466
11.353306039000023,106.6420832329998,SAT_10082,20.075534281114443,191.67488033126875,98.98174423926453,170.47235748957723,-64.91416576224574,29.96296094338291,35.0,0.12035337681762674,12.284415839233787
11.353306039000023,106.74208323299979,SAT_10082,20.032727427113173,191.43409177751158,98.97683117166515,170.48391866031886,-64.95697261624701,29.944373693867938,35.0,0.12053046455220603,12.296897185243877
11.353306039000023,106.84208323299978,SAT_10082,19.98042076395913,191.13986679727012,98.97078127981028,170.49802200555607,-65.00927927940106,29.921632181921613,35.0,0.12074690868387535,12.312142547082729
11.353306039000023,106.94208323299978,SAT_10082,19.918654552773475,190.7924318593508,98.96357054836135,170.51464269554293,-65.07104549058671,29.894736458013575,35.0,0.12100257618341408,12.33013667687394
11.353306039000023,107.04208323299977,SAT_10082,19.847475874706276,190.3920517952228,98.95516995679539,170.53375170952836,-65.14222416865391,29.863686581836074,35.0,0.12129731137714944,12.350861729584475
11.353306039000023,107.14208323299977,SAT_10082,19.766938373503464,189.93902835095702,98.94554514784578,170.55531600148885,-65.22276166985672,29.828482622305454,35.0,0.1216309367491298,12.374297353924204
11.353306039000023,107.24208323299976,SAT_10082,19.67710196652972,189.43369856172967,98.9346560273737,170.57929868596938,-65.31259807683047,29.78912465756391,35.0,0.12200325384500202,12.400420794580013
11.353306039000023,107.34208323299976,SAT_10082,19.57803252745893,188.8764329669565,98.92245628710855,170.60565924189117,-65.41166751590126,29.745612774981456,35.0,0.12241404426883935,12.42920700472269
11.353306039000023,107.44208323299975,SAT_10082,19.46980154406532,188.2676336853674,98.90889283973155,170.63435373204385,-65.51989849929487,29.69794707115813,35.0,0.12286307076348965,12.46062876764566
11.353306039000023,107.54208323299974,SAT_10044,19.379107551797986,187.7574799788637,98.89723549821926,170.65583678482068,-65.6105924915622,29.656500444736203,35.0,0.12325476586300264,12.48800138561472
11.353306039000023,107.64208323299974,SAT_10044,19.47986686763106,188.3242511304247,98.91006885161507,170.62920589185507,-65.50983317572913,29.700973261470477,35.0,0.12283640643075563,12.458764138913782
11.353306039000023,107.74208323299973,SAT_10044,19.571429251489988,188.83928953963118,98.92154115251377,170.60492467036335,-65.4182707918702,29.741285089814813,35.0,0.12245642681331668,12.432174784508346
11.353306039000023,107.84208323299973,SAT_10044,19.653728673342357,189.30222378755076,98.9317023761241,170.5830336920515,-65.33597137001783,29.777435840355004,35.0,0.12211504624007966,12.408258472081265
11.353306039000023,107.94208323299972,SAT_10044,19.726704903425798,189.7127150817701,98.94059584987012,170.56356999333644,-65.26299513993439,29.80942543291315,35.0,0.121812464495288,12.3870381150158
11.353306039000023,108.04208323299972,SAT_10044,19.790303827457194,190.0704590294467,98.94825877950623,170.54656687318598,-65.199396215903,29.837253796545625,35.0,0.12154886092268047,12.368534278339961
11.353306039000023,108.14208323299971,SAT_10044,19.844477734797366,190.37518725823517,98.9547226906815,170.53205370806864,-65.14522230856282,29.860920869541264,35.0,0.12132439351956198,12.352765076515876
11.353306039000023,108.2420832329997,SAT_10044,19.889185576413055,190.62666886732342,98.96001379563086,170.52005578611588,-65.10051446694713,29.88042659941982,35.0,0.12113919812895976,12.339746082122122
11.353306039000023,108.3420832329997,SAT_10044,19.92439318974226,190.82471169230024,98.96415329280755,170.5105941624255,-65.06530685361793,29.895770942930632,35.0,0.1209933877377482,12.329490246385316
11.353306039000023,108.44208323299969,SAT_10044,19.950073487901662,190.96916336944687,98.96715760568787,170.5036855372138,-65.03962655545853,29.90695386605151,35.0,0.12088705188771548,12.322007832408513
11.353306039000023,108.54208323299969,SAT_10044,19.96620661103465,191.05991218706993,98.96903856561056,170.49934215828844,-65.02349343232554,29.913975343987886,35.0,0.12082025620550925,12.317306361819472
11.353306039000023,108.64208323299968,SAT_10044,19.97278003802988,191.09688771391808,98.96980354231144,170.49757174902282,-65.0169200053303,29.916835361172183,35.0,0.12079304205625711,12.315390575423411
11.353306039000023,108.74208323299968,SAT_10044,19.969788657280816,191.0800611972046,98.9694555247313,170.49837746272277,-65.01991138607937,29.91553391126342,35.0,0.12080542632442733,12.316262408295596
11.353306039000023,108.84208323299967,SAT_10044,19.957234795646116,191.0094457255094,98.96799315367916,170.50175786394604,-65.03246524771407,29.910070997147056,35.0,0.12085740132419964,12.319920979590886
11.353306039000023,108.94208323299966,SAT_10044,19.935128205260767,190.88509615459182,98.96541070698682,170.50770693701008,-65.05457183809942,29.900446630935054,35.0,0.12094893484027756,12.326362597184112
11.453306039000022,105.94208323299983,SAT_10082,20.08841617199846,191.74734096749137,98.98321787125545,170.46887498404644,-64.90128387136173,29.968550179796793,35.0,0.12030009388970155,12.280658973222378
11.453306039000022,106.04208323299983,SAT_10082,20.112604333200935,191.88339937425528,98.98597299300287,170.46233167827953,-64.87709571015925,29.979039718443914,35.0,0.12020005546819783,12.273603694855439
11.453306039000022,106.14208323299982,SAT_10082,20.127223931834436,191.9656346165687,98.98763302214829,170.45837413892758,-64.86247611152575,29.98537635944836,35.0,0.12013959760527079,12.269338734441273
11.453306039000022,106.24208323299982,SAT_10082,20.132263481266563,191.9939820821244,98.98820434958839,170.45700945779674,-64.85743656209362,29.987560088747184,35.0,0.12011875819608445,12.267868434847989
11.453306039000022,106.34208323299981,SAT_10082,20.127719015243912,191.96841946074701,98.98768916964885,170.4582400838572,-64.86198102811628,29.98559090149407,35.0,0.12013755032389947,12.269194295429267
11.453306039000022,106.4420832329998,SAT_10082,20.113594110528425,191.8889668717224,98.98608550377067,170.46206380862594,-64.87610593283176,29.979468802059206,35.0,0.1201959621902873,12.273314964074736
11.453306039000022,106.5420832329998,SAT_10082,20.089899866482867,191.75568674896613,98.98338717915442,170.46847377934938,-64.89980017687732,29.96919380402939,35.0,0.12029395717806553,12.280226244379264
11.453306039000022,106.6420832329998,SAT_10082,20.056654841849138,191.56868348540138,98.97958376195194,170.4774585398224,-64.93304520151105,29.95476593020838,35.0,0.12043147404629509,12.289921117850728
11.453306039000022,106.74208323299979,SAT_10082,20.013884949482517,191.32810284083916,98.97466044372027,170.4890020983331,-64.97581509387767,29.936185212617467,35.0,0.12060842725530248,12.302389780906736
11.453306039000022,106.84208323299978,SAT_10082,19.961623310297853,191.03413112042543,98.96859787893419,170.5030840218927,-65.02807673306233,29.913451692496267,35.0,0.12082470741835084,12.317619696247554
11.453306039000022,106.94208323299978,SAT_10082,19.89991006816274,190.68699413341542,98.96137197036548,170.51967955558936,-65.08978997519745,29.886565420303796,35.0,0.12108018187530763,12.335595658036581
11.453306039000022,107.04208323299977,SAT_10082,19.828792167901696,190.28695594444704,98.95295359804366,170.5387597656201,-65.16090787545849,29.85552645571971,35.0,0.12137469538246613,12.356299870175631
11.453306039000022,107.14208323299977,SAT_10082,19.74832309897893,189.8343174317565,98.94330828627832,170.5602917042844,-65.24137694438126,29.82033486764582,35.0,0.121708070911595,12.379712036831075
11.453306039000022,107.24208323299976,SAT_10082,19.65856260775817,189.3294146686397,98.93239580179862,170.58423859500735,-65.33113743560202,29.78099073420784,35.0,0.1220801105503294,12.405809464252178
11.453306039000022,107.34208323299976,SAT_10082,19.559576381536218,188.77261714614124,98.92016967440094,170.61056003526062,-65.43012366182397,29.73749414275735,35.0,0.12249059649519671,12.434567172825515
11.453306039000022,107.44208323299975,SAT_10082,19.451435707766507,188.16432585618662,98.90657662951985,170.63921221510898,-65.53826433559368,29.689845189873992,35.0,0.12293929212789503,12.465958018230786
11.453306039000022,107.54208323299974,SAT_10082,19.334217112057956,187.504971255326,98.89155591976952,170.67014814900074,-65.65548293130223,29.638043981367925,35.0,0.12342594316492578,12.4999528205045
11.453306039000022,107.64208323299974,SAT_10044,19.41440914723178,187.95605145317876,98.90176779583136,170.64651711650492,-65.57529089612841,29.67209506285515,35.0,0.12310816596081091,12.477760676517823
11.453306039000022,107.74208323299973,SAT_10044,19.505782275502952,188.4700252997041,98.91334354697723,170.62234129388474,-65.48391776785724,29.71239278017379,35.0,0.12272883995004423,12.451240414196231
11.453306039000022,107.84208323299973,SAT_10044,19.587910404345394,188.93199602444284,98.92359566785932,170.60054584321517,-65.4017896390148,29.748530876300748,35.0,0.12238805045637934,12.427386621643997
11.453306039000022,107.94208323299972,SAT_10044,19.66073379977854,189.3416276237543,98.93256813383157,170.58116748356036,-65.32896624358165,29.78050927107294,35.0,0.12208599569963753,12.406222035394597
11.453306039000022,108.04208323299972,SAT_10044,19.72419879646438,189.69861823011215,98.94029870255878,170.56423922625882,-65.26550124689581,29.808327893559852,35.0,0.12182285361108322,12.387767060585748
11.453306039000022,108.14208323299971,SAT_10044,19.77825808231559,190.00270171302517,98.94681936405875,170.54979019223606,-65.2114419610446,29.83198668206173,35.0,0.12159878093732557,12.372039669932937
11.453306039000022,108.2420832329997,SAT_10044,19.82287095324176,190.2536491119849,98.95215671434772,170.53784544830472,-65.16682909011843,29.851485584108012,35.0,0.12141391244132994,12.3590553134804
11.453306039000022,108.3420832329997,SAT_10044,19.85800353518698,190.4512698854268,98.95633226069411,170.52842586435003,-65.1316965081732,29.866824556456027,35.0,0.12126836020830366,12.348826840070895
11.453306039000022,108.44208323299969,SAT_10044,19.883628970939668,190.59541296153563,98.95936266486258,170.521547993079,-65.10607107242052,29.878003565089866,35.0,0.12116221306332191,12.341364431368074
11.453306039000022,108.54208323299969,SAT_10044,19.899727569552354,190.685967578732,98.96125992932696,170.51722397377796,-65.08997247380783,29.88502258521954,35.0,0.12109553610653917,12.336675549142877
11.453306039000022,108.64208323299968,SAT_10044,19.906286916630293,190.7228639060454,98.96203153019928,170.51546146124056,-65.0834131267299,29.887881601280352,35.0,0.12106837037070702,12.334764896398982
11.453306039000022,108.74208323299968,SAT_10044,19.9033019441826,190.70607343602714,98.96168049951426,170.51626358074006,-65.08639809917759,29.886580606932483,35.0,0.12108073260450819,12.335634392765504
11.453306039000022,108.84208323299967,SAT_10044,19.890774959209836,190.63560914555532,98.96020545848789,170.5196289095977,-65.09892508415035,29.881119605060864,35.0,0.12113261518394038,12.339283164429558
11.453306039000022,108.94208323299966,SAT_10044,19.868715630685614,190.51152542260658,98.95760060240158,170.5255514855765,-65.12098441267457,29.87149860777522,35.0,0.12122398615266722,12.345707548720636
11.553306039000022,105.94208323299983,SAT_10082,20.0595678239971,191.5850690099837,98.97991998009944,170.47667169907896,-64.93013221936309,29.95603064524137,35.0,0.1204194235904142,12.289071741935075
11.553306039000022,106.04208323299983,SAT_10082,20.083728414653905,191.7209723324282,98.98268451580401,170.47014245985696,-64.90597162870628,29.966516467419382,35.0,0.12031948326250512,12.282026153006196
11.553306039000022,106.14208323299982,SAT_10082,20.098331326094126,191.80311370927947,98.98435020755775,170.4661934385386,-64.89136871726606,29.972850863337868,35.0,0.12025908475712022,12.277767057308207
11.553306039000022,106.24208323299982,SAT_10082,20.103365119186435,191.83142879542368,98.98492348222219,170.4648316964837,-64.88633492417375,29.9750338189368,35.0,0.12023826582119083,12.276298780805636
11.553306039000022,106.34208323299981,SAT_10082,20.098825844095472,191.80589537303703,98.98440654646046,170.466059672138,-64.89087419926472,29.973065329370876,35.0,0.12025703948676106,12.277622817010842
11.553306039000022,106.4420832329998,SAT_10082,20.084717062776846,191.72653347811976,98.98279741058946,170.46987516650987,-64.90498298058334,29.966945399009365,35.0,0.12031539400159008,12.281737819081245
11.553306039000022,106.5420832329998,SAT_10082,20.061049828690656,191.59340528638495,98.9800898670747,170.47627135626766,-64.92865021466953,29.956674041436248,35.0,0.12041329289173756,12.288639606946385
11.553306039000022,106.6420832329998,SAT_10082,20.02784262397293,191.40661475984774,98.97627342325447,170.48523683429747,-64.96185741938726,29.94225127945056,35.0,0.12055067515547797,12.298321189384877
11.553306039000022,106.74208323299979,SAT_10082,19.985121254825245,191.166307058392,98.97133318699662,170.49675567721147,-65.00457878853494,29.92367714506694,35.0,0.12072745558652319,12.310772800803889
11.553306039000022,106.84208323299978,SAT_10082,19.93291870636547,190.8726677233058,98.96524970306383,170.51080753897637,-65.05678133699472,29.900951679516456,35.0,0.12094352522320241,12.325981952311608
11.553306039000022,106.94208323299978,SAT_10082,19.871274958659598,190.52592164246022,98.95799873696697,170.5273677695106,-65.11842508470059,29.87407493324765,35.0,0.12119875191898336,12.343933496518654
11.553306039000022,107.04208323299977,SAT_10082,19.800236766085433,190.12633180923058,98.9495510019823,170.5464075568128,-65.18946327727475,29.84304696592778,35.0,0.12149298102853608,12.364609705361206
11.553306039000022,107.14208323299977,SAT_10082,19.71985740256737,189.67419788944147,98.93987182376111,170.56789409092605,-65.26984264079282,29.807867846444367,35.0,0.1218260362024655,12.387990360108674
11.553306039000022,107.24208323299976,SAT_10082,19.63019637556509,189.16985461255362,98.92892073552333,170.59179074781454,-65.3595036677951,29.768537652906893,35.0,0.12219772028288568,12.414052852604566
11.553306039000022,107.34208323299976,SAT_10082,19.53131911198129,188.61367000489477,98.91665099514475,170.61805729104393,-65.4583809313789,29.725056472648788,35.0,0.12260781629119168,12.442772296692574
11.553306039000022,107.44208323299975,SAT_10082,19.423296619381716,188.00604348402217,98.90300901345161,170.64665008900766,-65.56640342397847,29.677424402229633,35.0,0.12305608849871655,12.47412164870172
11.553306039000022,107.54208323299974,SAT_10082,19.306205126082588,187.34740383421456,98.88793368064437,170.6775223453389,-65.6834949172776,29.625641547437578,35.0,0.12354228357044397,12.50807183580584
11.553306039000022,107.64208323299974,SAT_10044,19.339298918813938,187.5335564183284,98.89212757808183,170.6663326114244,-65.65040112454625,29.638897626248188,35.0,0.12342011517473901,12.499546024195315
11.553306039000022,107.74208323299973,SAT_10044,19.43046062982353,188.04634104275732,98.90382500408616,170.6422757198809,-65.55923941353666,29.6791811212711,35.0,0.12304151663991043,12.473103298286942
11.553306039000022,107.84208323299973,SAT_10044,19.51239739776659,188.50723536243706,98.91418402351401,170.62058805638054,-65.4773026455936,29.715306463201816,35.0,0.12270138508439205,12.449319667330482
11.553306039000022,107.94208323299972,SAT_10044,19.585050045625195,188.9159065066417,98.92324937818488,170.6013059834952,-65.40464999773499,29.747273571891817,35.0,0.12239991696875165,12.428217669162855
11.553306039000022,108.04208323299972,SAT_10044,19.648365412352376,189.2720554444821,98.93105947848485,170.58446218949751,-65.34133463100781,29.775082376423462,35.0,0.1221372886360465,12.4098175292977
11.553306039000022,108.14208323299971,SAT_10044,19.702296633505057,189.57541856346594,98.93764686350391,170.57008550831327,-65.28740340985513,29.798732815108192,35.0,0.12191365542672088,12.39413706122333
11.553306039000022,108.2420832329997,SAT_10044,19.74680339239113,189.8257690822001,98.94303858295922,170.5582007582156,-65.24289665096906,29.81822483548498,35.0,0.12172915088952109,12.38119157734891
11.553306039000022,108.3420832329997,SAT_10044,19.781852138948693,190.0229182815864,98.9472565091397,170.54882860111124,-65.2078479044115,29.83355839431899,35.0,0.1215838860960601,12.370993811523201
11.553306039000022,108.44208323299969,SAT_10044,19.807416273873557,190.16671654053877,98.95031758543209,170.5419854240766,-65.18228376948663,29.844733457600487,35.0,0.12147794906577725,12.363553853944717
11.553306039000022,108.54208323299969,SAT_10044,19.823476295885456,190.2570541643557,98.95223401654744,170.53768324455024,-65.16622374747473,29.851750000543976,35.0,0.12141140430703706,12.358879099161436
11.553306039000022,108.64208323299968,SAT_10044,19.830019910417192,190.29386199609672,98.95301340429867,170.53592964032688,-65.159680132943,29.85460800758758,35.0,0.12138429247900427,12.356974207724695
11.553306039000022,108.74208323299968,SAT_10044,19.827042098451244,190.27711180378824,98.95265883164107,170.5367277052065,-65.16265794490894,29.85330747239264,35.0,0.12139663017774252,12.357841081917362
11.553306039000022,108.84208323299967,SAT_10044,19.814545144691138,190.20681643888764,98.9511688966393,170.54007603084,-65.17515489866905,29.847848397843553,35.0,0.12144840984873102,12.361478855823865
11.553306039000022,108.94208323299966,SAT_10044,19.792538624732373,190.08302976411963,98.94853769702966,170.545968714997,-65.19716141862781,29.838230796047853,35.0,0.12153959982669954,12.367883899851963
11.653306039000022,105.84208323299984,SAT_10082,19.987149514740096,191.17771602041304,98.97157154827995,170.49620919268312,-65.00255052862009,29.924559465515443,35.0,0.12071906173770987,12.310181739714697
11.653306039000022,106.04208323299983,SAT_10082,20.044928015923446,191.50272008956938,98.97824189967446,170.4806253214793,-64.94477202743674,29.94967353919355,35.0,0.12047998766303948,12.293340257487966
11.653306039000022,106.14208323299982,SAT_10082,20.0595103028558,191.58474545356387,98.97991552465415,170.4766872371905,-64.93018974050439,29.95600567254169,35.0,0.12041966154261759,12.289088514312965
11.653306039000022,106.24208323299982,SAT_10082,20.064536981167464,191.613020519067,98.98049152730434,170.47532926885467,-64.92516306219272,29.95818784841529,35.0,0.12039886757429064,12.287622774179058
11.653306039000022,106.34208323299981,SAT_10082,20.0600041220233,191.58752318638108,98.97997213170483,170.47655384143712,-64.92969592133689,29.95622006197002,35.0,0.12041761872471067,12.288944523145073
11.653306039000022,106.4420832329998,SAT_10082,20.045915268440794,191.50827338497947,98.97835533246882,170.48035876810292,-64.9437847749194,29.95010231757427,35.0,0.1204759033006083,12.29305242109015
11.653306039000022,106.5420832329998,SAT_10082,20.02228141516568,191.37533296030693,98.97563487302548,170.48673726320584,-64.96741862819451,29.93983462880925,35.0,0.1205736850109336,12.299942308786989
11.653306039000022,106.6420832329998,SAT_10082,19.989120946347953,191.18880532320722,98.97180017767894,170.49567798250993,-65.00057909701223,29.925417018469336,35.0,0.12071090315939505,12.309607229812242
11.653306039000022,106.74208323299979,SAT_10082,19.94645953176527,190.94883486617965,98.96683623612991,170.5071650901428,-65.04324051159492,29.906849518562623,35.0,0.12088747296539562,12.322037467049357
11.653306039000022,106.84208323299978,SAT_10082,19.894329982829277,190.65560615341468,98.96072343820848,170.52117835145424,-65.09537006053091,29.88413217031177,35.0,0.12110328601004844,12.337220593378392
11.653306039000022,106.94208323299978,SAT_10082,19.83277207007194,190.30934289415467,98.9534373555553,170.53769325064593,-65.15692797328825,29.857265024154998,35.0,0.12135821080270068,12.355141535994619
11.653306039000022,107.04208323299977,SAT_10082,19.761832304242176,189.91030671136224,98.94494846587169,170.55668113174727,-65.22786773911801,29.826248139747392,35.0,0.12165209346222354,12.375782653655905
11.653306039000022,107.14208323299977,SAT_10082,19.68156368352402,189.4587957198226,98.93522181409426,170.57810936126234,-65.30813635983617,29.791081585962385,35.0,0.12198475850626099,12.399123826029953
11.653306039000022,107.24208323299976,SAT_10082,19.592025409731008,188.95514292973692,98.92421660339346,170.6019415105823,-65.39767463362918,29.75176544089349,35.0,0.12235600974068433,12.425142554199702
11.653306039000022,107.34208323299976,SAT_10082,19.493282576608124,188.3997144934207,98.91188570718943,170.6281375560786,-65.49641746675206,29.708299791856284,35.0,0.12276563124069022,12.45381407128907
11.653306039000022,107.44208323299975,SAT_10082,19.38540583359938,187.7929078139965,98.89817509135467,170.65665409464333,-65.60429420976081,29.660684735390586,35.0,0.12321338841431559,12.485111462093757
11.653306039000022,107.54208323299974,SAT_10082,19.268471028604125,187.13514953589822,98.88302313334562,170.68744457233657,-65.72122901475606,29.60892037726291,35.0,0.12369902913862976,12.519005790543764
11.653306039000022,107.64208323299974,SAT_10044,19.254592344511323,187.0570819378762,98.88110542604238,170.68861787184036,-65.73510769884886,29.60138102424043,35.0,0.12377206757964829,12.524098783669276
11.653306039000022,107.74208323299973,SAT_10044,19.345521093941286,187.56855615341976,98.8929436674313,170.66469304798912,-65.6441789494189,29.641650185724266,35.0,0.1233942684418648,12.497741818712196
11.653306039000022,107.84208323299973,SAT_10044,19.427246995232508,188.0282643481829,98.90342638649612,170.64312507077182,-65.56245304812768,29.677762673699664,35.0,0.1230548599126042,12.474035791142922
11.653306039000022,107.94208323299972,SAT_10044,19.49971148686228,188.43587711360036,98.9125992176308,170.6239499088879,-65.4899885564979,29.709718408032405,35.0,0.12275403650566788,12.453003019136725
11.653306039000022,108.04208323299972,SAT_10044,19.56286196500608,188.7910985531592,98.92050133113364,170.607199893712,-65.42683807835411,29.737517317817492,35.0,0.12249197280683176,12.434663529652779
11.653306039000022,108.14208323299971,SAT_10044,19.6166520597954,189.09366783634914,98.92716590518538,170.59290354215247,-65.37304798356479,29.76115934137736,35.0,0.12226882260084201,12.419034960188842
11.653306039000022,108.2420832329997,SAT_10044,19.661041882513786,189.34336058914005,98.93262051747999,170.58108539797166,-65.3286581608464,29.780644426260338,35.0,0.12208471809322494,12.40613247104185
11.653306039000022,108.3420832329997,SAT_10044,19.695998240999273,189.53999010562092,98.936887465012,170.57176589338567,-65.29370180236091,29.795972529239283,35.0,0.12193976923439716,12.395968668980126
11.653306039000022,108.44208323299969,SAT_10044,19.721494820828696,189.68340836716143,98.93998401879358,170.56496123255988,-65.26820522253149,29.80714361631053,35.0,0.12183406315269114,12.388553543129452
11.653306039000022,108.54208323299969,SAT_10044,19.7375123302144,189.773506857456,98.94192261878392,170.56068329837984,-65.25218771314579,29.814157662692992,35.0,0.12176766370192796,12.383894413757016
11.653306039000022,108.64208323299968,SAT_10044,19.74403860693863,189.8102171640298,98.94271101300421,170.55893958361492,-65.24566143642156,29.81701465282757,35.0,0.12174061112808338,12.381995894506117
11.653306039000022,108.74208323299968,SAT_10044,19.741068686073646,189.79351135916426,98.94235234363545,170.5597331473118,-65.24863135728654,29.815714580376724,35.0,0.12175292185842665,12.382859868493052
11.653306039000022,108.84208323299967,SAT_10044,19.72860482769603,189.72340215579018,98.94084518181513,170.56306259694492,-65.26109521566416,29.81025744822435,35.0,0.12180458841528222,12.386485478528305
11.653306039000022,108.94208323299966,SAT_10044,19.70665650426693,189.59994283650147,98.9381835118226,170.56892209654436,-65.28304353909326,29.800643268475817,35.0,0.12189557945529773,12.392869131569421
11.653306039000022,109.04208323299966,SAT_10044,19.67524034782508,189.4232269565161,98.93435666433962,170.57730140070282,-65.3144596955351,29.786872062458297,35.0,0.12202583993381524,12.402004517356765
11.653306039000022,109.14208323299965,SAT_10044,19.634380057617165,189.19338782409656,98.92934919745964,170.5881859140443,-65.35531998574302,29.768943860721304,35.0,0.12219529139266734,12.413882641027378
11.753306039000021,106.04208323299983,SAT_10082,19.996234518787062,191.22881916817724,98.97262746272763,170.49376089696176,-64.99346552457312,29.928510970588817,35.0,0.12068146506409597,12.307534133136086
11.753306039000021,106.4420832329998,SAT_10082,19.997220113263765,191.2343631371087,98.97274159130689,170.49349524466916,-64.99247993009642,29.928939594576637,35.0,0.12067738646931951,12.307246893534577
11.753306039000021,106.5420832329998,SAT_10082,19.973625916883535,191.1016457824699,98.97000442798567,170.49985219238093,-65.01607412647665,29.918675602963656,35.0,0.12077503021205516,12.314122506847328
11.753306039000021,106.6420832329998,SAT_10082,19.940520967569626,190.91543044257915,98.96614612751202,170.5087627618051,-65.04917907579056,29.9042631840695,35.0,0.12091205514598807,12.323767442908974
11.753306039000021,106.74208323299979,SAT_10082,19.897930769594794,190.67586057897074,98.96115152588595,170.5202112233161,-65.0917692737654,29.88570236989584,35.0,0.1210883770066426,12.336172043338493
11.753306039000021,106.84208323299978,SAT_10082,19.84588792362709,190.38311957040239,98.95500081139262,170.53417747749378,-65.1438121197331,29.862993201657037,35.0,0.12130388803325158,12.351323955863101
11.753306039000021,106.94208323299978,SAT_10082,19.784431945979037,190.03742969613208,98.94766930344045,170.5506371715784,-65.20526809738115,29.836135729781187,35.0,0.12155845753045662,12.3692081980535
11.753306039000021,107.04208323299977,SAT_10082,19.713609051797746,189.63905091636235,98.93912717318784,170.5695618390546,-65.27609099156244,29.805130013911366,35.0,0.12185193254383726,12.389807233875384
11.753306039000021,107.14208323299977,SAT_10082,19.633471904686346,189.18827946386068,98.92933910021992,170.59091906069978,-65.35622813867384,29.769976122907163,35.0,0.12218413864254189,12.413101062238693
11.753306039000021,107.24208323299976,SAT_10082,19.544079335564433,188.68544626254993,98.91826385805254,170.61467264522673,-65.44562070779575,29.73067413484638,35.0,0.12255488080135603,12.439067316614047
11.753306039000021,107.34208323299976,SAT_10082,19.44549603386841,188.1309151905098,98.90585381950487,170.64078282745396,-65.54420400949178,29.68722413702702,35.0,0.12296394437374564,12.467681374691086
11.753306039000021,107.44208323299975,SAT_10082,19.337792214404203,187.52508120602363,98.89205437092001,170.66920648180212,-65.65190782895598,29.639626225969465,35.0,0.12341109614675097,12.498916476976582
11.753306039000021,107.54208323299974,SAT_10082,19.22104326333225,186.8683683562439,98.87680322173918,170.69989734880633,-65.76865678002794,29.587880507418927,35.0,0.12389608546810076,12.532743853172438
11.753306039000021,107.64208323299974,SAT_10044,19.160351917143174,186.52697953393036,98.86865139421067,170.71333453031642,-65.82934812621701,29.559545338873892,35.0,0.1241638154946254,12.551395119279855
11.753306039000021,107.74208323299973,SAT_10044,19.251026838977282,187.0370259692472,98.88065067238048,170.6895544764513,-65.7386732043829,29.599800055601666,35.0,0.1237868855283408,12.52513189800493
11.753306039000021,107.84208323299973,SAT_10044,19.332522985398356,187.49544179286576,98.8912748357497,170.6681176889947,-65.65717705796183,29.63589958988631,35.0,0.12344826316287594,12.501510695690557
11.753306039000021,107.94208323299972,SAT_10044,19.40478246603297,187.90190137143543,98.90057054643965,170.64905970730342,-65.58491757732722,29.667843861607633,35.0,0.12314814078573275,12.480553590845695
11.753306039000021,108.04208323299972,SAT_10044,19.467753284581093,188.25611222576865,98.90857784946706,170.6324124737691,-65.5219467587791,29.69563279987306,35.0,0.12288669106359056,12.462280393819466
11.753306039000021,108.14208323299971,SAT_10044,19.521389610332278,188.5578165581191,98.91533065846473,170.61820415982484,-65.46831043302791,29.71926634301582,35.0,0.12266406608243395,12.446708550136455
11.753306039000021,108.2420832329997,SAT_10044,19.565652021077796,188.8067926185626,98.92085715857488,170.60645901011162,-65.42404802228239,29.738744438593415,35.0,0.12248039658118676,12.433853054182991
11.753306039000021,108.3420832329997,SAT_10044,19.600507714745262,189.00285589544214,98.92518013533258,170.59719720658472,-65.38919232861493,29.75406704338627,35.0,0.12233579128617991,12.423726374130297
11.753306039000021,108.44208323299969,SAT_10044,19.625930687392724,189.1458601165841,98.9283172365614,170.5904347541323,-65.36376935596746,29.765234123396667,35.0,0.1222303363529281,12.416338388878897
11.753306039000021,108.54208323299969,SAT_10044,19.64190187553939,189.23569804990905,98.93028117275487,170.58618338905518,-65.3477981678208,29.772245653847854,35.0,0.1221640949207256,12.411696337692739
11.753306039000021,108.64208323299968,SAT_10044,19.64840926119645,189.27230209423,98.93107986005958,170.58445051149906,-65.34129078216374,29.775101619183445,35.0,0.12213710678450954,12.409804783063613
11.753306039000021,108.74208323299968,SAT_10044,19.645447938380457,189.25564465339008,98.93071650875741,170.58523914265166,-65.34425210497973,29.77380201306702,35.0,0.12214938818729577,12.41066558720779
11.753306039000021,108.84208323299967,SAT_10044,19.633020140331652,189.18573828936556,98.92918965902382,170.58854790722424,-65.35667990302854,29.76834683838196,35.0,0.12220093173529166,12.41427790245096
11.753306039000021,108.94208323299966,SAT_10044,19.61113522711895,189.06263565254412,98.92649316467622,170.59437104142967,-65.37856481624124,29.758736107231524,35.0,0.12229170643654859,12.420638175606546
11.753306039000021,109.04208323299966,SAT_10044,19.579809633777757,188.8864291899999,98.92261612458832,170.60269842635927,-65.40989040958243,29.744969840939152,35.0,0.12242165786276096,12.429740166299544
11.753306039000021,109.14208323299965,SAT_10044,19.539066779584445,188.6572506351625,98.91754276039639,170.61351564635626,-65.45063326377574,29.727048070049012,35.0,0.12259070843256964,12.441574979035915
11.853306039000021,106.4420832329998,SAT_10082,19.938670691737286,190.90502264102224,98.96593351681871,170.5092604798369,-65.0510293516229,29.903457276284897,35.0,0.12091971436823405,12.324306433702645
11.853306039000021,106.5420832329998,SAT_10082,19.91512231252311,190.7725630079425,98.96317574356235,170.51559210191664,-65.07457773083708,29.89319701016053,35.0,0.12101719971569477,12.331165439365277
11.853306039000021,106.6420832329998,SAT_10082,19.882081504534085,190.58670846300424,98.95928831717092,170.52446723435162,-65.1076185388261,29.87878982250178,35.0,0.12115400283919069,12.340787124137059
11.853306039000021,106.74208323299979,SAT_10082,19.83957357828797,190.3476013778698,98.9542558830238,170.53587027194118,-65.15012646507222,29.860235745303985,35.0,0.12133004007852868,12.3531618983565
11.853306039000021,106.84208323299978,SAT_10082,19.787630887730145,190.0554237434821,98.9480583794223,170.549781273636,-65.20206915563004,29.837534819773364,35.0,0.12154520444351505,12.368277497323893
11.853306039000021,106.94208323299978,SAT_10082,19.72629265153452,189.71039616488167,98.94067081287903,170.56617607762735,-65.26340739182567,29.810687096328028,35.0,0.12179936617003512,12.386119044356313
11.853306039000021,107.04208323299977,SAT_10082,19.655604738740422,189.3127766554149,98.93206297422292,170.58502643930234,-65.33409530461977,29.779692634599265,35.0,0.12209237338886966,12.406669126527811
11.853306039000021,107.14208323299977,SAT_10082,19.57561942117502,188.8628592441095,98.92219908966105,170.60630019042972,-65.41408062218517,29.744551503433023,35.0,0.12242405290061249,12.429907882287866
11.853306039000021,107.24208323299976,SAT_10082,19.48639509542741,188.3609724117792,98.91103739942253,170.62996141773425,-65.50330494793278,29.70526378089166,35.0,0.12279421104913131,12.455813100041057
11.853306039000021,107.34208323299976,SAT_10082,19.38799597743119,187.80747737305043,98.89852965483476,170.65597065882272,-65.601704065929,29.66182955425588,35.0,0.12320263468522105,12.484360326676942
11.853306039000021,107.44208323299975,SAT_10082,19.28049177291784,187.20276622266286,98.88462052257297,170.68428511329455,-65.70920827044235,29.614248920026963,35.0,0.12364909221144861,12.515522984963315
11.853306039000021,107.54208323299974,SAT_10082,19.16395732717305,186.54725996534842,98.86924688229254,170.7148588667589,-65.82574271618714,29.56252198392915,35.0,0.12413333469868229,12.549272498658697
11.853306039000021,107.64208323299974,SAT_10044,19.056646127395254,185.9436344665983,98.8547077180816,170.74044056974242,-65.93305391596493,29.51339066164405,35.0,0.12459513110971704,12.581408876756846
11.853306039000021,107.74208323299973,SAT_10044,19.14704708955965,186.45213987877304,98.86688951859803,170.71681751862658,-65.84265295380054,29.553630822424807,35.0,0.12421913775892086,12.555247119839835
11.853306039000021,107.84208323299973,SAT_10044,19.228295260972033,186.90916084296768,98.87767397416329,170.69552299677102,-65.76140478238815,29.589717303306596,35.0,0.1238813625775137,12.531717726346221
11.853306039000021,107.94208323299972,SAT_10044,19.30033347497826,187.31437579675273,98.88710892049389,170.6765920807656,-65.68936656838193,29.62165002418301,35.0,0.12358199565573266,12.510842516143613
11.853306039000021,108.04208323299972,SAT_10044,19.363110390292647,187.66749594539615,98.89523540114901,170.66005629380078,-65.62658965306754,29.649428914173637,35.0,0.12332120758713626,12.492641065853261
11.853306039000021,108.14208323299971,SAT_10044,19.4165807574349,187.96826676057134,98.90208816908239,170.64594343504427,-65.57311928592529,29.67305391162232,35.0,0.12309914862282625,12.477130613880503
11.853306039000021,108.2420832329997,SAT_10044,19.46070565704899,188.21646932090056,98.90769610250342,170.63427742685917,-65.5289943863112,29.692524964095558,35.0,0.12291594791776898,12.464325975629809
11.853306039000021,108.3420832329997,SAT_10044,19.495452707505038,188.41192147971586,98.91208254423111,170.62507818159094,-65.49424733585515,29.7078420283812,35.0,0.12277171287637519,12.454239469769043
11.853306039000021,108.44208323299969,SAT_10044,19.52079623947536,188.5544788470489,98.91526557185021,170.6183614894604,-65.46890380388483,29.719005070487363,35.0,0.12266652860366332,12.446880856308121
11.853306039000021,108.54208323299969,SAT_10044,19.536717435517247,188.6440355747845,98.91725820436474,170.61413892887262,-65.45298260784294,29.726014065641554,35.0,0.12260045746738818,12.442257287144487
11.853306039000021,108.64208323299968,SAT_10044,19.543204433066165,188.68052493599717,98.91806854963032,170.6124178002064,-65.44649561029402,29.72886899829005,35.0,0.1225735387754772,12.440373269602203
11.853306039000021,108.74208323299968,SAT_10044,19.54025238965707,188.663919691821,98.91769989557892,170.61320108387167,-65.44944765370312,29.727569862097525,35.0,0.12258578857200247,12.441230643356967
11.853306039000021,108.84208323299967,SAT_10044,19.527863509611336,188.59423224156376,98.91615074708268,170.61648742314543,-65.46183653374885,29.72211665994686,35.0,0.12263719955374193,12.444828570996545
11.853306039000021,108.94208323299966,SAT_10044,19.506047031883384,188.47151455434403,98.91341480919998,170.62227113198873,-65.4836530114768,29.71250940393924,35.0,0.12272774110817196,12.451163542319145
11.853306039000021,109.04208323299966,SAT_10044,19.474819179208055,188.29585788304533,98.90948091646642,170.630542227751,-65.51488086415213,29.698748115394444,35.0,0.1228573594725083,12.460229392323066
11.95330603900002,106.4420832329998,SAT_10082,19.87031358089432,190.52051389253054,98.95790318364953,170.52762575540854,-65.11938646246587,29.873655418414497,35.0,0.12120273303819973,12.344213392433634
11.95330603900002,106.5420832329998,SAT_10082,19.846817043248507,190.38834586827284,98.95512074733647,170.53392836099277,-65.14288300011168,29.863398906108042,35.0,0.12130003998576681,12.351053505241191
11.95330603900002,106.6420832329998,SAT_10082,19.813848808593733,190.20289954833976,98.95119846604005,170.5427628913747,-65.17585123476645,29.848996989464112,35.0,0.12143659329432817,12.360648739561531
11.95330603900002,106.74208323299979,SAT_10082,19.771433966413397,189.96431606107535,98.94612075585655,170.55411388330862,-65.21826607694679,29.83044970047183,35.0,0.12161230999349512,12.37298958411651
11.95330603900002,106.84208323299978,SAT_10082,19.719604589177848,189.6727758141254,98.93986725436623,170.56796157643998,-65.27009545418234,29.8077570803294,35.0,0.12182708397274841,12.388063874098997
11.95330603900002,106.94208323299978,SAT_10082,19.658399555978548,189.32849750237932,98.93241259162725,170.58428202684047,-65.33130048738164,29.780919179445114,35.0,0.1220807865311345,12.405856853455145
11.95330603900002,107.04208323299977,SAT_10082,19.587864340945487,188.93173691781837,98.92372610080574,170.6030472431122,-65.4018357024147,29.74993605743866,35.0,0.12237326703845652,12.426351249702702
11.95330603900002,107.14208323299977,SAT_10082,19.508050768850637,188.48278557478486,98.91377146243762,170.62422534345876,-65.48164927450955,29.714807783142586,35.0,0.12270435370143046,12.449527360491949
11.95330603900002,107.24208323299976,SAT_10082,19.419016740623945,187.9819691660097,98.90250627476276,170.64778073190584,-65.57068330273624,29.675534434604042,35.0,0.12307385442736589,12.47536315100708
11.95330603900002,107.34208323299976,SAT_10082,19.320825931777748,187.42964586624984,98.88988154074879,170.6736742916786,-65.66887411158244,29.63211609908674,35.0,0.12348155777715061,12.503834361213443
11.95330603900002,107.44208323299975,SAT_10082,19.21354746695647,186.82620450163014,98.87584106025574,170.7018635935971,-65.77615257640372,29.584552873073143,35.0,0.12392723399867442,12.534914621881088
11.95330603900002,107.54208323299974,SAT_10082,19.097255573981897,186.17206260364816,98.86032071318941,170.7323031172555,-65.89244446937829,29.53284486226689,35.0,0.12441063613132775,12.568575578258361
11.95330603900002,107.64208323299974,SAT_10082,18.9720292208699,185.46766436739318,98.84324761633387,170.76494448268292,-66.01767082249029,29.476992181595456,35.0,0.12493150117186004,12.604787020230953
11.95330603900002,107.74208323299973,SAT_10044,19.033656760631104,185.81431927854996,98.85159532464775,170.7464362352104,-65.95604328272908,29.503142587170867,35.0,0.12469077583954855,12.588058858849996
11.95330603900002,107.84208323299973,SAT_10044,19.114639450396794,186.26984690848198,98.86256020235511,170.72529459855758,-65.8750605929634,29.539215914960767,35.0,0.12435390659271144,12.56462800277387
11.95330603900002,107.94208323299972,SAT_10044,19.18644078190482,186.67372939821465,98.87215184752628,170.70650022443854,-65.80325926145537,29.571136996779163,35.0,0.12405534752012873,12.543840686275857
11.95330603900002,108.04208323299972,SAT_10044,19.24901011340637,187.02568188791085,98.88041243671218,170.69008418859192,-65.74068992995382,29.598905761757607,35.0,0.12379526699646576,12.525716236123039
11.95330603900002,108.14208323299971,SAT_10044,19.302302816070863,187.3254533403986,98.88737767489708,170.67607389289066,-65.68739722728932,29.62252214825033,35.0,0.12357381330917117,12.510271669339817
11.95330603900002,108.2420832329997,SAT_10044,19.34628050743531,187.57282785432363,98.89307722621324,170.6644929157932,-65.64341953592488,29.641986103832668,35.0,0.12339111391827963,12.497521610046059
11.95330603900002,108.3420832329997,SAT_10044,19.380911254727593,187.7676258078427,98.89753506528304,170.65536088197373,-65.6087887886326,29.657297585299755,35.0,0.12324727481379692,12.487478217144822
11.95330603900002,108.44208323299969,SAT_10044,19.406169745819852,187.90970482023664,98.90076975682969,170.648693352624,-65.58353029754034,29.668456558665433,35.0,0.12314237997683448,12.480151123604932
11.95330603900002,108.54208323299969,SAT_10044,19.42203742589723,187.99896052067194,98.90279466950767,170.64450173770126,-65.56766261746296,29.67546299916138,35.0,0.12307649094973772,12.475547387973343
11.95330603900002,108.64208323299968,SAT_10044,19.428502598293292,188.03532711539975,98.9036181284253,170.64279323115375,-65.5611974450669,29.678316891236495,35.0,0.12304964651944143,12.473671458630202
11.95330603900002,108.74208323299968,SAT_10044,19.4255604883396,188.01877774691025,98.90324350950614,170.64357076989165,-65.56413955502059,29.67701822855652,35.0,0.12306186251719636,12.474525151168262
11.95330603900002,108.84208323299967,SAT_10044,19.41321326949037,187.94932464088333,98.90166927761751,170.64683301699748,-65.57648677386982,29.67156701400385,35.0,0.12311313173666844,12.478107639139518
11.95330603900002,108.94208323299966,SAT_10044,19.391470051426353,187.82701903927324,98.89888896924224,170.65257436937145,-65.59822999193383,29.661963259677627,35.0,0.12320342397123102,12.484415458268787
11.95330603900002,109.04208323299966,SAT_10044,19.360346830270785,187.65195092027318,98.89489111934051,170.6607849897246,-65.6293532130894,29.64820698689405,35.0,0.12333268617007655,12.493442524088788
11.95330603900002,109.14208323299965,SAT_10044,19.319866401492803,187.424248508397,98.88965913091155,170.67145086253558,-65.66983364186738,29.630298226186884,35.0,0.12350084271158551,12.505180162807095
11.95330603900002,109.24208323299965,SAT_10044,19.270058236499082,187.14407758030734,98.88317108457422,170.6845538733036,-65.7196418068611,29.608237017308266,35.0,0.12370779579123055,12.51961715507454
12.05330603900002,106.84208323299978,SAT_10082,19.641861838020517,189.2354728388654,98.9303927599182,170.58868586915906,-65.34783820533967,29.773660048442892,35.0,0.12214935174306207,12.410663032880432
12.05330603900002,106.94208323299978,SAT_10082,19.580805076453316,188.89202855504993,98.92285947305167,170.60492275475508,-65.40889496690687,29.74683204423135,35.0,0.12240254496652815,12.428401711416617
12.05330603900002,107.04208323299977,SAT_10082,19.510439827255283,188.49622402831096,98.91408080901182,170.62359227374603,-65.4792602161049,29.715860347506705,35.0,0.1226944412516238,12.44883384861396
12.05330603900002,107.14208323299977,SAT_10082,19.430817415029537,188.04834795954113,98.90401980514028,170.64466286477324,-65.55888262833065,29.680745027088328,35.0,0.12302487037990995,12.471939920265845
12.05330603900002,107.24208323299976,SAT_10082,19.341995186097392,187.54872292179783,98.89263330276759,170.66809928687164,-65.6477048572628,29.641486161008427,35.0,0.12339364200992911,12.497698089389656
12.05330603900002,107.34208323299976,SAT_10082,19.244036211205398,186.99770368803036,98.87987142230142,170.69386281000556,-65.74566383215479,29.598083836513986,35.0,0.12380054661830275,12.526084312044908
12.05330603900002,107.44208323299975,SAT_10082,19.137008964637843,186.39567542608785,98.86567694103721,170.72191142044048,-65.85269107872234,29.55053815006898,35.0,0.12424535652042733,12.557072451830411
12.05330603900002,107.54208323299974,SAT_10082,19.020986983041382,185.74305177960778,98.84998455910713,170.75220003876007,-65.9687130603188,29.498849207356784,35.0,0.12472782696156352,12.590634401953963
12.05330603900002,107.64208323299974,SAT_10082,18.89604850737821,185.04027285400244,98.83272003572161,170.78468074826594,-66.09365153598198,29.443017123282818,35.0,0.12524769726876325,12.62674021373009
12.05330603900002,107.74208323299973,SAT_10044,18.910936073035273,185.1240154108234,98.83469394610312,170.77836147961304,-66.07876397032491,29.448335460275523,35.0,0.1252015325565464,12.623536418430858
12.05330603900002,107.84208323299973,SAT_10044,18.9916365281112,185.5779554706255,98.84586085987277,170.75738286645293,-65.99806351524899,29.484395535307254,35.0,0.12486562558743791,12.600210558515885
12.05330603900002,107.94208323299972,SAT_10044,19.06318603685061,185.98042145728468,98.85562794811514,170.7387340787102,-65.92651400650958,29.516304889874675,35.0,0.12456792460330972,12.57951689307075
12.05330603900002,108.04208323299972,SAT_10044,19.125534698467547,186.33113267887995,98.86403866730437,170.72244571847253,-65.86416534489264,29.544063453121062,35.0,0.12430859562280148,12.56147448391836
12.05330603900002,108.14208323299971,SAT_10044,19.178638541437707,186.62984179558708,98.87112979754549,170.7085447671203,-65.81106150192248,29.56767116341084,35.0,0.12408778484863224,12.546100113364403
12.05330603900002,108.2420832329997,SAT_10044,19.222459751827287,186.8763361040285,98.87693189024239,170.69705443917536,-65.7672402915329,29.587127968328016,35.0,0.12390561794160748,12.533408202743953
12.05330603900002,108.3420832329997,SAT_10044,19.256966872118795,187.07043865566823,98.88146963311637,170.68799405491856,-65.73273317124139,29.602433824674865,35.0,0.12376219939044063,12.523410741607245
12.05330603900002,108.44208323299969,SAT_10044,19.282134968357283,187.2120091970097,98.88476214059908,170.68137893322145,-65.7075650750029,29.61358869847084,35.0,0.12365761198338852,12.516117228268897
12.05330603900002,108.54208323299969,SAT_10044,19.29794576375801,187.3009449211388,98.88682317584524,170.6772203058297,-65.69175427960218,29.620592564951714,35.0,0.12359191638680478,12.511534622337392
12.05330603900002,108.64208323299968,SAT_10044,19.3043877372736,187.337181022164,98.88766130905698,170.67552525409758,-65.68531230608659,29.623445408568966,35.0,0.12356515083472712,12.50966730972325
12.05330603900002,108.74208323299968,SAT_10044,19.301456186002454,187.32069104626382,98.88728001541992,170.67629666891818,-65.68824385735773,29.622147222989373,35.0,0.12357733093255747,12.510517080496356
12.05330603900002,108.84208323299967,SAT_10044,19.289153250724468,187.25148703532514,98.88567771467305,170.67953323432533,-65.70054679263572,29.616698011094858,35.0,0.12362844957678028,12.514083119828454
12.05330603900002,108.94208323299966,SAT_10044,19.267487904273054,187.12961946153592,98.8828477531255,170.68522943496066,-65.72221213908713,29.607097784982564,35.0,0.12371847699151729,12.520362012117511
12.05330603900002,109.04208323299966,SAT_10044,19.236475902874872,186.95517695367116,98.87877832775085,170.69337558731903,-65.75322414048532,29.593346565965163,35.0,0.12384736088155548,12.529347758249898
12.05330603900002,109.14208323299965,SAT_10044,19.196139701015255,186.72828581821082,98.87345235079555,170.7039578943997,-65.79356034234493,29.575444384571384,35.0,0.12401502670032853,12.541031805816273
12.15330603900002,107.14208323299977,SAT_10082,19.343977474360486,187.55987329327775,98.89290116306762,170.66757703370496,-65.6457225689997,29.642363309774396,35.0,0.12338541007969285,12.497123434989447
12.15330603900002,107.24208323299976,SAT_10082,19.255387930780913,187.06155711064264,98.881374613324,170.69088175648065,-65.73431211257927,29.60311903458168,35.0,0.12375338288368141,12.522796007796625
12.15330603900002,107.34208323299976,SAT_10082,19.157683645015098,186.5119705032099,98.86845438758824,170.7165013164519,-65.83201639834509,29.55973284098434,35.0,0.12415941241333533,12.551088510464186
12.15330603900002,107.44208323299975,SAT_10082,19.05093237473983,185.91149460791152,98.8540820744623,170.74439415754867,-65.93876766862036,29.512204825428164,35.0,0.12460327326531634,12.581975063234545
12.15330603900002,107.54208323299974,SAT_10082,18.935206894899395,185.26053878380912,98.83819100213528,170.7745156862396,-66.0544931484608,29.4605350935766,35.0,0.12508472311920782,12.615427832678579
12.15330603900002,107.64208323299974,SAT_10044,18.941445029122193,185.29562828881234,98.83895279713428,170.77043735413616,-66.048255014238,29.46197670123445,35.0,0.12507452601844812,12.614719835317828
12.15330603900002,107.74208323299973,SAT_10044,18.955623053624123,185.3753796766357,98.84091538531305,170.76675203573456,-66.03407698973606,29.468312432457015,35.0,0.12501551068058567,12.610621875777937
12.15330603900002,107.84208323299973,SAT_10044,18.96062084979522,185.4034922800981,98.84160601707781,170.76545251938654,-66.02907919356497,29.470545254444712,35.0,0.12499470861661836,12.60917722000652
12.15330603900002,107.94208323299972,SAT_10044,18.956434920087275,185.3799464254909,98.84102761693052,170.76654095121202,-66.03326512327291,29.468675162218467,35.0,0.1250121314553659,12.610387202823981
12.15330603900002,108.04208323299972,SAT_10044,18.992771386903527,185.58433905133236,98.84603409514838,170.75708743497688,-65.99692865645666,29.484902108220886,35.0,0.12486090284858282,12.599882426852085
12.15330603900002,108.14208323299971,SAT_10044,19.04567570882881,185.8819258621621,98.853265589611,170.74330226829886,-65.94402433453138,29.508501077075447,35.0,0.12464077091782703,12.584582372390143
12.15330603900002,108.2420832329997,SAT_10044,19.089331609151444,186.12749030147685,98.8591819993853,170.73190792414408,-65.90036843420874,29.527950677565315,35.0,0.12445916624836434,12.571952021381614
12.15330603900002,108.3420832329997,SAT_10044,19.12370812992512,186.32085823082883,98.86380881452543,170.72292340305668,-65.86599191343507,29.543250866499775,35.0,0.12431619174652311,12.562003185131637
12.15330603900002,108.44208323299969,SAT_10044,19.14878073467966,186.4618916325731,98.86716576782261,170.71636376939833,-65.84091930868053,29.55440160990378,35.0,0.12421192894337935,12.55474522024259
12.15330603900002,108.54208323299969,SAT_10044,19.164531438837287,186.55048934345973,98.86926706612486,170.7122400677524,-65.8251686045229,29.561402883017127,35.0,0.1241464375821147,12.550184982205515
12.15330603900002,108.64208323299968,SAT_10044,19.170948905915537,186.5865875957749,98.87012155525879,170.71055926123006,-65.81875113744465,29.564254670293803,35.0,0.12411975531411722,12.548326791194286
12.15330603900002,108.74208323299968,SAT_10044,19.168028508433906,186.5701603599407,98.86973282202989,170.71132419239927,-65.82167153492628,29.562956965401614,35.0,0.12413189750679207,12.549172410421832
12.15330603900002,108.84208323299967,SAT_10044,19.155772352834703,186.50121948469518,98.86809923543098,170.71453356729558,-65.83392769052548,29.55750977122202,35.0,0.12418285716497218,12.55272103728696
12.15330603900002,108.94208323299966,SAT_10044,19.134189268134406,186.37981463325605,98.86521392791444,170.72018196270363,-65.85551077522578,29.5479130998502,35.0,0.1242726049667022,12.558969307405656
12.15330603900002,109.04208323299966,SAT_10044,19.103294758435737,186.20603301620102,98.86106471634002,170.72825985662269,-65.88640528492445,29.534166972595372,35.0,0.12440108941304412,12.567911311484094
12.15330603900002,109.14208323299965,SAT_10044,19.063110919838252,185.97999892409018,98.85563396095125,170.73875368155794,-65.92658912352194,29.516271419981322,35.0,0.12456823709042891,12.579538624854896
12.25330603900002,107.24208323299976,SAT_10082,19.15925874677491,186.52083045060888,98.86867909239821,170.7160889884555,-65.83044129658528,29.560433139254734,35.0,0.12415286513331221,12.55063258225119
12.25330603900002,107.34208323299976,SAT_10082,19.061831271984417,185.97280090491236,98.85557809524941,170.741551127968,-65.92786877137577,29.51706319639893,35.0,0.12455794557299575,12.578822894233719
12.25330603900002,107.44208323299975,SAT_10044,19.032172432991814,185.805969935579,98.85144298445364,170.74682318646677,-65.95752761036837,29.502480705439503,35.0,0.12469695160987329,12.58848817773123
12.25330603900002,107.54208323299974,SAT_10044,19.064783491501956,185.9894071396985,98.85587694745944,170.73831718823834,-65.92491655185823,29.517016652691037,35.0,0.1245612792131829,12.579054737097751
12.25330603900002,107.64208323299974,SAT_10044,19.088210102032008,186.12118182393004,98.85904637559435,170.73220085701024,-65.90148994132818,29.527451294299322,35.0,0.12446383110711803,12.572276547510146
12.25330603900002,107.74208323299973,SAT_10044,19.102435738332915,186.20120102812265,98.86096459341675,170.7284843385288,-65.88726430502727,29.533784606993603,35.0,0.12440466220889915,12.56815991128318
12.25330603900002,107.84208323299973,SAT_10044,19.107450333477928,186.22940812581334,98.86163962575857,170.727173814045,-65.88224970988226,29.53601657664993,35.0,0.12438380596528724,12.56670866652191
12.25330603900002,107.94208323299972,SAT_10044,19.10325033314753,186.20578312395486,98.86107428952712,170.72827146614617,-65.88644971021266,29.53414719829083,35.0,0.12440127418421672,12.567924168173109
12.25330603900002,108.04208323299972,SAT_10044,19.089838714482283,186.13034276896286,98.85926622582718,170.73177546666471,-65.8998613288779,29.528176476085168,35.0,0.12445705697525837,12.571805281323098
12.25330603900002,108.14208323299971,SAT_10044,19.067224970290624,186.00314045788477,98.8562078730654,170.73767998680637,-65.92247507306956,29.51810442334826,35.0,0.12455112279949142,12.57834838681197
12.25330603900002,108.2420832329997,SAT_10044,19.035425058788036,185.82426595568273,98.85188638048282,170.7459752293804,-65.95427498457215,29.50393106254219,35.0,0.12468341862830006,12.587547399105636
12.25330603900002,108.3420832329997,SAT_10044,18.994461319431338,185.59384492180126,98.84628346032406,170.75664748275616,-65.99523872392885,29.48565642527637,35.0,0.12485387020955617,12.599393796239498
12.25330603900002,108.44208323299969,SAT_10044,19.00620049692425,185.65987779519892,98.84789329413037,170.7535906289644,-65.98349954643594,29.490895422428036,35.0,0.12480501940981299,12.59599932048977
12.25330603900002,108.54208323299969,SAT_10044,19.021888071262453,185.7481204008513,98.85003933920167,170.74950368404942,-65.96781197209773,29.497894082825695,35.0,0.12473974255077563,12.591462628323246
12.25330603900002,108.64208323299968,SAT_10044,19.028279792901216,185.78407383506934,98.85091200518599,170.74783786936882,-65.96142025045897,29.50074480588084,35.0,0.1247131477532642,12.589614039217722
12.25330603900002,108.74208323299968,SAT_10044,19.02537111311119,185.76771251125047,98.85051500413886,170.74859597707257,-65.964328930249,29.499447585262278,35.0,0.12472525013544147,12.590455288303257
12.25330603900002,108.84208323299967,SAT_10044,19.013164102481227,185.6990480764569,98.84884664811082,170.7517767361506,-65.97653594087896,29.49400242385102,35.0,0.12477604281560797,12.593985585763784
12.25330603900002,108.94208323299966,SAT_10044,18.99166743985795,185.57812934920096,98.84589982957436,170.75737481952345,-65.99803260350224,29.484409333740317,35.0,0.12486549694718642,12.600201620771921
12.25330603900002,109.04208323299966,SAT_10044,18.960896366072518,185.40504205915792,98.84166193879898,170.76538087369994,-66.02880367728767,29.470668336236006,35.0,0.12499356186518218,12.609097577958556
12.25330603900002,109.14208323299965,SAT_10044,18.920872602965687,185.179908391682,98.83611471643154,170.77578157066424,-66.0688274403945,29.45277946185702,35.0,0.1251601653426919,12.620665166244585
12.35330603900002,107.64208323299974,SAT_10044,19.225792549349848,186.8950830900929,98.87741226325207,170.69617983409637,-65.76390749401034,29.588606846576663,35.0,0.12389176503829992,12.532442741452341
12.35330603900002,107.74208323299973,SAT_10044,19.24006304023156,186.97535460130254,98.87929041521272,170.6924337755363,-65.74963700312863,29.594937723279447,35.0,0.12383245190287283,12.528308498968897
12.35330603900002,107.84208323299973,SAT_10044,19.24509346174088,187.00365072229246,98.87995136113048,170.69111282850656,-65.74460658161931,29.597168834450084,35.0,0.12381154476836444,12.526851042794467
12.35330603900002,107.94208323299972,SAT_10044,19.240880205426393,186.97995115552345,98.87939782174885,170.6922192104042,-65.7488198379338,29.595300175112662,35.0,0.12382905561288614,12.528071747029378
12.35330603900002,108.04208323299972,SAT_10044,19.22742629377217,186.90427290246845,98.87762751869688,170.69575106390312,-65.76227374958802,29.589331749434734,35.0,0.12388497440346298,12.531969460716173
12.35330603900002,108.14208323299971,SAT_10044,19.204741364042405,186.77667017273856,98.87463314877462,170.70170246732414,-65.78495867931778,29.579263570727413,35.0,0.1239792691468942,12.538540513574166
12.35330603900002,108.2420832329997,SAT_10044,19.172841616862954,186.59723409485412,98.8704023012877,170.71006346763735,-65.81685842649723,29.565095661445696,35.0,0.12411188605169426,12.547778734253887
12.35330603900002,108.3420832329997,SAT_10044,19.131749730118614,186.3660922319172,98.8649173167404,170.72082013571116,-65.85795031324157,29.54682805318902,35.0,0.12428274979953266,12.5596754809199
12.35330603900002,108.44208323299969,SAT_10044,19.08149473913305,186.0834079076234,98.85815508397117,170.73395464316297,-65.90820530422714,29.524460786702026,35.0,0.12449176392353643,12.574219683842644
12.35330603900002,108.54208323299969,SAT_10044,19.02211188445675,185.74937935006923,98.8500867714921,170.74944535993095,-65.96758815890344,29.49799391187555,35.0,0.12473881128980978,12.591397899558242
12.35330603900002,108.64208323299968,SAT_10044,18.953642428935666,185.3642386627631,98.84067748732431,170.7672669714536,-66.03605761442452,29.467427487747862,35.0,0.12502375467757895,12.611194376041208
12.35330603900002,108.74208323299968,SAT_10044,18.876133446042388,184.92825063398843,98.82988585995265,170.7873906141399,-66.1135665973178,29.432761582506092,35.0,0.125346437452504,12.633591128231489
12.35330603900002,108.84208323299967,SAT_10044,18.861426202494087,184.84552238902924,98.82782111765053,170.79120297595293,-66.1282738408661,29.426176107914692,35.0,0.12540768053347745,12.63783929229439
12.35330603900002,108.94208323299966,SAT_10044,18.840019886032707,184.72511185893399,98.82480607934461,170.7967483910247,-66.14968015732748,29.416586625579924,35.0,0.1254968276985992,12.644021564184118
12.35330603900002,109.04208323299966,SAT_10044,18.80937785545177,184.5527504369162,98.82046983075867,170.80467923882043,-66.18032218790842,29.402850795805726,35.0,0.1256244540892975,12.652869290804432
12.35330603900002,109.14208323299965,SAT_10044,18.76952144400994,184.3285581225559,98.81479341791663,170.8149824397509,-66.22017859935025,29.384968649106266,35.0,0.12579048871465448,12.66437431999095
12.453306039000019,107.64208323299974,SAT_10044,19.35409692561298,187.61679520657302,98.89414420355885,170.66243270753398,-65.63560311774721,29.645443224288744,35.0,0.1233586460720576,12.495254988429911
12.453306039000019,107.74208323299973,SAT_10044,19.368409366074445,187.69730268416876,98.89598624930001,170.65865886335934,-65.62129067728574,29.65177164754344,35.0,0.1232991984959112,12.491104262973932
12.453306039000019,107.84208323299973,SAT_10044,19.3734545891744,187.725682064106,98.8966345006504,170.65732811271863,-65.61624545418579,29.654001894076387,35.0,0.12327824392629841,12.489640991617248
12.453306039000019,107.94208323299972,SAT_10044,19.369228935206905,187.70191276053885,98.89609159250092,170.65844270600354,-65.62047110815328,29.652133958913225,35.0,0.12329579450190731,12.490866566561062
12.453306039000019,108.04208323299972,SAT_10044,19.355735469589163,187.62601201643906,98.89435531837091,170.66200075825006,-65.63396457377102,29.64616784622021,35.0,0.12335184005525862,12.49477982168591
12.453306039000019,108.14208323299971,SAT_10044,19.332983966358086,187.4980348107642,98.89141860573551,170.66799625974107,-65.6567160770021,29.63610356930429,35.0,0.12344634816450673,12.501377038400804
12.453306039000019,108.2420832329997,SAT_10044,19.300990855645765,187.31807356300743,98.88726943671615,170.67641910974754,-65.68870918771442,29.621941150613456,35.0,0.12357926431837002,12.510651964261964
12.453306039000019,108.3420832329997,SAT_10044,19.2597791357326,187.08625763849585,98.88189071252977,170.68725517300803,-65.72992090762759,29.603680621737265,35.0,0.12375051219256859,12.522595844164258
12.453306039000019,108.44208323299969,SAT_10044,19.20937825066639,186.80275265999845,98.8752600589321,170.70048635828903,-65.7803217926938,29.581322023407633,35.0,0.1239599940350637,12.537197463777348
12.453306039000019,108.54208323299969,SAT_10044,19.149823934818215,186.46775963335247,98.86734956863667,170.7160907181121,-65.83987610854197,29.554865405499807,35.0,0.12420759115635921,12.55444320477332
12.453306039000019,108.64208323299968,SAT_10044,19.081158026092282,186.08151389676908,98.8581254753005,170.73404256850566,-65.9085420172679,29.524310827033606,35.0,0.12449316452015455,12.574317111275699
12.453306039000019,108.74208323299968,SAT_10044,19.00342824982515,185.64428390526646,98.8475477520901,170.75431262742762,-65.98627179353504,29.489658356174843,35.0,0.12481655542875182,12.59680096685351
12.453306039000019,108.84208323299967,SAT_10044,18.91668797569315,185.15636986327397,98.83556962601438,170.77686817031793,-66.07301206766704,29.450908070237002,35.0,0.12517758629682368,12.6218743812893
12.453306039000019,108.94208323299966,SAT_10044,18.820995950178542,184.61810221975432,98.82213699706296,170.80167320108922,-66.16870409318165,29.40806005568311,35.0,0.1255760615064632,12.649514886269074
12.453306039000019,109.04208323299966,SAT_10044,18.71641600734182,184.02984004129775,98.8071877486276,170.828688636735,-66.27328403601837,29.361114408127875,35.0,0.12601176833586153,12.679698039075383
12.453306039000019,109.14208323299965,SAT_10044,18.60915783562625,183.42651282539768,98.7915553599845,170.8562949831981,-66.38054220773394,29.312839130108213,35.0,0.12645887173838433,12.710627482905668
12.453306039000019,109.24208323299965,SAT_10082,18.609615172577463,183.4290853457482,98.79173071533901,170.85861936221067,-66.38008487078272,29.314352992578563,35.0,0.12644079326735852,12.709377707883261
12.553306039000018,107.64208323299974,SAT_10044,19.47303220666926,188.2858061625146,98.90932487193027,170.63101525846315,-65.51666783669093,29.697960303123022,35.0,0.12286477736057684,12.460748103990227
12.553306039000018,107.74208323299973,SAT_10044,19.487383549185523,188.36653246416859,98.91113447115758,170.62721547439116,-65.50231649417466,29.704286255479598,35.0,0.12280520559412562,12.456582069668979
12.553306039000018,107.84208323299973,SAT_10044,19.49244249879274,188.39498905570915,98.91177131442785,170.62587557128813,-65.49725754456745,29.706515631225166,35.0,0.12278420720539603,12.45511339729908
12.553306039000018,107.94208323299972,SAT_10044,19.48820534764296,188.37115508049166,98.91123796013295,170.6269978305687,-65.50149469571723,29.704648425386914,35.0,0.12280179448340799,12.45634349605203
12.553306039000018,108.04208323299972,SAT_10044,19.4746752014794,188.29504800832163,98.90953226585017,170.63058034128247,-65.51502484188079,29.6986846421298,35.0,0.12285795713475925,12.46027118559335
12.553306039000018,108.14208323299971,SAT_10044,19.45186196280349,188.16672354076962,98.90664736458844,170.6366170109372,-65.5378380805567,29.688624294756668,35.0,0.12295266233631266,12.466892702039866
12.553306039000018,108.2420832329997,SAT_10044,19.419782277305217,187.98627530984183,98.90257158843718,170.6450975999381,-65.56991776605497,29.674467405708562,35.0,0.12308585490294514,12.476201716922466
12.553306039000018,108.3420832329997,SAT_10044,19.37845944416894,187.75383437345027,98.8972883380899,170.65600777923552,-65.61124059919125,29.65621400656528,35.0,0.1232574575686965,12.48818936895231
12.553306039000018,108.44208323299969,SAT_10044,19.32792329127355,187.46956851341372,98.89077589560904,170.66932921050005,-65.66177675208664,29.63386413804613,35.0,0.1234673713785476,12.502844308254167
12.553306039000018,108.54208323299969,SAT_10044,19.268210016689437,187.1336813438781,98.88300717660609,170.68503964789258,-65.72149002667075,29.607417850010943,35.0,0.12371547618699842,12.520152752602113
12.553306039000018,108.64208323299968,SAT_10044,19.199361998239524,186.74641124009733,98.87394941668906,170.70311306025002,-65.79033804512066,29.576875201461284,35.0,0.1240016312586229,12.540098555073316
12.553306039000018,108.74208323299968,SAT_10044,19.12142757321078,186.30803009931066,98.86356378553079,170.72351977229988,-65.8682724701494,29.542236260541873,35.0,0.12432567596487107,12.56266328242652
12.553306039000018,108.84208323299967,SAT_10044,19.034460790595745,185.81884194710108,98.85180492017885,170.74622662332087,-65.95523925276444,29.503501104542277,35.0,0.12468743057057544,12.587826303415284
12.553306039000018,108.94208323299966,SAT_10044,18.938521138480894,185.27918140395502,98.83862036719239,170.77119714151206,-66.0511789048793,29.460669819898754,35.0,0.12508669710291978,12.615564886163062
12.553306039000018,109.04208323299966,SAT_10044,18.833673249397947,184.68941202786345,98.82394992076743,170.79839173220407,-66.15602679396224,29.41374250219642,35.0,0.12552326029504174,12.64585430365955
12.553306039000018,109.14208323299965,SAT_10044,18.71998658660091,184.0499245496301,98.80772484109434,170.8277678779498,-66.26971345675928,29.36271925617152,35.0,0.1259968885959828,12.678667946385001
12.653306039000018,107.64208323299974,SAT_10044,19.582512235809602,188.901631326429,98.92302706359332,170.6019803429963,-65.40718780755059,29.74615796822865,35.0,0.1224104455031721,12.428954987279756
12.653306039000018,107.74208323299973,SAT_10044,19.596899296612705,188.9825585434465,98.92480761522462,170.598156552112,-65.39280074674748,29.752481432243574,35.0,0.12235076022847435,12.424774866650585
12.653306039000018,107.84208323299973,SAT_10044,19.601970849550497,189.01108602872154,98.92543424528128,170.59680817853786,-65.38772919380969,29.754709931054375,35.0,0.12232972178894995,12.423301224537257
12.653306039000018,107.94208323299972,SAT_10044,19.59772314197231,188.98719267359422,98.92490944418985,170.5979375325886,-65.39197690138788,29.752843459689757,35.0,0.12234734261308604,12.42453548587596
12.653306039000018,108.04208323299972,SAT_10044,19.584159317150366,188.91089615897081,98.92323112643989,170.6015426791055,-65.40554072620982,29.74688202231341,35.0,0.12240361229065784,12.428476457127068
12.653306039000018,108.14208323299971,SAT_10044,19.561289397138296,188.7822528589029,98.92039260763846,170.6076174484861,-65.42841064622189,29.736825632224107,35.0,0.12249849762624394,12.435120332333653
12.653306039000018,108.2420832329997,SAT_10044,19.52913022822264,188.60135753375235,98.91638253076238,170.616151471778,-65.46056981513755,29.72267431185602,35.0,0.12263194280960625,12.444460712405954
12.653306039000018,108.3420832329997,SAT_10044,19.487705389592236,188.36834281645633,98.91118474014588,170.62713023942092,-65.50199465376795,29.70442809277929,35.0,0.12280386970123727,12.456488637425089
12.653306039000018,108.44208323299969,SAT_10044,19.437045066270713,188.08337849777277,98.90477810068542,170.64053518293818,-65.55265497708947,29.682087015700766,35.0,0.12301417823024205,12.471192631621824
12.653306039000018,108.54208323299969,SAT_10044,19.377185887751082,187.74667061859986,98.89713625860301,170.6563437786187,-65.6125141556091,29.655651130465014,35.0,0.12326274690064101,12.48855876055479
12.653306039000018,108.64208323299968,SAT_10044,19.308170734137462,187.35846037952325,98.88822733884763,170.67452967198665,-65.68152930922273,29.625120496055537,35.0,0.12354943340116571,12.508570699890441
12.653306039000018,108.74208323299968,SAT_10044,19.230048511937937,186.9190228796509,98.87801357278444,170.6950628216303,-65.75965153142225,29.5904951805962,35.0,0.12387407531269241,12.531209815075462
12.653306039000018,108.84208323299967,SAT_10044,19.142873901937918,186.4286656984008,98.86645084816996,170.71790966077475,-65.84682614142227,29.551775261352887,35.0,0.12423649090663202,12.556455251093777
12.653306039000018,108.94208323299966,SAT_10044,19.046707081837113,185.88772733533378,98.85348817147425,170.74303327481573,-65.94299296152307,29.508960824735393,35.0,0.12463648002687872,12.58428403141586
12.653306039000018,109.04208323299966,SAT_10044,18.94161342653105,185.29657552423717,98.83906703030611,170.77039359290242,-66.04808661682914,29.46205196629954,35.0,0.12507382504732736,12.61467116517893
12.653306039000018,109.14208323299965,SAT_10044,18.827663189064026,184.65560543848514,98.82312064092534,170.79994759156574,-66.16203685429616,29.41104879074948,35.0,0.12554829189650207,12.647589761583394
12.653306039000018,109.44208323299964,SAT_10082,18.996566732273635,185.6056878690392,98.84674387209185,170.75855969543454,-65.99313331108655,29.487950265635767,35.0,0.1248294137687158,12.597694467519059
12.753306039000018,107.64208323299974,SAT_10044,19.682456158254197,189.46381589017986,98.93531470292167,170.57537761499762,-65.30724388510599,29.79003611421331,35.0,0.12199591914953073,12.399906465172142
12.753306039000018,107.74208323299973,SAT_10044,19.69687562462822,189.54492538853373,98.93706937942952,170.5715318331961,-65.29282441873197,29.7963570724495,35.0,0.1219361314551858,12.395713526530178
12.753306039000018,107.84208323299973,SAT_10044,19.701958612201196,189.57351719363174,98.93768691158019,170.57017570037578,-65.28774143115899,29.79858468818041,35.0,0.12191505687666614,12.39423536208696
12.753306039000018,107.94208323299972,SAT_10044,19.697701327075237,189.54956996479822,98.93716972966679,170.57131155348472,-65.29199871628495,29.79671895643625,35.0,0.121932707970471,12.39547341126602
12.753306039000018,108.04208323299972,SAT_10044,19.68410694707319,189.47310157728668,98.93551579853299,170.57493743505478,-65.305593096287,29.79075988137945,35.0,0.12198907421914826,12.39942646839252
12.753306039000018,108.14208323299971,SAT_10044,19.66118560431127,189.3441690242509,98.93271859533658,170.58104710442274,-65.32851443904892,29.780707476304755,35.0,0.12208412208557323,12.406090688845364
12.753306039000018,108.2420832329997,SAT_10044,19.62895432974223,189.16286810480003,98.92876703808487,170.58963007343263,-65.36074571361796,29.76656176363955,35.0,0.12221779518575795,12.415459608639113
12.753306039000018,108.3420832329997,SAT_10044,19.587436960311067,188.92933290174972,98.9236453635374,170.60067166619032,-65.40226308304912,29.748322774944405,35.0,0.1223900145784579,12.427524177224738
12.753306039000018,108.44208323299969,SAT_10044,19.53666400978676,188.64373505505054,98.9173329520571,170.61415310216108,-65.45303603357343,29.725990550913853,35.0,0.12260067916868761,12.442272803157508
12.753306039000018,108.54208323299969,SAT_10044,19.476672504745622,188.30628283919413,98.9098040958975,170.63005160162425,-65.51302753861457,29.69956514137736,35.0,0.12284966622115226,12.459691412146531
12.753306039000018,108.64208323299968,SAT_10044,19.407505787548217,187.91722005495873,98.90102770620285,170.64834051225836,-65.58219425581197,29.669046605300558,35.0,0.12313683197856985,12.479763516875602
12.753306039000018,108.74208323299968,SAT_10044,19.329213288503865,187.47682474783426,98.89096695262842,170.6689894553928,-65.66048675485632,29.63443501078667,35.0,0.123462012378913,12.50247029787129
12.753306039000018,108.84208323299967,SAT_10044,19.24185026970183,186.9854077670728,98.87957882790697,170.69196449027788,-65.74784977365836,29.59573043507817,35.0,0.12382502386475903,12.527790694593886
12.753306039000018,108.94208323299966,SAT_10044,19.1454775432522,186.44331118079361,98.86681362783501,170.71722829454868,-65.84422250010799,29.55293296455866,35.0,0.1242256642772083,12.555701505840773
12.753306039000018,109.04208323299966,SAT_10044,19.04016116687704,185.85090656368337,98.85261433495023,170.74474035893044,-65.94953887648315,29.50604269475499,35.0,0.12466371382622875,12.586177498481469
12.753306039000018,109.14208323299965,SAT_10044,18.925972119942756,185.208593174678,98.83691589152622,170.77445719413822,-66.06372792341743,29.455059730339546,35.0,0.1251389361288122,12.619191523489942
12.753306039000018,109.24208323299965,SAT_10044,18.80298596312757,184.51679604259257,98.81964434430185,170.80633254785712,-66.18671408023262,29.39998418513284,35.0,0.12565107930598596,12.654714638202352
12.853306039000017,107.54208323299974,SAT_10044,19.748996024370754,189.83810263708548,98.9433828547932,170.55761477698945,-65.24070401898943,29.819184515692765,35.0,0.12172006239064995,12.380553695302096
12.853306039000017,107.64208323299974,SAT_10044,19.772788839713655,189.9719372233893,98.94624370109267,170.55125325849164,-65.21691120364653,29.829594645140254,35.0,0.12162144766331741,12.373631142631815
12.853306039000017,107.74208323299973,SAT_10044,19.78723727828222,190.05320969033747,98.94797547883655,170.5473875792612,-65.20246276507797,29.835913080167025,35.0,0.12156156901662198,12.369426696967166
12.853306039000017,107.84208323299973,SAT_10044,19.79233048920068,190.0818590017538,98.94858495948401,170.5460244258126,-65.19736955415951,29.83813980667518,35.0,0.12154046234455902,12.367944472677534
12.853306039000017,107.94208323299972,SAT_10044,19.7880646410848,190.057863606102,98.9480745204268,170.54716615932324,-65.20163540227539,29.836274819696417,35.0,0.12155814031963032,12.369185922328935
12.853306039000017,108.04208323299972,SAT_10044,19.774442943157723,189.98124155526222,98.94644217080679,170.55081080202933,-65.21525710020246,29.830318123391915,35.0,0.12161459232721601,12.373149829237837
12.853306039000017,108.14208323299971,SAT_10044,19.75147562756196,189.85205040503604,98.94368152989885,170.55695204862144,-65.23822441579823,29.820269731052438,35.0,0.12170978452054927,12.379832313708674
12.853306039000017,108.2420832329997,SAT_10044,19.719179893072265,189.6703868985315,98.93978175763905,170.56557930250366,-65.27052015028792,29.806129665098652,35.0,0.12184365999573764,12.389226852887168
12.853306039000017,108.3420832329997,SAT_10044,19.677579810867513,189.43638643612977,98.93472743594454,170.57667773647484,-65.31212023249267,29.78789795708167,35.0,0.12201613908506655,12.401324314014433
12.853306039000017,108.44208323299969,SAT_10044,19.626706193444107,189.15022233812311,98.92849839849221,170.59022837711075,-65.36299384991608,29.765574647683827,35.0,0.12222711976564475,12.416113000723508
12.853306039000017,108.54208323299969,SAT_10044,19.566596428175416,188.81210490848673,98.9210695055702,170.60620821184153,-65.42310361518477,29.739159786719664,35.0,0.12247647817932633,12.433578711883586
12.853306039000017,108.64208323299968,SAT_10044,19.497294277399575,188.4222803103726,98.91241035945018,170.62459031746891,-65.49240576596061,29.708653433137133,35.0,0.12276406925879468,12.45370481237003
12.853306039000017,108.74208323299968,SAT_10044,19.418849647267592,187.98102926588024,98.90248495441044,170.64534400863516,-65.5708503960926,29.67405565501904,35.0,0.12308972745373183,12.476472315022733
12.853306039000017,108.84208323299967,SAT_10044,19.331318327885924,187.48866559435834,98.89125125401992,170.66843500455582,-65.65838171547426,29.635366529584694,35.0,0.12345326755014203,12.501859972953007
12.853306039000017,108.94208323299966,SAT_10044,19.234761707542063,186.94553460492412,98.87866068651243,170.6938256121626,-65.75493833581812,29.592586143191784,35.0,0.1238544855751602,12.529844381272133
12.853306039000017,109.04208323299966,SAT_10044,19.12924646401582,186.352011360089,98.86465754696889,170.7214749236607,-65.86045357934437,29.545714591338502,35.0,0.12429315977906359,12.560400087243108
12.853306039000017,109.14208323299965,SAT_10044,19.01484423612078,185.7084988281794,98.84917829248707,170.75133902641647,-65.97485580723941,29.494751978665825,35.0,0.12476905168572903,12.59349970780302
12.853306039000017,109.24208323299965,SAT_10044,18.89163127873107,185.01542594286227,98.83215071344594,170.7833712230212,-66.09806876462912,29.439698418960084,35.0,0.1252819072024316,12.629114053365587
12.853306039000017,109.34208323299964,SAT_10082,18.899103345743114,185.05745631980503,98.83329779889395,170.78388824214483,-66.09059669761707,29.444384364491057,35.0,0.12523498210119746,12.625857837862103
12.953306039000017,107.54208323299974,SAT_10044,19.829606662180993,190.29153747476806,98.95303508784042,170.53604039738093,-65.1600933811792,29.854427530978107,35.0,0.12138600464109284,12.357094510135292
12.953306039000017,107.64208323299974,SAT_10044,19.85344126472502,190.42560711407825,98.9558626839286,170.5296497325474,-65.13625877863517,29.86483347452565,35.0,0.12128725985818607,12.350155260755242
12.953306039000017,107.74208323299973,SAT_10044,19.86791513069649,190.50702261016775,98.95757437014045,170.5257663211154,-65.1217849126637,29.871149368918665,35.0,0.12122730207466263,12.345940658392285
12.953306039000017,107.84208323299973,SAT_10044,19.873017314339805,190.53572239316142,98.95817678626206,170.52439691098277,-65.11668272902038,29.873375200063435,35.0,0.12120616747740819,12.344454850623642
12.953306039000017,107.94208323299972,SAT_10044,19.86874395073572,190.51168472288845,98.95767226350445,170.52554388502503,-65.12095609262447,29.871510962993128,35.0,0.12122386884240294,12.345699301750164
12.953306039000017,108.04208323299972,SAT_10044,19.855098277198024,190.43492780923887,98.95605884968012,170.5292052473028,-65.13460176616216,29.865556661867696,35.0,0.12128039546834982,12.349672785258717
12.953306039000017,108.14208323299971,SAT_10044,19.832090615349955,190.3055097113435,98.95333028812252,170.5353746346156,-65.15760942801023,29.855512309973957,35.0,0.12137571323227234,12.356371390136307
12.953306039000017,108.2420832329997,SAT_10044,19.799738314093005,190.12352801677312,98.94947594994247,170.54404135325964,-65.18996172926718,29.841377929725933,35.0,0.12150976476651738,12.365788540966951
12.953306039000017,108.3420832329997,SAT_10044,19.758065654132423,189.8891193044949,98.94448071831046,170.55519044054512,-65.23163438922776,29.823153552665385,35.0,0.12168246975537038,12.377915031592666
12.953306039000017,108.44208323299969,SAT_10044,19.70710371516698,189.60245839781427,98.9383248225066,170.56880275033342,-65.28259632819321,29.80083921946258,35.0,0.1218937253482949,12.39273907197407
12.953306039000017,108.54208323299969,SAT_10044,19.64689020726985,189.2637574158929,98.93098361846106,170.58485506157433,-65.34280983609034,29.774434979917295,35.0,0.12214340668566762,12.410246347747627
12.953306039000017,108.64208323299968,SAT_10044,19.577469268379247,188.87326463463324,98.92242731138037,170.6033202085619,-65.41223077498094,29.743940892959994,35.0,0.12243136753181255,12.43042009184722
12.953306039000017,108.74208323299968,SAT_10044,19.49889123016817,188.43126316969597,98.91262061478123,170.62416723139577,-65.49080881319202,29.709357026653286,35.0,0.12275744100916318,12.453241167440382
12.953306039000017,108.84208323299967,SAT_10044,19.411212354869818,187.93806949614273,98.90152233878558,170.6473615449317,-65.57848768849037,29.670683458193572,35.0,0.12312144042651425,12.478688161325724
12.953306039000017,108.94208323299966,SAT_10044,19.3144945459005,187.39403182069034,98.88908489881399,170.67286512432943,-65.67520549745969,29.62792027391291,35.0,0.12352316019357587,12.50673748684958
12.953306039000017,109.04208323299966,SAT_10044,19.20880503532392,186.79952832369705,98.87525373377593,170.70063670517624,-65.78089500803627,29.581067569281135,35.0,0.12396237681342487,12.537363495327739
12.953306039000017,109.14208323299965,SAT_10044,19.094216051363574,186.1549652889201,98.85996662041418,170.73063199605772,-65.89548399199661,29.53012544890816,35.0,0.12443884994396494,12.570538594903095
12.953306039000017,109.24208323299965,SAT_10044,18.97080446926232,185.46077513960054,98.84315286750008,170.76280390139303,-66.01889557409787,29.475094026546504,35.0,0.12495232351916045,12.606233375732186
12.953306039000017,109.34208323299964,SAT_10082,18.908849890421394,185.11228063362034,98.83467519796885,170.78135917080152,-66.0808501529388,29.448745880180415,35.0,0.12519441533584652,12.623042446981835
13.053306039000017,107.54208323299974,SAT_10044,19.900480514842457,190.69020289598882,98.9614148554025,170.51702167608556,-65.08921952851773,29.885350796386312,35.0,0.12109241771127383,12.336456231107215
13.053306039000017,107.64208323299974,SAT_10044,19.924350910524694,190.8244738717014,98.9642136077588,170.5106055314469,-65.0653491328355,29.895752525336174,35.0,0.12099356281798773,12.329502563906766
13.053306039000017,107.74208323299973,SAT_10044,19.938846557846972,190.9060118878892,98.96590786473972,170.50670661831955,-65.05085348551322,29.902065861677382,35.0,0.12093353802843365,12.325279190842611
13.053306039000017,107.84208323299973,SAT_10044,19.94395642784761,190.9347549066428,98.96650415238759,170.50533173849334,-65.04574361551258,29.904290791320353,35.0,0.1209123797856108,12.32379028855398
13.053306039000017,107.94208323299972,SAT_10044,19.93967662619896,190.91068102236915,98.96600476201992,170.50648329389333,-65.05002341716123,29.90242730929971,35.0,0.12093010095598537,12.325037331611632
13.053306039000017,108.04208323299972,SAT_10044,19.926010414848704,190.83380858352396,98.96440777485508,170.5101592726233,-65.06368962851148,29.896475419774184,35.0,0.12098669076246599,12.329019084899906
13.053306039000017,108.14208323299971,SAT_10044,19.90296819389134,190.7041960906388,98.96170704139303,170.51635326065684,-65.08673184946885,29.8864351360267,35.0,0.1210821148405484,12.335731609998163
13.053306039000017,108.2420832329997,SAT_10044,19.870567443879466,190.521941871822,98.9578921151559,170.52505447903656,-65.11913259948072,29.872306480464704,35.0,0.12121631541705666,12.345168285491816
13.053306039000017,108.3420832329997,SAT_10044,19.828832629253043,190.28718353954838,98.95294813951452,170.53624784612722,-65.16086741410714,29.854089484620708,35.0,0.1213892116096636,12.357319840990964
13.053306039000017,108.44208323299969,SAT_10044,19.777795064009652,190.00009723505428,98.94685568540615,170.54991406417255,-65.21190497935054,29.831784189153048,35.0,0.12160069984416065,12.372174404486858
13.053306039000017,108.54208323299969,SAT_10044,19.71749274116813,189.66089666907075,98.93959053675931,170.56602972911782,-65.27220730219206,29.805390643846884,35.0,0.1218506543852919,12.389717562535848
13.053306039000017,108.64208323299968,SAT_10044,19.647970127971348,189.26983196983883,98.9311234193465,170.58456746239898,-65.34172991538884,29.77490890761539,35.0,0.12213892797588372,12.409932432629356
13.053306039000017,108.74208323299968,SAT_10044,19.569277929133918,188.82718835137828,98.9214196675505,170.6054960631601,-65.42042211422627,29.74033904850121,35.0,0.12246535257801644,12.432799746989366
13.053306039000017,108.84208323299967,SAT_10044,19.481472820748294,188.33328461670916,98.91043882210562,170.6287806791569,-65.5082272226119,29.701681143678066,35.0,0.12282974020910359,12.458297946923945
13.053306039000017,108.94208323299966,SAT_10044,19.384617157734482,187.78847151225645,98.89813415021274,170.65438299442582,-65.6050828856257,29.658935279452674,35.0,0.12323188386498968,12.486403286787583
13.053306039000017,109.04208323299966,SAT_10044,19.278778657923084,187.19312995081734,98.8844520774527,170.68226143166424,-65.7109213854371,29.612101551266832,35.0,0.12367155852155051,12.517089946518137
13.053306039000017,109.14208323299965,SAT_10044,19.164030066020075,186.54766912136293,98.86933151855976,170.71237136716715,-65.82566997734011,29.56118006369971,35.0,0.12414852220579391,12.550330151666877
13.053306039000017,109.24208323299965,SAT_10044,19.04044880080258,185.85252450451452,98.85270309125592,170.7446653561011,-65.94925124255761,29.506170930470397,35.0,0.12466251712711002,12.586094299799788
13.053306039000017,109.34208323299964,SAT_10082,18.908946622063596,185.11282474910772,98.83470735619046,170.78133406623127,-66.08075342129659,29.448789161587488,35.0,0.12519401273250078,12.623014503920304
13.153306039000016,107.54208323299974,SAT_10044,19.961562045801443,191.03378650763312,98.96855816665075,170.50059282513897,-65.02813799755874,29.911954244322143,35.0,0.12083948541095056,12.318659931330979
13.153306039000016,107.64208323299974,SAT_10044,19.985462092346467,191.16822426944887,98.97133227785105,170.49415496287085,-65.00423795101372,29.922351729986868,35.0,0.12074054081251681,12.311694177317221
13.153306039000016,107.74208323299973,SAT_10044,19.99997578470814,191.2498637889833,98.97301164485238,170.4902428368082,-64.98972425865205,29.928662490864458,35.0,0.12068046142775414,12.307463451280558
13.153306039000016,107.84208323299973,SAT_10044,20.00509202283574,191.27864262845105,98.9736026968408,170.48886329484452,-64.98460802052445,29.93088651286941,35.0,0.12065928391781691,12.305971954631518
13.153306039000016,107.94208323299972,SAT_10044,20.00080688727448,191.25453874091897,98.97310769116257,170.49001875520258,-64.98889315608571,29.9290237910378,35.0,0.12067702122624693,12.307221170694678
13.153306039000016,108.04208323299972,SAT_10044,19.987123661019837,191.17757059323657,98.97152473748284,170.49370719233428,-65.00257638234035,29.92307432952714,35.0,0.12073366251139159,12.311209857021812
13.153306039000016,108.14208323299971,SAT_10044,19.964052811210394,191.04779706305845,98.96884777755729,170.49992214873228,-65.0256472321498,29.91303814161651,35.0,0.12082917320301528,12.317934051831015
13.153306039000016,108.2420832329997,SAT_10044,19.931611930876414,190.86531711117982,98.96506652023074,170.5086527725071,-65.05808811248377,29.89891524970685,35.0,0.12096349518252497,12.32738709450099
13.153306039000016,108.3420832329997,SAT_10044,19.889825641428587,190.6302692330358,98.96016633041998,170.5198838802724,-65.0998744019316,29.880705685321523,35.0,0.12113654708497072,12.339559659895743
13.153306039000016,108.44208323299969,SAT_10044,19.838725457025717,190.34283069576966,98.95412806993981,170.5335960445764,-65.15097458633447,29.858409489107064,35.0,0.12134822471975647,12.354439806145377
13.153306039000016,108.54208323299969,SAT_10044,19.778349612393427,190.00321656971303,98.94692788706642,170.54976570482887,-65.21135043096676,29.832026710834185,35.0,0.12159840160582568,12.372013035366244
13.153306039000016,108.64208323299968,SAT_10044,19.708742856066223,189.6116785653725,98.93853695066494,170.5683653004058,-65.28095718729396,29.801557409398963,35.0,0.12188692961599436,12.392262366671154
13.153306039000016,108.74208323299968,SAT_10044,19.629956211385633,189.16850368904417,98.92892112350464,170.58936342437474,-65.35974383197455,29.76700165282427,35.0,0.1222136397241034,12.415168420699978
13.153306039000016,108.84208323299967,SAT_10044,19.54204670790574,188.6740127319698,98.91804056799887,170.61272499607355,-65.44765333545445,29.72835951826143,35.0,0.12257834284777706,12.440709514794548
13.153306039000016,108.94208323299966,SAT_10044,19.445077086122637,188.12855860943986,98.90584927598813,170.63841145059936,-65.54462295723755,29.685631091992082,35.0,0.12298083077880867,12.468861767851463
13.153306039000016,109.04208323299966,SAT_10044,19.339115478658968,187.5325245674567,98.89229451226568,170.6663809431264,-65.65058456470122,29.63881646943029,35.0,0.12342087719256362,12.499599213812537
13.153306039000016,109.14208323299965,SAT_10044,19.22423507119015,186.8863222754446,98.87731615924794,170.69658856587063,-65.76546497217004,29.587915755124822,35.0,0.12389823872730092,12.532893922696939
13.153306039000016,109.24208323299965,SAT_10044,19.100513746503566,186.1903898240826,98.86084594741416,170.72898657545383,-65.88918629685662,29.53292906276171,35.0,0.12441265612396113,12.568716128040533
13.253306039000016,107.64208323299974,SAT_10044,20.036726276237914,191.45658530383827,98.97724878125396,170.48032794670098,-64.95297376712227,29.94463103033925,35.0,0.12052835431950162,12.296748496441046
13.253306039000016,107.74208323299973,SAT_10044,20.051254198843054,191.5383048684922,98.97891569444735,170.47640494717513,-64.93844584451713,29.95093919834759,35.0,0.12046823299304107,12.292511862696545
13.253306039000016,107.84208323299973,SAT_10044,20.056375459160066,191.56711195777538,98.97950236736924,170.47502156853415,-64.93332458420012,29.95316230658049,35.0,0.12044704068009758,12.291018281566378
13.253306039000016,107.94208323299972,SAT_10044,20.052086117026107,191.54298440827185,98.97901102901334,170.47618024245384,-64.93761392633408,29.95130035007545,35.0,0.12046479038751501,12.292269243568187
13.253306039000016,108.04208323299972,SAT_10044,20.038389472782328,191.46594078440057,98.97743981278654,170.47987893211751,-64.95131057057786,29.94535333298879,35.0,0.12052147122061665,12.296263500228513
13.253306039000016,108.14208323299971,SAT_10044,20.01529604882134,191.33604027462002,98.9747827366056,170.48611114412495,-64.97440399453885,29.935321268595775,35.0,0.12061704844020027,12.30299707056947
13.253306039000016,108.2420832329997,SAT_10044,19.98282353086809,191.15338236113297,98.97102963894213,170.49486596638488,-65.0068765124921,29.921204179290918,35.0,0.12075146364398377,12.312463261754155
13.253306039000016,108.3420832329997,SAT_10044,19.940996669692808,190.91810626702204,98.9661660695989,170.50612813152156,-65.04870337366738,29.90300209658853,35.0,0.12092463507064503,12.324652703663695
13.253306039000016,108.44208323299969,SAT_10044,19.88984714440015,190.63039018725084,98.96017313312102,170.51987810503226,-65.09985289896004,29.880715061123485,35.0,0.12113645802336041,12.3395533970279
13.253306039000016,108.54208323299969,SAT_10044,19.829413388889876,190.29045031250556,98.9530272818006,170.53609219712644,-65.16028665447031,29.854343122652196,35.0,0.12138680540856821,12.35715077458751
13.253306039000016,108.64208323299968,SAT_10044,19.759740383475446,189.89853965704938,98.94470005418988,170.55474269692178,-65.22995965988474,29.823886340053832,35.0,0.12167552838457683,12.377427774632224
13.253306039000016,108.74208323299968,SAT_10044,19.680879414025128,189.45494670389138,98.93515775386035,170.575798027416,-65.30882062933506,29.78934478133172,35.0,0.12200245711363279,12.400364926137149
13.253306039000016,108.84208323299967,SAT_10044,19.592887801299895,188.95999388231192,98.92436106179015,170.5992229194521,-65.39681224206029,29.75071852361503,35.0,0.12236740161016607,12.425940444613058
13.253306039000016,108.94208323299966,SAT_10044,19.495828603434447,188.4140358943188,98.91226457417987,170.62497860271463,-65.49387143992574,29.7080076531606,35.0,0.12277015267716246,12.454130337694533
13.253306039000016,109.04208323299966,SAT_10044,19.38977029472815,187.81745790784586,98.8988162556237,170.6530230116491,-65.59992974863204,29.661212265355065,35.0,0.12321048292197499,12.48490851941601
13.253306039000016,109.14208323299965,SAT_10044,19.274786424060977,187.170673635343,98.88395679531943,170.68331100410472,-65.71491361929921,29.61033246471713,35.0,0.12368814784239453,12.518246932069228
13.253306039000016,109.24208323299965,SAT_10044,19.150955256360376,186.47412331702714,98.8676188512916,170.71579459042906,-65.83874478699981,29.555368364900126,35.0,0.12420288697344604,12.554115674497423
13.353306039000016,107.64208323299974,SAT_10044,20.078102355767967,191.68932575119481,98.98198784363815,170.46914983685784,-64.91159768759222,29.96259037769971,35.0,0.12035713916272549,12.284681089271368
13.353306039000016,107.74208323299973,SAT_10044,20.092640627797465,191.77110353136075,98.98364465452566,170.46521834605156,-64.89705941556272,29.968895935439303,35.0,0.12029698875158702,12.280440016198883
13.353306039000016,107.84208323299973,SAT_10044,20.097765541058507,191.79993116845412,98.98422777522113,170.4638319712723,-64.89193450230168,29.971118123768278,35.0,0.1202757861715713,12.278944868626091
13.353306039000016,107.94208323299972,SAT_10044,20.093473139214183,191.77578640807977,98.98373941173668,170.4649931547273,-64.896226904146,29.969256937725536,35.0,0.12029354447874673,12.28019714266549
13.353306039000016,108.04208323299972,SAT_10044,20.079766736154482,191.698687890869,98.98217771672357,170.4686998507776,-64.9099333072057,29.963312381466228,35.0,0.12035025273720439,12.284195585157121
13.353306039000016,108.14208323299971,SAT_10044,20.056656897427843,191.5686950480316,98.97953676983168,170.47494553792552,-64.93304314593234,29.953284468261838,35.0,0.12044587607635134,12.290936200192313
13.353306039000016,108.2420832329997,SAT_10044,20.024161381159217,191.3859077690206,98.97580651460153,170.48371925695122,-64.96553866220097,29.939173220500525,35.0,0.12058035587330451,12.300412269876967
13.353306039000016,108.3420832329997,SAT_10044,19.982305039152436,191.15046584523245,98.97097265069131,170.49500567473132,-65.00739500420775,29.92097866968766,35.0,0.12075361005851387,12.312614389105583
13.353306039000016,108.44208323299969,SAT_10044,19.93111967933686,190.86254819626984,98.96501647937933,170.5087851729636,-65.05858036402333,29.898700856446567,35.0,0.12096553354149843,12.327530513964804
13.353306039000016,108.54208323299969,SAT_10044,19.870643891161762,190.52237188778489,98.95791469935247,170.525033960725,-65.11905615219843,29.872339830519536,35.0,0.12121599875238769,12.345146023240558
13.353306039000016,108.64208323299968,SAT_10044,19.80092283594651,190.13019095219911,98.94963914876632,170.54372420952103,-65.18877720741368,29.841895650769,35.0,0.12150485629385074,12.365443792367806
13.353306039000016,108.74208323299968,SAT_10044,19.722008004566533,189.68629502568675,98.94015648840661,170.56482420923615,-65.26769203879365,29.807368385178982,35.0,0.12183193569698024,12.388404279039511
13.353306039000016,108.84208323299967,SAT_10044,19.633956945170453,189.1910078165838,98.92942781945109,170.58829854318913,-65.35574309818973,29.768758110856723,35.0,0.12219704627379807,12.41400561958353
13.353306039000016,108.94208323299966,SAT_10044,19.53683296390423,188.6446854219613,98.91740822777908,170.61410828030807,-65.45286707945596,29.726064914034538,35.0,0.12259997805827394,12.442223735124145
13.353306039000016,109.04208323299966,SAT_10044,19.430704801826266,188.04771451027278,98.90404624493766,170.64221118230833,-65.55899524153392,29.679288890071945,35.0,0.12304050282710961,12.473032446470429
13.353306039000016,109.14208323299965,SAT_10044,19.315646291359144,187.40051038889519,98.88928321367565,170.67256192365096,-65.67405375200104,29.62843014345792,35.0,0.12351837519104508,12.506403596616956
13.353306039000016,109.24208323299965,SAT_10044,19.1917359957302,186.70351497598236,98.87305254330066,170.70511232199232,-65.79796404762999,29.57348878781346,35.0,0.12403333374709008,12.54230717970405
13.453306039000015,107.64208323299974,SAT_10044,20.109556889350017,191.86625750259384,98.98556911782921,170.46064126835861,-64.88014315401017,29.976229732818148,35.0,0.12022700577516726,12.275504612694546
13.453306039000015,107.74208323299973,SAT_10044,20.12410157700907,191.94807137067605,98.98721811039994,170.4567037027721,-64.86559846635112,29.98253266289558,35.0,0.12016683929912654,12.27126058717547
13.453306039000015,107.84208323299973,SAT_10044,20.129228755267718,191.97691174838093,98.98779848198508,170.45531518450872,-64.86047128809247,29.984753925190894,35.0,0.12014563104541492,12.269764397729215
13.453306039000015,107.94208323299972,SAT_10044,20.124934456240226,191.95275631635127,98.98731242078884,170.4564781633243,-64.86476558711996,29.98289351474439,35.0,0.1201633941050054,12.271017544435045
13.453306039000015,108.04208323299972,SAT_10044,20.111222003489928,191.87562376963086,98.98575809437439,170.4601905872573,-64.87847803987026,29.976951435710046,35.0,0.12022011751275172,12.275018770810263
13.453306039000015,108.14208323299971,SAT_10044,20.088101993380164,191.74557371276342,98.98312963022742,170.46644591467043,-64.90159804998002,29.966927701355623,35.0,0.12031576630489203,12.281764070360323
13.453306039000015,108.2420832329997,SAT_10044,20.05559223572898,191.5627063259755,98.9794170533041,170.4752331525661,-64.93410780763121,29.952822334063,35.0,0.12045028170211194,12.291246707426003
13.453306039000015,108.3420832329997,SAT_10044,20.013717654477105,191.3271618064337,98.97460617938302,170.4865369206981,-64.97598238888308,29.93463536532869,35.0,0.12062358141628562,12.303457252097393
13.453306039000015,108.44208323299969,SAT_10044,19.962510149530104,191.03911959110687,98.96867846218822,170.50033754070535,-65.02718989383008,29.91236683576461,35.0,0.12083556007776228,12.31838362881159
13.453306039000015,108.54208323299969,SAT_10044,19.902008421390804,190.69879737032326,98.96161079133499,170.5166111491846,-65.08769162196938,29.88601679509908,35.0,0.12108608977886814,12.336011178105004
13.453306039000015,108.64208323299968,SAT_10044,19.83225776060165,190.30644990338428,98.95337523713874,170.53532983335256,-65.15744228275854,29.855585302177996,35.0,0.12137502072817836,12.3563227308558
13.453306039000015,108.74208323299968,SAT_10044,19.753309804387115,189.86236764967754,98.94393873718712,170.5564617877015,-65.23639023897307,29.821072424966275,35.0,0.12170218200909276,12.379298694228762
13.453306039000015,108.84208323299967,SAT_10044,19.665222263215,189.36687523058438,98.93326271826602,170.57997148983287,-65.32447778014519,29.78247824054948,35.0,0.12206738243534576,12.404917148426447
13.453306039000015,108.94208323299966,SAT_10044,19.568058620260828,188.8203297389672,98.92130264569884,170.60581989348165,-65.42164142309936,29.739802835135688,35.0,0.12247041149530055,12.433153953258104
13.453306039000015,109.04208323299966,SAT_10044,19.46188780698148,188.22311891427083,98.90800749035014,170.63396463659703,-65.52781223637871,29.693046304057596,35.0,0.12291104037623773,12.463982863463023
13.453306039000015,109.14208323299965,SAT_10044,19.346783858164414,187.57565920217485,98.89331910137953,170.6643602622431,-65.64291618519577,29.642208751774785,35.0,0.12338902305934993,12.49737565166812
13.553306039000015,107.64208323299974,SAT_10044,20.131064295314488,191.98723666114398,98.98800741010544,170.45481803151165,-64.8586357480457,29.985549065886886,35.0,0.12013803859489133,12.269228743826043
13.553306039000015,107.74208323299973,SAT_10044,20.145611425363683,192.0690642676707,98.98965081701282,170.45087683324437,-64.8440886179965,29.991849350914762,35.0,0.12007786919444532,12.26498326647245
13.553306039000015,107.84208323299973,SAT_10044,20.150739466748433,192.09790950045993,98.99022922456436,170.44948703318906,-64.83896057661175,29.994069681048806,35.0,0.12005665990302,12.263486564568487
13.553306039000015,107.94208323299972,SAT_10044,20.146444444727976,192.07375000159487,98.98974480817999,170.45065108562082,-64.84325559863221,29.992210051330694,35.0,0.12007442383199596,12.264740140510078
13.553306039000015,108.04208323299972,SAT_10044,20.13272968860815,191.99660449842085,98.98819574612816,170.45436693479218,-64.85697035475204,29.986270465913254,35.0,0.12013114999913282,12.26874273587398
13.553306039000015,108.14208323299971,SAT_10044,20.109605813042407,191.86653269836356,98.98557620023634,170.46062802700877,-64.88009423031778,29.976250938060563,35.0,0.12022680338619443,12.275490337983378
13.553306039000015,108.2420832329997,SAT_10044,20.077090658533436,191.68363495425058,98.98187625391208,170.4694233490484,-64.91260938482675,29.962151490148276,35.0,0.12036132512239713,12.28497620080422
13.553306039000015,108.3420832329997,SAT_10044,20.035209191839357,191.44805170409637,98.97708180630526,170.4807374924519,-64.95449085152083,29.943972153664166,35.0,0.12053463279179502,12.297190879941288
13.553306039000015,108.44208323299969,SAT_10044,19.983993367457728,191.15996269194972,98.97117442059927,170.49455074290017,-65.00570667590246,29.92171296920887,35.0,0.12074662086145929,12.312122281349692
13.553306039000015,108.54208323299969,SAT_10044,19.923481951803765,190.81958597889616,98.96413112351131,170.51083919359627,-65.06621809155642,29.895373986496885,35.0,0.12099716122610908,12.329755723230917
13.553306039000015,108.64208323299968,SAT_10044,19.853720312112983,190.42717675563554,98.95592415208199,170.52957488129448,-65.1359797312472,29.864955264357764,35.0,0.12128610386373154,12.350074010446752
13.553306039000015,108.74208323299968,SAT_10044,19.774760172463033,189.98302597010453,98.94652064270524,170.55072594337798,-65.21493987089715,29.830456870737528,35.0,0.12161327759570652,12.373057520660987
13.553306039000015,108.84208323299967,SAT_10044,19.68665933964644,189.48745878551122,98.93588225605433,170.5742567941603,-65.30304070371375,29.791878882700317,35.0,0.12197849094404348,12.398684301309716
13.553306039000015,108.94208323299966,SAT_10044,19.589481401886076,188.94083288560918,98.92396473004504,170.60012831841794,-65.40021864147411,29.749221386430236,35.0,0.12238153307755827,12.42693017640884
13.553306039000015,109.04208323299966,SAT_10044,19.483295403612544,188.34353664532057,98.9107173511887,170.62829808001098,-65.50640463974764,29.702484477233458,35.0,0.12282217483817395,12.45776886213195
13.553306039000015,109.14208323299965,SAT_10044,19.368175499676767,187.69598718568182,98.89608233254683,170.65872054335077,-65.62152454368342,29.65166825954051,35.0,0.1233001698380318,12.491172090035139
13.553306039000015,109.24208323299965,SAT_10044,19.24420059247693,186.99862833268273,98.87999408391678,170.6913473054077,-65.74549945088326,29.596772846908785,35.0,0.1238152556177436,12.527109736766587
13.653306039000014,107.64208323299974,SAT_10044,20.142607002348555,192.05216438821063,98.98931284892956,170.45169097483907,-64.84709304101163,29.990548356539833,35.0,0.12009029560011222,12.26586012711229
13.653306039000014,107.74208323299973,SAT_10044,20.157152575998097,192.1339832399893,98.99095286693645,170.44774860262848,-64.83254746736209,29.996845979136737,35.0,0.12003013649347619,12.261614707376875
13.653306039000014,107.84208323299973,SAT_10044,20.16228006961842,192.16282539160363,98.99153008291951,170.44635838834668,-64.82741997374177,29.99906537098401,35.0,0.12000893082774712,12.260118025551346
13.653306039000014,107.94208323299972,SAT_10044,20.157985506349817,192.13866847321773,98.99104666443216,170.44752278773058,-64.83171453701037,29.997206527124685,35.0,0.12002669172010563,12.261371584684374
13.653306039000014,108.04208323299972,SAT_10044,20.144272217273112,192.06153122216125,98.98950079633008,170.45123974380812,-64.84542782608708,29.99126945171045,35.0,0.1200834081834531,12.26537412580595
13.653306039000014,108.14208323299971,SAT_10044,20.121150822694318,191.93147337765555,98.98688666157301,170.45750269898608,-64.86854922066587,29.981254158001747,35.0,0.12017904518406801,12.272121634497468
13.653306039000014,108.2420832329997,SAT_10044,20.088639172598192,191.74859534586483,98.98319437954058,170.4663006335028,-64.901060870762,29.96716066836808,35.0,0.12031354382515307,12.28160736180211
13.653306039000014,108.3420832329997,SAT_10044,20.046762246973657,191.51303763922684,98.97840990069956,170.47761812977623,-64.94293779638653,29.948989014288575,35.0,0.1204868216543855,12.293821859244487
13.653306039000014,108.44208323299969,SAT_10044,19.995552017185418,191.22498009666796,98.97251485562282,170.49143546186048,-64.99414802617477,29.926739236352713,35.0,0.1206987730923251,12.30875302757468
13.653306039000014,108.54208323299969,SAT_10044,19.935047270012475,190.88464089382018,98.96548635545835,170.50772870892627,-65.05465277334771,29.90041138426134,35.0,0.12094926997733332,12.326386178705443
13.653306039000014,108.64208323299968,SAT_10044,19.865293396379272,190.4922753546334,98.95729673995287,170.52646989141206,-65.12440664698092,29.870005516827835,35.0,0.12123816222153709,12.346704110175141
13.653306039000014,108.74208323299968,SAT_10044,19.78634214718818,190.04817457793348,98.94791326801344,170.5476271282346,-65.20335789617201,29.835521701979552,35.0,0.12156527857134732,12.369687191345609
13.653306039000014,108.84208323299967,SAT_10044,19.698251358975398,189.5526638942366,98.93729774450281,170.57116481324417,-65.29144868438479,29.79696001675944,35.0,0.1219304274651333,12.39531346043493
13.653306039000014,108.94208323299966,SAT_10044,19.601084652395173,189.00610116972285,98.92540607546123,170.5970438089203,-65.38861539096501,29.754320547327907,35.0,0.12233339797987464,12.423558731392761
13.653306039000014,109.04208323299966,SAT_10044,19.494911106748077,188.40887497545793,98.91218774216976,170.62522165516856,-65.49478893661211,29.707603388964912,35.0,0.12277396085796753,12.454396709550497
13.653306039000014,109.14208323299965,SAT_10044,19.379804913935672,187.76140264088815,98.89758518234692,170.65565279097018,-65.60989512942452,29.65680864607224,35.0,0.12325186960486458,12.487799114921708
13.753306039000014,107.54208323299974,SAT_10082,20.122708009697206,191.94023255454678,98.98715203858578,170.4595968199234,-64.86699203366298,29.983419272125623,35.0,0.12015827221935116,12.27065621364584
13.753306039000014,107.64208323299974,SAT_10082,20.144463283763116,192.06260597116753,98.98961085277847,170.45370482232192,-64.84523675959707,29.992845242305986,35.0,0.12006831231192557,12.264308867269214
13.753306039000014,107.74208323299973,SAT_10044,20.158715560486186,192.1427750277348,98.99112980445895,170.44732485807234,-64.830984482874,29.997522536642364,35.0,0.12002367242789676,12.261158489016138
13.753306039000014,107.84208323299973,SAT_10044,20.16384109142389,192.17160613925938,98.99170659397785,170.44593509978102,-64.8258589519363,29.99974098407945,35.0,0.12000247506329692,12.259662361171427
13.753306039000014,107.94208323299972,SAT_10044,20.15954817202568,192.14745846764444,98.99122353263692,170.4470991172319,-64.83015187133451,29.997882931207556,35.0,0.12002022900296466,12.260915456307218
13.753306039000014,108.04208323299972,SAT_10044,20.145840131164647,192.07035073780114,98.9896788078138,170.45081485480043,-64.84385991219554,29.991948382177252,35.0,0.12007692326721438,12.26491651630515
13.753306039000014,108.14208323299971,SAT_10044,20.122727582114237,191.94034264939262,98.98706661056111,170.4570757591855,-64.86697246124595,29.981937350245374,35.0,0.12017252284594071,12.271661529459887
13.753306039000014,108.2420832329997,SAT_10044,20.09022836306093,191.75753454221777,98.98337707404171,170.46587081782417,-64.89947168029926,29.967849857775356,35.0,0.1203069688819771,12.281143751368466
13.753306039000014,108.3420832329997,SAT_10044,20.048367437527958,191.52206683609478,98.97859616840064,170.47718462317707,-64.94133260583223,29.949685936237767,35.0,0.1204801789783304,12.293353739914604
13.753306039000014,108.44208323299969,SAT_10044,19.997176755884183,191.23411925184854,98.9727055500792,170.49099746209714,-64.992523287476,29.92744562621107,35.0,0.12069204762615028,12.30827940396378
13.753306039000014,108.54208323299969,SAT_10044,19.936695079553573,190.89390982248884,98.9656823626767,170.50728542920157,-65.05300496380661,29.901128977382605,35.0,0.12094244674909355,12.325906065238538
13.753306039000014,108.64208323299968,SAT_10044,19.866967769953874,190.50169370599056,98.95749898547481,170.52602056289,-65.12273227340631,29.870736048549773,35.0,0.1212312263586232,12.346216532707455
13.753306039000014,108.74208323299968,SAT_10044,19.788046544562903,190.0577618131663,98.94812272462065,170.54717100240705,-65.20165349879728,29.836266907621464,35.0,0.12155821531376106,12.369191188697929
13.753306039000014,108.84208323299967,SAT_10044,19.69998920283895,189.5624392659691,98.93751544068117,170.57070116412893,-65.28971084052124,29.797721631619684,35.0,0.1219232221779058,12.394808085834077
13.753306039000014,108.94208323299966,SAT_10044,19.602859324988685,189.01608370306135,98.92563310478224,170.59657193507985,-65.3868407183715,29.755100306681413,35.0,0.12232603616454706,12.423043053808515
13.753306039000014,109.04208323299966,SAT_10044,19.496725946801178,188.4190834507566,98.91242527377398,170.62474088153496,-65.49297409655901,29.708403028060694,35.0,0.12276642816306516,12.45386981492169
13.753306039000014,109.14208323299965,SAT_10044,19.381663213920774,187.77185557830435,98.89783447274573,170.65516247046935,-65.60803682943941,29.657629900130903,35.0,0.12324415183530656,12.487260107265659
13.853306039000014,107.54208323299974,SAT_10082,20.122320664666574,191.93805373874952,98.98710954770945,170.45970168415306,-64.86737937869361,29.983251395273008,35.0,0.12015987402225753,12.270769215791312
13.853306039000014,107.64208323299974,SAT_10082,20.144066379330354,192.06037338373324,98.98956717462279,170.4538123565183,-64.84563366402983,29.99267332456174,35.0,0.12006995344830289,12.26442467862495
13.853306039000014,107.74208323299973,SAT_10082,20.156417327561115,192.1298474675313,98.99095922495438,170.45046538515723,-64.83328271579907,29.99802221953847,35.0,0.12001888594585391,12.260820664234451
13.853306039000014,107.84208323299973,SAT_10082,20.15936396215308,192.1464222871111,98.9912909273889,170.44966666527716,-64.83033608120711,29.9992980682475,35.0,0.12000670300438117,12.25996078117306
13.853306039000014,107.94208323299972,SAT_10082,20.15290400238682,192.11008501342585,98.99056352554165,170.45141760527474,-64.83679604097337,29.99650086783712,35.0,0.12003341214560927,12.261845891390127
13.853306039000014,108.04208323299972,SAT_10044,20.137432144038357,192.02305581021577,98.98873084461218,170.4530930620702,-64.85226789932183,29.988307255829987,35.0,0.12011169949316874,12.267370393588456
13.853306039000014,108.14208323299971,SAT_10044,20.114334800553678,191.89313325311446,98.98611712130497,170.45934800458878,-64.87536524280651,29.978300513298436,35.0,0.12020724063019365,12.27411051088597
13.853306039000014,108.2420832329997,SAT_10044,20.081856932885174,191.7104452474791,98.98242542583141,170.46813470273466,-64.90784311047501,29.964219056863953,35.0,0.12034160457307887,12.283585860031227
13.853306039000014,108.3420832329997,SAT_10044,20.04002345844394,191.4751319537472,98.9776417165204,170.47943777814507,-64.94967658491625,29.946062917988655,35.0,0.12051470907170224,12.295787015688129
13.853306039000014,108.44208323299969,SAT_10044,19.98886626880244,191.1873727620137,98.97174763435108,170.49323755485824,-65.00083377455775,29.92383213724011,35.0,0.12072644880469549,12.310701908134922
13.853306039000014,108.54208323299969,SAT_10044,19.928424054388444,190.847385305935,98.96472030363532,170.50951017236687,-65.06127598897174,29.897526764292305,35.0,0.12097669592241199,12.328315884974769
13.853306039000014,108.64208323299968,SAT_10044,19.858742094002963,190.45542427876666,98.95653208031385,170.5282277212554,-65.13095794935722,29.867146857926848,35.0,0.12126530070055558,12.348611785328126
13.853306039000014,108.74208323299968,SAT_10044,19.77987201154974,190.0117800649673,98.94715024285688,170.54935839982718,-65.20982803181045,29.83269248603438,35.0,0.12159209229801159,12.371570025719622
13.853306039000014,108.84208323299967,SAT_10044,19.691871502693388,189.5167772026503,98.93653661947425,170.5728666899074,-65.2978285406668,29.7941637256162,35.0,0.12195687961151674,12.397168696764068
13.853306039000014,108.94208323299966,SAT_10044,19.594804034430368,188.9707726936708,98.92464714384003,170.59871354983315,-65.39489600892982,29.751560662786133,35.0,0.12235945221902729,12.425383669663779
13.853306039000014,109.04208323299966,SAT_10044,19.48873852077702,188.37415417937072,98.91143132976178,170.62685662249828,-65.50096152258317,29.704883392772604,35.0,0.12279958140300345,12.456188711454487
13.853306039000014,109.14208323299965,SAT_10044,19.37374897794031,187.72733800091424,98.89683165310448,170.65725045621588,-65.61595106541988,29.654132019920908,35.0,0.12327702124433143,12.48955560788058
13.953306039000013,107.54208323299974,SAT_10082,20.111967900449542,191.87981944002868,98.98593798440159,170.46250391516165,-64.87773214291065,29.978763808987765,35.0,0.12020268748226233,12.273789349254494
13.953306039000013,107.64208323299974,SAT_10082,20.133698079151515,192.0020516952273,98.98839768232256,170.45662093280248,-64.85600196420867,29.98818167138407,35.0,0.12011282599195668,12.267449876798308
13.953306039000013,107.74208323299973,SAT_10082,20.14604019542871,192.07147609928649,98.98979090434597,170.45327757136565,-64.84365984793148,29.99352825755877,35.0,0.12006179206998757,12.263848742054602
13.953306039000013,107.84208323299973,SAT_10082,20.148984722078055,192.08803906168907,98.99012288582888,170.45247971336718,-64.84071532128213,29.994803555559397,35.0,0.12004961714242433,12.262989546331925
13.953306039000013,107.94208323299972,SAT_10082,20.14252938316183,192.0517277802853,98.98939487197299,170.45422876416964,-64.84717066019836,29.992007562535004,35.0,0.12007630871583763,12.264873149847883
13.953306039000013,108.04208323299972,SAT_10082,20.12667916675794,191.9625703130134,98.98760413097617,170.45852164374776,-64.86302087660225,29.98514028473609,35.0,0.12014185033801106,12.26949766725257
13.953306039000013,108.14208323299971,SAT_10082,20.101446297026882,191.82063542077623,98.98474392516505,170.46535080472768,-64.8882537463333,29.97420173751475,35.0,0.12024620168402285,12.276858477436345
13.953306039000013,108.2420832329997,SAT_10082,20.066850165926,191.62603218333376,98.98080343956683,170.47470427647878,-64.92284987743419,29.959191945325045,35.0,0.12038929876681272,12.28694824751364
13.953306039000013,108.3420832329997,SAT_10082,20.022917225377668,191.3789093927494,98.97576766657444,170.48656573471726,-64.96678281798252,29.940110941723596,35.0,0.1205710542700775,12.299756970718764
13.953306039000013,108.44208323299969,SAT_10044,19.9706272770143,191.08477843320546,98.96963759935633,170.49815159312982,-65.01907276634589,29.91589877733721,35.0,0.12080195443173074,12.316017996121538
13.953306039000013,108.54208323299969,SAT_10044,19.91024084668794,190.74510476261966,98.96259663310332,170.51439883526422,-65.07945919667225,29.889604752863484,35.0,0.12105199551866788,12.333613118752837
13.953306039000013,108.64208323299968,SAT_10044,19.840622942134146,190.35350404950458,98.95439243683714,170.53308731333087,-65.14907710122604,29.859237952804,35.0,0.12134036351715542,12.353887377182017
13.953306039000013,108.74208323299968,SAT_10044,19.761825033946465,189.91026581594886,98.94499218613181,170.55418532315045,-65.22787500941372,29.82479844503136,35.0,0.12166688807201234,12.376821243222619
13.953306039000013,108.84208323299967,SAT_10044,19.67390464773601,189.41571364351506,98.93435758842163,170.57765745461955,-65.31579539562418,29.786286306526407,35.0,0.1220313786203186,12.402392868910708
13.953306039000013,108.94208323299966,SAT_10044,19.576925065016425,188.87020349071742,98.92244443697277,170.6034647838344,-65.41277497834376,29.743701623380062,35.0,0.1224336253310409,12.430578192558386
13.953306039000013,109.04208323299966,SAT_10044,19.470955000293543,188.27412187665118,98.90920208345119,170.63156508021245,-65.51874504306664,29.697044490795438,35.0,0.12287340012430675,12.46135105352532
13.953306039000013,109.14208323299965,SAT_10044,19.356068257703186,187.62788394958042,98.89457281733675,170.66191302639072,-65.633631785657,29.64631501309007,35.0,0.12335045776109757,12.494683314595262
14.053306039000013,107.44208323299975,SAT_10082,20.060587358266147,191.5908038902471,98.98008987001027,170.47639628840705,-64.92911268509404,29.956473267722018,35.0,0.12041520601580658,12.288774458393211
14.053306039000013,107.54208323299974,SAT_10082,20.091658178194535,191.7655772523443,98.98363302566386,170.46799828860156,-64.89804186516565,29.969956523080178,35.0,0.12028668468672715,12.27971341495754
14.053306039000013,107.64208323299974,SAT_10082,20.113366874045724,191.88768866650722,98.98609806960896,170.46212530788435,-64.87633316931446,29.97937029259201,35.0,0.12019690193712325,12.273381252085002
14.053306039000013,107.74208323299973,SAT_10082,20.12569677546263,191.95704436197727,98.98749431547292,170.45878763651723,-64.86400326789756,29.984714555208853,35.0,0.12014591277610365,12.26978427381308
14.053306039000013,107.84208323299973,SAT_10082,20.128638386528365,191.97359092422207,98.98782701703223,170.45799113704038,-64.86106165683182,29.985989298981437,35.0,0.12013374853153223,12.268926070241353
14.053306039000013,107.94208323299972,SAT_10082,20.12218943878493,191.9373155931652,98.98709742386684,170.45973721004026,-64.86751060457526,29.983194521059573,35.0,0.12016041668650757,12.27080749890807
14.053306039000013,108.04208323299972,SAT_10082,20.10635490392029,191.84824633455167,98.98530279456797,170.46402278595704,-64.8833451394399,29.976330227692095,35.0,0.12022590084025013,12.275426680334709
14.053306039000013,108.14208323299971,SAT_10082,20.08114696597299,191.70645168359806,98.98243636774718,170.47084034303285,-64.9085530773872,29.965396434226992,35.0,0.12033016079379899,12.282779007787536
14.053306039000013,108.2420832329997,SAT_10082,20.046584953385533,191.5120403627936,98.97848729030254,170.48017795117818,-64.94311508997465,29.950393165111812,35.0,0.12047313275963872,12.29285717114866
14.053306039000013,108.3420832329997,SAT_10082,20.00269523170269,191.26516067832765,98.97344050158775,170.4920193412244,-64.9870048116575,29.931320453894205,35.0,0.12065472969311278,12.305651194634201
14.053306039000013,108.44208323299969,SAT_10082,19.949511058173684,190.965999702227,98.96727657127941,170.50634399871933,-65.0401889851865,29.908178343222765,35.0,0.12087484174225528,12.321148487947692
14.053306039000013,108.54208323299969,SAT_10082,19.88707239994295,190.6147822496791,98.95997148781555,170.52312728113867,-65.10262764341724,29.880966884848032,35.0,0.12113333681150891,12.339333910315098
14.053306039000013,108.64208323299968,SAT_10082,19.815425717910074,190.21176966324418,98.95149639325652,170.54234055712342,-65.17427432545011,29.84968613962373,35.0,0.12143006123371632,12.360189846716704
14.053306039000013,108.74208323299968,SAT_10082,19.73462371869961,189.7572584176853,98.94181725926256,170.56395136611226,-65.25507632466058,29.814336177508252,35.0,0.12176484054379016,12.383696295512772
14.053306039000013,108.84208323299967,SAT_10044,19.646102747953094,189.25932795723617,98.93096964525971,170.58506476704417,-65.3435972954071,29.774089391570207,35.0,0.12214667249896842,12.410475247434166
14.053306039000013,108.94208323299966,SAT_10044,19.54923633444274,188.71445438124042,98.91901610354915,170.6108170687043,-65.44046370891745,29.731523205644038,35.0,0.12254850940140376,12.438621336455773
14.053306039000013,109.04208323299966,SAT_10044,19.44338909632009,188.11906366680049,98.90572845308809,170.63885781826957,-65.5463109470401,29.68488633926722,35.0,0.12298783888085353,12.4693516291569
14.053306039000013,109.14208323299965,SAT_10044,19.328634543979675,187.47356930988568,98.8910486579759,170.66914188505055,-65.66106549938051,29.63417889672985,35.0,0.12346441663671986,12.502638094423096
14.153306039000013,107.44208323299975,SAT_10082,20.0303763482017,191.42086695863455,98.97663015958578,170.4845531318566,-64.95932369515849,29.943352200867327,35.0,0.12054019194358227,12.297582572225638
14.153306039000013,107.54208323299974,SAT_10082,20.061408053177246,191.595420299122,98.98018579099453,170.47617458382007,-64.92829199018294,29.9568295568041,35.0,0.12041181101030125,12.288535152156673
14.153306039000013,107.64208323299974,SAT_10082,20.083089369917218,191.71737770578434,98.98265949487552,170.47031522864148,-64.90661067344297,29.966239207448076,35.0,0.12032212650063087,12.282212525748928
14.153306039000013,107.74208323299973,SAT_10082,20.09540370240154,191.78664582600868,98.98406063870942,170.466985308995,-64.89429634095865,29.971581131756167,35.0,0.12027119319117907,12.278620970528642
14.153306039000013,107.84208323299973,SAT_10082,20.0983415971304,191.8031714838585,98.98439450660538,170.46619066026176,-64.89135844622979,29.972855317782248,35.0,0.12025904227722262,12.277764061473054
14.153306039000013,107.94208323299972,SAT_10082,20.0919007957867,191.7669419763002,98.98366235535295,170.46793267653453,-64.89779924757349,29.970061762676877,35.0,0.12028568121017075,12.279642652505672
14.153306039000013,108.04208323299972,SAT_10082,20.07608624783704,191.67798514408335,98.981861427724,170.47220830248253,-64.91361379552315,29.96320047268724,35.0,0.12035109365868811,12.28425487206918
14.153306039000013,108.14208323299971,SAT_10082,20.050910082924318,191.5363692164493,98.9789849232751,170.4790100511745,-64.93878996043587,29.952271463157285,35.0,0.12045523959387526,12.291596132824782
14.153306039000013,108.2420832329997,SAT_10082,20.016391543377196,191.3422024314967,98.97502192610075,170.48832604764215,-64.97330849998299,29.9372747585281,35.0,0.12059805549763492,12.301659155371318
14.153306039000013,108.3420832329997,SAT_10082,19.972556877629685,191.095632436667,98.96995728817156,170.5001400976529,-65.0171431657305,29.91821039233849,35.0,0.12077945469209793,12.314434005724014
14.153306039000013,108.44208323299969,SAT_10082,19.91943919579353,190.7968454763386,98.96377146603169,170.51443178086103,-65.07026084756666,29.89507840722579,35.0,0.12099932778676939,12.329908146144632
14.153306039000013,108.54208323299969,SAT_10082,19.857078289056588,190.4460653759433,98.95644030769972,170.53117656721747,-65.1326217543036,29.86787885492687,35.0,0.1212575432388993,12.348066498774102
14.153306039000013,108.64208323299968,SAT_10082,19.78552041496846,190.04355233419759,98.94793478558587,170.55034595526087,-65.20417962839173,29.836611796279406,35.0,0.12155394802151198,12.368891521388756
14.153306039000013,108.74208323299968,SAT_10082,19.704818051030927,189.58960153704896,98.93822067006926,170.57190763067612,-65.28488199232926,29.801277301223305,35.0,0.12188836839255239,12.392363294483895
14.153306039000013,108.84208323299967,SAT_10082,19.6150296193143,189.08454160864292,98.92725813703102,170.59582564330503,-65.37467042404589,29.76187544880239,35.0,0.1222606107577494,12.418459618785487
14.153306039000013,108.94208323299966,SAT_10082,19.516219185077716,188.52873291606215,98.91500130106027,170.62206060062553,-65.47348085828247,29.7184063271663,35.0,0.12267046261906144,12.447156122204174
14.153306039000013,109.04208323299966,SAT_10082,19.408456132571374,187.92256574571397,98.90139766417761,170.6505698755854,-65.58124391078881,29.67087003357262,35.0,0.12311769359997131,12.478426375176047
14.153306039000013,109.14208323299965,SAT_10082,19.291814821341887,187.2664583700481,98.88638746767651,170.6813078265861,-65.6978852220183,29.619266674389173,35.0,0.12360205653844021,12.512242013282927
14.253306039000012,107.44208323299975,SAT_10082,19.99025780449334,191.19520015027504,98.97200977140392,170.49537163484447,-64.99944223886685,29.925911519545693,35.0,0.12070619842243892,12.309275925145625
14.253306039000012,107.54208323299974,SAT_10082,20.021242076993175,191.3694866830866,98.97558274233702,170.4870176469949,-64.96845796636701,29.93938293885747,35.0,0.12057798541683311,12.300245272812761
14.253306039000012,107.64208323299974,SAT_10082,20.04289018951779,191.4912573160376,98.97806848169817,170.48117549554183,-64.9468098538424,29.948788444658824,35.0,0.12048841842497882,12.293934384534403
14.253306039000012,107.74208323299973,SAT_10082,20.055185639521127,191.56041922230634,98.97947643245735,170.4778553632319,-64.93451440383906,29.95412801591214,35.0,0.12043755193170147,12.290349504587605
14.253306039000012,107.84208323299973,SAT_10082,20.05811902683942,191.57691952597176,98.97981192123969,170.4770630512452,-64.93158101652077,29.95540164067441,35.0,0.12042541696588849,12.289494188984072
14.253306039000012,107.94208323299972,SAT_10082,20.051688105907246,191.54074559572825,98.97907621493982,170.4787999454968,-64.93801193745294,29.952609316096947,35.0,0.12045202093918127,12.291369287113914
14.253306039000012,108.04208323299972,SAT_10082,20.03589779824955,191.45192511515373,98.97726653415691,170.48306300857445,-64.95380224511064,29.945751048425297,35.0,0.12051734760739229,12.295972937354087
14.253306039000012,108.14208323299971,SAT_10082,20.010760165110412,191.31052592874607,98.97437602370455,170.48984479740426,-64.97893987824978,29.934826852999407,35.0,0.12062135715504113,12.303300576689885
14.253306039000012,108.2420832329997,SAT_10082,19.9762943405358,191.1166556655139,98.97039367963836,170.49913350643237,-65.01340570282439,29.919836754253993,35.0,0.12076398640214753,12.313344964243857
14.253306039000012,108.3420832329997,SAT_10082,19.932526425696025,190.87046114454014,98.96530423141814,170.51091303579713,-65.05717361766416,29.90078078571911,35.0,0.12094514913117667,12.32609621845496
14.253306039000012,108.44208323299969,SAT_10082,19.87948934567696,190.57212756943292,98.95908797694972,170.5251630836692,-65.11021069768323,29.87765899002096,35.0,0.12116473653083283,12.341541867504144
14.253306039000012,108.54208323299969,SAT_10082,19.81722267039261,190.22187752095843,98.95172056730969,170.5418592616549,-65.17247737296758,29.850471418882933,35.0,0.12142261775225245,12.359666912443352
14.253306039000012,108.64208323299968,SAT_10082,19.745772401660076,189.81996975933794,98.9431727369111,170.56097323189834,-65.24392764170011,29.8192181331268,35.0,0.12171864057208796,12.380453902356475
14.253306039000012,108.74208323299968,SAT_10082,19.66519072882302,189.36669784962953,98.93340997368254,170.58247286429105,-65.32450931453717,29.783899202674217,35.0,0.12205263215600784,12.403883020764336
14.253306039000012,108.84208323299967,SAT_10082,19.57553575562069,188.86238862536638,98.92239212246714,170.60632241198846,-65.4141642877395,29.744514706548372,35.0,0.12242439991528747,12.429932182384125
14.253306039000012,108.94208323299966,SAT_10082,19.47687120124276,188.30740050699052,98.9100729132456,170.63248270327722,-65.51282884211743,29.701064732875874,35.0,0.12283373244843786,12.458577139267646
14.253306039000012,109.04208323299966,SAT_10082,19.369266078716038,187.70212169277772,98.89639940388872,170.66091134770016,-65.62043396464415,29.65354937888889,35.0,0.12328040055922479,12.489791595273656
14.253306039000012,109.14208323299965,SAT_10082,19.252794353912634,187.04696824075856,98.88131132486748,170.69156295425483,-65.73690568944755,29.601968750927437,35.0,0.12376415834197727,12.523547327778179
14.353306039000012,107.44208323299975,SAT_10082,19.940264000999505,190.9139850056222,98.96621023308312,170.50883188688272,-65.04943604236068,29.904151261887748,35.0,0.12091311885522822,12.323842298510485
14.353306039000012,107.54208323299974,SAT_10082,19.97119265331831,191.08795867491548,98.96980553035118,170.5005074842056,-65.01850739004188,29.91761670738314,35.0,0.12078510090522974,12.314831512314175
14.353306039000012,107.64208323299974,SAT_10082,19.992801827600346,191.20951028025195,98.97230676601112,170.49468605612006,-64.99689821575984,29.927018042375607,35.0,0.12069567042584609,12.308534531589547
14.353306039000012,107.74208323299973,SAT_10082,20.005075133440926,191.2785476256052,98.9737234808327,170.49137771341856,-64.98462490991926,29.932355245832966,35.0,0.12064488155211776,12.304957560781547
14.353306039000012,107.84208323299973,SAT_10082,20.00800323466457,191.2950181949882,98.97406105651942,170.4905882162157,-64.98169680869562,29.933628305815287,35.0,0.12063276511347147,12.304104133181728
14.353306039000012,107.94208323299972,SAT_10082,20.001583901002434,191.25890944313872,98.97332077305626,170.49231894060915,-64.98811614235775,29.930837219474608,35.0,0.12065932847387695,12.30597509274934
14.353306039000012,108.04208323299972,SAT_10082,19.98582202045904,191.1702488650821,98.97149982231896,170.49656687070012,-65.00387802290115,29.923981993054873,35.0,0.12072455549361508,12.310568589762276
14.353306039000012,108.14208323299971,SAT_10082,19.960729572220046,191.02910384373774,98.96859127820184,170.50332461607368,-65.02897047114014,29.91306264189208,35.0,0.12082840661304549,12.317880090345493
14.353306039000012,108.2420832329997,SAT_10082,19.926325560421645,190.83558127737174,98.96458402269886,170.51258045452286,-65.06337448293854,29.89807919041463,35.0,0.12097081905752251,12.327902399772785
14.353306039000012,108.3420832329997,SAT_10082,19.8826359095532,190.58982699123678,98.95946262653085,170.52431839950145,-65.10706413380699,29.879031672143938,35.0,0.12115170716138254,12.340625699288092
14.353306039000012,108.44208323299969,SAT_10082,19.829693322705708,190.29202494021962,98.95320718202677,170.53851829149423,-65.16000672065448,29.855920129695214,35.0,0.1213709628077384,12.356037596047733
14.353306039000012,108.54208323299969,SAT_10082,19.76753710429699,189.94239621167057,98.94579308500843,170.55515591221416,-65.2221629390632,29.828744614778497,35.0,0.12162845597968974,12.37412318564784
14.353306039000012,108.64208323299968,SAT_10082,19.69621294928467,189.5411978397263,98.9371907613641,170.57420312028384,-65.29348709407552,29.797505188199874,35.0,0.1219240354175072,12.394865126574041
14.353306039000012,108.74208323299968,SAT_10082,19.615772701225936,189.08872144439587,98.92736533279145,170.59562800682602,-65.37392734213425,29.762201919862953,35.0,0.12225752937539719,12.418243725795778
14.353306039000012,108.84208323299967,SAT_10082,19.526274081837684,188.58529171033697,98.91627621479755,170.61939506919558,-65.4634259615225,29.722834888770517,35.0,0.12262874647061002,12.444237034626832
14.353306039000012,108.94208323299966,SAT_10082,19.42778039496723,188.03126472169066,98.90387663841418,170.64546540091374,-65.56191964839296,29.67940418302642,35.0,0.12303747661693551,12.472820953888705
14.353306039000012,109.04208323299966,SAT_10082,19.320360208073424,187.42702617041303,98.8901130851501,170.67379689574534,-65.66933983528676,29.631909899837716,35.0,0.12348349203404135,12.5039693473451
14.453306039000012,107.54208323299974,SAT_10082,19.911299849025454,190.75106165076818,98.96283078387376,170.51661938324372,-65.07840019433473,29.89153090996991,35.0,0.1210330250944734,12.33227869596644
14.453306039000012,107.64208323299974,SAT_10082,19.932864461256983,190.87236259457052,98.96535108682953,170.5108221273075,-65.0568355821032,29.90092804819568,35.0,0.12094374977921513,12.325997753212164
14.453306039000012,107.74208323299973,SAT_10082,19.945112424019584,190.94125738511016,98.96677858510049,170.50752753612892,-65.0445876193406,29.906262869120688,35.0,0.1208930491331587,12.322429903199222
14.453306039000012,107.84208323299973,SAT_10082,19.948034475455657,190.95769392443805,98.96711872852579,170.50674132210804,-65.04166556790453,29.907535360808055,35.0,0.120880953754073,12.32157865285047
14.453306039000012,107.94208323299972,SAT_10082,19.941628403063774,190.92165976723373,98.9663728132839,170.50846484993417,-65.04807164029641,29.90474552041054,35.0,0.12090747095056169,12.323444839822226
14.453306039000012,108.04208323299972,SAT_10082,19.925899055915465,190.8331821895245,98.96453799571817,170.5126951287066,-65.06380098744472,29.8978933541705,35.0,0.1209725847042363,12.32802662820436
14.453306039000012,108.14208323299971,SAT_10082,19.900858317890197,190.69232803813236,98.96160726198944,170.51942482919628,-65.08884172546999,29.88697887742001,35.0,0.1210762557525962,12.335319517941116
14.453306039000012,108.2420832329997,SAT_10082,19.86652504223683,190.49920336258216,98.9575693529779,170.52864232604261,-65.12317500112336,29.872002114581264,35.0,0.12121842179177592,12.345316367870232
14.453306039000012,108.3420832329997,SAT_10082,19.822924948227552,190.25395283377998,98.95240864299909,170.54033176437227,-65.16677509513264,29.85296309916712,35.0,0.12139899779711377,12.358007432130366
14.453306039000012,108.44208323299969,SAT_10082,19.770090481091785,189.9567589561413,98.94610496999402,170.5544731500476,-65.2196095622684,29.82986187378193,35.0,0.12161787645832588,12.3733804095444
14.453306039000012,108.54208323299969,SAT_10082,19.708060636839377,189.60784108222148,98.93863341387602,170.5710424624673,-65.28163940652081,29.80269849012254,35.0,0.12187492872495746,12.391420505451096
14.453306039000012,108.64208323299968,SAT_10082,19.636880753949356,189.20745424096512,98.92996401862946,170.5900117886015,-65.35281928941083,29.771473008979537,35.0,0.12217000445674969,12.412110505332134
14.453306039000012,108.74208323299968,SAT_10082,19.55660227424731,188.75588779264115,98.9200614525245,170.6113494767104,-65.43309776911288,29.73618550023869,35.0,0.12250293317261926,12.435430859468566
14.453306039000012,108.84208323299967,SAT_10082,19.467282475584526,188.25346392516298,98.90888459938873,170.63502030800575,-65.52241756777566,29.696836042882627,35.0,0.12287352489111737,12.46135977776142
14.453306039000012,108.94208323299966,SAT_10082,19.368984179181993,187.70053600789868,98.89638607220917,170.6609856843492,-65.6207158641782,29.65342472499271,35.0,0.12328157105452349,12.489873333767157
14.453306039000012,109.04208323299966,SAT_10082,19.261775434697356,187.09748682017263,98.88251163835804,170.68920382995486,-65.72792460866283,29.605951643751172,35.0,0.12372684552814725,12.520945576930993
14.553306039000011,107.54208323299974,SAT_10082,19.84161116296056,190.35906279165314,98.95462983821629,170.5353240626225,-65.14808888039963,29.86112560365386,35.0,0.12132160094157535,12.352568820489422
14.553306039000011,107.64208323299974,SAT_10082,19.863125717763197,190.48008216241797,98.95717291620089,170.5295543450637,-65.12657432559699,29.87051851916349,35.0,0.12123249904185975,12.34630600065491
14.553306039000011,107.74208323299973,SAT_10082,19.87534521166687,190.54881681562614,98.95861329455876,170.52627542030677,-65.11435483169332,29.87585094282451,35.0,0.12118189700377058,12.342748457207291
14.553306039000011,107.84208323299973,SAT_10082,19.878260467091664,190.56521512739062,98.95895650494322,170.52549294663478,-65.11143957626852,29.87712286270305,35.0,0.12116982516223135,12.34189966717455
14.553306039000011,107.94208323299972,SAT_10082,19.87186929168385,190.52926476572165,98.95820386297652,170.5272082757986,-65.11783075167634,29.87433427595259,35.0,0.12119629076302638,12.343760461067282
14.553306039000011,108.04208323299972,SAT_10082,19.856176490365456,190.4409927583057,98.9563524823373,170.531418445249,-65.13352355299473,29.867485188813912,35.0,0.12126127792543127,12.348329018634228
14.553306039000011,108.14208323299971,SAT_10082,19.831193838935476,190.30046534401205,98.95339524383827,170.5381161951542,-65.15850620442471,29.85657561661523,35.0,0.12136474772409107,12.35560087816165
14.553306039000011,108.2420832329997,SAT_10082,19.79694001952865,190.10778760984866,98.9493207189031,170.5472900099989,-65.19276002383154,29.841605583772587,35.0,0.12150663838932022,12.365568959215908
14.553306039000011,108.3420832329997,SAT_10082,19.753440518679255,189.86310291757084,98.94411304597139,170.55892418426382,-65.23625952468093,29.822575123790394,35.0,0.12168686562381309,12.378223598583684
14.553306039000011,108.44208323299969,SAT_10082,19.700727489161324,189.56659212653247,98.93775175743559,170.57299891140423,-65.28897255419886,29.79948427926227,35.0,0.12190532303260318,12.393552599024305
14.553306039000011,108.54208323299969,SAT_10082,19.638839577178786,189.21847262163067,98.93021155370941,170.5894903950757,-65.3508604661814,29.772333101872032,35.0,0.12216188266201441,12.411541290315725
14.553306039000011,108.64208323299968,SAT_10082,19.567821716851398,188.81899715728912,98.92146201991466,170.60837098130875,-65.42187832650879,29.74112165239494,35.0,0.12245639564233228,12.43217260195264
14.553306039000011,108.74208323299968,SAT_10082,19.487724894275004,188.36845253029688,98.91146727940864,170.62960931011247,-65.50197514908518,29.705850000699147,35.0,0.12278869292799476,12.455427146743862
14.553306039000011,108.84208323299967,SAT_10082,19.398605883723548,187.86715809594497,98.90018557691441,170.65317048479744,-65.59109415963664,29.66651822574736,35.0,0.12315858612828602,12.481283314458265
14.553306039000011,108.94208323299966,SAT_10082,19.300526958807865,187.31546414329424,98.88756878230356,170.67901625714424,-65.68917308455232,29.62312641559872,35.0,0.12356586842081319,12.50971737458599
14.553306039000011,109.04208323299966,SAT_10082,19.193555581590672,186.71375014644755,98.87356180404542,170.70710522642634,-65.79614446176952,29.57567466741093,35.0,0.12401031553947336,12.54070358721464
14.653306039000011,107.64208323299974,SAT_10082,19.783640402735628,190.03297726538793,98.94773812270978,170.55084893943211,-65.20605964062456,29.83578952177228,35.0,0.1215617368976291,12.369438486067102
14.653306039000011,107.74208323299973,SAT_10082,19.79582838488777,190.10153466499372,98.94919357122232,170.54758754273124,-65.19387165847242,29.84111953344238,35.0,0.12151124358906573,12.365892405594495
14.653306039000011,107.84208323299973,SAT_10082,19.798736117875194,190.11789066304797,98.9495403700231,170.54680925385253,-65.190963925485,29.84239087799935,35.0,0.12149919770126995,12.365046351930548
14.653306039000011,107.94208323299972,SAT_10082,19.79236143177347,190.08203305372578,98.94877985760884,170.54851541014384,-65.19733861158672,29.839603552597374,35.0,0.12152560641002474,12.366901147630223
14.653306039000011,108.04208323299972,SAT_10082,19.776709082355467,189.9939885882495,98.94690909746538,170.55270308061642,-65.21299096100472,29.832757563475685,35.0,0.12159045398800908,12.371454989875975
14.653306039000011,108.14208323299971,SAT_10082,19.751790725098502,189.85382282867906,98.94392084646456,170.55936508269218,-65.23790931826169,29.821852925958684,35.0,0.121693701885566,12.378703459642617
14.653306039000011,108.2420832329997,SAT_10082,19.71762485163707,189.6616397904585,98.93980347665237,170.5684900231398,-65.27207519172312,29.80688966445632,35.0,0.12183528892829126,12.388639544111365
14.653306039000011,108.3420832329997,SAT_10082,19.67423668938899,189.41758137781306,98.93454084891607,170.580062362714,-65.3154633539712,29.78786781246468,35.0,0.1220151316294694,12.401253672092416
14.653306039000011,108.44208323299969,SAT_10082,19.62165806550587,189.12182661847052,98.92811213606522,170.5940625037287,-65.36804197785432,29.76478741256677,35.0,0.1222331246142543,12.416533762078124
14.653306039000011,108.54208323299969,SAT_10082,19.559927236687443,188.77459070636687,98.92049159182963,170.61046689953645,-65.42977280667274,29.73764851643353,35.0,0.12248914115141801,12.434465282418408
14.653306039000011,108.64208323299968,SAT_10082,19.489088686766323,188.37612386306057,98.91164826113,170.62924818464208,-65.50061135659386,29.706451184825085,35.0,0.12278303378749296,12.455031322989376
14.653306039000011,108.74208323299968,SAT_10082,19.409192894296652,187.92671003041866,98.90154562567591,170.65037532396175,-65.58050714906354,29.671195487592176,35.0,0.12311463507722173,12.478212677616728
14.653306039000011,108.84208323299967,SAT_10082,19.320296072660653,187.42666540871616,98.89014117743919,170.6738137795544,-65.66940397069953,29.63188150367783,35.0,0.12348375840342503,12.503987936419549
14.653306039000011,108.94208323299966,SAT_10082,19.22245988545555,186.87633685568747,98.87738591078603,170.6995256929866,-65.76724015790464,29.588509321119226,35.0,0.12389019887870753,12.532333587158547
14.653306039000011,109.04208323299966,SAT_10082,19.115751140101636,186.27610016307173,98.86322372194869,170.72747008138043,-65.87394890325855,29.541079037049837,35.0,0.12433373432085447,12.563224124607105
14.75330603900001,107.54208323299974,SAT_10082,19.673071639823632,189.41102797400794,98.93440611729932,170.5803728592865,-65.31662840353655,29.787356739703842,35.0,0.12201996130440827,12.401592322649476
14.75330603900001,107.64208323299974,SAT_10082,19.69447019182347,189.531394829007,98.9370065613038,170.57466793287261,-65.29522985153672,29.796741131965938,35.0,0.12193125912078512,12.395371791509264
14.75330603900001,107.74208323299973,SAT_10082,19.70662371129076,189.59975837601053,98.93847938110645,170.5714258668043,-65.28307633206943,29.802068716922854,35.0,0.12188088437552476,12.39183829781246
14.75330603900001,107.84208323299973,SAT_10082,19.709523217378887,189.61606809775623,98.93883031621445,170.57065219305673,-65.2801768259813,29.803339482646614,35.0,0.1218688667889454,12.390995248782238
14.75330603900001,107.94208323299972,SAT_10082,19.70316656476527,189.58031192680463,98.93806073164633,170.57234823318294,-65.28653347859492,29.80055342629212,35.0,0.12189521345994489,12.392843458244151
14.75330603900001,108.04208323299972,SAT_10082,19.687558455312967,189.49251631113543,98.93616763269165,170.5765110908045,-65.30214158804722,29.79371055409705,35.0,0.12195990882969131,12.397381142510078
14.75330603900001,108.14208323299971,SAT_10082,19.662710412521605,189.35274607043402,98.93314363251237,170.58313366806317,-65.32698963083858,29.782810881382048,35.0,0.12206291476117934,12.404603929396284
14.75330603900001,108.2420832329997,SAT_10082,19.62864071906256,189.16110404472687,98.92897687195827,170.59220470583583,-65.36105932429763,29.76785443255106,35.0,0.12220417073385928,12.414504880279
14.75330603900001,108.3420832329997,SAT_10082,19.58537431811095,188.9177305393741,98.92365089003478,170.6037088472376,-65.40432572524924,29.748841241091927,35.0,0.12238359415140732,12.427074524952143
14.75330603900001,108.44208323299969,SAT_10082,19.53294267959778,188.62280257273756,98.91714444247829,170.61762672366254,-65.4567573637624,29.725771349577172,35.0,0.12260108075959764,12.442300908917446
14.75330603900001,108.54208323299969,SAT_10082,19.471383632887182,188.2765329349904,98.90943126482728,170.6339350623582,-65.518316410473,29.698644809665026,35.0,0.1228565051701879,12.460169652609641
14.75330603900001,108.64208323299968,SAT_10082,19.400741167742893,187.87916906855378,98.90047977519211,170.6526068142909,-65.5889588756173,29.66746168210065,35.0,0.12314972148574814,12.48066402194131
14.75330603900001,108.74208323299968,SAT_10082,19.32106520576602,187.43099178243386,98.8902527105796,170.67361130084777,-65.66863483759417,29.632222036717586,35.0,0.12348056401947284,12.503765009444527
14.75330603900001,108.84208323299967,SAT_10082,19.232411344767485,186.9323138143171,98.87870668907046,170.69691437773625,-65.7572886985927,29.592925952439415,35.0,0.12384884810322434,12.529451425192638
14.75330603900001,108.94208323299966,SAT_10082,19.13484057876863,186.38347825557355,98.8657916883167,170.7224786142916,-65.85485946459156,29.549573517281633,35.0,0.12425437097637873,12.557699996605217
14.85330603900001,107.64208323299974,SAT_10082,19.595683289521475,188.9757185035583,98.92493158039247,170.60096935947715,-65.39401675383871,29.753373435141103,35.0,0.12234083964663542,12.424079989856027
14.85330603900001,107.74208323299973,SAT_10082,19.60779949565591,189.0438721630645,98.9264242031039,170.59774836226254,-65.38190054770428,29.758698578667182,35.0,0.12229059298366712,12.420560171125253
14.85330603900001,107.84208323299973,SAT_10082,19.610690094335595,189.0601317806377,98.92677985346387,170.59697971861212,-65.37900994902459,29.759968762047208,35.0,0.12227860597060468,12.41972038648908
14.85330603900001,107.94208323299972,SAT_10082,19.604352966894282,189.02448543878035,98.9259999269175,170.59866473297086,-65.3853470764659,29.75718398243676,35.0,0.12230488562289958,12.421561440308897
14.85330603900001,108.04208323299972,SAT_10082,19.588792756782354,188.93695925690076,98.92408136198912,170.60280054644906,-65.40090728657783,29.750344246072018,35.0,0.12236941656458822,12.426081569636201
14.85330603900001,108.14208323299971,SAT_10082,19.564020844496042,188.79761725029024,98.92101660696363,170.60938015295494,-65.42567919886415,29.73944956826989,35.0,0.12247216110654185,12.433276453072551
14.85330603900001,108.2420832329997,SAT_10082,19.530055286277673,188.6065609853119,98.91679353741954,170.61839243863415,-65.45964475708251,29.72449997342839,35.0,0.12261305943790532,12.443139232438854
14.85330603900001,108.3420832329997,SAT_10082,19.486920717284818,188.3639290347271,98.91139532299592,170.62982224414935,-65.50277932607537,29.705495495027222,35.0,0.12279202992883614,12.4556605470244
14.85330603900001,108.44208323299969,SAT_10082,19.434648220321165,188.06989623930653,98.90480024075407,170.64365044907137,-65.55505182303902,29.682436175628553,35.0,0.123008969541575,12.470828580054631
14.85330603900001,108.54208323299969,SAT_10082,19.373275161597775,187.7246727839875,98.89698143138965,170.6598540774024,-65.61642488176241,29.655322066878053,35.0,0.12326375434585125,12.488629116892225
14.85330603900001,108.64208323299968,SAT_10082,19.30284499534308,187.32850309880484,98.88790659331902,170.67840642301914,-65.68685504801711,29.624153229506113,35.0,0.12355624013366755,12.509045614370407
14.85330603900001,108.74208323299968,SAT_10082,19.223407039389073,186.88166459656352,98.87753760826571,170.69927719362005,-65.76629300397111,29.588929733329273,35.0,0.12388626312763636,12.532059280552707
14.85330603900001,108.84208323299967,SAT_10082,19.135016224138667,186.38446626078002,98.86583009035171,170.72243267157606,-65.85468381922152,29.54965165725191,35.0,0.12425364077626609,12.557649164121111
14.85330603900001,108.94208323299966,SAT_10082,19.037732817544324,185.83724709868682,98.85273284879446,170.7478358899387,-65.95196722581586,29.50631908926809,35.0,0.12465817262892886,12.58579225251632
14.95330603900001,107.54208323299974,SAT_10082,19.46609154530249,188.2467649423265,98.90878438388492,170.6353354222154,-65.5236084980577,29.696310760834255,35.0,0.12287846729715104,12.461705369379395
14.95330603900001,107.64208323299974,SAT_10082,19.487354058973693,188.36636658172702,98.91145943501903,170.62970750249306,-65.5023459843865,29.70568652614955,35.0,0.12279023173886346,12.455534776304116
14.95330603900001,107.74208323299973,SAT_10082,19.499430208944773,188.43429492531436,98.91297444430779,170.62650924322844,-65.49026983441541,29.711009213531725,35.0,0.12274012233756404,12.45202968238114
14.95330603900001,107.84208323299973,SAT_10082,19.502311245457648,188.45050075569927,98.91333542504975,170.62574602813086,-65.48738879790254,29.71227881105857,35.0,0.12272816808921967,12.45119341274103
14.95330603900001,107.94208323299972,SAT_10082,19.49599507843226,188.41497231618146,98.91254380732559,170.62741914330698,-65.49370496492793,29.709495315886354,35.0,0.12275437591961785,12.453026761587681
14.95330603900001,108.04208323299972,SAT_10082,19.480486288678122,188.32773537381442,98.9105964536583,170.63152577005098,-65.50921375468207,29.702658734249756,35.0,0.12281873064928957,12.457527988231544
14.95330603900001,108.14208323299971,SAT_10082,19.455796103331167,188.18885308123782,98.90748562463762,170.63805900063983,-65.53390394002902,29.691769081462002,35.0,0.12292119507036602,12.464692825780824
14.95330603900001,108.2420832329997,SAT_10082,19.421942335797326,187.99842563885997,98.90319889383213,170.64700787694443,-65.56775770756286,29.67682638191525,35.0,0.12306171013461328,12.474514502399073
14.95330603900001,108.3420832329997,SAT_10082,19.378949290877614,187.75658976118658,98.89771901030451,170.6583574514077,-65.61075075248257,29.65783066908116,35.0,0.1232401952508043,12.486983774905227
14.95330603900001,108.44208323299969,SAT_10082,19.326847636139462,187.46351795328448,98.89102370598329,170.67208886967921,-65.66285240722073,29.63478198551168,35.0,0.12345654868853188,12.502088974364652
14.95330603900001,108.54208323299969,SAT_10082,19.26567424096504,187.11941760542837,98.88308544399219,170.68817947395263,-65.72402580239515,29.607680382840066,35.0,0.12371064808456483,12.519816063198023
14.95330603900001,108.64208323299968,SAT_10082,19.195471985042616,186.7245299158647,98.87387110275469,170.70660292583023,-65.79422805831757,29.57652592178211,35.0,0.12400235104691276,12.540148703222547
14.95330603900001,108.74208323299968,SAT_10082,19.11628953837655,186.2791286533681,98.86334158923175,170.7273293473328,-65.87341050498364,29.541318672137574,35.0,0.12433149585091265,12.5630683339375
14.95330603900001,108.84208323299967,SAT_10082,19.028181115152876,185.7835187727349,98.8514513729584,170.75032547850228,-65.96151892820731,29.502058712791857,35.0,0.12469790222089355,12.588554260276004
15.05330603900001,107.64208323299974,SAT_10082,19.36956262684795,187.70378977601976,98.89652859232507,170.66083314744338,-65.62013741651224,29.65368050930081,35.0,0.12327916924230119,12.489705609127363
15.05330603900001,107.74208323299973,SAT_10082,19.38159609234205,187.77147801942405,98.89806874806514,170.65765922188407,-65.60810395101814,29.65900072583055,35.0,0.1232292059199105,12.486216249044702
15.05330603900001,107.84208323299973,SAT_10082,19.384466939280728,187.78762653345413,98.89843571625183,170.65690181627755,-65.60523310407946,29.660269733995857,35.0,0.12321728654100848,12.485383735256764
15.05330603900001,107.94208323299972,SAT_10082,19.378173107968834,187.75222373232472,98.89763096616754,170.65856219724884,-65.61152693539135,29.65748753095368,35.0,0.12324341793586245,12.487208851160336
15.05330603900001,108.04208323299972,SAT_10082,19.36271911263259,187.66529500855833,98.89565127431362,170.66263758878196,-65.6269809307276,29.650654122937215,35.0,0.12330758513433226,12.491689879748519
15.05330603900001,108.14208323299971,SAT_10082,19.33811601739437,187.52690259784336,98.89248868882746,170.66912118765674,-65.65158402596582,29.63976952525606,35.0,0.12340975144125405,12.498822612123876
15.05330603900001,108.2420832329997,SAT_10082,19.304381377526,187.33714524858374,98.88813044139873,170.67800220118883,-65.68531866583419,29.624833762296586,35.0,0.1235498586208766,12.508600368321071
15.05330603900001,108.3420832329997,SAT_10082,19.261539146637986,187.0961576998387,98.8825588049249,170.6892659068347,-65.7281608967222,29.6058468675225,35.0,0.12372782718855856,12.521014030221455
15.05330603900001,108.44208323299969,SAT_10082,19.209619550839093,186.8041099734699,98.87575089403477,170.70289373297203,-65.7800804925211,29.58280888347566,35.0,0.12394355680690837,12.53605208621782
15.05330603900001,108.54208323299969,SAT_10082,19.1486589312525,186.46120648829532,98.86767840440342,170.71886335993275,-65.84104111210769,29.555719861777064,35.0,0.12419692678257067,12.553700687169432
15.05330603900001,108.64208323299968,SAT_10082,19.07869955660641,186.06768500591104,98.85830728543753,170.73714884014518,-65.91100048675378,29.524579863128086,35.0,0.12448779665895301,12.573943713077727
15.05330603900001,108.74208323299968,SAT_10082,19.090156670453638,186.13213127130172,98.85984989078192,170.7341572943309,-65.89954337290655,29.5296834162149,35.0,0.1244401542634477,12.570629340527095
15.05330603900001,108.84208323299967,SAT_10082,19.14501471006372,186.44070774410844,98.86719309751186,170.71981695469927,-65.84468533329647,29.554099138987098,35.0,0.12421207575501313,12.554755441829284
15.15330603900001,107.64208323299974,SAT_10082,19.242394467506983,186.9884688797268,98.8800689124038,170.6942938480401,-65.7473055758532,29.597355498365093,35.0,0.1238073679094216,12.526559858268772
15.15330603900001,107.74208323299973,SAT_10082,19.254382740569312,187.05590291570238,98.88163717793866,170.69114577495267,-65.73531730279088,29.602673229338357,35.0,0.1237575591009041,12.523087198075666
15.15330603900001,107.84208323299973,SAT_10082,19.25724279927158,187.07199074590264,98.88201083905204,170.69039454138743,-65.73245724408861,29.603941644634848,35.0,0.12374567660488427,12.522258670731128
15.15330603900001,107.94208323299972,SAT_10082,19.250972615966845,187.0367209648135,98.8811914092127,170.6920413934344,-65.73872742739334,29.601160741412166,35.0,0.12377172715062926,12.524075048220476
15.15330603900001,108.04208323299972,SAT_10082,19.235576634653924,186.95011856992835,98.87917556796161,170.69608360007499,-65.75412340870626,29.59433052590206,35.0,0.12383569598933773,12.528534638543988
15.15330603900001,108.14208323299971,SAT_10082,19.21106574751535,186.81224482977385,98.8759551239537,170.70251446824386,-65.77863429584484,29.583451013410528,35.0,0.12393754696797855,12.535633294043524
15.15330603900001,108.2420832329997,SAT_10082,19.17745723754149,186.6231969611709,98.87151692346198,170.71132337965747,-65.8122428058187,29.568522228318237,35.0,0.12407722270995353,12.54536443176951
15.15330603900001,108.3420832329997,SAT_10082,19.134774687880636,186.3831076193286,98.86584270249645,170.72249584898242,-65.85492535547955,29.549544204081045,35.0,0.12425464490084329,12.557719065677336
15.15330603900001,108.44208323299969,SAT_10082,19.08304785891508,186.09214420639734,98.85890887952431,170.73601360267793,-65.90665218444511,29.526516983230835,35.0,0.12446971467649787,12.57268585032152
15.15330603900001,108.54208323299969,SAT_10082,19.078042718804895,186.06399029327753,98.85823459678716,170.73732030988936,-65.91165732455529,29.524287230533535,35.0,0.12449052808879196,12.574133717110671
15.15330603900001,108.64208323299968,SAT_10082,19.15084388331138,186.47349684362652,98.86798392574097,170.71829155894767,-65.8388561600488,29.556691519868565,35.0,0.12418784410681416,12.553068276862895
15.15330603900001,108.74208323299968,SAT_10082,19.214770279209347,186.8330828205526,98.8764427384526,170.7015428689407,-65.77492976415084,29.585095764113227,35.0,0.12392215256051851,12.534560506762842
15.15330603900001,108.84208323299967,SAT_10082,19.269778200679553,187.1425023788225,98.88364637918292,170.68710106707306,-65.71992184268063,29.609499899331002,35.0,0.12369359869445552,12.518627076244124
15.253306039000009,107.64208323299974,SAT_10082,19.105939970759493,186.22091233552214,98.86200068381552,170.73003420205663,-65.8837600726007,29.536711616576447,35.0,0.12437452678854719,12.566062960331964
15.253306039000009,107.74208323299973,SAT_10082,19.117880668761202,186.28807876178175,98.86360025695201,170.7269134201505,-65.87181937459899,29.54202684729365,35.0,0.12432488052889817,12.562607921213216
15.253306039000009,107.84208323299973,SAT_10082,19.12072937049669,186.30410270904386,98.86398137226688,170.7261687020555,-65.8689706728635,29.54329466621509,35.0,0.1243130368336924,12.561783600189393
15.253306039000009,107.94208323299972,SAT_10082,19.114484081889515,186.26897296062853,98.86314559288945,170.72780127236712,-65.87521596147067,29.540515070499037,35.0,0.12433900232610472,12.563590757276494
15.253306039000009,108.04208323299972,SAT_10082,19.09914917337332,186.1827141002249,98.86108948938647,170.73180844716833,-65.89055086998687,29.533688066375788,35.0,0.12440276248983266,12.568027726704493
15.253306039000009,108.14208323299971,SAT_10082,19.074735357010923,186.04538638318644,98.85780460124005,170.73818364870587,-65.91496468634926,29.52281366914781,35.0,0.12450428174132683,12.575090425049883
15.253306039000009,108.2420832329997,SAT_10082,19.04125963054426,185.8570854218115,98.85327734147332,170.74691644127074,-65.94844041281593,29.507891903190107,35.0,0.12464350360652375,12.584772371128771
15.253306039000009,108.3420832329997,SAT_10082,19.020513807625846,185.7403901678954,98.85045817718434,170.7523233167579,-65.96918623573434,29.4986380898637,35.0,0.12472979522262705,12.590771213617518
15.253306039000009,108.44208323299969,SAT_10082,19.111131936764195,186.2501171442986,98.86269661133964,170.72867740531973,-65.87856810659599,29.539022945354112,35.0,0.12435293959313062,12.564560707037241
15.253306039000009,108.54208323299969,SAT_10082,19.19295935994593,186.71039639969587,98.87358134561856,170.70726149281376,-65.79674068341426,29.57540982094772,35.0,0.12401279342783582,12.540876218120395
15.253306039000009,108.64208323299968,SAT_10082,19.265940947476068,187.1209178295529,98.88315902184027,170.6881093955386,-65.72375909588412,29.607798634719266,35.0,0.12370954007445661,12.51973879499035
15.253306039000009,108.74208323299968,SAT_10082,19.330026888480035,187.48140124770018,98.89146988114044,170.6712516877803,-65.65967315488015,29.63618931375042,35.0,0.1234433450698098,12.50116743578045
15.253306039000009,108.84208323299967,SAT_10082,19.38517293834694,187.79159777820155,98.89854824000011,170.65671554341247,-65.60452710501325,29.66058179412812,35.0,0.1232143553532965,12.485179000375593
15.353306039000008,107.64208323299974,SAT_10082,18.960293997471908,185.4016537357795,98.84223348833018,170.76799613433354,-66.02940604588828,29.471748996636176,35.0,0.12498032966167447,12.608178578529238
15.353306039000008,107.74208323299973,SAT_10082,18.972184867200838,185.4685398780047,98.843867836811,170.76490399977135,-66.01751517615935,29.477061712402133,35.0,0.12493085357070062,12.604742035219427
15.353306039000008,107.84208323299973,SAT_10082,18.975021674145992,185.48449691707123,98.84425723183315,170.76416612086126,-66.0146783692142,29.478328931443357,35.0,0.12491905049510033,12.603922129301191
15.353306039000008,107.94208323299972,SAT_10082,18.96880245918439,185.4495138329122,98.84340329223465,170.76578369983645,-66.0208975841758,29.475550650918755,35.0,0.12494492694725992,12.605719608310853
15.353306039000008,108.04208323299972,SAT_10082,18.953531516154726,185.36361477837036,98.84130246633518,170.76975410178238,-66.03616852720546,29.468726877057208,35.0,0.12500846865366846,12.610132833826619
15.353306039000008,108.14208323299971,SAT_10082,18.929219369579897,185.22685895388693,98.83794599163946,170.77607086891186,-66.06048067378029,29.457857625157676,35.0,0.12510964062548366,12.61715778940062
15.353306039000008,108.2420832329997,SAT_10082,19.026071054306485,185.77164968047398,98.85123104196376,170.7508753410827,-65.9636289890537,29.501117415941817,35.0,0.1247066791239299,12.589164384788909
15.353306039000008,108.3420832329997,SAT_10082,19.12563752667205,186.33171108753032,98.86465264975696,170.72488542142122,-65.86406251668814,29.545478831573,35.0,0.1242926312079445,12.560363295631976
15.353306039000008,108.44208323299969,SAT_10082,19.21645630463155,186.8425667135525,98.87669191431327,170.70110062836252,-65.77324373872864,29.585844279526963,35.0,0.12391514627714154,12.534072243615945
15.353306039000008,108.54208323299969,SAT_10082,19.298466546245677,187.30387432263194,98.88740098132652,170.6795582737969,-65.69123349711451,29.622213668902752,35.0,0.12357442672888201,12.510314465491472
15.353306039000008,108.64208323299968,SAT_10082,19.37161250944773,187.71532036564346,98.89682523311767,170.66029256781107,-65.61808753391246,29.65458691780494,35.0,0.12327065784292061,12.489111226063416
15.353306039000008,108.74208323299968,SAT_10082,19.43584382573235,188.0766215197445,98.90500383371523,170.64333444358854,-65.55385621762784,29.68296395334174,35.0,0.12300400690972313,12.470481720471314
15.353306039000008,108.84208323299967,SAT_10082,19.491115751736757,188.38752610351926,98.9119701881879,170.62871139625042,-65.49858429162343,29.70734471162334,35.0,0.12277462243270655,12.454442984563642
15.453306039000008,107.54208323299974,SAT_10082,18.78471004199939,184.41399398624657,98.81771056259183,170.81350794291282,-66.2049900013608,29.393114036034024,35.0,0.12571125645686654,12.658884838025136
15.453306039000008,107.64208323299974,SAT_10082,18.805555427247697,184.53124927826832,98.82066486361265,170.80811918414918,-66.18414461611249,29.40246778071655,35.0,0.12562444651989196,12.65286876615997
15.453306039000008,107.74208323299973,SAT_10082,18.817394348126996,184.59784320821439,98.82233776597535,170.80505696863207,-66.17230569523319,29.407777966840452,35.0,0.12557514778946827,12.649451545652104
15.453306039000008,107.84208323299973,SAT_10082,18.8202187541344,184.613730492006,98.82273634016113,170.80432623244928,-66.16948128922579,29.409044582497323,35.0,0.12556338705008346,12.64863625222375
15.453306039000008,107.94208323299972,SAT_10082,18.814026722338937,184.57890031315654,98.82186226743622,170.8059281546998,-66.17567332102125,29.40626762484672,35.0,0.12558917069904044,12.650423620469121
15.453306039000008,108.04208323299972,SAT_10082,18.896008795620347,185.04004947536444,98.83335614515929,170.78469104999897,-66.09369124773984,29.44299934896395,35.0,0.12524786256249465,12.62675168414233
15.453306039000008,108.14208323299971,SAT_10082,19.013093610692536,185.6986515601455,98.84948107415127,170.75425626196528,-65.97660643266765,29.495327075561825,35.0,0.12476066153537232,12.592916584728819
15.453306039000008,108.2420832329997,SAT_10082,19.121552480974273,186.3087327054803,98.86412175069763,170.72595350780105,-65.86814756238591,29.543660975540504,35.0,0.12430961472140933,12.561545415403957
15.453306039000008,108.3420832329997,SAT_10082,19.221314575760175,186.86989448865097,98.87734417650277,170.69982617044582,-65.76838546760001,29.588000940020887,35.0,0.123894958061159,12.532665279113921
15.453306039000008,108.44208323299969,SAT_10082,19.312313598672347,187.38176399253194,98.889206415038,170.67591489241767,-65.67738644468784,29.628346869130517,35.0,0.12351691218460553,12.506301509216101
15.453306039000008,108.54208323299969,SAT_10082,19.39448810173488,187.8439955722587,98.89975932252256,170.6542573753596,-65.59521194162531,29.664698672001272,35.0,0.12317568140250537,12.48247755686446
15.553306039000008,107.44208323299975,SAT_10044,18.603379905438203,183.3940119680899,98.79144815410746,170.85777922825176,-66.38632013792198,29.310234920166113,35.0,0.12648296374067491,12.712292866095666
15.553306039000008,107.54208323299974,SAT_10082,18.621076154999358,183.49355337187137,98.79414891253371,170.85567486857917,-66.36862388836083,29.319518857549195,35.0,0.1263930212192524,12.706074856111607
15.553306039000008,107.64208323299974,SAT_10082,18.641826702246547,183.61027520013684,98.79717872524895,170.85034079428425,-66.34787334111364,29.328868120464744,35.0,0.12630653506461043,12.700094132229529
15.553306039000008,107.74208323299973,SAT_10082,18.65361168869913,183.67656574893263,98.79889431818181,170.84730968369868,-66.33608835466106,29.33417576226011,35.0,0.12625742044839025,12.696697012774095
15.553306039000008,107.84208323299973,SAT_10082,18.721439960037287,184.05809977520977,98.80869656964632,170.8298402476891,-66.2682600833229,29.364693578224596,35.0,0.12597479862311162,12.677138615235283
15.553306039000008,107.94208323299972,SAT_10082,18.855768341086744,184.81369691861295,98.82775514067632,170.79512267724982,-66.13393170227344,29.424979249057873,35.0,0.12541537405900338,12.638372900022485
15.553306039000008,108.04208323299972,SAT_10082,18.98161370763964,185.52157710547294,98.8451960998424,170.76245119437712,-66.00808633572055,29.481273281220197,35.0,0.12489162374560835,12.602016798818013
15.553306039000008,108.14208323299971,SAT_10082,19.098896483112767,186.18129271750934,98.86110206914572,170.73187446000344,-65.89080356024742,29.53357554785704,35.0,0.12440381317886044,12.568100834922157
15.553306039000008,108.2420832329997,SAT_10082,19.207540983855907,186.79241803418947,98.87554612296773,170.7034388033498,-65.78215905950428,29.581885931122457,35.0,0.1239521946134669,12.536653992663474
15.553306039000008,108.3420832329997,SAT_10082,19.307475761914645,187.3545511607699,98.88859276217326,170.67718800386064,-65.68222428144554,29.62620432217639,35.0,0.12353700595001109,12.507703593811287
15.553306039000008,108.44208323299969,SAT_10082,19.398633937005783,187.86731589565753,98.900298745451,170.6531630795864,-65.5910661063544,29.666530621182183,35.0,0.12315846966429568,12.481275178285888
15.553306039000008,108.54208323299969,SAT_10082,19.48095351466563,188.33036351999417,98.91071379844306,170.63140208401796,-65.50874652869456,29.702864737304274,35.0,0.12281679178754695,12.457392390193322
15.653306039000007,107.34208323299976,SAT_10044,18.79052826561812,184.44672149410192,98.81847248970197,170.80955377372743,-66.19917177774207,29.394395885189933,35.0,0.12570297391016377,12.658310915294402
15.653306039000007,107.44208323299975,SAT_10044,18.63299978797839,183.56062380737848,98.79580739309098,170.850167297454,-66.3567002553818,29.323581153954805,35.0,0.12635946627818476,12.703754645604427
15.653306039000007,107.54208323299974,SAT_10044,18.4672412668111,182.62823212581245,98.77123693966459,170.89266556740324,-66.52245877654909,29.24876730017958,35.0,0.1270508164175101,12.75150969290791
15.653306039000007,107.64208323299974,SAT_10082,18.50299497090323,182.8293467113307,98.77671023744776,170.88595609384058,-66.48670507245696,29.266225353658303,35.0,0.12688534200883866,12.740088990265841
15.653306039000007,107.74208323299973,SAT_10082,18.65424393340922,183.68012212542686,98.79900922569827,170.84714703495095,-66.33545610995097,29.334460464425664,35.0,0.12625478561374895,12.69651475381193
15.653306039000007,107.84208323299973,SAT_10082,18.797171144214047,184.48408768620402,98.81951889003577,170.81028707829208,-66.19252889914614,29.398706171341413,35.0,0.12565936149728252,12.655288630698202
15.653306039000007,107.94208323299972,SAT_10082,18.931689670086413,185.2407543942361,98.83834231469412,170.77542927912404,-66.05801037327377,29.45896232957655,35.0,0.1250993602045755,12.616444063521707
15.653306039000007,108.04208323299972,SAT_10082,19.057715779314563,185.9496512586444,98.85557084358632,170.74262479996943,-65.93198426404562,29.515228803313438,35.0,0.12457506129835859,12.580013206091268
15.653306039000007,108.14208323299971,SAT_10082,19.175169300796668,186.61032731698126,98.87128538247319,170.7119226830867,-65.81453074256352,29.567505465742702,35.0,0.12408673217691356,12.546026793042612
15.653306039000007,108.2420832329997,SAT_10082,19.283973978344292,187.22235362818665,98.88555750884473,170.6833696254441,-65.7057260650159,29.61579219906033,35.0,0.12363462691709277,12.514514011715043
15.653306039000007,108.3420832329997,SAT_10082,19.384057817211456,187.78532522181445,98.8984504191738,170.6570097581533,-65.60564222614873,29.66008889446497,35.0,0.12321898515104056,12.485502377309356
15.653306039000007,108.44208323299969,SAT_10082,19.47535341978795,188.29886298630723,98.910019737763,170.63288443237803,-65.51434662357224,29.700395452155465,35.0,0.12284003098535692,12.459017612364304
15.753306039000007,107.24208323299976,SAT_10044,18.959784772707053,185.39878934647717,98.84213186500871,170.76566993001225,-66.02991527065313,29.470171747238584,35.0,0.12499818853924469,12.609418899340222
15.753306039000007,107.34208323299976,SAT_10044,18.81057830181399,184.5595029477037,98.82133112843685,170.804368694047,-66.1791217415462,29.403389115977554,35.0,0.1256194537657036,12.652522709711027
15.753306039000007,107.44208323299975,SAT_10044,18.653048402194614,183.6733972623447,98.79875142559588,170.84501065438855,-66.33665164116557,29.332609167195432,35.0,0.1262758857622061,12.697974268210247
15.753306039000007,107.54208323299974,SAT_10044,18.4872892436931,182.74100199577367,98.77427515221015,170.88753839705242,-66.50241079966709,29.257832060310598,35.0,0.12696716945023456,12.74573729347502
15.753306039000007,107.64208323299974,SAT_10082,18.5688903558503,183.20000825165792,98.78652672483976,170.8690727742101,-66.42080968750989,29.295985036656745,35.0,0.12661056592261855,12.721111384033904
15.753306039000007,107.74208323299973,SAT_10082,18.720312087137984,184.05175549015118,98.80857816931109,170.83013106961852,-66.2693879562222,29.364186538411335,35.0,0.12597949737303954,12.677463927641975
15.753306039000007,107.84208323299973,SAT_10082,18.863405383387573,184.85665528155508,98.82886350583189,170.79314402301566,-66.12629465997261,29.42840060139589,35.0,0.1253835802248221,12.636167658128024
15.753306039000007,107.94208323299972,SAT_10082,18.99808276842427,185.6142155723865,98.84748388078653,170.7581650372773,-65.99161727493592,29.488627080832583,35.0,0.12482310677734147,12.597256211713852
15.753306039000007,108.04208323299972,SAT_10082,19.12425998003016,186.32396238766967,98.86452894840293,170.72524561513913,-65.86544006333003,29.54486584095175,35.0,0.12429835829647357,12.560761930846184
15.753306039000007,108.14208323299971,SAT_10082,19.24185633228055,186.9854418690781,98.8800781401266,170.6944351295206,-65.74784371107964,29.597116754988782,35.0,0.12380960382351365,12.5267157327243
15.753306039000007,108.2420832329997,SAT_10082,19.350795073126008,187.5982222863338,98.89420174711911,170.6657805963227,-65.63890497023418,29.64537970518125,35.0,0.1233570990091442,12.495146980083597
15.753306039000007,108.3420832329997,SAT_10082,19.451003734194202,188.1618960048424,98.90696184459394,170.6393264516848,-65.53869630916599,29.689654582766185,35.0,0.12294108498118113,12.466083355266171
15.753306039000007,108.44208323299969,SAT_10082,19.542414469712682,188.67608139213382,98.91841308145247,170.61511433574256,-65.4472855736475,29.729941287977624,35.0,0.12256178725493462,12.43955073862763
15.853306039000007,107.34208323299976,SAT_10044,18.82100455020212,184.6181505948869,98.8228229421804,170.80167097549355,-66.16869549315807,29.408063911153384,35.0,0.12557602568603826,12.649512403131874
15.853306039000007,107.44208323299975,SAT_10044,18.663511414155508,183.73225170462473,98.80029421060941,170.8423180811098,-66.32618862920468,29.3373189401391,35.0,0.12623226992750994,12.694957218306474
15.853306039000007,107.54208323299974,SAT_10044,18.49779123038296,182.80007567090414,98.7758741962701,170.88485115647686,-66.49190881297723,29.26257878649533,35.0,0.12692335491722695,12.74271308807847
15.853306039000007,107.64208323299974,SAT_10082,18.62531006352043,183.51736910730241,98.79483851592096,170.85458682190708,-66.36438997983976,29.321426856887648,35.0,0.12637537399330964,12.70485464082703
15.853306039000007,107.74208323299973,SAT_10082,18.776869498017717,184.36989092634968,98.81667973503885,170.81553380635086,-66.21283054534247,29.389594561492157,35.0,0.12574391051709707,12.661147389966679
15.853306039000007,107.84208323299973,SAT_10082,18.920095318963988,185.17553616917243,98.83677453687193,170.77844010508772,-66.0696047243962,29.453776803412357,35.0,0.12514761246455267,12.619793810256278
15.853306039000007,107.94208323299972,SAT_10082,19.054899594098757,185.9338102168055,98.85522242908942,170.74335941348954,-65.93480044926143,29.513973437921162,35.0,0.12458677360493081,12.58082770008812
15.853306039000007,108.04208323299972,SAT_10082,19.181197615502143,186.64423658719957,98.87211163659522,170.7103435206,-65.80850242785804,29.570184329296474,35.0,0.12406167663116646,12.54428155992335
15.853306039000007,108.14208323299971,SAT_10082,19.29890826466645,187.3063589887488,98.88752034332207,170.67944207764398,-65.69079177869374,29.622409350818078,35.0,0.12357259196123166,12.510186459906596
15.853306039000007,108.2420832329997,SAT_10082,19.407954372839313,187.91974334722113,98.90151775168935,170.6507023689897,-65.58174567052087,29.670648384764768,35.0,0.12311977656452683,12.478571909731428
15.853306039000007,108.3420832329997,SAT_10082,19.508263073582512,188.48397978890162,98.91416498764598,170.62416908756973,-65.48143696977768,29.714901322411638,35.0,0.1227034728221112,12.449465731797476
15.953306039000006,107.44208323299975,SAT_10044,18.66438132445809,183.73714495007675,98.80044322666762,170.84209417289995,-66.3253187189021,29.337710462483276,35.0,0.1262286437455514,12.69470636473987
15.953306039000006,107.54208323299974,SAT_10082,18.512306849413903,182.88172602795322,98.77817792344362,170.88357257978117,-66.47739319394628,29.270433717359033,35.0,0.12684650709766188,12.737407824426475
15.953306039000006,107.64208323299974,SAT_10082,18.67221439003636,183.78120594395452,98.80168542657971,170.84252254620029,-66.31748565332383,29.342550758673063,35.0,0.12617989851161654,12.691333967284994
15.953306039000006,107.74208323299973,SAT_10082,18.823875828554492,184.63430153561902,98.82335215172078,170.80337996076392,-66.1658242148057,29.410684478069882,35.0,0.12554815935503819,12.647580572756622
15.953306039000006,107.84208323299973,SAT_10082,18.967200002084383,185.44050001172465,98.8432887907822,170.76620043257606,-66.0225000412758,29.474834721867587,35.0,0.12495159446621841,12.606182736101117
15.953306039000006,107.94208323299972,SAT_10082,19.10209861137811,186.19930468900188,98.8615934948629,170.7310378928987,-65.88760143198208,29.53500134538941,35.0,0.1243904987937282,12.567174385679056
15.953306039000006,108.04208323299972,SAT_10082,19.22848658984077,186.91023706785435,98.87835330535628,170.6979443617013,-65.76121345351942,29.591184212960414,35.0,0.12386515617535862,12.530588148603169
15.953306039000006,108.14208323299971,SAT_10082,19.3462824708065,187.57283889828656,98.89364537300655,170.66696971470486,-65.64341757255369,29.643383197904406,35.0,0.12337583813343524,12.496455217619783
15.953306039000006,108.2420832329997,SAT_10082,19.45540875010957,188.18667421936632,98.90753799836341,170.63816145285955,-65.53429129325062,29.69159818254105,35.0,0.12292280269515174,12.464805220236956
16.053306039000006,107.54208323299974,SAT_10082,18.549594899622207,183.0914713103749,98.78374677509856,170.8740205007135,-66.44010514373798,29.287275825686216,35.0,0.1266910164026281,12.72666945230807
16.053306039000006,107.64208323299974,SAT_10082,18.709570046201165,183.99133150988155,98.80709986902295,170.8329003375786,-66.28012999715902,29.359356695787053,35.0,0.12602425035104767,12.680562105016442
16.053306039000006,107.74208323299973,SAT_10082,18.861297265383385,184.84479711778155,98.8286265400582,170.79369025996553,-66.1284027779768,29.427456241997692,35.0,0.12539235642521085,12.636776403583754
16.053306039000006,107.84208323299973,SAT_10082,19.00468511364842,185.65135376427236,98.84843623142862,170.7564460576812,-65.98501492971177,29.49157431068925,35.0,0.12479564036867632,12.595347542351144
16.053306039000006,107.94208323299972,SAT_10082,19.13964501570912,186.4105032133638,98.86662600606594,170.7212218400423,-65.85005502765107,29.551710757234844,35.0,0.1242343980136815,12.55630954682994
16.053306039000006,108.04208323299972,SAT_10082,19.266091635156073,187.12176544775292,98.88328195589334,170.68806980134167,-65.72360840820411,29.6078654460063,35.0,0.12370891405565332,12.519695138813097
16.053306039000006,108.14208323299971,SAT_10082,19.38394324339488,187.78468074409622,98.89848040268761,170.65703998678435,-65.6057567999653,29.66003825037107,35.0,0.1232194608440355,12.48553560270799
16.053306039000006,108.2420832329997,SAT_10082,19.49312208389607,188.3988117219154,98.91228892332296,170.62818006084288,-65.49657795946412,29.70822905268935,35.0,0.12276629719812142,12.453860654112464
16.153306039000007,107.24208323299976,SAT_10044,18.94334784718903,185.3063316404383,98.8399396261592,170.7699428562559,-66.04635219617116,29.462827145331374,35.0,0.12506660538230072,12.614169879864322
16.153306039000007,107.34208323299976,SAT_10044,18.794499786794873,184.46906130072117,98.81913810534428,170.8085269953507,-66.19520025656531,29.396177627988443,35.0,0.1256864295250456,12.657164459678015
16.153306039000007,107.44208323299975,SAT_10044,18.637346222426288,183.58507250114786,98.79655794127584,170.8490496663946,-66.3523538209339,29.325538761393453,35.0,0.12634134574757816,12.702501570185182
16.153306039000007,107.54208323299974,SAT_10082,18.577345682558274,183.2475694643903,98.78787174482187,170.86690363087513,-66.41235436080191,29.299800131457353,35.0,0.1265753147186566,12.718675546665478
16.153306039000007,107.64208323299974,SAT_10082,18.737350335329737,184.1475956362298,98.81110726660373,170.82573655415246,-66.25234970803045,29.371844631454394,35.0,0.1259085183984844,12.672549266933903
16.153306039000007,107.74208323299973,SAT_10082,18.88910670147453,185.00122519579426,98.83252730618707,170.78648132604727,-66.10059334188566,29.439909816578925,35.0,0.12527659191375826,12.62874524050357
16.153306039000007,107.84208323299973,SAT_10082,19.032523150778147,185.80794272312707,98.85224035370805,170.74919385739352,-65.95717689258204,29.50399553325463,35.0,0.12467984160681429,12.587298726836329
16.153306039000007,107.94208323299972,SAT_10082,19.167510924300615,186.56724894919094,98.870342641541,170.71392837676964,-65.82218911905957,29.56410163690409,35.0,0.12411856389398407,12.548243815300042
16.153306039000007,108.04208323299972,SAT_10082,19.293984506103968,187.27866284683483,98.88691953692933,170.68073719523915,-65.69571553725622,29.6202279919455,35.0,0.1235930440372417,12.511613289925334
16.153306039000007,108.2420832329997,SAT_10082,19.521065461407744,188.55599322041854,98.91579124221309,170.6207759796984,-65.46863458195244,29.72054095883672,35.0,0.12265035592066295,12.445749205170094
16.253306039000005,107.24208323299976,SAT_10044,18.91509236643641,185.14739456120483,98.83605205360797,170.777282452224,-66.07460767692378,29.45019445163215,35.0,0.12518422904984294,12.62233544728208
16.253306039000005,107.34208323299976,SAT_10044,18.766425078175445,184.3111410647369,98.8151725870737,170.81578228237916,-66.22327496518474,29.383578672923097,35.0,0.12580338901733076,12.665267966711351
16.253306039000005,107.44208323299975,SAT_10044,18.609460564006355,183.42821567253577,98.79250663342121,170.85621720965395,-66.38023947935383,29.312975564584995,35.0,0.12645760948326937,12.710540224801623
16.253306039000005,107.54208323299974,SAT_10082,18.595539540417107,183.34990991484625,98.79057243569281,170.8622340091065,-66.39416050294308,29.308006607264353,35.0,0.12649946752847474,12.713433633572478
16.253306039000005,107.64208323299974,SAT_10082,18.755535297138806,184.2498860464058,98.81372637444706,170.82104342967756,-66.23416474622138,29.380014538349563,35.0,0.12583276909447375,12.667303085798913
16.253306039000005,107.74208323299973,SAT_10082,18.907283883519128,185.1034718447951,98.83507244590685,170.78176558177933,-66.08241615984106,29.448045174566047,35.0,0.12520093318536735,12.62349481944242
16.253306039000005,107.84208323299973,SAT_10082,19.050693577604278,185.91015137402405,98.85471847328328,170.74445643692195,-65.93900646575591,29.51209836238961,35.0,0.12460426643304293,12.58204412479052
16.253306039000005,107.94208323299972,SAT_10082,19.185675530199276,186.6694248573709,98.8727601079305,170.70917028347654,-65.80402451316091,29.57217395729188,35.0,0.1240430655356367,12.542985121440617
16.353306039000003,107.04208323299977,SAT_10044,19.148890488024733,186.46250899513916,98.86780061935403,170.7163350425929,-65.84080955533545,29.55445040564831,35.0,0.12421147257094531,12.554713445819917
16.353306039000003,107.14208323299977,SAT_10044,19.01728225133145,185.72221266373944,98.85010119273349,170.75070382754097,-65.97241779202874,29.495839588791448,35.0,0.12475890707554603,12.592794646203672
16.353306039000003,107.24208323299976,SAT_10044,18.87720920839341,184.93430179721295,98.83080367589065,170.7871116826836,-66.11249083496678,29.433243181733776,35.0,0.1253419580028693,12.633280376014095
16.353306039000003,107.34208323299976,SAT_10044,18.728758531762566,184.09926674116446,98.80981430245728,170.82550534214303,-66.26094151159762,29.36666132557748,35.0,0.12596033424570396,12.676137160786372
16.353306039000003,107.44208323299975,SAT_10044,18.572020406674554,183.21761478754436,98.78702733203944,170.8658297682777,-66.41767963668563,29.296094170428873,35.0,0.12661373431055994,12.721330304526244
16.353306039000003,107.54208323299974,SAT_10082,18.60416353657601,183.39841989324006,98.79186174214213,170.86001955955356,-66.38553650678418,29.31189523514867,35.0,0.12646351791813631,12.710948664461139
16.353306039000003,107.64208323299974,SAT_10082,18.76411181607132,184.29812896540116,98.81496951328332,170.8188290042776,-66.22558822728887,29.383866398595977,35.0,0.1257970460877497,12.664828575519497
16.353306039000003,107.74208323299973,SAT_10082,18.915815522814555,185.15146231583188,98.83627376649841,170.77955117962543,-66.07388452054563,29.451862298159902,35.0,0.12516542443084422,12.621030214649265
16.353306039000003,107.84208323299973,SAT_10082,19.059182938643602,185.95790402987026,98.85588193778084,170.74224205704428,-65.93051710471659,29.515882780367924,35.0,0.12456895955813652,12.579588868482091
16.353306039000003,112.04208323299949,SAT_10082,20.037673074513663,191.46191104413936,98.97752041725577,170.48258383760484,-64.95202696884652,29.946522258041654,35.0,0.12051000276262451,12.29545538652072
16.453306039000005,106.74208323299979,SAT_10044,19.443552247616523,188.11998139284296,98.90599665588995,170.6388146761054,-65.54614779574366,29.684958324177348,35.0,0.12298716151565973,12.46930428229995
16.453306039000005,106.94208323299978,SAT_10044,19.22378405355923,186.88378530127068,98.87770523462115,170.69670692311036,-65.76591598980096,29.587715622304223,35.0,0.12390011340086916,12.533024575593956
16.453306039000005,107.04208323299977,SAT_10044,19.10093933180596,186.19278374140853,98.86141480013339,170.72887536836518,-65.88876071155423,29.533118508945126,35.0,0.12441088603011995,12.568592966104056
16.453306039000005,107.14208323299977,SAT_10044,18.969558878974766,185.45376869423305,98.84359812884382,170.76312791217876,-66.02014116438542,29.474537715060784,35.0,0.12495750765418993,12.606593459613268
16.453306039000005,107.24208323299976,SAT_10044,18.82972596301201,184.66720854194256,98.82417115944608,170.79941362561556,-66.15997408034818,29.411973372711724,35.0,0.12553970045991242,12.646994126984433
16.453306039000005,107.34208323299976,SAT_10044,18.681527220336264,183.8335906143915,98.80303907022859,170.8376795821177,-66.30817282302392,29.345425622956594,35.0,0.12615717508220908,12.689761688780624
16.453306039000005,107.44208323299975,SAT_10044,18.52505228970189,182.95341912957315,98.78009491206394,170.8778710892987,-66.4646477536583,29.274894615855374,35.0,0.12680963181272564,12.734861648402239
16.453306039000005,107.54208323299974,SAT_10082,18.60321152549409,183.39306483090425,98.7917460113444,170.86026404699564,-66.3864885178661,29.311466006600774,35.0,0.12646748635355498,12.711222991117669
16.453306039000005,107.64208323299974,SAT_10082,18.763073692819972,184.29228952211233,98.81484272180361,170.81909707868653,-66.22662635054022,29.38340020376549,35.0,0.12580137000740219,12.66512810561178
16.453306039000005,107.74208323299973,SAT_10082,18.91469536837623,185.14516144711632,98.83613703110518,170.7798419549216,-66.07500467498396,29.451361179009208,35.0,0.12517008643503533,12.62135381263652
16.453306039000005,111.54208323299952,SAT_10082,19.68647544337169,189.48642436896577,98.93615356880863,170.57679985813888,-65.3032245999885,29.793235637217858,35.0,0.12196439809845028,12.397695980969024
16.453306039000005,111.7420832329995,SAT_10082,19.853166615012455,190.42406220944505,98.95608638287334,170.5322256907752,-65.13653342834773,29.866171205849025,35.0,0.12127374308034704,12.349205200341215
16.553306039000006,106.74208323299979,SAT_10044,19.385282670829596,187.7922150234165,98.89861039041243,170.65420737018502,-65.60441737253059,29.65922936293874,35.0,0.12322911996097917,12.486210245323319
16.553306039000006,106.84208323299978,SAT_10044,19.279957721501248,187.1997621834445,98.88505166483745,170.6819514238508,-65.70974232185894,29.612623997122967,35.0,0.12366665910922316,12.516748236021895
16.553306039000006,106.94208323299978,SAT_10044,19.16595779546836,186.55851259950953,98.87009492880813,170.71186652128088,-65.82374224789183,29.56203676649678,35.0,0.12414050706125662,12.549771986046483
16.553306039000006,107.04208323299977,SAT_10044,19.043357776454272,185.8688874925553,98.85367343976624,170.74390677565728,-65.94634226690592,29.507467785098452,35.0,0.12465041445186768,12.585252861895224
16.553306039000006,107.14208323299977,SAT_10044,18.91223661368862,185.1313309519985,98.83571172719383,170.77802385913472,-66.07746342967157,29.44891717595579,35.0,0.12519611809813594,12.623160628394498
16.553306039000006,107.24208323299976,SAT_10044,18.77267696844845,184.34630794752255,98.81612458020295,170.8141672276098,-66.21702307491174,29.386385071088956,35.0,0.12577734214876754,12.663463576242115
16.553306039000006,107.34208323299976,SAT_10044,18.624764854647353,183.51430230739138,98.79481586117657,170.85228434875148,-66.36493518871283,29.319871611513463,35.0,0.12639379926190397,12.706128652212909
16.553306039000006,107.44208323299975,SAT_10044,18.468589276421852,182.63581467987294,98.7716771131567,170.8923209313612,-66.52111076693834,29.249376947243377,35.0,0.12704519180283383,12.751121591017672
16.553306039000006,107.54208323299974,SAT_10082,18.592684186010842,183.333848546311,98.7902251222338,170.86296705556012,-66.39701585734934,29.306718922559952,35.0,0.1265113705741235,12.71425635377506
16.553306039000006,107.64208323299974,SAT_10082,18.75242167823103,184.23237194004955,98.81334583095587,170.8218471925534,-66.23727836512916,29.378615954878168,35.0,0.12584573835496085,12.668201389098957
16.653306039000004,106.6420832329998,SAT_10044,19.413701315437464,187.95206989933575,98.90223767681738,170.64670409741578,-65.57599872792272,29.6717825163687,35.0,0.12311110516554016,12.477966041710106
16.653306039000004,106.74208323299979,SAT_10044,19.317342943352884,187.41005405635997,98.8899046680981,170.67211525249516,-65.6723571000073,29.629181211528536,35.0,0.12351132639092448,12.505911732649745
16.653306039000004,106.84208323299978,SAT_10044,19.212257310906608,186.81894737384968,98.8762189203879,170.69973117324278,-65.77744273245358,29.58260000071103,35.0,0.1239480262799191,12.536363533641898
16.653306039000004,106.94208323299978,SAT_10044,19.0985142837104,186.179142845871,98.86112063060301,170.72950902089363,-65.89118575964979,29.532038988935707,35.0,0.12442097233908483,12.569294755352786
16.653306039000004,107.04208323299977,SAT_10044,18.976188106431778,185.49105809867876,98.84454199688028,170.7614033153194,-66.01351193692841,29.47749829020632,35.0,0.12492991725220848,12.604676994563114
16.653306039000004,107.14208323299977,SAT_10044,18.845357062597486,184.75513347711086,98.82640633554041,170.79536615172617,-66.1443429807627,29.418978027513432,35.0,0.12547459998023652,12.64248025656973
16.653306039000004,107.24208323299976,SAT_10044,18.70610312542827,183.97183008053403,98.80662704692782,170.83134742260148,-66.28359691793192,29.35647833283721,35.0,0.126054746898253,12.68267308126939
16.653306039000004,107.34208323299976,SAT_10044,18.558511602699383,183.14162776518404,98.78510640304681,170.8692950429451,-66.4311884406608,29.289999347150424,35.0,0.1266700729608836,12.725222671905243
16.653306039000004,107.44208323299975,SAT_10044,18.47692673988945,182.68271291187816,98.77295562649743,170.89018899670168,-66.51277330347074,29.25314717681365,35.0,0.12701040429622795,12.74872107928649
16.753306039,106.6420832329998,SAT_10044,19.335898199869234,187.51442737426444,98.89230732505516,170.66722856221702,-65.65380184349095,29.637393031711074,35.0,0.12343424201799941,12.500532070967004
16.753306039,106.74208323299979,SAT_10044,19.23978395898078,186.9737847692669,98.87984126447601,170.69250705321292,-65.74991608437941,29.59481393565112,35.0,0.12383361181958316,12.528389354998023
16.753306039,106.84208323299978,SAT_10044,19.134962518513504,186.38416416663847,98.86600647918246,170.71997967236086,-65.85473752484668,29.548257008493035,35.0,0.12426938942728914,12.55874547155157
16.753306039,106.94208323299978,SAT_10044,19.021503067044776,185.74595475212686,98.85074207486541,170.7496040123397,-65.96819697631541,29.497722355224848,35.0,0.12474134451155969,12.59157397468901
16.753306039,107.04208323299977,SAT_10044,18.899479137679975,185.05957014944988,98.83397899774073,170.78133504588396,-66.09022090568021,29.44321008981612,35.0,0.12524923203974506,12.626846717572619
16.753306039,107.14208323299977,SAT_10044,18.76896827258669,184.32544653330012,98.81563912980118,170.8151253393657,-66.2207317707735,29.384720335220504,35.0,0.12579279336253193,12.664533973265781
16.753306039,107.24208323299976,SAT_10044,18.683058665178407,183.84220499162856,98.80332764410772,170.83728515087995,-66.30664137818178,29.346114569020628,35.0,0.1261507919113935,12.689320004411067
16.753306039,107.34208323299976,SAT_10044,18.669910125648414,183.76824445677232,98.8014262462386,170.8406709452777,-66.31978991771177,29.340198623618775,35.0,0.12620559755662833,12.693111998496219
16.853306039000003,106.6420832329998,SAT_10044,19.248510891011094,187.0228737619374,98.88099488635402,170.69021530837665,-65.7411891523491,29.598684380118,35.0,0.12379734176761856,12.525860882322826
16.853306039000003,106.74208323299979,SAT_10044,19.152663112178985,186.48373000600677,98.86837512004934,170.71534753073365,-65.8370369311812,29.556127610460848,35.0,0.1241957855378361,12.553621225370565
16.853306039000003,106.84208323299978,SAT_10044,19.048130015191347,185.89573133545133,98.85436813522105,170.7426621423056,-65.94157002816884,29.509595095575495,35.0,0.12463056013828523,12.583872421300457
16.853306039000003,106.94208323299978,SAT_10044,18.93498004578136,185.25926275752013,98.8389117675187,170.77211720910094,-66.05471999757883,29.45908694041879,35.0,0.12510143761658377,12.616588291280085
16.853306039000003,107.04208323299977,SAT_10044,18.84554373805183,184.75618352654152,98.82647172624306,170.79531780130267,-66.14415630530836,29.419061664437955,35.0,0.12547382254460254,12.64242634589903
16.853306039000003,107.14208323299977,SAT_10044,18.849850972470634,184.7804117201473,98.82707543116085,170.79420210689565,-66.13984907088955,29.420991342229904,35.0,0.12545588467842658,12.641182421545379
16.853306039000003,107.24208323299976,SAT_10044,18.845405611403407,184.75540656414415,98.82645235855921,170.7953535772303,-66.14429443195678,29.41899977906017,35.0,0.12547439779197844,12.642466235994684
16.953306039000005,106.6420832329998,SAT_10044,19.151603710955115,186.47777087412254,98.86824908859172,170.71562484975794,-65.83809633240507,29.555656646239285,35.0,0.12420019062687217,12.553927938259536
16.953306039000005,106.74208323299979,SAT_10044,19.05604398973439,185.94024744225598,98.85545376556699,170.74059766909326,-65.9336560536258,29.513122320564115,35.0,0.12459763609291277,12.581583069003742
16.953306039000005,106.84208323299978,SAT_10044,18.96390725043281,185.42197828368455,98.8429105330259,170.7645978741163,-66.02579279292738,29.47201333702035,35.0,0.12498103009400653,12.608227225737414
16.953306039000005,106.94208323299978,SAT_10044,18.985778106907574,185.5450018513551,98.84590657340205,170.75890777226672,-66.00392193645261,29.48178024873199,35.0,0.12489000596801446,12.601904406949863
16.953306039000005,107.04208323299977,SAT_10044,18.998878751484327,185.61869297709936,98.84769562649824,170.7554973396269,-65.99082129187586,29.487628034129038,35.0,0.12483548739355739,12.598116498984433
16.953306039000005,107.14208323299977,SAT_10044,19.003200403617655,185.64300227034929,98.84828488792606,170.7543719641576,-65.98649963974253,29.48955667995765,35.0,0.1248175035615462,12.596866851981039
17.053306039000002,106.4420832329998,SAT_10044,19.20959548943229,186.8039746280566,98.87592398828706,170.7004293786212,-65.7801045539279,29.58141845616829,35.0,0.12395909100486069,12.537134540470124
17.053306039000002,106.5420832329998,SAT_10044,19.13179918881933,186.3663704371087,98.8656298533311,170.72080719805626,-65.85790085454086,29.54685005187935,35.0,0.12428254412397016,12.559661164239976
17.053306039000002,106.6420832329998,SAT_10044,19.045246894746924,185.87951378295145,98.85401076506379,170.74341410492676,-65.94445314861326,29.50830992417878,35.0,0.12464255494878151,12.584706412916502
17.053306039000002,106.74208323299979,SAT_10044,19.077295466554375,186.05978699936836,98.85833375075337,170.73505111924703,-65.91240457680581,29.522590492109916,35.0,0.12450923145468484,12.575434718214009
17.053306039000002,106.84208323299978,SAT_10044,19.108017827690574,186.23260028075947,98.86245497531182,170.72702548961917,-65.88168221566961,29.5362691472774,35.0,0.12438144572949265,12.566544427598366
17.053306039000002,106.94208323299978,SAT_10044,19.129957356314236,186.35601012926756,98.86538443679568,170.7212889788828,-65.85974268704595,29.54603080607339,35.0,0.12429020347786474,12.560194310758687
17.053306039000002,107.04208323299977,SAT_10044,19.14309920830007,186.4299330466879,98.86713380034297,170.7178507011093,-65.84660083506012,29.551875446370477,35.0,0.12423555401740151,12.55639002630387
17.153306039,106.4420832329998,SAT_10082,19.099023002844703,186.18200439100144,98.86136653142258,170.7318414080451,-65.89067704051548,29.533631884954275,35.0,0.12440328710817974,12.568064230316464
17.153306039,106.5420832329998,SAT_10044,19.124150420037907,186.32334611271324,98.86462522611149,170.72280773802774,-65.86554962332228,29.543447631849805,35.0,0.12431435239455611,12.56187516474978
17.153306039,106.6420832329998,SAT_10044,19.172510507971154,186.59537160733774,98.87104860358221,170.7101502036019,-65.81718953538903,29.564948542275786,35.0,0.12411326268673256,12.54787461137619
17.153306039,106.74208323299979,SAT_10044,19.212110072491143,186.8181191577627,98.87626809468915,170.69976979609433,-65.77758997086904,29.58253464579697,35.0,0.12394863832018235,12.536406182251506
17.153306039,106.84208323299978,SAT_10044,19.242922287063337,186.9914378647313,98.88030453047573,170.69168298927164,-65.74677775629685,29.596205902542735,35.0,0.12382056840639198,12.527480101161554
17.153306039,106.94208323299978,SAT_10044,19.264926154992594,187.11520962183334,98.88317387497861,170.68590268080726,-65.7247738883676,29.605962281519083,35.0,0.12372912266735704,12.521104366412064
17.153306039,107.34208323299976,SAT_10044,19.264647383183473,187.11364153040705,98.88313759103012,170.68597594040165,-65.72505266017671,29.605838710498542,35.0,0.1237302811477502,12.521185149125856
17.253306039,106.24208323299982,SAT_10082,19.12893802031752,186.35027636428606,98.86537852083408,170.72402235561756,-65.86076202304267,29.54694742105239,35.0,0.12427890971908427,12.559408178758414
17.253306039,106.34208323299981,SAT_10044,19.1262409589376,186.33510539402403,98.86491904977612,170.72226100898553,-65.86345908442259,29.544377637441773,35.0,0.12430565852700912,12.561270054351818
17.253306039,106.4420832329998,SAT_10044,19.19219369477456,186.70608953310693,98.87366148771203,170.70499234478433,-65.79750634858563,29.573692053049125,35.0,0.12403143098495277,12.54217462586547
17.253306039,106.5420832329998,SAT_10044,19.249434370214686,187.0280683324576,98.88116798784228,170.68997275658677,-65.7402656731455,29.599093897444643,35.0,0.12379350378696961,12.525593310216415
17.253306039,106.6420832329998,SAT_10044,19.297924422258603,187.30082487520463,98.88746887094256,170.67722592070646,-65.69177562110158,29.620583113025816,35.0,0.12359200505942501,12.511540808361516
17.253306039,106.74208323299979,SAT_10044,19.337630892928814,187.5241737727246,98.89258924648435,170.6667720814616,-65.65206915043137,29.63815965106497,35.0,0.12342704424872084,12.50002967578602
17.253306039,106.84208323299978,SAT_10044,19.36852659424136,187.69796209260767,98.89654929115818,170.6586279453801,-65.62117344911883,29.651823471708173,35.0,0.1232987116001779,12.491070263846723
17.353306039000003,106.14208323299982,SAT_10044,19.083619141162885,186.09535766904125,98.85923093728701,170.7333998777938,-65.9060809021973,29.52540688790323,35.0,0.12448292728503753,12.5736049850217
17.353306039000003,106.24208323299982,SAT_10044,19.167058525419918,186.56470420548703,98.87035593922491,170.7115782400851,-65.82264151794027,29.562525923191632,35.0,0.12413593046447205,12.549453270582335
17.353306039000003,106.34208323299981,SAT_10044,19.24185981595693,186.98546146475772,98.88019218900823,170.69196198357326,-65.74784022740326,29.595734669147603,35.0,0.1238249841890396,12.527787928788555
17.353306039000003,106.4420832329998,SAT_10044,19.307973238881345,187.35734946870755,98.88878028603352,170.67458165061353,-65.68172680447884,29.625033050446408,35.0,0.12355025393830832,12.508627950373402
17.353306039000003,106.5420832329998,SAT_10044,19.3653542791441,187.68011782018556,98.89615504927276,170.6594645733813,-65.62434576421609,29.650421000637124,35.0,0.12331188760665274,12.491990303865242
17.353306039000003,106.6420832329998,SAT_10044,19.413963899184324,187.95354693291182,98.90234591400974,170.64663473380634,-65.57573614417586,29.6718984621412,35.0,0.1231100148100306,12.477889857700694
17.353306039000003,106.74208323299979,SAT_10044,19.453768733281862,188.17744912471048,98.90737726084194,170.636112638945,-65.53593131007833,29.68946538625121,35.0,0.12294474627190104,12.466339311112636
17.453306039,106.04208323299983,SAT_10044,19.097251446908132,186.17203938885822,98.8610751690965,170.72983897255222,-65.89244859645206,29.531476805501963,35.0,0.12442622480538282,12.569660204596428
17.453306039,106.14208323299982,SAT_10044,19.189472386487395,186.69078217399158,98.8733308275315,170.70570565665204,-65.80022765687279,29.5724834783788,35.0,0.1240427441674307,12.542962734432116
17.453306039,106.24208323299982,SAT_10044,19.27309322054934,187.16114936559003,98.88427440283704,170.68375610939881,-65.71660682281085,29.6095820969139,35.0,0.12369518388144818,12.518737626444484
17.453306039,106.34208323299981,SAT_10044,19.348058553814596,187.58282936520712,98.89395146638715,170.6640243173139,-65.64164148954559,29.642772576941873,35.0,0.12338372815026738,12.497006021023292
17.453306039,106.4420832329998,SAT_10044,19.41431805997648,187.95553908736773,98.9024015173055,170.64654117838052,-65.5753819833837,29.672054843169104,35.0,0.12310854419142765,12.477787103980864
17.453306039,106.5420832329998,SAT_10044,19.471826726411663,188.2790253360656,98.90965843848784,170.63133434534922,-65.51787331694852,29.69742882917213,35.0,0.12286978146011236,12.461098019311322
17.453306039,106.6420832329998,SAT_10044,19.520545076485888,188.55306605523313,98.91575087939759,170.61842808322766,-65.4691549668743,29.718894477396177,35.0,0.122667570946026,12.446953790096794
17.553306039,105.94208323299983,SAT_10044,19.0925131036077,186.14538620779334,98.86045563931141,170.7310768694852,-65.89718693975249,29.529367251499934,35.0,0.12444593311119904,12.571031388656019
17.553306039,106.04208323299983,SAT_10044,19.193465930869337,186.71324586114002,98.87387106760109,170.7046588419866,-65.79623411249085,29.574257043559076,35.0,0.1240261420252641,12.541806172038061
17.553306039,106.14208323299982,SAT_10044,19.285864434718647,187.2329874452924,98.88594443538578,170.68039819766386,-65.70383560864154,29.61524103584322,35.0,0.12364211515046997,12.515036331670414
17.553306039,106.24208323299982,SAT_10044,19.369647821696205,187.70426899704117,98.89672661700604,170.65833222436095,-65.62005222166398,29.652319135351586,35.0,0.12329405470668983,12.490745077947933
17.553306039,106.34208323299981,SAT_10044,19.44476014513876,188.12677581640554,98.90626205262855,170.63849526365385,-65.54493989822143,29.685491257953345,35.0,0.12298214663196694,12.468953745888955
17.553306039,106.4420832329998,SAT_10044,19.51115057376721,188.50022197744056,98.91458926965836,170.62091853898323,-65.47854946959298,29.71475732838579,35.0,0.12270655972763828,12.449681699267888
17.553306039,106.5420832329998,SAT_10044,19.56877364006162,188.82435172534662,98.92174132403547,170.6056299965133,-65.42092640329857,29.740117280252722,35.0,0.12246744487136373,12.432946242166622
17.653306039,105.84208323299984,SAT_10044,19.069426186925213,186.0155223014543,98.85737001552332,170.7371054452205,-65.92027385643497,29.519085090092833,35.0,0.12454196597226219,12.577711535335052
17.653306039,105.94208323299983,SAT_10044,19.1790488455311,186.63214975611245,98.87198387268644,170.70843726251738,-65.81065119782909,29.567853441913293,35.0,0.12408607900221247,12.545981298222776
17.653306039,106.04208323299983,SAT_10044,19.280170477447086,187.20095893563985,98.88521866076768,170.68189548318745,-65.7095295659131,29.6127182680881,35.0,0.1236657750387349,12.516686575775026
17.653306039,106.14208323299982,SAT_10044,19.372725159075117,187.72157901979753,98.89713097976627,170.65752052489432,-65.61697488428507,29.65367946678608,35.0,0.12328127346931249,12.489852552707516
17.653306039,106.24208323299982,SAT_10044,19.45665156192635,188.19366503583572,98.90777055595316,170.63535002007697,-65.53304848143384,29.69073694504441,35.0,0.12293277819888943,12.465502628202387
17.653306039,106.34208323299981,SAT_10044,19.531893242526294,188.6168994892104,98.91718083653555,170.6154186306087,-65.4578068008339,29.72389061876658,35.0,0.12262047672426271,12.4436583122675
17.653306039,106.4420832329998,SAT_10044,19.59839891454706,188.99099389432723,98.92539949570164,170.59775787356347,-65.39130112881313,29.75314041272058,35.0,0.12234453926962338,12.42433912870062
17.753306039,105.74208323299985,SAT_10044,19.02803865899861,185.78271745686718,98.85179544638851,170.74790072053082,-65.96166138436158,29.500637268002674,35.0,0.1247141510519627,12.589683780781476
17.753306039,105.84208323299984,SAT_10044,19.146257103410306,186.447696206683,98.8676564897418,170.71702427370596,-65.84344293994988,29.553279579179968,35.0,0.12422242268821565,12.555475822735684
17.753306039,105.94208323299983,SAT_10044,19.2560349832318,187.0651967806789,98.88209389970378,170.68823887944865,-65.73366506012839,29.602020658390458,35.0,0.12376607216969515,12.523680766900497
17.753306039,106.04208323299983,SAT_10044,19.35730155364844,187.63482123927247,98.89517052695851,170.66158788770588,-65.63239848971175,29.646860394977345,35.0,0.12334533506980666,12.494325661913416
17.753306039,106.14208323299982,SAT_10044,19.44999038707178,188.15619592727876,98.90694182127599,170.63711204081505,-65.53970965628841,29.68779868715076,35.0,0.12296043236535895,12.467435870258749
17.753306039,106.24208323299982,SAT_10044,19.534039681485012,188.62897320835322,98.91745650935293,170.61484927659922,-65.45566036187518,29.724835441985558,35.0,0.1226115694482023,12.443034957813323
17.753306039,106.34208323299981,SAT_10044,19.60939255365716,189.05283311432154,98.92675717362269,170.5948345408173,-65.38030748970303,29.75797057541932,35.0,0.1222989351906709,12.421144589114398
17.753306039,106.4420832329998,SAT_10044,19.675997314425942,189.42748489364593,98.93488074501246,170.57709961082446,-65.31370272893425,29.78720401225053,35.0,0.12202270107264572,12.40178442928766
17.853306039,105.74208323299985,SAT_10044,19.09515267301647,186.16023378571768,98.86085592107237,170.7303873043901,-65.89454737034372,29.530542443589205,35.0,0.12443495422690538,12.570267555315926
17.853306039,105.84208323299984,SAT_10044,19.21350804109963,186.8259827311854,98.8765473580316,170.69940307994372,-65.77619200226056,29.583155154014968,35.0,0.12394282726680027,12.53600124906501
17.853306039,105.94208323299983,SAT_10044,19.323414837886318,187.44420846311053,98.89083210438928,170.67051651216184,-65.66628520547387,29.631868826211612,35.0,0.12348610100572975,12.504151418517917
17.853306039,106.04208323299983,SAT_10044,19.424801859310605,188.01451045862217,98.90377187460709,170.6437712469364,-65.56489818404958,29.676683349566943,35.0,0.12306501246779339,12.47474527421233
17.853306039,106.14208323299982,SAT_10044,19.51760224185813,188.536512610452,98.91542112790532,170.61920830785652,-65.47209780150206,29.717598622332098,35.0,0.12267978400027447,12.447808331977368
17.853306039,106.24208323299982,SAT_10044,19.60175377388704,189.0098649781146,98.92582772994534,170.596865897317,-65.38794626947315,29.754614551619365,35.0,0.12233062227723648,12.423364301498278
17.853306039,106.34208323299981,SAT_10044,19.677199191714294,189.43424545339292,98.93503351806643,170.5767792070494,-65.3125008516459,29.787731053400186,35.0,0.12201771735723889,12.401434980639438
17.853306039,106.4420832329998,SAT_10044,19.743886457633863,189.80936132419046,98.94307478266263,170.5589802399516,-65.24581358572632,29.81694805250331,35.0,0.12174124180307812,12.382040156474943
17.953306038999997,105.64208323299985,SAT_10082,19.228290643103804,186.9091348674589,98.87859651841433,170.69799578085465,-65.76140940025638,29.59109725051409,35.0,0.12386597037849394,12.530644899537322
17.953306038999997,105.74208323299985,SAT_10044,19.152665753547367,186.48374486370395,98.86853612282954,170.715346839291,-65.83703428981282,29.55612878468362,35.0,0.12419577455481051,12.553620460650649
17.953306038999997,105.84208323299984,SAT_10044,19.271129375584977,187.15010273766546,98.88408314699772,170.68427232751347,-65.71857066777521,29.608711749263374,35.0,0.12370334463809303,12.519306744887027
17.953306038999997,105.94208323299983,SAT_10044,19.381138199419524,187.76890237173484,98.89823789514752,170.6553010010288,-65.60856184394066,29.657397880107045,35.0,0.12324633228343594,12.487412390735484
17.953306038999997,106.04208323299983,SAT_10044,19.48262063584302,188.339741076617,98.91106111773678,170.62847675438468,-65.50707940751717,29.702187066646733,35.0,0.12282497572753182,12.457964744051681
17.953306038999997,106.14208323299982,SAT_10044,19.57550945572109,188.86224068843111,98.92260643338453,170.60384084750456,-65.4141905876391,29.743079207174304,35.0,0.12243949846320419,12.430989448845647
17.953306038999997,106.24208323299982,SAT_10044,19.659742103814636,189.3360493339573,98.93292097691001,170.58143170512452,-65.32995793954555,29.78007420883923,35.0,0.12209010823628662,12.406510335023988
17.953306038999997,106.34208323299981,SAT_10044,19.735260997284,189.76084310972252,98.9420459531049,170.56128472570546,-65.25443904607619,29.813171987646562,35.0,0.121776996096882,12.384549311920411
17.953306038999997,106.4420832329998,SAT_10044,19.80201380600984,190.13632765880536,98.95001710849422,170.54343210171896,-65.18768623735035,29.842372468455128,35.0,0.12150033551298395,12.365126268573531
18.053306039,105.64208323299985,SAT_10082,19.32284180727943,187.44098516594678,98.89087961276273,170.673143579625,-65.66685823608076,29.63300859959759,35.0,0.12347318544024606,12.50325007061311
18.053306039,105.74208323299985,SAT_10082,19.232924597575817,186.93520086136397,98.87921596337708,170.69677967305776,-65.75677544578437,29.5931537122789,35.0,0.12384671546886766,12.529302769536642
18.053306039,105.84208323299984,SAT_10044,19.31907814180616,187.41981454765963,98.890297716039,170.67165840614024,-65.67062190155403,29.629949309039425,35.0,0.12350411751297923,12.505408686940239
18.053306039,105.94208323299983,SAT_10044,19.429161599784393,188.03903399878723,98.90434419907362,170.64261905980197,-65.5605384435758,29.678607764255336,35.0,0.12304691029123625,12.473480237737919
18.053306039,106.04208323299983,SAT_10044,19.530713944113373,188.61026593563776,98.91707035419078,170.61573142748858,-65.45898609924681,29.723371490454475,35.0,0.12262537061110229,12.444000791601596
18.053306039,106.14208323299982,SAT_10044,19.623667652268267,189.133130544009,98.92852910130159,170.59103695925612,-65.36603239109192,29.76424038596917,35.0,0.12223972288080925,12.416996094924171
18.053306039,106.24208323299982,SAT_10044,19.70795989326767,189.60727439963063,98.93876696766537,170.56857425872983,-65.28174015009252,29.801214357985806,35.0,0.12189017570260328,12.392490073645892
18.053306039,106.34208323299981,SAT_10044,19.783532828122915,190.0323721581914,98.94782463216342,170.54837889071106,-65.20616721523727,29.834293322542823,35.0,0.12157692091885934,12.370504726150175
18.153306039,105.54208323299986,SAT_10082,19.489316832513566,188.37740718288882,98.91201374729052,170.62918777110937,-65.50038321084662,29.706551753453798,35.0,0.1227820870867262,12.454965106104318
18.153306039,105.64208323299985,SAT_10082,19.407847335496,187.919141262165,98.90175204835377,170.65073063270057,-65.58185270786419,29.67060110140132,35.0,0.1231202209113625,12.478602955653573
18.153306039,105.74208323299985,SAT_10082,19.317783568002866,187.41253257001614,98.89024034776175,170.67447517315065,-65.67191647535732,29.630769047025566,35.0,0.12349419349381459,12.504716155738421
18.153306039,105.84208323299984,SAT_10044,19.357318269608598,187.63491526654838,98.89521867717816,170.66158348071554,-65.63238177375159,29.6468677869045,35.0,0.12334526563762956,12.49432081430292
18.153306039,105.94208323299983,SAT_10044,19.467448552805735,188.25439810953227,98.90917786695098,170.632493121777,-65.52225149055445,29.69549843228179,35.0,0.12288795607568599,12.462368844983553
18.153306039,106.04208323299983,SAT_10044,19.569044908328806,188.82587760934953,98.92182575756121,170.60555795108695,-65.42065513503138,29.740236574674284,35.0,0.1224663193797077,12.432867439239
18.153306039,106.14208323299982,SAT_10044,19.662039594080326,189.34897271670184,98.9332147055594,170.58081956156983,-65.32766044927986,29.781082112454488,35.0,0.12208058063894435,12.405842419525575
18.153306039,106.24208323299982,SAT_10044,19.746369572698228,189.82332884642753,98.94339074830907,170.55831669127912,-65.24333047066196,29.818034952845448,35.0,0.12173094909267049,12.38131778313562
18.253306038999998,105.34208323299987,SAT_10082,19.7019648877574,189.57355249363536,98.93814926965557,170.57266881444497,-65.28773515560279,29.800026690555548,35.0,0.12190019419962031,12.393192837513737
18.253306038999998,105.44208323299986,SAT_10082,19.63775142688455,189.2123517762256,98.93035794905971,170.58978003996046,-65.35194861647564,29.77185531523988,35.0,0.12216639440795249,12.411857497347098
18.253306038999998,105.54208323299986,SAT_10082,19.564827890004807,188.80215688127706,98.92140770228028,170.609165885043,-65.42487215335538,29.73980461865197,35.0,0.12246881357279987,12.43304207339154
18.253306038999998,105.64208323299985,SAT_10082,19.483244187351758,188.34324855385364,98.91126341596184,170.63079565839388,-65.50645585600843,29.703874673693015,35.0,0.12280728618351992,12.456727585124039
18.253306038999998,105.74208323299985,SAT_10082,19.393055431702493,187.83593680332655,98.89988452586893,170.65463549283947,-65.5966446116577,29.664065562093423,35.0,0.12318162932415189,12.482893051587494
18.253306038999998,105.84208323299984,SAT_10044,19.3858207837785,187.7952419087541,98.8988677317185,170.65406536297988,-65.60387925958169,29.659467145865843,35.0,0.12322688516223748,12.486054157305421
18.253306038999998,105.94208323299983,SAT_10044,19.495969757833805,188.41482988781516,98.91275999807367,170.62494120905905,-65.49373028552638,29.70806984725717,35.0,0.12276956680042467,12.454089356924088
18.253306038999998,106.04208323299983,SAT_10044,19.5975839231004,188.98640956743978,98.92534789158167,170.5979745444068,-65.39211612025979,29.752782282435355,35.0,0.12234792014342417,12.42457593814491
18.253306038999998,106.14208323299982,SAT_10044,19.69059539295857,189.50959908539195,98.93668333561055,170.57320705672538,-65.29910465040162,29.79360434981279,35.0,0.12196217072383779,12.3975397727652
18.353306038999996,105.24208323299987,SAT_10082,19.82347516826377,190.2570478214837,98.95267241277976,170.54018435811878,-65.16622487509642,29.853203504441236,35.0,0.12139671871623384,12.357847302702643
18.353306038999996,105.34208323299987,SAT_10082,19.76795067228325,189.9447225315933,98.94607523451012,170.55504533001314,-65.22174937107694,29.8289255813121,35.0,0.12162674241487988,12.374002879961003
18.353306038999996,105.44208323299986,SAT_10082,19.703661844561864,189.58309787566048,98.93836068152414,170.57221609940547,-65.28603819879832,29.800770519309154,35.0,0.12189316062172902,12.39269945808028
18.353306038999996,105.54208323299986,SAT_10082,19.630653438315832,189.17242559052656,98.92949920292034,170.59166911978903,-65.35904660504436,29.76873838247942,35.0,0.12219582510551305,12.413920042629238
18.353306038999996,105.64208323299985,SAT_10082,19.54897568822929,188.71298824628977,98.91945627800294,170.6133734897463,-65.4407243551309,29.73282924369389,35.0,0.12253456934940801,12.437645539729079
18.353306038999996,105.74208323299985,SAT_10082,19.458684062528746,188.20509785172422,98.90819203307213,170.6372951121064,-65.53101598083144,29.693043184649103,35.0,0.12290920933134815,12.463854844042809
18.353306038999996,105.84208323299984,SAT_10044,19.404563966239593,187.9006723100977,98.90126093122024,170.64911740740723,-65.5851360771206,29.667747358375504,35.0,0.12314904813037318,12.480616979958503
18.353306038999996,105.94208323299983,SAT_10044,19.51470326483428,188.52020586469283,98.91510619205313,170.61997682651287,-65.4749967785259,29.716321981696662,35.0,0.12269181522774791,12.44865011848195
18.453306038999997,105.14208323299988,SAT_10082,19.92650593670581,190.83659589397018,98.96475958992593,170.51253195627154,-65.06319410665438,29.898157783199714,35.0,0.120970072335598,12.327849861246937
18.453306038999997,105.24208323299987,SAT_10082,19.87974135023002,190.57354509504387,98.9593008896096,170.52509543734348,-65.10995869313017,29.877768930773726,35.0,0.12116369301593231,12.341468493544482
18.453306038999997,105.34208323299987,SAT_10082,19.8241655419515,190.26093117347716,98.95275911756993,170.53999940010613,-65.16553450140869,29.85350514143714,35.0,0.12139385911084405,12.357646383628852
18.453306038999997,105.44208323299986,SAT_10082,19.75981777193647,189.89897496714264,98.94510972801669,170.5572196589478,-65.22988227142372,29.825366470391597,35.0,0.12166044072482271,12.376368642142712
18.453306038999997,105.54208323299986,SAT_10082,19.68674303557566,189.4879295751131,98.93632359623142,170.5767285100903,-65.30295700778453,29.793352981657748,35.0,0.12196328888080966,12.397618190471166
18.453306038999997,105.64208323299985,SAT_10082,19.604991837483368,189.02807908584396,98.92636670314336,170.5984948769515,-65.38470820587682,29.757464748076597,35.0,0.12230223622813279,12.421375840773791
18.453306038999997,105.74208323299985,SAT_10082,19.51461994158275,188.519737171403,98.91519975943417,170.6224844706383,-65.47508010177744,29.717701851311045,35.0,0.12267709782806863,12.447620384622105
18.453306038999997,105.84208323299984,SAT_10082,19.415688099918043,187.963245562039,98.90277776149567,170.64865996388025,-65.57401194344214,29.67406438184763,35.0,0.1230876720100641,12.476328689399462
18.453306038999997,105.94208323299983,SAT_10044,19.523634598963284,188.57044461916848,98.9162267330505,170.6176088816971,-65.4660654443969,29.72025481755909,35.0,0.12265474932812284,12.446056630930784
18.553306039,105.14208323299988,SAT_10082,19.972973801366848,191.09797763268853,98.97014578223157,170.5000278163016,-65.01672624199334,29.91839182539784,35.0,0.12077772914830379,12.314312521941263
18.553306039,105.24208323299987,SAT_10082,19.926178023123498,190.83475138006966,98.96472521385252,170.51262012304107,-65.06352202023669,29.898014905808292,35.0,0.12097142983312649,12.327945373170786
18.553306039,105.34208323299987,SAT_10082,19.870565427116418,190.52193052752986,98.95822936463873,170.52755817326732,-65.11913461624377,29.87376531718318,35.0,0.12120169012686412,12.344140070032772
18.553306039,105.44208323299986,SAT_10082,19.806175441931288,190.1597368608635,98.95063398416384,170.54481767154863,-65.1835246014289,29.845643114701584,35.0,0.12146837961911315,12.362881664962739
18.553306039,105.54208323299986,SAT_10082,19.7330532549106,189.74842455887213,98.94191030048412,170.56437078909744,-65.25664678844959,29.81364836235796,35.0,0.1217713487446927,12.384153012965415
18.553306039,105.64208323299985,SAT_10082,19.65124958460693,189.28827891341396,98.93202470971882,170.58618631010683,-65.33845045875326,29.777781132963497,35.0,0.12211042949534016,12.407934852114584
18.553306039,105.74208323299985,SAT_10082,19.56082042928746,188.77961491474198,98.92093840619305,170.61022979330787,-65.42887961407273,29.73804150814769,35.0,0.12248543620940039,12.43420589270315
18.553306039,105.84208323299984,SAT_10082,19.46182679405007,188.22277571653163,98.90860694562642,170.6364637470441,-65.52787324931012,29.69442957836003,35.0,0.12289616643248859,12.462942914193563
18.653306038999997,105.24208323299987,SAT_10082,19.962748277117086,191.04045905878363,98.96896812792357,170.50278117026488,-65.0269517662431,29.9139413852775,35.0,0.12082005119031629,12.317291930065398
18.653306038999997,105.34208323299987,SAT_10082,19.907113633805352,190.72751419015512,98.96250902776147,170.51774426474438,-65.08258640955484,29.889706064250124,35.0,0.12105035682009009,12.33349785224049
18.653306038999997,105.44208323299986,SAT_10082,19.842698408342045,190.36517854692403,98.9549568676725,170.53503259204302,-65.14700163501814,29.861600407901122,35.0,0.12131709789686988,12.352252352979376
18.653306038999997,105.54208323299986,SAT_10082,19.76954792871433,189.95370709901812,98.94628315821502,170.55461823135386,-65.22015211464586,29.829624480198927,35.0,0.12162012442788549,12.373538239063048
18.653306038999997,105.64208323299985,SAT_10082,19.687713070220795,189.49338601999196,98.9364546279888,170.57646986439067,-65.30198697313939,29.79377835392513,35.0,0.12195926792672122,12.397336194747135
18.653306038999997,105.74208323299985,SAT_10082,19.59725000281398,188.98453126582865,98.92543285860994,170.60055293773092,-65.39245004054621,29.754062110676013,35.0,0.12233434220598283,12.423624871285314
18.753306038999995,104.94208323299989,SAT_10082,20.103292917643557,191.831022661745,98.98502980500992,170.46485123014875,-64.88640712571663,29.975002510120767,35.0,0.12023856443073698,12.276319841257902
18.753306038999995,105.04208323299989,SAT_10082,20.07420932843732,191.6674274724599,98.9817365496647,170.4727155896798,-64.91549071492287,29.962385957452504,35.0,0.12035885738936147,12.284802225306217
18.753306038999995,105.14208323299988,SAT_10082,20.03624347639672,191.45386955473154,98.97741427360923,170.48296970772378,-64.95345656696347,29.945901219691805,35.0,0.12051591742868037,12.295872161502803
18.753306038999995,105.24208323299987,SAT_10082,19.98942283821424,191.1905034649551,98.97204731707406,170.49559663329575,-65.00027720514595,29.925548334359878,35.0,0.12070965381700473,12.309519252393073
18.753306038999995,105.34208323299987,SAT_10082,19.933781054179548,190.87751842976,98.96561603515708,170.51057562097378,-65.05591898918064,29.90132734778402,35.0,0.12093995541005034,12.32573076058082
18.753306038999995,105.44208323299986,SAT_10082,19.86935775407329,190.51513736666226,98.95809659369971,170.52788224311422,-65.1203422892869,29.873238315098597,35.0,0.12120669119128011,12.344491670080004
18.753306038999995,105.54208323299986,SAT_10082,19.796198354393283,190.1036157434622,98.94946071795087,170.54748852043733,-65.1935016889669,29.841281300246195,35.0,0.12150971090303025,12.365784757872738
18.753306038999995,105.64208323299985,SAT_10082,19.714353829075122,189.6432402885476,98.93967538920478,170.56936306954003,-65.27534621428507,29.805456375978995,35.0,0.12184884576256971,12.389590674961454
18.753306038999995,105.74208323299985,SAT_10082,19.623880456102412,189.1343275655761,98.92870248345703,170.5934712657377,-65.36581958725777,29.765763623860284,35.0,0.12222390925657477,12.415888036123786
18.853306038999996,104.7420832329999,SAT_10082,20.151472241333863,192.10203135750297,98.9904526844525,170.45180562328397,-64.83822780202632,29.995880839987514,35.0,0.12003933198835855,12.262263686741496
18.853306038999996,104.8420832329999,SAT_10082,20.14021181440698,192.0386914560393,98.98918936210345,170.45485660446752,-64.8494882289532,29.991003636438382,35.0,0.12008589164599495,12.265549369278066
18.853306038999996,104.94208323299989,SAT_10082,20.120034437089046,191.92519370862587,98.98691993779373,170.46032059555597,-64.86966560627114,29.982260499129072,35.0,0.12016932841770675,12.271436181426537
18.853306038999996,105.04208323299989,SAT_10082,20.09095487222524,191.76162115626698,98.98363632193869,170.46818848335616,-64.89874517113495,29.969651447962836,35.0,0.12028959359737446,12.279918542144246
18.853306038999996,105.14208323299988,SAT_10082,20.05299430638034,191.54809297338946,98.97932674005257,170.47844719222115,-64.93670573697985,29.95317651164407,35.0,0.12044661726315559,12.290988439139607
18.853306038999996,105.24208323299987,SAT_10082,20.006180238269096,191.28476384026365,98.97397561324944,170.49107975605392,-64.98351980509109,29.932835727678928,35.0,0.1206403086221334,12.304635468093966
18.853306038999996,105.34208323299987,SAT_10082,19.950546335023844,190.97182313450915,98.96756339860147,170.50606541101885,-65.03915370833634,29.908629142376103,35.0,0.12087055645515406,12.320846883238437
18.853306038999996,105.44208323299986,SAT_10082,19.88613225787627,190.60949395055403,98.96006638641974,170.52337970790637,-65.10356778548392,29.880556810847818,35.0,0.1211372296576099,12.339607658767758
18.853306038999996,105.54208323299986,SAT_10082,19.812983459140682,190.19803195766633,98.95145645066494,170.54299464288954,-65.1767165842195,29.848618797010992,35.0,0.12144017787107482,12.360900560469888
18.853306038999996,105.64208323299985,SAT_10082,19.73115095266168,189.73772410872198,98.9417007477168,170.56487880522866,-65.25854909069851,29.812815173588568,35.0,0.121779232199934,12.384706226858487
18.953306038999997,104.64208323299991,SAT_10082,20.160573232572176,192.15322443321847,98.99147297452592,170.44933885444715,-64.82912681078801,29.999821634479925,35.0,0.1200017033003956,12.259607887520396
18.953306038999997,104.7420832329999,SAT_10082,20.158238980623892,192.1400942660094,98.99121168591073,170.44997161446355,-64.8314610627363,29.9988109802109,35.0,0.12001135424781545,12.260289074235835
18.953306038999997,104.8420832329999,SAT_10082,20.146983200380845,192.07678050214224,98.9899503827175,170.45302206081206,-64.84271684297934,29.993936691709465,35.0,0.12005789294387591,12.263573580932869
18.953306038999997,104.94208323299989,SAT_10082,20.12681414961348,191.96332959157584,98.98768459174059,170.4584850950047,-64.86288589374671,29.985198780073713,35.0,0.12014129215126916,12.269458286664447
18.953306038999997,105.04208323299989,SAT_10082,20.09774658547893,191.79982454331898,98.98440624688361,170.46635160703306,-64.89195345788126,29.97259726519895,35.0,0.12026150318519266,12.27793761286195
18.953306038999997,105.14208323299988,SAT_10082,20.05980168639779,191.58638448598757,98.98010360795905,170.4766085258082,-64.9298983569624,29.956132175778126,35.0,0.12041845615431233,12.28900355077802
18.953306038999997,105.24208323299987,SAT_10082,20.01300694054777,191.3231640405812,98.97476114166166,170.48923889112677,-64.97669310281242,29.93580354930243,35.0,0.1206120603051601,12.302645700682927
18.953306038999997,105.34208323299987,SAT_10082,19.9573960022132,191.01035251244926,98.96835936256183,170.5042219463337,-65.03230404114699,29.91161143206208,35.0,0.12084220446664772,12.318851322408717
18.953306038999997,105.44208323299986,SAT_10082,19.89300851756353,190.64817291129484,98.96087463119974,170.52153325063003,-65.09669152579666,29.883555879147305,35.0,0.12110875759045855,12.337605396723479
18.953306038999997,105.54208323299986,SAT_10082,19.8198899217509,190.23688080984883,98.95227890550731,170.5411448097615,-65.16981012160929,29.851636954449507,35.0,0.1214115693822272,12.358890696915054
19.053306038999995,104.44208323299992,SAT_10082,20.135281182835655,192.0109566534506,98.98863786417992,170.45619216603592,-64.85441886052453,29.988867570344432,35.0,0.12010627975642037,12.266987985076627
19.053306038999995,104.54208323299991,SAT_10082,20.150777905421194,192.0981257179942,98.99037687628332,170.45199378651984,-64.838922137939,29.99558014727037,35.0,0.12004220284705838,12.262466295842476
19.053306038999995,104.64208323299991,SAT_10082,20.15736235951927,192.1351632722959,98.9911144689211,170.4502092321496,-64.83233768384092,29.998431415448554,35.0,0.12001497866360747,12.260544888476257
19.053306038999995,104.7420832329999,SAT_10082,20.15502971491081,192.12204214637333,98.990853254004,170.45084148525535,-64.83467032844938,29.997421368385734,35.0,0.12002462313742858,12.261225588442326
19.053306038999995,104.8420832329999,SAT_10082,20.143781683399297,192.05877196912104,98.98959230700997,170.45388948889493,-64.84591835996089,29.992550008382107,35.0,0.12007113062269067,12.264507748825384
19.053306038999995,104.94208323299989,SAT_10082,20.123626509711343,191.94539911712633,98.98732715774136,170.4593481527305,-64.86607353364884,29.983817346531364,35.0,0.12015447392440688,12.27038825352529
19.053306038999995,105.04208323299989,SAT_10082,20.09457892773105,191.78200646848717,98.98404974554641,170.46720838129235,-64.89512111562914,29.971223402720927,35.0,0.1202746044333148,12.278861532624395
19.053306038999995,105.14208323299988,SAT_10082,20.056660082561223,191.56871296440687,98.9797483382092,170.4774571242986,-64.93303996079896,29.954768205632366,35.0,0.12043145236628688,12.289919589766434
19.053306038999995,105.24208323299987,SAT_10082,20.00989741928062,191.3056729834535,98.97440741305648,170.49007744844977,-64.97980262407957,29.934451792742003,35.0,0.12062492710994085,12.303552041261867
19.053306038999995,105.34208323299987,SAT_10082,19.954324539630292,190.99307553542042,98.9680074981302,170.50504862987228,-65.0353755037299,29.910274210321703,35.0,0.12085491766414187,12.319746166515177
19.053306038999995,105.44208323299986,SAT_10082,19.8899810281994,190.63114328362164,98.96052497051167,170.52234626616138,-65.09971901516079,29.88223551343984,35.0,0.12112129318117082,12.338486969258083
19.053306038999995,105.54208323299986,SAT_10082,19.816912249992697,190.2201314062089,98.9519318080296,170.54194240676463,-65.17278779336749,29.850335765962477,35.0,0.12142390359548491,12.35975724896986
19.153306038999993,104.24208323299993,SAT_10044,20.081587564397452,191.7089300497357,98.982493202051,170.46820753699416,-64.90811247896274,29.964102214405774,35.0,0.12034271907638566,12.28366443729796
19.153306038999993,104.34208323299993,SAT_10082,20.097743416506944,191.79980671785154,98.9844091773616,170.4663524642104,-64.89195662685324,29.972595890825772,35.0,0.12026151629176139,12.27793853717686
19.153306038999993,104.44208323299992,SAT_10082,20.12211757653229,191.93691136799413,98.98715863402204,170.45975666474814,-64.8675824668279,29.983163375371152,35.0,0.12016071386185789,12.270828463589043
19.153306038999993,104.54208323299991,SAT_10082,20.137599367112784,192.02399644000943,98.9888994485942,170.4555642675702,-64.8521006762474,29.989871898395794,35.0,0.12009669401903615,12.266311613053954
19.153306038999993,104.64208323299991,SAT_10082,20.1441774730948,192.06099828615825,98.98963780517663,170.45378225778964,-64.84552257026539,29.992721444618894,35.0,0.12006949409298334,12.26439226300166
19.153306038999993,104.7420832329999,SAT_10082,20.14184707765071,192.04788981178524,98.98937631975053,170.4544136092486,-64.84785296570948,29.991712007549754,35.0,0.12007912997254966,12.265072234038072
19.153306038999993,104.8420832329999,SAT_10082,20.13060988783731,191.98468061908486,98.9881140663532,170.45745726801357,-64.85909015552288,29.986843589487666,35.0,0.1201255960269719,12.268350880970003
19.153306038999993,104.94208323299989,SAT_10082,20.11047412553397,191.87141695612857,98.98584656781925,170.46290815822726,-64.87922591782622,29.97811620152195,35.0,0.12020886513380129,12.2742250959871
19.153306038999993,105.04208323299989,SAT_10082,20.08145448385966,191.7081814717106,98.98256575092542,170.47075721025192,-64.90824555950053,29.96552986353219,35.0,0.12032888881326305,12.282689323967537
19.153306038999993,105.14208323299988,SAT_10082,20.04357204955903,191.49509277876956,98.9782598651415,170.48099141077486,-64.94612799380116,29.94908460418866,35.0,0.12048559746774072,12.293735589747211
19.153306038999993,105.24208323299987,SAT_10082,19.996854192221022,191.23230483124325,98.97291336353203,170.493593874299,-64.99284585113917,29.928780460952908,35.0,0.12067890072406719,12.307353537069007
19.153306038999993,105.34208323299987,SAT_10082,19.941334421556647,190.92000612125614,98.96650674365375,170.508543935197,-65.04836562180354,29.90461748007856,35.0,0.12090868787533182,12.323530478809765
19.153306038999993,105.44208323299986,SAT_10082,19.877052214298516,190.55841870542918,98.95901634552766,170.5258172592843,-65.11264782906167,29.87659571661229,35.0,0.12117482841800013,12.342251457971653
19.153306038999993,105.54208323299986,SAT_10082,19.80405281259226,190.14779707083144,98.95041410291037,170.54538597366107,-65.18564723076793,29.84471523439497,35.0,0.12147717267929793,12.363499318822527
19.153306038999993,105.64208323299985,SAT_10082,19.722386996021783,189.6884268526225,98.94066724311578,170.56721881339365,-65.2673130473384,29.80897610606302,35.0,0.12181555252905524,12.387254787478724
19.253306038999995,104.04208323299994,SAT_10044,20.112364613062454,191.88205094847632,98.985973980133,170.4598813124308,-64.87733543029773,29.977446652835575,35.0,0.1202153907897173,12.274685379912778
19.253306038999995,104.14208323299994,SAT_10044,20.118912257897506,191.91888145067347,98.98671189145932,170.4581087955592,-64.87078778546268,29.980284162347303,35.0,0.1201883052086243,12.272774847042154
19.253306038999995,104.24208323299993,SAT_10044,20.11659139477078,191.90582659558564,98.98645042162886,170.458737124368,-64.87310864858941,29.97927844328351,35.0,0.12019790578894471,12.273452061715954
19.253306038999995,104.34208323299993,SAT_10044,20.10540371408794,191.84289589174466,98.98518864628461,170.46176525539636,-64.88429632927225,29.974429497937592,35.0,0.12024418695294838,12.276716384860533
19.253306038999995,104.44208323299992,SAT_10082,20.098996794027556,191.806856966405,98.98455245193742,170.46601342989052,-64.89070324933263,29.97313946746323,35.0,0.12025633245853376,12.277572954446805
19.253306038999995,104.54208323299991,SAT_10082,20.114459421406053,191.89383424540907,98.98629737818332,170.4618296164934,-64.87524062195413,29.979843918070273,35.0,0.12019238366851653,12.273062539862504
19.253306038999995,104.64208323299991,SAT_10082,20.121029379662502,191.93079026060158,98.98703747715713,170.46005125781832,-64.86867066369769,29.982691734473217,35.0,0.1201652139479709,12.271145926404618
19.253306038999995,104.7420832329999,SAT_10082,20.118701871045317,191.9176980246299,98.98677537477725,170.46068131554955,-64.87099817231487,29.981682910183913,35.0,0.12017483912570169,12.271824927823527
19.253306038999995,104.8420832329999,SAT_10082,20.107478595849457,191.8545671016532,98.98551014156412,170.46371874006326,-64.88222144751073,29.976817447500757,35.0,0.12022125359222847,12.275098901356007
19.253306038999995,104.94208323299989,SAT_10082,20.087367743408407,191.7414435566723,98.98323728333938,170.4691584762438,-64.90233229995178,29.96809535750872,35.0,0.12030443032756194,12.280964750889137
19.253306038999995,105.04208323299989,SAT_10082,20.05838394877196,191.5784097118423,98.97994869616677,170.47699149145413,-64.93131609458823,29.955516660079606,35.0,0.12042432103483539,12.289416942178875
19.253306038999995,105.14208323299988,SAT_10082,20.020548215553262,191.3655837124871,98.97563258473207,170.48720482533628,-64.96915182780693,29.939081383872455,35.0,0.12058085637849485,12.300447529964615
19.253306038999995,105.24208323299987,SAT_10082,19.973887805804623,191.103118907651,98.97027334269895,170.4997816608668,-65.01581223755556,29.918789566334144,35.0,0.12077394632474597,12.314046196698161
19.253306038999995,105.34208323299987,SAT_10082,19.918436098138102,190.79120305202684,98.96385139287287,170.51470141585315,-65.07126394522209,29.894641253700186,35.0,0.12100348058099256,12.330200302488123
19.253306038999995,105.44208323299986,SAT_10082,19.8542324156395,190.4300573379722,98.95634298423444,170.53193985383615,-65.13546762772069,29.866636500995682,35.0,0.12126932913009313,12.34889494575012
19.253306038999995,105.54208323299986,SAT_10082,19.781321825433494,190.0199352680634,98.94771994204483,170.55146921315654,-65.2083782179267,29.834775372036486,35.0,0.12157134285442528,12.370113033952219
19.253306038999995,105.64208323299985,SAT_10082,19.69975491202412,189.56112138013566,98.93794936624575,170.57325835276845,-65.28994513133607,29.799057939430554,35.0,0.12190935424399478,12.393835363754178
19.253306038999995,105.74208323299985,SAT_10082,19.609587526771833,189.05392983809156,98.9269932722461,170.5972729132246,-65.38011251658835,29.75948428457945,35.0,0.12228317818216766,12.420040709761047
19.353306038999996,103.94208323299995,SAT_10044,20.122012058599083,191.93631782961984,98.98706232779708,170.45726950470907,-64.8676879847611,29.981627325545098,35.0,0.12017548263492506,12.271870322962208
19.353306038999996,104.04208323299994,SAT_10044,20.137424556295173,192.02301312916035,98.98879520411802,170.45309511772288,-64.85227548706501,29.988303969536872,35.0,0.12011173087752139,12.267372608001484
19.353306038999996,104.14208323299994,SAT_10044,20.14397267697406,192.0598463079791,98.98953013876924,170.4513209135797,-64.84572736638613,29.991139742910725,35.0,0.1200846470932129,12.265461548623923
19.353306038999996,104.24208323299993,SAT_10044,20.141651644953313,192.0467905028624,98.98926972346874,170.4519498405781,-64.84804839840687,29.990134639198825,35.0,0.1200942470373819,12.266138949990223
19.353306038999996,104.34208323299993,SAT_10044,20.130463153623737,191.98385523913353,98.98801304034022,170.45498085327208,-64.85923688973645,29.985288660693612,35.0,0.12014052512354209,12.269404172034442
19.353306038999996,104.44208323299992,SAT_10044,20.11041535649852,191.87108638030418,98.98575565277662,170.46040891825126,-64.87928468686167,29.976601818447836,35.0,0.1202234544509279,12.275254132607303
19.353306038999996,104.54208323299991,SAT_10044,20.081522824174968,191.70856588598417,98.98248956119164,170.46822504193176,-64.90817721918522,29.96407413227479,35.0,0.12034298693718568,12.283683322591068
19.353306038999996,104.64208323299991,SAT_10082,20.087936992449897,191.74464558253067,98.9833034800976,170.4690045541665,-64.90176305091029,29.96834230693735,35.0,0.1203020758359099,12.28079872784522
19.353306038999996,104.7420832329999,SAT_10082,20.08561300191704,191.73157313578335,98.98304040973716,170.4696329301922,-64.90408704144315,29.967334098212735,35.0,0.12031168822422306,12.281476521239446
19.353306038999996,104.8420832329999,SAT_10082,20.074406683407247,191.66853759416574,98.98177050115792,170.47266225084002,-64.91529335995294,29.9624716043396,35.0,0.12035804104214017,12.284744672410381
19.353306038999996,104.94208323299989,SAT_10082,20.054326184166797,191.55558478593824,98.97948923296795,170.47808748789242,-64.93537385919339,29.953754836398602,35.0,0.12044110740161851,12.290600100297956
19.353306038999996,105.04208323299989,SAT_10082,20.02538606415027,191.39279661084527,98.97618845209479,170.48589965669743,-64.96431397920992,29.94118381425381,35.0,0.1205608392413467,12.299037297524944
19.353306038999996,105.14208323299988,SAT_10082,19.98760721946462,191.18029060948848,98.97185629155875,170.49608586557267,-65.00209282389557,29.92475856655311,35.0,0.12071716756327937,12.310048357312725
19.353306038999996,105.24208323299987,SAT_10082,19.941016773092997,190.9182193486481,98.96647704993538,170.50862938629797,-65.04868327026719,29.9044791307288,35.0,0.12091000277072636,12.323623011927292
19.353306038999996,105.34208323299987,SAT_10082,19.885647934101385,190.6067696293203,98.96003103031804,170.52350974489195,-65.1040521092588,29.880345552998385,35.0,0.12113923510476253,12.339748682260474
19.353306038999996,105.44208323299986,SAT_10082,19.821539826864438,190.24616152611247,98.95249433581489,170.54070283164467,-65.16816021649575,29.85235788836555,35.0,0.1214047351748239,12.358410538041811
19.353306038999996,105.54208323299986,SAT_10082,19.74873729214488,189.83664726831495,98.9438386177447,170.5601810291816,-65.2409627512153,29.82051620062129,35.0,0.12170635457852765,12.379591568076465
19.353306038999996,105.64208323299985,SAT_10082,19.667290662132075,189.37850997449294,98.93403077170812,170.58191335715375,-65.32240938122811,29.784820562345278,35.0,0.12204392660500611,12.403272659814625
19.353306038999996,105.74208323299985,SAT_10082,19.577255511776272,188.87206225374155,98.92303257556753,170.60586563199564,-65.41244453158392,29.745271054907356,35.0,0.1224172670153933,12.429432687480242
19.453306038999994,104.14208323299994,SAT_10044,20.159068400816196,192.14475975459112,98.99122241903424,170.44722919545103,-64.83063164254399,29.997675264014504,35.0,0.12002221318699977,12.261055497920461
19.453306038999994,104.24208323299993,SAT_10044,20.156747837873013,192.1317065880357,98.99096271052612,170.4478583283867,-64.83295220548717,29.996670778427106,35.0,0.12003181038602763,12.26173284514155
19.453306038999994,104.34208323299993,SAT_10044,20.14556160933003,192.06878405248142,98.98970944048797,170.45089033314298,-64.84413843403016,29.991827780130368,35.0,0.12007807523372922,12.264997805783812
19.453306038999994,104.44208323299992,SAT_10044,20.12551787336399,191.95603803767247,98.9874581935746,170.45632017301998,-64.8641821699962,29.98314628017245,35.0,0.12016098081712726,12.27084729633154
19.453306038999994,104.54208323299991,SAT_10044,20.096631208895104,191.79355055003498,98.9842010086082,170.4641388485628,-64.89306883446508,29.970626298358397,35.0,0.12028047903204983,12.279275805228623
19.453306038999994,104.64208323299991,SAT_10044,20.058922538875393,191.58143928117408,98.97992629894313,170.47433344708938,-64.9307775044848,29.95426786325059,35.0,0.12043650081976025,12.290275419826253
19.453306038999994,104.7420832329999,SAT_10082,20.04260736992434,191.4896664558244,98.97815680168493,170.4812518483064,-64.94709267343585,29.94866560300492,35.0,0.1204895884951553,12.294016839639195
19.453306038999994,104.8420832329999,SAT_10082,20.031421008773762,191.4267431743524,98.97688048839737,170.48427122203572,-64.95827903458643,29.943806091366636,35.0,0.12053586973273916,12.297278034184606
19.453306038999994,104.94208323299989,SAT_10082,20.011376232081332,191.3139913054575,98.9745876991328,170.4896786623375,-64.97832381127886,29.935094669542814,35.0,0.12061880794264164,12.303121010541535
19.453306038999994,105.04208323299989,SAT_10082,19.982487508048948,191.15149223277533,98.97127021281678,170.49746524328384,-65.00721253531124,29.922531357389836,35.0,0.12073835535074169,12.31154029406648
19.453306038999994,105.14208323299988,SAT_10082,19.94477560142778,190.93936275803125,98.96691606327482,170.5076181572395,-65.04492444193241,29.9061161835445,35.0,0.12089444337050238,12.322528024866896
19.453306038999994,105.24208323299987,SAT_10082,19.898267465274586,190.67775449216956,98.96150941744305,170.52012078466876,-65.0914325780856,29.885849185424632,35.0,0.12108698293820272,12.336073995903275
19.453306038999994,105.34208323299987,SAT_10082,19.842996101484317,190.3668530708493,98.9550304126485,170.53495278403113,-65.14670394187587,29.86173040922985,35.0,0.12131586494567653,12.35216570212891
19.453306038999994,105.44208323299986,SAT_10082,19.779000391612968,190.00687720282295,98.94745494995274,170.55209020075426,-65.21069965174722,29.83375990994254,35.0,0.12158096076647228,12.370788400169031
19.453306038999994,105.54208323299986,SAT_10082,19.706324899802127,189.598077561387,98.9387544396718,170.57150559407484,-65.28337514355806,29.801937751329017,35.0,0.12188212287052891,12.391925177941724
19.453306038999994,105.64208323299985,SAT_10082,19.625019649889467,189.14073553062823,98.92889549418352,170.59316818035524,-65.36468039347072,29.766264005940844,35.0,0.12221918552172256,12.415557033534602
19.453306038999994,105.74208323299985,SAT_10082,19.535139879005044,188.63516181940338,98.91783956197241,170.61704399134553,-65.45456016435514,29.72673875511636,35.0,0.12259196555199495,12.441662962573984
19.55330603899999,104.14208323299994,SAT_10044,20.164187049310385,192.1735521523709,98.9917958006936,170.44584128628316,-64.8255129940498,29.99989071137653,35.0,0.12000104432685577,12.259561374816329
19.55330603899999,104.24208323299993,SAT_10044,20.161867595681045,192.16050522570586,98.99153645555909,170.44647023140797,-64.82783244767914,29.998886846684865,35.0,0.12001063666502963,12.260238426291016
19.55330603899999,104.34208323299993,SAT_10044,20.150686714261695,192.09761276772204,98.99028494035124,170.44950133142288,-64.83901332909849,29.994046841957754,35.0,0.12005687808126932,12.26350196155209
19.55330603899999,104.44208323299992,SAT_10044,20.130652558151098,191.98492063959992,98.9880368510704,170.45492955262796,-64.85904748520909,29.985370708238786,35.0,0.12013974168042209,12.26934889913949
19.55330603899999,104.54208323299991,SAT_10044,20.101779697206325,191.8225107967856,98.98478424703913,170.46274590092227,-64.88792034615386,29.972858465324833,35.0,0.12025917939012176,12.27777373116631
19.55330603899999,104.64208323299991,SAT_10044,20.06408904140426,191.61050085789896,98.98051557154798,170.47293747128532,-64.92561100195593,29.95651014176645,35.0,0.1204151221971703,12.288768550239883
19.55330603899999,104.7420832329999,SAT_10044,20.017607731451804,191.3490434894164,98.97521553555106,170.48548751837666,-64.97209231190838,29.936325774868486,35.0,0.12060748048540197,12.302323087914818
19.55330603899999,104.8420832329999,SAT_10082,19.97855625480318,191.1293789332679,98.97082065485993,170.49852425299662,-65.011143788557,29.920820949389384,35.0,0.12075462513985445,12.312685859809912
19.55330603899999,104.94208323299989,SAT_10082,19.958552477789453,191.01685768756568,98.96851315069317,170.50391065813653,-65.03114756557073,29.912114897737723,35.0,0.12083741771378659,12.318514387458132
19.55330603899999,105.04208323299989,SAT_10082,19.929722738714872,190.85469040527116,98.96517432708707,170.51166699476295,-65.05997730464532,29.89955933026797,35.0,0.12095675553889967,12.32691288461144
19.55330603899999,105.14208323299988,SAT_10082,19.89208764777017,190.6429930187072,98.96079209024619,170.52178055423025,-65.09761239559002,29.88315427560591,35.0,0.12111257051239245,12.337873546453277
19.55330603899999,105.24208323299987,SAT_10082,19.845673958061923,190.38191601409832,98.95535043772077,170.5342348450135,-65.14402608529826,29.862899771154975,35.0,0.12130477419709007,12.351386237242666
19.55330603899999,105.34208323299987,SAT_10082,19.79051442769881,190.0716436558058,98.94882929350297,170.5490096815714,-65.19918561566138,29.83879586309702,35.0,0.1215332582498918,12.36743853893711
19.55330603899999,105.44208323299986,SAT_10082,19.72664765248672,189.7123930452378,98.94120429857509,170.56608129207626,-65.26305239087347,29.81084260639328,35.0,0.12179789494274518,12.386015810247745
19.55330603899999,105.54208323299986,SAT_10082,19.6541178710208,189.30441302449202,98.93244655295538,170.58542244381582,-65.33558217233939,29.77904006478554,35.0,0.12209853777130743,12.4071012555378
19.55330603899999,105.64208323299985,SAT_10082,19.572974744222435,188.84798293625119,98.92252230426645,170.60700258490164,-65.41672529913775,29.743388310797442,35.0,0.12243502214572673,12.430676002887829
19.55330603899999,105.74208323299985,SAT_10082,19.48327311159332,188.34341125271243,98.91139257666896,170.63078800077034,-65.50642693176687,29.70388742573602,35.0,0.12280716615733672,12.456719190575201
19.653306038999993,104.14208323299994,SAT_10044,20.159324417331447,192.14619984748938,98.99125290389205,170.44715978311243,-64.83037562602874,29.99778608015543,35.0,0.12002115438191022,12.260980768689837
19.653306038999993,104.24208323299993,SAT_10044,20.15700671323995,192.13316276197472,98.9909935807158,170.4477881466531,-64.83269333012024,29.99678283912936,35.0,0.1200307397438095,12.261657282852692
19.653306038999993,104.34208323299993,SAT_10044,20.145834263228735,192.07031773066163,98.98974217175945,170.45081644499612,-64.84386578013145,29.991945841326448,35.0,0.12007694753698275,12.264918228924794
19.653306038999993,104.44208323299992,SAT_10044,20.12581520558298,191.95771053140427,98.98749427453804,170.4562396537288,-64.8638848377772,29.983275097785743,35.0,0.12015975091409957,12.270760530920036
19.653306038999993,104.7420832329999,SAT_10044,20.01285535556407,191.3223113750479,98.9746740840497,170.48676951845638,-64.97684468779612,29.93426063437524,35.0,0.1206271504964811,12.303708653218491
19.653306038999993,104.8420832329999,SAT_10044,19.957658011826652,191.01182631652492,98.96832408692168,170.50164392794187,-65.03204203153354,29.91025519327473,35.0,0.12085564908312325,12.31979764778328
19.653306038999993,104.94208323299989,SAT_10082,19.895897117144614,190.66442128393848,98.9612410184032,170.5207574529398,-65.09380292621557,29.884815571225996,35.0,0.12109679727805345,12.336764247223725
19.653306038999993,105.04208323299989,SAT_10082,19.86713379455243,190.50262759435742,98.95787607197974,170.52847898988855,-65.12256624880776,29.87226778311489,35.0,0.12121590085996062,12.345139141174135
19.653306038999993,105.14208323299988,SAT_10082,19.829585192423096,190.2914167073799,98.95345944685646,170.53854726656834,-65.16011485093709,29.855872892943125,35.0,0.12137141068138955,12.356069066630484
19.653306038999993,105.24208323299987,SAT_10082,19.783277834867533,190.0309378211299,98.94797493190063,170.5509459381401,-65.20642220849265,29.835630938099836,35.0,0.1215632390226023,12.369543969429783
19.653306038999993,105.34208323299987,SAT_10082,19.728244200779727,189.72137362938597,98.94140218823671,170.56565499783096,-65.26145584258046,29.81154196474922,35.0,0.12179127841660423,12.385551531082124
19.653306038999993,105.44208323299986,SAT_10082,19.664522558669987,189.36293939251868,98.9337165363237,170.58265088324288,-65.3251774846902,29.783606027831507,35.0,0.12205540216421316,12.404077227114618
19.653306038999993,105.54208323299986,SAT_10082,19.592156774228016,188.9558818550326,98.92488869368637,170.60190660011412,-65.39754326913217,29.7518231910641,35.0,0.12235546493587234,12.425104395146288
19.653306038999993,105.64208323299985,SAT_10082,19.511196092628964,188.50047802103794,98.91488445821787,170.62339186219117,-65.47850395073122,29.71619352694291,35.0,0.12269130345472645,12.448614312028234
19.653306038999993,105.74208323299985,SAT_10082,19.421694897822107,187.99703380024937,98.90366433076389,170.6470732457185,-65.56800514553808,29.67671711674386,35.0,0.12306273725484916,12.474586279308594
19.753306038999995,104.8420832329999,SAT_10044,19.943024746743106,190.92951420042996,98.96663464251264,170.5055824382544,-65.04667529661708,29.90388514342606,35.0,0.12091623751774239,12.324061764270999
19.753306038999995,104.94208323299989,SAT_10044,19.879180589500322,190.5703908159393,98.95920165623701,170.52274238142354,-65.11051945385987,29.876063526120205,35.0,0.12118063834082164,12.34265996021571
19.753306038999995,105.04208323299989,SAT_10044,19.806677931079236,190.1625633623207,98.95066597419692,170.54218315427246,-65.18302211228095,29.84441080680626,35.0,0.12148100853110462,12.363768756283639
19.753306038999995,105.14208323299988,SAT_10082,19.757317377175127,189.88491024661008,98.94488779971293,170.5578880148083,-65.23238266618506,29.82427209520987,35.0,0.12167080129627944,12.377095945290348
19.753306038999995,105.24208323299987,SAT_10082,19.71112794914154,189.62509471392116,98.9393522541002,170.57022396964254,-65.27857209421865,29.804042745887315,35.0,0.12186221573569778,12.390528654727722
19.753306038999995,105.34208323299987,SAT_10082,19.656233934174494,189.31631587973155,98.93271807360074,170.58485885652368,-65.3334661091857,29.77996877378406,35.0,0.12208976483179931,12.40648626161427
19.753306038999995,105.44208323299986,SAT_10082,19.592673233519406,188.95878693854667,98.92496019469354,170.60176934812068,-65.39702680984078,29.752050233819457,35.0,0.1223533230403997,12.424954372499153
19.753306038999995,105.54208323299986,SAT_10082,19.520489294385868,188.55275228092052,98.9160488765891,170.62092871783634,-65.46921074897432,29.720287189686697,35.0,0.12265274635086588,12.445916474473826
19.753306038999995,105.64208323299985,SAT_10082,19.439730895350266,188.09848628634523,98.90594937817515,170.6423069776244,-65.54996914800992,29.68467971385413,35.0,0.1229878729605919,12.46935401127907
19.753306038999995,105.74208323299985,SAT_10082,19.350451909031264,187.59629198830086,98.89462157293211,170.66587103023508,-65.63924813432892,29.645227887566772,35.0,0.1233585240237747,12.495246467636841
19.753306038999995,105.84208323299984,SAT_10082,19.252711044408755,187.04649962479925,98.882019493908,170.69158483431323,-65.73698899895143,29.601931800848018,35.0,0.12376450446796107,12.523571461018266
19.853306038999992,104.8420832329999,SAT_10044,19.918480984137446,190.79145553577314,98.96379016092088,170.51218381085192,-65.07121905922274,29.893195275067157,35.0,0.12101787085344082,12.331212652584531
19.853306038999992,104.94208323299989,SAT_10044,19.85471896529323,190.43279417977445,98.95633780186157,170.5293069980815,-65.13498107806696,29.865391117631493,35.0,0.12128196681182571,12.349783230805132
19.853306038999992,105.04208323299989,SAT_10044,19.78230920506266,190.02548927847747,98.94777974857696,170.5487063042603,-65.20739083829753,29.83375826249417,35.0,0.1215819918986902,12.370860804632713
19.853306038999992,105.14208323299988,SAT_10044,19.70130162719812,189.56982165298942,98.93808360564596,170.5703509964394,-65.28839841616207,29.798296781897992,35.0,0.12191778077024969,12.39442642085041
19.853306038999992,105.24208323299987,SAT_10082,19.62928014870448,189.1647008364627,98.92944592548218,170.59203455721877,-65.3604198946557,29.76813526359526,35.0,0.12220151936470913,12.414319081667484
19.853306038999992,105.34208323299987,SAT_10082,19.574539093863777,188.85678240298375,98.92274001592442,170.6065871202208,-65.41516094949641,29.744076359249085,35.0,0.12242853372225045,12.430221654802427
19.853306038999992,105.44208323299986,SAT_10082,19.51115470487197,188.50024521490485,98.91489780324551,170.6234028301506,-65.47854533848822,29.71617529336954,35.0,0.1226914751750428,12.4486263265321
19.853306038999992,105.54208323299986,SAT_10082,19.43916996686889,188.0953310636375,98.90588900809783,170.64245525597042,-65.5505300764913,29.684432129625755,35.0,0.122990201170032,12.469516748976591
19.853306038999992,105.64208323299985,SAT_10082,19.35863314317382,187.64231143035275,98.89567825583589,170.66371473895768,-65.63106690018637,29.648846940458693,35.0,0.12332455153402773,12.492874550153362
19.853306038999992,105.74208323299985,SAT_10082,19.269597541684973,187.141486171978,98.8842246823471,170.6871485424818,-65.72010250167521,29.609419807082677,35.0,0.12369434921209631,12.518679417064
19.853306038999992,105.84208323299984,SAT_10082,19.17212126119503,186.59318209422204,98.87148146814569,170.71272101445663,-65.81757878216516,29.56615081948706,35.0,0.12409940107291212,12.546909186122667
19.95330603899999,104.94208323299989,SAT_10044,19.820383460178107,190.23965696350186,98.95229750988275,170.53851194507172,-65.16931658318208,29.850398990748655,35.0,0.12142421903225796,12.359779409826759
19.95330603899999,105.04208323299989,SAT_10044,19.74808569801675,189.83298205134426,98.94370528105102,170.55785806728926,-65.24161434534344,29.818786087109814,35.0,0.12172383569665453,12.380818529467343
19.95330603899999,105.14208323299988,SAT_10044,19.66720279551042,189.37801572474612,98.93397016169875,170.57944369865862,-65.32249724784977,29.783346972859235,35.0,0.12205916948410356,12.404341352566277
19.95330603899999,105.24208323299987,SAT_10044,19.577789594499677,188.8750664690607,98.9230545109887,170.6032351081441,-65.41191044886051,29.744081728956147,35.0,0.12243003856097255,12.430327031111585
19.95330603899999,105.34208323299987,SAT_10082,19.483221791003544,188.34312257439495,98.91142471964069,170.63080158776802,-65.50647825235664,29.703864799643693,35.0,0.12280737912108429,12.456734085111242
19.95330603899999,105.44208323299986,SAT_10082,19.42002860121397,187.9876608818286,98.90348542953458,170.6475134374185,-65.56967144214622,29.675981284946232,35.0,0.12306965412197107,12.475069635551975
19.95330603899999,105.54208323299986,SAT_10082,19.348259877577405,187.58396181137292,98.89436441624471,170.66644867007426,-65.64144016578278,29.644258089306014,35.0,0.12336762665922853,12.49588195835532
19.95330603899999,105.64208323299985,SAT_10082,19.26796332189282,187.1322936856471,98.88402557075278,170.6875779858628,-65.72173672146737,29.608695285136804,35.0,0.12370113833760484,12.519152882403777
19.95330603899999,105.74208323299985,SAT_10082,19.17919162655012,186.63295289934445,98.87242717369725,170.7108690411614,-65.81050841681007,29.569292953622412,35.0,0.1240700140565351,12.544862315214534
19.95330603899999,105.84208323299984,SAT_10082,19.082002225180105,186.0862625166381,98.85952141674308,170.7362866081797,-65.90769781818008,29.526051184718384,35.0,0.1244740628033527,12.572988331915408
19.95330603899999,105.94208323299983,SAT_10082,18.976457025923935,185.49257077082214,98.84525383982464,170.7637927454282,-66.01324301743625,29.47897007715387,35.0,0.12491307850589248,12.603507270656047
20.05330603899999,105.04208323299989,SAT_10044,19.704034398164836,189.58519348967718,98.93842607215568,170.56962181489405,-65.28566564519535,29.79949431338082,35.0,0.12190645062464939,12.39363169305747
20.05330603899999,105.14208323299988,SAT_10044,19.623297097396062,189.13104617285288,98.9286382184273,170.59113556126132,-65.36640294596413,29.764077663320627,35.0,0.12224125986452845,12.417103788158899
20.05330603899999,105.24208323299987,SAT_10044,19.534043923039192,188.62899706709547,98.91766299243542,170.614848151463,-65.455656120321,29.72483730898748,35.0,0.1226115518467333,12.443033725998724
20.05330603899999,105.34208323299987,SAT_10044,19.43633425729368,188.07938019727698,98.90545691311215,170.64072309812903,-65.55336578606651,29.68177334005183,35.0,0.1230171294449508,12.471398898544354
20.05330603899999,105.44208323299986,SAT_10044,19.330232088449762,187.4825554975299,98.891970500813,170.66872111655158,-65.65946795491043,29.63488585492977,35.0,0.12345778003223057,12.50217491325638
20.05330603899999,105.54208323299986,SAT_10082,19.247826332687822,187.019023121369,98.88142328662872,170.6928676239457,-65.74187371067237,29.59976515660674,35.0,0.12378479924164372,12.524986444091772
20.05330603899999,105.64208323299985,SAT_10082,19.167788086754058,186.5688079879916,98.8709385121651,170.71385579847833,-65.82191195660613,29.56422483572346,35.0,0.12411741185797429,12.548163581993279
20.05330603899999,105.74208323299985,SAT_10082,19.079300108246883,186.07106310888872,98.85917510281784,170.73699206068306,-65.9103999351133,29.524847414971934,35.0,0.1244852993006145,12.573769990101558
20.05330603899999,105.84208323299984,SAT_10082,18.982419113651915,185.52610751429202,98.8460841147402,170.7622416401115,-66.00728092970827,29.48163298427411,35.0,0.12488827284471425,12.601784001026164
20.05330603899999,105.94208323299983,SAT_10082,18.877206245226148,184.9342851293971,98.83160978099667,170.78956708317264,-66.11249379813404,29.434581642322257,35.0,0.12532612886984282,12.632182228413818
20.05330603899999,106.04208323299983,SAT_10082,18.763726794496122,184.2959632190407,98.81568883121945,170.81892842945967,-66.22597324886407,29.383693496581,35.0,0.12579864975052335,12.664939666234865
20.05330603899999,106.14208323299982,SAT_10082,18.642049913581687,183.611530763897,98.79824969544379,170.8502833955248,-66.3476501297785,29.328968663289565,35.0,0.12630560479146188,12.700029792751819
20.05330603899999,106.24208323299982,SAT_10044,18.618210471335246,183.47743390126075,98.79468030279216,170.85396893247525,-66.37148957202494,29.316918555129067,35.0,0.12642112672865785,12.708018067950087
20.153306038999993,104.8420832329999,SAT_10044,19.78562249073613,190.04412651039075,98.94819021779401,170.54781971243202,-65.20407755262406,29.835207039783977,35.0,0.12156826094641451,12.369896619029612
20.153306038999993,104.94208323299989,SAT_10044,19.722207411305178,189.68741668859164,98.94061751463595,170.56477096570597,-65.26749263205501,29.807455722322974,35.0,0.12183110903752205,12.388346279634487
20.153306038999993,105.04208323299989,SAT_10044,19.65018981393446,189.28231770338132,98.93192043091942,170.58397629253548,-65.33951022942573,29.775882983478695,35.0,0.12212972244687348,12.409287197922062
20.153306038999993,105.14208323299988,SAT_10044,19.569618676733896,188.82910505662818,98.9220656978459,170.6054055632012,-65.42008136662629,29.740488895406823,35.0,0.12246393882076834,12.432700760011153
20.153306038999993,105.24208323299987,SAT_10044,19.480548090848515,188.32808301102293,98.91101490581964,170.62902552538026,-65.50915195251167,29.70127353900167,35.0,0.12283357870432024,12.458566387428766
20.153306038999993,105.34208323299987,SAT_10044,19.383037001213296,187.77958313182478,98.89872407581748,170.6547999703846,-65.60666304214689,29.658237003897817,35.0,0.12323844636057621,12.486861629299533
20.153306038999993,105.44208323299986,SAT_10044,19.27714892938465,187.18396272778867,98.88514315627039,170.68268991064159,-65.71255111397554,29.611379388471974,35.0,0.12367833065057063,12.517562261155348
20.153306038999993,105.54208323299986,SAT_10044,19.16295168107989,186.5416032060744,98.87021543464085,170.7126537666727,-65.8267483622803,29.560700799844994,35.0,0.12415300596699869,12.550642389485597
20.153306038999993,105.64208323299985,SAT_10082,19.058179910483332,185.95226199646876,98.85635629065648,170.7425037225687,-65.93152013287686,29.515435689510912,35.0,0.12457313102734559,12.579878968791716
20.153306038999993,105.74208323299985,SAT_10082,18.96999469869168,185.4562201801407,98.84440635873126,170.76547363272962,-66.01970534466851,29.476083288374753,35.0,0.12493996630105696,12.605375034012585
20.153306038999993,105.84208323299984,SAT_10082,18.873442816837468,184.91311584471077,98.83110595714629,170.79054266641953,-66.11625722652272,29.43289631534426,35.0,0.12534179517750219,12.633269080269955
20.153306038999993,105.94208323299983,SAT_10082,18.768584589001875,184.32328831313558,98.81639782857363,170.81767389106903,-66.22111545435831,29.385874869075046,35.0,0.12577841666021639,12.663538015704113
20.153306038999993,106.04208323299983,SAT_10082,18.65548444174145,183.68709998479565,98.80021699214012,170.846827896446,-66.33421560161874,29.33501905699183,35.0,0.12624961590819125,12.696157146256372
20.153306038999993,106.14208323299982,SAT_10082,18.534210620980588,183.0049347430158,98.78248991852,170.87796297476285,-66.4554894223796,29.280328995290642,35.0,0.1267551651552066,12.731100277752187
20.153306038999993,106.24208323299982,SAT_10044,18.46411402146221,182.61064137072492,98.7719513548682,170.8934650265651,-66.52558602189798,29.247352903230478,35.0,0.1270638650968905,12.752410033466454
20.25330603899999,104.64208323299991,SAT_10044,19.822327408761595,190.25059167428398,98.95254234507543,170.53799109009435,-65.16737263459859,29.85124815773911,35.0,0.12141616453246078,12.359213537710884
20.25330603899999,104.7420832329999,SAT_10044,19.776351230830244,189.99197567342014,98.94709370258116,170.55030032202728,-65.21334881252994,29.831152738038234,35.0,0.12160668361544245,12.37259454492546
20.25330603899999,104.8420832329999,SAT_10044,19.7217108279782,189.6846234073774,98.94056428522055,170.5649035575755,-65.26798921538199,29.80723822545538,35.0,0.12183316767222686,12.388490715589656
20.25330603899999,104.94208323299989,SAT_10044,19.658443927207145,189.3287470905402,98.93292975043131,170.58177756975724,-65.33125611615304,29.77950467465152,35.0,0.12209549177302643,12.406887729274306
20.25330603899999,105.04208323299989,SAT_10044,19.58659377702594,188.9245899957709,98.92416122006125,170.60089574631124,-65.40310626633425,29.747952149019998,35.0,0.12239351260695479,12.427769156436048
20.25330603899999,105.14208323299988,SAT_10044,19.506208934303984,188.4724252554599,98.91422497027537,170.62222822663887,-65.4834911090562,29.71258072068781,35.0,0.12272706915096597,12.451116533954176
20.25330603899999,105.24208323299987,SAT_10044,19.417343028537175,187.9725545355216,98.90308206212404,170.64574205309242,-65.57235701482301,29.673390470517095,35.0,0.12309598341252061,12.476909448835162
20.25330603899999,105.34208323299987,SAT_10044,19.3200545058787,187.4253065955677,98.89068790528364,170.6714013350452,-65.66964553748149,29.63038148810679,35.0,0.12350006123951443,12.505125629303565
20.25330603899999,105.44208323299986,SAT_10044,19.214406355426263,186.83103574927273,98.87699174585191,170.69916742408853,-65.77529368793392,29.58355387179446,35.0,0.1239390931905834,12.535741042449278
20.25330603899999,105.54208323299986,SAT_10044,19.100465820355225,186.19012023949813,98.86193606713016,170.7289990986395,-65.88923422300496,29.532907728658326,35.0,0.12441285545857887,12.568729997565221
20.25330603899999,105.64208323299985,SAT_10044,18.97830409654908,185.5029605430886,98.84545588997241,170.760852756204,-66.0113959468111,29.478443174519455,35.0,0.12492111083979134,12.604065254286764
20.25330603899999,105.74208323299985,SAT_10082,18.85135250811669,184.78885785815638,98.82804982457594,170.7962665217894,-66.1383475352435,29.42300068053464,35.0,0.12543375821221003,12.639647935776539
20.25330603899999,105.84208323299984,SAT_10082,18.755149575000843,184.24771635937975,98.81451409288657,170.82114300631875,-66.23455046835934,29.37984128457944,35.0,0.12583437574468564,12.66741437087535
20.25330603899999,105.94208323299983,SAT_10082,18.662709428804092,183.72774053702304,98.80128325062323,170.84496889431324,-66.3269906145561,29.338272078051425,35.0,0.1262195070709656,12.694074291223316
20.25330603899999,106.04208323299983,SAT_10082,18.622644022717296,183.50237262778478,98.79547890956823,170.8552719701737,-66.36705602064289,29.320225436209935,35.0,0.12638648619371406,12.705623000485414
20.25330603899999,106.14208323299982,SAT_10082,18.574286835330014,183.23036344873134,98.78841612007493,170.8676884253669,-66.41541320803017,29.298420053011053,35.0,0.12658806722376736,12.719556768450555
20.25330603899999,106.24208323299982,SAT_10082,18.51766757312997,182.9118800988561,98.78006600206814,170.8822000766901,-66.47203247023022,29.272855978596226,35.0,0.1268241511740393,12.735864220962288
20.25330603899999,106.34208323299981,SAT_10082,18.4528207197215,182.54711654843345,98.77039392355331,170.8987858260893,-66.53687932363869,29.243533271752725,35.0,0.1270946230941328,12.754532146207987
20.25330603899999,106.4420832329998,SAT_10082,18.531925404588378,182.99208040080964,98.78217698662594,170.87854842114922,-66.45777463877181,29.27929687223741,35.0,0.12676469437832774,12.731758395481677
20.25330603899999,106.5420832329998,SAT_10082,18.64504601345554,183.62838382568745,98.79872958127557,170.84951290622297,-66.34465402990465,29.33031816603991,35.0,0.12629311811019103,12.699166171611397
20.35330603899999,104.64208323299991,SAT_10044,19.748417753235998,189.83484986195248,98.94376910990765,170.5577693243916,-65.24128229012419,29.81893142104383,35.0,0.12172245932443124,12.380721927451994
20.35330603899999,104.7420832329999,SAT_10044,19.702561607142783,189.57690904017815,98.93826861377141,170.5700148063487,-65.2871384362174,29.798848930323203,35.0,0.12191255683712396,12.394060003354793
20.35330603899999,104.8420832329999,SAT_10044,19.648063318137474,189.2703561645233,98.93167677387606,170.58454264394425,-65.34163672522271,29.774949803872584,35.0,0.1221385414934354,12.409905343657622
20.35330603899999,104.94208323299989,SAT_10044,19.584960242496294,188.91540136404166,98.92396886026803,170.60132984744882,-65.4047398008639,29.74723409633134,35.0,0.12240028952982891,12.428243760216576
20.35330603899999,105.04208323299989,SAT_10044,19.51329520625187,188.51228553516677,98.9151155325003,170.62035007478923,-65.47640483710832,29.71570187106776,35.0,0.12269765896733614,12.449058974419517
20.35330603899999,105.14208323299988,SAT_10044,19.43311629515044,188.06127916022126,98.90508252317404,170.6415737664313,-65.55658374820975,29.680353200180328,35.0,0.12303049027187041,12.472332691686898
20.35330603899999,105.24208323299987,SAT_10044,19.34447662231554,187.56268100052492,98.89383026083118,170.66496829441675,-65.64522342104465,29.64118816449921,35.0,0.12339860708741053,12.498044684039696
20.35330603899999,105.34208323299987,SAT_10044,19.247434075926037,187.01681667708397,98.88131342450832,170.69049812401892,-65.74226596743415,29.598206853587907,35.0,0.12380181703570467,12.526172879967435
20.35330603899999,105.44208323299986,SAT_10044,19.142051049353384,186.4240371526128,98.86748042058744,170.71812498639508,-65.8476489940068,29.55140936574508,35.0,0.12423991257572653,12.55669346078108
20.35330603899999,105.54208323299986,SAT_10044,19.02839415629998,185.7847171291874,98.85227277057055,170.74780806055057,-65.9613058870602,29.50079580800658,35.0,0.12471267191580114,12.589580962600428
20.35330603899999,105.64208323299985,SAT_10044,18.9065339335405,185.09925337616534,98.8356243959819,170.77950416289366,-66.08316610981969,29.44636629614761,35.0,0.1252198599711007,12.624808383102527
20.35330603899999,105.74208323299985,SAT_10082,18.877086641089107,184.93361235612622,98.8316499140755,170.7895980897764,-66.11261340227108,29.434528084022126,35.0,0.12532662675040954,12.632216769766393
20.35330603899999,105.84208323299984,SAT_10082,18.853595899614575,184.801476935332,98.82838197719049,170.7956854321244,-66.13610414374561,29.424005887280636,35.0,0.12542441839328722,12.639000180508548
20.35330603899999,105.94208323299983,SAT_10082,18.821741260449826,184.62229459003026,98.82392838156076,170.8039322969159,-66.16795878291036,29.40972731901777,35.0,0.12555704745057747,12.648196757561669
20.35330603899999,106.04208323299983,SAT_10082,18.781542819940057,184.39617836216283,98.81827159788782,170.8143263652609,-66.20815722342013,29.39169241206924,35.0,0.1257244470517395,12.659798823176708
20.35330603899999,106.14208323299982,SAT_10082,18.733025787879626,184.1232700568229,98.81138914679399,170.82685218846262,-66.25667425548056,29.369901207910345,35.0,0.12592653328569958,12.673796741642589
20.35330603899999,106.24208323299982,SAT_10082,18.676220368997008,183.80373957560818,98.80325335333178,170.8414912638116,-66.31347967436318,29.34435375665677,35.0,0.12616320557881086,12.690178961629536
20.35330603899999,106.34208323299981,SAT_10082,18.611161622291462,183.43778412538947,98.79383104018669,170.8582221244835,-66.37853842106873,29.315050117065574,35.0,0.12643434714451987,12.708932066506286
20.35330603899999,106.4420832329998,SAT_10082,18.537889299587945,183.02562731018222,98.78308315328914,170.87702044263244,-66.45181074377224,29.281990356536348,35.0,0.12673982550094712,12.730040832175192
20.35330603899999,106.5420832329998,SAT_10082,18.517934694346778,182.91338265570062,98.78013078875088,170.8821316791804,-66.47176534901341,29.272976669865262,35.0,0.1268230372091423,12.73578730248914
20.45330603899999,104.44208323299992,SAT_10044,19.73028080970468,189.73282955458882,98.94160482513105,170.56261497895258,-65.2594192336555,29.810991359746087,35.0,0.1217976407482613,12.385997973700741
20.45330603899999,104.54208323299991,SAT_10044,19.701880182056414,189.57307602406732,98.93819320452107,170.57019662723775,-65.28781986130377,29.798550318510404,35.0,0.1219153820515701,12.394258170524859
20.45330603899999,104.7420832329999,SAT_10044,19.619079619760754,189.10732286115422,98.92815433439159,170.59225771221733,-65.37062042359943,29.762225519917465,35.0,0.12225875328990177,12.418329478009657
20.45330603899999,104.8420832329999,SAT_10044,19.564736638730167,188.8016435928572,98.92148978957724,170.6067020926492,-65.42496340463002,29.738341845623893,35.0,0.12248419457643143,12.4341189630283
20.45330603899999,104.94208323299989,SAT_10044,19.501812590165102,188.4476958196787,98.91369640296523,170.62339320480424,-65.48788745319509,29.71064405791467,35.0,0.1227453158720269,12.452392990433475
20.45330603899999,105.04208323299989,SAT_10044,19.430349834924243,188.0457178214489,98.90474429213765,170.64230500411355,-65.55935020843594,29.679132220133187,35.0,0.12304197666559354,12.473135447789984
20.45330603899999,105.14208323299988,SAT_10044,19.35039593996035,187.595977162277,98.89459855229084,170.66340826258278,-65.63930410339984,29.643806404349583,35.0,0.12337401906417465,12.49632822610247
20.45330603899999,105.24208323299987,SAT_10044,19.26200344970603,187.09876940459642,98.8832188700546,170.68667071536257,-65.72769659365416,29.604666691362247,35.0,0.12374126851574838,12.521951301138078
20.45330603899999,105.34208323299987,SAT_10044,19.165229637749718,186.55441671234217,98.87055906718348,170.7120572197579,-65.82447040561047,29.561713170699452,35.0,0.12414353459772881,12.549982821954298
20.45330603899999,105.44208323299986,SAT_10044,19.060136241192566,185.96326635670817,98.85656656446065,170.7395299250911,-65.92956380216762,29.514945940621196,35.0,0.12458061186453379,12.580399205833197
20.45330603899999,105.54208323299986,SAT_10082,19.049166385653677,185.90156091930191,98.85519175640415,170.7448547233213,-65.94053365770651,29.511417478371904,35.0,0.12461061811996144,12.582485794637133
20.45330603899999,105.64208323299985,SAT_10082,19.042421582239072,185.8636214000948,98.85428321472045,170.74661349308406,-65.94727846112112,29.50841005505241,35.0,0.12463867077580967,12.584436352313656
20.45330603899999,105.74208323299985,SAT_10082,19.027261938836162,185.7783484059534,98.85223722026119,170.7505650123876,-65.96243810452403,29.501648675011392,35.0,0.12470172556881479,12.588820041579005
20.45330603899999,105.84208323299984,SAT_10082,19.003697217442152,185.6457968481121,98.84904594123964,170.75670329026067,-65.98600282591804,29.49113335379923,35.0,0.12479975005541918,12.595633139401162
20.45330603899999,105.94208323299983,SAT_10082,18.97174254376307,185.46605180866726,98.8446970996999,170.7650190455405,-66.01795749959712,29.47686411560035,35.0,0.12493269395704029,12.604869875699928
20.45330603899999,106.04208323299983,SAT_10082,18.93141833455458,185.23922813186948,98.83917384183883,170.77549975343254,-66.05828170880561,29.45884099323368,35.0,0.12510048939020504,12.616522459216547
20.45330603899999,106.14208323299982,SAT_10082,18.882750200125713,184.96546987570716,98.8324545583463,170.78812970795923,-66.10694984323447,29.4370640281533,35.0,0.12530305117581358,12.630581112252733
20.45330603899999,106.24208323299982,SAT_10082,18.82576882298163,184.64494962927165,98.82451265126865,170.80289009964895,-66.16393122037856,29.411533270449272,35.0,0.12554027722484037,12.647034113954035
20.45330603899999,106.34208323299981,SAT_10082,18.76050981381259,184.27786770269583,98.81531624278429,170.8197591076622,-66.2291902295476,29.3822487788486,35.0,0.12581204899714973,12.665867851736845
20.45330603899999,106.4420832329998,SAT_10082,18.687013546232365,183.86445119755706,98.80482782001171,170.83871200542544,-66.30268649712782,29.34921062071639,35.0,0.12611823202952427,12.68706688038926
20.45330603899999,106.5420832329998,SAT_10082,18.605324971862828,183.4049529667284,98.79300380850778,170.8597212787119,-66.38437507149736,29.312418872057187,35.0,0.12645867652848386,12.710613988314154
20.55330603899999,104.54208323299991,SAT_10044,19.608512083459047,189.04788046945714,98.92687099606529,170.59506870903903,-65.38118795990114,29.75758378390676,35.0,0.12230258747971234,12.421400447289171
20.55330603899999,104.64208323299991,SAT_10044,19.57155196937697,188.83997982774548,98.92233735356048,170.60489207511165,-65.41814807398322,29.741339053234924,35.0,0.12245591766398212,12.43213913444251
20.55330603899999,104.7420832329999,SAT_10044,19.52596897297039,188.58357547295844,98.91670708404773,170.61698985292566,-65.4637310703898,29.721282586889888,35.0,0.12264506174029004,12.445378742613743
20.55330603899999,104.8420832329999,SAT_10044,19.471794068676502,188.27884163630534,98.9099590031243,170.6313429895643,-65.51790597468369,29.697414430747273,35.0,0.12286991702690549,12.461107498839748
20.55330603899999,104.94208323299989,SAT_10044,19.409063760948115,187.92598365533317,98.90206740159002,170.64792904041295,-65.58063628241207,29.669734639403643,35.0,0.12313036244425796,12.479311518958506
20.55330603899999,105.04208323299989,SAT_10044,19.33781990494103,187.5252369652933,98.89300177001076,170.66672228428328,-65.65188013841916,29.63824327617763,35.0,0.12342625907907284,12.499974871234437
20.55330603899999,105.14208323299988,SAT_10044,19.258109503546393,187.0768659574485,98.88272646596165,170.68769385360258,-65.7315905398138,29.602940413111206,35.0,0.12375745082502042,12.523079648497406
20.55330603899999,105.24208323299987,SAT_10044,19.169984482801055,186.58116271575594,98.87120031725637,170.7108118783174,-65.81971556055913,29.56382613097117,35.0,0.12412376509427797,12.548606048118613
20.55330603899999,105.34208323299987,SAT_10082,19.178463509370687,186.62885724021012,98.87241593208758,170.71105978120391,-65.8112365339895,29.568969398134378,35.0,0.12407304032727358,12.545073110592705
20.55330603899999,105.44208323299986,SAT_10082,19.188585842890234,186.68579536625757,98.8737467532652,170.7084076686473,-65.80111420046995,29.573466945285436,35.0,0.12403096993455981,12.542142507173507
20.55330603899999,105.54208323299986,SAT_10082,19.190265183491576,186.69524165714014,98.87396731571523,170.7079675812525,-65.79943485986861,29.57421299541601,35.0,0.12402399048102794,12.541656283551093
20.55330603899999,105.64208323299985,SAT_10082,19.18350043427928,186.65718994282096,98.87307844876125,170.70974019275442,-65.8061996090809,29.571207546810037,35.0,0.12405210560874906,12.543614857527759
20.55330603899999,105.74208323299985,SAT_10082,19.16829601191222,186.57166506700622,98.87107680802586,170.7137227904133,-65.82140403144797,29.56445060638066,35.0,0.12411530065252359,12.548016546762812
20.55330603899999,105.84208323299984,SAT_10082,19.14466182508623,186.43872276611006,98.86795484083646,170.71990928882207,-65.84503821827396,29.553942189670348,35.0,0.1242135427077004,12.554857576414543
20.55330603899999,105.94208323299983,SAT_10082,19.112613226373995,186.25844939835372,98.86370070781886,170.72829026080566,-65.87708681698619,29.53968232085121,35.0,0.12434678078205998,12.564132096249683
20.55330603899999,106.04208323299983,SAT_10082,19.072170937917278,186.0309615257847,98.85829815920657,170.73885298508117,-65.91752910544291,29.52167103272547,35.0,0.12451494603041094,12.575832207056797
20.55330603899999,106.14208323299982,SAT_10082,19.023360951725564,185.7564053534563,98.85172636352087,170.75158151017845,-65.96633909163462,29.499908366726114,35.0,0.12471795206982507,12.589947996112466
20.55330603899999,106.24208323299982,SAT_10082,18.96621440559035,185.43495603144572,98.84395968533325,170.76645673394887,-66.02348563776984,29.47439437291769,35.0,0.12495569537274534,12.606467581365902
20.55330603899999,106.34208323299981,SAT_10082,18.90076743585624,185.06681682669134,98.83496740777228,170.78345649783694,-66.08893260750395,29.445129109997293,35.0,0.12522805573455348,12.625377163929748
20.55330603899999,106.4420832329998,SAT_10082,18.827061008495818,184.652218172789,98.8247133942479,170.80255569495466,-66.16263903486437,29.412112645295732,35.0,0.1255348968115908,12.646661088393852
20.55330603899999,106.5420832329998,SAT_10082,18.745140730132633,184.19141660699606,98.81315568249596,170.82372639086574,-66.24455931322755,29.375345054778823,35.0,0.12587606672509158,12.670301910415533
20.65330603899999,104.64208323299991,SAT_10044,19.468730292344958,188.26160789444037,98.90958536111071,170.6321539005161,-65.52096975101523,29.69606359176253,35.0,0.1228826352920976,12.461996806969562
20.65330603899999,104.7420832329999,SAT_10044,19.42329966320058,188.00606060550325,98.90387618524144,170.6441682051192,-65.5664003801596,29.676020220761057,35.0,0.12307124986654154,12.475181145934927
20.65330603899999,104.8420832329999,SAT_10044,19.369305144401707,187.7023414372596,98.89703309393929,170.6584226058878,-65.62039489895848,29.652167648732593,35.0,0.12329547797579492,12.490844463827464
20.65330603899999,104.94208323299989,SAT_10044,19.306782763263158,187.3506530433553,98.8890297763917,170.6748949634402,-65.68291728009703,29.624505930252504,35.0,0.12355520004704282,12.50897304686227
20.65330603899999,105.04208323299989,SAT_10044,19.235773831028283,186.9512277995341,98.87983500472549,170.69355990430608,-65.7539262123319,29.593035128614805,35.0,0.12385027888833934,12.529551157752284
20.65330603899999,105.14208323299988,SAT_10082,19.26462096742536,187.11349294176767,98.88368170999206,170.6884562202856,-65.72507907593483,29.607213376248154,35.0,0.12371502383729846,12.520121208060099
20.65330603899999,105.24208323299987,SAT_10082,19.291677793255474,187.26568758706202,98.88718068808924,170.68134386379882,-65.69802225010471,29.619205959838016,35.0,0.12360262573321662,12.5122817204107
20.65330603899999,105.34208323299987,SAT_10082,19.310287394781724,187.3703665956472,98.88957781673344,170.67644812852973,-65.67941264857846,29.62744955095028,35.0,0.12352532788119437,12.506888743117809
20.65330603899999,105.44208323299986,SAT_10082,19.320437521674066,187.42746105941663,98.89088203602098,170.67377654269512,-65.66926252168612,29.631944130619825,35.0,0.12348317093267724,12.503946938678146
20.65330603899999,105.54208323299986,SAT_10082,19.3221214762048,187.436933303652,98.89109819214018,170.67333322277634,-65.66757856715539,29.6326896885066,35.0,0.12347617711011166,12.50345885577554
20.65330603899999,105.64208323299985,SAT_10082,19.315338146088067,187.39877707174537,98.89022708706176,170.67511885242894,-65.67436189727212,29.629686222895412,35.0,0.12350435010373736,12.50542491763486
20.65330603899999,105.74208323299985,SAT_10082,19.30009200993902,187.313017555907,98.88826548674605,170.6791306789768,-65.68960803342117,29.622933740695895,35.0,0.12356767505443171,12.509843420085826
20.65330603899999,105.84208323299984,SAT_10082,19.276393115300436,187.17971127356498,98.88520608801889,170.68536252752426,-65.71330692805975,29.61243225744265,35.0,0.12366611862275938,12.51671053935537
20.65330603899999,105.94208323299983,SAT_10082,19.244257029460613,186.99894579071594,98.8810374435041,170.6938048325382,-65.74544301389957,29.59818179729553,35.0,0.12379962914360737,12.526020349513288
20.65330603899999,106.04208323299983,SAT_10082,19.203704763571096,186.77083929508743,98.8757438432199,170.70444468656115,-65.78599527978909,29.580182393040143,35.0,0.12396813686501955,12.537764849403077
20.65330603899999,106.14208323299982,SAT_10082,19.15476267084452,186.49554002350044,98.8693051506223,170.71726590553484,-65.83493737251567,29.558434086088468,35.0,0.12417155426910281,12.551933998800193
20.65330603899999,106.24208323299982,SAT_10082,19.09746231986712,186.17322554925255,98.8616965899859,170.7322491100464,-65.89223772349307,29.532936926479675,35.0,0.12440977647216864,12.568515763454162
20.65330603899999,106.34208323299981,SAT_10082,19.031840344301628,185.80410193669667,98.85288848102374,170.7493718216477,-65.95785969905856,29.503690972881113,35.0,0.12468268170061052,12.587496168591349
20.65330603899999,106.4420832329998,SAT_10082,18.95793827047153,185.38840277140235,98.84284591552574,170.76860857325724,-66.03176177288866,29.47069629258944,35.0,0.12499013183840949,12.608859360382452
20.65330603899999,106.5420832329998,SAT_10082,18.875802324513458,184.92638807538822,98.83152836950684,170.78993103252344,-66.11389771884673,29.433952961531954,35.0,0.125331973041615,12.632587674813632
20.65330603899999,106.6420832329998,SAT_10082,18.785483220940478,184.4183431177902,98.8188892428447,170.81330813692844,-66.20421682241971,29.39346106426809,35.0,0.12570803641467354,12.658661713344696
20.753306038999987,103.54208323299997,SAT_10044,19.28656627681201,187.23693530706757,98.88643593416802,170.68021362047125,-65.70313376654818,29.61555196864916,35.0,0.12363919886093686,12.514832915865144
20.753306038999987,103.64208323299997,SAT_10044,19.33590621074093,187.51447243541773,98.8927802226195,170.6672264518032,-65.65379383261926,29.637396576151126,35.0,0.12343420873993792,12.50052974822725
20.753306038999987,103.74208323299996,SAT_10044,19.3766956559912,187.7439130649505,98.89798462804548,170.6564731113433,-65.61300438736899,29.655434456848205,35.0,0.1232647829396396,12.488700949934254
20.753306038999987,104.54208323299991,SAT_10044,19.393119994819386,187.83629997085905,98.90007000325902,170.6521388497161,-65.5965800485408,29.66269221344898,35.0,0.12319657195149024,12.483936840322198
20.753306038999987,104.64208323299991,SAT_10044,19.35641588481532,187.62983935208618,98.89540163862401,170.66182138149102,-65.63328415854487,29.646468740760724,35.0,0.12334901383311847,12.494582503981446
20.753306038999987,104.7420832329999,SAT_10044,19.311147604964816,187.37520527792708,98.88960341331637,170.67374614843445,-65.67855243839537,29.626438520505733,35.0,0.12353706544439863,12.50770774502226
20.753306038999987,104.8420832329999,SAT_10044,19.25734528932533,187.07256725245497,98.88265308911232,170.68789463542547,-65.73235475403486,29.6026015985241,35.0,0.12376062675520615,12.523301090378288
20.753306038999987,104.94208323299989,SAT_10082,19.30741935830197,187.35423389044857,98.88922103574372,170.67720284561486,-65.68228068505822,29.626179340959542,35.0,0.12353724022320428,12.507719940179694
20.753306038999987,105.04208323299989,SAT_10082,19.351421635174887,187.60174669785872,98.89486074375563,170.66561547586662,-65.6382784081853,29.645656896061855,35.0,0.12335449716987973,12.494965331210649
20.753306038999987,105.14208323299988,SAT_10082,19.386996961784206,187.80185791003615,98.8993893763929,170.6562342665602,-65.60270308157598,29.661388008015173,35.0,0.12320678236943934,12.48465004066151
20.753306038999987,105.24208323299987,SAT_10082,19.41412189012624,187.95443563196008,98.90282384613492,170.6490736296038,-65.57557815323395,29.673372640621245,35.0,0.12309417361665227,12.476782990634728
20.753306038999987,105.34208323299987,SAT_10082,19.432778447624784,188.0593787678894,98.90517687743713,170.64414461456207,-65.5569215957354,29.681610766303443,35.0,0.12301673052062807,12.47137101695615
20.753306038999987,105.44208323299986,SAT_10082,19.442954225119692,188.11661751629828,98.90645713755947,170.64145485213456,-65.5467458182405,29.68610236610622,35.0,0.12297449422850994,12.468418837983645
20.753306038999987,105.54208323299986,SAT_10082,19.444642437920024,188.12611371330013,98.90666932503747,170.64100851492316,-65.54505760544016,29.68684742969474,35.0,0.1229674872339893,12.467929032977748
20.753306038999987,105.64208323299985,SAT_10082,19.437841959288647,188.08786102099864,98.90581421742408,170.64280629591028,-65.55185808407154,29.683845955354677,35.0,0.12299571327236704,12.469902030243578
20.753306038999987,105.74208323299985,SAT_10082,19.42255732601153,188.00188495881486,98.90388867917575,170.64684540487832,-65.56714271734866,29.677097949992177,35.0,0.12305915730310939,12.474336105159406
20.753306038999987,105.84208323299984,SAT_10082,19.398798715989273,187.86824277743966,98.90088562982596,170.65311958281396,-65.59090132737091,29.666603429134,35.0,0.1231577855800569,12.481227388110895
20.753306038999987,105.94208323299983,SAT_10082,19.366581898088796,187.6870231767495,98.89679397186565,170.66161913413654,-65.62311814527139,29.652362416927822,35.0,0.12329154580865086,12.49056988225401
20.753306038999987,106.04208323299983,SAT_10082,19.325928154775227,187.45834587061066,98.89159847700695,170.6723309764047,-65.66377188858496,29.6343749461427,35.0,0.12346036738875897,12.502355490934187
20.753306038999987,106.14208323299982,SAT_10082,19.27686417832058,187.18236100305327,98.8852796287243,170.68523870697092,-65.71283586503961,29.612641058169718,35.0,0.12366416174092142,12.516574054497484
20.753306038999987,106.24208323299982,SAT_10082,19.219421941658055,186.85924842182655,98.87781341812105,170.70032268587016,-65.77027810170213,29.587160803022797,35.0,0.12390282271311429,12.533213396141658
20.753306038999987,106.34208323299981,SAT_10082,19.15363854518462,186.48921681666351,98.86917108923035,170.7175601340773,-65.83606149817557,29.557934239339673,35.0,0.12417622706444902,12.552259376373488
20.753306038999987,106.4420832329998,SAT_10082,19.079556041048164,186.07250273089593,98.85931882879966,170.73692524610934,-65.91014400231202,29.524961434383037,35.0,0.12448423502160466,12.573695955564132
20.753306038999987,106.5420832329998,SAT_10082,18.99722123664067,185.60936945610376,98.84821739438577,170.75838931583021,-65.99247880671952,29.488242464041853,35.0,0.12482669090323285,12.597505264027934
20.753306038999987,106.6420832329998,SAT_10082,18.906685479198046,185.100105820489,98.83582167316361,170.7819208741947,-66.08301456416214,29.447777412832853,35.0,0.12520342380709157,12.623667678993195
20.753306038999987,106.74208323299979,SAT_10082,18.808004423531074,184.5450248823623,98.8220801621656,170.80748583759106,-66.18169561982911,29.403566373902162,35.0,0.12561424835425827,12.65216190778596
20.753306038999987,107.04208323299977,SAT_10082,18.46370535654134,182.60834263054502,98.77215646488355,170.89600446393618,-66.52599468681885,29.248458391721847,35.0,0.12704921792565918,12.751399396678853
20.85330603899999,103.24208323299999,SAT_10081,19.232126859814798,186.93071358645824,98.87944836194626,170.6960801547765,-65.75757318354539,29.592291283903737,35.0,0.1238556940835754,12.529928618589055
20.85330603899999,103.34208323299998,SAT_10081,19.106855772479378,186.2260637201965,98.86294280554465,170.7288882435768,-65.88284427088081,29.536616451617483,35.0,0.12437643919498453,12.566196039726504
20.85330603899999,103.44208323299998,SAT_10044,19.107466671619918,186.22950002786203,98.86296103153354,170.72716954382983,-65.88223337174027,29.536023848202273,35.0,0.12438373801407009,12.566703938098643
20.85330603899999,103.54208323299997,SAT_10044,19.165105989342237,186.55372119005008,98.8705999901913,170.71208960177398,-65.82459405401795,29.561658220320528,35.0,0.1241440487046048,12.550018623859893
20.85330603899999,103.64208323299997,SAT_10044,19.214258902850204,186.8302063285324,98.87705382979662,170.69920610600008,-65.77544114050998,29.583488425442948,35.0,0.12393970611421788,12.535783753838636
20.85330603899999,103.74208323299996,SAT_10044,19.25489318806575,187.05877418286985,98.88234772271512,170.68853883946855,-65.73480685529444,29.601514413595346,35.0,0.12377081731110481,12.52401161211013
20.85330603899999,104.34208323299993,SAT_10044,19.318695843405578,187.4176641191564,98.89058536710452,170.67175906075568,-65.67100419995461,29.629780084995424,35.0,0.12350570576516917,12.505519518429185
20.85330603899999,104.44208323299992,SAT_10044,19.299262868426638,187.30835363489985,98.8880859381352,170.67687377196847,-65.69043717493355,29.6211758866646,35.0,0.12358644391689608,12.51115284571278
20.85330603899999,104.54208323299991,SAT_10044,19.27125490881221,187.1508088620687,98.88446885872365,170.68423933078506,-65.71844513454798,29.60876738509388,35.0,0.12370282298233426,12.519270365874473
20.85330603899999,104.64208323299991,SAT_10082,19.237539550106504,186.96115996934913,98.88018951763333,170.69556835774037,-65.75216049325368,29.595201497220685,35.0,0.12382753997707542,12.527966092756921
20.85330603899999,104.7420832329999,SAT_10082,19.306783272167138,187.3506559059402,98.88915135728868,170.67737022001074,-65.68291677119305,29.625897615243442,35.0,0.12353988222063422,12.507904284205111
20.85330603899999,104.8420832329999,SAT_10082,19.367684367925662,187.69322456958187,98.8969456319611,170.6613284339697,-65.62201567543453,29.65284994621549,35.0,0.12328696811659312,12.490250219563745
20.85330603899999,104.94208323299989,SAT_10082,19.420203289063366,187.98864350098145,98.9036021874827,170.64746729068375,-65.56949675429682,29.676058428099985,35.0,0.12306892898253034,12.475018962730532
20.85330603899999,105.04208323299989,SAT_10082,19.464305604227874,188.2367190237818,98.90914615046404,170.63580794884498,-65.52539443913231,29.695523007480006,35.0,0.12288587907895297,12.46222361868838
20.85330603899999,105.14208323299988,SAT_10082,19.49996216424725,188.4372871738908,98.91359819417895,170.62636832876194,-65.48973787911294,29.711243639557484,35.0,0.1227379150884226,12.45187527482005
20.85330603899999,105.24208323299987,SAT_10082,19.527149243481787,188.59021449458507,98.91697475406741,170.61916302159284,-65.4625507998784,29.72322028815236,35.0,0.12262511567109927,12.443982950766818
20.85330603899999,105.34208323299987,SAT_10082,19.545848655880306,188.69539868932674,98.91928819695092,170.61420321477513,-65.44385138747988,29.73145292570185,35.0,0.12254754110062199,12.438553557305971
20.85330603899999,105.44208323299986,SAT_10082,19.556047844549965,188.75276912559357,98.92054694711886,170.6114966344454,-65.43365219881022,29.73594153325993,35.0,0.122505232983574,12.435591864641195
20.85330603899999,105.54208323299986,SAT_10082,19.557739943909837,188.76228718449283,98.92075557160689,170.61104750546963,-65.43196009945035,29.736686100496954,35.0,0.12249821406505744,12.435100480412626
20.85330603899999,105.64208323299985,SAT_10082,19.55092381378178,188.7239464525225,98.91991482622089,170.61285652951508,-65.43877622957841,29.73368662569946,35.0,0.12252648812213954,12.437079837640647
20.85330603899999,105.74208323299985,SAT_10082,19.53560404505903,188.63777275345706,98.91802166313948,170.61692088140364,-65.45409599830116,29.72694311577012,35.0,0.12259003994614004,12.441528192721497
20.85330603899999,105.84208323299984,SAT_10082,19.511790936893703,188.50382402002708,98.91506920023222,170.6232342237863,-65.47790910646648,29.7164555862279,35.0,0.12268883541392105,12.448441633494154
20.85330603899999,105.94208323299983,SAT_10082,19.47950044564314,188.32219000674266,98.91104665153907,170.63178673997825,-65.51019959771705,29.702224061208348,35.0,0.12282282164752995,12.457814097299611
20.85330603899999,106.04208323299983,SAT_10082,19.438754106108476,188.09299184686017,98.90593921764854,170.64256518459865,-65.55094593725171,29.684248573464057,35.0,0.12299192726074636,12.469637398856378
20.85330603899999,106.14208323299982,SAT_10082,19.38957892588398,187.8163814580974,98.89972793396599,170.65555295146964,-65.6001211174762,29.66252916436532,35.0,0.12319606269030667,12.483901267681581
20.85330603899999,106.24208323299982,SAT_10082,19.3320072539085,187.49254080323533,98.89238947405657,170.67073015804607,-65.65769278945169,29.637065883900938,35.0,0.1234351206088406,12.500593394697708
20.85330603899999,106.34208323299981,SAT_10082,19.26607662455514,187.12168101312267,98.88389590435412,170.68807374548692,-65.72362341880505,29.60785879067917,35.0,0.12370897641586125,12.519699487581445
20.85330603899999,106.4420832329998,SAT_10082,19.19182957883048,186.70404138092147,98.8742143855184,170.7075575933212,-65.79787046452971,29.574907951928914,35.0,0.12401748880251555,12.541203334334886
20.85330603899999,106.5420832329998,SAT_10082,19.10931346444869,186.23988823752387,98.86330681456275,170.72915264753547,-65.8803865789115,29.53821344350098,35.0,0.1243605003852354,12.565086874491778
20.85330603899999,106.6420832329998,SAT_10082,19.01858021672078,185.72951371905438,98.8511294005215,170.75282706079275,-65.97111982663941,29.49777534986961,35.0,0.12473783840293597,12.591330277313338
20.85330603899999,106.74208323299979,SAT_10082,18.91968612233427,185.1732344381303,98.83763216482924,170.77854634340792,-66.07001392102592,29.453593764134094,35.0,0.12514931547199537,12.61991202628009
20.85330603899999,106.84208323299978,SAT_10082,18.812691568208777,184.57139007117436,98.8227583556794,170.80627352363064,-66.17700847515141,29.4056687880206,35.0,0.12559473039291938,12.650809009148443
20.85330603899999,106.94208323299978,SAT_10082,18.697660777682017,183.92434187446136,98.80644376333636,170.83596931574604,-66.29203926567817,29.35400053188416,35.0,0.12607386900235193,12.68399661281395
20.85330603899999,107.34208323299976,SAT_10082,18.336161074331187,181.89090604311292,98.75286681548599,170.9285308234932,-66.653538969029,29.19066425924629,35.0,0.1275814210677958,12.788090983714298
20.95330603899999,103.142083233,SAT_10081,19.311592958337897,187.3777103906507,98.88974627502245,170.67519424002924,-65.67810708502229,29.62751578604234,35.0,0.12352553359697888,12.506903097438412
20.95330603899999,103.24208323299999,SAT_10081,19.19465340632874,186.71992541059916,98.87456245626271,170.70590926735474,-65.79504663703145,29.57565555462984,35.0,0.12401143373667924,12.540781490569866
20.95330603899999,103.34208323299998,SAT_10081,19.069585580681718,186.0164188913347,98.85797769990535,170.73862173531825,-65.92011446267847,29.520017761079828,35.0,0.12453143448300245,12.576979053957055
20.95330603899999,103.44208323299998,SAT_10044,18.97692646301735,185.49521135447262,98.84538891932961,170.76121120701774,-66.01277358034284,29.477828005236557,35.0,0.12492684431936059,12.604463534242297
20.95330603899999,103.54208323299997,SAT_10044,19.034335850728212,185.8181391603462,98.85317346071155,170.74625919572551,-65.95536419263198,29.503445394273204,35.0,0.1246879503978846,12.587862440781775
20.95330603899999,103.64208323299997,SAT_10044,19.08329185972177,186.09351671093498,98.85974967287594,170.7334853465776,-65.90640818363842,29.525261136649814,35.0,0.12448428863488653,12.57369968507575
20.95330603899999,103.74208323299996,SAT_10044,19.123762787078363,186.3211656773158,98.8651435170538,170.72290910954524,-65.86593725628182,29.543275182411303,35.0,0.12431596444358317,12.561987364704313
20.95330603899999,103.84208323299995,SAT_10044,19.155722228826136,186.50093753714702,98.86937604106387,170.71454668988,-65.83397781453405,29.557487490309576,35.0,0.12418306558136938,12.552735549382254
20.95330603899999,103.94208323299995,SAT_10044,19.179149207848653,186.63271429414868,98.87246360664905,170.70841096615155,-65.81055083551153,29.567898027802695,35.0,0.12408566174468033,12.54595223541801
20.95330603899999,104.04208323299994,SAT_10044,19.19402827629618,186.716409054166,98.87441806412514,170.7045114245866,-65.79567176706401,29.574506771054224,35.0,0.12402380424524434,12.541643309286387
20.95330603899999,104.14208323299994,SAT_10044,19.20034959145356,186.75196645192625,98.87524687773566,170.70285411040527,-65.78935045190663,29.577313704932735,35.0,0.12399752577060819,12.539812520663483
20.95330603899999,104.24208323299993,SAT_10044,19.198108964278887,186.73936292406876,98.8749532041177,170.7034415966777,-65.7915910790813,29.57631882301152,35.0,0.12400684023108438,12.540461465184048
20.95330603899999,104.34208323299993,SAT_10044,19.187307880108165,186.67860682560843,98.87353592537023,170.7062729710375,-65.80239216325202,29.571522127568436,35.0,0.12405174269450142,12.543589577088474
20.95330603899999,104.44208323299992,SAT_10082,19.176824409356925,186.6196373026327,98.87225667185503,170.71148914778036,-65.81287563400326,29.56824100448613,35.0,0.1240798529543926,12.54554763775464
20.95330603899999,104.54208323299991,SAT_10082,19.262784125783213,187.10316070753058,98.88348201996028,170.6889388239789,-65.72691591757697,29.606398916242014,35.0,0.12372265492750625,12.520653354912573
20.95330603899999,104.64208323299991,SAT_10082,19.340480057919947,187.5402003257997,98.89348568487968,170.66849843791576,-65.64921998544024,29.64081569689571,35.0,0.12339993400287788,12.498137310417324
20.95330603899999,104.7420832329999,SAT_10082,19.40986249147747,187.93047651456078,98.90230690500385,170.65019850369742,-65.57983755188272,29.671491267206434,35.0,0.12311185538528359,12.47801846000645
20.95330603899999,104.8420832329999,SAT_10082,19.470886479839365,188.27373644909642,98.90997964672653,170.63406662692984,-65.51881356352082,29.69842555655158,35.0,0.12285856832575362,12.460313924816813
20.95330603899999,104.94208323299989,SAT_10082,19.5235120551351,188.56975531013495,98.91653297453912,170.62012736945704,-65.46618798822509,29.721618502925345,35.0,0.12264020545315388,12.445038916240236
20.95330603899999,105.04208323299989,SAT_10082,19.56770441864731,188.81833735489113,98.92199136146775,170.60840212721533,-65.42199562471288,29.74107005293752,35.0,0.12245688217340629,12.432206668261665
20.95330603899999,105.14208323299988,SAT_10082,19.60343410867766,189.01931686131184,98.92637494596282,170.59890902244973,-65.38626593468253,29.75678016181245,35.0,0.12230869614151112,12.421828377903744
20.95330603899999,105.24208323299987,SAT_10082,19.630677144184403,189.17255893603726,98.92969974017703,170.5916628114163,-65.35902289917578,29.76874879338817,35.0,0.12219572681098416,12.413913154336662
20.95330603899999,105.34208323299987,SAT_10082,19.64941514272556,189.27796017783126,98.93197779355005,170.5866748085478,-65.34028490063463,29.776975920115675,35.0,0.12211803506470414,12.408467977137805
20.95330603899999,105.44208323299986,SAT_10082,19.65963541149283,189.33544918964716,98.93321731472484,170.58395282789178,-65.33006463186736,29.781461523058418,35.0,0.12207566293048136,12.40549766410352
20.95330603899999,105.54208323299986,SAT_10082,19.6613310104847,189.34498693397643,98.93342275401784,170.5835011424574,-65.32836903287549,29.782205591891916,35.0,0.12206863338392243,12.405004848926065
20.95330603899999,105.64208323299985,SAT_10082,19.65450078715618,189.30656692775355,98.93259484793172,170.58532046191274,-65.335199256204,29.779208124903562,35.0,0.12209695024038827,12.406989968954436
20.95330603899999,105.74208323299985,SAT_10082,19.639149382181472,189.2202152747708,98.9307306265085,170.58940792887478,-65.35055066117872,29.77246912899258,35.0,0.12216059813703369,12.411451263159492
20.95330603899999,105.84208323299984,SAT_10082,19.6152872062664,189.08599053524853,98.92782338365458,170.59575713383552,-65.37441283709379,29.761988619670177,35.0,0.12225954260509356,12.418384780323354
20.95330603899999,105.94208323299983,SAT_10082,19.5829303882565,188.9039834339428,98.9238626099064,170.60435814855921,-65.40676965510369,29.747766621059828,35.0,0.12239373023175329,12.427784397372537
20.95330603899999,106.04208323299983,SAT_10082,19.542100695087242,188.67431640986572,98.91883388642727,170.61519757758577,-65.44759934827295,29.729803165897746,35.0,0.1225630889101253,12.439641847674796
20.95330603899999,106.14208323299982,SAT_10082,19.492825424411265,188.39714301231336,98.91271873831133,170.6282586272838,-65.49687461894892,29.708098295533542,35.0,0.12276752817506163,12.453946759023607
20.95330603899999,106.24208323299982,SAT_10082,19.435137271018917,188.0726471494814,98.90549444449863,170.64352119170775,-65.55456277234127,29.682652059930998,35.0,0.12300693962177883,12.470686700942743
20.95330603899999,106.34208323299981,SAT_10082,19.369074168418507,187.7010421973541,98.89713380075142,170.66096195434898,-65.62062587494168,29.653464517669068,35.0,0.1232811974035645,12.489847240858209
20.95330603899999,106.4420832329998,SAT_10082,19.294679107178936,187.2825699778815,98.88760483117693,170.6805545047129,-65.69502093618125,29.620535735943005,35.0,0.12359015880419064,12.511412008607184
20.95330603899999,106.5420832329998,SAT_10082,19.21199993184149,186.8174996166084,98.87687044267554,170.70226946851946,-65.7777001115187,29.58386579056566,35.0,0.12393366488007979,12.535362768684815
20.95330603899999,106.6420832329998,SAT_10082,19.121089118377512,186.30612629087352,98.86488801540237,170.72607465021449,-65.86861092498268,29.543454765968995,35.0,0.12431154116677005,12.561679499570403
20.95330603899999,106.74208323299979,SAT_10082,19.0220035343161,185.74876988052807,98.8516089208095,170.75193518638017,-65.96769650904409,29.499302755205687,35.0,0.12472359844380537,12.590340479425802
20.95330603899999,106.84208323299978,SAT_10082,18.914804183767743,185.14577353369356,98.83697795702349,170.779813708571,-66.07489585959244,29.45140985995096,35.0,0.1251696335518428,12.621322377420563
20.95330603899999,107.04208323299977,SAT_10082,18.676327265425,183.80434086801563,98.80340267932671,170.84146374289543,-66.31337277793519,29.344401865792946,35.0,0.12616276014549824,12.690148140687208
20.95330603899999,107.14208323299977,SAT_10082,18.54518992878583,183.06669334942032,98.78430858857983,170.87514955988692,-66.44451011457436,29.285287013371505,35.0,0.12670938357291087,12.727938184486032
20.95330603899999,107.44208323299975,SAT_10082,18.358065564192657,182.01411879858372,98.75624532936985,170.92295485574067,-66.63163447916753,29.200602643094996,35.0,0.12748999656065135,12.781792269961208
21.053306038999988,103.042083233,SAT_10081,19.372754220146234,187.72174248832258,98.89757781240141,170.65908006292105,-65.61694582321395,29.65457707161208,35.0,0.12327151826954935,12.489171313635431
21.053306038999988,103.142083233,SAT_10081,19.26422207666954,187.11124918126615,98.88364524598077,170.687651566156,-65.72547796669065,29.606526663034927,35.0,0.12372233052172178,12.520630733047847
21.053306038999988,103.24208323299999,SAT_10081,19.14750296379384,186.45470417134035,98.8683671396923,170.71825848212467,-65.84219707956635,29.554701098672233,35.0,0.12420743399042704,12.554432262123493
21.053306038999988,103.34208323299998,SAT_10081,19.022668996672564,185.75251310628317,98.851678261025,170.75085664288733,-65.96703104668762,29.49910049750772,35.0,0.12472658843471433,12.590548312873311
21.053306038999988,103.44208323299998,SAT_10082,18.900686750347575,185.06636297070511,98.83504874865322,170.78347743207686,-66.08901329301261,29.445093000793126,35.0,0.12522839156682566,12.625400470162052
21.053306038999988,103.54208323299997,SAT_10044,18.894346821377255,185.03070087024707,98.83406977078364,170.78266672057782,-66.09535322198293,29.440913617848423,35.0,0.12527060068455678,12.628329518568977
21.053306038999988,103.64208323299997,SAT_10044,18.94309655904182,185.3049181446102,98.84078222488695,170.77000816202764,-66.04660348431837,29.46271483714043,35.0,0.12506765138539436,12.614242508045765
21.053306038999988,103.74208323299996,SAT_10044,18.983396361088325,185.53160453112181,98.84628733695202,170.75952763562813,-66.00630368227186,29.48071689068745,35.0,0.12489991804045654,12.602593019290728
21.053306038999988,103.84208323299995,SAT_10044,19.015220278293057,185.71061406539846,98.85060687014334,170.75124105613082,-65.97447976506713,29.494919737257053,35.0,0.12476748696151237,12.593390959231838
21.053306038999988,103.94208323299995,SAT_10044,19.03854769609262,185.841830790521,98.85375773992672,170.7451610704075,-65.95115234726757,29.505323344319663,35.0,0.12467042669398042,12.586644194485737
21.053306038999988,104.04208323299994,SAT_10044,19.053363434343737,185.92516931818355,98.85575219636476,170.74129699354827,-65.93633660901645,29.51192768804789,35.0,0.12460878770054652,12.58235851581552
21.053306038999988,104.14208323299994,SAT_10044,19.059657821219034,185.96057524435707,98.85659795492954,170.73965476150659,-65.93004222214115,29.514732753316064,35.0,0.12458260212715841,12.580537611823473
21.053306038999988,104.24208323299993,SAT_10082,19.073145208577102,186.03644179824622,98.8585073655875,170.7385986987024,-65.91655483478308,29.522105150427286,35.0,0.12451089445143465,12.575550392056538
21.053306038999988,104.34208323299993,SAT_10082,19.175639335418097,186.61297126172678,98.87211486531672,170.71179956583416,-65.81406070794209,29.567714354720955,35.0,0.12408477853909114,12.545890718289796
21.053306038999988,104.44208323299992,SAT_10082,19.269970447595426,187.14358376772427,98.88442562209887,170.68705054614577,-65.71972959576476,29.60958512848664,35.0,0.12369280003750552,12.518571378068136
21.053306038999988,104.54208323299991,SAT_10082,19.3560794604836,187.62794696522025,98.8954895484962,170.66438786746812,-65.63362058287659,29.64771737529049,35.0,0.12333515551833085,12.493614935180613
21.053306038999988,104.64208323299991,SAT_10082,19.43391161629964,188.06575284168548,98.90535049862412,170.64384513126984,-65.55578842706055,29.682111007315804,35.0,0.12301202699947283,12.471042276107031
21.053306038999988,104.7420832329999,SAT_10082,19.50341673365736,188.45671912682266,98.9140467651027,170.62545315304587,-65.48628330970283,29.71276594536127,35.0,0.12272358114947111,12.450872520868765
21.053306038999988,104.8420832329999,SAT_10082,19.56454944047607,188.8005906026779,98.92161150240753,170.60923981315193,-65.42515060288412,29.739682118839475,35.0,0.1224699685484137,12.433122940023248
21.053306038999988,104.94208323299989,SAT_10082,19.617269388039617,189.09714030772287,98.92807308536277,170.5952299195461,-65.37243065532057,29.762859465775502,35.0,0.12225132301150203,12.417808878538462
21.053306038999988,105.04208323299989,SAT_10082,19.661541444126442,189.34617062321126,98.93345540996144,170.58344508381978,-65.32815859923375,29.782297932805726,35.0,0.1220677609809923,12.404943687238708
21.053306038999988,105.14208323299988,SAT_10082,19.69733586329596,189.5475142310398,98.93777814237995,170.57390361179242,-65.29236418006423,29.797997475176793,35.0,0.12191938099176317,12.394538662456846
21.053306038999988,105.24208323299987,SAT_10082,19.724628432611482,189.7010349334396,98.94105692092842,170.5666204098161,-65.2650716107487,29.809958056744733,35.0,0.12180626321520438,12.386602994462136
21.053306038999988,105.34208323299987,SAT_10082,19.74340059130745,189.8066283261044,98.94330351470325,170.56160690778444,-65.24629945205274,29.818179649974276,35.0,0.12172846908548945,12.381143725157083
21.053306038999988,105.44208323299986,SAT_10082,19.753639523159052,189.86422231776967,98.94452594184934,170.55887099967464,-65.23606052020114,29.822662235938285,35.0,0.12168604101160277,12.378165715453168
21.053306038999988,105.54208323299986,SAT_10082,19.755338220585557,189.87377749079377,98.94472854956963,170.55841700227,-65.23436182277463,29.823405804317428,35.0,0.12167900217774104,12.377671622644314
21.053306038999988,105.64208323299985,SAT_10082,19.74849551981238,189.83528729894462,98.9439120573133,170.56024563251282,-65.24120452354781,29.820410353399947,35.0,0.12170735643391845,12.379661888001026
21.053306038999988,105.74208323299985,SAT_10082,19.73311610671834,189.74877810029065,98.94207356391036,170.56435400373798,-65.25658393664185,29.81367589008163,35.0,0.12177108827778099,12.38413473470771
21.053306038999988,105.84208323299984,SAT_10082,19.709210493305406,189.61430902484292,98.93920651877903,170.57073564082918,-65.28048955005478,29.803202429865962,35.0,0.12187016292779838,12.391086176163757
21.053306038999988,105.94208323299983,SAT_10082,19.67679496504219,189.43197167836234,98.93530065669505,170.57938051412916,-65.312905078318,29.788989996864405,35.0,0.12200452648715925,12.400510034566084
21.053306038999988,106.04208323299983,SAT_10082,19.63589149963721,189.20188968545932,98.93034189495926,170.59027509173305,-65.35380854372298,29.771038623796883,35.0,0.12217410619686492,12.412397969589943
21.053306038999988,106.14208323299982,SAT_10082,19.586527658093956,188.92421807677854,98.9243121911132,170.60340240959636,-65.40317238526623,29.749348351992406,35.0,0.12237881077571205,12.426739516886569
21.053306038999988,106.24208323299982,SAT_10082,19.528736449187164,188.5991425266778,98.91718935861084,170.61874215869545,-65.46096359417302,29.723919231389882,35.0,0.12261853084408665,12.443522136023368
21.053306038999988,106.34208323299981,SAT_10082,19.462556168751007,188.22687844922442,98.90894683703337,170.63627078831504,-65.52714387460918,29.694751320539083,35.0,0.12289313942777373,12.462731267405443
21.053306038999988,106.4420832329998,SAT_10082,19.38803021541645,187.80766996171755,98.8995534125101,170.65596162436975,-65.60166982794374,29.66184468660179,35.0,0.123202492537332,12.484350397638451
21.053306038999988,106.5420832329998,SAT_10082,19.305206884635794,187.34178872607635,98.88897288294605,170.67778500153685,-65.6844931587244,29.625199405353083,35.0,0.1235464298179942,12.508361132722642
21.053306038999988,106.6420832329998,SAT_10082,19.21413914301256,186.82953267944566,98.87716366142129,170.70170840785804,-65.77556090034763,29.584815561182843,35.0,0.12392477526454708,12.534743278407886
21.053306038999988,106.74208323299979,SAT_10082,19.1148843850969,186.27122466617007,98.86407830967175,170.72769664037548,-65.87481565826329,29.540693247097366,35.0,0.1243373379952191,12.56347492698995
21.053306038999988,106.84208323299978,SAT_10082,19.007504174916477,185.6672109839052,98.84966299182784,170.755711970297,-65.98219586844371,29.492832564721187,35.0,0.12478391307826556,12.594532549789628
21.053306038999988,106.94208323299978,SAT_10082,18.892063974583806,185.0178598570339,98.83385683650665,170.78571431614162,-66.09763606877638,29.441233624299045,35.0,0.12526428240469423,12.62789109452911
21.053306038999988,107.04208323299977,SAT_10082,18.76863286236396,184.32355985079727,98.81659119283475,170.81766142329002,-66.22106718099623,29.38589654469804,35.0,0.12577821560041402,12.663524086803834
21.053306038999988,107.14208323299977,SAT_10082,18.637283242587145,183.5847182395527,98.79778876290744,170.85150904836928,-66.35241680077304,29.32682145340994,35.0,0.1263254709710191,12.701403734842675
21.053306038999988,107.24208323299976,SAT_10082,18.49809054976494,182.8017593424278,98.77736258942306,170.88721114692194,-66.49160949359525,29.26400848655366,35.0,0.12690579647243327,12.741501036754538
21.053306038999988,107.34208323299976,SAT_10082,18.351132949214033,181.97512283932895,98.75521487257608,170.92472006284905,-66.63856709414615,29.197457788877912,35.0,0.12751893070073267,12.783785889474292
21.153306038999986,102.942083233,SAT_10082,19.459188619649026,188.20793598552578,98.90853489689064,170.6371616447984,-65.53051142371116,29.693265774122292,35.0,0.12290711531430926,12.463708437720756
21.153306038999986,103.042083233,SAT_10082,19.38203424003254,187.77394260018303,98.89880352121808,170.65754363178206,-65.60766580332765,29.659194407559646,35.0,0.12322738677669726,12.486089192328544
21.153306038999986,103.142083233,SAT_10082,19.296605027578806,187.2934032801308,98.8878776636146,170.6800479356514,-65.69309501578138,29.62138898879025,35.0,0.12358215897327826,12.51085390994694
21.153306038999986,103.24208323299999,SAT_10082,19.202955397723528,186.76662411219485,98.87571423227034,170.70464115979473,-65.78674464563666,29.579849604911207,35.0,0.12397125105560305,12.537981839697522
21.153306038999986,103.34208323299998,SAT_10082,19.101144111464436,186.19393562698747,98.86226416709849,170.73128726901263,-65.88855593189575,29.534576351629365,35.0,0.12439446756223174,12.567450546950257
21.153306038999986,103.44208323299998,SAT_10082,18.991234012512535,185.57569132038302,98.84747187142521,170.75994775742018,-65.99846603084765,29.48556933326319,35.0,0.12485159926038794,12.599236007430271
21.153306038999986,103.54208323299997,SAT_10082,18.873291752287912,184.9122661066195,98.83127454882698,170.7905818238231,-66.11640829107228,29.432828662744775,35.0,0.12534242403156948,12.633312705962403
21.153306038999986,103.64208323299997,SAT_10044,18.79376872178122,184.46494906001936,98.82005449242347,170.8087160120183,-66.19593132157897,29.395849663750205,35.0,0.1256894749379831,12.65737549837288
21.153306038999986,103.74208323299996,SAT_10044,18.83389007358845,184.69063166393502,98.82568317142308,170.7983355956306,-66.15580996977174,29.413839675281725,35.0,0.12552235724736738,12.645791692175502
21.153306038999986,103.84208323299995,SAT_10044,18.86557266816304,184.86884625841714,98.83009932253833,170.79012833912054,-66.12412737519715,29.428033021232018,35.0,0.12539041358950218,12.636641643719116
21.153306038999986,103.94208323299995,SAT_10044,18.888796266936296,184.99947900151668,98.83332048254445,170.78410664926014,-66.10090377642389,29.438429669083792,35.0,0.12529371131258732,12.62993308493495
21.153306038999986,104.04208323299994,SAT_10082,18.92691166208556,185.21387809923127,98.83868056050633,170.77667018035095,-66.06278838127463,29.456825569089766,35.0,0.12511924451510692,12.617824525498355
21.153306038999986,104.14208323299994,SAT_10082,19.045707870954416,185.8821067741186,98.85483909980654,170.745756614237,-65.94399217240577,29.50987543454303,35.0,0.12462500248337079,12.583485990228445
21.153306038999986,104.24208323299993,SAT_10082,19.156461871186934,186.50509802542652,98.86960172598762,170.7168211352446,-65.83323817217325,29.559189614626163,35.0,0.12416449103967563,12.551442160515133
21.153306038999986,104.34208323299993,SAT_10082,19.25910619269723,187.0824723339219,98.88303086528735,170.68990505549152,-65.73059385066296,29.604767995721723,35.0,0.12373793498320464,12.52171885590994
21.153306038999986,104.44208323299992,SAT_10082,19.353577177235138,187.61387162194765,98.89518180712014,170.66504738961294,-65.63612286612505,29.646610472829025,35.0,0.12334554620794275,12.494340403133188
21.153306038999986,104.54208323299991,SAT_10082,19.439815257529943,188.09896082360595,98.90610336201311,170.64228467669793,-65.54988478583024,29.684716949562098,35.0,0.12298752280456433,12.469329535889852
21.153306038999986,104.64208323299991,SAT_10082,19.517765224361142,188.53742938703144,98.91583842567631,170.62165080964235,-65.47193481899905,29.719087338147798,35.0,0.12266404820609861,12.446707299298398
21.153306038999986,104.7420832329999,SAT_10082,19.587376479162543,188.9289926952893,98.9244244615685,170.60317687349976,-65.40232356419764,29.749721559424117,35.0,0.12237529038409918,12.426492959737901
21.153306038999986,104.8420832329999,SAT_10082,19.648603269815382,189.2733933927115,98.93189391216737,170.58689099438584,-65.3410967735448,29.776619542838652,35.0,0.12212140110182923,12.4087039208958
21.153306038999986,104.94208323299989,SAT_10082,19.70140490738821,189.57040260405867,98.93827454736642,170.5728182004245,-65.28829513597198,29.79978122644722,35.0,0.1219025152306682,12.393355646764027
21.153306038999986,105.04208323299989,SAT_10082,19.7457459617102,189.81982103461988,98.94358975692269,170.56098029614134,-65.24395408164999,29.819206556912658,35.0,0.12171875013555195,12.380461592285759
21.153306038999986,105.14208323299988,SAT_10082,19.781596433829264,190.02147994028962,98.94785879261259,170.5513957516018,-65.20810360953092,29.834895489503797,35.0,0.12157020513477562,12.370033142298132
21.153306038999986,105.24208323299987,SAT_10082,19.808931903608766,190.17524195779933,98.95109696467026,170.5440796074579,-65.18076813975142,29.84684798809459,35.0,0.12145696103892435,12.362079559349196
21.153306038999986,105.34208323299987,SAT_10082,19.827733650941795,190.2810017865476,98.95331579614218,170.5390433969181,-65.16196639241839,29.85506402516341,35.0,0.12137907977305915,12.356607940890663
21.153306038999986,105.44208323299986,SAT_10082,19.837988749320886,190.33868671492996,98.9545231379649,170.53629508548326,-65.1517112940393,29.859543581792508,35.0,0.12133660408557893,12.353623186262965
21.153306038999986,105.54208323299986,SAT_10082,19.839690130776816,190.3482569856196,98.95472324682969,170.53583902910773,-65.15000991258337,29.860286647667664,35.0,0.12132955734642106,12.35312797379688
21.153306038999986,105.64208323299985,SAT_10082,19.832836621500036,190.30970599593772,98.95391682721606,170.5376759512434,-65.15686342186015,29.857293221077963,35.0,0.12135794343645702,12.355122748258278
21.153306038999986,105.74208323299985,SAT_10082,19.817432947764047,190.22306033117277,98.9521010383359,170.5418029390222,-65.17226709559614,29.85056330891578,35.0,0.12142174672910588,12.359605718760605
21.153306038999986,105.84208323299984,SAT_10082,19.793489712088288,190.08837963049663,98.9492694661101,170.54821345861856,-65.1962103312719,29.84009692667692,35.0,0.12152093216433542,12.366572867165925
21.153306038999986,105.94208323299983,SAT_10082,19.76102333989442,189.90575628690613,98.94541205968427,170.55689738962127,-65.22867670346577,29.82589409846089,35.0,0.12165544541436667,12.376017966891014
21.153306038999986,106.04208323299983,SAT_10082,19.720055997221678,189.67531498437197,98.94051503136002,170.56784107803827,-65.26964404613851,29.80795485697139,35.0,0.12182521313955359,12.387932611932076
21.153306038999986,106.14208323299982,SAT_10082,19.67061548037256,189.39721207709565,98.93456071815501,170.58102740735035,-65.31908456298763,29.786279243516944,35.0,0.12203014333209164,12.402306255822134
21.153306038999986,106.24208323299982,SAT_10082,19.61273507864047,189.07163481735265,98.92752740248986,170.59643588684648,-65.37696496471972,29.760867308011697,35.0,0.12227012574442986,12.419126260140509
21.153306038999986,106.34208323299981,SAT_10082,19.546453411542657,188.69880043992745,98.91938908870806,170.6140427562897,-65.44324663181753,29.731719108976392,35.0,0.12254503239853294,12.438377952105688
21.153306038999986,106.4420832329998,SAT_10082,19.47181424221776,188.27895511247493,98.91011523124469,170.63382110580767,-65.51788580114243,29.69883471353949,35.0,0.12285471817147303,12.460044690702775
21.153306038999986,106.5420832329998,SAT_10082,19.388866268860212,187.8123727623387,98.89967040923644,170.65574100976062,-65.60083377449997,29.662214197438487,35.0,0.12319902145223703,12.48410794072561
21.153306038999986,106.6420832329998,SAT_10082,19.297662896242684,187.29935379136512,98.8880139411776,170.67976967322213,-65.6920371471175,29.621857645021397,35.0,0.12357776486411932,12.510547354052653
21.153306038999986,106.74208323299979,SAT_10082,19.198261989522877,186.74022369106618,98.87509943182678,170.70587158961328,-65.79143805383731,29.57776514924835,35.0,0.12399075604664032,12.539340857425739
21.153306038999986,106.84208323299978,SAT_10082,19.090725612641236,186.13533157110695,98.86087424190507,170.73400870796021,-65.89897443071895,29.529936811693435,35.0,0.12443778849058908,12.570464745961582
21.153306038999986,106.94208323299978,SAT_10082,18.975119753690095,185.48504861450678,98.84527886912952,170.76414060819857,-66.01458028967009,29.478372742546654,35.0,0.12491864241953936,12.60389378159864
21.153306038999986,107.04208323299977,SAT_10082,18.851514039670846,184.7897664731485,98.82824622671144,170.79622468292868,-66.13818600368934,29.423073060616062,35.0,0.12543308571102832,12.639601295665692
21.153306038999986,107.14208323299977,SAT_10082,18.7199814430644,184.04989561723724,98.80970080250783,170.8302163240219,-66.26971860029579,29.36403789333008,35.0,0.12598087485051798,12.677559294753445
21.153306038999986,107.24208323299976,SAT_10082,18.580597982608296,183.26586365217167,98.78955767841,170.86606911250453,-66.40910206075189,29.301267376739975,35.0,0.1265617559112742,12.717738569076056
21.153306038999986,107.34208323299976,SAT_10082,18.433442420613716,182.43811361595218,98.7677213851041,170.90373501019081,-66.55625762274647,29.23476165552248,35.0,0.12717546555339582,12.76010880252474
21.153306038999986,107.44208323299975,SAT_10082,18.456268024200426,182.56650763612737,98.77114778688616,170.89790504541116,-66.53343201915976,29.24509326285979,35.0,0.12708024242857932,12.753539994179812
21.153306038999986,107.54208323299974,SAT_10082,18.614713946033092,183.45776594643613,98.79453569332101,170.85730955630055,-66.3749860973271,29.316651368935176,35.0,0.12641954005233574,12.707908369909381
21.253306038999987,102.84208323300001,SAT_10082,19.609849106662935,189.05540122497902,98.92718279047006,170.5972033549558,-65.37985093669725,29.759599226261823,35.0,0.12228209344021865,12.419964714563054
21.253306038999987,102.942083233,SAT_10082,19.54091813116446,188.6676644878001,98.91871414127901,170.6155112939551,-65.44878191219573,29.729282596709478,35.0,0.12256799464967036,12.43998522030043
21.253306038999987,103.042083233,SAT_10082,19.463651252292195,188.2330382941436,98.90910375139279,170.63598107078946,-65.52604879106799,29.695234372879497,35.0,0.1228885947032898,12.462413498454746
21.253306038999987,103.142083233,SAT_10082,19.378098693694824,187.7518051520334,98.89831480510273,170.65858182636953,-65.61160134966536,29.65745463322184,35.0,0.12324372690208935,12.487230429615593
21.253306038999987,103.24208323299999,SAT_10082,19.28431530637124,187.22427359833824,98.88630512843729,170.6832798827789,-65.70538473698895,29.61594346479025,35.0,0.12363320903373975,12.514415109966569
21.253306038999987,103.34208323299998,SAT_10082,19.182360317385445,186.65077678529312,98.87302671692234,170.71003890411527,-65.80733972597474,29.57070096324392,35.0,0.12405684417157656,12.54394494093183
21.253306038999987,103.44208323299998,SAT_10082,19.07229706394058,186.0316709846658,98.85842518354868,170.73882006644752,-65.9174029794196,29.52172723284935,35.0,0.12451442152456152,12.575795724296865
21.253306038999987,103.54208323299997,SAT_10082,18.954192715207668,185.36733402304313,98.84243911492095,170.76958223530312,-66.03550732815252,29.46902238648238,35.0,0.12500571733149418,12.609941762000291
21.253306038999987,103.64208323299997,SAT_10082,18.82811798432904,184.65816366185086,98.82499932102691,170.80228214908794,-66.16158205903115,29.412586545630347,35.0,0.12553049579263784,12.646355959780909
21.253306038999987,103.74208323299996,SAT_10082,18.694146833014102,183.90457593570432,98.8060279609752,170.83687460684598,-66.29555321034609,29.35241984039447,35.0,0.12608851003188282,12.685009933862695
21.253306038999987,103.84208323299995,SAT_10082,18.73866254165118,184.1549767967879,98.81238294957734,170.8253980020562,-66.251037501709,29.372434286960168,35.0,0.12590305218182413,12.67217073443115
21.253306038999987,103.94208323299995,SAT_10082,18.873482422267713,184.91333862525588,98.83131994207905,170.7905324002722,-66.11621762109247,29.432914052158644,35.0,0.12534163030742573,12.633257642671484
21.253306038999987,104.04208323299994,SAT_10082,19.000398638945853,185.6272423440704,98.84873316152418,170.7575621243768,-65.98930140441433,29.489660921689513,35.0,0.12481347242129621,12.59658672930575
21.253306038999987,104.14208323299994,SAT_10082,19.119336468706948,186.29626763647659,98.86470010179598,170.72653284874957,-65.87036357465324,29.542674764759802,35.0,0.1243188279075838,12.56218666275588
21.253306038999987,104.24208323299993,SAT_10082,19.230224431342563,186.92001242630192,98.87928966157897,170.69748831259005,-65.75947561201762,29.591955459193592,35.0,0.12385793508606671,12.530084823535098
21.253306038999987,104.34208323299993,SAT_10082,19.332994588368038,187.49809455957023,98.89256301349381,170.67047012986836,-65.65670545499215,29.637502891429612,35.0,0.12343102023903041,12.500307196314374
21.253306038999987,104.44208323299992,SAT_10082,19.427582834731325,188.0301534453637,98.90457435013028,170.64551760350395,-65.56211720862886,29.679316956519088,35.0,0.12303829666828382,12.472878264975716
21.253306038999987,104.54208323299991,SAT_10082,19.513929180826807,188.51585164215078,98.91537152449928,170.6226675453874,-65.47577086253338,29.717397558123672,35.0,0.12267996378928019,12.447820911480376
21.253306038999987,104.64208323299991,SAT_10082,19.59197802236187,188.95487637578552,98.92499659936125,170.60195410386376,-65.39772202099832,29.75174460851359,35.0,0.12235620626927193,12.425156319378877
21.253306038999987,104.7420832329999,SAT_10082,19.661678395639598,189.3469409754727,98.93348631737399,170.58340860029142,-65.32802164772059,29.782358028565938,35.0,0.1220671932163076,12.404903882778797
21.253306038999987,104.8420832329999,SAT_10082,19.7229842158863,189.6917862143604,98.9408725019305,170.56705937624852,-65.26671582747389,29.809237747763152,35.0,0.12181307742566332,12.387081121562847
21.253306038999987,104.94208323299989,SAT_10082,19.775854496347364,189.9891815419539,98.94718239683358,170.5529316528993,-65.21384554701282,29.83238370419163,35.0,0.12159399468999446,12.371703603615158
21.253306038999987,105.04208323299989,SAT_10082,19.820253546008203,190.23892619629615,98.95243895150804,170.5410474039459,-65.16944649735198,29.851795844540554,35.0,0.12141006317909325,12.35878487476755
21.253306038999987,105.14208323299988,SAT_10082,19.85615114396333,190.44085018479373,98.95666105722786,170.5314252434829,-65.13354889939686,29.867474124100827,35.0,0.12126138289465163,12.348336397120143
21.253306038999987,105.24208323299987,SAT_10082,19.883522688658744,190.59481512370544,98.95986373878804,170.52408032993822,-65.10617735470144,29.879418506764235,35.0,0.12114803520485753,12.340367496322607
21.253306038999987,105.34208323299987,SAT_10082,19.902349320468346,190.70071492763444,98.96205830514249,170.51902428712677,-65.08735072289184,29.88762896502273,35.0,0.12107008246300666,12.33488531832479
21.253306038999987,105.44208323299986,SAT_10082,19.912618016318063,190.75847634178913,98.96325246172705,170.51626514327728,-65.07708202704212,29.89210547996791,35.0,0.12102756771359692,12.33189479601916
21.253306038999987,105.54208323299986,SAT_10082,19.914321655359302,190.76805931139606,98.96345038646857,170.51580728869894,-65.07537838800089,29.89284804129063,35.0,0.12102051448860385,12.331398626103981
21.253306038999987,105.64208323299985,SAT_10082,19.907459054995613,190.72945718435034,98.96265277081956,170.5176514525526,-65.08224098836457,29.88985664728083,35.0,0.12104892669581874,12.333397256396974
21.253306038999987,105.74208323299985,SAT_10082,19.89203497687238,190.64269674490714,98.96085682653751,170.52179469898897,-65.0976650664878,29.883131304827486,35.0,0.12111278860028599,12.337888883726034
21.253306038999987,105.84208323299984,SAT_10082,19.86806010276942,190.50783807807798,98.958056258327,170.5282304426925,-65.12163994059077,29.872672029418744,35.0,0.1212120648990124,12.344869462417996
21.253306038999987,105.94208323299983,SAT_10082,19.835550980652485,190.32497426617024,98.95424120186631,170.53694848366092,-65.1541490627077,29.858478845142223,35.0,0.1213467008882541,12.354332723300754
21.253306038999987,106.04208323299983,SAT_10082,19.79452994146061,190.09423092071592,98.94939812612937,170.54793506083357,-65.19517010189958,29.840551784685484,35.0,0.12151662272183233,12.366270203029673
21.253306038999987,106.14208323299982,SAT_10082,19.745024987508273,189.81576555473404,98.94350969827094,170.5611729239823,-65.24467505585191,29.81889088933666,35.0,0.12172173775810058,12.380671283448178
21.253306038999987,106.24208323299982,SAT_10082,19.687069653679558,189.4897668019475,98.93655460865047,170.57664142307704,-65.30263038968063,29.793496208985257,35.0,0.1219619349923945,12.39752324059646
21.253306038999987,106.34208323299981,SAT_10082,19.620702842851387,189.11645349103904,98.92850735280301,170.59431661416778,-65.3689972005088,29.764367802123118,35.0,0.12223708557106074,12.416811302893079
21.253306038999987,106.4420832329998,SAT_10082,19.545968637234807,188.6960735844458,98.91933796630418,170.6141713806558,-65.44373140612538,29.73150573584556,35.0,0.1225470433824835,12.43851871793267
21.253306038999987,106.5420832329998,SAT_10082,19.462916087532633,188.22890299237108,98.90901170748708,170.63617556868883,-65.52678395582755,29.694910085852673,35.0,0.12289164571992808,12.46262682727147
21.253306038999987,106.6420832329998,SAT_10082,19.371598981994694,187.71524427372017,98.89748868182059,170.6602961352955,-65.6181010613655,29.65458093645079,35.0,0.12327071401049805,12.489115148510281
21.253306038999987,106.74208323299979,SAT_10082,19.272075597598686,187.1554252364926,98.88472340040748,170.68649730777753,-65.7176244457615,29.610518380554126,35.0,0.12368405460406955,12.517961463934027
21.253306038999987,106.84208323299978,SAT_10082,19.16440843569636,186.54979745079203,98.87066426345507,170.71474075280707,-65.82529160766383,29.56272251968655,35.0,0.12413145961571968,12.54914191492758
21.253306038999987,106.94208323299978,SAT_10082,19.048663944536557,185.89873468801815,98.85525295764627,170.7449857536322,-65.94103609882363,29.51119346398359,35.0,0.12461270781491758,12.58263110136011
21.253306038999987,107.04208323299977,SAT_10082,18.924912231118753,185.202631300043,98.83842375401356,170.77718939376763,-66.06478781224143,29.455931332194556,35.0,0.12512756555458424,12.618402185113776
21.253306038999987,107.14208323299977,SAT_10082,18.793226764828958,184.4619005521629,98.82010269008764,170.81130674555493,-66.19647327853123,29.396936251684824,35.0,0.1256757877330607,12.656426996928056
21.253306038999987,107.24208323299976,SAT_10082,18.65368407528571,183.6769729234821,98.80020661662734,170.84729106199418,-66.33601596807448,29.334208358438328,35.0,0.12625711878204102,12.696676145736587
21.253306038999987,107.34208323299976,SAT_10082,18.50636344675965,182.84829438802302,98.77864208496369,170.8850939702976,-66.48333659660054,29.267747797060192,35.0,0.1268712936736266,12.739119129689517
21.35330603899999,102.942083233,SAT_10082,19.612992322654264,189.07308181493025,98.92757444213413,170.59636747405818,-65.37670772070592,29.76098033506118,35.0,0.12226905900078569,12.419051522708132
21.35330603899999,103.042083233,SAT_10082,19.5356318280257,188.63792903264456,98.91806949834799,170.61691351251346,-65.45406821533449,29.726955347833393,35.0,0.12258992468787615,12.441520125966541
21.35330603899999,103.142083233,SAT_10082,19.4499766846658,188.15611885124514,98.90739986781698,170.63959805081055,-65.53972335869439,29.689201391446076,35.0,0.12294534764059611,12.466381351689316
21.35330603899999,103.24208323299999,SAT_10082,19.356082122717297,187.6279619402848,98.89552417251107,170.6643871657576,-65.63361792064289,29.64771855290982,35.0,0.1233351444635224,12.493614163331593
21.35330603899999,103.34208323299998,SAT_10082,19.25400777489355,187.05379373377625,98.8823953231365,170.69124425929274,-65.73569226846664,29.602506927836384,35.0,0.12375911695903401,12.523195820051246
21.35330603899999,103.44208323299998,SAT_10082,19.14381740786638,186.43397291924836,98.86795998112163,170.720130230237,-65.84588263549381,29.55356662044057,35.0,0.12421705298448671,12.555101972712889
21.35330603899999,103.54208323299997,SAT_10082,19.02557864132605,185.76887985745904,98.85215793138762,170.75100365363087,-65.96412140203414,29.500897743542215,35.0,0.12470872735388985,12.589306764591587
21.35330603899999,103.64208323299997,SAT_10082,18.89936265717047,185.05891494658388,98.83492135183008,170.78382096603042,-66.09033738618972,29.444500418568374,35.0,0.12523390277717103,12.625782935950498
21.35330603899999,103.74208323299996,SAT_10082,18.765243901267638,184.30449694463047,98.81617396245849,170.8185366551527,-66.22445614209255,29.384374775555678,35.0,0.12579233083007405,12.66450193166543
21.35330603899999,103.84208323299995,SAT_10082,18.802353230758484,184.51323692301648,98.82140659584554,170.80894723867186,-66.1873468126017,29.401031208289655,35.0,0.12563778136944467,12.65379300085004
21.35330603899999,103.94208323299995,SAT_10082,18.937297159449997,185.2722965219062,98.84014258797829,170.77397269114013,-66.05240288391019,29.461469711048014,35.0,0.12507602451599056,12.614823879302087
21.35330603899999,104.04208323299994,SAT_10082,19.064332261328417,185.98686896997233,98.85737340089335,170.74089858162168,-65.92536778203177,29.51817786504433,35.0,0.12454754450518406,12.578099520949234
21.35330603899999,104.14208323299994,SAT_10082,19.18338338520968,186.65653154180447,98.87317512708837,170.70977086022992,-65.80631665815051,29.571155539550066,35.0,0.12405259208772464,12.543648745382914
21.35330603899999,104.24208323299993,SAT_10082,19.29437863602743,187.2808798276543,98.88761543692286,170.68063353368402,-65.69532140733276,29.620402612449464,35.0,0.1235914068995879,12.511499079198614
21.35330603899999,104.34208323299993,SAT_10082,19.397249676293853,187.85952942915293,98.90075442674731,170.6535284735888,-65.59245036706633,29.665918970237165,35.0,0.12316421648209135,12.48167664723259
21.35330603899999,104.44208323299992,SAT_10082,19.491932020304247,188.39211761421137,98.91264534723973,170.6284952289474,-65.49776802305594,29.707704508016043,35.0,0.12277123533217588,12.454206066792402
21.35330603899999,104.54208323299991,SAT_10082,19.578365318606316,188.8783049171605,98.92333522893199,170.60557084454115,-65.41133472475387,29.745759129495156,35.0,0.12241266398993732,12.42911034571794
21.35330603899999,104.64208323299991,SAT_10082,19.65649363025402,189.31777667017886,98.93286541894726,170.58478968681487,-65.33320641310617,29.780082746987887,35.0,0.12208868817040693,12.40641078510878
21.35330603899999,104.7420832329999,SAT_10082,19.72626568038156,189.7102444521463,98.94127204053773,170.56618327889979,-65.26343436297863,29.81067528141024,35.0,0.12179947794645923,12.386126887542627
21.35330603899999,104.8420832329999,SAT_10082,19.787635100698324,190.05544744142807,98.94858638500567,170.54978014636546,-65.20206494266186,29.83753666227933,35.0,0.12154518698950904,12.368276271586218
21.35330603899999,104.94208323299989,SAT_10082,19.840560650600324,190.3531536596268,98.95483524392039,170.53560567523215,-65.14913939275986,29.86066682771199,35.0,0.12132595187435005,12.352874593365355
21.35330603899999,105.04208323299989,SAT_10082,19.885006416728586,190.6031610940983,98.96004118814214,170.52368198368723,-65.1046936266316,29.88006572442361,35.0,0.12114189145408509,12.339935475913911
21.35330603899999,105.14208323299988,SAT_10082,19.920941988971848,190.80529868796665,98.96422279897733,170.5140278088409,-65.06875805438834,29.895733307727067,35.0,0.12099310631060688,12.329470446963906
21.35330603899999,105.24208323299987,SAT_10082,19.948342611119443,190.95942718754688,98.96739485577206,170.50665840971726,-65.04135743224074,29.907669541531888,35.0,0.12087967828551088,12.321488885769867
21.35330603899999,105.34208323299987,SAT_10082,19.967189304601135,191.06543983838137,98.96956848336892,170.50158548752455,-65.02251073875905,29.915874398343547,35.0,0.12080167009566953,12.315997979482384
21.35330603899999,105.44208323299986,SAT_10082,19.977468964014562,191.12326292258192,98.97075126207227,170.49881712407338,-65.01223107934563,29.920347859262925,35.0,0.12075912503697439,12.313002689498198
21.35330603899999,105.54208323299986,SAT_10082,19.97917442342913,191.13285613178886,98.9709473020689,170.49835773901802,-65.01052561993106,29.921089913985952,35.0,0.12075206677897501,12.312505728120017
21.35330603899999,105.64208323299985,SAT_10082,19.972304492756095,191.09421277175304,98.97015728360749,170.50020806639682,-65.01739555060409,29.918100560803406,35.0,0.12078049925231822,12.31450754575836
21.35330603899999,105.74208323299985,SAT_10082,19.956863963798043,191.00735979636397,98.96837846363691,170.50436515072934,-65.03283607956214,29.911379806600873,35.0,0.12084440663003589,12.319006328803638
21.35330603899999,105.84208323299984,SAT_10082,19.932863585908365,190.87235767073454,98.9656046490179,170.51082236271805,-65.05683645745182,29.900927666858895,35.0,0.1209437534028559,12.325998008189819
21.35330603899999,105.94208323299983,SAT_10082,19.900320011527,190.68930006483936,98.96182613584337,170.51956943437486,-65.08938003183319,29.88674416565325,35.0,0.12107848454783433,12.335476278563746
21.35330603899999,106.04208323299983,SAT_10082,19.859255712170324,190.4583133809581,98.95702961380638,170.53059251318763,-65.13044433118986,29.868829335655445,35.0,0.12124852578874205,12.347432627868942
21.35330603899999,106.14208323299982,SAT_10082,19.809698865773285,190.17955611997473,98.9511980339316,170.5438742347243,-65.1800011775869,29.847183218133306,35.0,0.12145378394580095,12.3618563770501
21.35330603899999,106.24208323299982,SAT_10082,19.751683216567386,189.85321809319157,98.94431043730995,170.55939381288542,-65.2380168267928,29.82180586295183,35.0,0.12169414737156584,12.378734729487645
21.35330603899999,106.34208323299981,SAT_10082,19.685247908957578,189.47951948788636,98.93634174173354,170.5771271468264,-65.30445213440261,29.792697328574096,35.0,0.12196948646900319,12.398052829681303
21.35330603899999,106.4420832329998,SAT_10082,19.610437297104113,189.05870979621062,98.92726248228823,170.5970469434119,-65.37926274625607,29.75985768206244,35.0,0.12227965428713507,12.41979383061948
21.35330603899999,106.5420832329998,SAT_10082,19.52730073213212,188.5910666182432,98.9170385010027,170.61912285392026,-65.46239931122807,29.72328699907972,35.0,0.12262448718900999,12.443938969198516
21.35330603899999,106.6420832329998,SAT_10082,19.43589232907675,188.07689435105672,98.90563057953798,170.64332162359443,-65.55380771428344,29.682985363890804,35.0,0.1230038055862349,12.470467648993576
21.35330603899999,106.74208323299979,SAT_10082,19.336270715819353,187.51652277648387,98.89299400759096,170.66960725253935,-65.65342932754083,29.63895286936419,35.0,0.12341741473386549,12.499357529631814
21.35330603899999,106.84208323299978,SAT_10082,19.22849876637966,186.91030556088558,98.87907807812954,170.6979411663965,-65.76120127698053,29.59118961697379,35.0,0.1238651055791043,12.53058462197872
21.35330603899999,106.94208323299978,SAT_10082,19.112643321008562,186.25861868067318,98.8638254987138,170.72828239517463,-65.87705672235163,29.53969571680092,35.0,0.1243466556570035,12.564123388320919
21.35330603899999,107.04208323299977,SAT_10082,18.988774895557356,185.56185878751012,98.84717170590596,170.7605877586005,-66.00092514780283,29.484471287536408,35.0,0.1248618300262104,12.599946846712525
21.35330603899999,107.14208323299977,SAT_10082,18.856967382609028,184.82044152717577,98.82904406703666,170.79481205634895,-66.13273266075116,29.425516456482907,35.0,0.1254103822377242,12.638026678647405
21.35330603899999,107.24208323299976,SAT_10082,18.717297746821245,184.0347998258695,98.80936095024522,170.8309082615406,-66.27240229653894,29.362831359557344,35.0,0.1259920553296554,12.67833333922603
21.35330603899999,107.34208323299976,SAT_10082,18.569845716870063,183.2053821573941,98.78803063958706,170.86882771594077,-66.41985432649012,29.29641614129356,35.0,0.1266065828410793,12.720836169001846
21.35330603899999,107.44208323299975,SAT_10082,18.516466106435132,182.90512184869763,98.78016488499433,170.88250770952072,-66.47323393692506,29.272313119577458,35.0,0.12682916162068983,12.736210185361097
21.35330603899999,107.54208323299974,SAT_10082,18.674932219788246,183.7964937363089,98.8032912533872,170.8418228950498,-66.31476782357194,29.343774010242555,35.0,0.12616857326590994,12.690550365498785
21.453306038999987,102.942083233,SAT_10082,19.675356259489917,189.4238789596308,98.93515471407419,170.57976397495565,-65.31434378387027,29.788358919852126,35.0,0.12201049051659993,12.400928238250145
21.453306038999987,103.042083233,SAT_10082,19.597921484182876,188.98830834852868,98.92574043331734,170.60037445558703,-65.39177855917731,29.754357263041666,35.0,0.1223315574690945,12.42342980916286
21.453306038999987,103.142083233,SAT_10082,19.512185011621057,188.50604069036845,98.91517338436367,170.62312978908938,-65.47751503173913,29.71662919402293,35.0,0.12268720038099709,12.448327236291687
21.453306038999987,103.24208323299999,SAT_10082,19.418202392688627,187.97738845887355,98.90341287095356,170.64799584434945,-65.57149765067156,29.675174799763553,35.0,0.12307723485992346,12.475599371225742
21.453306038999987,103.34208323299998,SAT_10082,19.3160336032291,187.4026890181637,98.8904125875381,170.67493580109215,-65.67366644013109,29.6299941758281,35.0,0.12350146163725409,12.505223353229786
21.453306038999987,103.44208323299998,SAT_10082,19.205742773152437,186.78230309898245,98.8761200932049,170.70391032316124,-65.78395727020775,29.581087426379906,35.0,0.12395966743138238,12.537174705995037
21.453306038999987,103.54208323299997,SAT_10082,19.087397903146993,186.11661320520184,98.8604761986012,170.7348777394269,-65.9023021402132,29.52845466418308,35.0,0.12445162585567585,12.57142743911368
21.453306038999987,103.64208323299997,SAT_10082,18.961070571482054,185.40602196458656,98.8434142521909,170.7677942306758,-66.02862947187813,29.472096010604684,35.0,0.12497709836416886,12.607954153442847
21.453306038999987,103.74208323299996,SAT_10082,18.826835633367992,184.65095043769497,98.82485930929998,170.8026140208584,-66.1628644099922,29.412011595617074,35.0,0.12553583522796663,12.646726149522888
21.453306038999987,103.84208323299995,SAT_10082,18.856506527262,184.81784921584878,98.82899913800412,170.79493144598163,-66.13319351609819,29.42530998105185,35.0,0.12541230085620045,12.638159750312205
21.453306038999987,103.94208323299995,SAT_10082,18.99154245594309,185.57742631467988,98.84756478617787,170.75986747917028,-65.9981575874171,29.48570705469055,35.0,0.1248503160395374,12.599146846897828
21.453306038999987,104.04208323299994,SAT_10082,19.11866592678203,186.2924958381489,98.86464099922907,170.72670814244344,-65.87103411657816,29.542376336763976,35.0,0.12432161574126328,12.562380695157438
21.453306038999987,104.14208323299994,SAT_10082,19.23780143716249,186.962633084039,98.88030268583896,170.69549961280052,-65.7518986061977,29.595317696607705,35.0,0.12382645182950809,12.527890238175388
21.453306038999987,104.24208323299993,SAT_10082,19.348876751499603,187.58743172718525,98.89461647849188,170.6662861171124,-65.64082329186058,29.644531012165857,35.0,0.12336506501641338,12.495703121897622
21.453306038999987,104.34208323299993,SAT_10082,19.451823204764594,188.16650552680085,98.90764156394253,170.6391097390228,-65.5378768385956,29.690016169988716,35.0,0.1229376838726504,12.465845585688854
21.453306038999987,104.44208323299992,SAT_10082,19.546575998742895,188.6994899929288,98.91943039666629,170.61401023008642,-65.44312404461729,29.73177306523056,35.0,0.12254452387221426,12.438342355889208
21.453306038999987,104.54208323299991,SAT_10082,19.63307448852447,189.18604399795015,98.93002931182501,170.59102482679495,-65.35662555483572,29.769801601647618,35.0,0.12218578647458445,12.413216543213794
21.453306038999987,104.64208323299991,SAT_10082,19.711262456723674,189.62585131907068,98.93947905140497,170.57018807514288,-65.27843758663651,29.804101691596223,35.0,0.12186165825130774,12.39048954483856
21.453306038999987,104.7420832329999,SAT_10082,19.781088372940403,190.01862209778977,98.94781521481968,170.5515316643826,-65.20861167041978,29.834673256031106,35.0,0.12157231006393944,12.370180952004365
21.453306038999987,104.8420832329999,SAT_10082,19.842505636040897,190.36409420273006,98.95506864331966,170.53508427157504,-65.14719440731929,29.861516224503887,35.0,0.12131789630006165,12.352308463948075
21.453306038999987,104.94208323299989,SAT_10082,19.895472796928544,190.66203448272304,98.96126574592529,170.52087141848534,-65.09422724643164,29.884630535161698,35.0,0.12109855417378584,12.336887808934215
21.453306038999987,105.04208323299989,SAT_10082,19.939953759616728,190.9122398978441,98.96642877323532,170.5089153422786,-65.04974628374346,29.904016134745998,35.0,0.12091440309674306,12.323932673114108
21.453306038999987,105.14208323299988,SAT_10082,19.97591795857838,191.11453851700338,98.97057604430637,170.49923488136767,-65.01378208478181,29.91967297859154,35.0,0.12076554412506833,12.313454637880612
21.453306038999987,105.24208323299987,SAT_10082,20.003340510560832,191.26879037190466,98.9737221308079,170.49184537761994,-64.98635953279936,29.931601030625504,35.0,0.120652059487306,12.305463126317619
21.453306038999987,105.34208323299987,SAT_10082,20.02220233928371,191.37488815847087,98.97587800179629,170.4867585959817,-64.96749770407648,29.939800263366827,35.0,0.12057401219750316,12.299965359264096
21.453306038999987,105.44208323299986,SAT_10082,20.03249027171364,191.43275777838926,98.97705113169192,170.48398266239082,-64.95720977164655,29.944270657925628,35.0,0.12053144575703087,12.296966321424332
21.453306038999987,105.54208323299986,SAT_10082,20.034197104883788,191.44235871497133,98.97724557335974,170.48352202067065,-64.9555029384764,29.94501220400288,35.0,0.12052438394788609,12.296468737860744
21.453306038999987,105.64208323299985,SAT_10082,20.027321642551144,191.4036842393502,98.97646199756771,170.48537740887588,-64.96237840080904,29.942024899890196,35.0,0.12055283071939678,12.298473061103966
21.453306038999987,105.74208323299985,SAT_10082,20.0118687012923,191.3167614447692,98.97469769950585,170.48954585535859,-64.97783134206789,29.935308752469794,35.0,0.12061677016938756,12.30297746900971
21.453306038999987,105.84208323299984,SAT_10082,19.987849085972755,191.18165110859675,98.97194657247869,170.49602069459831,-65.00185095738743,29.924863777214643,35.0,0.12071616661998211,12.309977873383776
21.453306038999987,105.94208323299983,SAT_10082,19.955279534855308,190.9984473835611,98.96819904831632,170.50479160261756,-65.03442050850488,29.910689998188747,35.0,0.12085096478733415,12.319467939288726
21.453306038999987,106.04208323299983,SAT_10082,19.914182634935656,190.76727732151306,98.96344200346854,170.51584465158956,-65.07551740842453,29.89278744804761,35.0,0.12102109004370548,12.331439114838876
21.453306038999987,106.14208323299982,SAT_10082,19.86458670840736,190.4883002347914,98.95765862913608,170.5291623830352,-65.12511333495283,29.871156168038887,35.0,0.12122644876946359,12.345880671187029
21.453306038999987,106.24208323299982,SAT_10082,19.80652567145779,190.16170690195008,98.95082826313481,170.54472389880527,-65.1831743719024,29.84579620800315,35.0,0.12146692879176617,12.3627797523085
21.453306038999987,106.34208323299981,SAT_10082,19.740038866869753,189.78771862614238,98.94292618046225,170.56250496886278,-65.24966117649043,29.81670762637488,35.0,0.12174239990594644,12.38212143409659
21.453306038999987,106.4420832329998,SAT_10082,19.6651708721525,189.36658615585782,98.93392333871796,170.58247815471543,-65.32452917120769,29.783890490183566,35.0,0.12205271447492645,12.403888792200895
21.453306038999987,106.5420832329998,SAT_10082,19.58197128514817,188.8985884789585,98.92378607359461,170.60461294719926,-65.40772875821202,29.747344875055028,35.0,0.12239770810137271,12.428062977966414
21.453306038999987,106.6420832329998,SAT_10082,19.490494489237363,188.38403150196018,98.91247573856916,170.6288759172003,-65.49920555412282,29.707070865212863,35.0,0.12277720036677668,12.454623301768608
21.453306038999987,106.74208323299979,SAT_10082,19.390799400426488,187.823246627399,98.89994828164896,170.6552308777945,-65.5989006429337,29.663068553480073,35.0,0.12319099563120436,12.483547322988063
21.453306038999987,106.84208323299978,SAT_10082,19.282949198702795,187.21658924270324,98.88615375051246,170.68363905622272,-65.70675084465739,29.615338041280854,35.0,0.12363888388710674,12.514810945828426
21.453306038999987,106.94208323299978,SAT_10082,19.16701104612413,186.56443713444824,98.87103571557105,170.7140592740647,-65.82268899723606,29.563879438642566,35.0,0.12412064166033161,12.548388520153594
21.453306038999987,107.04208323299977,SAT_10082,19.04305579414566,185.86718884206937,98.85453059829166,170.7464481339572,-65.94664424921453,29.508692864197844,35.0,0.1246360329513167,12.584252946503863
21.453306038999987,107.14208323299977,SAT_10082,18.911157682688724,185.12526196512408,98.83656688946074,170.78076021120268,-66.07854236067146,29.449778445186904,35.0,0.1251848102093771,12.622375784446323
21.453306038999987,107.24208323299976,SAT_10082,18.771394033425196,184.33909143801674,98.8170642388195,170.81694824864073,-66.21830600993499,29.38713631746,35.0,0.12576671533302214,12.662727363421244
21.453306038999987,107.34208323299976,SAT_10082,18.62384493968429,183.50912778572413,98.79593239349778,170.85496335320386,-66.3658551036759,29.320766625480033,35.0,0.126381480689342,12.705276895262735
21.453306038999987,107.44208323299975,SAT_10082,18.53225653455587,182.99394300687678,98.78252465213386,170.87846359227584,-66.45744350880432,29.279446431422947,35.0,0.12676331357838036,12.73166303437304
21.453306038999987,107.54208323299974,SAT_10082,18.69067602741559,183.8850526542127,98.80557437783474,170.83776867654151,-66.2990240159446,29.350858418544615,35.0,0.1261029715739808,12.686010786373716
21.453306038999987,107.64208323299974,SAT_10082,18.841382423003566,184.73277612939503,98.82689170897636,170.79884845740867,-66.14831762035662,29.418532652512464,35.0,0.12547526754061286,12.642526547919811
21.453306038999987,107.74208323299973,SAT_10082,18.98429103753587,185.53663708613925,98.84657911450878,170.76175457174423,-66.00540900582432,29.482468977380762,35.0,0.12488048473740994,12.601242926723431
21.553306038999985,103.042083233,SAT_10082,19.650472535527726,189.28390801234346,98.932149984144,170.58639323640122,-65.33922750783246,29.777440058575344,35.0,0.12211365112040286,12.408160678886174
21.553306038999985,103.142083233,SAT_10082,19.564676418230093,188.8013048525443,98.9216695069052,170.609206100757,-65.4250236251301,29.73973798096338,35.0,0.1224694418595408,12.433086063476924
21.553306038999985,103.24208323299999,SAT_10082,19.47062932410887,188.2722899481124,98.91000619467015,170.63413467868938,-65.51907071925132,29.69831214529645,35.0,0.12285963550886124,12.460388550349531
21.553306038999985,103.34208323299998,SAT_10082,19.368391507791486,187.6972022313271,98.89711440170267,170.66114196887793,-65.6213085355687,29.653162647092138,35.0,0.12328403193361448,12.490045181849288
21.553306038999985,103.44208323299998,SAT_10082,19.258027394280717,187.07640409282902,98.8829424426826,170.69018844373875,-65.73167264907947,29.604289590462564,35.0,0.12374241693104228,12.522031378872253
21.553306038999985,103.54208323299997,SAT_10082,19.13960529375528,186.41027977737343,98.8674319914926,170.7212322316135,-65.8500947496049,29.551693088116377,35.0,0.12423456314340287,12.556321042964388
21.553306038999985,103.64208323299997,SAT_10082,19.013197106427327,185.6992337236537,98.85051738153227,170.75422930496222,-65.97650293693286,29.49537326136092,35.0,0.12476023100884112,12.592886662322723
21.553306038999985,103.74208323299996,SAT_10082,18.878878019947336,184.94368886220377,98.83212479143747,170.78913367291807,-66.11082202341285,29.43533024010459,35.0,0.12531916974303092,12.631699420856345
21.553306038999985,103.84208323299995,SAT_10082,18.901083487877415,185.06859461931046,98.83519590058371,170.78337449607133,-66.08861655548277,29.445270552122725,35.0,0.1252267402522199,12.625285871281948
21.553306038999985,103.94208323299995,SAT_10082,19.036178830684634,185.82850592260107,98.8536206149352,170.7482409824583,-65.95352121267555,29.505626030057734,35.0,0.12466463618837605,12.586241624086602
21.553306038999985,104.04208323299994,SAT_10082,19.163359638600923,186.5438979671302,98.87056891550989,170.7150153569883,-65.82634040475926,29.562256283909512,35.0,0.12413581906473682,12.549445512615742
21.553306038999985,104.14208323299994,SAT_10082,19.282550136179324,187.2143445160087,98.88611473292084,170.68374397348043,-65.70714990718086,29.61516118307746,35.0,0.12364054161276913,12.51492657516512
21.553306038999985,104.24208323299993,SAT_10082,19.393677823449806,187.83943775690517,98.90032384203303,170.6544712303925,-65.59602221991038,29.664340605565297,35.0,0.12317904537589314,12.4827125497073
21.553306038999985,104.34208323299993,SAT_10082,19.496673781050717,188.41879001841028,98.91325467788272,170.62723937664444,-65.49302626230947,29.70979443797867,35.0,0.12275155971975095,12.452829763923955
21.553306038999985,104.44208323299992,SAT_10082,19.59147296808257,188.95203544546447,98.92495903686161,170.6020883216861,-65.39822707527762,29.751522575523012,35.0,0.1223583008727957,12.425303028241743
21.553306038999985,104.54208323299991,SAT_10082,19.678014510173682,189.43883161972698,98.9354826793303,170.57905545146303,-65.3116855331865,29.789524922001505,35.0,0.1219994710043336,12.400155532720648
21.553306038999985,104.64208323299991,SAT_10082,19.756241975229116,189.87886111066376,98.94486584701698,170.55817545195342,-65.23345806813107,29.823801389813227,35.0,0.12167525734711998,12.377408748643765
21.553306038999985,104.7420832329999,SAT_10082,19.826103634362767,190.27183294329055,98.95314370625184,170.53948014193114,-65.16359640899742,29.854351899951453,35.0,0.12138583137148908,12.357082335646245
21.553306038999985,104.8420832329999,SAT_10082,19.887552705567117,190.61748396881504,98.96034672618063,170.52299831657967,-65.10214733779307,29.881176382002135,35.0,0.12113134801778049,12.339194055197755
21.553306038999985,104.94208323299989,SAT_10082,19.940547577779142,190.91558012500766,98.96650099951312,170.50875560351247,-65.04915246558105,29.90427477414256,35.0,0.12091194499351224,12.323759691217631
21.553306038999985,105.04208323299989,SAT_10082,19.985052013130897,191.1659175738613,98.9716285120273,170.4967743326733,-65.00464803022929,29.92364702314014,35.0,0.12072774214134424,12.310792978554785
21.553306038999985,105.14208323299988,SAT_10082,20.02103532534933,191.36832370508998,98.97574736591996,170.48707342147335,-64.96866471801086,29.939293084351394,35.0,0.12057884088337671,12.300305540005521
21.553306038999985,105.24208323299987,SAT_10082,20.048472532475913,191.522657995177,98.97887196112308,170.47966827638584,-64.94122751088427,29.951212921721076,35.0,0.1204653237467442,12.292306832472775
21.553306038999985,105.34208323299987,SAT_10082,20.06734448231296,191.6288127130104,98.98101313786326,170.4745707120634,-64.92235556104723,29.959406507781505,35.0,0.1203872539748026,12.286804102790528
21.553306038999985,105.44208323299986,SAT_10082,20.077637949277545,191.6867134646862,98.9821782829969,170.47178888885884,-64.91206209408264,29.963873823652005,35.0,0.12034467522747336,12.283802353648335
21.553306038999985,105.54208323299986,SAT_10082,20.07934570162608,191.6963195716467,98.98237140198452,170.47132726944437,-64.9103543417341,29.96461485903857,35.0,0.12033761137351817,12.283304319954778
21.553306038999985,105.64208323299985,SAT_10082,20.07246653833404,191.657624278129,98.98159315775365,170.47318659500658,-64.91723350502615,29.96162961223364,35.0,0.12036606637667932,12.285310455876523
21.553306038999985,105.74208323299985,SAT_10082,20.057005295227043,191.5706547856521,98.97984087711929,170.47736388128914,-64.93269474813314,29.954918090116088,35.0,0.12043002427675151,12.289818932683339
21.553306038999985,105.84208323299984,SAT_10082,20.032972820303087,191.43547211420488,98.97710852487356,170.48385243452196,-64.9567272230571,29.944480308151334,35.0,0.12052944926576216,12.29682564742071
21.553306038999985,105.94208323299983,SAT_10082,20.000385918508073,191.2521707916079,98.97338664509743,170.49264188706243,-64.98931412485211,29.930316290391666,35.0,0.12066428585854708,12.306324242322788
21.553306038999985,106.04208323299983,SAT_10082,19.959267266560147,191.02087837440087,98.96866226868003,170.50371825234964,-65.03043277680004,29.912426069476684,35.0,0.12083445915612856,12.31830613477095
21.553306038999985,106.14208323299982,SAT_10082,19.909645298732812,190.74175480537207,98.96291878543138,170.51706399856272,-65.08005474462738,29.890809686633933,35.0,0.12103987519945142,12.332760557499132
21.553306038999985,106.24208323299982,SAT_10082,19.851554064806294,190.4149916145354,98.9561357785299,170.53265814017504,-65.1381459785539,29.86546719167971,35.0,0.12128042141022102,12.349674608648339
21.553306038999985,106.34208323299981,SAT_10082,19.78503306167562,190.04081097192537,98.9482888183343,170.55047634640871,-65.20466698168457,29.836398643020004,35.0,0.12155596711482945,12.369033311181028
21.553306038999985,106.4420832329998,SAT_10082,19.710127040352845,189.61946460198476,98.93934921178852,170.57049106542996,-65.27957300300734,29.803604107651644,35.0,0.12186636414666446,12.390819681082357
21.553306038999985,106.5420832329998,SAT_10082,19.626885790322163,189.15123257056214,98.92928370273277,170.5926716629785,-65.36281425303802,29.767083661163568,35.0,0.12221144752147868,12.415014803701624
21.553306038999985,106.6420832329998,SAT_10082,19.535363903393275,188.63642195658716,98.9180541173713,170.6169845740015,-65.45433613996691,29.726837387738314,35.0,0.12259103617996302,12.441597917523776
21.553306038999985,106.74208323299979,SAT_10082,19.43562051934697,188.0753654213267,98.9056169478991,170.64339346576622,-65.55407952401322,29.682865380153594,35.0,0.12300493379122503,12.470546504609372
21.553306038999985,106.84208323299978,SAT_10082,19.327719055782296,187.4684196887754,98.89192286581009,170.67185941085054,-65.66198098757789,29.63516773978413,35.0,0.12345292961052218,12.50183638690095
21.553306038999985,106.94208323299978,SAT_10082,19.21172692464789,186.81596395114437,98.87691615463744,170.70234106836548,-65.7779731187123,29.583744576603582,35.0,0.12393479938434496,12.535441827566048
21.553306038999985,107.04208323299977,SAT_10082,19.087715237978244,186.11839821362764,98.86053404974112,170.73479487174177,-65.90198480538194,29.528596009186675,35.0,0.12445030629578593,12.571335636531064
21.553306038999985,107.14208323299977,SAT_10082,18.95575850535826,185.3761415926402,98.84270597016288,170.76917522141488,-66.03394153800193,29.46972216471149,35.0,0.12499920194306398,12.609489279355481
21.553306038999985,107.24208323299976,SAT_10082,18.81593432560487,184.58963058152742,98.82335262439783,170.80543468077013,-66.17376571775532,29.407123178961914,35.0,0.12558122734409652,12.649872988602999
21.553306038999985,107.34208323299976,SAT_10082,18.668323075092744,183.75931729739668,98.80238496803105,170.84352417375487,-66.32137696826744,29.340799196330256,35.0,0.12619611396011984,12.692455876882704
21.553306038999985,107.44208323299975,SAT_10082,18.538490763964077,183.02901054729793,98.78346924501156,170.87686632718302,-66.45120927939611,29.282261974962,35.0,0.12673731749240594,12.729867609682682
21.553306038999985,107.54208323299974,SAT_10082,18.696825618432797,183.91964410368448,98.80647761932346,170.83618448621445,-66.29287442492739,29.353624861459846,35.0,0.12607734871250859,12.684237451460275
21.553306038999985,107.64208323299974,SAT_10082,18.847451415560172,184.766914212526,98.82775741739934,170.79727688676246,-66.14224862780002,29.42125256497614,35.0,0.12544999972246662,12.640774306291236
21.553306038999985,107.74208323299973,SAT_10082,18.99028352556742,185.57034483131673,98.84741076553554,170.76019513428136,-65.99941651779277,29.485144929638373,35.0,0.12485555359520634,12.599510759554583
21.553306038999985,107.84208323299973,SAT_10082,19.125239704911934,186.32947334012962,98.86552859001692,170.7249894435471,-65.86446033844825,29.545301808202233,35.0,0.12429428512992785,12.560478417973467
21.553306038999985,107.94208323299972,SAT_10082,19.252240414797768,187.04385233323745,98.88219187067439,170.69170843731112,-65.73745962856242,29.601723062048748,35.0,0.12376645979555888,12.523707793504483
21.653306038999986,103.042083233,SAT_10082,19.693244359781588,189.52449952377142,98.9373257422143,170.5749948588368,-65.2964556835786,29.79620368395447,35.0,0.12193634021653649,12.395728168479744
21.653306038999986,103.142083233,SAT_10082,19.607410642145,189.0416848620656,98.92691642545468,170.59785175700415,-65.38228940121519,29.758527701727747,35.0,0.12229220553298178,12.420673140405794
21.653306038999986,103.24208323299999,SAT_10082,19.513323044156806,188.51244212338204,98.91533301024967,170.6228281882921,-65.47637699920338,29.717130538903195,35.0,0.12268247865444001,12.447996871160038
21.653306038999986,103.34208323299998,SAT_10082,19.411042033353127,187.93711143761135,98.90253039291103,170.64988701252696,-65.57865801000706,29.67201229095165,35.0,0.12310695878898018,12.477676329642764
21.653306038999986,103.44208323299998,SAT_10082,19.30063226008201,187.3160564629613,98.88845750880063,170.67898855531854,-65.68906778327818,29.623173061934246,35.0,0.12356543103479621,12.509686858859077
21.653306038999986,103.54208323299997,SAT_10082,19.182162270840962,186.64966277348043,98.87305674084001,170.7100907912341,-65.80753777251923,29.570612964504438,35.0,0.12405766729704269,12.544002278492512
21.653306038999986,103.64208323299997,SAT_10082,19.05570421164616,185.93833619050966,98.85626323134188,170.7431495329918,-65.93399583171403,29.51433211991014,35.0,0.12458342724259905,12.580594991389768
21.653306038999986,103.74208323299996,SAT_10082,18.921333523941442,185.18250107217062,98.83800408138535,170.77811862501963,-66.06836651941875,29.454330657996085,35.0,0.12514245928564938,12.619436093109547
21.653306038999986,103.84208323299995,SAT_10082,18.9360517930741,185.2652913360418,98.84002540864063,170.7742962089026,-66.05364825028609,29.4609128778291,35.0,0.12508120707750597,12.615183712135085
21.653306038999986,103.94208323299995,SAT_10082,19.071173528376193,186.02535109711607,98.85833758949771,170.73911330186579,-65.918526514984,29.521226593571363,35.0,0.12451909385524139,12.57612071283433
21.653306038999986,104.04208323299994,SAT_10082,19.198380223715418,186.74088875839925,98.87518375795365,170.70584059564652,-65.79131981964477,29.57781766299186,35.0,0.12399026467999251,12.539306622310125
21.653306038999986,104.14208323299994,SAT_10082,19.31759591088847,187.41147699874764,98.89063706276076,170.67452456983344,-65.67210413247172,29.630685955553496,35.0,0.1234949728885034,12.504770545303279
21.653306038999986,104.24208323299993,SAT_10082,19.42874790311825,188.03670695504016,98.90476259318928,170.64520974493985,-65.56095214024194,29.679831349319297,35.0,0.1230334606067123,12.47254028401468
21.653306038999986,104.34208323299993,SAT_10082,19.531767101320966,188.61618994493043,98.91761818332839,170.61793848746123,-65.45793294203922,29.72525373095002,35.0,0.12260595775709708,12.442642227770905
21.653306038999986,104.44208323299992,SAT_10082,19.626588293093263,189.14955914864962,98.9292551034728,170.5927508191766,-65.36311175026692,29.76695299570202,35.0,0.12221268109636871,12.415101245695983
21.653306038999986,104.54208323299991,SAT_10082,19.71315044188961,189.63647123562905,98.93971865446439,170.56968423236296,-65.27654960147058,29.8049290474252,35.0,0.12185383329067517,12.389940583242154
21.653306038999986,104.64208323299991,SAT_10082,19.791396963857565,190.0766079216988,98.94904867810739,170.54877351259577,-65.19830307950262,29.839181798561178,35.0,0.12152960203544823,12.367181763432585
21.653306038999986,104.7420832329999,SAT_10082,19.861275989809528,190.4696774426786,98.95727999451323,170.53005057080767,-65.12842405355066,29.86971117014158,35.0,0.12124015922690294,12.346844493657665
21.653306038999986,104.8420832329999,SAT_10082,19.922740609878673,190.81541593056753,98.96444277536077,170.51354428623273,-65.06695943348151,29.89651709178655,35.0,0.1209856601919842,12.328946578843345
21.653306038999986,104.94208323299989,SAT_10082,19.9757490985006,191.11358867906588,98.97056286049924,170.4992803618052,-65.01395094485959,29.919599501703367,35.0,0.1207662429832399,12.31350384177452
21.653306038999986,105.04208323299989,SAT_10082,20.020265117501296,191.3639912859448,98.975662024011,170.48728119349025,-64.96943492585889,29.938958346685272,35.0,0.12058202774469262,12.30053005130922
21.653306038999986,105.14208323299988,SAT_10082,20.056257895239412,191.5664506607217,98.97975819473928,170.47756575491658,-64.93344214812078,29.95459358211045,35.0,0.12043311615428119,12.290036859160358
21.653306038999986,105.24208323299987,SAT_10082,20.0837023799684,191.72082588732223,98.9828656353345,170.47014949853363,-64.90599766339179,29.96650517194115,35.0,0.12031959094785628,12.282033745851455
21.653306038999986,105.34208323299987,SAT_10082,20.10257936581317,191.82700893269907,98.98499508304197,170.46504427436787,-64.88712067754702,29.974693088723004,35.0,0.12024151552904884,12.2765279763731
21.653306038999986,105.44208323299986,SAT_10082,20.112875590035088,191.88492519394737,98.9861538547237,170.4622582672638,-64.8768244533251,29.97915731358451,35.0,0.12019893366859248,12.27352456597723
21.653306038999986,105.54208323299986,SAT_10082,20.11458380054323,191.89453387805568,98.98634591794763,170.46179595330779,-64.87511624281696,29.97989783623664,35.0,0.12019186929588711,12.273026256449919
21.653306038999986,105.64208323299985,SAT_10082,20.10770279293169,191.85582821024076,98.98557192937399,170.46365807591582,-64.8819972504285,29.976914654972663,35.0,0.12022032638474885,12.275033503100598
21.653306038999986,105.74208323299985,SAT_10082,20.09223741663692,191.7688354685827,98.9838292410972,170.46784164185817,-64.89746262672327,29.970207776668122,35.0,0.12028428893441662,12.279544472598792
21.653306038999986,105.84208323299984,SAT_10082,20.06819855015499,191.63361684462183,98.9811118750529,170.47433993726008,-64.9215014932052,29.95977721678094,35.0,0.1203837210459942,12.286555051680054
21.653306038999986,105.94208323299983,SAT_10082,20.03560304557992,191.45026713138705,98.97741046505047,170.48314256340484,-64.95409699778027,29.945622999351727,35.0,0.12051856709361007,12.29605886663354
21.653306038999986,106.04208323299983,SAT_10082,19.99447364306755,191.21891424225498,98.97271216543237,170.494235491933,-64.99522640029264,29.927745157004253,35.0,0.12068875198869541,12.308047313375184
21.653306038999986,106.14208323299982,SAT_10082,19.944838856133458,190.9397185657507,98.96700052477205,170.5076011388316,-65.04486118722673,29.906143730946063,35.0,0.12089418153492242,12.322509597806274
21.653306038999986,106.24208323299982,SAT_10082,19.88673282900632,190.61287216316057,98.9602553223877,170.52321845639497,-65.10296721435387,29.88081877096928,35.0,0.12113474287053169,12.339432786057651
21.653306038999986,106.34208323299981,SAT_10082,19.820195167531892,190.2385978173669,98.95245236474996,170.54106304215833,-65.1695048758283,29.851770335451555,35.0,0.12141030499401546,12.35880186412752
21.653306038999986,106.4420832329998,SAT_10082,19.745270745373986,189.8171479427287,98.94356323807297,170.56110726363787,-65.2444292979862,29.818998491357195,35.0,0.12172071936842775,12.380599806337095
21.653306038999986,106.5420832329998,SAT_10082,19.662009487484198,189.34880336709864,98.93355501247987,170.58332039756166,-65.32769055587599,29.782503314238443,35.0,0.1220658205989739,12.404807651953798
21.653306038999986,106.6420832329998,SAT_10082,19.57046613299528,188.83387199809843,98.92238989208847,170.60766878215534,-65.41923391036491,29.74228488823696,35.0,0.12244542717799596,12.43140458926853
21.653306038999986,106.74208323299979,SAT_10082,19.470699979846458,188.27268738663633,98.91002480413815,170.63411598094677,-65.51900006351373,29.698343306085402,35.0,0.12285934229102512,12.460368046361332
21.653306038999986,106.84208323299978,SAT_10082,19.362774613561996,187.66560720128624,98.8964109188253,170.66262295648062,-65.62692542979819,29.650678669109244,35.0,0.12330735467722055,12.491673787749587
21.653306038999986,106.94208323299978,SAT_10082,19.24675762267897,187.01301162756923,98.88149308977734,170.6931482522877,-65.74294242068122,29.599291087228696,35.0,0.12378923953725916,12.525296016084951
21.653306038999986,107.04208323299977,SAT_10082,19.122720303356672,186.3153017063813,98.86520920299905,170.72564818143366,-65.86697974000352,29.544180678960856,35.0,0.12430475948158093,12.561207478049134
21.653306038999986,107.14208323299977,SAT_10082,18.9907373557063,185.57289762584793,98.84748941958247,170.7600770199697,-65.99896268765389,29.485347571421965,35.0,0.12485366551182903,12.599379573594316
21.653306038999986,107.24208323299976,SAT_10082,18.850886574338517,184.78623698065414,98.82825529436319,170.79638720364247,-66.13881346902167,29.42279190032985,35.0,0.1254356980283477,12.639782467680714
21.653306038999986,107.34208323299976,SAT_10082,18.703248535569756,183.95577301257987,98.80741874888561,170.83452952625916,-66.28645150779043,29.356513810006575,35.0,0.1260505878567102,12.682385203681141
21.653306038999986,107.44208323299975,SAT_10082,18.547906283628294,183.08197284540915,98.7848808723131,170.8744533381778,-66.4417937597319,29.286513453381176,35.0,0.12669805728643596,12.727155817648825
21.753306038999987,102.74208323300002,SAT_10082,19.933683991005694,190.87697244940702,98.96571419535248,170.51060172528847,-65.0560160523545,29.901285064174655,35.0,0.12094035721621818,12.325759034024461
21.753306038999987,102.942083233,SAT_10082,19.803741632018387,190.1460466801034,98.95051496303847,170.54546928404278,-65.1859584113418,29.844579201353998,35.0,0.12147846176330696,12.363589866889704
21.753306038999987,103.042083233,SAT_10082,19.726203626366342,189.7098953983107,98.9412897925391,170.56619984723753,-65.26349641699385,29.810648098146704,35.0,0.12179973511668904,12.386144932786333
21.753306038999987,103.142083233,SAT_10082,19.640354640571204,189.226994853213,98.93093670712038,170.58908709575573,-65.34934540278898,29.772998315224285,35.0,0.1221556008702949,12.411101021387239
21.753306038999987,103.24208323299999,SAT_10082,19.54625082152137,188.69766087105768,98.91941642964802,170.61409650942937,-65.44344922183882,29.731629939426764,35.0,0.12254587279986871,12.438436779036346
21.753306038999987,103.34208323299998,SAT_10082,19.443952782572993,188.1222344019731,98.90668428567221,170.6411908522382,-65.5457472607872,29.686543066178437,35.0,0.12297034966845387,12.468129125058985
21.753306038999987,103.44208323299998,SAT_10082,19.333525328400214,187.5010799722512,98.89268970207594,170.6703303484599,-65.65617471495997,29.637737799489717,35.0,0.12342881610067434,12.500153349889102
21.753306038999987,103.54208323299997,SAT_10082,19.215037167327935,186.83458406621963,98.87737562328438,170.70147286652556,-65.77466287603225,29.58521425195911,35.0,0.12392104350210224,12.534483217963706
21.753306038999987,103.64208323299997,SAT_10082,19.088560613679334,186.12315345194625,98.86067783221542,170.7345741089051,-65.90113942968085,29.528972544775378,35.0,0.12444679101660677,12.571091074534525
21.753306038999987,103.74208323299996,SAT_10082,18.954171282659544,185.36721346495995,98.8425241604657,170.76958780635965,-66.03552876070064,29.469012807719896,35.0,0.12500580651454474,12.609947955546335
21.753306038999987,103.84208323299995,SAT_10082,18.96138592234088,185.40779581316744,98.84350974460617,170.7677122401731,-66.0283141210193,29.472236923947392,35.0,0.12497578620385037,12.607863018589748
21.753306038999987,103.94208323299995,SAT_10082,19.09650069850798,186.1678164291074,98.86173700281783,170.73250030637396,-65.8931993448522,29.53250871110235,35.0,0.12441377494699497,12.568793974633605
21.753306038999987,104.04208323299994,SAT_10082,19.223701515349504,186.88332102384098,98.87850611041209,170.69919993198116,-65.76599852801068,29.589060439970556,35.0,0.12388503948246674,12.53197399651761
21.753306038999987,104.14208323299994,SAT_10082,19.34291229307813,187.55388164856447,98.89388962302678,170.66785767056706,-65.64678775028206,29.641891980078135,35.0,0.12338983349130864,12.49743222630182
21.753306038999987,104.24208323299993,SAT_10082,19.454060236764434,188.17908883179996,98.90795210992349,170.63851811444704,-65.53563980659575,29.69100320954714,35.0,0.12292839943036718,12.46519650226549
21.753306038999987,104.34208323299993,SAT_10082,19.557076143263288,188.758553305856,98.92075094945689,170.6112236992853,-65.4326239000969,29.736394015093175,35.0,0.12250096753806083,12.435293248366715
21.753306038999987,104.44208323299992,SAT_10082,19.651894700856005,189.29190769231502,98.93233701301246,170.58601451294754,-65.33780534250418,29.778064292023267,35.0,0.12210775487050768,12.407747366709396
21.753306038999987,104.54208323299991,SAT_10082,19.738454779077145,189.77880813230894,98.94275525305932,170.562928110269,-65.25124526428304,29.81601394423382,35.0,0.12174896437519193,12.382582133872651
21.753306038999987,104.64208323299991,SAT_10082,19.816699706177076,190.21893584724606,98.95204520825476,170.54199933542466,-65.17300033718311,29.85024288420879,35.0,0.12142478400931817,12.359819101957932
21.753306038999987,104.7420832329999,SAT_10082,19.88657753169899,190.6119986158068,98.9602414363103,170.52326015357158,-65.1031225116612,29.880751033017983,35.0,0.1211353859098814,12.339478005197723
21.753306038999987,104.8420832329999,SAT_10082,19.94804127170842,190.95773215335987,98.96737388348492,170.50673949339853,-65.04165877165177,29.907538320315556,35.0,0.12088092562226367,12.321576672946534
21.753306038999987,104.94208323299989,SAT_10082,20.00104913430647,191.2559013804739,98.97346819803488,170.49246310215898,-64.98865090905372,29.930604684338654,35.0,0.12066154139385389,12.306130949839536
21.753306038999987,105.04208323299989,SAT_10082,20.045564723204166,191.50630156802345,98.97854599365843,170.48045341466684,-64.94413532015602,29.949950071906223,35.0,0.12047735353877845,12.293154623856624
21.753306038999987,105.14208323299988,SAT_10082,20.0815572172977,191.70875934729958,98.9826250678768,170.47072943763058,-64.90814282606249,29.965574438418003,35.0,0.12032846387932883,12.282659362970575
21.753306038999987,105.24208323299987,SAT_10082,20.1090015244026,191.86313357476465,98.98571957935303,170.46330665055433,-64.88069851895759,29.97747774785365,35.0,0.12021495526908423,12.274654660987824
21.753306038999987,105.34208323299987,SAT_10082,20.12787840754075,191.96931604241672,98.98784018733218,170.45819692427966,-64.86182163581944,29.98565997277207,35.0,0.12013689120205868,12.269147793109784
21.753306038999987,105.44208323299986,SAT_10082,20.138174582442105,192.02723202623685,98.98899415566352,170.455408458064,-64.85152546091808,29.99012109431085,35.0,0.12009431551146485,12.266143781653474
21.753306038999987,105.54208323299986,SAT_10082,20.139882785225623,192.03684066689414,98.98918542321684,170.45494573588667,-64.84981725813456,29.990861102185956,35.0,0.12008725216088852,12.265645372272967
21.753306038999987,105.64208323299985,SAT_10082,20.133001809525638,191.99813517858172,98.98841464190579,170.45680950247578,-64.85669823383455,29.987879994691475,35.0,0.12011570512982488,12.26765302092042
21.753306038999987,105.74208323299985,SAT_10082,20.117536512665964,191.91114288374607,98.98667918297018,170.46099675932112,-64.87216353069422,29.981177778699625,35.0,0.12017965839464935,12.272164891678067
21.753306038999987,105.84208323299984,SAT_10082,20.09349779081498,191.77592507333424,98.9839731116246,170.46750078071773,-64.89620225254521,29.970754469660857,35.0,0.12027907600520295,12.279176865483132
21.753306038999987,105.94208323299983,SAT_10082,20.060902523388123,191.5925766940582,98.98028712963924,170.47631114966248,-64.92879751997206,29.956610091604183,35.0,0.12041390225627192,12.288682559657486
21.753306038999987,106.04208323299983,SAT_10082,20.01977348729902,191.36122586605697,98.97560848486658,170.4874138132006,-64.96992655606117,29.938744677137606,35.0,0.12058406195235752,12.30067335804583
21.753306038999987,106.14208323299982,SAT_10082,19.970139241977407,191.0820332361229,98.9699208461452,170.50079115660736,-65.01956080138278,29.917158267448773,35.0,0.12078946076327239,12.315138451460912
21.753306038999987,106.24208323299982,SAT_10082,19.912033986374567,190.75519117335696,98.96320414138577,170.51642209558906,-65.07766605698562,29.89185091230574,35.0,0.12102998566728153,12.332064888035017
21.753306038999987,106.34208323299981,SAT_10082,19.84549738945678,190.3809228156944,98.955434355953,170.53428218549942,-65.1442026539034,29.862822670057948,35.0,0.12130550547774509,12.351437632984187
21.753306038999987,106.4420832329998,SAT_10082,19.770574395941352,189.9594809771701,98.9465832876807,170.5543437464001,-65.21912564741884,29.83007360763735,35.0,0.12161587144852076,12.373239637207568
21.753306038999987,106.5420832329998,SAT_10082,19.687315009250966,189.49114692703668,98.93661825396862,170.57657600264628,-65.30238503410922,29.793603800559662,35.0,0.12196091795276374,12.397451914069842
21.753306038999987,106.6420832329998,SAT_10082,19.595774053849965,188.97622905290606,98.92550174538076,170.60094523555577,-65.39392598951022,29.753413332925867,35.0,0.12234046322922576,12.424053623651096
21.753306038999987,106.74208323299979,SAT_10082,19.496010919276827,188.41506142093218,98.91319101895475,170.62741494762116,-65.49368912408336,29.70950229742377,35.0,0.12275431018970714,12.453022163696255
21.753306038999987,106.84208323299978,SAT_10082,19.38808928830163,187.80800224669667,98.89963762300115,170.65594603665144,-65.60161075505856,29.661870795329833,35.0,0.12320224728096542,12.48433326645598
21.753306038999987,106.94208323299978,SAT_10082,19.272076851712825,187.15543229088465,98.88478684345753,170.68649697818137,-65.71762319164736,29.610518936511085,35.0,0.12368404939412643,12.51796110058295
21.753306038999987,107.04208323299977,SAT_10082,19.148045012274608,186.45775319404467,98.86857705979828,170.71902401446704,-65.84165503108558,29.55544683942725,35.0,0.12419947881448641,12.553878377231303
21.753306038999987,107.14208323299977,SAT_10082,19.016068580395967,185.71538576472733,98.85093899599616,170.75348134838987,-65.97363146296422,29.496654631133023,35.0,0.12474828620452662,12.592056459502848
21.853306038999985,102.74208323300002,SAT_10082,19.956788411773218,191.00693481622437,98.9683864991556,170.504385486229,-65.03291163158697,29.91134691439666,35.0,0.12084471934839407,12.319028340406224
21.853306038999985,102.84208323300001,SAT_10082,19.89602630316611,190.66514795530935,98.96134665715468,170.52072275532853,-65.09367374019408,29.884871905791474,35.0,0.1210962623847842,12.336726628272237
21.853306038999985,102.942083233,SAT_10082,19.826856157186697,190.27606588417518,98.9532473158662,170.5392785148087,-65.16284388617349,29.854680667633808,35.0,0.12138271438233258,12.356863324616253
21.853306038999985,103.042083233,SAT_10082,19.749324486065802,189.83995023412012,98.94405897416661,170.5600241244117,-65.24037555729439,29.82077326956618,35.0,0.12170392137173966,12.379420781077101
21.853306038999985,103.142083233,SAT_10082,19.66348277733229,189.35709062249413,98.93374756373984,170.58292790141087,-65.3262172660279,29.783149789808032,35.0,0.12205971276684534,12.404379441658225
21.853306038999985,103.24208323299999,SAT_10082,19.569387250669536,188.82780328501616,98.92227408604712,170.60795527674225,-65.42031279269065,29.741810315157256,35.0,0.12244990212912095,12.43171792897654
21.853306038999985,103.34208323299998,SAT_10082,19.46709859728395,188.2524296097222,98.90959418690942,170.63506896213875,-65.52260144607624,29.69675494099183,35.0,0.12287428799103746,12.4614131369383
21.853306038999985,103.44208323299998,SAT_10082,19.356681704229914,187.63133458629326,98.8956576600263,170.66422912664396,-65.63301833913027,29.64798377127167,35.0,0.123332654731545,12.493440329026438
21.853306038999985,103.54208323299997,SAT_10082,19.2382053662063,186.96490518491044,98.88040786895395,170.69539358083796,-65.75149467715389,29.595496918540594,35.0,0.12382477349667458,12.527773241359839
21.853306038999985,103.64208323299997,SAT_10082,19.11174198735698,186.25354867888302,98.86378107488636,170.72851796710074,-65.87795805600321,29.53929450392851,35.0,0.12435040315814408,12.564384189672843
21.853306038999985,103.74208323299996,SAT_10082,18.977367275606667,185.4976909252875,98.84570565493922,170.76355595424207,-66.01233276775352,29.479376657153708,35.0,0.12490929130281403,12.603244179362344
21.853306038999985,103.84208323299995,SAT_10082,18.97706729375929,185.496003527396,98.84566482083649,170.76363399195873,-66.0126327496009,29.47924266570269,35.0,0.12491053941135383,12.603330883933493
21.853306038999985,103.94208323299995,SAT_10082,19.11214153785687,186.2557961504449,98.86383418574769,170.72841354177186,-65.87755850550332,29.539472357969757,35.0,0.1243487419332577,12.564268579767965
21.853306038999985,104.04208323299994,SAT_10082,19.239304498341568,186.97108780317134,98.88055078159792,170.69510504952962,-65.75039554501862,29.59598459025284,35.0,0.1238202065996811,12.527454879142157
21.853306038999985,104.14208323299994,SAT_10082,19.35848006572695,187.6414503697141,98.89588675412246,170.66375509052168,-65.63121997763324,29.648779232140974,35.0,0.12332518717314861,12.492918932079387
21.853306038999985,104.24208323299993,SAT_10082,19.469595416284832,188.26647421660218,98.90990631338491,170.6344082781399,-65.52010462707536,29.697856161814958,35.0,0.1228639261880109,12.46068858456241
21.853306038999985,104.34208323299993,SAT_10082,19.572581319146337,188.84576992019814,98.92266652309488,170.6071070683535,-65.41711872421385,29.743215266044988,35.0,0.12243665395599461,12.430790267949321
21.853306038999985,104.44208323299992,SAT_10082,19.667372436122264,189.37896995318772,98.93421797935778,170.5818915684277,-65.32232760723792,29.784856440188523,35.0,0.122043587602107,12.403248891396643
21.853306038999985,104.54208323299991,SAT_10082,19.753907611702616,189.86573031582722,98.94460539434782,170.55879935156244,-65.23579243165757,29.82277958818826,35.0,0.1216849301380776,12.378087738145327
21.853306038999985,104.64208323299991,SAT_10082,19.83213015068884,190.3057320976247,98.9538680977145,170.53786527913581,-65.15756989267135,29.856984622570288,35.0,0.12136086958048978,12.355328366525328
21.853306038999985,104.7420832329999,SAT_10082,19.901988080936107,190.6986829552656,98.96204046633004,170.51912133222262,-65.08771196242408,29.887471464442402,35.0,0.12107157812063364,12.334990516523227
21.853306038999985,104.8420832329999,SAT_10082,19.96343439873472,191.04431849288278,98.96915229115932,170.50259645403088,-65.02626564462547,29.914240043492622,35.0,0.12081721135289397,12.317092022734318
21.853306038999985,104.94208323299989,SAT_10082,20.016427294470418,191.34240353139612,98.97522908851467,170.48831640482467,-64.97327274888977,29.93729029798781,35.0,0.12059790756817391,12.301648734484733
21.853306038999985,105.04208323299989,SAT_10082,20.060930356328626,191.59273325434853,98.98029236167756,170.4763036308234,-64.92876968703156,29.9566221747725,35.0,0.12041378711844491,12.28867444386223
21.853306038999985,105.14208323299988,SAT_10082,20.09691274998842,191.79513421868486,98.984359817785,170.466577148447,-64.89278729337177,29.97223562926789,35.0,0.1202649518580124,12.278180822334651
21.853306038999985,105.24208323299987,SAT_10082,20.124349372457615,191.94946522007407,98.98744554394584,170.45915244514208,-64.86535067090257,29.984130625470957,35.0,0.1201514846664973,12.27017736656495
21.853306038999985,105.34208323299987,SAT_10082,20.14322097844321,192.0556180037431,98.9895601457425,170.45404139786166,-64.84647906491698,29.9923071359538,35.0,0.12007344905786654,12.264671353951265
21.853306038999985,105.44208323299986,SAT_10082,20.153514277918973,192.11351781329424,98.99071085055772,170.4512522100942,-64.83618576544121,29.996765141863094,35.0,0.12003088887910544,12.261667808331012
21.853306038999985,105.54208323299986,SAT_10082,20.15522200385101,192.12312377166194,98.9909015775218,170.45078936813678,-64.83447803950918,29.997504632919735,35.0,0.12002382810132899,12.261169476190807
21.853306038999985,105.64208323299985,SAT_10082,20.148342949350038,192.08442909009398,98.99013297528376,170.45265361710236,-64.84135709401015,29.99452560741864,35.0,0.12005227070528253,12.263176813621149
21.853306038999985,105.74208323299985,SAT_10082,20.132881973848754,191.99746110289925,98.98840242825189,170.45684195693048,-64.85681806951143,29.98782807222872,35.0,0.1201162006623072,12.267687984147377
21.853306038999985,105.84208323299984,SAT_10082,20.108849978240215,191.8622811276012,98.98570403141044,170.4633476584432,-64.88085006511997,29.977412042792995,35.0,0.12021558201094852,12.274698867458806
21.853306038999985,105.94208323299983,SAT_10082,20.076263849244114,191.67898415199812,98.98202853328243,170.47216029926864,-64.91343619411607,29.963277543128918,35.0,0.12035035902848848,12.284203078947872
21.853306038999985,106.04208323299983,SAT_10082,20.03514637359922,191.44769835149563,98.97736324606001,170.4832658192311,-64.95455366976097,29.94542460582881,35.0,0.12052045649579582,12.296191999862886
21.853306038999985,106.14208323299982,SAT_10082,19.985526123005485,191.16858444190586,98.9716919213479,170.4966465945895,-65.0041739203547,29.923853272060498,35.0,0.12072578005302892,12.31065481777268
21.853306038999985,106.24208323299982,SAT_10082,19.92743731103468,190.84183487457008,98.96499458934393,170.51228153030866,-65.06226273232551,29.898563591568106,35.0,0.1209662166429088,12.327578576942045
21.853306038999985,106.34208323299981,SAT_10082,19.86091962351243,190.46767288225743,98.9572473585955,170.53014616935906,-65.12878041984776,29.869555622673,35.0,0.12124163503751542,12.346948238124186
21.853306038999985,106.4420832329998,SAT_10082,19.78601802412865,190.04635138572368,98.9484221727023,170.55021281787063,-65.20368201923154,29.836829432274914,35.0,0.12155188644386403,12.368746747191945
21.853306038999985,106.5420832329998,SAT_10082,19.702782537251352,189.57815177203886,98.93848651945433,170.57245068482362,-65.28691750610884,29.80038509585322,35.0,0.1218968051828954,12.39295511195554
21.853306038999985,106.6420832329998,SAT_10082,19.611268010112767,189.0633825568843,98.92740308687556,170.59682603482943,-65.37843203324742,29.760222697468404,35.0,0.12227620943597865,12.419552486450415
21.853306038999985,106.74208323299979,SAT_10082,19.511533856680728,188.5023779438291,98.91512935944603,170.62330235246353,-65.47816618667946,29.71634232976365,35.0,0.12268990205257807,12.448516261927
21.853306038999985,106.84208323299978,SAT_10082,19.40364378564989,187.89549629428066,98.90161714635761,170.65184051653094,-65.5860562577103,29.668744093966623,35.0,0.12313767141238206,12.479822163733598
21.853306038999985,106.94208323299978,SAT_10082,19.28766551505487,187.24311852218366,98.886812031963,170.682398982606,-65.70203452830532,29.617428099891423,35.0,0.12361929233493907,12.513444353255801
21.953306038999983,102.64208323300002,SAT_10082,20.02227535277264,191.3752988593461,98.9758990598357,170.4867388986962,-64.96742469058755,29.93983199416763,35.0,0.12057371009485437,12.299944075964135
21.953306038999983,102.74208323300002,SAT_10082,19.96998065466343,191.0811411824818,98.96990897065149,170.5008338615682,-65.01971938869676,29.917089249823785,35.0,0.12079011712650378,12.315184659825848
21.953306038999983,102.84208323300001,SAT_10082,19.90923956967721,190.7394725794343,98.96288739979349,170.51717302326554,-65.08046047368298,29.890632823239816,35.0,0.12104155499259663,12.332878718664652
21.953306038999983,102.942083233,SAT_10082,19.840093418037256,190.35052547645955,98.95480922273835,170.53573092372704,-65.14960662532293,29.860462775453136,35.0,0.12132788703087143,12.353010590018147
21.953306038999983,103.042083233,SAT_10082,19.762588719342844,189.91456154630347,98.9456450764755,170.55647891617127,-65.22711132401734,29.826579176072627,35.0,0.12164895926166765,12.375562624657036
21.953306038999983,103.142083233,SAT_10082,19.67677696920734,189.4318704517913,98.93536105364808,170.57938531071073,-65.31292307415285,29.788982103279942,35.0,0.12200460108705255,12.400515265635017
21.953306038999983,103.24208323299999,SAT_10082,19.582714396055906,188.90276847781448,98.92391834185985,170.60441553053494,-65.40698564730428,29.74767164383103,35.0,0.12239462605526215,12.427847134545114
21.953306038999983,103.34208323299998,SAT_10082,19.48046170043105,188.32759706492465,98.91127280103667,170.6315322790997,-65.50923834292914,29.702647893057776,35.0,0.12281883268401131,12.457535124203195
21.953306038999983,103.44208323299998,SAT_10082,19.37008377925318,187.70672125829915,98.8973744702412,170.66069571669797,-65.61961626410701,29.653910954869826,35.0,0.1232770053359073,12.489554496942954
21.953306038999983,103.54208323299997,SAT_10082,19.251649437549617,187.0405280862166,98.88216699355412,170.6918636447454,-65.73805060581057,29.60146094175658,35.0,0.1237689151389781,12.52387898768276
21.953306038999983,103.64208323299997,SAT_10082,19.125231090189928,186.32942488231834,98.86558695247884,170.72499169610208,-65.86446895317026,29.545297974789346,35.0,0.12429432094519614,12.560480910912334
21.953306038999983,103.74208323299996,SAT_10082,18.99090445615343,185.57383756586304,98.84756308970631,170.76003352976383,-65.99879558720676,29.48542218362364,35.0,0.12485297031984406,12.599331270746722
21.953306038999983,103.84208323299995,SAT_10082,18.98308436628423,185.52984956034882,98.84650057399823,170.76206854720056,-66.00661567707596,29.481930087768056,35.0,0.12488550506396963,12.601591712579495
21.953306038999983,103.94208323299995,SAT_10082,19.11808439480734,186.28922472079128,98.8646386924999,170.72686016377696,-65.87161564855285,29.54211751894013,35.0,0.12432403351650602,12.562548970199508
21.953306038999983,104.04208323299994,SAT_10082,19.245177415434057,187.0041229618166,98.88132698262456,170.693563173605,-65.74452262792613,29.598590098692945,35.0,0.12379580505609701,12.525753747957957
21.953306038999983,104.14208323299994,SAT_10082,19.364287371182996,187.67411646290435,98.89663735969884,170.66222412120467,-65.62541267217719,29.651347696678155,35.0,0.12330107326319312,12.491235174387478
21.953306038999983,104.24208323299993,SAT_10082,19.475341489189745,188.29879587669234,98.91063383219235,170.63288759010604,-65.51435855417044,29.70039019113503,35.0,0.1228400804955264,12.45902107470391
21.953306038999983,104.34208323299993,SAT_10082,19.578270587501876,188.87777205469806,98.92337328749184,170.60559600751014,-65.41142945585831,29.745717468888095,35.0,0.12241305689480551,12.42913786034146
21.953306038999983,104.44208323299992,SAT_10082,19.673009374591658,189.41067773207809,98.93490616766432,170.5803894531963,-65.31669066876853,29.787329425345018,35.0,0.12202021942374415,12.40161042149351
21.953306038999983,104.54208323299991,SAT_10082,19.759496739055137,189.89716915718517,98.94527705060977,170.5573054743453,-65.23020330430505,29.825225964494553,35.0,0.121661770940596,12.3764620235137
21.953306038999983,104.64208323299991,SAT_10082,19.83767602695299,190.33692765161058,98.95452514934104,170.53637890796193,-65.1520240164072,29.859406998904728,35.0,0.12133789931833776,12.353714208031652
21.953306038999983,104.7420832329999,SAT_10082,19.90749530427125,190.7296610865258,98.96268473993818,170.51764171256775,-65.08220473908894,29.88987244972116,35.0,0.1210487766155211,12.333386699626827
21.953306038999983,104.8420832329999,SAT_10082,19.96890760203931,191.07510526147112,98.96978552691122,170.50112281080044,-65.02079244132088,29.916622246665565,35.0,0.12079455830559832,12.315497318880409
21.953306038999983,104.94208323299989,SAT_10082,20.02187114174302,191.37302517230452,98.9758529531937,170.48684794449034,-64.96782890161717,29.939656328034385,35.0,0.12057538257121053,12.300061902590016
21.953306038999983,105.04208323299989,SAT_10082,20.066349538805895,191.62321615578318,98.98090846071769,170.47483954369793,-64.92335050455429,29.95897464069762,35.0,0.12039136966952105,12.287094231884458
21.953306038999983,105.14208323299988,SAT_10082,20.102311982083933,191.8255048992221,98.984969706442,170.46511661108323,-64.88738806127625,29.974577140097818,35.0,0.12024262137417394,12.276605968916677
21.953306038999983,105.24208323299987,SAT_10082,20.129733387527438,191.97975030484184,98.98805073777797,170.45769462284022,-64.85996665583275,29.98646379024921,35.0,0.12012922049887008,12.268606602742869
21.953306038999983,105.34208323299987,SAT_10082,20.148594524411507,192.08584419981474,98.99016213055287,170.45258544726346,-64.84110551894868,29.994634563737023,35.0,0.12005123050688694,12.263103404915356
21.953306038999983,105.44208323299986,SAT_10082,20.158882112793094,192.14371188446117,98.99131109193739,170.44979728184637,-64.8308179305671,29.99908944171697,35.0,0.12000869521012968,12.260101395227554
21.953306038999983,105.54208323299986,SAT_10082,20.160588891159406,192.15331251277166,98.9915015301238,170.44933460960277,-64.82911115220078,29.999828413914855,35.0,0.12000163856050487,12.259603317952356
21.953306038999983,105.64208323299985,SAT_10082,20.15371365353849,192.11463930115403,98.99073409195225,170.4511981751001,-64.8359863898217,29.996851478626425,35.0,0.12003006453556612,12.26160962881246
21.953306038999983,105.74208323299985,SAT_10082,20.13826125567006,192.02771956314407,98.98900616912755,170.45538498047404,-64.85143878769013,29.99015864271729,35.0,0.12009395711950316,12.26611849281388
21.953306038999983,105.84208323299984,SAT_10082,20.11424259017123,191.89261456971317,98.98631187313222,170.46188830146772,-64.87545745318896,29.979749921623085,35.0,0.1201932803796538,12.273125792964656
21.953306038999983,105.94208323299983,SAT_10082,20.081674530966254,191.7094192366852,98.98264197840847,170.47069772331525,-64.90802551239393,29.965625339349756,35.0,0.12032797863782015,12.28262514979062
21.953306038999983,106.04208323299983,SAT_10082,20.04057984757553,191.47826164261238,98.97798383283497,170.48179919607176,-64.94912019578466,29.947784928474015,35.0,0.12049797673478577,12.294607951452134
21.953306038999983,106.14208323299982,SAT_10082,19.990987090187502,191.1993023823047,98.97232123395227,170.4951751087705,-64.99871295317269,29.92622873014397,35.0,0.12070318038557282,12.30906339416059
21.953306038999983,106.24208323299982,SAT_10082,19.932930446728918,190.87273376285017,98.96563426877141,170.51080438159482,-65.05676959663127,29.90095679407991,35.0,0.12094347662216136,12.325978532494204
21.953306038999983,106.34208323299981,SAT_10082,19.86644957343576,190.49877885057617,98.95789911431976,170.52866257506008,-65.12325046992443,29.871969178575263,35.0,0.12121873431963137,12.345338339119973
21.953306038999983,106.4420832329998,SAT_10082,19.791589400677694,190.07769037881204,98.94908779531258,170.5487220150346,-65.1981106426825,29.839265950497698,35.0,0.12152880480099026,12.367125773344597
21.953306038999983,106.5420832329998,SAT_10082,19.70839991601035,189.60974952755825,98.93916789446362,170.57095193228196,-65.28130012734984,29.80284718529041,35.0,0.12187352251533008,12.39132185784295
21.953306038999983,106.6420832329998,SAT_10082,19.616935926618126,189.09526458722698,98.92810220993378,170.5953186150834,-65.37276411674206,29.76271296697359,35.0,0.12225270578342044,12.417905762848852
21.953306038999983,106.74208323299979,SAT_10082,19.51725680346094,188.53456951946777,98.91584835322736,170.62178557339985,-65.47244323989925,29.718863388145998,35.0,0.1226661576043994,12.446854897040994
21.953306038999983,106.84208323299978,SAT_10082,19.409426209552407,187.9280224287323,98.90235827943533,170.65031371296112,-65.58027383380778,29.67129854998674,35.0,0.12311366651687058,12.478145004316527
22.053306038999985,102.54208323300003,SAT_10082,20.06929785333722,191.63980042502186,98.98124427139356,170.47404288807297,-64.92040219002297,29.960254357746187,35.0,0.12037917370354297,12.286234485992633
22.053306038999985,102.64208323300002,SAT_10082,20.02551252037614,191.3935079271158,98.97627070562588,170.48586553800908,-64.96418752298405,29.941238765851466,35.0,0.1205603160217765,12.299000434804658
22.053306038999985,102.74208323300002,SAT_10082,19.973250091998267,191.09953176749028,98.97028809770629,170.499953407821,-65.01644995136192,29.918512057901463,35.0,0.12077658565217608,12.314232015790196
22.053306038999985,102.84208323300001,SAT_10082,19.912546451298937,190.75807378855652,98.96327535454289,170.51628437584577,-65.07715359206125,29.89207428633808,35.0,0.12102786400090465,12.331915638552644
22.053306038999985,102.942083233,SAT_10082,19.843442876816653,190.36936618209367,98.95520741131575,170.5348330072883,-65.14625716654353,29.861925512169382,35.0,0.12131401454676712,12.352035656877836
22.053306038999985,103.042083233,SAT_10082,19.76598584152292,189.93367035856642,98.94605497545784,170.55557068360318,-65.22371420183727,29.82806580497076,35.0,0.12163488346800203,12.374574439736845
22.053306038999985,103.142083233,SAT_10082,19.68022678979139,189.45127569257656,98.93578422183641,170.5784657458995,-65.3094732535688,29.790495242886266,35.0,0.12199030034031318,12.399512450215239
22.053306038999985,103.24208323299999,SAT_10082,19.586221894552963,188.92249815686043,98.92435643330417,170.60348365089806,-65.40347814880722,29.74921391263009,35.0,0.1223800789001236,12.426828331639138
22.053306038999985,103.34208323299998,SAT_10082,19.48403179697803,188.34767885800142,98.9117275795412,170.6305871378836,-65.50566824638216,29.704221909488243,35.0,0.12280401786661915,12.456499000120191
22.053306038999985,103.44208323299998,SAT_10082,19.37372133113334,187.72718248762504,98.89784782562681,170.65973640502597,-65.61597871222685,29.65551933732034,35.0,0.1232619018158299,12.488499742705399
22.053306038999985,103.54208323299997,SAT_10082,19.255359236116078,187.06139570315295,98.88266096000274,170.69088929341228,-65.73434080724411,29.603106308561607,35.0,0.12375350209977326,12.522804320293659
22.053306038999985,103.64208323299997,SAT_10082,19.129017858203383,186.35072545239404,98.86610372934597,170.72400147710948,-65.8606821851568,29.54698294422503,35.0,0.1242785778035547,12.559385074468791
22.053306038999985,103.74208323299996,SAT_10082,18.994772845537113,185.59559725614628,98.84810506526206,170.75902665759568,-65.99492719782307,29.48714937390364,35.0,0.12483687673328399,12.598213037397748
22.053306038999985,103.84208323299995,SAT_10082,18.979432703545925,185.50930895744582,98.846021085599,170.76301862882556,-66.01026733981426,29.480299184264105,35.0,0.12490069790732855,12.60264719734548
22.053306038999985,103.94208323299995,SAT_10082,19.114324834277753,186.26807719281237,98.86415441543673,170.72784289639873,-65.87537520908243,29.540444188227067,35.0,0.12433966442697335,12.563636836483811
22.053306038999985,104.04208323299994,SAT_10082,19.241315833283835,186.98240156222158,98.88083843670451,170.6945770289283,-65.74838421007635,29.596876959591697,35.0,0.1238118495652102,12.526872291174529
22.053306038999985,104.14208323299994,SAT_10082,19.360329778209135,187.65185500242637,98.89614501183979,170.66326748772474,-65.62937026515105,29.649597368071976,35.0,0.12331750645723254,12.492382639041058
22.053306038999985,104.24208323299993,SAT_10082,19.471294026635732,188.276028899826,98.91013810362273,170.63395877556223,-65.51840601672446,29.69860529196538,35.0,0.12285687703039878,12.4601956560972
22.053306038999985,104.34208323299993,SAT_10082,19.574139522085375,188.85453481173025,98.92287455997563,170.60669324184775,-65.41556052127481,29.743900618150505,35.0,0.1224301910134325,12.430337706564131
22.053306038999985,104.44208323299992,SAT_10082,19.66880109274436,189.38700614668704,98.93440478890801,170.58151089203466,-65.32089895061583,29.785483242084986,35.0,0.12203766497591949,12.402833635690229
22.053306038999985,104.54208323299991,SAT_10082,19.75521774038795,189.87309978968221,98.94477333898186,170.55844920294507,-65.23448230297224,29.823353067803424,35.0,0.12167950140525002,12.377706666425341
22.053306038999985,104.64208323299991,SAT_10082,19.833332916968402,190.31249765794726,98.9540193980137,170.5375429456781,-65.15636712639179,29.857510007915593,35.0,0.1213558878281244,12.354978300801154
22.053306038999985,104.7420832329999,SAT_10082,19.90309478635183,190.70490817322903,98.9621772205432,170.51882401777152,-65.08660525700836,29.887953983604756,35.0,0.12106699598361821,12.334668226857977
22.053306038999985,104.8420832329999,SAT_10082,19.964456468754264,191.05006763674274,98.96927649278913,170.50232128624236,-65.02524357460592,29.914684924626158,35.0,0.12081298105458758,12.316794231935127
22.053306038999985,104.94208323299989,SAT_10082,20.01737626551879,191.3477414935432,98.9753426423033,170.48806044307645,-64.9723237778414,29.93770276930569,35.0,0.12059398096388096,12.301372123106749
22.053306038999985,105.04208323299989,SAT_10082,20.06181786201671,191.59772547384398,98.98039709826423,170.47606387464316,-64.92788218134348,29.957007464538698,35.0,0.12041011574141713,12.28841565549759
22.053306038999985,105.14208323299988,SAT_10082,20.09775050662823,191.79984659978382,98.98445750727531,170.46635054639881,-64.89194953673196,29.972598965788983,35.0,0.12026148696768911,12.27793646915444
22.053306038999985,105.24208323299987,SAT_10082,20.1251491639604,191.95396404727725,98.98753790860582,170.45893590411023,-64.86455087939979,29.984477237087937,35.0,0.12014817729866842,12.269944035078808
22.053306038999985,105.34208323299987,SAT_10082,20.14399464070918,192.05996985398914,98.9896488720104,170.45383179266193,-64.845705402651,29.99264225103387,35.0,0.12007025007641878,12.26444561094653
22.053306038999985,105.44208323299986,SAT_10082,20.15427368283332,192.11778946593745,98.99079760054983,170.45104639333843,-64.83542636052687,29.99709398879147,35.0,0.1200277490289937,12.261446206950914
22.053306038999985,105.54208323299986,SAT_10082,20.15597904300374,192.12738211689603,98.99098800019745,170.45058418027608,-64.83372100035645,29.997832440091454,35.0,0.12002069806239916,12.260948562109421
22.053306038999985,105.64208323299985,SAT_10082,20.149109517605467,192.08874103653076,98.99022071742681,170.452445896567,-64.84059052575472,29.99485760323037,35.0,0.12004910114656218,12.262953131271514
22.053306038999985,105.74208323299985,SAT_10082,20.133669952890415,192.0018934850086,98.98849314542211,170.4566285502855,-64.85603009046977,29.98816948507056,35.0,0.12011294229637401,12.267458082958456
22.053306038999985,105.84208323299984,SAT_10082,20.109671220216214,191.86690061371618,98.98579939901697,170.46312543047944,-64.88002882314397,29.977768101040297,35.0,0.12021218564798544,12.274459308056844
22.053306038999985,105.94208323299983,SAT_10082,20.07713016063734,191.68385715358505,98.98213025793474,170.47192614294903,-64.91256988272285,29.963653475134077,35.0,0.12034677562963941,12.283950439278254
22.053306038999985,106.04208323299983,SAT_10082,20.036069499447777,191.45289093439374,98.97747307735806,170.4830166654105,-64.95363054391241,29.945825639913075,35.0,0.12051663722544283,12.29592288118953
22.053306038999985,106.14208323299982,SAT_10082,19.98651773158511,191.17416224016625,98.97181166428275,170.49637942143747,-65.00318231177508,29.924284636505774,35.0,0.1207216763296267,12.310365850513756
22.053306038999985,106.24208323299982,SAT_10082,19.928508979115776,190.84786300752626,98.96512611749469,170.5119933723622,-65.06119106424441,29.899030514608747,35.0,0.12096178018802893,12.32726642630291
22.053306038999985,106.34208323299981,SAT_10082,19.862082822294084,190.4742158754042,98.95739262832694,170.52983412613995,-65.1276172210661,29.8700633324876,35.0,0.12123681792277494,12.346609609490987
22.053306038999985,106.4420832329998,SAT_10082,19.7872841059407,190.05347309591644,98.94858323859164,170.54987406200954,-65.20241593741949,29.837383156978095,35.0,0.1215466411354375,12.368378391252612
22.053306038999985,106.5420832329998,SAT_10082,19.70416272310939,189.58591531749033,98.9386655512058,170.57208246963688,-65.2855373202508,29.80099006348743,35.0,0.12189108458333915,12.392553829518002
22.053306038999985,106.6420832329998,SAT_10082,19.612773378194774,189.07185025234563,98.92760238801912,170.59642570130606,-65.37692666516541,29.76088413599567,35.0,0.1222699669231246,12.419115132931896
22.153306038999986,102.44208323300003,SAT_10082,20.097802826414323,191.8001408985806,98.98446503553211,170.46633639437056,-64.89189721694586,29.972621656696543,35.0,0.12026127057802899,12.277921208693819
22.153306038999986,102.54208323300003,SAT_10082,20.062556376165233,191.60187961592942,98.98048284207286,170.47586436225941,-64.92714366719495,29.957328066036204,35.0,0.12040706071680217,12.288200310254947
22.153306038999986,102.64208323300002,SAT_10082,20.018810048093798,191.3558065205276,98.9755088604462,170.48767369913185,-64.97088999526639,29.93832594435845,35.0,0.12058804836988272,12.300954192123108
22.153306038999986,102.74208323300002,SAT_10082,19.96659408621656,191.06209173496816,98.96952575889931,170.50174575229414,-65.02310595714363,29.91561533551901,35.0,0.12080413363598645,12.316171406732508
22.153306038999986,102.84208323300001,SAT_10082,19.905944295078285,190.72093665981538,98.96251244641283,170.5180584493355,-65.0837557482819,29.889196291934677,35.0,0.12105519817507569,12.33383839270599
22.153306038999986,102.942083233,SAT_10082,19.836901863368695,190.33257298144892,98.9544438608016,170.53658641175704,-65.15279817999149,29.859068874584292,35.0,0.12134110575668353,12.353939537062061
22.153306038999986,103.042083233,SAT_10082,19.759513163564634,189.89726154505107,98.94529071280768,170.55730108392794,-65.23018687979555,29.825233153009922,35.0,0.12166170288476524,12.376457245992768
22.153306038999986,103.142083233,SAT_10082,19.673829529615375,189.4152911040865,98.9350191814178,170.58017087602423,-65.31587051374481,29.78768920531818,35.0,0.12201681949358857,12.401372023545179
22.153306038999986,103.24208323299999,SAT_10082,19.57990701486986,188.88697695864298,98.92359055457864,170.6051613194835,-65.40979302849033,29.746437118181714,35.0,0.12240626970866852,12.428662557479882
22.153306038999986,103.34208323299998,SAT_10082,19.47780613257538,188.31265949573654,98.91096080823564,170.63223523342754,-65.5118939107848,29.70147698684084,35.0,0.12282985266634122,12.458305811531776
22.153306038999986,103.44208323299998,SAT_10082,19.367591581387288,187.69270264530348,98.89708011514075,170.6613529004306,-65.6221084619729,29.6528089151054,35.0,0.1232873533852512,12.490277123262453
22.153306038999986,103.54208323299997,SAT_10082,19.249331958380168,187.02749226588844,98.88189227309844,170.6924722499846,-65.74036808498002,29.60043301535669,35.0,0.1237785436828038,12.524550306669301
22.153306038999986,103.64208323299997,SAT_10082,19.12309946209143,186.3174344742643,98.86533404017759,170.72554904798454,-65.86660058126876,29.544349408549635,35.0,0.12430318312950532,12.561097758704337
22.153306038999986,103.74208323299996,SAT_10082,18.988969588103274,185.56295393308093,98.84733436181206,170.760537090583,-66.00073045525691,29.484558224215085,35.0,0.12486102003407616,12.599890568854915
22.153306038999986,103.84208323299995,SAT_10082,18.9661149984328,185.4343968661845,98.8442246313032,170.76648258399317,-66.02358504492739,29.474349958758825,35.0,0.12495610899088923,12.606496310702159
22.153306038999986,103.94208323299995,SAT_10082,19.10086566249244,186.19236935151997,98.86237963167291,170.73136001604925,-65.88883438086775,29.534452369491042,35.0,0.12439562534444651,12.567531108965103
22.153306038999986,104.04208323299994,SAT_10082,19.22772266740894,186.90594000417528,98.87908342335479,170.69814482361434,-65.76197737595125,29.590845176696337,35.0,0.12386833045101987,12.530809398582225
22.153306038999986,104.14208323299994,SAT_10082,19.346610307096228,187.57468297741627,98.89440799314934,170.6668833326578,-65.64308973626396,29.64352825015073,35.0,0.12337447673884586,12.496360177018055
22.153306038999986,104.24208323299993,SAT_10082,19.45745614869105,188.1981908363872,98.9084174138286,170.63761991461095,-65.53224389466914,29.692501468209617,35.0,0.1229143054526071,12.464211142815198
22.153306038999986,104.34208323299993,SAT_10082,19.560191337283612,188.7760762722203,98.92116863052208,170.610396792361,-65.42950870607658,29.737764717805433,35.0,0.12248804566648748,12.434388585854517
22.153306038999986,104.44208323299992,SAT_10082,19.65475089337795,189.307973775251,98.93271213700633,170.5852538504865,-65.33494914998224,29.779317894445533,35.0,0.12209591332747023,12.406917280613794
22.153306038999986,104.54208323299991,SAT_10082,19.74107400057143,189.7935412532143,98.94309255731076,170.5622284513908,-65.24862604278876,29.817160902210162,35.0,0.1217381103359916,12.38182038327212
22.153306038999986,104.64208323299991,SAT_10082,19.819104280931924,190.2324615802421,98.95234914538645,170.54135525900102,-65.17059576242826,29.85129365375065,35.0,0.12141482367102892,12.35911933350685
22.153306038999986,104.7420832329999,SAT_10082,19.888790055574603,190.62444406260713,98.96051621339336,170.52266607168775,-65.10090998778558,29.88171607028771,35.0,0.12112622456658223,12.338833761818961
22.153306038999986,104.8420832329999,SAT_10082,19.950084587998276,190.96922580749032,98.96762349734692,170.5061896660264,-65.03961545536191,29.908428081609983,35.0,0.12087246774629211,12.320981403199209
22.153306038999986,104.94208323299989,SAT_10082,20.00294630784194,191.26657298161092,98.97369646735169,170.49195165295578,-64.98675373551825,29.931429626072653,35.0,0.12065369072262364,12.305578017912508
22.153306038999986,105.04208323299989,SAT_10082,20.04733901285573,191.5162819473135,98.97875658837775,170.4799743478034,-64.94236103050446,29.950720650596306,35.0,0.12047001316664195,12.292637320130732
22.153306038999986,105.14208323299988,SAT_10082,20.083232047051595,191.71818026466525,98.9828215364553,170.47027665553497,-64.90646799630859,29.966301110665892,35.0,0.12032153635390654,12.282170915085613
22.153306038999986,105.24208323299987,SAT_10082,20.110600453209003,191.87212754930064,98.98590537423554,170.46287397244598,-64.87909959015118,29.978170970329895,35.0,0.12020834269143012,12.274188245343675
22.153306038999986,105.34208323299987,SAT_10082,20.129425098146157,191.97801617707213,98.98801868905961,170.45777810535785,-64.86027494521403,29.98633020219963,35.0,0.12013049532998535,12.268696546725826
22.153306038999986,105.44208323299986,SAT_10082,20.13969276943631,192.03577182807922,98.98916869596496,170.45499720920196,-64.85000727392388,29.99077878744873,35.0,0.12008803786531301,12.265700814305337
22.153306038999986,105.54208323299986,SAT_10082,20.14139624253923,192.0453538642832,98.98935930741673,170.45453574368037,-64.84830380082096,29.99151671581279,35.0,0.1200809941309961,12.26520377882238
22.153306038999986,105.64208323299985,SAT_10082,20.134534317626503,192.0067555366491,98.98859117096276,170.45639444948682,-64.85516572573368,29.98854398558917,35.0,0.12010936808492871,12.2672058937511
22.153306038999986,105.74208323299985,SAT_10082,20.119111825706312,191.920004019598,98.98686167545507,170.46057034435114,-64.87058821765388,29.981860603636953,35.0,0.1201731437904426,12.271705333149251
22.153306038999986,105.84208323299984,SAT_10082,20.095139603979092,191.7851602723824,98.98416492594386,170.46705673895383,-64.8945604393811,29.971466585377083,35.0,0.12027228549226764,12.278698000312085
22.153306038999986,105.94208323299983,SAT_10082,20.062634440691625,191.6023187288904,98.98049168681594,170.47584327253122,-64.92706560266856,29.95736195479266,35.0,0.120406737786615,12.288177547143379
22.153306038999986,106.04208323299983,SAT_10082,20.021618990080626,191.37160681920352,98.97582929220327,170.48691596777584,-64.96808105327956,29.9395467444294,35.0,0.12057642588379587,12.300135404049332
22.153306038999986,106.14208323299982,SAT_10082,19.972121658317377,191.09318432803525,98.97016152211341,170.50025730442087,-65.01757838504281,29.91802099539624,35.0,0.12078125596093815,12.314560820057228
22.153306038999986,106.24208323299982,SAT_10082,19.914176461657377,190.76724259682274,98.96346844211513,170.5158463107051,-65.07552358170281,29.89278475736615,35.0,0.12102111560155564,12.331440912762305
22.153306038999986,106.34208323299981,SAT_10082,19.84782285828392,190.39400357784706,98.95572620373073,170.53365867172076,-65.14187718507627,29.863838088577054,35.0,0.12129587431796862,12.35076072761459
22.153306038999986,106.4420832329998,SAT_10082,19.773105555578155,189.97371875012715,98.94690680192055,170.55366685348895,-65.21659448778203,29.831181055832957,35.0,0.12160538415188465,12.372503305974154
22.153306038999986,106.5420832329998,SAT_10082,19.690074294771676,189.5066679080907,98.9369777851692,170.57584024145626,-65.29962574858851,29.794813734505205,35.0,0.1219494803478338,12.396649761289606
22.153306038999986,106.6420832329998,SAT_10082,19.598783615125527,188.9931578350811,98.92590191266879,170.60014529198352,-65.39091642823466,29.754736208533945,35.0,0.12232798209362009,12.423179362691458
22.253306038999984,102.24208323300005,SAT_10082,20.125922666258006,191.95831499770128,98.98762727460901,170.4587264750212,-64.86377737710218,29.984812448355225,35.0,0.12014497865820227,12.269718371778016
22.253306038999984,102.34208323300004,SAT_10082,20.107764989819287,191.8561780677335,98.9855880188038,170.4636412463475,-64.8819350535409,29.976941622221847,35.0,0.12022006915850375,12.275015360256752
22.253306038999984,102.44208323300003,SAT_10082,20.081074155453393,191.70604212442532,98.98257964516712,170.47086002611758,-64.9086258879068,29.965364842219582,35.0,0.12033046195891853,12.282800242049877
22.253306038999984,102.54208323300003,SAT_10082,20.045868798091476,191.5080119892646,98.9785918401335,170.48037131507783,-64.94383124526871,29.950082135071632,35.0,0.12047609555259456,12.293065969709902
22.253306038999984,102.64208323300002,SAT_10082,20.002173367442666,191.26222519186499,98.97361082979597,170.49216003006237,-64.98752667591752,29.93109353605668,35.0,0.12065688920821992,12.305803292703619
22.253306038999984,102.74208323300002,SAT_10082,19.950018005383413,190.9688512802817,98.96761924491553,170.50620758308142,-65.03968203797677,29.908399089009542,35.0,0.1208727433494653,12.321000800555433
22.253306038999984,102.84208323300001,SAT_10082,19.889438396123936,190.62809097819712,98.9605959487509,170.52249197790985,-65.10026164723625,29.88199884632202,35.0,0.1211235400196968,12.338644975628728
22.253306038999984,102.942083233,SAT_10082,19.820475590712064,190.24017519775538,98.9525158246352,170.54098792313195,-65.16922445264812,29.85189286894387,35.0,0.12140914342775327,12.358720255032303
22.253306038999984,103.042083233,SAT_10082,19.74317580767405,189.80536391816653,98.94334951943006,170.56166696044124,-65.24652423568614,29.81808122638399,35.0,0.12172940056991899,12.381209101058952
22.253306038999984,103.142083233,SAT_10082,19.657590211798052,189.32394494136406,98.9330631380748,170.5844976068579,-65.33210983156214,29.780563996711724,35.0,0.12208414192263586,12.406092079493321
22.253306038999984,103.24208323299999,SAT_10082,19.56377467324191,188.79623253698574,98.9216178833853,170.6094455094096,-65.42592537011828,29.739341266558355,35.0,0.12247318219999952,12.433347945067036
22.253306038999984,103.34208323299998,SAT_10082,19.461789509285524,188.22256598973107,98.90896963400603,170.6364736107326,-65.52791053407466,29.69441313111875,35.0,0.1228963211696718,12.462953733291146
22.253306038999984,103.44208323299998,SAT_10082,19.351699211143583,187.60330806268266,98.89506845193299,170.66554232398892,-65.6380008322166,29.64577969415317,35.0,0.12335334452052484,12.494884857860322
22.253306038999984,103.54208323299997,SAT_10082,19.23357215832337,186.93884339056893,98.87985800924298,170.6966097154521,-65.75612788503682,29.593441067989243,35.0,0.12384402477510935,12.529115212798853
22.253306038999984,103.64208323299997,SAT_10082,19.107480323033414,186.22957681706293,98.86327492151591,170.72963169310444,-65.88221972032677,29.537397373524108,35.0,0.1243681222399101,12.565617278506526
22.253306038999984,103.74208323299996,SAT_10082,18.973498967143144,185.47593169018018,98.84524797282207,170.76456219959607,-66.01620107621704,29.4776487402267,35.0,0.12492538598631477,12.604362230861359
22.253306038999984,103.84208323299995,SAT_10082,18.943141058165466,185.30516845218074,98.84110366009926,170.7724543936606,-66.04655898519472,29.464082424267694,35.0,0.12505170571520194,12.613135310086616
22.253306038999984,103.94208323299995,SAT_10082,19.077716911303185,186.06215762608042,98.85930698248714,170.73740536160022,-65.911983132057,29.52414207583953,35.0,0.12449188294775637,12.57422796334855
22.253306038999984,104.04208323299994,SAT_10082,19.204408165779284,186.7747959325085,98.87605475804328,170.7042602597055,-65.7852918775809,29.58049476320064,35.0,0.12396521369968157,12.537561167376357
22.253306038999984,104.14208323299994,SAT_10082,19.323139412543014,187.44265919555446,98.89141927662126,170.67306522704592,-65.66656063081717,29.633140356188793,35.0,0.12347194943313972,12.503163810526894
22.253306038999984,104.24208323299993,SAT_10082,19.43383850653254,188.06534159924556,98.90546487791781,170.64386445368652,-65.55586153682765,29.682078733217043,35.0,0.123012330460363,12.471063485897801
22.253306038999984,104.34208323299993,SAT_10082,19.53643686966022,188.64245739183872,98.91824874203044,170.6166999878197,-65.45326317369997,29.727309781271416,35.0,0.12258658496189395,12.441286382189805
22.253306038999984,104.44208323299992,SAT_10082,19.6308697865378,189.17364254927514,98.92982156927476,170.59161154713425,-65.35883025682239,29.768833395908754,35.0,0.12219492803499987,12.413857177561901
22.253306038999984,104.54208323299991,SAT_10082,19.717076690447783,189.6585563837688,98.94022816477516,170.56863633606753,-65.2726233529124,29.806649481254738,35.0,0.12183756077932172,12.388798937320287
22.253306038999984,104.64208323299991,SAT_10082,19.795001437062254,190.09688308347518,98.94950794065986,170.54780887059144,-65.19469860629793,29.840757950002043,35.0,0.12151466942678694,12.36613301628175
22.253306038999984,104.7420832329999,SAT_10082,19.86459256342411,190.4883331692606,98.95769534648235,170.5291608121812,-65.12510747993608,29.87115872340869,35.0,0.12122642452269271,12.345878966640857
22.253306038999984,104.8420832329999,SAT_10082,19.925803529779074,190.8326448550073,98.96482023666658,170.51272081256587,-65.06389651358111,29.897851731296537,35.0,0.12097298016465162,12.32805445214713
22.253306038999984,104.94208323299989,SAT_10082,19.9785929419303,191.12958529835797,98.97090818224792,170.49851437081062,-65.01110710142989,29.920836912049943,35.0,0.12075447330578129,12.312675169363409
22.253306038999984,105.04208323299989,SAT_10082,20.02292475193154,191.37895172961493,98.97598073290285,170.48656370418536,-64.96677529142865,29.9401142126146,35.0,0.12057102312811484,12.299754776729783
22.253306038999984,105.14208323299988,SAT_10082,20.058768435104042,191.58057244746024,98.98005563417263,170.47688763416164,-64.93093160825615,29.95568358849652,35.0,0.12042273049171806,12.289304832099313
22.253306038999984,105.24208323299987,SAT_10082,20.086099141560652,191.73430767127866,98.98314700385247,170.4695014887538,-64.90360090179954,29.967545003761188,35.0,0.12030967746441747,12.281334739342519
22.253306038999984,105.34208323299987,SAT_10082,20.104897820669407,191.8400502412654,98.9852654707078,170.46441702224837,-64.88480222269078,29.975698431032875,35.0,0.1202319269363901,12.275851704538885
22.253306038999984,105.44208323299986,SAT_10082,20.11515131714134,191.89772615892005,98.98641827796037,170.46164235320424,-64.87454872621885,29.98014385149412,35.0,0.12018952232313859,12.272860702185593
22.253306038999984,105.54208323299986,SAT_10082,20.116852437724518,191.90729496220044,98.9866093533433,170.46118192140278,-64.87284760563567,29.98088125488537,35.0,0.12018248735959419,12.272364451758671
22.253306038999984,105.64208323299985,SAT_10082,20.109999987790488,191.8687499313215,98.98583934693038,170.46303646422658,-64.8797000555697,29.977910639504792,35.0,0.12021082598726054,12.27436340486065
22.253306038999984,105.74208323299985,SAT_10082,20.094598777417502,191.78211812297343,98.98410563738629,170.46720301273183,-64.89510126594269,29.971232012208215,35.0,0.1202745223354526,12.278855743083614
22.253306038999984,105.84208323299984,SAT_10082,20.070659596907632,191.64746023260543,98.98140230674449,170.47367490745592,-64.91904044645256,29.960845388409304,35.0,0.12037354079680516,12.285837386609135
22.253306038999984,105.94208323299983,SAT_10082,20.038199162000623,191.4648702862535,98.97772008328207,170.48244183378426,-64.95150088135956,29.94675079207981,35.0,0.12050782619634617,12.295302013458763
22.253306038999984,106.04208323299983,SAT_10082,19.997240029370133,191.234475165207,98.97304625151168,170.49348987648517,-64.99246001399005,29.928948255750054,35.0,0.12067730405256,12.307241089202384
22.253306038999984,106.14208323299982,SAT_10082,19.9478104833062,190.9564339685974,98.96736452773284,170.5068015928066,-65.04188956005399,29.907437820509536,35.0,0.12088188092802342,12.321643906828902
22.253306038999984,106.24208323299982,SAT_10082,19.889944394778425,190.63093722062865,98.96065489896316,170.52235610333707,-65.09975564858176,29.882219536007714,35.0,0.12112144486639506,12.338497636386005
22.253306038999984,106.34208323299981,SAT_10082,19.823681054355177,190.25820593074786,98.95289342238416,170.5401291996434,-65.16601898900501,29.853293460454967,35.0,0.12139586591178912,12.35778738390479
22.253306038999984,106.4420832329998,SAT_10082,19.749064980695707,189.83849051641337,98.94405198166473,170.5600934675398,-65.24063506266448,29.820659660623683,35.0,0.12170499670588003,12.379496259042488
22.253306038999984,106.5420832329998,SAT_10082,19.666145706558268,189.37206959939027,98.93409799564526,170.58221842469064,-65.32355433680192,29.78431821184953,35.0,0.12204867315747425,12.403605450803324
22.253306038999984,106.6420832329998,SAT_10082,19.574977544443684,188.85924868749575,98.92299407384276,170.60647067113578,-65.4147224989165,29.744269198032924,35.0,0.12242671517875607,12.43009431063489
22.353306038999982,102.24208323300005,SAT_10082,20.09918725114464,191.8079282876886,98.9846242233725,170.4659619105899,-64.89051279221555,29.973222065084656,35.0,0.12025554475173802,12.277517401958564
22.353306038999982,102.34208323300004,SAT_10082,20.081055772214896,191.70593871870878,98.9825794012648,170.47086499570537,-64.90864427114529,29.965356865842992,35.0,0.12033053799726583,12.282805603285649
22.353306038999982,102.44208323300003,SAT_10082,20.0544033951944,191.5560190979685,98.97956280113185,170.47806663475802,-64.93529664816579,29.953788362142415,35.0,0.12044078798761274,12.290577587562566
22.353306038999982,102.54208323300003,SAT_10082,20.019248669623252,191.3582737666308,98.97556406395648,170.48755538287853,-64.97045137373694,29.93851658069345,35.0,0.1205862334851811,12.300826338066672
22.353306038999982,102.64208323300002,SAT_10082,19.975615933525035,191.1128396260783,98.97056935499239,170.49931622800528,-65.01408410983515,29.91954155675802,35.0,0.12076679411118911,12.313542644476692
22.353306038999982,102.74208323300002,SAT_10082,19.92353519163629,190.81988545295414,98.96456122805584,170.51333066941768,-65.0661648517239,29.896863334150137,35.0,0.12098237072274526,12.328715145733602
22.353306038999982,102.84208323300001,SAT_10082,19.86304196659603,190.47961106210266,98.95751845243397,170.52957681364768,-65.12665807676416,29.87048196523671,35.0,0.1212328458746783,12.346330382478508
22.353306038999982,102.942083233,SAT_10082,19.794177124638253,190.0922463260902,98.94941579931469,170.54802948673967,-65.19552291872193,29.84039751093856,35.0,0.12151808436195079,12.366372858558874
22.353306038999982,103.042083233,SAT_10082,19.716986677572336,189.6580500613444,98.94022378384251,170.56866036166608,-65.27271336578785,29.806610040731552,35.0,0.12183793383782908,12.3888251110155
22.353306038999982,103.142083233,SAT_10082,19.63152156303805,189.177308792089,98.92990835798437,170.59143809957462,-65.35817848032214,29.769119632647946,35.0,0.12219222550239944,12.413667787893063
22.353306038999982,103.24208323299999,SAT_10082,19.537837405199383,188.65033540424653,98.91843054831931,170.61632850342482,-65.4518626381608,29.727926373277842,35.0,0.12258077485552338,12.440879733158297
22.353306038999982,103.34208323299998,SAT_10082,19.435994258174446,188.07746770223127,98.90574603160499,170.64329468248621,-65.55370578518574,29.68303035777086,35.0,0.1230033825079171,12.470438077962463
22.353306038999982,103.44208323299998,SAT_10082,19.326056334599954,187.45906688212474,98.8918046394768,170.6722972261054,-65.66364370876023,29.63443168983792,35.0,0.12345983504372317,12.50231833744904
22.353306038999982,103.54208323299997,SAT_10082,19.208091721791178,186.79551593507537,98.87654978183977,170.70329438511098,-65.78160832156901,29.582130481753225,35.0,0.12394990592772144,12.53649451228354
22.353306038999982,103.64208323299997,SAT_10082,19.082172087984745,186.08721799491417,98.85991777634678,170.73624225921156,-65.90752795537544,29.526126854356384,35.0,0.12447335645019694,12.572939194070075
22.353306038999982,103.74208323299996,SAT_10082,18.948372381143457,185.33459464393195,98.84183706872149,170.77109498875072,-66.04132766221673,29.466420937054718,35.0,0.1250299367024428,12.611623673818286
22.353306038999982,103.84208323299995,SAT_10082,18.910527750039265,185.12171859397085,98.83664470284828,170.78092370734848,-66.07917229332092,29.44949660325404,35.0,0.1251874320038074,12.622557757222667
22.353306038999982,103.94208323299995,SAT_10082,19.044895782250634,185.8775387751598,98.85492338508438,170.74596837025726,-65.94480426110955,29.50951332982736,35.0,0.12462838009145681,12.583720840588189
22.353306038999982,104.04208323299994,SAT_10082,19.17138985124322,186.58906791324313,98.87173970682815,170.71291257012615,-65.81831019211697,29.565825741745275,35.0,0.12410244114081156,12.547120922595274
22.353306038999982,104.14208323299994,SAT_10082,19.289934924507804,187.2558839503564,98.88716644285236,170.68180220839236,-65.69976511885238,29.618433708907013,35.0,0.12360986539250145,12.51278675397454
22.353306038999982,104.24208323299993,SAT_10082,19.400459221788807,187.87758312256204,98.90126835946543,170.65268124454752,-65.58924082157138,29.667337109783038,35.0,0.12315089198011242,12.480745794826783
22.353306038999982,104.34208323299993,SAT_10082,19.50289451586393,188.4537816517346,98.91410301188341,170.62559150471074,-65.48680552749626,29.71253583141269,35.0,0.12272574795491754,12.451024106243292
22.353306038999982,104.44208323299992,SAT_10082,19.597176426072238,188.98411739665636,98.92572142980448,170.60057249443756,-65.39252361728795,29.7540297694021,35.0,0.12233464734069477,12.423646244911794
22.353306038999982,104.54208323299991,SAT_10082,19.6832447021265,189.46825144946158,98.93616870686915,170.577661217389,-65.30645534123369,29.791818827922157,35.0,0.12197779022563032,12.39863516154122
22.353306038999982,104.64208323299991,SAT_10082,19.76104349573089,189.90586966348624,98.94548450697305,170.55689200149968,-65.2286565476293,29.825902919706706,35.0,0.12165536189827164,12.376012103938054
22.353306038999982,104.7420832329999,SAT_10082,19.83052161754854,190.29668409871056,98.9537034981665,170.53829633427262,-65.15917842581165,29.856281966050886,35.0,0.12136753203437269,12.35579652555554
22.353306038999982,104.8420832329999,SAT_10082,19.891632777126773,190.6404343713381,98.96085572302846,170.5219027087877,-65.09806726623341,29.882955896809634,35.0,0.12111445394125937,12.338006000314078
22.353306038999982,104.94208323299989,SAT_10082,19.94433580348074,190.93688889457917,98.96696691286179,170.50773648195357,-65.04536423987945,29.905924650396337,35.0,0.12089626386603465,12.32265614445618
22.353306038999982,105.04208323299989,SAT_10082,19.988594844172383,191.18584599846966,98.97205875176257,170.49581974644283,-65.0011051991878,29.925188173781688,35.0,0.1207130803735424,12.309760546153122
22.353306038999982,105.14208323299988,SAT_10082,20.024379540889157,191.3871349175015,98.9761490955178,170.48617121764175,-64.96532050247103,29.940746422492662,35.0,0.1205650037995199,12.299330703522418
22.353306038999982,105.24208323299987,SAT_10082,20.051665179731714,191.5406166359909,98.97925214934237,170.47880613680914,-64.93803486362847,29.952599360611664,35.0,0.12045211578379497,12.291375971647192
22.353306038999982,105.34208323299987,SAT_10082,20.070432814652662,191.64618458242126,98.98137860764743,170.47373619148576,-64.91926722870753,29.96074696077586,35.0,0.120374478887735,12.285903519109901
22.353306038999982,105.44208323299986,SAT_10082,20.08066936275172,191.70376516547844,98.982535758307,170.47096945401935,-64.90903068060847,29.965189204176657,35.0,0.12033213629943525,12.282918294466334
22.353306038999982,105.54208323299986,SAT_10082,20.08236767041707,191.71331814609601,98.98272755323919,170.47051033888178,-64.90733237294312,29.96592608055933,35.0,0.1203251116293609,12.282423002991298
22.353306038999982,105.64208323299985,SAT_10082,20.07552654960692,191.67483684153893,98.98195464651857,170.47235957925008,-64.91417349375327,29.962957588222842,35.0,0.12035340879833659,12.284418093927696
22.353306038999982,105.74208323299985,SAT_10082,20.060150783883785,191.5883481593463,98.98021440067352,170.4765142231108,-64.9295492594764,29.956283734019806,35.0,0.12041701201892568,12.28890175836648
22.353306038999982,105.84208323299984,SAT_10082,20.036251104134237,191.45391246075508,98.97750086127499,170.48296764893354,-64.95344893922595,29.945904533356615,35.0,0.12051588587037299,12.295869937778653
22.353306038999982,105.94208323299983,SAT_10082,20.00384413423673,191.27162325508164,98.9738046993832,170.49170960073673,-64.98585590912346,29.931820010193732,35.0,0.12064997546641301,12.30531634311405
22.353306038999982,106.04208323299983,SAT_10082,19.96295230725717,191.04160672832157,98.96911312086168,170.50272624215862,-65.02674773610302,29.914030197046163,35.0,0.12081920671438505,12.31723248427618
22.353306038999982,106.14208323299982,SAT_10082,19.913603753065374,190.76402111099273,98.96340974098729,170.51600022893481,-65.07609629029481,29.892535134984048,35.0,0.12102348666326303,12.331607709680775
22.353306038999982,106.24208323299982,SAT_10082,19.855832158552133,190.43905589185576,98.9566744221543,170.5315107989951,-65.13386788480805,29.867334873633457,35.0,0.12126270393741373,12.348429255508998
22.353306038999982,106.34208323299981,SAT_10082,19.789676601908525,190.06693088573545,98.94888307178026,170.54923387920064,-65.20002344145166,29.83842947117734,35.0,0.12153672925215463,12.367682304176194
22.353306038999982,106.4420832329998,SAT_10082,19.715181362665433,189.6478951649931,98.9400073967405,170.5691422075895,-65.27451868069475,29.805818994356606,35.0,0.1218454160065052,12.38935005145535
22.353306038999982,106.5420832329998,SAT_10082,19.632395709411327,189.1822258654387,98.93001460976929,170.59120546985045,-65.35730433394886,29.769503518471428,35.0,0.12218860094792,12.413413781621918
22.453306038999983,102.34208323300004,SAT_10082,20.04441894401036,191.49985656005828,98.9784316734977,170.48076276481683,-64.94528109934983,29.9494524372334,35.0,0.12048209375315026,12.293488678013256
22.453306038999983,102.44208323300003,SAT_10082,20.017812192223502,191.3501935812572,98.97540278304497,170.48794285965027,-64.97188785113669,29.937892241773405,35.0,0.12059217721532794,12.30124505604448
22.453306038999983,102.54208323300003,SAT_10082,19.98271752672838,191.15278608784712,98.97138771139275,170.49740327582902,-65.00698251663181,29.922631428186712,35.0,0.12073740341188587,12.311473265577622
22.453306038999983,102.64208323300002,SAT_10082,19.93915914589178,190.9077701956413,98.96637253122562,170.50912909042756,-65.05054089746841,29.903670031718576,35.0,0.12091769240330115,12.324164146356118
22.453306038999983,102.74208323300002,SAT_10082,19.88716688296077,190.61531371665433,98.96033967924157,170.5231019121279,-65.10253316039942,29.881008096162283,35.0,0.12113294558679452,12.339306398846992
22.453306038999983,102.84208323300001,SAT_10082,19.826776058527244,190.27561532921575,98.95326778162719,170.53929997628657,-65.16292398483294,29.85464567385998,35.0,0.12138304615459249,12.356886636251758
22.453306038999983,102.942083233,SAT_10082,19.758027307704424,189.8889036058374,98.94513143870435,170.55769825621184,-65.23167273565576,29.82458282570367,35.0,0.12166785963217994,12.37688944551542
22.453306038999983,103.142083233,SAT_10082,19.595643940299624,188.9754971641854,98.92554207854657,170.60097981794027,-65.39405610306056,29.75335613815334,35.0,0.12234100283560571,12.424091420438016
22.453306038999983,103.24208323299999,SAT_10082,19.50211529375747,188.44939852738577,98.91401553743664,170.62579794010176,-65.48758474960272,29.71219246330378,35.0,0.12272898114334528,12.45125029166139
22.453306038999983,103.34208323299998,SAT_10082,19.40044016910214,187.87747595119953,98.90127670978214,170.65268627419562,-65.58925987425805,29.66732869169222,35.0,0.12315097107711577,12.48075132067753
22.453306038999983,103.44208323299998,SAT_10082,19.29068243049649,187.26008867154275,98.88727507496071,170.68160563053164,-65.6990176128637,29.61876492698048,35.0,0.1236067603378342,12.512570148974707
22.453306038999983,103.54208323299997,SAT_10082,19.172909799726497,186.59761762346153,98.8719536416166,170.71251449141914,-65.81679024363369,29.566501281389566,35.0,0.12409612356591165,12.546680910038196
22.453306038999983,103.64208323299997,SAT_10082,19.047193564733433,185.89046380162557,98.85524827098813,170.7453691970644,-65.94250647862675,29.51053787570184,35.0,0.12461882327945728,12.58305633398473
22.453306038999983,103.74208323299996,SAT_10082,18.913608280723537,185.1390465790699,98.8370868899525,170.7801241358178,-66.07609176263665,29.450874839263275,35.0,0.12517461084302264,12.621667855239105
22.453306038999983,103.84208323299995,SAT_10082,18.868298908464666,184.88418136011373,98.83082820819111,170.79187590268901,-66.12140113489552,29.430592527629656,35.0,0.12536320859803138,12.634754551238126
22.453306038999983,103.94208323299995,SAT_10082,19.002426551016725,185.6386493494691,98.8492098747788,170.7570341388203,-65.98727349234346,29.49056616345734,35.0,0.12480503610788991,12.59600048087262
22.453306038999983,104.04208323299994,SAT_10082,19.128692423473666,186.3488948820394,98.86611983414417,170.72408658160168,-65.86100761988652,29.54683814441843,35.0,0.12427993075657927,12.559479251946684
22.453306038999983,104.14208323299994,SAT_10082,19.247021947736826,187.01449845601965,98.88163153282731,170.69307884518278,-65.74267809562336,29.599408340473342,35.0,0.12378814131244197,12.525219449601481
22.453306038999983,104.24208323299993,SAT_10082,19.357343783755923,187.63505878362707,98.89581032775172,170.6640546103315,-65.63235625960426,29.648276630149663,35.0,0.12332990548882095,12.493248373933607
22.453306038999983,104.34208323299993,SAT_10082,19.459590127648568,188.21019446802322,98.90871429314242,170.63705543474987,-65.53010991571162,29.69344290053983,35.0,0.12290544897655205,12.463591932525024
22.453306038999983,104.44208323299992,SAT_10082,19.553697002587185,188.73954563955292,98.92039491416331,170.61212056761565,-65.436003040773,29.734907047299014,35.0,0.12251498450643965,12.436274535949932
22.453306038999983,104.54208323299991,SAT_10082,19.639604540010765,189.22277553756058,98.93089768319346,170.58928676996143,-65.35009550334942,29.77266897464312,35.0,0.12215871094863935,12.411318997082468
22.453306038999983,104.64208323299991,SAT_10082,19.717257248715924,189.65957202402709,98.9402626119022,170.56858814250705,-65.27244279464426,29.80672859534697,35.0,0.12183681245583394,12.388746435028349
22.453306038999983,104.7420832329999,SAT_10082,19.78660426940006,190.0496490153753,98.94852467001373,170.55005596255342,-65.20309577396013,29.837085830742655,35.0,0.12154945765696933,12.368576184492396
22.453306038999983,104.8420832329999,SAT_10082,19.847599612293806,190.39274781915265,98.95571415977703,170.53371853150588,-65.14210043106638,29.863740610718022,35.0,0.12129679890810054,12.350825711370419
22.453306038999983,104.94208323299989,SAT_10082,19.900202375614555,190.68863836283185,98.96185703359217,170.51960103453453,-65.08949766774563,29.88669287371538,35.0,0.12107897160659499,12.335510535319886
22.453306038999983,105.04208323299989,SAT_10082,19.944376942701695,190.93712030269702,98.96697516093052,170.50772541379683,-65.04532310065849,29.90594256673029,35.0,0.12089609357454038,12.322644160017404
22.453306038999983,105.14208323299988,SAT_10082,19.980093155868857,191.13802400176232,98.97108654957187,170.49811025653105,-65.00960688749133,29.921489645310594,35.0,0.12074826451672295,12.31223801175416
22.453306038999983,105.24208323299987,SAT_10082,20.00732646520204,191.29121136676147,98.97420552522465,170.490770699203,-64.98237357815815,29.933334073555546,35.0,0.12063556555797264,12.30430138695271
22.453306038999983,105.34208323299987,SAT_10082,20.026058050767944,191.39657653556966,98.97634287276405,170.48571834873212,-64.96364199259224,29.94147582411515,35.0,0.1205580588640308,12.298841409111242
22.453306038999983,105.44208323299986,SAT_10082,20.03627491695471,191.45404640787024,98.97750594158902,170.48296122165013,-64.95342512640548,29.94591487818963,35.0,0.12051578734938488,12.295862995595586
22.453306038999983,105.54208323299986,SAT_10082,20.03796995794842,191.46358101345987,98.97769871693818,170.4825037018598,-64.95173008541177,29.94665122552907,35.0,0.12050877447475107,12.29536883460628
22.453306038999983,105.64208323299985,SAT_10082,20.031141993650962,191.42517371428664,98.9769218583982,170.48434651745714,-64.95855804970923,29.943684864433234,35.0,0.12053702413607463,12.29735937254925
22.453306038999983,105.74208323299985,SAT_10082,20.015795775651213,191.33885123803807,98.97517270626606,170.48848673687846,-64.97390426770897,29.93701580175152,35.0,0.12060052064607711,12.301832811935974
22.453306038999983,105.84208323299984,SAT_10082,19.991941963190527,191.20467354294672,98.9724452558745,170.4949177844101,-64.99775808016966,29.9266440528831,35.0,0.1206992288085229,12.308785119834136
22.453306038999983,105.94208323299983,SAT_10082,19.95959706937748,191.02273351524832,98.96873009944001,170.50362947489103,-65.03010297398271,29.912569641777193,35.0,0.1208330940845142,12.318210046784364
22.453306038999983,106.04208323299983,SAT_10082,19.918783378223367,190.79315650250643,98.96401433443066,170.51460806722602,-65.07091666513682,29.89479260093355,35.0,0.12100204284927722,12.330099155995086
22.453306038999983,106.14208323299982,SAT_10082,19.86952883338013,190.51609968776324,98.95828143686039,170.52783633611926,-65.12017120998006,29.87331297140305,35.0,0.12120598273707556,12.344441862526766
22.453306038999983,106.24208323299982,SAT_10082,19.811866899748324,190.19175131108432,98.95151109727927,170.54329366124776,-65.17783314361186,29.848130802788475,35.0,0.12144480307110474,12.361225482081473
22.453306038999983,106.34208323299981,SAT_10082,19.745836399389688,189.82032974656698,98.94367901652693,170.56095613291657,-65.2438636439705,29.819246153245473,35.0,0.12171837537448747,12.380435288924907
22.453306038999983,106.4420832329998,SAT_10082,19.671481323427344,189.40208244427882,98.9347566575273,170.58079667307163,-65.31821871993284,29.78665908948364,35.0,0.12202655395781897,12.402054582387029
22.453306038999983,106.5420832329998,SAT_10082,19.588850621823568,188.9372847477576,98.92471094849856,170.6027851704103,-65.40084942153662,29.750369686767787,35.0,0.1223691765781143,12.426064761315983
22.553306038999985,102.34208323300004,SAT_10082,19.99788415208269,191.23809835546516,98.97312850788268,170.49331625773974,-64.9918158912775,29.929228371163635,35.0,0.12067463855112327,12.307053366150267
22.553306038999985,102.44208323300003,SAT_10082,19.971330084513042,191.08873172538586,98.97008317369428,170.5004704746841,-65.01836995884715,29.91767651586555,35.0,0.12078453210696329,12.314791467921625
22.553306038999985,102.54208323300003,SAT_10082,19.93630476444025,190.8917142999764,98.96604624596203,170.509896859455,-65.05339527891994,29.902426712281244,35.0,0.12092950824407422,12.324995623502083
22.553306038999985,102.64208323300002,SAT_10082,19.892832223278987,190.64718125594428,98.96100367222782,170.52158059584545,-65.0968678200812,29.88347899563937,35.0,0.12110948754705664,12.337656732328053
22.553306038999985,102.74208323300002,SAT_10082,19.840942089261887,190.35529925209812,98.95493773082397,170.535503423526,-65.1487579540983,29.860833409712583,35.0,0.1213243720576342,12.352763568227259
22.553306038999985,102.84208323300001,SAT_10082,19.780669441424877,190.01626560801495,98.94782685438706,170.55164373210295,-65.20903060193531,29.83449000681838,35.0,0.12157404572868542,12.370302830922059
22.553306038999985,103.24208323299999,SAT_10082,19.456635854897698,188.19357668379956,98.90835454607753,170.6378368874799,-65.53306418846249,29.692139571046244,35.0,0.122917709876539,12.4644491621523
22.553306038999985,103.34208323299998,SAT_10082,19.355154378551717,187.6227433793534,98.89554295476147,170.66463169627295,-65.63454566480847,29.647308167224722,35.0,0.12333899688979001,12.493883138870448
22.553306038999985,103.44208323299998,SAT_10082,19.245604232421485,187.00652380737085,98.88146058787383,170.6934511048088,-65.7440958109387,29.598779439848908,35.0,0.12379403169162496,12.525630114287198
22.553306038999985,103.54208323299997,SAT_10082,19.128052701064505,186.34529644348785,98.86604990971739,170.72425387272273,-65.86164734229568,29.546553501086876,35.0,0.12428259032683117,12.559664380332999
22.553306038999985,103.64208323299997,SAT_10082,19.002570617486043,185.63945972335898,98.8492461620219,170.7569966283814,-65.98712942587414,29.490630471663973,35.0,0.12480443678056148,12.595958832376173
22.553306038999985,103.74208323299996,SAT_10082,18.86923206699751,184.88943037686101,98.83097656700018,170.79163405732965,-66.12046797636268,29.431010480865115,35.0,0.12535932393906166,12.634485075959079
22.553306038999985,103.84208323299995,SAT_10082,18.816485204385785,184.59272927467006,98.82362830216333,170.80529216903773,-66.1732148389744,29.40737023875569,35.0,0.12557893347170912,12.649713975220653
22.553306038999985,104.04208323299994,SAT_10082,19.076347621587203,186.05445537142805,98.85917078042573,170.7377628027749,-65.91335242177298,29.52353201275672,35.0,0.1244975771154273,12.57462405463936
22.553306038999985,104.14208323299994,SAT_10082,19.194432721164375,186.71868405654962,98.87479083310637,170.70687532713592,-65.79526732219581,29.576064292503712,35.0,0.12400667017427636,12.540449617389338
22.553306038999985,104.24208323299993,SAT_10082,19.30452490571618,187.3379525946535,98.88906764968145,170.677964437851,-65.68517513764401,29.624897336006587,35.0,0.12354926246519969,12.508558773334398
22.553306038999985,104.34208323299993,SAT_10082,19.406556865268385,187.91188236713467,98.90205997244458,170.6510713791191,-65.5831431780918,29.670031030410634,35.0,0.12312557809283492,12.4789772512905
22.553306038999985,104.44208323299992,SAT_10082,19.500465094089563,188.44011615425381,98.91381987258252,170.62623510071404,-65.48923494927062,29.711465271419844,35.0,0.12273582828072559,12.451729291695695
22.553306038999985,104.54208323299991,SAT_10082,19.586190168880734,188.92231969995413,98.92439335530247,170.60349208035228,-65.40350987447945,29.749199963294924,35.0,0.12238021047936751,12.426837546942739
22.553306038999985,104.64208323299991,SAT_10082,19.663677014926037,189.35818320895896,98.93382087938637,170.58287615346427,-65.32602302843415,29.783235018851492,35.0,0.12205890751775145,12.404322986303614
22.553306038999985,104.7420832329999,SAT_10082,19.732875157818768,189.74742276273057,98.94213780226923,170.56441835194818,-65.25682488554142,29.813570359458414,35.0,0.12177208680507906,12.384204806246569
22.553306038999985,104.8420832329999,SAT_10082,19.7937389584293,190.08978164116485,98.94937475982233,170.54814675345466,-65.19596108493089,29.84020591503632,35.0,0.12151989958911497,12.366500346923436
22.553306038999985,104.94208323299989,SAT_10082,19.84622782887969,190.38503153744827,98.95555798842958,170.5340863426889,-65.1434722144805,29.863141624056283,35.0,0.12130248027733502,12.351225015570536
22.553306038999985,105.04208323299989,SAT_10082,19.890306427423994,190.63297365425996,98.96070959560465,170.5222588861268,-65.0993936159362,29.882377433538633,35.0,0.12111994582663888,12.338392217521395
22.553306038999985,105.14208323299988,SAT_10082,19.92594483029177,190.83343967039121,98.96484778426114,170.51268282144093,-65.06375521306842,29.89791329905198,35.0,0.12097239520691566,12.328013295472546
22.553306038999985,105.24208323299987,SAT_10082,19.95311867875637,190.9862925680046,98.96798703477364,170.5053731627956,-65.03658136460382,29.909749184712354,35.0,0.12085990894319189,12.320097477577384
22.553306038999985,105.34208323299987,SAT_10082,19.97180929991285,191.09142731200978,98.9701382481211,170.50034142302283,-65.01789074344734,29.917885063182528,35.0,0.1207825487404571,12.314651834866577
22.553306038999985,105.44208323299986,SAT_10082,19.98200379991148,191.1487713745021,98.97130885265685,170.4975955535167,-65.0076962434487,29.922320915671513,35.0,0.12074035719456269,12.311681248408961
22.553306038999985,105.54208323299986,SAT_10082,19.983695128661537,191.15828509872114,98.97150287637669,170.49713990250567,-65.00600491469865,29.92305673193418,35.0,0.12073335759183529,12.311188386535324
22.553306038999985,105.64208323299985,SAT_10082,19.976882115324273,191.11996189869905,98.97072098594015,170.49897519215762,-65.01281792803591,29.92009251027109,35.0,0.12076155379924705,12.31317369235014
22.553306038999985,105.74208323299985,SAT_10082,19.9615694742146,191.03382829245712,98.96896049311724,170.50309851477266,-65.02813056914559,29.913428257528434,35.0,0.12082493024615798,12.317635381655215
22.553306038999985,105.84208323299984,SAT_10082,19.937767781050084,190.89994376840676,98.96621532877236,170.5095033481046,-65.0519322623101,29.90306398909819,35.0,0.12092345199779879,12.324569451305893
22.553306038999985,105.94208323299983,SAT_10082,19.905493419800308,190.71840048637677,98.9624759839368,170.51817958964168,-65.08420662355988,29.8889997289184,35.0,0.12105706491981483,12.333969697916787
22.553306038999985,106.04208323299983,SAT_10082,19.864768500698744,190.48932281643042,98.95772941694989,170.52911360947093,-65.12493154266144,29.87123550947363,35.0,0.12122569593235527,12.345827746731791
22.553306038999985,106.14208323299982,SAT_10082,19.815620750285888,190.21286672035814,98.95195892504854,170.54228832114433,-65.1740792930743,29.849771371795576,35.0,0.12142925335137876,12.36013309037418
22.553306038999985,106.24208323299982,SAT_10082,19.758083374628,189.88921898228253,98.94514397813545,170.55768326978352,-65.23161666873219,29.824607365463844,35.0,0.1216676273140746,12.376873137098434
22.553306038999985,106.34208323299981,SAT_10082,19.692194897132993,189.5185962963731,98.93726001174294,170.57527473647156,-65.2975051462272,29.795743548606904,35.0,0.1219406902845748,12.396033268077968
22.553306038999985,106.4420832329998,SAT_10082,19.617998972609712,189.10124422092963,98.92827817540417,170.59503585783492,-65.37170107075048,29.76317998790317,35.0,0.12224829763547157,12.417596903183258
22.553306038999985,106.5420832329998,SAT_10082,19.535544179440762,188.6374360093543,98.918165031725,170.6169367595675,-65.45415586391942,29.72691675858227,35.0,0.12259028830006477,12.441545574634135
22.653306038999983,102.44208323300003,SAT_10082,19.91499432891044,190.7718431001212,98.96358267156825,170.51562649954278,-65.07470571444975,29.89314122861748,35.0,0.12101772957523116,12.331202713949226
22.653306038999983,102.54208323300003,SAT_10082,19.8800474655432,190.57526699368051,98.9595182076101,170.5250132651048,-65.10965257781699,29.877902477152613,35.0,0.12116242543802055,12.341379364426775
22.653306038999983,102.64208323300002,SAT_10082,19.83667203376335,190.33128018991886,98.95444111879425,170.5366480133097,-65.15302800959684,29.858968492667312,35.0,0.12134205766979515,12.354006431284654
22.653306038999983,102.74208323300002,SAT_10082,19.784897424256528,190.040048011443,98.94833348238691,170.5505126357426,-65.20480261910366,29.83633931891371,35.0,0.12155652905843736,12.369072773216333
22.653306038999983,103.24208323299999,SAT_10082,19.401433881711455,187.88306558462693,98.90142376072482,170.65242394324395,-65.58826616164873,29.667767740362766,35.0,0.1231468457015593,12.480463113065994
22.653306038999983,103.34208323299998,SAT_10082,19.300171216838635,187.31346309471732,98.88852040772396,170.67910984217673,-65.68952882652155,29.622968828158054,35.0,0.12356734605488469,12.509820466447986
22.653306038999983,103.44208323299998,SAT_10082,19.19085557925102,186.69856263328703,98.87433621030578,170.7078128562648,-65.79884446410917,29.574475272159464,35.0,0.12402153677062233,12.541485343233196
22.653306038999983,103.64208323299997,SAT_10082,18.948336024200813,185.33439013612957,98.84188504946029,170.77110443726752,-66.04136401915937,29.466404685795336,35.0,0.12503008799194576,12.611634179695242
22.653306038999983,103.74208323299996,SAT_10082,18.81527595253685,184.5859272330198,98.82347886339585,170.80560499760296,-66.17442409082334,29.406827905322533,35.0,0.12558396883365164,12.650063029709262
22.653306038999983,104.04208323299994,SAT_10082,19.014394049043077,185.70596652586732,98.85086196467525,170.75391753644934,-65.97530599431711,29.49590739774633,35.0,0.12475525192602098,12.592540603688073
22.653306038999983,104.14208323299994,SAT_10082,19.13220643883278,186.36866121843443,98.86661458873823,170.7231675800874,-65.8574936045274,29.54840161606321,35.0,0.12426532181012002,12.558462318693106
22.653306038999983,104.24208323299993,SAT_10082,19.242042342059108,186.9864881740825,98.88101131189674,170.69438629499888,-65.74765770130108,29.597199278492237,35.0,0.12380883096523217,12.526661853829205
22.653306038999983,104.34208323299993,SAT_10082,19.343835010993985,187.55907193684118,98.89411170027928,170.6676145682669,-65.6458650323662,29.642300272231296,35.0,0.12338600169033836,12.497164734640252
22.653306038999983,104.44208323299992,SAT_10082,19.437521476114455,188.0860583031438,98.90596854745478,170.6428910086569,-65.55217856724573,29.683704493032984,35.0,0.12299704349349005,12.469995008128338
22.653306038999983,104.54208323299991,SAT_10082,19.523042820862415,188.56711586735108,98.91662849055982,170.6202517712432,-65.46665722249777,29.72141184520261,35.0,0.12264215220965687,12.445175144247516
22.653306038999983,104.64208323299991,SAT_10082,19.6003444444641,189.00193750011053,98.926132539146,170.59973038937787,-65.38935559889609,29.7554222415964,35.0,0.12232150916173386,12.422725941952876
22.653306038999983,104.7420832329999,SAT_10082,19.669376310459597,189.39024174633525,98.93451652809908,170.5813576155562,-65.32032373290059,29.78573560361983,35.0,0.12203528037128294,12.402666440592956
22.653306038999983,104.8420832329999,SAT_10082,19.73009317865089,189.73177412991123,98.94181150402008,170.5651612726993,-65.2596068647093,29.81235186122616,35.0,0.12178361582537307,12.385013837410781
22.653306038999983,104.94208323299989,SAT_10082,19.7824548182696,190.0263083527665,98.94804405282541,170.55116611731518,-65.20724522509059,29.835270952915092,35.0,0.12156664880558243,12.369783411884923
22.653306038999983,105.04208323299989,SAT_10082,19.826426200299508,190.27364737668472,98.953236574952,170.53939371591056,-65.16327384306068,29.854492825731626,35.0,0.12138449528483877,12.356988457596898
22.653306038999983,105.14208323299988,SAT_10082,19.86197766704595,190.4736243771335,98.95740751339092,170.5298623359261,-65.12772237631424,29.87001743526504,35.0,0.12123725339730201,12.346640222255862
22.653306038999983,105.24208323299987,SAT_10082,19.889085077243195,190.62610355949298,98.96057153877648,170.52258685233363,-65.10061496611699,29.88184474564806,35.0,0.12112500298594164,12.338747856445481
22.653306038999983,105.34208323299987,SAT_10082,19.907729925214554,190.73098082933188,98.96273969489324,170.5175786708868,-65.08197011814563,29.889974729556183,35.0,0.12104780523183642,12.333318371583193
22.653306038999983,105.44208323299986,SAT_10082,19.9178994328489,190.78818430977506,98.9639195071982,170.5148456688514,-65.07180061051129,29.89440736820715,35.0,0.12100570236853676,12.33035660749851
22.653306038999983,105.54208323299986,SAT_10082,19.91958661343085,190.79767470054855,98.96411505627,170.51439215385852,-65.07011342992934,29.895142651360608,35.0,0.12099871748408625,12.329865209947334
22.653306038999983,105.64208323299985,SAT_10082,19.91279030665285,190.7594454749223,98.96332701746614,170.51621884132948,-65.07690973670734,29.892180577317898,35.0,0.12102685441251472,12.331844618283247
22.653306038999983,105.74208323299985,SAT_10082,19.897515184437097,190.67352291245868,98.96155266747468,170.5203228507216,-65.09218485892309,29.88552115292204,35.0,0.12109009771580065,12.336293063407716
22.653306038999983,105.84208323299984,SAT_10082,19.87377172750611,190.53996596722186,98.95878585787435,170.52669772063598,-65.11592831585408,29.87516439355784,35.0,0.12118841275646858,12.343206576019469
22.653306038999983,105.94208323299983,SAT_10082,19.841576172951548,190.35886597285244,98.95501695524537,170.53533344261928,-65.14812387040864,29.86111032315221,35.0,0.12132174586015362,12.35257900508143
22.653306038999983,106.04208323299983,SAT_10082,19.800950433350778,190.13034618759815,98.9502327467894,170.54621651329415,-65.18874961000941,29.8433589741746,35.0,0.12149002456664246,12.364402046323226
22.653306038999983,106.14208323299982,SAT_10082,19.751921988287563,189.85456118411756,98.94441630980425,170.5593300042432,-65.23777805507262,29.82191038763761,35.0,0.12169315796710052,12.378665280499924
22.653306038999983,106.24208323299982,SAT_10082,19.694523749399494,189.53169609037218,98.93754684269597,170.57465364889873,-65.2951762939607,29.79676461309779,35.0,0.12193103712443648,12.395356221035314
22.653306038999983,106.34208323299981,SAT_10082,19.62879390034479,189.16196568943943,98.92959945448102,170.59216394550708,-65.3609061430154,29.767921708656537,35.0,0.12220353557304156,12.414460370591804
22.653306038999983,106.4420832329998,SAT_10082,19.55477571331197,188.74561338737982,98.92054490890975,170.6118342750853,-65.43492433004822,29.73538174096123,35.0,0.12251050989349202,12.435961286030661
22.653306038999983,106.5420832329998,SAT_10082,19.472517343903036,188.2829100594546,98.91034931840125,170.63363503314957,-65.51718269945715,29.699144785206474,35.0,0.12285180035722071,12.459840651156824
22.653306038999983,106.6420832329998,SAT_10082,19.382071606399265,187.77415278599588,98.89897378188891,170.65753377387813,-65.60762843696092,29.659210925135532,35.0,0.12322723163565946,12.486078356582675
22.75330603899998,103.34208323299998,SAT_10082,19.235532016502248,186.94986759282514,98.88017877148383,170.69609531140998,-65.75416802685794,29.594310727730935,35.0,0.1238358813809662,12.528547561797945
22.75330603899998,103.64208323299997,SAT_10082,18.884529297322104,184.97547729743684,98.83313205064397,170.78766838502335,-66.10517074603808,29.43786057109877,35.0,0.12529564550653038,12.63006728660697
22.75330603899998,104.14208323299994,SAT_10082,19.06038903442071,185.9646883186165,98.857066637544,170.74192740411505,-65.92931100893948,29.516420371667493,35.0,0.12456394358449235,12.579240032907428
22.75330603899998,104.24208323299993,SAT_10082,19.169942668345385,186.5809275094428,98.87160606699096,170.71329157183743,-65.8197573750148,29.56518251819521,35.0,0.12410845631614889,12.547539865056436
22.75330603899998,104.54208323299991,SAT_10082,19.450210763580685,188.15743554514137,98.90757003652122,170.63953615043445,-65.5394892797795,29.68930468114041,35.0,0.122944376119018,12.466313434366445
22.75330603899998,104.64208323299991,SAT_10082,19.527308283373998,188.59110909397876,98.9171651082659,170.6191208516802,-65.46239175998619,29.723290324406733,35.0,0.12262445586112962,12.443936776851578
22.75330603899998,104.7420832329999,SAT_10082,19.596156905446946,188.97838259313906,98.92562886141708,170.60084347797988,-65.39354313791324,29.753581624097226,35.0,0.12233887547083268,12.42394240855975
22.75330603899998,104.8420832329999,SAT_10082,19.656711834943636,189.31900407155797,98.93299283434988,170.5847315677988,-65.33298820841655,29.78017851019762,35.0,0.12208778352731585,12.406347367288056
22.75330603899998,104.94208323299989,SAT_10082,19.708933239713474,189.61274947338828,98.93928403138239,170.57080962284232,-65.28076680364671,29.80308092123613,35.0,0.12187131205494646,12.391166789985583
22.75330603899998,105.04208323299989,SAT_10082,19.752786439790412,189.85942372382107,98.94452520351662,170.55909898635392,-65.23691360356977,29.8222888042823,35.0,0.12168957592802154,12.378413845570128
22.75330603899998,105.14208323299988,SAT_10082,19.788242074437548,190.05886166871122,98.9487350810124,170.54961773572555,-65.20145796892264,29.83780211494599,35.0,0.12154267234766077,12.368099675795415
22.75330603899998,105.24208323299987,SAT_10082,19.81527624507568,190.2109288785507,98.95192856212881,170.5423805905425,-65.17442379828451,29.84962081737655,35.0,0.12143068039540794,12.360233344723143
22.75330603899998,105.34208323299987,SAT_10082,19.83387063264587,190.31552230863304,98.9541168614813,170.53739883702863,-65.15582941071432,29.85774488426213,35.0,0.12135366066749534,12.354821797280323
22.75330603899998,105.44208323299986,SAT_10082,19.84401258819061,190.37257080857216,98.95530762067689,170.5346802697046,-65.14568745516958,29.862174296829178,35.0,0.12131165499304826,12.351869827301106
22.75330603899998,105.54208323299986,SAT_10082,19.845695195714796,190.38203547589572,98.95550498318767,170.5342291508853,-65.14400484764539,29.862909044842084,35.0,0.1213046862387783,12.351380055363409
22.75330603899998,105.64208323299985,SAT_10082,19.83891730666231,190.3439098499755,98.95470963477426,170.53604618846146,-65.15078273669788,29.859949126602977,35.0,0.12133275820194414,12.353352916637451
22.75330603899998,105.74208323299985,SAT_10082,19.82368354565,190.25821994428125,98.95291881016443,170.54012853220394,-65.16601649771019,29.853294548951702,35.0,0.12139585559255776,12.35778665886541
22.75330603899998,105.84208323299984,SAT_10082,19.800004287395907,190.12502411660196,98.95012626610225,170.54646978863306,-65.18969575596428,29.842945327265948,35.0,0.1214939441049997,12.364677350492165
22.75330603899998,105.94208323299983,SAT_10082,19.767895605084618,189.944412778601,98.9463222202991,170.55506005429146,-65.22180443827557,29.828901485461532,35.0,0.12162697057838773,12.374018898867249
22.75330603899998,106.04208323299983,SAT_10082,19.727379190714856,189.71650794777108,98.9414932552198,170.56588596705467,-65.26232085264533,29.811163055992857,35.0,0.12179486324423569,12.385803078339285
22.75330603899998,106.14208323299982,SAT_10082,19.678482248258106,189.44146264645184,98.9356221850069,170.57893077492707,-65.31121779510208,29.789730079853527,35.0,0.12199753205915627,12.400019567969382
22.75330603899998,106.24208323299982,SAT_10082,19.621237360736288,189.11946015414165,98.92868788316851,170.5941744215827,-65.3684626826239,29.76460260657711,35.0,0.12223486911961415,12.41665599849871
22.75330603899998,106.34208323299981,SAT_10082,19.55568233258151,188.750713120771,98.92066506790518,170.6115936477404,-65.43401771077868,29.735780694238084,35.0,0.12250674915503795,12.435698008121337
22.75330603899998,106.4420832329998,SAT_10082,19.481860008864416,188.33546254986234,98.91152404110784,170.6311621073175,-65.50784003449577,29.70326440945292,35.0,0.12281303009495904,12.457129306536238
22.75330603899998,106.5420832329998,SAT_10082,19.399818073193188,187.87397666171168,98.90123037609393,170.65285049715885,-65.589881970167,29.667053827381356,35.0,0.12315355370527487,12.480931746684226
22.75330603899998,106.6420832329998,SAT_10082,19.309608826244826,187.36654964762715,98.88974454802609,170.6766266990384,-65.68009121711536,29.627149031727814,35.0,0.12352814628823615,12.507085403516546
22.75330603899998,106.74208323299979,SAT_10082,19.21128894704117,186.81350032710657,98.87702149964073,170.70245593252795,-65.77841109631902,29.58355011474296,35.0,0.12393661944034437,12.535568659093686
22.853306038999982,104.7420832329999,SAT_10082,19.513272996076182,188.51216060292856,98.9154368115609,170.62284145225985,-65.476427047284,29.717108491211285,35.0,0.12268268630462764,12.448011399930822
22.853306038999982,104.8420832329999,SAT_10082,19.57365140974197,188.85178917979857,98.92288127530644,170.60682287681692,-65.41604863361822,29.74368593231093,35.0,0.12243221554629143,12.430479473565947
22.853306038999982,104.94208323299989,SAT_10082,19.625719948935057,189.1446747127597,98.9292408849067,170.59298185805375,-65.36398009442513,29.766571599413677,35.0,0.12221628170431677,12.415353554080752
22.853306038999982,105.04208323299989,SAT_10082,19.66944431741031,189.390624285433,98.9345388029351,170.5813394937519,-65.32025572594988,29.785765439613495,35.0,0.12203499844427353,12.402646673367201
22.853306038999982,105.14208323299988,SAT_10082,19.704795480857157,189.58947457982154,98.93879409684942,170.57191365237784,-65.28490456250303,29.80126740854073,35.0,0.12188846194082309,12.392369856725086
22.853306038999982,105.24208323299987,SAT_10082,19.731749807450058,189.74109266690655,98.94202193205592,170.56471888270676,-65.25795023591013,29.813077470361286,35.0,0.12177675043790481,12.384532073126767
22.853306038999982,105.34208323299987,SAT_10082,19.750289183243467,189.8453766557445,98.94423372363809,170.5597663395757,-65.23941086011672,29.821195597775912,35.0,0.12169992388842628,12.37914019442851
22.853306038999982,105.44208323299986,SAT_10082,19.76040110122959,189.90225619441645,98.9454372494919,170.55706372655493,-65.2292989421306,29.825621772019723,35.0,0.1216580236766668,12.376198963918736
22.853306038999982,105.54208323299986,SAT_10082,19.76207872313708,189.91169281764607,98.9456367268834,170.55661525615187,-65.22762132022311,29.826355982861827,35.0,0.12165107242589085,12.375710974507173
22.853306038999982,105.64208323299985,SAT_10082,19.755320913325306,189.87368013745484,98.9448328537793,170.55842162798015,-65.23437913003488,29.823398228605143,35.0,0.1216790738929121,12.377676656766953
22.853306038999982,105.74208323299985,SAT_10082,19.74013224442112,189.7882438748688,98.94302281567509,170.56248002512837,-65.24956779893907,29.816748516086353,35.0,0.12174201295056648,12.382094276946484
22.853306038999982,105.84208323299984,SAT_10082,19.71652297463652,189.65544173233042,98.94020025803995,170.56878412877083,-65.27317706872367,29.806406860676056,35.0,0.1218398556582542,12.388959944970638
22.853306038999982,105.94208323299983,SAT_10082,19.684508997008635,189.47536310817358,98.93635522389637,170.57732415085778,-65.30519104635155,29.79237328627903,35.0,0.12197254941990841,12.3982676323529
22.853306038999982,106.04208323299983,SAT_10082,19.644111761087117,189.24812865611503,98.93147405543623,170.58808688453584,-65.34558828227307,29.7746478253347,35.0,0.12214002322795849,12.41000919984396
22.853306038999982,106.14208323299982,SAT_10082,19.59535816788825,188.9738896943714,98.92553925792834,170.60105577174977,-65.39434187547194,29.75323051881775,35.0,0.12234218799108738,12.424174434548837
22.853306038999982,106.24208323299982,SAT_10082,19.53828043919117,188.65282747045035,98.91852932347271,170.61621098730924,-65.45141960416902,29.72812141623888,35.0,0.12257893694285205,12.4407510961558
22.853306038999982,106.34208323299981,SAT_10082,19.47291596251179,188.28515228912883,98.91041851138567,170.63352953852888,-65.5167840808484,29.69932057564576,35.0,0.12285014612755021,12.459724971837728
22.853306038999982,106.4420832329998,SAT_10082,19.399307113308552,187.87110251236064,98.90117658113088,170.65298537940572,-65.59039293005164,29.666828063624102,35.0,0.12315567495909072,12.48107993931094
22.853306038999982,106.5420832329998,SAT_10082,19.317501056175587,187.41094344098767,98.89076847271502,170.6745495381657,-65.6721989871846,29.630643955298922,35.0,0.12349536684806241,12.504798037469747
22.853306038999982,106.6420832329998,SAT_10082,19.22754952695091,186.90496608909888,98.87915392831017,170.6981902568965,-65.76215051640928,29.590768334335976,35.0,0.12386904989170973,12.53085954395703
22.953306038999983,104.94208323299989,SAT_10082,19.532878445967967,188.6224412585698,98.91787127865994,170.6176437587747,-65.45682159739222,29.72574306729394,35.0,0.12260134723809082,12.442319558673363
22.953306038999983,105.04208323299989,SAT_10082,19.576463679695763,188.86760819828868,98.92323446592914,170.60607595186937,-65.41323636366442,29.74492281159981,35.0,0.12242055122809219,12.429662672166772
22.953306038999983,105.14208323299988,SAT_10082,19.611702014678343,189.06582383256568,98.92754199485877,170.5967106189817,-65.37799802868184,29.760413395946806,35.0,0.12227440968556419,12.419426395961404
22.953306038999983,105.24208323299987,SAT_10082,19.638570108654164,189.21695686117968,98.93080934011252,170.58956212348852,-65.35112993470602,29.772214784517285,35.0,0.12216299994412652,12.411619595790672
22.953306038999983,105.34208323299987,SAT_10082,19.65705007031798,189.32090664553863,98.93304814881245,170.58464147762754,-65.33264997304221,29.78032695002456,35.0,0.12208638125755217,12.40624906418167
22.953306038999983,105.44208323299986,SAT_10082,19.66712954673497,189.3776037003842,98.93426635659225,170.58195628626083,-65.32257049662522,29.784749873712364,35.0,0.12204459452670302,12.403319489550055
22.953306038999983,105.54208323299986,SAT_10082,19.66880178399336,189.38701003496266,98.93446826612052,170.58151070784157,-65.32089825936683,29.785483545354506,35.0,0.1220376621102945,12.402833434769462
22.953306038999983,105.64208323299985,SAT_10082,19.66206566047086,189.34911934014858,98.93365458948982,170.58330543300028,-65.32763438288933,29.782527963254687,35.0,0.12206558772118994,12.404791325422554
22.953306038999983,105.74208323299985,SAT_10082,19.64692569236516,189.26395701955403,98.93182245521939,170.58733768098463,-65.34277435099503,29.775883134246445,35.0,0.1221283564091617,12.409191447847679
22.953306038999983,105.84208323299984,SAT_10082,19.623392011434575,189.13158006431948,98.92896537999496,170.5936012139885,-65.36630803192561,29.765549073693315,35.0,0.1222259346302748,12.416029957000143
22.953306038999983,106.04208323299983,SAT_10082,19.551211789970083,188.72556631858174,98.92013199323704,170.61278010834556,-65.4384882533901,29.733813362058285,35.0,0.1225252935445169,12.436996213558308
22.953306038999983,106.14208323299982,SAT_10082,19.502613007952533,188.45219816973298,98.91412389343783,170.62566608383088,-65.48708703540765,29.712411784356743,35.0,0.12272691600047657,12.451105819933037
23.053306038999985,104.8420832329999,SAT_10082,19.3787519413911,187.75547967032495,98.89859715685989,170.6584095098755,-65.61094810196909,29.6577434246668,35.0,0.1232410146379193,12.487041002122476
23.053306038999985,104.94208323299989,SAT_10082,19.430478528929257,188.04644172522708,98.9051250416446,170.64475242002632,-65.55922151443093,29.680595414177265,35.0,0.12302627703776185,12.472038231544106
23.053306038999985,105.04208323299989,SAT_10082,19.47391469924601,188.29077018325881,98.91056252257718,170.63326521591188,-65.51578534411418,29.69976100956986,35.0,0.12284600147951234,12.45943513629264
23.053306038999985,105.14208323299988,SAT_10082,19.509032153067224,188.48830586100317,98.91492950505905,170.62396529564933,-65.48066789029296,29.71524016651563,35.0,0.12270028182186937,12.44924247933739
23.053306038999985,105.24208323299987,SAT_10082,19.535807859164848,188.63891920780227,98.91824181819527,170.61686682352007,-65.45389218419534,29.727032849213355,35.0,0.12258919441912265,12.441469015469501
23.053306038999985,105.34208323299987,SAT_10082,19.554224165367685,188.74251093019322,98.92051137501272,170.6119806586359,-65.4354758779925,29.735139030388826,35.0,0.12251279777295435,12.436121451972465
23.053306038999985,105.44208323299986,SAT_10082,19.564268884219615,188.79901247373533,98.92174629188678,170.60931429987016,-65.42543115914057,29.739558691294366,35.0,0.12247113226421513,12.433204418300559
23.053306038999985,105.54208323299986,SAT_10082,19.565935352411742,188.80838635731604,98.92195096933747,170.60887184763567,-65.42376469094845,29.740291821708468,35.0,0.12246421996705308,12.432720445054187
23.053306038999985,105.64208323299985,SAT_10082,19.559222463376813,188.77062635649457,98.92112613564191,170.61065398291802,-65.43047757998337,29.7373384199356,35.0,0.12249206454705604,12.434669952453893
23.15330603899998,104.94208323299989,SAT_10082,19.318595920912315,187.41710205513175,98.89094452437163,170.67426133507806,-65.67110412244787,29.631128738820635,35.0,0.123490819564249,12.504480706626193
23.15330603899998,105.04208323299989,SAT_10082,19.36187349872587,187.66053843033305,98.89646590652221,170.66286052349707,-65.62782654463432,29.65028013230871,35.0,0.12331109639443438,12.491935057051515
23.15330603899998,105.14208323299988,SAT_10082,19.39686234362972,187.8573506829172,98.9009000264516,170.6536307120428,-65.59283769973047,29.66574781905499,35.0,0.12316582451777573,12.481788982224879
23.15330603899998,105.24208323299987,SAT_10082,19.423539755488605,188.00741112462342,98.9042631165169,170.6465858531396,-65.56616028787158,29.67753176327456,35.0,0.12305507924413435,12.474051118762397
23.15330603899998,105.34208323299987,SAT_10082,19.44188833667033,188.11062189377063,98.90656739222389,170.64173664297016,-65.54781170668986,29.685631937705658,35.0,0.12297891827315868,12.46872808315221
23.15330603899998,105.44208323299986,SAT_10082,19.45189607584902,188.16691542665077,98.90782117552813,170.63909046763916,-65.53780396751117,29.690048323609158,35.0,0.1229373814311816,12.46582444204998
23.15330603899998,105.54208323299986,SAT_10082,19.453556406147754,188.17625478458112,98.90802897824094,170.63865136580824,-65.53614363721243,29.690780910768208,35.0,0.12293049048890962,12.465342691683487
23.25330603899998,105.14208323299988,SAT_10082,19.275274603008896,187.17341964192505,98.88538888607353,170.68565652426133,-65.71442544035129,29.61193646183174,35.0,0.12367076514641541,12.51703461277528
23.25330603899998,105.24208323299987,SAT_10082,19.301848076881342,187.32289543245756,98.88880896873758,170.6786687005242,-65.68785196647885,29.623711634984954,35.0,0.1235603809588543,12.509334519980735
23.25330603899998,105.34208323299987,SAT_10082,19.32012504470559,187.42570337646896,98.89115221168026,170.67385880291084,-65.6695749986546,29.631805780270938,35.0,0.12348446872299773,12.504037507291692
23.25330603899998,105.44208323299986,SAT_10082,19.330093681153684,187.48177695648948,98.8924271694307,170.6712340984973,-65.6596063622065,29.636218878959063,35.0,0.12344306767833345,12.501148074989917
23.353306038999982,105.34208323299987,SAT_10082,19.18902191866907,186.68824829251352,98.8741930049743,170.70829339324797,-65.80067812469112,29.573660675842522,35.0,0.12402915756817785,12.542016249717488
