lat,lon,beam_id,SNR_dB,throughput_Mbps,availability_pct,FSPL_dB,Pr_dBm,Gt_dBi,G_rx_dBi,L_atm_dB,L_rain_dB
7.553306039000036,111.54208323299952,SAT_10011,19.66169410011976,189.3470293131737,98.93242285053037,170.58154530198385,-65.32800594324043,29.781295106604205,35.0,0.12207822843804468,12.405677519422738
7.653306039000036,113.84208323299939,SAT_10011,19.431249010493673,188.05077568402692,98.90353573784078,170.6426981434387,-65.55845103286651,29.679886550874063,35.0,0.12303438735876264,12.47260505294311
7.653306039000036,113.94208323299938,SAT_10011,19.3990513012117,187.86966356931583,98.8994073983823,170.651203417214,-65.59064874214849,29.665668917627507,35.0,0.12316807459015447,12.48194616797184
7.7533060390000355,114.14208323299937,SAT_10011,19.185727477615075,186.6697170615848,98.87148067809531,170.70731492884133,-65.80397256574511,29.57117010868844,35.0,0.12405438107116752,12.543773364521067
8.153306039000034,114.74208323299933,SAT_10011,19.404011999325206,187.8975674962043,98.90010025007294,170.6498936307565,-65.58568804403498,29.667860205247408,35.0,0.12314747593235517,12.48050714259353
8.353306039000033,115.2420832329993,SAT_10011,19.698776028287313,189.55561515911612,98.93702357760003,170.5716589863299,-65.29092401507287,29.797555658482963,35.0,0.12192447856110661,12.39489620866483
8.653306039000032,104.8420832329999,SAT_10097,19.3526676904049,187.60875575852756,98.89356752261462,170.66418671022655,-65.63703235295529,29.645587607316337,35.0,0.12335609881617975,12.4950771512289
8.653306039000032,104.94208323299989,SAT_10097,19.46853660860789,188.26051842341943,98.90841843671922,170.63358556246388,-65.5211634347523,29.696762438240572,35.0,0.12287503365615529,12.461465276872834
8.653306039000032,105.04208323299989,SAT_10097,19.575149983096708,188.860218654919,98.92182557205841,170.60531965231968,-65.41455006026348,29.743712565783706,35.0,0.122432656024108,12.430510317703403
8.653306039000032,106.5420832329998,SAT_10010,20.047216397314145,191.51559223489207,98.97834912066772,170.47756015849978,-64.94248364604604,29.949224322931755,35.0,0.12048457080513571,12.29366323967288
8.753306039000032,104.94208323299989,SAT_10097,19.43525644920105,188.0733175267559,98.90419370379111,170.64238752229932,-65.55444359415914,29.682079709549345,35.0,0.12301317631487818,12.471122605094283
8.753306039000032,105.04208323299989,SAT_10097,19.54174824711437,188.67233389001834,98.91766029644064,170.61418658780974,-65.44795179624582,29.729017340555263,35.0,0.12257122501884923,12.440211323972493
8.753306039000032,105.14208323299988,SAT_10097,19.638917218277243,189.21890935280953,98.92973724618909,170.58836311249365,-65.35078282508294,29.7717312891545,35.0,0.12216818255945465,12.411982819184338
8.853306039000032,104.8420832329999,SAT_10097,19.27665186516336,187.18116674154388,98.883687926108,170.68419578291252,-65.71304817819683,29.61193049276563,35.0,0.12367186077790536,12.517111027272023
8.853306039000032,104.94208323299989,SAT_10097,19.392229560701452,187.83129127894566,98.89869389051226,170.65375221717318,-65.59747048265874,29.663077940340123,35.0,0.12319181264042971,12.483604393185242
8.853306039000032,105.04208323299989,SAT_10097,19.498572678707973,188.42947131773232,98.91223958104571,170.62563284829682,-65.49112736465221,29.710002945245527,35.0,0.12275037776589028,12.452747083835021
8.853306039000032,105.14208323299988,SAT_10097,19.595604900469056,188.97527756513844,98.9243868085598,170.59988452688668,-65.39409514289113,29.752705403945708,35.0,0.12234780981187104,12.424568210138295
8.853306039000032,105.24208323299987,SAT_10097,19.683255381532078,189.46831152111795,98.93518963536691,170.5765507823183,-65.30644466182811,29.791185222230727,35.0,0.12198434399259948,12.399094757747935
8.853306039000032,114.64208323299934,SAT_10011,19.920370048357242,190.8020815220095,98.96360681523693,170.5123128695823,-65.06932999500295,29.894390835059127,35.0,0.12100634217475888,12.330401618305013
8.953306039000031,104.8420832329999,SAT_10097,19.224099912682163,186.88556200883716,98.87677839676809,170.69799780639852,-65.76560013067802,29.58862362807713,35.0,0.12389022952158817,12.532335722835047
8.953306039000031,104.94208323299989,SAT_10097,19.33948870421986,187.53462396123672,98.89189551905537,170.6676595011482,-65.65021133914033,29.63975717216691,35.0,0.12341083396968094,12.49889817618937
8.953306039000031,105.04208323299989,SAT_10097,19.44565646897894,188.13181763800654,98.90554052282977,170.63963801212168,-65.54404357438125,29.68666942143317,35.0,0.12297000424986294,12.468104979442876
8.953306039000031,105.14208323299988,SAT_10097,19.542527384638134,188.67671653858952,98.91777597896412,170.61397987284505,-65.44717265872205,29.729360272354278,35.0,0.12256799244216117,12.439985065789127
8.953306039000031,105.24208323299987,SAT_10097,19.630031072319355,189.16892478179636,98.92865660742726,170.59072831494856,-65.35966897104083,29.767829630733473,35.0,0.12220503228692535,12.414565254538818
8.953306039000031,105.34208323299987,SAT_10097,19.708102959417943,189.60807914672594,98.9382299780669,170.56992303595408,-65.28159708394224,29.802077411696413,35.0,0.12188133803067701,12.391870121653902
9.05330603900003,104.8420832329999,SAT_10097,19.161901985582617,186.53569866890226,98.8685173868804,170.71430073763904,-65.82779805777757,29.56099795659726,35.0,0.12414875724747981,12.550346519488317
9.05330603900003,104.94208323299989,SAT_10097,19.277073715492577,187.18353964964575,98.88376912654809,170.68408488806733,-65.71262632786761,29.61211745603119,35.0,0.12367010810840647,12.516988787723061
9.05330603900003,105.04208323299989,SAT_10097,19.38303996916548,187.77959982655585,98.89753438739322,170.65617726262897,-65.6066600741947,29.659016820143965,35.0,0.12322997065322396,12.486269661056477
9.05330603900003,105.14208323299988,SAT_10097,19.47972549967082,188.32345593564838,98.90987666571236,170.6306240272769,-65.50997454368937,29.701695945428078,35.0,0.12282859513210709,12.458217866708438
9.05330603900003,105.24208323299987,SAT_10097,19.56706046773769,188.8147151310245,98.92085148204038,170.60746806851944,-65.4226395756225,29.740154737699626,35.0,0.12246621357603145,12.432860031226657
9.05330603900003,105.34208323299987,SAT_10097,19.644980800491382,189.253017002764,98.93050709541748,170.5867487639198,-65.3447192428688,29.77439311209585,35.0,0.12214303865405009,12.410220552390815
9.05330603900003,105.44208323299986,SAT_10097,19.713428527440897,189.63803546685506,98.93888510755271,170.56850176681917,-65.27627151591929,29.804410993072878,35.0,0.12185926260871381,12.390321479564287
9.15330603900003,104.8420832329999,SAT_10097,19.090104135369714,186.13183576145465,98.85886808050351,170.73307630054316,-65.89959590799047,29.529053538750365,35.0,0.12444729094443188,12.57112585525324
9.15330603900003,104.94208323299989,SAT_10097,19.20503128397425,186.77830097235517,98.87427890536824,170.70299969329696,-65.78466875938594,29.580158852383384,35.0,0.12396948002778477,12.53785843844459
9.15330603900003,105.04208323299989,SAT_10097,19.310770465494272,187.37308386840527,98.88818626081613,170.67522153273273,-65.67892957786592,29.627045201852226,35.0,0.12353012006439237,12.507223126921009
9.15330603900003,105.14208323299988,SAT_10097,19.40724708466226,187.91576485122522,98.90065474314711,170.64978756854205,-65.58245295869793,29.669712483663165,35.0,0.12312945922986167,12.47924841458918
9.15330603900003,105.24208323299987,SAT_10097,19.494391913261524,188.4059545120961,98.91174082420304,170.62674029645143,-65.49530813009866,29.708160603644835,35.0,0.1227677276174536,12.453960709674616
9.15330603900003,105.34208323299987,SAT_10097,19.572141444245773,188.84329562388248,98.92149358176445,170.60611873178047,-65.41755859911441,29.742389476945757,35.0,0.12244513610825253,12.431384208171457
9.15330603900003,105.44208323299986,SAT_10097,19.640438223340936,189.22746500629276,98.9299553171417,170.58795819707424,-65.34926182001925,29.77239902803211,35.0,0.12216187531876771,12.411540775658354
9.15330603900003,105.54208323299986,SAT_10097,19.699231154607503,189.5581752446672,98.9371620745211,170.57229012614755,-65.29046888875268,29.798189190685747,35.0,0.12191811463572873,12.39444983865515
9.25330603900003,104.8420832329999,SAT_10097,19.008758929758102,185.67426897988932,98.84778666869242,170.75429223659128,-65.98094111360209,29.492790444411817,35.0,0.1247856558395329,12.594653665583072
9.25330603900003,104.94208323299989,SAT_10097,19.123414697153592,186.31920767148898,98.86338225804151,170.72437119763515,-65.8662853462066,29.543881431124486,35.0,0.12430877267311392,12.561486807022826
9.25330603900003,105.04208323299989,SAT_10097,19.2289019186549,186.91257329243382,98.87745461901405,170.6967376720437,-65.76079812470529,29.59075463648247,35.0,0.12387027329978936,12.53094481584427
9.25330603900003,105.14208323299988,SAT_10097,19.325146723877396,187.45395032181037,98.8900696336382,170.67143694658233,-65.66455331948279,29.633409957005462,35.0,0.12347040358437883,12.503055926321535
9.25330603900003,105.24208323299987,SAT_10097,19.412080564213596,187.94295317370145,98.90128488530968,170.64851108245534,-65.57761947914659,29.671847298534303,35.0,0.1231093914621068,12.477846303763448
9.25330603900003,105.34208323299987,SAT_10097,19.489640561841114,188.3792281603563,98.91115040817559,170.62799869224904,-65.50005948151907,29.706066576228505,35.0,0.12278744582305746,12.455339919675483
9.25330603900003,105.44208323299986,SAT_10097,19.557769836468452,188.76245533013505,98.91970932052475,170.6099347307854,-65.43193020689174,29.73606771456403,35.0,0.12250475547327062,12.4355584351971
9.25330603900003,105.54208323299986,SAT_10097,19.616417806366783,189.09235016081314,98.92699835722678,170.59435030217492,-65.3732822369934,29.7618506473313,35.0,0.12226148818206775,12.418521093967723
9.25330603900003,105.64208323299985,SAT_10097,19.66554046042077,189.36866508986685,98.93304831345165,170.5812724852393,-65.32415958293942,29.783415317633487,35.0,0.12205778982462902,12.404244625508962
9.25330603900003,105.74208323299985,SAT_10097,19.705100598175463,189.59119086473697,98.93788440956163,170.5707241793147,-65.28459944518472,29.800761677884978,35.0,0.12189378362812088,12.392743160126876
9.25330603900003,105.84208323299984,SAT_10097,19.735068035157852,189.75975769776295,98.94152658509711,170.56272397224825,-65.25463200820234,29.81388968981017,35.0,0.12176956952881178,12.384028156235438
9.35330603900003,104.8420832329999,SAT_10097,18.917925170824347,185.16332908588694,98.83522178848797,170.77791248518656,-66.07177487253584,29.452208752909932,35.0,0.12516365629525397,12.620907483963968
9.35330603900003,104.94208323299989,SAT_10097,19.032283552999843,185.80659498562414,98.85102925652137,170.74816283145134,-65.95741649036034,29.503285271608046,35.0,0.12468778787674929,12.5878511426403
9.35330603900003,105.04208323299989,SAT_10097,19.137494670874005,186.3984075236663,98.86529080481772,170.72068863457812,-65.85220537248618,29.550145203411386,35.0,0.1242502298316054,12.55741171148784
9.35330603900003,105.14208323299988,SAT_10097,19.23348544881968,186.93835564961068,98.87807380021587,170.69553467395804,-65.75621459454051,29.592788444852708,35.0,0.12385122548696706,12.529617139948224
9.35330603900003,105.24208323299987,SAT_10097,19.320188083225943,187.42605796814593,98.88943710929877,170.67274253463313,-65.66951196013424,29.631214901784734,35.0,0.12349100040850561,12.504493326877345
9.35330603900003,105.34208323299987,SAT_10097,19.39754038592794,187.8611646708447,98.89943186987739,170.6523503879335,-65.59215965743225,29.665424489377678,35.0,0.12316976130047307,12.482063997575949
9.35330603900003,105.44208323299986,SAT_10097,19.465486105658897,188.24335934433128,98.90810214276225,170.63439278584045,-65.52421393770129,29.695417132117026,35.0,0.12288769498152931,12.462350588996351
9.35330603900003,105.54208323299986,SAT_10097,19.52397522414263,188.5723606358023,98.9154854594282,170.61890047131868,-65.46572481921756,29.72119276380155,35.0,0.12264496744574503,12.445372144254685
9.35330603900003,105.64208323299985,SAT_10097,19.572964223631985,188.84792375792992,98.92161327825553,170.605900206738,-65.4167358197282,29.742751327541576,35.0,0.12244172301762239,12.43114521751417
9.35330603900003,105.74208323299985,SAT_10097,19.612416322937037,189.06984181652084,98.92651135959886,170.59541462234975,-65.37728372042315,29.760092775757503,35.0,0.12227808360926577,12.419683790221631
9.35330603900003,105.84208323299984,SAT_10097,19.642301679281942,189.2379469459609,98.93020006788966,170.58746208659016,-65.34739836407824,29.773217070178536,35.0,0.12215414808699017,12.41099919957962
9.35330603900003,105.94208323299983,SAT_10097,19.662597553676164,189.35211123942844,98.93269460723022,170.58205659975246,-65.32710248968402,29.782124181841706,35.0,0.12206999175367941,12.405100080019595
9.35330603900003,106.04208323299983,SAT_10097,19.673288437880814,189.41224746307958,98.93400519541993,170.5792077123071,-65.31641160547937,29.78681409109109,35.0,0.12202566595212182,12.40199231831124
9.35330603900003,106.14208323299982,SAT_10097,19.674366141474195,189.41830954579234,98.93413718000629,170.57892046887005,-65.31533390188599,29.787286787577315,35.0,0.12202119779336933,12.40167902279989
9.45330603900003,104.8420832329999,SAT_10097,18.817667584964084,184.59938016542299,98.82111384907927,170.80389738180293,-66.1720324583961,29.40730855302819,35.0,0.12558107680057828,12.649862552820785
9.45330603900003,104.94208323299989,SAT_10097,18.931703443733056,185.24083187099845,98.83716199307835,170.77433437693782,-66.05799659962713,29.458370462642353,35.0,0.1251063073664209,12.61692637796525
9.45330603900003,105.04208323299989,SAT_10097,19.0366151238635,185.83096007173216,98.85163840054172,170.74703368487346,-65.95308491949669,29.505216991470018,35.0,0.12466976881225236,12.586598457280994
9.45330603900003,105.14208323299988,SAT_10097,19.13233041075766,186.36935856051187,98.8646121380734,170.72203953556328,-65.85736963260253,29.547848036056653,35.0,0.12427170171073768,12.55890643138515
9.45330603900003,105.24208323299987,SAT_10097,19.218782307774518,186.8556504812317,98.87614354059777,170.69939299851043,-65.77091773558567,29.58626350226654,35.0,0.12391232905598813,12.533875910285802
9.45330603900003,105.34208323299987,SAT_10097,19.29590937365343,187.28949022680055,98.88628500836461,170.67913176737932,-65.69379066970676,29.6204633052803,35.0,0.1235918551804439,12.511530352427295
9.45330603900003,105.44208323299986,SAT_10097,19.363656038262803,187.67056521522827,98.89508167993537,170.66128995813966,-65.62604400509738,29.65044736959268,35.0,0.12331046474658885,12.491890951803814
9.45330603900003,105.54208323299986,SAT_10097,19.42197289337615,187.99859752524083,98.90257199741256,170.64589792292628,-65.56772714998404,29.676215629010574,35.0,0.1230683218227005,12.474976534245629
9.45330603900003,105.64208323299985,SAT_10097,19.47081695535303,188.2733453738608,98.90878817711929,170.632982081688,-65.51888308800716,29.697768026651282,35.0,0.12286556905128439,12.460803463919165
9.45330603900003,105.74208323299985,SAT_10097,19.510151896843453,188.49460441974443,98.91375659639891,170.62256477353895,-65.47954814651673,29.715104514941032,35.0,0.12270232691814795,12.44938556100067
9.45330603900003,105.84208323299984,SAT_10097,19.539948244916005,188.66220887765252,98.91749810507054,170.6146641295436,-65.44975179844418,29.72822505561372,35.0,0.12257869312923714,12.44073403138507
9.45330603900003,105.94208323299983,SAT_10097,19.560183543356644,188.7760324313811,98.92002826825545,170.60929396843434,-65.42951650000354,29.737129619709922,35.0,0.12249474210140851,12.434857409177713
9.45330603900003,106.04208323299983,SAT_10097,19.570842477262502,188.83598893460157,98.92135754570981,170.60646371651285,-65.41885756609769,29.741818187576126,35.0,0.12245052457224402,12.431761512588718
9.45330603900003,106.14208323299982,SAT_10097,19.57191695847621,188.8420328914287,98.92149141139728,170.60617835270492,-65.41778308488398,29.742290748864217,35.0,0.12244606733286363,12.431449413710416
9.553306039000029,104.8420832329999,SAT_10097,18.70805648799721,183.98281774498432,98.80539422853218,170.83220387171485,-66.28164355536298,29.358089943007705,35.0,0.12603768304679516,12.681491943609045
9.553306039000029,104.94208323299989,SAT_10097,18.821745614350277,184.6223190807203,98.82171380697076,170.80284218619744,-66.16795442900991,29.409137102492917,35.0,0.1255640938593882,12.648685251445999
9.553306039000029,105.04208323299989,SAT_10097,18.92633539115981,185.21063657527392,98.83643248089062,170.77572862017664,-66.06336465220038,29.45597009894626,35.0,0.1251286501857485,12.618477480784259
9.553306039000029,105.14208323299988,SAT_10097,19.021754527300757,185.74736921606677,98.84962125037316,170.75090681463757,-65.96794551605943,29.498588828925556,35.0,0.1247315896379988,12.590895940709421
9.553306039000029,105.24208323299987,SAT_10097,19.107936891453917,186.23214501442828,98.86134211980601,170.7284172865651,-65.88176315190627,29.536993198306316,35.0,0.12437313244681163,12.565965931200676
9.553306039000029,105.34208323299987,SAT_10097,19.18482184312583,186.6646228675828,98.87164892419831,170.7082972177918,-65.80487820023436,29.571183122279294,35.0,0.12405348039626006,12.543710624325598
9.553306039000029,105.44208323299986,SAT_10097,19.252354542321726,187.0444943005597,98.88058802651656,170.6905802571667,-65.73734550103846,29.601158525348236,35.0,0.12377281583249203,12.524150953387522
9.553306039000029,105.54208323299986,SAT_10097,19.31048623465699,187.37148506994558,98.8881989030628,170.67529633817261,-65.6792138087032,29.626919341327923,35.0,0.12353130075521665,12.507305511103292
9.553306039000029,105.64208323299985,SAT_10097,19.359174508867127,187.64535661237758,98.8945146307093,170.6624715140083,-65.63052553449306,29.648465513342437,35.0,0.12332907600045015,12.493190457826756
9.553306039000029,105.74208323299985,SAT_10097,19.398383523906602,187.86590732197465,98.8995622871426,170.652127812001,-65.59131651945358,29.665796993823673,35.0,0.123166260522285,12.481819440753979
9.553306039000029,105.84208323299984,SAT_10097,19.42808420311026,188.03297364249522,98.9033632730347,170.64428310902946,-65.56161584024993,29.678913744510087,35.0,0.1230429507806359,12.473203524949916
9.553306039000029,105.94208323299983,SAT_10097,19.448254393220296,188.14643096186418,98.90593356315303,170.63895102941945,-65.54144565013989,29.687815736445707,35.0,0.12295922024098258,12.467351136925178
9.553306039000029,106.04208323299983,SAT_10097,19.45887898645637,188.2061942988171,98.90728389176964,170.63614086652538,-65.53082105690382,29.692502949979353,35.0,0.12291511899109331,12.464268021366708
9.553306039000029,106.14208323299982,SAT_10097,19.45995000421439,188.21221877370596,98.90741987626565,170.63585752894113,-65.5297500391458,29.69297537476415,35.0,0.12291067347858464,12.463957211490234
9.553306039000029,106.24208323299982,SAT_10097,19.451466641415806,188.16449985796393,98.90634208149976,170.63810151199215,-65.53823340194438,29.689233009757242,35.0,0.1229458863719775,12.466419013337502
9.553306039000029,106.4420832329998,SAT_10097,19.40586940842644,187.90801542239873,98.90052213199365,170.65015136333813,-65.58383063493375,29.669103952717073,35.0,0.12313517919592717,12.479648045116782
9.653306039000029,104.94208323299989,SAT_10097,18.70248659950731,183.95148712222863,98.804608367366,170.83363941278571,-66.28721344385288,29.35558529888519,35.0,0.12606089223234893,12.683098437719998
9.653306039000029,105.04208323299989,SAT_10097,18.806732928535837,184.5378727230141,98.81959872752036,170.80672600626878,-66.18296711482435,29.40240463358756,35.0,0.12562661587573462,12.65301912626741
9.653306039000029,105.14208323299988,SAT_10097,18.901836106791464,185.072828100702,98.83302859040839,170.78208853257655,-66.08786393656872,29.44501093122688,35.0,0.12523062846508992,12.625555706753955
9.653306039000029,105.24208323299987,SAT_10097,18.98773092283075,185.55598644092296,98.84496184979977,170.7597669217088,-66.00196912052944,29.483404097689576,35.0,0.12487314728642679,12.600733149223782
9.653306039000029,105.34208323299987,SAT_10097,19.064357587246064,185.98701142825914,98.85545396371784,170.73979781184636,-65.92534245611412,29.51758404817622,35.0,0.1245543714088094,12.578574321035175
9.653306039000029,105.44208323299986,SAT_10097,19.131662035923682,186.3655989520707,98.864552679619,170.72221435576725,-65.8580380074365,29.54755070719932,35.0,0.12427448071097011,12.559099878157607
9.653306039000029,105.54208323299986,SAT_10097,19.189596209177594,186.69147867662397,98.87229864279693,170.70704604242653,-65.8001038341826,29.573304008581317,35.0,0.12403363498943928,12.542328165347948
9.653306039000029,105.64208323299985,SAT_10097,19.2381183038017,186.96441545888456,98.87872590252582,170.69431853566047,-65.75158173955849,29.59484389545288,35.0,0.12383197315642301,12.528275126194474
9.653306039000029,105.74208323299985,SAT_10097,19.277192995312845,187.18421059863476,98.88386232765335,170.68405353182436,-65.71250704804734,29.612170320251405,35.0,0.12366961253499342,12.516954223939397
9.653306039000029,105.84208323299984,SAT_10097,19.306791627926444,187.35070290708626,98.88772994100003,170.6762686379982,-65.68290841543374,29.62528324471978,35.0,0.12354664825836384,12.508376373896967
9.653306039000029,105.94208323299983,SAT_10097,19.326892370135894,187.4637695820144,98.89034517991956,170.67097727217498,-65.6628076732243,29.63418263990537,35.0,0.12346315277911214,12.502549888175565
9.653306039000029,106.04208323299983,SAT_10097,19.337480334121295,187.5233268794323,98.89171908863791,170.6681885866139,-65.65221970923889,29.638868486159286,35.0,0.12341917549320329,12.499480433291083
9.653306039000029,106.14208323299982,SAT_10097,19.33854765761761,187.52933057409908,98.89185744645533,170.6679074152695,-65.65115238574258,29.639340773135842,35.0,0.12341474248256518,12.49917100112636
9.653306039000029,106.24208323299982,SAT_10097,19.33009354729235,187.4817762035195,98.89076083450159,170.6701342459308,-65.65960649606784,29.635599499792303,35.0,0.12344985637880608,12.501621893550537
9.653306039000029,106.34208323299981,SAT_10097,19.31212428312776,187.38069909259363,98.88842464243581,170.67486521740642,-65.67757576023243,29.62764467438885,35.0,0.1235244963494503,12.506830720865407
9.653306039000029,106.4420832329998,SAT_10097,19.284653183757,187.22617415863314,98.8848390152302,170.68209214178952,-65.70504685960319,29.6154763144888,35.0,0.12363861820683125,12.514792414095632
9.653306039000029,106.5420832329998,SAT_10097,19.24770053315835,187.01831549901573,98.87998873892982,170.69180255153316,-65.74199951020184,29.599094446959057,35.0,0.12379215463854155,12.5254992509892
9.653306039000029,112.94208323299944,SAT_10097,20.00454474138472,191.27556417028907,98.97349010092536,170.49040603038827,-64.98515530197547,29.93146901345027,35.0,0.12065350280152909,12.30556478223594
9.753306039000028,104.94208323299989,SAT_10010,18.77030442088443,184.33296236747492,98.81435783732155,170.81484323900807,-66.21939562247576,29.385354271822546,35.0,0.1257868152471301,12.664119840043108
9.753306039000028,105.04208323299989,SAT_10010,18.690080641127764,183.88170360634365,98.80277110666923,170.83553930987077,-66.29961940223242,29.34930709572838,35.0,0.1261211104922457,12.687266077597792
9.753306039000028,105.14208323299988,SAT_10097,18.772658454391433,184.3462038059518,98.81475144804314,170.81553369997926,-66.21704158896875,29.38711446019033,35.0,0.12576854047376532,12.662853808706062
9.753306039000028,105.24208323299987,SAT_10097,18.858248525830547,184.8276479577968,98.82692181097347,170.7933903921038,-66.13145151752964,29.425496317663736,35.0,0.12541209323084931,12.638145349858743
9.753306039000028,105.34208323299987,SAT_10097,18.934601468926942,185.25713326271406,98.83762075905639,170.77358156592572,-66.05509857443325,29.459666200234288,35.0,0.1250942455084187,12.616088963233402
9.753306039000028,105.44208323299986,SAT_10097,19.001664037819083,185.63436021273233,98.84689760008713,170.75613985143406,-65.9880360055411,29.489624032422977,35.0,0.12481517457615672,12.596705011953873
9.753306039000028,105.54208323299986,SAT_10097,19.059388905335,185.95906259250935,98.85479429630382,170.74109426919495,-65.93031113802519,29.515369748059683,35.0,0.12457503790129526,12.580011578988639
9.753306039000028,105.64208323299985,SAT_10097,19.10773490933427,186.23100886500526,98.86134599207566,170.7284700728425,-65.88196513402592,29.53690329028147,35.0,0.12437397236236652,12.566024379102526
9.753306039000028,105.74208323299985,SAT_10097,19.146667269868345,186.45000339300947,98.86658144697495,170.7182886100909,-65.84303277349184,29.554224611531076,35.0,0.12421209355846911,12.554756681373568
9.753306039000028,105.84208323299984,SAT_10097,19.176157774780208,186.6158874831387,98.87052338409644,170.71056720384667,-65.81354226857998,29.567333673555687,35.0,0.12408949522063328,12.546219243068363
9.753306039000028,105.94208323299983,SAT_10097,19.196184931675717,186.7285402406759,98.87318876137033,170.70531905479578,-65.79351511168447,29.576230447405923,35.0,0.1240062487309829,12.540420255563623
9.753306039000028,106.04208323299983,SAT_10097,19.206734084551215,186.7878792256006,98.87458897178524,170.7025531666059,-65.78296595880897,29.580914913435095,35.0,0.12396240275441017,12.53736530288376
9.753306039000028,106.14208323299982,SAT_10097,19.207797493747194,186.79386090232796,98.87472997681874,170.70227429462955,-65.781902549613,29.58138706129868,35.0,0.12395798298640874,12.537057333295726
9.753306039000028,106.24208323299982,SAT_10097,19.199374378309287,186.74648087798974,98.87361237590676,170.70448291871972,-65.7903256650509,29.577646889954064,35.0,0.12399299201958065,12.539496644265672
9.753306039000028,106.34208323299981,SAT_10097,19.181470920268367,186.64577392650958,98.87123141341554,170.7091752404828,-65.80822912309182,29.569694407660496,35.0,0.12406740933015374,12.544680880939344
9.753306039000028,106.4420832329998,SAT_10097,19.154100230789012,186.49181379818822,98.86757692326272,170.7163432050031,-65.83559981257117,29.55752963197932,35.0,0.12418119138464564,12.552605048162741
9.753306039000028,106.5420832329998,SAT_10097,19.117282278578102,186.28471281700183,98.86263321002154,170.72597454677754,-65.87241776478209,29.54115258977443,35.0,0.12433427186560396,12.563261535913371
9.753306039000028,116.44208323299924,SAT_10098,19.53768832152197,188.64949680856108,98.9171960926727,170.61406029202539,-65.45201172183822,29.726543492354253,35.0,0.12259534633620456,12.441899575830881
9.853306039000028,105.04208323299989,SAT_10010,18.828292975351033,184.65914798634955,98.82264828906382,170.79984771028168,-66.16140706800915,29.4113654162173,35.0,0.12554525926728685,12.647379514677489
9.853306039000028,105.14208323299988,SAT_10010,18.73868400510551,184.1550975287185,98.80983299014778,170.82300748329087,-66.25101603825468,29.371154803494218,35.0,0.12591856246548425,12.673244795992542
9.853306039000028,105.24208323299987,SAT_10097,18.719578445648835,184.0476287567747,98.80712999944153,170.82923341468268,-66.27012159771135,29.363269984941404,35.0,0.1259896742298308,12.678168493740252
9.853306039000028,105.34208323299987,SAT_10097,18.79564300175946,184.47549188489697,98.81805909613256,170.8095937071041,-66.19405704160073,29.397429705181597,35.0,0.12567280417281346,12.656220235505394
9.853306039000028,105.44208323299986,SAT_10097,18.86245074341454,184.8512854317068,98.82753410581584,170.7923015363791,-66.12724929994565,29.42737862776089,35.0,0.12539459671570066,12.636931794611716
9.853306039000028,105.54208323299986,SAT_10097,18.919955110655863,185.17474749743923,98.83559847105961,170.77738543288444,-66.06974493270432,29.45311668651639,35.0,0.12515520687905135,12.620320979457208
9.853306039000028,105.64208323299985,SAT_10097,18.96811561267232,185.4456503212818,98.8422885667248,170.76487022102873,-66.02158443068787,29.474643824591347,35.0,0.12495476940553803,12.606403264844943
9.853306039000028,105.74208323299985,SAT_10097,19.006898039682824,185.66380147321587,98.84763415291629,170.75477688376483,-65.98280200367736,29.49195999443369,35.0,0.12479339808387235,12.595191716262338
9.853306039000028,105.84208323299984,SAT_10097,19.036274643990396,185.829044872446,98.85165873912514,170.74712244671983,-65.95342539936979,29.50506515779476,35.0,0.12467118517275876,12.586696925271966
9.853306039000028,105.94208323299983,SAT_10097,19.056224288208085,185.9412616211705,98.85437986775993,170.74191988326982,-65.9334757551521,29.513959285728344,35.0,0.12458820093040404,12.580926956680228
9.853306039000028,106.04208323299983,SAT_10097,19.06673255899895,186.0003706443691,98.85580932332488,170.73917804166132,-65.92296748436124,29.518642358589883,35.0,0.12454449325415627,12.577887308035644
9.853306039000028,106.14208323299982,SAT_10097,19.067791845042677,186.00632912836508,98.85595327178818,170.73890159503546,-65.92190819831751,29.519114366035982,35.0,0.12454008743381045,12.577580881884225
9.853306039000028,106.24208323299982,SAT_10097,19.059401378342102,185.95913275317434,98.8548123331334,170.74109101494454,-65.93029866501809,29.515375307024144,35.0,0.12457498602101834,12.580007971076663
9.853306039000028,106.34208323299981,SAT_10097,19.041567238396226,185.85881571597878,98.85238158864033,170.74574256867638,-65.94813280496396,29.507425189812714,35.0,0.12464916881609936,12.5851662572842
9.853306039000028,106.4420832329998,SAT_10097,19.01430231919224,185.70545054545636,98.84865052305031,170.75284834041764,-65.97539772416795,29.49526403196113,35.0,0.12476259297238418,12.593050822739048
9.853306039000028,106.5420832329998,SAT_10010,19.03172204483812,185.80343650221442,98.85098222442707,170.7470039863438,-65.95797799852207,29.50231483095248,35.0,0.12469842239773785,12.588590420733013
9.853306039000028,106.6420832329998,SAT_10011,19.1557639082275,186.5011719837797,98.86778404658384,170.71516317215713,-65.83393613513269,29.557855040223423,35.0,0.12417895105839988,12.552449052140568
9.953306039000028,105.14208323299988,SAT_10010,18.867447106065683,184.87938997161947,98.82820221549505,170.78970568005317,-66.1222529372945,29.428906844632156,35.0,0.12538219974586,12.636071902127627
9.953306039000028,105.24208323299987,SAT_10010,18.76848057245185,184.32270322004166,98.81413880725269,170.81531439010973,-66.22121947090834,29.38453555937655,35.0,0.12579441378363512,12.664646226391511
9.953306039000028,105.34208323299987,SAT_10010,18.66048657068238,183.71523696008836,98.7984999137797,170.84315953433918,-66.32921347267781,29.335991295223845,35.0,0.12624446407919954,12.695800769483277
9.953306039000028,105.44208323299986,SAT_10097,18.71411659024284,184.016905820116,98.80636156702033,170.8306416736932,-66.27558345311735,29.360814629422947,35.0,0.1260124319266132,12.679743976920472
9.953306039000028,105.54208323299986,SAT_10097,18.771389873186692,184.33906803667514,98.81461202309406,170.81586140765268,-66.2183101701735,29.386544960172785,35.0,0.12577382475071736,12.66321989794288
9.953306039000028,105.64208323299985,SAT_10097,18.819355976993833,184.6088773705903,98.8214557033094,170.80346052609758,-66.17034406636635,29.40806563461345,35.0,0.12557404545445827,12.649375129427765
9.953306039000028,105.74208323299985,SAT_10097,18.857981285308227,184.82614472985878,98.8269234901191,170.79345963267,-66.13171875805196,29.42537660519789,35.0,0.12541320593642044,12.638222524643439
9.953306039000028,105.84208323299984,SAT_10097,18.88723853378275,184.990716752528,98.83103977490141,170.7858754438967,-66.10246150957744,29.43847783368149,35.0,0.1252913969182872,12.629772502443926
9.953306039000028,105.94208323299983,SAT_10097,18.90710695444406,185.10247661874783,98.83382275536849,170.78072069682622,-66.08259308891613,29.44736929112108,35.0,0.12520868748505506,12.624032995725921
9.953306039000028,106.04208323299983,SAT_10097,18.917572386452633,185.16134467379607,98.83528465491133,170.7780040781293,-66.07212765690755,29.452050957874185,35.0,0.12516512473291105,12.621009411919529
9.953306039000028,106.14208323299982,SAT_10097,18.918627352021446,185.16727885512063,98.8354318687081,170.77773017548333,-66.07107269133874,29.452522823598503,35.0,0.12516073352819757,12.620704605925724
9.953306039000028,106.24208323299982,SAT_10010,18.94194896759221,185.2984629427062,98.8386242758349,170.77036967579875,-66.04775107576798,29.462236622071003,35.0,0.1250720223598436,12.61454599968039
9.953306039000028,106.34208323299981,SAT_10010,19.02430374400504,185.76170856002835,98.84998394074664,170.74893753547582,-65.96539629935515,29.499006474775335,35.0,0.1247292879069958,12.590735950747675
9.953306039000028,106.4420832329998,SAT_10010,19.09745613043762,186.17319073371164,98.85993549104208,170.7298489674384,-65.89224391292257,29.531603094865613,35.0,0.12442497241449484,12.569573067935305
9.953306039000028,106.5420832329998,SAT_10010,19.161354724092888,186.5326203230225,98.86852344258156,170.71313549946834,-65.8283453192673,29.560026410105436,35.0,0.12415924687388102,12.551076983030526
9.953306039000028,106.6420832329998,SAT_10010,19.215954108589116,186.83974186081377,98.87578553980384,170.69882500398248,-65.77374593477107,29.584276357510987,35.0,0.12393226226720466,12.535265026032375
10.053306039000027,105.04208323299989,SAT_10010,19.07707158669156,186.05852767514003,98.85719141995365,170.7351730201412,-65.91262845666863,29.522525878663583,35.0,0.12450976102946838,12.575471554161556
10.053306039000027,105.14208323299988,SAT_10010,18.986954322545827,185.5516180643203,98.84487035821277,170.75866497242504,-66.00274572081436,29.48234018625115,35.0,0.12488470643199948,12.601536228208474
10.053306039000027,105.24208323299987,SAT_10010,18.887720473179044,184.99342766163213,98.83107131051919,170.7844489137936,-66.10197957018114,29.437982715880675,35.0,0.12529778294687138,12.630215589321349
10.053306039000027,105.34208323299987,SAT_10010,18.779437684480484,184.38433697520273,98.8157293816977,170.8124834155941,-66.2102623588797,29.38945356588024,35.0,0.12574876520178482,12.66148374396406
10.053306039000027,105.44208323299986,SAT_10010,18.662178508359275,183.72475410952092,98.79877046737693,170.84272408388097,-66.32752153500091,29.336752843836443,35.0,0.1262374112744473,12.695312883681948
10.053306039000027,105.54208323299986,SAT_10097,18.613792056407704,183.45258031729335,98.79172254759769,170.85646180968226,-66.37590798695248,29.31565471472199,35.0,0.12643056124462698,12.708670330747582
10.053306039000027,105.64208323299985,SAT_10097,18.66155539294651,183.72124908532413,98.79873640386168,170.84418026885314,-66.32814465041368,29.337168866050327,35.0,0.12623146852924375,12.694901779081615
10.053306039000027,105.74208323299985,SAT_10097,18.700016824464512,183.93759463761288,98.8043395756084,170.83427586583778,-66.28968321889568,29.354474589533808,35.0,0.12607118375362966,12.683810758838073
10.053306039000027,105.84208323299984,SAT_10097,18.729149586902167,184.1014664263247,98.8085574425874,170.82676499753077,-66.26055045645802,29.36757184693173,35.0,0.1259497960432647,12.675407509815706
10.053306039000027,105.94208323299983,SAT_10010,18.759165782315492,184.27030752552466,98.81282347392354,170.8177201991127,-66.2305342610447,29.380353634252447,35.0,0.12583322225190577,12.66733447393253
10.053306039000027,106.04208323299983,SAT_10010,18.869056084485578,184.8884404752314,98.82844828092612,170.7892886157188,-66.12064395887461,29.429627312789638,35.0,0.12537549976087387,12.635607156184584
10.053306039000027,106.14208323299982,SAT_10010,18.969910046177233,185.45574400974695,98.84251768346127,170.76309988068397,-66.01978999718295,29.47472933021954,35.0,0.12495564101433564,12.606463805704179
10.053306039000027,106.24208323299982,SAT_10010,19.06165912105473,185.97183255593285,98.85509815253789,170.73919596771782,-65.92804092230546,29.515659586561846,35.0,0.12457387441867168,12.57993066673081
10.053306039000027,106.34208323299981,SAT_10010,19.14423994290732,186.43634967885367,98.86624767313681,170.71761571054202,-65.84546010045287,29.552417991092693,35.0,0.12423041094563242,12.556031970057914
10.053306039000027,106.4420832329998,SAT_10010,19.21759464213818,186.84896986202725,98.87601650071332,170.6983946008893,-65.772105401222,29.585004462342333,35.0,0.12392544311600218,12.53478981955905
10.053306039000027,106.5420832329998,SAT_10010,19.281671140402125,187.20940016476197,98.88444779921444,170.6815646001797,-65.70802890295806,29.61341892809307,35.0,0.12365914405809748,12.51622408681333
10.053306039000027,106.6420832329998,SAT_10010,19.33642342033255,187.51738173937062,98.89157817582829,170.66715396690114,-65.65327662302764,29.637661325377387,35.0,0.12343166664963495,12.500352314854254
10.153306039000027,104.64208323299991,SAT_10010,19.456289938515667,188.19163090415063,98.90696544646642,170.63550961036265,-65.53341010484452,29.690613727560798,35.0,0.1229338896746969,12.465580332367978
10.153306039000027,104.8420832329999,SAT_10010,19.340493772401274,187.54027746975717,98.89211751692605,170.66608156816045,-65.64920627095891,29.639462160980145,35.0,0.12341475830365556,12.499172105474953
10.153306039000027,104.94208323299989,SAT_10010,19.268608769411756,187.13592432794113,98.88274969980108,170.68499853175237,-65.72109127394843,29.60763028721027,35.0,0.12371342346477433,12.520009605941551
10.153306039000027,105.04208323299989,SAT_10010,19.18746593940908,186.67949590917607,98.87203368539856,170.70629513076972,-65.80223410395111,29.571627777436344,35.0,0.12405068736639009,12.543516063251348
10.153306039000027,105.14208323299988,SAT_10010,19.09712282306377,186.1713158797337,98.85992189785149,170.72993605116704,-65.89257722029642,29.53145471145632,35.0,0.12442635872018519,12.569669521865507
10.153306039000027,105.24208323299987,SAT_10010,18.99764257224942,185.61173946890298,98.84635938242076,170.7558825639743,-65.99205747111077,29.48711117831951,35.0,0.12484022741414724,12.598445858041842
10.153306039000027,105.34208323299987,SAT_10010,18.889093631693598,185.00115167827647,98.83128309879694,170.78409272868345,-66.10060641166659,29.43859727632885,35.0,0.12529206553143196,12.629818893780557
10.153306039000027,105.44208323299986,SAT_10010,18.77154940114424,184.33996538143637,98.8146210863615,170.81452160874179,-66.21815064221595,29.385913113043433,35.0,0.1257816284375008,12.663760518080089
10.153306039000027,105.54208323299986,SAT_10010,18.64508788138808,183.62861933280792,98.79629148035491,170.84712149694823,-66.34461216197211,29.329058805281225,35.0,0.12630865592612023,12.700240814378972
10.153306039000027,105.64208323299985,SAT_10010,18.50979130750227,182.86757610470028,98.77620135311633,170.88184214852348,-66.47990873585792,29.26803447912206,35.0,0.12687287341462428,12.739228193041885
10.153306039000027,105.74208323299985,SAT_10010,18.62158612943658,183.49642197808075,98.79283782716242,170.85316426704736,-66.36811391392361,29.318473205848132,35.0,0.12640663620901207,12.707016216515374
10.153306039000027,105.84208323299984,SAT_10010,18.749630628293417,184.2166722841505,98.81147449048309,170.8201821232309,-66.24006941506677,29.37607176621626,35.0,0.12587295071881083,12.670086107333326
10.153306039000027,105.94208323299983,SAT_10010,18.868772215139813,184.88684371016146,98.82842782242933,170.7893621993582,-66.12092782822037,29.429500203930584,35.0,0.12537668182392994,12.635689150968823
10.153306039000027,106.04208323299983,SAT_10010,18.97893210627325,185.50649309778706,98.84378157176175,170.7607526727972,-66.01076793708694,29.478758400520352,35.0,0.12491809238532635,12.603855572424765
10.153306039000027,106.14208323299982,SAT_10010,19.080036054414265,186.07520280608023,98.85760938994453,170.73439899136514,-65.90966398894592,29.523846246774205,35.0,0.12449742990225267,12.574613814452746
10.153306039000027,106.24208323299982,SAT_10010,19.172014705212746,186.5925827168217,98.86997584414897,170.71034364640104,-65.81768533814744,29.564763642737407,35.0,0.12411492535675883,12.54799040912704
10.153306039000027,106.34208323299981,SAT_10010,19.254803938211197,187.05827215243798,98.88093727693374,170.68862595534145,-65.73489610514899,29.601510497709278,35.0,0.12377079211535182,12.524009855401474
10.153306039000027,106.4420832329998,SAT_10010,19.32834518891326,187.4719416876371,98.89054253443517,170.66928185601253,-65.66135485444693,29.63408673024089,35.0,0.12346522489727002,12.502694503778013
10.153306039000027,106.5420832329998,SAT_10010,19.392585748685974,187.83329483635862,98.8988335808675,170.6523437148051,-65.59711429467421,29.662492268132993,35.0,0.12319839881852906,12.484064449183565
10.153306039000027,106.6420832329998,SAT_10010,19.447479039366584,188.14206959643704,98.90584601383368,170.63784015080486,-65.5422210039936,29.68672704843416,35.0,0.12297046852045608,12.468137433102452
10.153306039000027,106.74208323299979,SAT_10010,19.492984859629047,188.39803983541339,98.91160949221953,170.62579587783446,-65.49671518373114,29.7067910174392,35.0,0.12278156739085075,12.454928755945021
10.253306039000027,103.94208323299995,SAT_10010,19.66630895954809,189.37298789745802,98.93316572473677,170.57974608991515,-65.3233910838121,29.782991846746977,35.0,0.12206249282072772,12.404574347823209
10.253306039000027,104.04208323299994,SAT_10010,19.679315341649385,189.44614879677778,98.9347573497176,170.57627924359,-65.3103847017108,29.788695953166656,35.0,0.12200855974544297,12.40079285154202
10.253306039000027,104.64208323299991,SAT_10010,19.55787167751683,188.76302818603216,98.91975957341552,170.60858890798656,-65.43182836584336,29.735358866204933,35.0,0.1225122918207565,12.43608603224098
10.253306039000027,104.7420832329999,SAT_10010,19.504526217441608,188.46295997310904,98.91307369718407,170.6227381310818,-65.48517382591858,29.711875914653078,35.0,0.12273366481182747,12.451577944678025
10.253306039000027,104.8420832329999,SAT_10010,19.44180474011192,188.11015166312953,98.90513464947406,170.63934066204726,-65.54789530324827,29.684223517629608,35.0,0.12299402653177632,12.46978413229883
10.253306039000027,104.94208323299989,SAT_10010,19.369753208879672,187.70486179994816,98.89590878600211,170.6583682419872,-65.61994683448052,29.65240173642017,35.0,0.12329322449187824,12.490687104421612
10.253306039000027,105.04208323299989,SAT_10010,19.288423828565328,187.24738403568,98.88535634346628,170.67978879365768,-65.70127621479486,29.616410641555603,35.0,0.12363108537441891,12.514266977318368
10.253306039000027,105.14208323299988,SAT_10010,19.19787477122202,186.73804558812387,98.87343095706969,170.70356659725127,-65.79182527213817,29.57625031281373,35.0,0.12400741590035104,12.540501571800279
10.253306039000027,105.24208323299987,SAT_10010,19.09816987569161,186.1772055507653,98.86007908460292,170.72966248274093,-65.89153016766858,29.53192083922141,35.0,0.12442200378400144,12.56936652036506
10.253306039000027,105.34208323299987,SAT_10010,18.98937832412274,185.56525307319043,98.845239323708,170.75803403668002,-66.00032171923745,29.483422319056785,35.0,0.1248746187660353,12.600835382848176
10.253306039000027,105.44208323299986,SAT_10010,18.871574298768465,184.9026054305726,98.82884160590709,170.7886358212613,-66.11812574459172,29.4307548598518,35.0,0.12536501371541514,12.63487976946682
10.253306039000027,105.54208323299986,SAT_10010,18.74483662247549,184.18970600142464,98.81080624727522,170.82141960337884,-66.2448634208847,29.37391857839494,35.0,0.1258929257907634,12.671469470110033
10.253306039000027,105.64208323299985,SAT_10010,18.60924838631027,183.4270221729953,98.79104283108526,170.85633459142144,-66.38045165704992,29.312913600734195,35.0,0.1264580776513538,12.710572588711315
10.253306039000027,105.74208323299985,SAT_10010,18.721283927775204,184.0572220937355,98.8074084458712,170.82749630812236,-66.26841611558498,29.36333633525072,35.0,0.1259910692668975,12.678265073446445
10.253306039000027,105.84208323299984,SAT_10010,18.849607414194537,184.77904170484427,98.82574526218274,170.7943283660291,-66.14009262916565,29.42091663333299,35.0,0.1254564900990508,12.641224406370487
10.253306039000027,105.94208323299983,SAT_10010,18.969011777319295,185.45069124742102,98.84242912248436,170.7633335370988,-66.02068826604089,29.474328130980858,35.0,0.12495937958625214,12.606723480336717
10.253306039000027,106.04208323299983,SAT_10010,19.079417404917635,186.07172290266172,98.85754153904297,170.7345605286127,-65.91028263844255,29.52357070975348,35.0,0.12450000324770097,12.574792816335632
10.253306039000027,106.14208323299982,SAT_10010,19.18074925973619,186.64171458601606,98.87115422236894,170.70805529431328,-65.808950783624,29.568644260467053,35.0,0.12407861110503256,12.545461138672742
10.253306039000027,106.24208323299982,SAT_10010,19.272937241558452,187.16027198376628,98.88333005857656,170.68386080379665,-65.71676280180174,29.609548683192063,35.0,0.12369543651137843,12.518755244685766
10.253306039000027,106.34208323299981,SAT_10010,19.35591653357035,187.62703050133322,98.89412393934711,170.6620168215013,-65.63378350978984,29.6462838872507,35.0,0.12335069503809512,12.494699880501129
10.253306039000027,106.4420832329998,SAT_10010,19.42962792960809,188.0416571040455,98.90358346535865,170.64255969755732,-65.5600721137521,29.678849791214578,35.0,0.12304458342879547,12.473317623980563
10.253306039000027,106.5420832329998,SAT_10010,19.49401813895132,188.4038520316012,98.91174954020738,170.62552217270473,-65.49568190440887,29.707246322902645,35.0,0.12277727863001489,12.454628775976767
10.253306039000027,106.6420832329998,SAT_10010,19.549040065460275,188.71335036821407,98.91865686869816,170.6109331994051,-65.44065997789991,29.731473419379338,35.0,0.12254893690739911,12.438651260966743
10.253306039000027,106.74208323299979,SAT_10010,19.59465305805135,188.96992345153882,98.92433437078049,170.59881778114215,-65.39504698530884,29.751531026952996,35.0,0.12235969305571354,12.425400538063963
10.353306039000026,103.94208323299995,SAT_10010,19.75854903368088,189.89183831445493,98.94438500918451,170.5551255166231,-65.23115100967931,29.823402286170236,35.0,0.12168008586870865,12.377747693357746
10.353306039000026,104.04208323299994,SAT_10010,19.771583210955825,189.96515556162652,98.94595548930431,170.55164005918255,-65.21811683240436,29.829104567757533,35.0,0.12162606438266181,12.373955276596682
10.353306039000026,104.54208323299991,SAT_10010,19.693904401691512,189.5282122595148,98.93654542908689,170.57238866318272,-65.29579564166868,29.79509181952958,35.0,0.12194806832183128,12.396550729693702
10.353306039000026,104.64208323299991,SAT_10010,19.649881433468266,189.280583063259,98.93115797928401,170.5841225942794,-65.33981860989192,29.775784544175707,35.0,0.12213061760381355,12.409349942184429
10.353306039000026,104.7420832329999,SAT_10010,19.596423591240438,188.97988270072747,98.92456211418057,170.59834711570988,-65.39327645211975,29.75230910520383,35.0,0.12235234821454286,12.424886093399154
10.353306039000026,104.8420832329999,SAT_10010,19.53357075081729,188.62633547334724,98.9167305357043,170.6150376869519,-65.4561292925429,29.724665554643032,35.0,0.12261312802247157,12.443144032211563
10.353306039000026,104.94208323299989,SAT_10010,19.46136933737617,188.22020252274095,98.90763035991846,170.6341657515608,-65.52833070598402,29.692853953763706,35.0,0.12291280309524222,12.464106105091673
10.353306039000026,105.04208323299989,SAT_10010,19.379872076706803,187.76178043147578,98.89722272886415,170.65569889689075,-65.60982796665338,29.65687437307916,35.0,0.12325119848210356,12.487752244359687
10.353306039000026,105.14208323299988,SAT_10010,19.289137716883175,187.25139965746783,98.88546234241734,170.67960103260936,-65.70056232647701,29.61672689234737,35.0,0.1236281190926724,12.514060067122353
10.353306039000026,105.24208323299987,SAT_10010,19.189230723389727,186.6894228190672,98.87229689971491,170.7058325859936,-65.80046931997046,29.572411600573044,35.0,0.12404335066371494,12.543004983886208
10.353306039000026,105.34208323299987,SAT_10010,19.080220950932684,186.07624284899634,98.85766643728851,170.7343507118624,-65.9094790924275,29.52392859600987,35.0,0.1244966608049991,12.574560315769986
10.353306039000026,105.44208323299986,SAT_10010,18.962183295319107,185.41228103617001,98.84150254813355,170.7651095149045,-66.02751674804108,29.471277986163017,35.0,0.12498780011479527,12.608697419184786
10.353306039000026,105.54208323299986,SAT_10010,18.83519732887906,184.69798497494472,98.82372746239582,170.7980602821027,-66.15450271448113,29.41445988779188,35.0,0.12551650335527134,12.645385816815018
10.353306039000026,105.64208323299985,SAT_10010,18.699346922939,183.93382644153186,98.8042529660065,170.83315172294039,-66.29035312042119,29.353474426913063,35.0,0.1260824906778455,12.684593333716029
10.353306039000026,105.74208323299985,SAT_10010,18.811598838112076,184.56524346438044,98.82037905739615,170.80416779976514,-66.17810120524811,29.403881030127586,35.0,0.12561479276668336,12.652199642843884
10.353306039000026,105.84208323299984,SAT_10010,18.94017314984856,185.28847396789817,98.83845065848503,170.77083114577454,-66.04952689351163,29.46144290709063,35.0,0.12507941434100384,12.615059240486715
10.353306039000026,105.94208323299983,SAT_10010,19.059813815552033,185.9614527124802,98.85489611863267,170.7396774838187,-65.92988622780815,29.51483731734143,35.0,0.12458155093524471,12.58046451039565
10.353306039000026,106.04208323299983,SAT_10010,19.170440467635757,186.58372763045114,98.86979498735836,170.71075600473068,-65.81925957572443,29.56406414246865,35.0,0.12412147048600194,12.548446242976404
10.353306039000026,106.14208323299982,SAT_10010,19.271977348504507,187.15487258533784,98.88321727097484,170.6841131240052,-65.71772269485568,29.609123273315667,35.0,0.1236994253090887,12.51903341885707
10.353306039000026,106.24208323299982,SAT_10010,19.364353677702184,187.67448943707478,98.89522437894868,170.65979224781438,-65.625346365658,29.650014609977838,35.0,0.12331565091449262,12.492253076906964
10.353306039000026,106.34208323299981,SAT_10010,19.447504003225177,188.14221001814164,98.90586992799918,170.6378335487098,-65.54219604013501,29.68673806179991,35.0,0.12297036487946339,12.468130188345654
10.353306039000026,106.4420832329998,SAT_10010,19.521368533520572,188.55769800105324,98.91520042396537,170.61827375331032,-65.46833150983962,29.71929354737376,35.0,0.12266376578952738,12.446687538113517
10.353306039000026,106.5420832329998,SAT_10010,19.58589344676301,188.92065063804193,98.92325583779564,170.60114594423356,-65.40380659659718,29.747680994536285,35.0,0.12239603225692271,12.42794561464297
10.353306039000026,106.6420832329998,SAT_10010,19.64103117414885,189.23080035458727,98.93007008900044,170.58647937843438,-65.34866886921134,29.77190034036757,35.0,0.12216732202549815,12.411922509119021
10.353306039000026,106.74208323299979,SAT_10010,19.686740654140323,189.48791617953933,98.93567144741434,170.57429932398978,-65.30295938921986,29.7919515311893,35.0,0.12197777117052301,12.398633825248865
10.353306039000026,106.84208323299978,SAT_10010,19.722987554846924,189.69180499601396,98.94008286202475,170.56462691720162,-65.26671248851326,29.807834522563397,35.0,0.121827493401121,12.388092600473918
10.453306039000026,104.54208323299991,SAT_10010,19.776355113671713,189.9919975144034,98.94653539009272,170.55036361231143,-65.21334492968847,29.831191716502484,35.0,0.12160628769350805,12.37256674618603
10.453306039000026,104.64208323299991,SAT_10010,19.7322497839929,189.74390503496005,98.94121221969317,170.5621533484478,-65.25745025936729,29.811890673084914,35.0,0.12178909738364048,12.38539848662077
10.453306039000026,104.7420832329999,SAT_10010,19.67869242737129,189.4426449039635,98.93469541298654,170.57644531701695,-65.3110076159889,29.788422811441848,35.0,0.12201114267477957,12.40097396773902
10.453306039000026,104.8420832329999,SAT_10010,19.615723278426813,189.08844344115084,98.92695821958596,170.5932147459523,-65.37397676493337,29.760788183589597,35.0,0.12227229031938114,12.419277912251276
10.453306039000026,104.94208323299989,SAT_10010,19.5433891776201,188.6815641241131,98.917968419491,170.61243281099607,-65.44631086574009,29.728986850783546,35.0,0.12257238509033523,12.440292520437232
10.453306039000026,105.04208323299989,SAT_10010,19.46174331915921,188.22230617027057,98.90768794510257,170.6340667976504,-65.52795672420098,29.69301888351969,35.0,0.12291125057238027,12.463997559497887
10.453306039000026,105.14208323299988,SAT_10010,19.370844968974993,187.71100295048433,98.89607242549849,170.6580802821603,-65.6188550743852,29.652884361536444,35.0,0.12328869005086524,12.490370463710466
10.453306039000026,105.24208323299987,SAT_10010,19.270759155845738,187.14802025163226,98.88307064287932,170.68443332947817,-65.71894088751445,29.608583373816668,35.0,0.12370448748940169,12.519386444363548
10.453306039000026,105.34208323299987,SAT_10010,19.161556338958007,186.5337544066388,98.86862388876712,170.71308270602776,-65.82814370440218,29.560116018589923,35.0,0.12415840858731714,12.551018608377024
10.453306039000026,105.44208323299986,SAT_10010,19.043312055345737,185.86863031131978,98.85266520473766,170.74398210498518,-65.94638798801445,29.507482403334986,35.0,0.12465020190734101,12.585238084456924
10.453306039000026,105.54208323299986,SAT_10010,18.916106550739514,185.15309934790974,98.83511848905785,170.7770823817398,-66.07359349262067,29.450682644782564,35.0,0.1251796000636233,12.622014155599812
10.453306039000026,105.64208323299985,SAT_10010,18.780024397392026,184.38763723533015,98.81589744641869,170.8123317971823,-66.20967564596816,29.389716868918285,35.0,0.1257463209600022,12.66131439674414
10.453306039000026,105.74208323299985,SAT_10010,18.892467573404303,185.0201301003992,98.83181342071555,170.7832174864596,-66.09723246995588,29.440107201780403,35.0,0.1252780176315658,12.628844167645132
10.453306039000026,105.84208323299984,SAT_10010,19.021263654453207,185.7446080562993,98.84965232336995,170.74972977878744,-65.96843638890698,29.497650498838876,35.0,0.12474193722316788,12.591615171735244
10.453306039000026,105.94208323299983,SAT_10010,19.141113302516004,186.41876232665254,98.86588857310497,170.71843389788572,-65.84858674084418,29.551027674406548,35.0,0.12424341234605644,12.556937105018969
10.453306039000026,106.04208323299983,SAT_10010,19.251935471350563,187.04213702634692,98.88060000902964,170.68937946944152,-65.73776457200962,29.60023861010116,35.0,0.12378271310356766,12.524840999565695
10.453306039000026,106.14208323299982,SAT_10010,19.35365375605474,187.61430237780792,98.89385515173217,170.6626133242703,-65.63604628730545,29.645283196792917,35.0,0.12336009386806558,12.495356065960006
10.453306039000026,106.24208323299982,SAT_10010,19.446196764803062,188.13485680201723,98.90571412283948,170.63817926128525,-65.54350327855713,29.686161334601685,35.0,0.1229757920832135,12.46850955979034
10.453306039000026,106.34208323299981,SAT_10010,19.529498474629946,188.60342891979346,98.91622942674269,170.61611782022666,-65.46020156873024,29.722872932894486,35.0,0.12263002712478699,12.444326654273286
10.453306039000026,106.4420832329998,SAT_10010,19.603498567714865,189.01967944339611,98.92544661380089,170.5964660664952,-65.38620147564532,29.75541791028315,35.0,0.12232299922997263,12.422830320203296
10.453306039000026,106.5420832329998,SAT_10010,19.668142744710195,189.38330293899486,98.93340484080308,170.5792573903821,-65.32155729864999,29.783796194622287,35.0,0.12205488850479163,12.404041214385366
10.453306039000026,106.6420832329998,SAT_10010,19.72338301178968,189.69402944131696,98.94013734156634,170.56452132290175,-65.26631703157051,29.808007723007414,35.0,0.12182585401883274,12.387977577657342
10.453306039000026,106.74208323299979,SAT_10010,19.76917793829955,189.95162590293498,98.94567181814718,170.55228337029956,-65.22052210506064,29.828052441773387,35.0,0.1216360329958764,12.374655143538597
10.453306039000026,106.84208323299978,SAT_10010,19.805492882143923,190.15589746205956,98.95003076112809,170.54256486914667,-65.18420716121626,29.84393030649301,35.0,0.12148554010824666,12.364087058454357
10.453306039000026,106.94208323299978,SAT_10010,19.83230018035681,190.30668851450707,98.95323170573789,170.5353828637176,-65.15739986300338,29.855641281975924,35.0,0.12137446688184661,12.356283814379866
10.453306039000026,107.14208323299977,SAT_10010,19.857316966230314,190.44740793504553,98.95620609255816,170.5286744873705,-65.13238307712987,29.866562470649185,35.0,0.12127082703576729,12.349000233372802
10.453306039000026,107.24208323299976,SAT_10010,19.855507210294306,190.43722805790546,98.95599133208452,170.52915997931404,-65.13419283306588,29.865772659636075,35.0,0.1212783240419133,12.349527189345997
10.553306039000026,104.94208323299989,SAT_10010,19.615750974647625,189.0885992323929,98.92696961207548,170.59320737821,-65.37394906871256,29.760800348474476,35.0,0.12227217543738293,12.419269863539663
10.553306039000026,105.04208323299989,SAT_10010,19.53397635993548,188.62861702463707,98.91679958687224,170.61493009453034,-65.45572368342471,29.72484409384229,35.0,0.1226114448487134,12.443026237887953
10.553306039000026,105.14208323299988,SAT_10010,19.44293594607676,188.11651469668178,98.90530988727308,170.6390415496628,-65.54676409728343,29.68472264131291,35.0,0.12298933004300369,12.469455858890521
10.553306039000026,105.24208323299987,SAT_10010,19.342695259017873,187.55266083197554,98.89245023117701,170.66550148845548,-65.64700478434231,29.64043607984765,35.0,0.12340561342271446,12.49853376231177
10.553306039000026,105.34208323299987,SAT_10010,19.23332529139701,186.93745476410817,98.87816299402077,170.69426633423927,-65.75637475196318,29.591984507652295,35.0,0.12386005900529468,12.530232866370914
10.553306039000026,105.44208323299986,SAT_10010,19.11490214604983,186.27132457153027,98.86238246808996,170.7252894167271,-65.87479789731036,29.53936803217958,35.0,0.12435241356162681,12.56452409920122
10.553306039000026,105.54208323299986,SAT_10010,18.987506662807533,185.55472497829237,98.84503399140074,170.75852121016808,-66.00219338055265,29.482586770131938,35.0,0.12488240781518736,12.601376532701323
10.553306039000026,105.64208323299985,SAT_10010,18.851224032207966,184.78813518116982,98.82603292407467,170.79390957936494,-66.13847601115222,29.421640847464445,35.0,0.12544975769171063,12.640757521560017
10.553306039000026,105.74208323299985,SAT_10010,18.963832656857804,185.42155869482517,98.84176653823963,170.76468058102452,-66.02586738650238,29.472014770965398,35.0,0.12498093528777422,12.608220641155492
10.553306039000026,105.84208323299984,SAT_10010,19.092820636239594,186.14711607884774,98.85940345055798,170.73105999991188,-65.8968794071206,29.529539329381485,35.0,0.12444425276598216,12.570914483824218
10.553306039000026,105.94208323299983,SAT_10010,19.21285117442848,186.8222878561602,98.87545806964502,170.6996390090508,-65.77684886893171,29.582899123024042,35.0,0.1239451602894836,12.53616382261548
10.553306039000026,106.04208323299983,SAT_10010,19.323842626462337,187.44661477385065,98.89000675845979,170.67046761813748,-65.66585741689785,29.63209403353949,35.0,0.12348392986873308,12.503999902431131
10.553306039000026,106.14208323299982,SAT_10010,19.425718016287547,188.01966384161747,98.9031167548888,170.64359302480398,-65.56398202707264,29.677123951824473,35.0,0.1230608176864056,12.474452136406725
10.553306039000026,106.24208323299982,SAT_10010,19.51840541256101,188.54103044565568,98.91484706833471,170.61905937488646,-65.47129463079918,29.717988778023045,35.0,0.12267606288847098,12.447547971047294
10.553306039000026,106.34208323299981,SAT_10010,19.60183828839145,189.01034037220188,98.92524924225549,170.59690753252022,-65.38786175496874,29.754688421524158,35.0,0.12232988643417003,12.423312757538502
10.553306039000026,106.4420832329998,SAT_10010,19.675955861424967,189.42725172051544,98.93436800135619,170.57717486244016,-65.31374418193522,29.78722280095935,35.0,0.12202249001496716,12.401769630439428
10.553306039000026,106.5420832329998,SAT_10010,19.740703410762947,189.7914566855416,98.94224179872275,170.55989502681481,-65.24899663259724,29.815591844200682,35.0,0.12175405505224697,12.382939394930863
10.553306039000026,106.6420832329998,SAT_10010,19.796032567339594,190.10268319128522,98.94890327538288,170.54509779885473,-65.1936674760206,29.839795488358888,35.0,0.12152474178306595,12.36684042374169
10.553306039000026,106.74208323299979,SAT_10010,19.84190157459173,190.3606963570785,98.95437964245444,170.53280889530228,-65.14779846876846,29.859833679781804,35.0,0.12133468844265909,12.353488564805316
10.553306039000026,106.84208323299978,SAT_10010,19.87827551651216,190.5652997803809,98.95869299409318,170.5230498297398,-65.11142452684803,29.87570637405298,35.0,0.1211840105516491,12.342897060609568
10.553306039000026,106.94208323299978,SAT_10010,19.905126510491016,190.71633662151197,98.96186055779795,170.5158377884479,-65.08457353286917,29.887413535990564,35.0,0.1210728003150128,12.335076480096824
10.553306039000026,107.04208323299977,SAT_10010,19.922433862717526,190.81369047778605,98.96389488720814,170.51118553030074,-65.06726618064266,29.894955139646402,35.0,0.12100112613884459,12.330034663849474
10.553306039000026,107.14208323299977,SAT_10010,19.930184184322854,190.85728603681605,98.96480400127838,170.50910131191324,-65.05951585903733,29.898331168305383,35.0,0.12096903226983201,12.32777668315965
10.553306039000026,107.24208323299976,SAT_10010,19.928371466890297,190.84708950125793,98.96459147259691,170.50958883895905,-65.06132857646989,29.89754161448501,35.0,0.1209765385611456,12.32830481343471
10.553306039000026,107.34208323299976,SAT_10010,19.916997116435354,190.7831087799489,98.96325646658639,170.51264724425903,-65.07270292692483,29.892586479935215,35.0,0.12102364036716155,12.33161852223386
10.553306039000026,107.44208323299975,SAT_10097,19.9069496306968,190.72659167266954,98.9621231388997,170.51667581221875,-65.08275041266339,29.888984219130826,35.0,0.12105751427848246,12.334001305296994
10.553306039000026,107.54208323299974,SAT_10097,19.929834740813448,190.85532041707563,98.96481090376032,170.51052385155973,-65.05986530254674,29.898956542149083,35.0,0.12096275812925808,12.32733523500684
10.553306039000026,108.94208323299966,SAT_10011,19.275159890643778,187.17277438487125,98.88368257493157,170.68384169209824,-65.71454015271641,29.610850647096274,35.0,0.12368269175286478,12.517866415961574
10.553306039000026,116.94208323299921,SAT_10098,20.03736552936803,191.4601811026952,98.97726325143904,170.48033608745243,-64.95233451399216,29.945015125027012,35.0,0.1205246698307563,12.296488881735984
10.653306039000025,105.04208323299989,SAT_10010,19.596516501349512,188.98040532009102,98.92459834781525,170.59832241637267,-65.39318354201068,29.75234993446226,35.0,0.12235196279019514,12.42485909731007
10.653306039000025,105.14208323299988,SAT_10010,19.505356501055658,188.4676303184381,98.91321634400494,170.62251810986305,-65.48434354230453,29.712241662059263,35.0,0.12273021882027539,12.45133687568046
10.653306039000025,105.24208323299987,SAT_10010,19.40498548358113,187.90304334514386,98.90047833046242,170.649069953424,-65.58471455977906,29.667969649012285,35.0,0.12314690633437865,12.480467349032974
10.653306039000025,105.34208323299987,SAT_10010,19.29547490132998,187.28704631998113,98.88632760623443,170.6779340743646,-65.6942251420302,29.61953399350366,35.0,0.12360178790390698,12.512223273265361
10.653306039000025,105.44208323299986,SAT_10010,19.176901344724328,186.62007006407433,98.87069952905591,170.70906348884023,-65.81279869863586,29.566934802960446,35.0,0.12409460875924913,12.546575403996828
10.653306039000025,105.54208323299986,SAT_10010,19.04934616550203,185.9025721809489,98.85352066306625,170.742408342335,-65.94035387785816,29.510172194057194,35.0,0.12462509799853744,12.583492631581796
10.653306039000025,105.64208323299985,SAT_10010,18.912895086870392,185.13503486364598,98.83470777773074,170.77791615804205,-66.0768049564898,29.449246292718883,35.0,0.12519296984712303,12.622942121319506
10.653306039000025,105.74208323299985,SAT_10010,19.02564272181715,185.76924031022148,98.85028539045338,170.74858857320024,-65.96405732154304,29.499603667891108,35.0,0.12472371670162828,12.59034869953228
10.653306039000025,105.84208323299984,SAT_10010,19.154791998791893,186.4957049932044,98.86774948655736,170.71485376683592,-65.8349080445683,29.55710932897406,35.0,0.12418653425106635,12.55297707245537
10.653306039000025,105.94208323299983,SAT_10010,19.274974643500784,187.17173236969194,98.88364868876288,170.68332521869405,-65.7147253998594,29.61045159349316,35.0,0.12368697023425651,12.518164804424265
10.653306039000025,106.04208323299983,SAT_10010,19.38610849510819,187.79686028498358,98.89805810297646,170.6540532697015,-65.603591548252,29.65963034312312,35.0,0.12322529830111373,12.4859433233725
10.653306039000025,106.14208323299982,SAT_10010,19.488116085374187,188.37065298022983,98.91104387443778,170.62708543393458,-65.501583957986,29.704645468786634,35.0,0.1228017761906616,12.456342216647393
10.653306039000025,106.24208323299982,SAT_10010,19.58092501797171,188.89270322609084,98.92266406486064,170.60246615654927,-65.40877502538848,29.74549687065161,35.0,0.1224166445124636,12.429389094978347
10.653306039000025,106.34208323299981,SAT_10010,19.66446833165162,189.36263436554037,98.93296939872093,170.58023658159527,-65.32523171170857,29.78218445812863,35.0,0.12207012558726432,12.405109462654664
10.653306039000025,106.4420832329998,SAT_10010,19.738684843614536,189.78010224533176,98.94200389688037,170.5604343321242,-65.25101519974565,29.81470814986865,35.0,0.12176242235702668,12.383526595133075
10.653306039000025,106.5420832329998,SAT_10010,19.803519469534223,190.14479701613,98.94980541242249,170.54309330494934,-65.18618057382596,29.843067873760944,35.0,0.12149371737424625,12.364661425263332
10.653306039000025,106.6420832329998,SAT_10010,19.85892351681713,190.45644478209633,98.95640608085434,170.52824348232636,-65.13077652654306,29.86726356693125,35.0,0.12126417187996025,12.348532439267997
10.653306039000025,106.74208323299979,SAT_10010,19.904854947884047,190.7148090818478,98.96183269456759,170.51591076269528,-65.08484509547614,29.887295175740192,35.0,0.12107392497925624,12.335155583541797
10.653306039000025,106.84208323299978,SAT_10010,19.94127861053265,190.91969218424614,98.9661070095597,170.50611681244123,-65.04842143282754,29.903162655781916,35.0,0.12092309292232191,12.324544183245893
10.653306039000025,106.94208323299978,SAT_10010,19.96816643274414,191.0709361841858,98.96924599080477,170.4988789404356,-65.02153361061605,29.91486597188296,35.0,0.12081176849817767,12.316708873565247
10.653306039000025,107.04208323299977,SAT_10010,19.985497579679375,191.1684238856965,98.97126200127927,170.4942099968616,-65.00420246368081,29.922405098101354,35.0,0.1207400205472051,12.311657544373357
10.653306039000025,107.14208323299977,SAT_10010,19.993258571018856,191.2120794619811,98.97216293843033,170.4921182975585,-64.99644147234133,29.925780017725977,35.0,0.1207078935974483,12.309395298911348
10.653306039000025,107.24208323299976,SAT_10010,19.991443357253985,191.20186888455368,98.97195232078379,170.4926075748151,-64.9982566861062,29.92499072327611,35.0,0.12071540762843505,12.309924426938775
10.653306039000025,107.34208323299976,SAT_10010,19.980053354018963,191.13780011635666,98.97062932638767,170.49567695522202,-65.00964668934122,29.92003721650127,35.0,0.12076255796496772,12.313244392655498
10.653306039000025,107.44208323299975,SAT_10097,19.96728629113376,191.06598538762742,98.96919107677422,170.50044551759964,-65.02241375222643,29.91526300257559,35.0,0.12080771498108783,12.316423522221283
10.653306039000025,107.54208323299974,SAT_10097,19.990201195256788,191.19488172331944,98.97185562845341,170.4942725253507,-64.9994988481034,29.92523205044286,35.0,0.12071286679636956,12.309745506399183
10.653306039000025,107.64208323299974,SAT_10097,20.00355028574792,191.26997035733206,98.9734032853072,170.49067416187506,-64.98614975761227,29.93103667534024,35.0,0.12065761842919645,12.305854652648248
10.653306039000025,107.74208323299973,SAT_10097,20.007323158469816,191.2911927663927,98.97384009277151,170.4896568463246,-64.98237688489037,29.93267686439968,35.0,0.12064200423760604,12.30475489872784
10.753306039000025,105.14208323299988,SAT_10010,19.558059216193953,188.76408309109098,98.9198268698809,170.60853911930064,-65.43164082716623,29.73544136360663,35.0,0.12251151368353332,12.436031557788676
10.753306039000025,105.24208323299987,SAT_10010,19.457582935131228,188.19890401011315,98.9071908951806,170.63516754420337,-65.53211710822896,29.691184021105855,35.0,0.122928521884217,12.465205063247224
10.753306039000025,105.34208323299987,SAT_10010,19.347958836662826,187.5822684562284,98.89315467535921,170.66411438466025,-65.64174120669736,29.64276441590007,35.0,0.12338374917524665,12.49700748876193
10.753306039000025,105.44208323299986,SAT_10010,19.2292639181332,186.91460953949925,98.87765445881512,170.69533239480455,-65.76043612522699,29.590182655391047,35.0,0.12387693950457256,12.531409446308906
10.753306039000025,105.54208323299986,SAT_10010,19.101579958450174,186.19638726628224,98.86061783442608,170.72877144542176,-65.88812008491001,29.533438856225835,35.0,0.12440782061729687,12.568379675096802
10.753306039000025,105.64208323299985,SAT_10010,18.964993125262495,185.4280863296015,98.84196274921948,170.76437877430862,-66.02470691809769,29.472533144299735,35.0,0.12497610532331903,12.607885182765484
10.753306039000025,105.74208323299985,SAT_10010,19.07785278423745,186.06292191133568,98.85740954802804,170.73496905552204,-65.91184725912274,29.52287383221648,35.0,0.1245065115083322,12.575245524308833
10.753306039000025,105.84208323299984,SAT_10010,19.207132119405742,186.7901181716573,98.87472871678452,170.70113908205374,-65.78256792395445,29.580360437322113,35.0,0.1239689333337832,12.537820345889038
10.753306039000025,105.94208323299983,SAT_10010,19.32743748191308,187.46683583576106,98.8904975709761,170.66952091805246,-65.66226256144711,29.63368502556261,35.0,0.12346899574415525,12.502957673213114
10.753306039000025,106.04208323299983,SAT_10010,19.438686280452288,188.09261032754412,98.90479016596811,170.6401651811986,-65.5510137629079,29.682847478640564,35.0,0.12300697375413666,12.470689086595726
10.753306039000025,106.14208323299982,SAT_10010,19.540800636030426,188.66700357767115,98.91767173363779,170.61311964999757,-65.44889940732976,29.72784768750436,35.0,0.12258312639838059,12.441044318438173
10.753306039000025,106.24208323299982,SAT_10010,19.633707764228703,189.18960617378647,98.92919954333811,170.58842901975004,-65.35599227913148,29.768685552345417,35.0,0.12219769550490482,12.414051116221962
10.753306039000025,106.34208323299981,SAT_10010,19.717340341230198,189.66003941941986,98.93942363466218,170.56613466845766,-65.27235970212999,29.80536098259563,35.0,0.12185090452795527,12.389735111740004
10.753306039000025,106.4420832329998,SAT_10010,19.79163684994677,190.07795728095059,98.94838743977277,170.5462744350902,-65.19806319341342,29.837873896925107,35.0,0.12154295745061466,12.368119697797702
10.753306039000025,106.5420832329998,SAT_10010,19.856541902641297,190.4430482023573,98.95612830983063,170.52888241260789,-65.13315814071889,29.866224223240078,35.0,0.12127403776712932,12.349225913583957
10.753306039000025,106.6420832329998,SAT_10010,19.912006536599392,190.75503676837158,98.96267795740029,170.51398875802738,-65.0776935067608,29.890411898681073,35.0,0.12104430755446423,12.333072339860012
10.753306039000025,106.74208323299979,SAT_10010,19.957988479602122,191.01368519776196,98.96806282450741,170.50161952169506,-65.03171156375807,29.910436869621332,35.0,0.1208539066419761,12.319675005042367
10.753306039000025,106.84208323299978,SAT_10010,19.994452382220146,191.21879464998833,98.97230438417063,170.49179649775257,-64.99524766114004,29.92629909166544,35.0,0.1207029518873273,12.309047303165586
10.753306039000025,106.94208323299978,SAT_10010,20.021370014268626,191.37020633026103,98.97541938166017,170.48453709757177,-64.96833002909156,29.937998529648205,35.0,0.1205915365658529,12.301199924602145
10.753306039000025,107.04208323299977,SAT_10010,20.0387204231385,191.46780238015407,98.97742002037951,170.479854247684,-64.95097962022169,29.945535157633753,35.0,0.12051972987955734,12.2961408002919
10.753306039000025,107.14208323299977,SAT_10010,20.046490052140143,191.51150654328833,98.9783140960774,170.47775631344965,-64.94320999122004,29.94890895891489,35.0,0.12048757659076725,12.293875060094514
10.753306039000025,107.24208323299976,SAT_10010,20.04467281744894,191.50128459815028,98.97810508202986,170.47824704941232,-64.94502722591125,29.948119926012655,35.0,0.12049509678422737,12.294405005727356
10.753306039000025,107.34208323299976,SAT_10010,20.03327014273171,191.43714455286587,98.9767921668523,170.48132557695314,-64.95642990062848,29.94316806067616,35.0,0.12054228576011408,12.297730098591385
10.753306039000025,107.44208323299975,SAT_10097,20.017780389563498,191.35001469129466,98.97505205325542,170.48683646103763,-64.97191965379669,29.93722208221829,35.0,0.12059872824158951,12.30170654673576
10.753306039000025,107.54208323299974,SAT_10097,20.04071907442956,191.47904479366628,98.97769725939564,170.48064612484524,-64.94898096893063,29.94718782743495,35.0,0.12050380796624038,12.295018863554098
10.753306039000025,107.64208323299974,SAT_10097,20.05408204673182,191.5542115128665,98.97923369878121,170.47703763981866,-64.93561799662837,29.952990529316175,35.0,0.12044851751560953,12.291122368610258
10.753306039000025,107.74208323299973,SAT_10097,20.057858846675515,191.57545601254978,98.97966734278306,170.476017461217,-64.93184119668467,29.954630174996932,35.0,0.12043289141828582,12.290021019046323
10.753306039000025,107.84208323299973,SAT_10097,20.052046513655085,191.54276163930984,98.97899987325883,170.47758741631912,-64.9376535297051,29.95210676084203,35.0,0.12045693944638644,12.291715934781612
10.753306039000025,107.94208323299972,SAT_10097,20.036649603122413,191.45615401756356,98.97722870083601,170.48174469353668,-64.95305044023777,29.945420292446038,35.0,0.12052064656346409,12.296205392583678
10.853306039000024,105.04208323299989,SAT_10010,19.692333551664518,189.51937622811295,98.93638845390387,170.57280766934457,-65.29736649169567,29.79440327549525,35.0,0.1219545813960333,12.39700751645032
10.853306039000024,105.14208323299988,SAT_10010,19.60100366549497,189.0056456184092,98.92517042845228,170.59712944797258,-65.38869637786522,29.754321695233063,35.0,0.12233334865678212,12.423555276468912
10.853306039000024,105.24208323299987,SAT_10010,19.500447632091692,188.4400179305158,98.91261761385157,170.62381884453106,-65.4892524112685,29.710079145370944,35.0,0.12275059270661648,12.452762119401767
10.853306039000024,105.34208323299987,SAT_10010,19.390737593338557,187.8228989625294,98.89867470962797,170.65283154149571,-65.59896245002163,29.661675724045313,35.0,0.12320607395681467,12.48460055861441
10.853306039000024,105.44208323299986,SAT_10010,19.271950870753486,187.15472364798836,98.88327868861883,170.6841200839028,-65.7177491726067,29.60911153863301,35.0,0.12369953533662138,12.519041092000293
10.853306039000024,105.54208323299986,SAT_10010,19.14416958351572,186.43595390727594,98.86635797305651,170.71763412334437,-65.84553045984447,29.552386705753985,35.0,0.12423070351633878,12.556052338737757
10.853306039000024,105.64208323299985,SAT_10010,19.007480253266237,185.6670764246226,98.8478314674299,170.75332066991098,-65.98221979009395,29.49150135127429,35.0,0.12479929018145201,12.595601181275814
10.853306039000024,105.74208323299985,SAT_10010,19.120424484757436,186.3023877267606,98.86317167627644,170.72384556845708,-65.86927555860275,29.541825213049158,35.0,0.12432944724079811,12.56292575595402
10.853306039000024,105.84208323299984,SAT_10010,19.249802096416488,187.03013679234274,98.88037274882915,170.68993983450656,-65.7398979469437,29.59929260357939,35.0,0.12379157925763423,12.525459136758892
10.853306039000024,105.94208323299983,SAT_10010,19.370200274156602,187.70737654213087,98.89603538141174,170.65825032652342,-65.61949976920359,29.65259936842889,35.0,0.12329136767867327,12.490557443430395
10.853306039000024,106.24208323299982,SAT_10010,19.676712886399017,189.43150998599447,98.93448193744135,170.57697305292746,-65.31298715696117,29.787554772409166,35.0,0.12201935094734223,12.40154952549554
10.853306039000024,106.34208323299981,SAT_10010,19.760413173089347,189.90232409862756,98.94463981331768,170.55462712600354,-65.22928687027084,29.82421794425925,35.0,0.12167235951839897,12.37720532900815
10.853306039000024,106.4420832329998,SAT_10010,19.834770395671086,190.32058347564987,98.95354599960609,170.53472072404952,-65.1549296476891,29.856719991488852,35.0,0.12136423261691123,12.355564682511535
10.853306039000024,106.5420832329998,SAT_10010,19.89972892462282,190.68597520100337,98.96123743902288,170.51728809659832,-65.08997111873737,29.88506084202093,35.0,0.1210951544851871,12.336648709674797
10.853306039000024,106.6420832329998,SAT_10010,19.955239581961948,190.99822264853597,98.96774549992851,170.50235954017555,-65.03446046139824,29.909240433010588,35.0,0.1208652878641951,12.320476066369077
10.853306039000024,106.74208323299979,SAT_10010,20.001259908467063,191.25708698512724,98.97309633918762,170.48996122639838,-64.98844013489312,29.929258710843495,35.0,0.1206747731586027,12.307062846179646
10.853306039000024,106.84208323299978,SAT_10010,20.037754397516707,191.4623684860315,98.97731119948946,170.48011505140397,-64.95194564584348,29.945115631134524,35.0,0.1205237277086105,12.296422497865422
10.853306039000024,106.94208323299978,SAT_10010,20.06469469286077,191.61390764734185,98.98040664726813,170.47283850839966,-64.92500535049942,29.956811158726637,35.0,0.12041224517585146,12.28856575565054
10.853306039000024,107.04208323299977,SAT_10010,20.082059748020612,191.71158608261595,98.9823947560317,170.46814458487313,-64.90764029533958,29.96434526768997,35.0,0.12034039504958098,12.283500583106827
10.853306039000024,107.14208323299977,SAT_10010,20.089835945433336,191.75532719306253,98.98328323874223,170.46604168572395,-64.89986409792685,29.967717941321197,35.0,0.12030822227822587,12.28123213124587
10.853306039000024,107.24208323299976,SAT_10010,20.088017173921372,191.74509660330773,98.9830755318401,170.4665335832646,-64.90168286943882,29.9669291721431,35.0,0.12031574703010911,12.2817627112872
10.853306039000024,107.34208323299976,SAT_10010,20.076604863554223,191.6809023574925,98.9817708325431,170.46961939471686,-64.91309517980596,29.96197896190437,35.0,0.1203629645858456,12.285091782407637
10.853306039000024,107.44208323299975,SAT_10097,20.05839151036946,191.57845224582823,98.97973064163882,170.4758735687321,-64.93130853299073,29.954861410055592,35.0,0.12043068760661058,12.289865686707596
10.853306039000024,107.54208323299974,SAT_10097,20.08134785890175,191.70758170632234,98.9823602377611,170.46966964335581,-64.90835218445844,29.964823825129947,35.0,0.12033571550585657,12.2831706507267
10.853306039000024,107.64208323299974,SAT_10097,20.09472114367223,191.7828064331563,98.98388762567699,170.46605322792988,-64.89497889968796,29.970624587987633,35.0,0.12028039479504747,12.279269864950658
10.853306039000024,107.74208323299973,SAT_10097,20.09850086124918,191.80406734452666,98.98431871704966,170.4650308060751,-64.89119918211101,29.97226368576657,35.0,0.12026476013599371,12.278167301666477
10.853306039000024,107.84208323299973,SAT_10097,20.092684038665354,191.7713477174926,98.98365517693502,170.46660421310548,-64.89701600469483,29.96974111483241,35.0,0.12028882133853946,12.279864085083217
10.853306039000024,107.94208323299972,SAT_10097,20.07727525039175,191.6846732834536,98.98189444183116,170.47077062507026,-64.91242479296844,29.963056880778424,35.0,0.12035256330819087,12.284358485368417
10.853306039000024,108.04208323299972,SAT_10097,20.05228659222513,191.54411208126638,98.97902969188121,170.4775225756117,-64.93741345113506,29.952210998425652,35.0,0.12045594612668621,12.291645927822346
10.853306039000024,116.24208323299925,SAT_10098,20.11967627133619,191.92317902626607,98.9866864350292,170.45808295691813,-64.870023772024,29.980722418568046,35.0,0.12018411291992395,12.272479120753996
10.853306039000024,116.64208323299923,SAT_10098,20.159495301790628,192.1471610725723,98.99119687015815,170.44729461024403,-64.83020474156956,29.997967589802222,35.0,0.1200194192128799,12.260858301914858
10.853306039000024,116.84208323299922,SAT_10098,20.12167988855893,191.934449373144,98.98691408222149,170.45754046788534,-64.86802015480126,29.981590611003845,35.0,0.12017582497905312,12.271894472940705
10.953306039000024,105.44208323299986,SAT_10010,19.304930159086368,187.3402321448608,98.88759739865066,170.67544624385718,-65.68476988427382,29.623721411294685,35.0,0.12356250265083585,12.509482549060488
10.953306039000024,105.54208323299986,SAT_10097,19.196495607876926,186.7302877943077,98.87339974193887,170.70523761288857,-65.79320443548326,29.576368424721036,35.0,0.12400495741747458,12.540330289898266
10.953306039000024,105.64208323299985,SAT_10097,19.104503081961155,186.2128298360315,98.86109689766832,170.72931463271527,-65.88519696139903,29.535464648214376,35.0,0.1243874116021504,12.566959565295987
10.953306039000024,105.74208323299985,SAT_10010,19.153326297679214,186.4874604244456,98.86759794385594,170.71523746659085,-65.83637374568097,29.55645776894409,35.0,0.12419262866598275,12.553401419368223
10.953306039000024,106.24208323299982,SAT_10010,19.70990690081345,189.61822631707568,98.93853402541609,170.56811887206186,-65.27979314254674,29.802104489592807,35.0,0.12188172173393606,12.39189703834374
10.953306039000024,106.34208323299981,SAT_10010,19.793653034999494,190.08929832187218,98.9486402556997,170.54573476941144,-65.1960470083607,29.83875530189852,35.0,0.12153460241094108,12.367532938436822
10.953306039000024,106.4420832329998,SAT_10010,19.868051411246924,190.50778918826396,98.95750150165557,170.5257941932979,-65.12164863211326,29.871246392364704,35.0,0.12122636056774655,12.3458744706123
10.953306039000024,106.5420832329998,SAT_10010,19.93304622118707,190.8733849941773,98.96515438736192,170.50833150937535,-65.05665382217312,29.899577688930794,35.0,0.12095718099752809,12.326942820731022
10.953306039000024,106.6420832329998,SAT_10010,19.988588127596657,191.18580821773116,98.97163001264776,170.49337711763894,-65.00111191576353,29.923749128766257,35.0,0.12072722693019902,12.310756699960647
10.953306039000024,106.74208323299979,SAT_10010,20.034634532915447,191.4448192476494,98.97695431190286,170.48095727965324,-64.95506551044474,29.943760658269017,35.0,0.120536639194046,12.297332249866464
10.953306039000024,106.84208323299978,SAT_10010,20.071149814232186,191.65021770505606,98.98114834811605,170.47109396720813,-64.918550229128,29.959612233064085,35.0,0.12038553548456671,12.286682959499396
10.953306039000024,106.94208323299978,SAT_10010,20.098105522031915,191.8018435614295,98.98422854819302,170.46380473421155,-64.89159452132827,29.971303818002447,35.0,0.12027400974782172,12.278819595371344
10.953306039000024,107.04208323299977,SAT_10010,20.11548054038758,191.89957803968014,98.98620688429605,170.4591026133667,-64.87421950297261,29.978835387160174,35.0,0.1202021316845633,12.27375014508152
10.953306039000024,107.14208323299977,SAT_10010,20.123261206699823,191.94334428768653,98.98709100479563,170.4569960389016,-64.86643883666036,29.982206923837744,35.0,0.1201699463802381,12.271479775216262
10.953306039000024,107.24208323299976,SAT_10010,20.121441389553425,191.93310781623802,98.98688431739207,170.45748879630986,-64.86825865380676,29.98141842055965,35.0,0.12017747406470486,12.272010803991844
10.953306039000024,107.34208323299976,SAT_10010,20.110022523755433,191.86887669612432,98.98558602601501,170.46057999972737,-64.87967751960475,29.976469879074187,35.0,0.120224710004176,12.275342688947388
10.953306039000024,107.44208323299975,SAT_10097,20.089086894136344,191.75111377951694,98.98324631253206,170.46757705328974,-64.90061314922384,29.968180947529056,35.0,0.12030370126219617,12.280913342200957
10.953306039000024,107.54208323299974,SAT_10097,20.112054706008465,191.8803077212976,98.98586392925546,170.46136334737255,-64.87764533735172,29.978140004977284,35.0,0.12020869785740965,12.274213297099045
10.953306039000024,107.64208323299974,SAT_10097,20.12543468527565,191.95557010467553,98.98738437094381,170.45774122417777,-64.86426535808454,29.983938812808614,35.0,0.12015335885925481,12.270309587856135
10.953306039000024,107.74208323299973,SAT_10097,20.129216297135883,191.97684167138934,98.98781350339597,170.45671718777675,-64.8604837462243,29.985577358163887,35.0,0.12013771902478743,12.269206197586646
10.953306039000024,107.84208323299973,SAT_10097,20.123396559734786,191.94410564850818,98.98715297876156,170.45829307927767,-64.8663034836254,29.98305563740958,35.0,0.120161788190824,12.270904253566494
10.953306039000024,107.94208323299972,SAT_10097,20.107980061216338,191.8573878443419,98.98540025341113,170.4624660658155,-64.88171998214385,29.976373656137696,35.0,0.12022555122137114,12.275402021244673
10.953306039000024,108.04208323299972,SAT_10097,20.08297893349247,191.71675650089514,98.98254856041535,170.4692286574894,-64.90672110986772,29.965531429165914,35.0,0.12032896808850159,12.282694913455728
10.953306039000024,108.14208323299971,SAT_10097,20.048412783047397,191.5223219046416,98.97858683610436,170.47856875203595,-64.94128726031279,29.950528980537957,35.0,0.1204719740858277,12.292775514728966
11.053306039000024,106.24208323299982,SAT_10010,19.733263795474286,189.74960884954285,98.94137319993888,170.5618824982156,-65.2564362478859,29.812334672090405,35.0,0.12178489397603737,12.38510352778467
11.053306039000024,106.34208323299981,SAT_10010,19.817033679663112,190.22081444810502,98.9514420035738,170.53947377186617,-65.17266636369708,29.848973023736274,35.0,0.12143772004538775,12.360727895521794
11.053306039000024,106.4420832329998,SAT_10010,19.89145343791901,190.63942558829444,98.96027068396423,170.51951115279968,-65.09824660544118,29.881453067801004,35.0,0.12112942879628476,12.339059091646222
11.053306039000024,106.5420832329998,SAT_10010,19.956467146959028,191.00512770164454,98.96789563354181,170.50202908167148,-65.03323289640116,29.90977473224026,35.0,0.12086020537293342,12.320118341597007
11.053306039000024,106.6420832329998,SAT_10010,20.01202536723713,191.31764269070885,98.97434775692665,170.48705802531003,-64.97767467612306,29.93393795423765,35.0,0.12063021331676912,12.303924391733903
11.053306039000024,106.74208323299979,SAT_10010,20.05808541229925,191.57673044418326,98.97965282678872,170.4746243033788,-64.93161463106094,29.95394268020317,35.0,0.12043959372594451,12.29049341415937
11.053306039000024,106.84208323299978,SAT_10010,20.09461158450489,191.78219016284,98.983831775496,170.46474993653533,-64.8950884588553,29.96978886577183,35.0,0.12028846452227472,12.279838923569534
11.053306039000024,106.94208323299978,SAT_10010,20.121575374404415,191.93386148102482,98.98690092853761,170.45745251789768,-64.86812466895577,29.981476475802527,35.0,0.12017691983298023,12.27197170702763
11.053306039000024,107.04208323299977,SAT_10010,20.138955621440573,192.03162537060322,98.98887218441445,170.45274510937642,-64.85074442191961,29.98900548437716,35.0,0.12010502949351284,12.266899767426837
11.053306039000024,107.14208323299977,SAT_10010,20.146738634070857,192.0754048166486,98.98975314455085,170.45063616414538,-64.84296140928933,29.992375874799972,35.0,0.1200728386765817,12.264628281267353
11.053306039000024,107.24208323299976,SAT_10010,20.144918267874573,192.06516525679447,98.98954719575869,170.45112947621232,-64.84478177548561,29.991587639597135,35.0,0.12008036765123414,12.265159571219193
11.053306039000024,107.34208323299976,SAT_10010,20.13349596070296,192.00091477895415,98.98825354684575,170.45422415772026,-64.85620408265723,29.986640780516556,35.0,0.1201276116745106,12.268493093779007
11.053306039000024,107.44208323299975,SAT_10010,20.112480724448616,191.88270407502347,98.98586722007114,170.4599146442625,-64.87721931891157,29.977535308527912,35.0,0.12021454101681088,12.274625442160154
11.053306039000024,107.54208323299974,SAT_10097,20.132814641509754,191.99708235849238,98.98822284701698,170.45574265295005,-64.85688540185043,29.987136337870123,35.0,0.1201228374448973,12.268156249325619
11.053306039000024,107.64208323299974,SAT_10097,20.146197661124532,192.0723618438255,98.98973840184485,170.45211706807294,-64.84350238223566,29.992933174676807,35.0,0.12006749224311616,12.264250996596415
11.053306039000024,107.74208323299973,SAT_10097,20.149980133680515,192.0936382519529,98.99016615615493,170.45109205247044,-64.83971990967967,29.99457116308786,35.0,0.1200518506509246,12.263147169646162
11.053306039000024,107.84208323299973,SAT_10097,20.14415907196127,192.06089477978216,98.98950775297692,170.4526694507702,-64.84554097139892,29.992050299470552,35.0,0.12007592252122208,12.26484589757805
11.053306039000024,107.94208323299972,SAT_10097,20.128739072359622,191.9741572820229,98.98776066272379,170.45684642469325,-64.86096097100057,29.985370589415645,35.0,0.12013969269326984,12.2693454430297
11.053306039000024,108.04208323299972,SAT_10097,20.103732288573184,191.83349412322417,98.9849181558667,170.4636154700424,-64.885967754787,29.974532047737505,35.0,0.12024312107374702,12.27664121140835
11.053306039000024,108.14208323299971,SAT_10097,20.06915836222163,191.63901578749665,98.98096923001823,170.47296446150213,-64.92054168113856,29.95953469847447,35.0,0.12038614285069985,12.286725775260194
11.053306039000024,108.2420832329997,SAT_10097,20.025044311215623,191.39087425058787,98.97589849001862,170.4848767246962,-64.96465573214456,29.94037857488949,35.0,0.12056866883814371,12.29958891349972
11.053306039000024,108.3420832329997,SAT_10097,19.971424377219805,191.0892621218614,98.96968597869453,170.49933113460315,-65.01827566614038,29.91706371947093,35.0,0.1207905859477326,12.315217665060429
11.053306039000024,108.44208323299969,SAT_10097,19.908339834017198,190.73441156634675,98.96230695495828,170.51630223912161,-65.08136020934299,29.889590183933688,35.0,0.12105175778263076,12.333596396372439
11.053306039000024,114.34208323299936,SAT_10097,19.93704872062773,190.89589905353097,98.96567448713837,170.5085835729632,-65.05265132273246,29.902098801644037,35.0,0.12093289099062085,12.325233660422667
11.153306039000023,106.04208323299983,SAT_10010,19.55142648130264,188.72677395732737,98.91903482252718,170.61029981262033,-65.43827356205755,29.73252340644953,35.0,0.12253903476100783,12.43795812112574
11.153306039000023,106.14208323299982,SAT_10010,19.653705813085367,189.30209519860517,98.93168711716085,170.58310395419005,-65.33599423027482,29.777462707047697,35.0,0.12211475740467675,12.408238225727795
11.153306039000023,106.24208323299982,SAT_10010,19.746765179218116,189.82555413310192,98.94301167180036,170.55827526154147,-65.24293486414207,29.81824529753923,35.0,0.12172892853673091,12.381175971603113
11.153306039000023,106.34208323299981,SAT_10010,19.83053655598313,190.2967681274051,98.95305701795466,170.53585556715842,-65.15916348737706,29.854871087438276,35.0,0.12138177377790112,12.356797233879014
11.153306039000023,106.4420832329998,SAT_10010,19.904957780888083,190.71538751749546,98.96186529137819,170.51588312951336,-65.0847422624721,29.887339995488755,35.0,0.12107349910082887,12.335125629346674
11.153306039000023,106.5420832329998,SAT_10010,19.969972880335433,191.0810974518868,98.96947273783688,170.49839242269502,-65.01972716302475,29.915651949662323,35.0,0.1208042897991574,12.31618240019289
11.153306039000023,106.6420832329998,SAT_10010,20.025532369974712,191.39361958110777,98.97591013838567,170.48341394332425,-64.96416767338548,29.939806887156532,35.0,0.12057430954685369,12.299986307670906
11.153306039000023,106.74208323299979,SAT_10010,20.071593524423818,191.652713574884,98.98120316334996,170.47097403696478,-64.91810651893637,29.959804754393275,35.0,0.12038369955681619,12.286553536808047
11.153306039000023,106.84208323299978,SAT_10010,20.108120613316075,191.8581784499029,98.98537266244983,170.4610947460587,-64.88157943004411,29.975645507017393,35.0,0.12023257784704533,12.275897613155747
11.153306039000023,106.94208323299978,SAT_10010,20.135085100953205,192.00985369286178,98.98843489701498,170.45379368120376,-64.85461494240698,29.98732910989558,35.0,0.1201210386217269,12.268029332477077
11.153306039000023,107.04208323299977,SAT_10010,20.15246580723108,192.10762016567483,98.99040171895147,170.44908391733122,-64.8372342361291,29.994855537115484,35.0,0.1200491517735237,12.262956704139848
11.153306039000023,107.14208323299977,SAT_10010,20.160249027930718,192.1514007821103,98.99128069999014,170.44697391606087,-64.82945101542947,29.998224771985054,35.0,0.12001696251220087,12.260684908841442
11.153306039000023,107.24208323299976,SAT_10010,20.158428612935055,192.1411609477597,98.99107521373159,170.44746747519633,-64.83127143042513,29.99743680703212,35.0,0.12002449112344553,12.261216271137469
11.153306039000023,107.34208323299976,SAT_10010,20.147006001428878,192.0769087580374,98.98978447206889,170.4505637059919,-64.84269404193131,29.99249164400419,35.0,0.12007173286040368,12.264550247083207
11.153306039000023,107.44208323299975,SAT_10010,20.125990213656152,191.9586949518159,98.98740351668619,170.45625703847617,-64.86370982970404,29.983389293868523,35.0,0.1201586579690742,12.27068342712732
11.153306039000023,107.54208323299974,SAT_10097,20.143610706496077,192.05781022404045,98.98944681697806,170.45281803090518,-64.84608933686411,29.991812804144566,35.0,0.12007819022020212,12.26500591988329
11.153306039000023,107.64208323299974,SAT_10097,20.156993088915215,192.13308612514808,98.99095951266328,170.4491912456423,-64.83270695444497,29.997607653932803,35.0,0.1200228509698516,12.261100511765612
11.153306039000023,107.74208323299973,SAT_10097,20.16077538195819,192.1543615235148,98.99138646068923,170.4481658904886,-64.828924661402,29.99924508088033,35.0,0.12000721105780783,12.259996640735912
11.153306039000023,107.84208323299973,SAT_10097,20.154954596607183,192.12161960591544,98.99072929867648,170.44974381129154,-64.834745446753,29.996725081355223,35.0,0.1200312803420798,12.261695436474605
11.153306039000023,107.94208323299972,SAT_10097,20.139535332027535,192.0348862426549,98.98898550536688,170.45392216789438,-64.85016471133265,29.99004766094701,35.0,0.12009504365406719,12.26619516073122
11.153306039000023,108.04208323299972,SAT_10097,20.1145297492414,191.89422983948288,98.98614837341613,170.46069345113904,-64.87517029411879,29.979212834466782,35.0,0.1201984608796702,12.273491216566866
11.153306039000023,108.14208323299971,SAT_10097,20.079957501679985,191.6997609469499,98.98220693679124,170.47004552771165,-64.9097425416802,29.964220625947593,35.0,0.12034146717338014,12.283576172742759
11.153306039000023,108.2420832329997,SAT_10097,20.035845623451735,191.45163163191603,98.97714585137578,170.48196171227002,-64.95385441990845,29.945071068645053,35.0,0.12052397330310839,12.296439802980375
11.153306039000023,108.3420832329997,SAT_10097,19.982228376664622,191.15003461873852,98.9709452264649,170.49642086595753,-65.00747166669557,29.92176420503817,35.0,0.12074586612216473,12.312069139654044
11.153306039000023,108.44208323299969,SAT_10097,19.91914705961851,190.79520221035412,98.96358040383765,170.51339752008766,-65.07055298374168,29.894300086830423,35.0,0.12100700916351467,12.33044854132092
11.253306039000023,105.94208323299983,SAT_10011,19.574681882435854,188.85758558870168,98.92196097172994,170.60469328137313,-65.41501816092433,29.74307720694736,35.0,0.12243912026289645,12.430962966235672
11.253306039000023,106.04208323299983,SAT_10011,19.61727024524589,189.09714512950814,98.92723434883828,170.5933722115139,-65.3724297981143,29.761794042926777,35.0,0.12226245981790985,12.418589169709266
11.253306039000023,106.14208323299982,SAT_10010,19.657364178162936,189.32267350216654,98.93214303204249,170.5821294056707,-65.33233586519725,29.77906786251907,35.0,0.12209958599369346,12.407174736051909
11.253306039000023,106.24208323299982,SAT_10010,19.750400387832087,189.84600218155552,98.94345661170175,170.55730373296342,-65.2392996555281,29.81983635301917,35.0,0.12171386070021609,12.380118414883627
11.253306039000023,106.34208323299981,SAT_10010,19.834150916643097,190.31709890611742,98.95349231726782,170.53488678038445,-65.15554912671709,29.85644948011257,35.0,0.1213667991464777,12.355745027298727
11.253306039000023,106.4420832329998,SAT_10010,19.908553618212835,190.7356141024472,98.96229221058401,170.5149167972053,-65.08114642514735,29.888907162560972,35.0,0.1210586072467824,12.334078183256235
11.253306039000023,106.5420832329998,SAT_10010,19.97355253356038,191.10123300127714,98.96989247448667,170.49742824915575,-65.01614750979981,29.917209328351785,35.0,0.12078947024177757,12.315139118754066
11.253306039000023,106.6420832329998,SAT_10010,20.029098191345085,191.4136773263161,98.97632383707054,170.4824516254078,-64.9606018520151,29.941355914696285,35.0,0.12055955175821771,12.298946589545364
11.253306039000023,106.74208323299979,SAT_10010,20.07514787748383,191.67270681084653,98.98161192483819,170.47001326504932,-64.91455216587636,29.961346868028077,35.0,0.12036899296797042,12.285516775887139
11.253306039000023,106.84208323299978,SAT_10010,20.111665871105416,191.87812052496795,98.9857775521501,170.4601352050756,-64.87803417225477,29.9771821440017,35.0,0.12021791185453568,12.274863199326333
11.253306039000023,106.94208323299978,SAT_10010,20.138623644125204,192.0297579982043,98.9888369529052,170.452835051714,-64.85107639923498,29.98886170749152,35.0,0.120106402594425,12.26699665241808
11.253306039000023,107.04208323299977,SAT_10010,20.156000022107634,192.12750012435544,98.990801959099,170.44812587664018,-64.83370002125255,29.99638553259085,35.0,0.12003453505969171,12.261925142143543
11.253306039000023,107.14208323299977,SAT_10010,20.16378130450923,192.17126983786443,98.99168012977874,170.4460161393622,-64.82591873885096,29.999753602611285,35.0,0.12000235444673511,12.259653847653322
11.253306039000023,107.24208323299976,SAT_10010,20.1619613428644,192.16103255361227,98.99147483290302,170.44650963673462,-64.82773870049579,29.998965910082283,35.0,0.12000988103523616,12.26018509280823
11.253306039000023,107.34208323299976,SAT_10010,20.150541575971403,192.09679636483915,98.99018528168246,170.44960548023383,-64.83915846738878,29.994022456750976,35.0,0.12005711007974673,12.26351833382618
11.253306039000023,107.44208323299975,SAT_10010,20.129531021652696,191.9786119967964,98.98780652609734,170.45529810128005,-64.86016902170749,29.984923253582224,35.0,0.12014401183507156,12.26965016217459
11.253306039000023,107.54208323299974,SAT_10097,20.144434057715713,192.06244157465088,98.98954108904134,170.45259494204743,-64.84526598564447,29.9921693935791,35.0,0.12007478535353056,12.26476565182262
11.253306039000023,107.64208323299974,SAT_10097,20.15781211500442,192.1376931468999,98.99105293543343,170.4489692245127,-64.83188792835577,29.997962240359524,35.0,0.12001946424087324,12.260861479961733
11.253306039000023,107.74208323299973,SAT_10097,20.16159318538668,192.15896166780007,98.99147964399737,170.44794417138576,-64.82810685797351,29.99959910132548,35.0,0.12000382945567688,12.259757958457561
11.253306039000023,107.84208323299973,SAT_10097,20.155774281614214,192.12623033407996,98.99082285061141,170.44952162742834,-64.83392576174597,29.997079972845846,35.0,0.12002789085005315,12.261456216313436
11.253306039000023,107.94208323299972,SAT_10097,20.140360000129164,192.03952500072654,98.98908003670016,170.45369875415486,-64.84934004323102,29.990404860508924,35.0,0.12009163326447497,12.265954516320617
11.253306039000023,108.04208323299972,SAT_10097,20.115362494762422,191.8989140330386,98.98624450206765,170.46046804681905,-64.87433754859777,29.979573779122603,35.0,0.12019501660881272,12.273248264292508
11.253306039000023,108.14208323299971,SAT_10097,20.080801407345135,191.7045079163164,98.98230529240254,170.46981737922223,-64.90889863601505,29.96458675271471,35.0,0.12033797607623081,12.283330033431291
11.253306039000023,108.2420832329997,SAT_10097,20.036703756076776,191.45645862793185,98.97724708006177,170.4817300757763,-64.95299628728341,29.945443814533636,35.0,0.12052042248770538,12.296189603553026
11.253306039000023,108.3420832329997,SAT_10097,19.983103782982425,191.15495877927617,98.97104999581869,170.49618500993094,-65.00659626037776,29.922145007049167,35.0,0.12074224276357721,12.311814014732414
11.253306039000023,108.44208323299969,SAT_10097,19.92004276227115,190.8002405377752,98.96368940826966,170.51315672775232,-65.06965728108904,29.89469038195356,35.0,0.12100330051727705,12.330187634772987
11.253306039000023,108.54208323299969,SAT_10097,19.847568771844294,190.39257434162417,98.95513564649073,170.53261559514968,-65.1421312715159,29.86308000016284,35.0,0.12130343676516876,12.351292239763891
11.253306039000023,108.64208323299968,SAT_10097,19.765736430588376,189.9322674220596,98.94535366028751,170.5545279669903,-65.22396361277181,29.827313931818352,35.0,0.1216424707453804,12.375107106854493
11.253306039000023,108.74208323299968,SAT_10097,19.67460660443409,189.4196621499418,98.93430261094068,170.57885637611287,-65.3150934389261,29.787392256288538,35.0,0.12202020083754016,12.401609118264231
11.353306039000023,105.94208323299983,SAT_10011,19.665567192183673,189.36881545603313,98.93317628159326,170.5805133049359,-65.32413285117651,29.782994218954776,35.0,0.12206216831028262,12.404551596885108
11.353306039000023,106.04208323299983,SAT_10011,19.70824319242054,189.60886795736553,98.9383798345414,170.56913292068026,-65.28145685093965,29.801704477031148,35.0,0.1218852305130009,12.392143176777541
11.353306039000023,106.14208323299982,SAT_10011,19.741511343897557,189.7960013094238,98.94241062928421,170.56024956140158,-65.24818869946263,29.816275376554998,35.0,0.12174732651025365,12.382467188105792
11.353306039000023,106.24208323299982,SAT_10011,19.765346596379644,189.9300746046355,98.94528482944838,170.5538786569146,-65.22435344698054,29.82670688514973,35.0,0.12164853921329889,12.375533136002378
11.353306039000023,106.34208323299981,SAT_10010,19.827873880685615,190.2817905788566,98.9527500580276,170.5365691876229,-65.16182616267457,29.85370819830915,35.0,0.1213928056765597,12.357572367684273
11.353306039000023,106.4420832329998,SAT_10010,19.90223806410728,190.70008911060344,98.96155354891567,170.51661393564314,-65.08746197925291,29.886154565592356,35.0,0.12108476277037125,12.335917846431771
11.353306039000023,106.5420832329998,SAT_10010,19.967203216658092,191.06551809370177,98.96915690891535,170.49913834403122,-65.0224968267021,29.914446864904875,35.0,0.12081575624624571,12.316989591329499
11.353306039000023,106.6420832329998,SAT_10010,20.02271993781403,191.3777996502039,98.9755908833485,170.48417285727135,-64.96698010554616,29.938585033471515,35.0,0.12058594950405145,12.300806332242274
11.353306039000023,106.74208323299979,SAT_10010,20.068745575010098,191.6366938594318,98.98088111307382,170.47174377560222,-64.92095446835009,29.9585690177374,35.0,0.12039548351891,12.287384226966358
11.353306039000023,106.84208323299978,SAT_10010,20.10524445908645,191.84200008236127,98.9850484241058,170.4618731033426,-64.88445558427374,29.97439877336662,35.0,0.12024447610918748,12.276736778188551
11.353306039000023,106.94208323299978,SAT_10010,20.1321881034292,191.99355808178925,98.98810905942926,170.45457842050138,-64.85751193993099,29.986074265241104,35.0,0.12013302131912387,12.268874763351588
11.353306039000023,107.04208323299977,SAT_10010,20.14955536448275,192.0912489252155,98.99007485766036,170.4498727792236,-64.84014467887744,29.993595467459738,35.0,0.12006118892237433,12.26380617819121
11.353306039000023,107.14208323299977,SAT_10010,20.15733256172865,192.13499565972367,98.99095338207535,170.44776462634874,-64.83236748163154,29.996962363337705,35.0,0.12002902405157102,12.261536194568926
11.353306039000023,107.24208323299976,SAT_10010,20.155513555699372,192.124763750809,98.9907480025169,170.44825775303804,-64.83418648766082,29.99617494540607,35.0,0.12003654695775212,12.262067133071096
11.353306039000023,107.34208323299976,SAT_10010,20.1440997830871,192.06056127986494,98.9894579317555,170.45135127210045,-64.84560026027309,29.991233215411597,35.0,0.12008375290217368,12.265398450682062
11.353306039000023,107.44208323299975,SAT_10010,20.123100248521553,191.94243889793373,98.98707821700225,170.45703962330333,-64.86659979483863,29.982137184316777,35.0,0.1201706121816391,12.27152674367043
11.353306039000023,107.54208323299974,SAT_10097,20.135284020075005,192.01097261292193,98.98850639629786,170.4550738032768,-64.85441602328518,29.98820610539433,35.0,0.12011262507156739,12.26743570033114
11.353306039000023,107.64208323299974,SAT_10097,20.148654067016324,192.08617912696684,98.99001939891285,170.451451419936,-64.84104597634386,29.993996933181947,35.0,0.12005733427366892,12.263534155316133
11.353306039000023,107.74208323299973,SAT_10097,20.15243287235893,192.10743490701896,98.990446433616,170.45042730994797,-64.83726717100126,29.99563322364953,35.0,0.12004170805941523,12.262431376643411
11.353306039000023,107.84208323299973,SAT_10097,20.146617454190917,192.0747231798239,98.98978913819778,170.452003314685,-64.84308258916927,29.993114973166726,35.0,0.1200657562640326,12.264128491386973
11.353306039000023,107.94208323299972,SAT_10097,20.1312124007449,191.98806975419006,98.98804499113876,170.4561766008755,-64.85848764261529,29.986442187320655,35.0,0.12012946375397347,12.268623765306472
11.353306039000023,108.04208323299972,SAT_10097,20.106229844166222,191.847542873435,98.98520728440621,170.46293967754465,-64.88347019919397,29.975614880916027,35.0,0.12023279050775232,12.275912612057585
11.353306039000023,108.14208323299971,SAT_10097,20.071689391313114,191.65325282613625,98.98126505086225,170.47228044069743,-64.91801065204707,29.960633077975537,35.0,0.12037567182931376,12.285987617495863
11.353306039000023,108.2420832329997,SAT_10097,20.027618012421485,191.40535131987085,98.97620294488641,170.48418224518645,-64.9620820309387,29.941496811740468,35.0,0.12055801869170155,12.298838578801018
11.353306039000023,108.3420832329997,SAT_10097,19.97404988897121,191.10403062546308,98.97000107389611,170.49862400286858,-65.01565015438898,29.918206124671517,35.0,0.12077971820745498,12.314452557984454
11.353306039000023,108.44208323299969,SAT_10097,19.911026222551186,190.74952250185044,98.96263477745217,170.51558030585025,-65.078673820809,29.89076106844989,35.0,0.12104063422088512,12.332813949187752
11.353306039000023,108.54208323299969,SAT_10097,19.83859500697045,190.34209691420878,98.95407434953381,170.53502157331621,-65.15110503638974,29.85916170397858,35.0,0.12134060801619809,12.353904559035895
11.353306039000023,108.64208323299968,SAT_10097,19.75681076623715,189.88206056008397,98.94428469831672,170.5569142201932,-65.23288927712304,29.82340810138392,35.0,0.12167945913435758,12.37770369917941
11.353306039000023,108.74208323299968,SAT_10097,19.66573426137613,189.3697552202407,98.93322493634349,170.58122084566463,-65.32396578198406,29.78350034001736,35.0,0.12205698629063107,12.404188290046152
11.353306039000023,108.84208323299967,SAT_10097,19.56543216933177,188.80555595249123,98.92084789228313,170.60790043937405,-65.42426787402842,29.73943850845745,35.0,0.12247296838395605,12.43333297472786
11.353306039000023,108.94208323299966,SAT_10097,19.455976737422446,188.1898691480013,98.90709953346615,170.63690860301085,-65.53372330593774,29.691222704512096,35.0,0.1229271655886075,12.46511024185039
11.453306039000022,105.94208323299983,SAT_10011,19.74680275751811,189.82576551103938,98.94305585103893,170.55883568166976,-65.24289728584208,29.818591738524983,35.0,0.12172539468449524,12.380927948012806
11.453306039000022,106.04208323299983,SAT_10011,19.789556036466564,190.06625270512444,98.94819812427164,170.54740230650344,-65.20014400689362,29.83729536709479,35.0,0.12154821408298104,12.36848885340198
11.453306039000022,106.14208323299982,SAT_10011,19.82288466929944,190.25372626480936,98.95218161912479,170.53847748624665,-65.16681537406075,29.851861103792917,35.0,0.12141012006640822,12.358788871540598
11.453306039000022,106.24208323299982,SAT_10011,19.846763383192723,190.38804403045907,98.95502218170179,170.53207679456193,-65.14293666016746,29.86228891625135,35.0,0.12131119623517483,12.351837585621704
11.453306039000022,106.34208323299981,SAT_10011,19.861173982888758,190.46910365374924,98.95673103233177,170.5282114466347,-65.12852606047143,29.86857878129801,35.0,0.12125150275710636,12.34764189237762
11.453306039000022,106.4420832329998,SAT_10010,19.886016185852142,190.6088410454183,98.95964665852908,170.52097141969142,-65.10368385750805,29.879082210599172,35.0,0.12115194892623023,12.340642699489559
11.453306039000022,106.5420832329998,SAT_10010,19.950930054436412,190.97398155620482,98.96726342134312,170.50351954559846,-65.03876998892378,29.907364565359178,35.0,0.12088313088527174,12.321731877799213
11.453306039000022,106.6420832329998,SAT_10010,20.00640278385832,191.28601565920306,98.973708681051,170.48857444558797,-64.98329725950187,29.931494249537973,35.0,0.12065348570018027,12.305563577751695
11.453306039000022,106.74208323299979,SAT_10010,20.0523918330163,191.5447040607167,98.97900815120869,170.47616234885692,-64.93730821034389,29.951471209592047,35.0,0.12046315399439643,12.292153917084613
11.453306039000022,106.84208323299978,SAT_10010,20.088861626445095,191.74984664875365,98.98318271662885,170.46630519997169,-64.9008384169151,29.96729540119488,35.0,0.12031225329117756,12.2815163648471
11.453306039000022,106.94208323299978,SAT_10010,20.115783752672513,191.90128360878288,98.98624866600017,170.45902053099707,-64.87391629068767,29.978966789235844,35.0,0.1202008773984247,12.273661671528021
11.453306039000022,107.04208323299977,SAT_10010,20.133137124094574,191.99889632303197,98.98821787116378,170.45432135836504,-64.85656291926561,29.98648534781932,35.0,0.12012909591400162,12.268597812805904
11.453306039000022,107.14208323299977,SAT_10010,20.140908096476593,192.04260804268083,98.98909791658427,170.45221610574956,-64.8487919468836,29.98985106026402,35.0,0.12009695385662887,12.266329947541426
11.453306039000022,107.24208323299976,SAT_10010,20.1390905466549,192.0323843249338,98.98889218153525,170.45270855390112,-64.85060949670529,29.9890639191026,35.0,0.12010447142618087,12.26686039048058
11.453306039000022,107.34208323299976,SAT_10010,20.127685907504883,191.96823322971497,98.98759987658451,170.45579781806612,-64.8620141358553,29.984123926081445,35.0,0.12015164389588892,12.27018859997475
11.453306039000022,107.44208323299975,SAT_10010,20.106703159752954,191.85020527361038,98.98521603507814,170.46147835327443,-64.88299688360723,29.97503109216073,35.0,0.12023844163757892,12.276311180855956
11.453306039000022,107.54208323299974,SAT_10097,20.116168090650433,191.9034455099087,98.98633896346067,170.46024998499323,-64.87353195270975,29.979922948252927,35.0,0.12019168464510877,12.273013231324333
11.453306039000022,107.64208323299974,SAT_10097,20.12952645784054,191.97858632535306,98.98785513696215,170.45663319220802,-64.86017358551965,29.98571174106709,35.0,0.1201364362894782,12.269115698089237
11.453306039000022,107.74208323299973,SAT_10097,20.1333019602408,191.9998235263545,98.98828306598513,170.45561066361043,-64.85639808311939,29.987347456520716,35.0,0.12012082207623861,12.268014053953449
11.453306039000022,107.84208323299973,SAT_10097,20.127491624816585,191.9671403895933,98.98762439390512,170.4571842348972,-64.8622084185436,29.984830090984225,35.0,0.12014485181281274,12.269709422817806
11.453306039000022,107.94208323299972,SAT_10097,20.112100026142542,191.8805626470518,98.98587659060324,170.46135108152868,-64.87760001721765,29.97815965004355,35.0,0.12020851040843114,12.274200075324083
11.453306039000022,108.04208323299972,SAT_10097,20.087139260288083,191.74015833912046,98.98303292514905,170.46810373559157,-64.9025607830721,29.967336148500298,35.0,0.12031175795464177,12.281481438026185
11.453306039000022,108.14208323299971,SAT_10097,20.052628875927084,191.54603742708986,98.97908239290464,170.47743013027673,-64.9370711674331,29.952359610372095,35.0,0.12045452993781844,12.291546117590652
11.453306039000022,108.2420832329997,SAT_10097,20.0085957635022,191.29835116969988,98.97400959564565,170.48931367141475,-64.98110427985799,29.93323006889323,35.0,0.12063673758144897,12.304383939755034
11.453306039000022,108.3420832329997,SAT_10097,19.9550740037661,190.9972912711843,98.96779457236958,170.50373333518536,-65.03462603959409,29.909947566515463,35.0,0.12085826831464942,12.319982002609542
11.453306039000022,108.44208323299969,SAT_10097,19.89210467749345,190.64308881090065,98.96041257746091,170.52066379080074,-65.09759536586674,29.8825121549091,35.0,0.121118986362084,12.338324743613017
11.453306039000022,108.54208323299969,SAT_10097,19.819735638591936,190.23601296707966,98.95183380177369,170.54007554667203,-65.16996440476825,29.850923894964314,35.0,0.12141873344929036,12.359394019611239
11.453306039000022,108.64208323299968,SAT_10097,19.73802125322355,189.77636954938248,98.94202303093331,170.56193511831637,-65.25167879013664,29.81518285679266,35.0,0.1217573296163418,12.383169198996583
11.453306039000022,108.74208323299968,SAT_10097,19.647022107884723,189.2644993568516,98.93093923370763,170.58620521603717,-65.34267793547546,29.77528911972886,35.0,0.12213457413183347,12.409627265035319
11.453306039000022,108.84208323299967,SAT_10097,19.54680468967706,188.70077637943348,98.91853507159455,170.61284495022406,-65.44289535368313,29.73124277233279,35.0,0.12255024649837677,12.438742929293486
11.453306039000022,108.94208323299966,SAT_10011,19.449618035858805,188.15410145170577,98.90627418591005,170.63784155607206,-65.54008200750138,29.68799246043317,35.0,0.12295812800181001,12.467274783860676
11.553306039000022,105.94208323299983,SAT_10011,19.8183262502898,190.22808515788014,98.95164330111164,170.53969876398594,-65.17137379307039,29.849869687828132,35.0,0.12142900596914244,12.36011571094343
11.553306039000022,106.04208323299983,SAT_10011,19.861146150043197,190.46894709399297,98.95673239273826,170.52821891410167,-65.12855389331699,29.86856663530455,35.0,0.12125161804546519,12.347649996474399
11.553306039000022,106.14208323299982,SAT_10011,19.894526928286524,190.6567139716117,98.96067483678704,170.5192577305029,-65.09517311507366,29.883127169003195,35.0,0.12111336176067546,12.33792919181329
11.553306039000022,106.24208323299982,SAT_10011,19.918443116332895,190.79124252937254,98.963486205006,170.5128309135604,-65.07125692702729,29.893551256564525,35.0,0.12101432131992512,12.330962948711475
11.553306039000022,106.34208323299981,SAT_10011,19.9328763775015,190.87242962344595,98.9651775240493,170.50894976997841,-65.05682366585869,29.899838874822525,35.0,0.1209545573271829,12.326758213375616
11.553306039000022,106.4420832329998,SAT_10011,19.937815609517912,190.90021280353827,98.9657553964985,170.50762114678716,-65.05188443384228,29.901990009804145,35.0,0.12093410646756417,12.325319190391687
11.553306039000022,106.5420832329998,SAT_10011,19.933257006776273,190.87457066311651,98.96522207291602,170.50884739119695,-65.05644303658391,29.900004656728928,35.0,0.1209529813143826,12.32664732080151
11.553306039000022,106.6420832329998,SAT_10010,19.980159941429648,191.13839967054176,98.97066997831847,170.49564823769717,-65.00954010193054,29.920083578392727,35.0,0.12076211671944688,12.313213325906663
11.553306039000022,106.74208323299979,SAT_10010,20.0260999491303,191.3968122138579,98.97598585487593,170.48326077723559,-64.96360009422989,29.94005345910396,35.0,0.12057196049975315,12.299820815598515
11.553306039000022,106.84208323299978,SAT_10010,20.062530739205954,191.60173540803348,98.98017329822267,170.47342324353076,-64.92716930415423,29.95587204301021,35.0,0.12042119929245804,12.28919690434122
11.553306039000022,106.94208323299978,SAT_10010,20.089424008630118,191.7530100485444,98.98324867978548,170.466153099222,-64.90027603473007,29.967539295008173,35.0,0.12030992656606845,12.281352303950179
11.553306039000022,107.04208323299977,SAT_10010,20.10675875054804,191.85051797183272,98.98522393153642,170.46146330902775,-64.88294129281215,29.975055189207627,35.0,0.12023821166601885,12.276294961326007
11.553306039000022,107.14208323299977,SAT_10010,20.114521373089133,191.8941827236264,98.98610667627918,170.4593622630784,-64.87517867027105,29.978419708930776,35.0,0.12020609944746455,12.274030016675967
11.553306039000022,107.24208323299976,SAT_10010,20.112705776619336,191.88396999348376,98.98590031035027,170.45985372704948,-64.87699426674085,29.977632846711824,35.0,0.1202136100368159,12.27455977636639
11.553306039000022,107.34208323299976,SAT_10010,20.10131338850647,191.8198878103489,98.98460404033254,170.462936819716,-64.88838665485372,29.972694604296798,35.0,0.12026073872449877,12.277883700710039
11.553306039000022,107.44208323299975,SAT_10010,20.080353154979136,191.70198649675763,98.98221287448584,170.46860601820896,-64.90934688838105,29.96360499264358,35.0,0.12034745599006179,12.283998406825612
11.553306039000022,107.54208323299974,SAT_10097,20.087101894165485,191.7399481546809,98.98303046467312,170.46811383984755,-64.9025981491947,29.96731994025989,35.0,0.12031191252630784,12.281492337080747
11.553306039000022,107.64208323299974,SAT_10097,20.100444940979003,191.8150027930069,98.98455184649144,170.46450487550558,-64.88925510238118,29.973106682124236,35.0,0.12025671865089668,12.277600190348945
11.553306039000022,107.74208323299973,SAT_10097,20.104216110678962,191.83621562256917,98.984981244433,170.4634845613213,-64.88548393268123,29.974741818049544,35.0,0.1202411198434007,12.276500069566064
11.553306039000022,107.84208323299973,SAT_10097,20.09841244260528,191.80356998965473,98.98432031118134,170.46505472505874,-64.89128760075491,29.972225344406976,35.0,0.1202651258726419,12.278193094230502
11.553306039000022,107.94208323299972,SAT_10097,20.08303849229391,191.71709151915326,98.98256650228572,170.4692125543829,-64.90666155106628,29.965557266781314,35.0,0.12032872170724145,12.282677541757465
11.553306039000022,108.04208323299972,SAT_10097,20.05810630552547,191.57684796858078,98.97971304865175,170.47595061361437,-64.93159373783472,29.954737599971093,35.0,0.12043186759567945,12.289948856595759
11.553306039000022,108.14208323299971,SAT_10097,20.023635349867888,191.3829488430069,98.9757488831313,170.48525688791858,-64.9660646934923,29.939766367988966,35.0,0.12057449927761749,12.299999674285072
11.553306039000022,108.2420832329997,SAT_10097,19.979652404532118,191.13554477549317,98.97065851979484,170.49711485438166,-65.01004763882807,29.920643604062327,35.0,0.12075652832428196,12.312819860184451
11.553306039000022,108.3420832329997,SAT_10097,19.926191409856457,190.83482668044257,98.96442188353521,170.51150357909262,-65.06350863350373,29.89736935063414,35.0,0.12097784260438245,12.328396562440867
11.553306039000022,108.44208323299969,SAT_10097,19.863293278195655,190.48102468985056,98.95701408664218,170.52839783904415,-65.12640676516453,29.869943659363994,35.0,0.12123830687078127,12.346714278613604
11.553306039000022,108.54208323299969,SAT_10097,19.791005668426052,190.07440688489655,98.94840514786706,170.54776826737321,-65.19869437493413,29.838366591129432,35.0,0.1215377634619601,12.367754935228387
11.553306039000022,108.64208323299968,SAT_10097,19.70938272665346,189.6152778374257,98.93855964822636,170.56958152021593,-65.28031731670673,29.802638216027468,35.0,0.12187603311126834,12.391497979407005
11.553306039000022,108.74208323299968,SAT_10097,19.618484796054943,189.10397697780908,98.92743631632763,170.59380046321937,-65.37121524730524,29.762758613376356,35.0,0.1222529158560002,12.41792048160623
11.553306039000022,108.84208323299967,SAT_10097,19.518378099053052,188.54087680717342,98.91498753428002,170.62038437558186,-65.47132194430714,29.718727871717594,35.0,0.12266819203755007,12.446997248405307
11.553306039000022,108.94208323299966,SAT_10011,19.528298639723815,188.59667984844646,98.91620190174804,170.61700403598985,-65.46140140363637,29.722668672608727,35.0,0.12263156784035284,12.444434472414908
11.653306039000022,105.84208323299984,SAT_10011,19.827787937249923,190.28130714703084,98.95277599914975,170.53716360047417,-65.16191210611026,29.854002900939832,35.0,0.12138980594760282,12.35736160062832
11.653306039000022,106.04208323299983,SAT_10011,19.922957672296974,190.81663690667048,98.96401951925597,170.51161714766113,-65.06674237106321,29.89551821329665,35.0,0.12099562733261113,12.329647809366135
11.653306039000022,106.14208323299982,SAT_10011,19.956382050431145,191.0046490336752,98.9679268697435,170.5026248335265,-65.03331799292904,29.910073503834933,35.0,0.12085723717658058,12.31990942606089
11.653306039000022,106.24208323299982,SAT_10011,19.980329574584005,191.13935385703502,98.97071327969003,170.49617565053936,-65.00937046877618,29.92049383774757,35.0,0.12075810051941083,12.312930555464984
11.653306039000022,106.34208323299981,SAT_10011,19.994781786688378,191.22064755012215,98.97238961074505,170.49228098404797,-64.99491825667181,29.926779191874544,35.0,0.12069827833837199,12.308718186160018
11.653306039000022,106.4420832329998,SAT_10011,19.999727510830212,191.24846724841993,98.9729623668879,170.49094772880252,-64.98997253252998,29.92892955224641,35.0,0.12067780754486122,12.307276548428998
11.653306039000022,106.5420832329998,SAT_10011,19.995162916137048,191.2227914032709,98.9724337651057,170.4921782483882,-64.99453712722314,29.926944914083954,35.0,0.12069670078980141,12.30860709212908
11.653306039000022,106.6420832329998,SAT_10011,19.981091538380326,191.14363990338933,98.97080175941616,170.49597036128847,-65.00860850497986,29.920825281798066,35.0,0.12075494639682843,12.312708479092636
11.653306039000022,106.74208323299979,SAT_10010,19.989891224098074,191.19313813555166,98.97180235113979,170.49302591600673,-64.99980881926211,29.924315791226675,35.0,0.12072183270337258,12.310376861778693
11.653306039000022,106.84208323299978,SAT_10010,20.026273201156513,191.39778675650538,98.97600838731138,170.48321402308827,-64.96342684220367,29.9401287237778,35.0,0.12057124346084147,12.299770299432376
11.653306039000022,106.94208323299978,SAT_10010,20.053130351537476,191.5488582273983,98.97909738600532,170.47596286511913,-64.93656969182271,29.951791807531876,35.0,0.12046009793219345,12.291938536303272
11.653306039000022,107.04208323299977,SAT_10010,20.070441773528003,191.64623497609503,98.98108136676564,170.47128533937385,-64.91925826983218,29.95930501660399,35.0,0.1203884651349035,12.286889481927428
11.653306039000022,107.14208323299977,SAT_10010,20.07819394343946,191.689840931847,98.98196800822632,170.46918979223565,-64.91150609992073,29.962668334319776,35.0,0.12035638971162735,12.284628252293224
11.653306039000022,107.24208323299976,SAT_10010,20.076380792274293,191.67964195654292,98.98176073156996,170.4696799697203,-64.9133192510859,29.96188175321497,35.0,0.12036389169333456,12.285157142887241
11.653306039000022,107.34208323299976,SAT_10010,20.065003740229002,191.61564603878813,98.9804587375767,170.4727549952048,-64.92469630313119,29.95694527503524,35.0,0.12041096639278923,12.288475616568821
11.653306039000022,107.44208323299975,SAT_10010,20.044071688614224,191.49790324845503,98.97805699797674,170.47840937464358,-64.94562835474596,29.947858910736223,35.0,0.12049758442948862,12.294580306409111
11.653306039000022,107.54208323299974,SAT_10097,20.04810909048709,191.52061363398988,98.97856792984084,170.47865076246376,-64.9415909528731,29.950397108963053,35.0,0.12047323063403832,12.292864068738348
11.653306039000022,107.64208323299974,SAT_10097,20.061433217796562,191.59556185010567,98.98009659412513,170.4750518377731,-64.92826682556363,29.956181783905464,35.0,0.12041810314790721,12.288978668548092
11.653306039000022,107.74208323299973,SAT_10097,20.065199036782857,191.6167445819036,98.980528045935,170.47403436347378,-64.92450100657733,29.95781633578928,35.0,0.12040252311441343,12.287880455778412
11.653306039000022,107.84208323299973,SAT_10097,20.059403602595168,191.58414526459782,98.97986395106723,170.4756001571816,-64.93029644076502,29.955300760986404,35.0,0.12042650025315145,12.289570544316678
11.653306039000022,107.94208323299972,SAT_10097,20.04405144644589,191.49778938625812,98.9781017448801,170.47974642217528,-64.9456485969143,29.948635065080477,35.0,0.12049001960848343,12.294047220211006
11.653306039000022,108.04208323299972,SAT_10097,20.019154549868716,191.35774434301152,98.97523460451092,170.48646576401157,-64.97054549349147,29.937819262867013,35.0,0.1205930416290281,12.30130595071789
11.653306039000022,108.14208323299971,SAT_10097,19.984732276810973,191.16411905706173,98.97125137473566,170.49574623434822,-65.00496776654921,29.92285337835377,35.0,0.12073550237747854,12.311339408177297
11.653306039000022,108.2420832329997,SAT_10097,19.9408112643722,190.91706336209361,98.96613644603592,170.50757140143207,-65.04888877898799,29.903737444761365,35.0,0.12091731386856858,12.324137508448707
11.653306039000022,108.3420832329997,SAT_10097,19.887425273490507,190.6167671633841,98.95986958249192,170.5219204463807,-65.10227476986968,29.880471504524092,35.0,0.1211383645316973,12.339687463481377
11.653306039000022,108.44208323299969,SAT_10097,19.824615001332518,190.2634593824954,98.95242569609728,170.53876828408448,-65.16508504202767,29.853055609291,35.0,0.12139851979347403,12.357973847440723
11.653306039000022,108.54208323299969,SAT_10097,19.752427857573792,189.85740669885257,98.94377456295683,170.5580857072674,-65.2372721857864,29.821489819927205,35.0,0.12169762277428894,12.378978675671913
11.653306039000022,108.64208323299968,SAT_10097,19.670917707134464,189.39891210263139,98.93388047554103,170.57983955199398,-65.31878233622572,29.785774206515406,35.0,0.1220354950919601,12.40268149565519
11.653306039000022,108.74208323299968,SAT_10097,19.580144582262122,188.88831327522442,98.92270182368365,170.60399288269485,-65.40955546109807,29.745908848357654,35.0,0.12241193776458181,12.429059488996282
11.653306039000022,108.84208323299967,SAT_10011,19.511169512831145,188.5003285096752,98.91406355075041,170.621545318986,-65.47853053052904,29.715125594809383,35.0,0.12270264988119452,12.449408156471234
11.653306039000022,108.94208323299966,SAT_10011,19.597312496458443,188.98488279257876,98.92480069127582,170.59867958032686,-65.39238754690174,29.753025583273285,35.0,0.12234524139455827,12.42438830845361
11.653306039000022,109.04208323299966,SAT_10011,19.674225899923528,189.41752068706987,98.93425649892721,170.5782056619816,-65.31547414343666,29.786792133589227,35.0,0.12202626539964498,12.402034349644651
11.653306039000022,109.14208323299965,SAT_10011,19.741853505617613,189.79792596909908,98.94247066467268,170.56015814278086,-65.24784653774257,29.816425170677853,35.0,0.12174590830107102,12.382367657338495
11.753306039000021,106.04208323299983,SAT_10011,19.974941821171285,191.10904774408846,98.97009053622973,170.49762706965836,-65.0147582221889,29.918150042154792,35.0,0.12078040331309131,12.314500791372232
11.753306039000021,106.4420832329998,SAT_10011,20.051791952521484,191.54132973293335,98.97896627487344,170.47689831452738,-64.9379080908387,29.951549253395953,35.0,0.12046234195790478,12.292096687749376
11.753306039000021,106.5420832329998,SAT_10011,20.047222564015968,191.5156269225898,98.97844162639396,170.47813237453354,-64.94247747934422,29.949565335620463,35.0,0.1204812496267589,12.293429190804384
11.753306039000021,106.6420832329998,SAT_10011,20.033136424013605,191.43639238507652,98.97682183679146,170.48193539168224,-64.95656361934658,29.943447924648463,35.0,0.12053953965029185,12.297536612662514
11.753306039000021,106.74208323299979,SAT_10011,20.0095444744793,191.30368766894605,98.97410065511146,170.48830061361443,-64.98015556888089,29.933197034077587,35.0,0.12063717590429232,12.304414813439754
11.753306039000021,106.84208323299978,SAT_10010,19.980118327816356,191.13816559396702,98.97067141868853,170.49565944954043,-65.00958171554383,29.920065477904988,35.0,0.12076228898948349,12.313225454918902
11.753306039000021,106.94208323299978,SAT_10010,20.00693219840315,191.28899361601773,98.97377831535901,170.48843167431923,-64.98276784495704,29.931724361222788,35.0,0.12065129437459819,12.305409237486009
11.753306039000021,107.04208323299977,SAT_10010,20.024215675687714,191.3862131757434,98.97577376895096,170.48376925281275,-64.96548436767247,29.93923486442972,35.0,0.12057975899458039,12.300370220294868
11.753306039000021,107.14208323299977,SAT_10010,20.03195531963449,191.42974867294402,98.9766655319151,170.48168047768525,-64.9577447237257,29.942596970854787,35.0,0.12054772723159256,12.298113489663647
11.753306039000021,107.24208323299976,SAT_10010,20.03014509883451,191.41956618094412,98.9764570582833,170.48216907081087,-64.95955494452568,29.941810673035228,35.0,0.12055521899960973,12.298641327750431
11.753306039000021,107.34208323299976,SAT_10010,20.018786424685345,191.35567363885508,98.97514754116399,170.48523416121816,-64.97091361867484,29.936875972716365,35.0,0.1206022296387789,12.301953200534271
11.753306039000021,107.44208323299975,SAT_10010,19.997888143387698,191.2381208065558,98.97273190399052,170.4908702902546,-64.99181189997249,29.927792880851616,35.0,0.12068872994015184,12.308045760629346
11.753306039000021,107.54208323299974,SAT_10097,19.999221235301235,191.24561944856947,98.97293359759861,170.49184127935544,-64.99047880805895,29.929154491353835,35.0,0.12067553478427989,12.30711648527308
11.753306039000021,107.64208323299974,SAT_10097,20.012522897838863,191.3204413003436,98.97447166970586,170.4882545708777,-64.97717714552132,29.93493708340639,35.0,0.12062048542923266,12.303239172620785
11.753306039000021,107.74208323299973,SAT_10097,20.016282363340707,191.34158829379146,98.97490577476866,170.4872405521294,-64.97341768001948,29.936571046736727,35.0,0.12060492749067363,12.302143247136131
11.753306039000021,107.84208323299973,SAT_10097,20.010496706119966,191.3090439719248,98.97423759561865,170.48880102841576,-64.97920333724022,29.934056377717482,35.0,0.12062887062856112,12.303829815913373
11.753306039000021,107.94208323299972,SAT_10097,19.995170427904668,191.22283365696376,98.97246454138492,170.4929332219554,-64.99452961545552,29.927393081931182,35.0,0.12069229997901292,12.308297175452276
11.753306039000021,108.04208323299972,SAT_10097,19.97031543234793,191.08302430695713,98.96957971935447,170.4996297883273,-65.01938461101226,29.91658117417036,35.0,0.12079517623310654,12.315540820622216
11.753306039000021,108.14208323299971,SAT_10097,19.93595095778636,190.88972413754826,98.96557185987741,170.50887885984952,-65.05374908557383,29.90162067843796,35.0,0.12093743584488283,12.325553468317386
11.753306039000021,108.2420832329997,SAT_10097,19.89210346904555,190.64308201338125,98.96042519285764,170.52066411535648,-65.09759657431464,29.88251162794792,35.0,0.12111899136639809,12.33832509553968
11.753306039000021,108.3420832329997,SAT_10097,19.838806509577765,190.34328661637494,98.95411927340885,170.53496487551388,-65.15089353378242,29.859254065126024,35.0,0.12133973190637673,12.353842991488188
11.753306039000021,108.44208323299969,SAT_10097,19.776100515667608,189.9905654006303,98.94662875321437,170.55175622251159,-65.21359952769258,29.83184804161094,35.0,0.12159952370778325,12.372091823084146
11.753306039000021,108.54208323299969,SAT_10097,19.704032594858887,189.58518334608127,98.93792309297554,170.57100914269688,-65.2856674485013,29.800293618255555,35.0,0.12189821083848806,12.39305371322149
11.753306039000021,108.64208323299968,SAT_10097,19.622656271139945,189.1274415251622,98.92796621002327,170.59269069045263,-65.36704377222024,29.764590865128483,35.0,0.12223561598816073,12.416708330907937
11.753306039000021,108.74208323299968,SAT_10097,19.532031199738825,188.6176754985309,98.91671605365356,170.6167641714222,-65.45766884362136,29.72473986151584,35.0,0.12261154136360536,12.4430329923514
11.753306039000021,108.84208323299967,SAT_10011,19.570360598085927,188.83327836423334,98.92146670547565,170.605841050274,-65.41933944527426,29.741176903156408,35.0,0.12245704759070775,12.432218250565967
11.753306039000021,108.94208323299966,SAT_10011,19.65660694997773,189.3184140936247,98.93210856302524,170.58290057672332,-65.33309309338246,29.7790631260508,35.0,0.12209932327459515,12.407156319435343
11.753306039000021,109.04208323299966,SAT_10011,19.73361348263151,189.75157583980226,98.94148110640968,170.5623594051517,-65.25608656072868,29.812817412116466,35.0,0.12178006269183246,12.384764505001584
11.753306039000021,109.14208323299965,SAT_10011,19.801323631296654,190.1324454260437,98.94962343477998,170.54425233866255,-65.18837641206353,29.842439686293545,35.0,0.12149945332686539,12.365064306367668
11.853306039000021,106.4420832329998,SAT_10011,20.093967152189975,191.7785652310686,98.98379221711662,170.46549867669955,-64.89573289117021,29.96984906381131,35.0,0.12028784774708907,12.279795430534884
11.853306039000021,106.5420832329998,SAT_10011,20.089394189290118,191.75284231475692,98.98327078041402,170.46673552861108,-64.90030585407007,29.967865871895278,35.0,0.12030676580002107,12.281129431554241
11.853306039000021,106.6420832329998,SAT_10011,20.075297043010863,191.6735458669361,98.98166091549012,170.47054714460785,-64.91440300034932,29.961750699111597,35.0,0.12036508779598151,12.285241467057102
11.853306039000021,106.74208323299979,SAT_10011,20.051686702258564,191.54073770020443,98.97895643645083,170.4769267418098,-64.93801334110162,29.951503559054487,35.0,0.12046277746751867,12.2921273808788
11.853306039000021,106.84208323299978,SAT_10011,20.01858151230931,191.35452100673987,98.97514690383287,170.4858629985739,-64.97111853105088,29.937124474504053,35.0,0.12059977425378884,12.301780232727241
11.853306039000021,106.94208323299978,SAT_10011,19.976007071481703,191.11503977708458,98.97021751129807,170.49734012116917,-65.01369297187848,29.918613477426867,35.0,0.12077599361990396,12.314190334516285
11.853306039000021,107.04208323299977,SAT_10010,19.968117719790072,191.07066217381916,98.96927980707254,170.4988920595247,-65.02158232357012,29.91484477654908,35.0,0.12081197017099467,12.316723070423494
11.853306039000021,107.14208323299977,SAT_10010,19.975842800902825,191.11411575507842,98.970177952429,170.49681130614718,-65.01385724245736,29.918205662402492,35.0,0.12077998882002063,12.314471609892664
11.853306039000021,107.24208323299976,SAT_10010,19.97403598699536,191.10395242684888,98.96996798713734,170.4972980225313,-65.01566405636483,29.91741965003872,35.0,0.1207874687948084,12.314998215077429
11.853306039000021,107.34208323299976,SAT_10010,19.962698679084184,191.04018006984853,98.9686490946968,170.50035134437593,-65.027001364276,29.912486741202734,35.0,0.12083440546781116,12.318302355634998
11.853306039000021,107.44208323299975,SAT_10010,19.94183965834641,190.92284807819854,98.96621613804545,170.5059658548062,-65.04786038501378,29.903406946845774,35.0,0.12092076983248165,12.324380707220879
11.853306039000021,107.54208323299974,SAT_10097,19.940477595691746,190.9151864757661,98.96610471192179,170.50766116788296,-65.04922244766844,29.903592133868276,35.0,0.12091869526088882,12.324234718392864
11.853306039000021,107.64208323299974,SAT_10097,19.953753313948624,190.989862390961,98.96765438366096,170.50408880987555,-65.03594672941156,29.909372627067196,35.0,0.12086373557435927,12.32036681102885
11.853306039000021,107.74208323299973,SAT_10097,19.957505441805367,191.0109681101552,98.96809176009297,170.50307885037128,-65.03219460155482,29.91100599733325,35.0,0.12084820299384097,12.319273545522949
11.853306039000021,107.84208323299973,SAT_10097,19.951731075996946,190.97848730248285,98.96741854515831,170.50463308026724,-65.03796896736324,29.908492241039777,35.0,0.1208721071095113,12.320956021026264
11.853306039000021,107.94208323299972,SAT_10097,19.936434683755166,190.8924450961228,98.96563211548391,170.50874874394876,-65.05326535960502,29.901831363768206,35.0,0.12093543316485232,12.325412546259622
11.853306039000021,108.04208323299972,SAT_10097,19.911628077613727,190.7529079365772,98.96272549179861,170.51541855553953,-65.07807196574646,29.891023380308155,35.0,0.12103814213464949,12.332638648380444
11.853306039000021,108.14208323299971,SAT_10097,19.877330348942195,190.55998321279984,98.95868726264806,170.52463074176333,-65.11236969441799,29.87606831465782,35.0,0.12118017093088203,12.34262709638161
11.853306039000021,108.2420832329997,SAT_10097,19.833567760995592,190.31381865560022,98.95350145892046,170.53636911089183,-65.1561322823646,29.85696620002458,35.0,0.12136143273438199,12.355367938762962
11.853306039000021,108.3420832329997,SAT_10097,19.78037360274554,190.01460151544367,98.94714737671302,170.5506131469312,-65.20932644061465,29.83371707882583,35.0,0.12158181744886118,12.37084855506041
11.853306039000021,108.44208323299969,SAT_10097,19.71778800520059,189.66255752925332,98.93959934500678,170.56733812790685,-65.2719120381596,29.80632100269004,35.0,0.12184119227269138,12.389053720670102
11.853306039000021,108.54208323299969,SAT_10097,19.645857722339258,189.25794968815833,98.93082643343858,170.5865152668284,-65.34384232102093,29.774778032458062,35.0,0.12213940238269326,12.4099656842679
11.853306039000021,108.64208323299968,SAT_10097,19.564635879148454,188.80107682021006,98.92079209412047,170.6081118736719,-65.42506416421173,29.739088238184664,35.0,0.12247627172316225,12.433564257001326
11.853306039000021,108.74208323299968,SAT_10011,19.524295651977695,188.57416304237455,98.91572823346495,170.61806555264906,-65.46540439138249,29.720906198504746,35.0,0.12264817876417242,12.44559685847401
11.853306039000021,108.84208323299967,SAT_10011,19.619808487574332,189.11142274260564,98.92759481231282,170.5926969515126,-65.36989155578586,29.762908891197604,35.0,0.12225193222409385,12.417851563246764
11.853306039000021,108.94208323299966,SAT_10011,19.706136266444958,189.59701649875288,98.93815736101102,170.56969517106722,-65.28356377691523,29.800781244013343,35.0,0.12189396502885456,12.392755884832495
11.853306039000021,109.04208323299966,SAT_10011,19.783216195358435,190.0305910988912,98.94746059631414,170.5490988283559,-65.20648384800175,29.834523172718853,35.0,0.12157448543223717,12.370333706932461
11.95330603900002,106.4420832329998,SAT_10011,20.126218989595714,191.9599818164759,98.98746020551741,170.4567698708006,-64.86348105376447,29.983828943495205,35.0,0.12015443757128107,12.27038568888781
11.95330603900002,106.5420832329998,SAT_10011,20.121643688907497,191.9342457501047,98.98694126061704,170.458008754974,-64.86805635445269,29.981846482909404,35.0,0.12017336191560768,12.27172072047248
11.95330603900002,106.6420832329998,SAT_10011,20.107539345231842,191.85490881692914,98.98533909559842,170.46182663016316,-64.88216069812835,29.975733565183226,35.0,0.12023170327719111,12.27583592987121
11.95330603900002,106.74208323299979,SAT_10011,20.083916981604943,191.7220330215278,98.98264757508322,170.46821669122835,-64.90578306175524,29.9654902039075,35.0,0.12032942528502338,12.282727149149377
11.95330603900002,106.84208323299978,SAT_10011,20.050795000170794,191.53572187596072,98.97885634503103,170.4771675794442,-64.9389050431894,29.951116421856664,35.0,0.12046646720556795,12.292387418396297
11.95330603900002,106.94208323299978,SAT_10011,20.00819907836818,191.296119815821,98.97395072062626,170.48866344950306,-64.98150096499201,29.93261225098934,35.0,0.12064274426336011,12.304807022214922
11.95330603900002,107.04208323299977,SAT_10011,19.956162024987734,191.003411390556,98.96791152595851,170.50268406237683,-65.03353801837245,29.909977732449114,35.0,0.12085814808625024,12.319973540358475
11.95330603900002,107.14208323299977,SAT_10010,19.90990125680861,190.74319456954842,98.96247881462702,170.5145546063774,-65.07979878655158,29.889494462273714,35.0,0.12105302619160901,12.333685616256279
11.95330603900002,107.24208323299976,SAT_10010,19.908098316220887,190.7330530287425,98.96226705239313,170.5150391601345,-65.0816017271393,29.888708737535705,35.0,0.12106049282504569,12.334210811715456
11.95330603900002,107.34208323299976,SAT_10010,19.896785299574702,190.66941731010772,98.9609368657994,170.51807892065784,-65.09291474378549,29.883777633801085,35.0,0.12110734582296911,12.337506111105755
11.95330603900002,107.44208323299975,SAT_10010,19.87597091343872,190.5523363880928,98.95848304454309,170.5236685190151,-65.11372912992147,29.87470116201896,35.0,0.1211935564111883,12.343568216514141
11.95330603900002,107.54208323299974,SAT_10097,19.871924922888425,190.5295776912474,98.95805325818966,170.52608160273581,-65.11777512047176,29.873710092388336,35.0,0.12120255752066725,12.344201052603612
11.95330603900002,107.64208323299974,SAT_10097,19.88517129445215,190.60408853129334,98.95961680405914,170.5225256798691,-65.10452874890804,29.87948847077395,35.0,0.12114769880012571,12.340343841012768
11.95330603900002,107.74208323299973,SAT_10097,19.888915122321862,190.6251475630605,98.9600580932848,170.52152036926753,-65.10078492103833,29.88112124346606,35.0,0.12113219477285724,12.339253600463982
11.95330603900002,107.84208323299973,SAT_10097,19.883153528798516,190.59273859949167,98.95937885518144,170.5230674453986,-65.10654651456167,29.87860840683872,35.0,0.12115605494942024,12.340931421052383
11.95330603900002,107.94208323299972,SAT_10097,19.867890941779592,190.50688654751025,98.95757642730595,170.52716417792504,-65.1218091015806,29.871949966472265,35.0,0.12121926469579818,12.345375625432025
11.95330603900002,108.04208323299972,SAT_10097,19.843139069898086,190.36765726817674,98.95464372633438,170.53380334773271,-65.1465609734621,29.86114593715344,35.0,0.12132178531048807,12.352581777572334
11.95330603900002,108.14208323299971,SAT_10097,19.808916836936902,190.17515720777007,98.95056917033702,170.54297328920512,-65.18078320642329,29.846196342875785,35.0,0.12146355422799285,12.362542705865955
11.95330603900002,108.2420832329997,SAT_10097,19.765250276291653,189.92953280414054,98.94533655092688,170.55465795822897,-65.22444976706853,29.82710121684022,35.0,0.12164448534662788,12.375248540333148
11.95330603900002,108.3420832329997,SAT_10097,19.712172386724532,189.6309696753255,98.93892485275124,170.5688370250996,-65.27752765663566,29.80386060145589,35.0,0.12186446947729698,12.390686763514644
11.95330603900002,108.44208323299969,SAT_10097,19.649722951086517,189.27969159986165,98.93130801670715,170.5854859912063,-65.33997709227367,29.77647454834124,35.0,0.12212337490869696,12.408842274499925
11.95330603900002,108.54208323299969,SAT_10097,19.577948320095246,188.87595930053573,98.92245464205367,170.604576328104,-65.41175172326494,29.74494311832529,35.0,0.12242104808329822,12.429697465402938
11.95330603900002,108.64208323299968,SAT_10097,19.496901163618276,188.4200690453528,98.91232762121996,170.6260756373377,-65.49279887974191,29.709266381449165,35.0,0.12275731437743698,12.453232309475956
11.95330603900002,108.74208323299968,SAT_10011,19.56389748609118,188.79692335926288,98.92068031686723,170.60755738394704,-65.42580255726901,29.73833431737323,35.0,0.12248386129861233,12.434095629396593
11.95330603900002,108.84208323299967,SAT_10011,19.659474988879893,189.33454681244942,98.93247448984458,170.58213652805534,-65.3302250544803,29.780321511418517,35.0,0.12208743033452185,12.406322607508955
11.95330603900002,108.94208323299966,SAT_10011,19.745861890348166,189.82047313320845,98.94297315022426,170.55908710295842,-65.24383815301202,29.818179889679502,35.0,0.12172929434046413,12.381201645392645
11.95330603900002,109.04208323299966,SAT_10011,19.82299515449462,190.25434774403223,98.95222055257574,170.53844788297533,-65.16670488886557,29.851909367944415,35.0,0.12140966232300453,12.358756711511639
11.95330603900002,109.14208323299965,SAT_10011,19.890817709764875,190.63584961742743,98.96025490911695,170.52025399943824,-65.09888233359531,29.881509871191657,35.0,0.12112872333570512,12.339009482013026
11.95330603900002,109.24208323299965,SAT_10011,19.949278750491203,190.96469297151305,98.96710883997206,170.50453674706105,-65.04042129286898,29.906981333587904,35.0,0.12088664553243854,12.321979233863399
12.05330603900002,106.84208323299978,SAT_10011,20.073079399295196,191.6610716210355,98.98141128724814,170.47114658436686,-64.91662064406499,29.960788498169432,35.0,0.12037426293223803,12.28588829493532
12.05330603900002,106.94208323299978,SAT_10011,20.03047353021607,191.42141360746538,98.97652272180335,170.4826541166384,-64.95922651314412,29.942291204560952,35.0,0.12055055951115964,12.298313041555502
12.05330603900002,107.04208323299977,SAT_10011,19.978424436712515,191.12863745650793,98.97050462414411,170.4966889112373,-65.01127560664767,29.91966509837483,35.0,0.12076598682893436,12.313485806956258
12.05330603900002,107.14208323299977,SAT_10011,19.916971951694705,190.78296722828273,98.96333325933094,170.51322640373803,-65.07272809166548,29.89291022992828,35.0,0.12102041325518435,12.331391504600546
12.05330603900002,107.24208323299976,SAT_10011,19.846162650564835,190.38466490942722,98.95497995346524,170.5322378865068,-65.14353739279535,29.86202665872352,35.0,0.12131368477025622,12.35201248024181
12.05330603900002,107.34208323299976,SAT_10010,19.821098384045513,190.24367841025602,98.95197883501608,170.53838478109273,-65.16860165931467,29.850748713263833,35.0,0.12142087838472543,12.359544713101066
12.05330603900002,107.44208323299975,SAT_10010,19.800333873295486,190.1268780372871,98.94950045379875,170.54394625958483,-65.1893661700647,29.841675589117184,35.0,0.12150691777224516,12.36558858182481
12.05330603900002,107.54208323299974,SAT_10097,19.79361718493189,190.08909666524187,98.94874563316162,170.54706932810402,-65.1960828584283,29.83950843224344,35.0,0.12152694302531024,12.36699501954241
12.05330603900002,107.64208323299974,SAT_10097,19.806830895175437,190.16342378536186,98.95032542784527,170.54353186861113,-65.18286914818475,29.845284679860125,35.0,0.12147219629443425,12.363149763139313
12.05330603900002,107.74208323299973,SAT_10097,19.810565485558953,190.18443085626913,98.95077129952814,170.54253178059878,-65.17913455780123,29.846916850469785,35.0,0.1214567239381571,12.362062903734081
12.05330603900002,107.84208323299973,SAT_10097,19.804818106967417,190.15210185169173,98.95008500739927,170.54407082016695,-65.18488193639277,29.84440494044717,35.0,0.12148053537792647,12.363735521295062
12.05330603900002,107.94208323299972,SAT_10097,19.789593143320772,190.06646143117933,98.94826384301658,170.54814628523707,-65.20010690003942,29.83774895537154,35.0,0.12154361611683126,12.368165954057053
12.05330603900002,108.04208323299972,SAT_10097,19.76490218708652,189.92757480236168,98.94530060054583,170.55475103133003,-65.22479785627367,29.826948910026825,35.0,0.12164592781567785,12.375349807154787
12.05330603900002,108.14208323299971,SAT_10097,19.730763974672314,189.73554735753174,98.94118349732904,170.56387351318904,-65.25893606868787,29.812004828401975,35.0,0.12178740849381227,12.38527997540699
12.05330603900002,108.2420832329997,SAT_10097,19.68720428246239,189.49052408885095,98.9358960432148,170.5754978517359,-65.3024957608978,29.79291674369156,35.0,0.1219679728526396,12.397946680000828
12.05330603900002,108.3420832329997,SAT_10097,19.63425578470911,189.19268878898873,98.92941685604845,170.58960392555247,-65.35544425865108,29.769684698296626,35.0,0.122187512718554,12.413337518676679
12.05330603900002,108.44208323299969,SAT_10097,19.571957874930334,188.84226304648314,98.9217194196,170.60616748578434,-65.41774216842985,29.74230874382574,35.0,0.1224458976008234,12.431437528870427
12.05330603900002,108.54208323299969,SAT_10097,19.500356452852387,188.4395050472947,98.91277177896352,170.62516029310666,-65.4893435905078,29.71078894109629,35.0,0.12274297535887636,12.452229263138559
12.05330603900002,108.64208323299968,SAT_10011,19.48896939504445,188.37545284712505,98.91130987203651,170.62742699878825,-65.50073064831574,29.705344379707775,35.0,0.12279478501144203,12.45585324422382
12.05330603900002,108.74208323299968,SAT_10011,19.59371185719945,188.96462919674693,98.92438802790937,170.59963670621846,-65.39598818616074,29.751443146188226,35.0,0.1223601772146565,12.425434448915846
12.05330603900002,108.84208323299967,SAT_10011,19.689329232869667,189.5024769348919,98.93612677294192,170.57417878565442,-65.30037081049052,29.793414725750203,35.0,0.12196364415794643,12.397643106428358
12.05330603900002,108.94208323299966,SAT_10011,19.775752662991295,189.98860872932605,98.94657652701271,170.55109556519997,-65.2139473803689,29.83125902501307,35.0,0.12160541434381796,12.37250542583817
12.05330603900002,109.04208323299966,SAT_10011,19.85291893969783,190.42266903580028,98.95578119044998,170.53042593092113,-65.13678110366236,29.864975959786104,35.0,0.12128569730871101,12.350045435218627
12.05330603900002,109.14208323299965,SAT_10011,19.92077083451622,190.80433594415376,98.96377867233157,170.51220511626954,-65.06892920884397,29.894565455066466,35.0,0.12100468258813483,12.330284865052764
12.15330603900002,107.14208323299977,SAT_10011,19.929315443124807,190.85239936757705,98.96478327711641,170.50990749712125,-65.06038460023538,29.898287838387034,35.0,0.12096930169655923,12.327795639804615
12.15330603900002,107.24208323299976,SAT_10011,19.85850915668553,190.4541140063561,98.95644815286103,170.5289263783642,-65.13119088667466,29.867415834896665,35.0,0.12126254099761657,12.348417802209514
12.15330603900002,107.34208323299976,SAT_10011,19.77839963748484,190.0034979608522,98.94689995423052,170.5503874732727,-65.21130040587535,29.832416743780467,35.0,0.12159444512681025,12.3717352312563
12.15330603900002,107.44208323299975,SAT_10010,19.714987493272176,189.646804649656,98.93923029761702,170.56676276836203,-65.27471255008801,29.80433030033393,35.0,0.12186065872042556,12.390419423339488
12.15330603900002,107.54208323299974,SAT_10097,19.70561526243833,189.5940858512156,98.93814224178688,170.5705868534133,-65.28408478092186,29.800987228212293,35.0,0.12189165019161446,12.39259350552925
12.15330603900002,107.64208323299974,SAT_10097,19.718793094478897,189.66821115644382,98.9397407792089,170.56706982272715,-65.27090694888129,29.806761329108436,35.0,0.12183702616844386,12.388761429094133
12.15330603900002,107.74208323299973,SAT_10097,19.722517537538238,189.68916114865257,98.94019193662177,170.5660755132172,-65.26718250582195,29.80839289312827,35.0,0.12182158851442283,12.387678297218583
12.15330603900002,107.84208323299973,SAT_10097,19.71678577396213,189.656919978537,98.93949750787066,170.56760566077273,-65.27291426939806,29.80588191664723,35.0,0.12184534655277894,12.38934517871978
12.15330603900002,107.94208323299972,SAT_10097,19.701602139266683,189.5715120333751,98.93765473115135,170.5716575944099,-65.2880979040935,29.799228405243525,35.0,0.12190828593772259,12.393760428989394
12.15330603900002,108.04208323299972,SAT_10097,19.676978098057447,189.43300180157314,98.93465625850342,170.57822425177915,-65.31272194530274,29.788432373698306,35.0,0.12201036872941316,12.40091969849248
12.15330603900002,108.14208323299971,SAT_10097,19.642932180495137,189.24149351528516,98.9304900743841,170.58729422007235,-65.34676786286505,29.77349384599601,35.0,0.12215153359185711,12.410815955196849
12.15330603900002,108.2420832329997,SAT_10097,19.599489880052786,188.99713057529695,98.92513936170492,170.59885180183255,-65.3902101633074,29.754412855324983,35.0,0.12233169611172852,12.423439520688104
12.15330603900002,108.3420832329997,SAT_10097,19.546683513749272,188.70009476483966,98.91858231264446,170.6128771048756,-65.44301652961092,29.73118944407829,35.0,0.12255074923489452,12.438778119578721
12.15330603900002,108.44208323299969,SAT_10097,19.484552046474903,188.35060526142135,98.91079188039433,170.62934615524395,-65.50514799688528,29.7038236638548,35.0,0.12280856381627746,12.45681694167985
12.15330603900002,108.54208323299969,SAT_10097,19.41314088140166,187.94891745788433,98.9017354667084,170.64823103186615,-65.57655916195853,29.672315575460463,35.0,0.12310498927761361,12.477538716275228
12.15330603900002,108.64208323299968,SAT_10011,19.508957304366703,188.48788483706272,98.91383297477292,170.622131623438,-65.48074273899348,29.714151166942894,35.0,0.1227118305222127,12.450050451976157
12.15330603900002,108.74208323299968,SAT_10011,19.613715628305997,189.07715040922122,98.92686744268559,170.59431776181953,-65.37598441505419,29.760232656289308,35.0,0.12227720315913033,12.419622106364844
12.15330603900002,108.84208323299967,SAT_10011,19.7093478494442,189.6150816531236,98.93856736130331,170.56883811742432,-65.28035219391599,29.802188505568196,35.0,0.12188065106358494,12.391821930996285
12.15330603900002,108.94208323299966,SAT_10011,19.7957850008069,190.10129062953882,98.94898286105415,170.54573508904826,-65.19391504255329,29.84001862142198,35.0,0.12152240306815973,12.366676171858836
12.15330603900002,109.04208323299966,SAT_10011,19.872963774536032,190.53542123176518,98.95815759281975,170.52504762832478,-65.11673626882416,29.87372291968073,35.0,0.12120266901369867,12.344208891166408
12.15330603900002,109.14208323299965,SAT_10011,19.940826850855444,190.91715103606188,98.9661292522426,170.50681102862768,-65.04887319250474,29.903301325360108,35.0,0.1209216387124851,12.324441850524684
12.25330603900002,107.24208323299976,SAT_10011,19.86095995110219,190.46789972494983,98.95674292876451,170.52826887051836,-65.128740092258,29.868485379594684,35.0,0.12125238931345589,12.347704212020863
12.25330603900002,107.34208323299976,SAT_10011,19.780875387340387,190.01742405378968,98.94720263795303,170.54972512639463,-65.2088246560198,29.833499499208774,35.0,0.12158418561679778,12.371014843217143
12.25330603900002,107.44208323299975,SAT_10011,19.691549751100553,189.51496734994063,98.93641095419437,170.57358656841205,-65.29815029225963,29.79438816686894,35.0,0.12195443790262137,12.396997452813896
12.25330603900002,107.54208323299974,SAT_10097,19.60798661100749,189.0449246869171,98.92619701197421,170.596592670262,-65.3817134323527,29.758146564524974,35.0,0.12229645545029727,12.420970871165386
12.25330603900002,107.64208323299974,SAT_10097,19.621125454870423,189.11883068364614,98.92781692625721,170.5930979651814,-65.36857458848976,29.763918502752926,35.0,0.12224196451756504,12.417153161543718
12.25330603900002,107.74208323299973,SAT_10097,19.624838871021296,189.1397186494948,98.92827411218818,170.59210997066344,-65.36486117233889,29.76554945567668,35.0,0.12222656450219505,12.416074092849936
12.25330603900002,107.84208323299973,SAT_10097,19.61912407599219,189.10757292745606,98.92757040338577,170.59363040064392,-65.370575967368,29.76303941967234,35.0,0.12225026462050047,12.417734721775924
12.25330603900002,107.94208323299972,SAT_10097,19.603985352701912,189.02241760894827,98.92570297680395,170.59765661791513,-65.38571469065828,29.75638840031709,35.0,0.1223130506911904,12.422133422369049
12.25330603900002,108.04208323299972,SAT_10097,19.579434026814468,188.8843164008314,98.92266432136212,170.60418164934032,-65.41026601654572,29.745596412389343,35.0,0.12241488520913603,12.429265894385617
12.25330603900002,108.14208323299971,SAT_10097,19.545488404362743,188.69337227454045,98.91844215421169,170.61319422598956,-65.44421163899744,29.73066347986912,35.0,0.12255570754010565,12.439125185336904
12.25330603900002,108.2420832329997,SAT_10097,19.502173671365014,188.4497269014282,98.91301928296159,170.62467884771058,-65.48752637199517,29.711589635938616,35.0,0.12273543423450385,12.451701725988706
12.25330603900002,108.3420832329997,SAT_10097,19.449521756589547,188.1535598808162,98.90637341107804,170.6386158713649,-65.54017828677064,29.68837492298308,35.0,0.12295395945696902,12.466983378931866
12.25330603900002,108.44208323299969,SAT_10097,19.3875711590415,187.80508776960843,98.8984768824749,170.65498162167808,-65.60212888431869,29.661019392591836,35.0,0.12321115552755751,12.484955499704887
12.25330603900002,108.54208323299969,SAT_10011,19.405348840086845,187.9050872254885,98.90072229211795,170.64954062246284,-65.58435120327334,29.668450679026524,35.0,0.12314192496592753,12.480119334871093
12.25330603900002,108.64208323299968,SAT_10011,19.51914635430282,188.54519824295335,98.91512020759401,170.61943083151783,-65.47055368905737,29.718638743397474,35.0,0.12266954697106085,12.44709205396595
12.25330603900002,108.74208323299968,SAT_10011,19.623893210367726,189.13439930831848,98.9281293675085,170.59161014894514,-65.36580683299246,29.764702828460045,35.0,0.12223499076010229,12.416664521747276
12.25330603900002,108.84208323299967,SAT_10011,19.719515101608337,189.6722724465469,98.9398068030042,170.5661242175651,-65.27018494175185,29.806642831691672,35.0,0.12183850313551386,12.388865052742927
12.25330603900002,108.94208323299966,SAT_10011,19.805943031357756,190.15842955138737,98.95020247404845,170.5430154566426,-65.18375701200243,29.844458659757525,35.0,0.12148031301402226,12.363719902103332
12.25330603900002,109.04208323299966,SAT_10011,19.88311366423798,190.59251436133866,98.959359884695,170.52232283679672,-65.1065863791222,29.87815022850818,35.0,0.12116063031384093,12.341253140519827
12.25330603900002,109.14208323299965,SAT_10011,19.95096965533898,190.97420431128177,98.96731660501405,170.5040816687524,-65.03873038802121,29.907717462977562,35.0,0.12087964491741955,12.321486537328946
12.35330603900002,107.64208323299974,SAT_10097,19.513901755048423,188.51569737214737,98.9145009050527,170.62157093142272,-65.47579828831176,29.716756294481282,35.0,0.12268676658071244,12.448296884789617
12.35330603900002,107.74208323299973,SAT_10097,19.517603297311723,188.53651854737842,98.91496490836003,170.62058976747252,-65.47209674604846,29.718386631803806,35.0,0.12267140703778728,12.447222203341965
12.35330603900002,107.84208323299973,SAT_10097,19.511906774190706,188.50447560482272,98.91425070515382,170.62209968649586,-65.47779326916948,29.715877543209594,35.0,0.1226950448752835,12.448876081007926
12.35330603900002,107.94208323299972,SAT_10097,19.496816412062117,188.4195923178494,98.91235540265644,170.62609808757688,-65.49288363129807,29.709229034274816,35.0,0.12275766608910392,12.453256911906905
12.35330603900002,108.04208323299972,SAT_10097,19.472343387224015,188.2819315531351,98.9092713040464,170.63257809343935,-65.51735665613617,29.698441119775215,35.0,0.12285923364238892,12.460360448829645
12.35330603900002,108.14208323299971,SAT_10097,19.438505764757934,188.09159492676338,98.90498582207414,170.64152858975729,-65.55119427860225,29.683513823686436,35.0,0.12299968765686788,12.470179824874537
12.35330603900002,108.2420832329997,SAT_10097,19.395328400129358,187.84872225072763,98.89948133690942,170.65293428840508,-65.59437164323083,29.66444717918467,35.0,0.12317894572116293,12.482705588289257
12.35330603900002,108.3420832329997,SAT_10097,19.342842804656,187.55349077619002,98.89273499532173,170.66677581389376,-65.64685723870419,29.64124122864746,35.0,0.12339690331297455,12.49792575014491
12.35330603900002,108.44208323299969,SAT_10011,19.283049629023296,187.21715416325605,98.88494484454866,170.68176738231884,-65.70665041433689,29.61434687446751,35.0,0.1236499095915165,12.515579996894047
12.35330603900002,108.54208323299969,SAT_10011,19.405773254722305,187.90747455781295,98.90078744092519,170.64942854742986,-65.58392678863788,29.668638135877845,35.0,0.12314016267640765,12.479996214409447
12.35330603900002,108.64208323299968,SAT_10011,19.519528659634005,188.54734871044127,98.91517739635806,170.61932947593158,-65.47017138372618,29.71880709925983,35.0,0.12266796048619968,12.446981046568244
12.35330603900002,108.74208323299968,SAT_10011,19.624236651702418,189.1363311658261,98.92817946509047,170.59151876410766,-65.36546339165777,29.7648536529275,35.0,0.12223356634762517,12.416564714129978
12.35330603900002,108.84208323299967,SAT_10011,19.719822976247457,189.67400424139197,98.93985061690998,170.56604202292317,-65.26987706711273,29.806777694382955,35.0,0.1218372268897718,12.388775511682741
12.35330603900002,108.94208323299966,SAT_10011,19.806218685370226,190.15998010520752,98.95024075885236,170.5429416417233,-65.18348135798996,29.84457913031381,35.0,0.12147917086698803,12.363639675713477
12.35330603900002,109.04208323299966,SAT_10011,19.883360488870807,190.5939027498983,98.95939334951875,170.522256563376,-65.10633955448938,29.878257876590883,35.0,0.12115960804727498,12.341181259656977
12.35330603900002,109.14208323299965,SAT_10011,19.951191083082662,190.97544984233997,98.96734592021825,170.5040220732437,-65.03850896027753,29.90781385826611,35.0,0.12087872817613937,12.32142201712379
12.453306039000019,107.64208323299974,SAT_10011,19.46118656833187,188.21917444686676,98.90784218616567,170.6347813586329,-65.52851347502832,29.693095441444253,35.0,0.12291010481796527,12.46391745302172
12.453306039000019,107.74208323299973,SAT_10097,19.400890452553895,187.88000879561568,98.90020370049794,170.65146598145554,-65.58880959080629,29.66690452465471,35.0,0.12315585164026968,12.481092282365193
12.453306039000019,107.84208323299973,SAT_10097,19.395213451302837,187.84807566357847,98.89947770631807,170.65296463035398,-65.59448659205735,29.66439639040237,35.0,0.12317942300489837,12.48273892910085
12.453306039000019,107.94208323299972,SAT_10097,19.380174758851666,187.76348301854063,98.89755108329493,170.65693320591123,-65.60952528450852,29.657750410255634,35.0,0.12324186826554742,12.487100620587377
12.453306039000019,108.04208323299972,SAT_10097,19.35578539239893,187.626292832244,98.8944159243334,170.66336493289978,-65.63391465096126,29.6469665989876,35.0,0.12334315088528348,12.4941731661638
12.453306039000019,108.14208323299971,SAT_10097,19.32206316036087,187.4366052770299,98.89005929754533,170.67224886158616,-65.66763688299932,29.63204498056965,35.0,0.12348321179293428,12.503949790189868
12.453306039000019,108.2420832329997,SAT_10097,19.27903256607172,187.19455818415344,98.8844630990921,170.6835699295837,-65.71066747728847,29.612985588172045,35.0,0.12366196968563248,12.516421166191167
12.453306039000019,108.3420832329997,SAT_10097,19.226724676110564,186.90032630312191,98.87760384525465,170.6973090463871,-65.76297536724962,29.58978846416477,35.0,0.12387932144314638,12.531575463584161
12.453306039000019,108.44208323299969,SAT_10011,19.273773173820487,187.16497410274022,98.88374650899142,170.68420621841514,-65.7159268695397,29.610236069197587,35.0,0.12368845375327633,12.51826826656886
12.453306039000019,108.54208323299969,SAT_10011,19.39642007119508,187.85486290047234,98.89960283779311,170.65189805629086,-65.5932799721651,29.664506510220615,35.0,0.12317900065114454,12.482709425443717
12.453306039000019,108.64208323299968,SAT_10011,19.51010392423393,188.49433457381588,98.91400516203028,170.6218277389366,-65.47959611912626,29.714656234161875,35.0,0.12270707204880742,12.449717542302741
12.453306039000019,108.74208323299968,SAT_10011,19.61474568374311,189.08294447105501,98.92701832041062,170.59404377269377,-65.37495435961708,29.76068512936193,35.0,0.12227293081094064,12.419322785474305
12.453306039000019,108.84208323299967,SAT_10011,19.710271230500922,189.62027567156767,98.93869935649008,170.568591683131,-65.27942881285927,29.802593093347216,35.0,0.12187682312995489,12.391553399945527
12.453306039000019,108.94208323299966,SAT_10011,19.796611743677488,190.10594105818586,98.94909824150872,170.5455137793869,-65.1930882996827,29.84038003282749,35.0,0.12151897735180867,12.366435575771462
12.453306039000019,109.04208323299966,SAT_10011,19.873704050799716,190.53958528574842,98.95825848965725,170.5248489299369,-65.11599599256047,29.874045863693528,35.0,0.12119960286718584,12.343993323449913
12.453306039000019,109.14208323299965,SAT_10011,19.94149095568126,190.92088662570708,98.96621768001359,170.50663235215794,-65.04820908767893,29.903590511015047,35.0,0.12091888907797962,12.324248357458055
12.453306039000019,109.24208323299965,SAT_10011,19.999921540852952,191.24955866729786,98.97300789681333,170.49089541799518,-64.98977850250724,29.929013909038847,35.0,0.12067700444862164,12.307219989102276
12.553306039000018,107.64208323299974,SAT_10011,19.434382707168155,188.06840272782088,98.90445387799873,170.6418698447072,-65.55531733619203,29.681269668238215,35.0,0.12302137723436195,12.47169578248868
12.553306039000018,107.74208323299973,SAT_10011,19.318035368939135,187.41394895028267,98.8895199171027,170.67256235095104,-65.67166467442105,29.62984171685505,35.0,0.12350455880870803,12.50543948151636
12.553306039000018,107.84208323299973,SAT_10097,19.269129097111815,187.13885117125398,98.88318217676198,170.68617307473852,-65.72057094624837,29.608596073853192,35.0,0.12370311641190042,12.51929082895114
12.553306039000018,107.94208323299972,SAT_10097,19.2541452341367,187.05456694201897,98.88122053617346,170.69010991060276,-65.73555480922349,29.601952640857654,35.0,0.12376537509506878,12.523632164383317
12.553306039000018,108.04208323299972,SAT_10097,19.229844642911942,186.9178761163797,98.87802828753318,170.69649025927862,-65.75985540044825,29.591172962617478,35.0,0.12386635557596785,12.530671748211134
12.553306039000018,108.14208323299971,SAT_10097,19.196244860628653,186.72887734103617,98.87359211039325,170.70530334484758,-65.79345518273153,29.57625706309984,35.0,0.12400599963846647,12.540402901345319
12.553306039000018,108.2420832329997,SAT_10097,19.153370018489838,186.48770635400533,98.8678933551411,170.7165343433266,-65.83633002487035,29.557204975469194,35.0,0.1241842271541251,12.55281642985882
12.553306039000018,108.3420832329997,SAT_10011,19.123346165351506,186.31882218010222,98.86384674887225,170.723645055647,-65.86635387800868,29.543437865450798,35.0,0.12431374575607346,12.561832942056396
12.553306039000018,108.44208323299969,SAT_10011,19.254757577006117,187.05801137065941,98.8812709971527,170.68920308019895,-65.73494246635407,29.601806340239587,35.0,0.12376747039777337,12.523778255996941
12.553306039000018,108.54208323299969,SAT_10011,19.377296454596134,187.74729255710324,98.89716380437208,170.65694474193378,-65.61240358876405,29.65605581108893,35.0,0.12325841513092689,12.488256242788278
12.553306039000018,108.64208323299968,SAT_10011,19.49087944276404,188.3861968655477,98.91159892804797,170.62692113105342,-65.49882060059615,29.70618615717909,35.0,0.12278685748772517,12.455298769234092
12.553306039000018,108.74208323299968,SAT_10011,19.59542772258466,188.97428093953872,98.92464144762928,170.59918060796917,-65.39427232077553,29.752197266876795,35.0,0.12235305959365213,12.424935920089494
12.553306039000018,108.84208323299967,SAT_10011,19.690867393169782,189.51112908658,98.93634861634173,170.5737685597002,-65.2988326501904,29.794089037732483,35.0,0.12195726694283632,12.397195861279851
12.553306039000018,108.94208323299966,SAT_10011,19.77712983849736,189.99635534154763,98.94677058743349,170.55072716526234,-65.21257020486283,29.831861376477757,35.0,0.12159970722843935,12.372104708849811
12.553306039000018,109.04208323299966,SAT_10011,19.85415207584397,190.42960542662235,98.95595103229817,170.53009517244374,-65.13554796751622,29.865514199023078,35.0,0.12128058923822026,12.349686404857337
12.553306039000018,109.14208323299965,SAT_10011,19.92187708225663,190.81055858769355,98.96392766479804,170.51190768833186,-65.06782296110356,29.895047430455698,35.0,0.12100010182516378,12.329962601402228
12.653306039000018,107.64208323299974,SAT_10011,19.397819532584265,187.8627348707865,98.89980391901479,170.65152860939662,-65.59188051077592,29.66512476494693,35.0,0.1231731894335845,12.482303476892653
12.653306039000018,107.74208323299973,SAT_10011,19.281627709783066,187.20915586752974,98.88479763066627,170.68214126442922,-65.70807233357712,29.613716823515265,35.0,0.12365581761993812,12.51599207504323
12.653306039000018,107.84208323299973,SAT_10011,19.156517803094104,186.50541264240434,98.86829769198532,170.7149658072836,-65.83318224026608,29.558190178072028,35.0,0.1241758165925972,12.552230794461925
12.653306039000018,107.94208323299972,SAT_10097,19.118817648090214,186.29334927050746,98.86328476882788,170.72557314928954,-65.87088239526997,29.54183584814133,35.0,0.12432788757413173,12.562817206547628
12.653306039000018,108.04208323299972,SAT_10097,19.09461069809734,186.15718517679758,98.86002892616199,170.73189918048814,-65.89508934526285,29.531060332718237,35.0,0.12442854951117023,12.569821947981767
12.653306039000018,108.14208323299971,SAT_10097,19.06114007951122,185.9689129472506,98.85550412969441,170.74063736809705,-65.92855996384897,29.51615019332063,35.0,0.12456775409278868,12.57950503497975
12.653306039000018,108.2420832329997,SAT_10097,19.018429533027415,185.72866612327923,98.84969111618831,170.751773138125,-65.97127051033277,29.49710546310726,35.0,0.12474542242637267,12.591857412888654
12.653306039000018,108.3420832329997,SAT_10011,19.09475365736553,186.15798932268112,98.86001772930868,170.73111819157884,-65.89494638599466,29.530711954821708,35.0,0.12443265367246571,12.57010749556506
12.653306039000018,108.44208323299969,SAT_10011,19.22601721106986,186.89634681226795,98.87750795972316,170.6967491341299,-65.76368283229033,29.589057706027504,35.0,0.12388691182327403,12.53210449236465
12.653306039000018,108.54208323299969,SAT_10011,19.348417019778182,187.58484573625228,98.8934602671039,170.6645596161502,-65.641283023582,29.643286056961127,35.0,0.12337835764613152,12.496631106746808
12.653306039000018,108.64208323299968,SAT_10011,19.46187005895588,188.22301908162683,98.90794886697843,170.6346005178929,-65.5278299844043,29.693396886830783,35.0,0.12290726760996953,12.463719085732231
12.653306039000018,108.74208323299968,SAT_10011,19.566297826305558,188.81042527296876,98.92103923818256,170.60691999854248,-65.42340221705463,29.739390084029,35.0,0.12247390282691735,12.433398399714225
12.653306039000018,108.84208323299967,SAT_10011,19.661626721138703,189.3466503064052,98.93278898154725,170.58156325408294,-65.32807332222148,29.78126554612989,35.0,0.12207850783405683,12.405697106434381
12.653306039000018,108.94208323299966,SAT_10011,19.74778840902472,189.83130980076405,98.94324855187608,170.5585722841228,-65.24191163433547,29.819023179886603,35.0,0.12172130943003046,12.380641220669242
12.653306039000018,109.04208323299966,SAT_10011,19.824720168116315,190.26405094565428,98.95246188086676,170.53798567006248,-65.16497987524387,29.852662901229014,35.0,0.12140251557656843,12.358254590833834
12.653306039000018,109.14208323299965,SAT_10011,19.892365213621545,190.6445543266212,98.96046690544352,170.5198383669432,-65.09733482973864,29.882184635261666,35.0,0.1211223143747515,12.33855878368237
12.653306039000018,109.44208323299964,SAT_10011,20.039107357210554,191.46997888430937,98.97753045413957,170.48032357085887,-64.95059268614963,29.94604130212912,35.0,0.12051483070818736,12.295795586711687
12.753306039000018,107.64208323299974,SAT_10011,19.35152495353728,187.6023278636472,98.89387266023533,170.6637404889149,-65.63817508982291,29.644660766872853,35.0,0.12336544885412273,12.49572991892673
12.753306039000018,107.74208323299973,SAT_10011,19.23551770982965,186.94978711779177,98.87877179903735,170.69425552098704,-65.75418233353054,29.593272977313923,35.0,0.12384742694065339,12.529352362916764
12.753306039000018,107.84208323299973,SAT_10011,19.110604779757224,186.2471518861344,98.86216671200665,170.7269761465034,-65.87909526360296,29.53776809836221,35.0,0.12436673130061557,12.56552048416115
12.753306039000018,107.94208323299972,SAT_10011,18.976869793029692,185.49489258579203,98.84397880773255,170.76185115061637,-66.0128302503305,29.478146253666793,35.0,0.12492308325343077,12.604202270127491
12.753306039000018,108.04208323299972,SAT_10097,18.95017763470429,185.34474919521162,98.84032766932089,170.76953410188796,-66.0395224086559,29.46662884080908,35.0,0.12502941907377824,12.611587728503249
12.753306039000018,108.14208323299971,SAT_10097,18.91684253653537,185.15723926801144,98.83570442053183,170.77819356456024,-66.07285750682482,29.45172450274158,35.0,0.1251681626851177,12.621220282321039
12.753306039000018,108.2420832329997,SAT_10011,18.916641063856673,185.1561059841938,98.83564517271749,170.77750481389697,-66.07305897950351,29.451228806044757,35.0,0.12517376587596157,12.621609205775345
12.753306039000018,108.3420832329997,SAT_10011,19.05649057676618,185.94275949430977,98.8548591110893,170.74110732763705,-65.93320946659401,29.513667327885532,35.0,0.12459180612306112,12.581177660719428
12.753306039000018,108.44208323299969,SAT_10011,19.187573712189874,186.68010213106805,98.87244136686772,170.7068310850322,-65.80212633117031,29.571990194440527,35.0,0.12404670620301728,12.543238734375617
12.753306039000018,108.54208323299969,SAT_10011,19.30980374859041,187.36764608582106,98.88847663822206,170.67472916280775,-65.67989629476978,29.626197275760298,35.0,0.12353875527653094,12.507825652445792
12.753306039000018,108.64208323299968,SAT_10011,19.4230980809823,188.00492670552543,98.90303978533757,170.6448521745662,-65.56660196237789,29.676288451080598,35.0,0.12306822846569299,12.474970010426583
12.753306039000018,108.74208323299968,SAT_10011,19.52737860857954,188.59150467325992,98.91619684896486,170.61724802394534,-65.46232143478065,29.722263608819414,35.0,0.12263538559925563,12.444701634055479
12.753306039000018,108.84208323299967,SAT_10011,19.622572111347438,189.12696812632933,98.92800591880822,170.5919616643426,-65.36712793201275,29.76412264657419,35.0,0.12224047000244649,12.417048444241901
12.753306039000018,108.94208323299966,SAT_10011,19.708610611887792,189.61093469186883,98.93851787362749,170.56903486756534,-65.2810894314724,29.801865471119328,35.0,0.12188370734140448,12.392036327684982
12.753306039000018,109.04208323299966,SAT_10011,19.78543171910148,190.04305341994584,98.94777701095998,170.54850600375778,-65.2042683242587,29.835491998403846,35.0,0.12156530453221266,12.369689014372563
12.753306039000018,109.14208323299965,SAT_10011,19.85297895012735,190.42300659446633,98.955821581133,170.5304098349276,-65.13672109323284,29.86500215354934,35.0,0.12128544872425229,12.35002796313031
12.753306039000018,109.24208323299965,SAT_10011,19.91120202718031,190.75051140288926,98.96268423757829,170.5147773243148,-65.07849801617988,29.890395870848128,35.0,0.12104430636720538,12.333072256346012
12.853306039000017,107.54208323299974,SAT_10011,19.402358046624556,187.8882640122631,98.90040593812093,170.6503303534309,-65.58734199673563,29.667129636727662,35.0,0.12315434369738523,12.480986936335027
12.853306039000017,107.64208323299974,SAT_10011,19.295534062007917,187.28737909879456,98.88663467113122,170.67848390975482,-65.69416598135227,29.619877718764467,35.0,0.1235980390612609,12.51196175130066
12.853306039000017,107.74208323299973,SAT_10011,19.179739959131595,186.63603727011522,98.87141629160863,170.7088838683872,-65.80996008422859,29.568510222958906,35.0,0.12407927192181074,12.54550716687848
12.853306039000017,107.84208323299973,SAT_10011,19.055054439347487,185.93468122132964,98.85468052348449,170.741481994749,-65.9346456040127,29.51302726374974,35.0,0.12459778024099531,12.581593092772449
12.853306039000017,107.94208323299972,SAT_10011,18.921560552962347,185.1837781104132,98.83634773621417,170.77622744250635,-66.06813949039784,29.453428964758743,35.0,0.12515328720070126,12.620187725449522
12.853306039000017,108.04208323299972,SAT_10097,18.796643597096875,184.4811202336699,98.81882231067614,170.80933501208716,-66.19305644626331,29.397878627878686,35.0,0.12566863669946693,12.65593142535537
12.853306039000017,108.14208323299971,SAT_10097,18.76345000942233,184.29440630300059,98.81408989672073,170.81791215634158,-66.22625003393786,29.38298013234183,35.0,0.1258068990343216,12.665511110903788
12.853306039000017,108.2420832329997,SAT_10011,18.868960184524127,184.8879010379482,98.82900293293096,170.78987416641067,-66.12073985883606,29.4298901721258,35.0,0.12537227675004006,12.635383587801153
12.853306039000017,108.3420832329997,SAT_10011,19.008585233101357,185.67329193619514,98.84834830289788,170.7535950845858,-65.98111481025883,29.49230402192066,35.0,0.12479110902609622,12.595032638567583
12.853306039000017,108.44208323299969,SAT_10011,19.139455859212518,186.40943920807044,98.86604931571796,170.7194312537521,-65.85024418414767,29.550603842803813,35.0,0.12424675796668289,12.557170015232693
12.853306039000017,108.54208323299969,SAT_10011,19.2614858660411,187.0958579964812,98.88219163016994,170.68743541737842,-65.72821417731909,29.604789504855056,35.0,0.12373951104054996,12.521828753755171
12.853306039000017,108.64208323299968,SAT_10011,19.374593154934928,187.73208649650897,98.89685094412252,170.6576578669995,-65.61510688842526,29.65486088733731,35.0,0.12326964174482748,12.489040267018234
12.853306039000017,108.74208323299968,SAT_10011,19.478700109625947,188.31768811664594,98.91009402824562,170.6301461976277,-65.51099993373424,29.70081787869365,35.0,0.12283740836013779,12.458834206440033
12.853306039000017,108.84208323299967,SAT_10011,19.573733969380655,188.8522535777662,98.92197960708259,170.60494506972094,-65.41596607397953,29.742660376544542,35.0,0.12244305275008054,12.431238328053052
12.853306039000017,108.94208323299966,SAT_10011,19.659627187563004,189.3354029300419,98.93255910977156,170.58209598002645,-65.33007285579718,29.78038828768533,35.0,0.12208679921506156,12.406278364240992
12.853306039000017,109.04208323299966,SAT_10011,19.73631777209181,189.76678746801642,98.94187730865396,170.56163704362814,-65.25338227126838,29.814001528083914,35.0,0.12176885341033063,12.38397790231382
12.853306039000017,109.14208323299965,SAT_10011,19.80374960433258,190.14609152437075,98.94997286070713,170.54360278949213,-65.18595043902761,29.8435000228787,35.0,0.12148940133784365,12.364358271076345
12.853306039000017,109.24208323299965,SAT_10011,19.861872733091644,190.4730341236405,98.95687876402842,170.5280239717224,-65.12782731026854,29.86888370637676,35.0,0.1212486084211688,12.347438436501731
12.853306039000017,109.34208323299964,SAT_10011,19.91064364055036,190.74737047809577,98.9626227393517,170.51492739863073,-65.07905640280983,29.89015252205218,35.0,0.12104661867211244,12.333234907559156
12.953306039000017,107.54208323299974,SAT_10011,19.336488554411517,187.51774811856478,98.89195628022426,170.66770266244055,-65.65321148894867,29.638008794568137,35.0,0.12342790443965486,12.500089716636609
12.953306039000017,107.64208323299974,SAT_10011,19.229888937249,186.91812527202563,98.87805843208957,170.69573301433417,-65.75981110611119,29.590775674817532,35.0,0.12387082036350902,12.530982946231044
12.953306039000017,107.74208323299973,SAT_10011,19.114335945137043,186.26813969139587,98.86269871071961,170.7260008278027,-65.87536409822314,29.539428614605793,35.0,0.12435121474401259,12.56444067028224
12.953306039000017,107.84208323299973,SAT_10011,18.989907643526266,185.56823049483526,98.84580574404926,170.7584582733773,-65.99979239983392,29.483967728346787,35.0,0.12486882757919465,12.600433027224208
12.953306039000017,107.94208323299972,SAT_10011,18.856686419837075,184.81886111158357,98.82729864333449,170.7930549264227,-66.13301362352311,29.424393139635367,35.0,0.12542338418311438,12.63892845255265
12.953306039000017,108.04208323299972,SAT_10011,18.71475860337668,184.02051714399383,98.80708587542195,170.82973800876178,-66.27494143998351,29.360704981250418,35.0,0.12601459642310434,12.679893816049049
12.953306039000017,108.14208323299971,SAT_10011,18.663686647276336,183.7332373909294,98.79968334578633,170.84289436978054,-66.32601339608385,29.337731820733083,35.0,0.12622744450498963,12.694623402531409
12.953306039000017,108.2420832329997,SAT_10011,18.81170547015239,184.5658432696072,98.82094896347913,170.8047002793233,-66.1779945732078,29.404233078242278,35.0,0.1256107101589096,12.651916661967867
12.953306039000017,108.3420832329997,SAT_10011,18.951072816778748,185.34978459438045,98.84045636940843,170.7685598669457,-66.03862722658144,29.466622083652975,35.0,0.12503044538593966,12.611658997902765
12.953306039000017,108.44208323299969,SAT_10011,19.08169941384459,186.08455920287582,98.8583037644684,170.73452767965017,-65.9080006295156,29.524898697889533,35.0,0.12448694830505568,12.57388469944991
12.953306039000017,108.54208323299969,SAT_10011,19.203499676848622,186.76968568227352,98.87457799942021,170.70265607185155,-65.78620036651157,29.579062791060586,35.0,0.12398050440996754,12.538626581310629
12.953306039000017,108.64208323299968,SAT_10011,19.31639209792023,187.40470555080128,98.8893558112124,170.67299495914318,-65.67330794543996,29.62911424245584,35.0,0.12351138530130337,12.50591584345131
12.953306039000017,108.74208323299968,SAT_10011,19.420299626044667,187.98918539650126,98.90270487562157,170.6455915763383,-65.56940041731552,29.675052940543107,35.0,0.12307984745315023,12.475781934067195
12.953306039000017,108.84208323299967,SAT_10011,19.51515003626257,188.52271895397695,98.91468470415518,170.62049024204285,-65.47455000709762,29.716878782965548,35.0,0.12268613102376873,12.448252416996553
12.953306039000017,108.94208323299966,SAT_10011,19.600876284367473,189.00492909956702,98.925347408022,170.5977321320536,-65.38882375899271,29.754591676539146,35.0,0.12233045872032657,12.423352844757922
12.953306039000017,109.04208323299966,SAT_10011,19.677416843634802,189.43546974544577,98.93473834782391,170.57735506387303,-65.31228319972539,29.788191537250416,35.0,0.12201303472738989,12.401106638375381
12.953306039000017,109.14208323299965,SAT_10011,19.74471602017462,189.81402761348227,98.94289668424075,170.55939329459994,-65.24498402318557,29.81767829025435,35.0,0.1217340437086601,12.381534975131313
12.953306039000017,109.24208323299965,SAT_10011,19.80272424362026,190.14032387036397,98.94985584220511,170.54387733437886,-65.18697579973993,29.84305186987254,35.0,0.12149364989105307,12.36465668534255
12.953306039000017,109.34208323299964,SAT_10011,19.851398330039984,190.4141156064749,98.95564389876459,170.5308337774781,-65.1383017133202,29.8643122195916,35.0,0.12129199623967751,12.350488159194022
13.053306039000017,107.54208323299974,SAT_10011,19.26098824635102,187.09305888572447,98.88215264736148,170.6875661666528,-65.72871179700917,29.604568889777518,35.0,0.12374157886203097,12.521972941271844
13.053306039000017,107.64208323299974,SAT_10011,19.15463841365539,186.49484107681158,98.86810594708952,170.71545780987222,-65.8350616297048,29.557354698676587,35.0,0.12418363054565394,12.552774887963508
13.053306039000017,107.74208323299973,SAT_10011,19.03935382533733,185.8463652675225,98.85257999015433,170.74557683951878,-65.95034621802286,29.506028215859363,35.0,0.12466309533736784,12.586134499026075
13.053306039000017,107.84208323299973,SAT_10011,18.91521183387222,185.14806656553122,98.83550210682859,170.7778758803333,-66.07448820948797,29.45058955571517,35.0,0.12517971552030263,12.622022169349522
13.053306039000017,107.94208323299972,SAT_10011,18.782294083324857,184.4004042187023,98.81678991808374,170.81230498057192,-66.20740596003533,29.39103884181233,35.0,0.12573321880190214,12.660406602473842
13.053306039000017,108.04208323299972,SAT_10011,18.640686134205552,183.60385950490624,98.79635017996682,170.84881185038148,-66.34901390915464,29.327376206901228,35.0,0.12632331953701084,12.701254946137366
13.053306039000017,108.14208323299971,SAT_10011,18.59720416130334,183.3592734073313,98.78996646650502,170.8599859277694,-66.39249588205685,29.307782988751356,35.0,0.12650459938884612,12.713788343649952
13.053306039000017,108.2420832329997,SAT_10011,18.744918100691407,184.19016431638917,98.81144638093747,170.8219579103785,-66.24478194266878,29.374257580519803,35.0,0.12588892903244114,12.671192683777653
13.053306039000017,108.3420832329997,SAT_10011,18.883995206918925,184.97247303891896,98.83114767160139,170.78597598603807,-66.10570483644126,29.436621569257134,35.0,0.1253096759031327,12.631040743757199
13.053306039000017,108.44208323299969,SAT_10011,19.01434692391149,185.70570144700216,98.84917018717637,170.7520942466969,-65.9753531194487,29.494874815918163,35.0,0.12476713579278349,12.593366552877168
13.053306039000017,108.54208323299969,SAT_10011,19.135888364304137,186.38937204921078,98.86560221407215,170.72036460374878,-65.85381167905605,29.54901719063994,35.0,0.12426159194482064,12.5582026740024
13.053306039000017,108.64208323299968,SAT_10011,19.248538692738748,187.02303014665546,98.88052174025376,170.6908365447693,-65.74116135062144,29.599048572738585,35.0,0.12379331379946568,12.525580064791251
13.053306039000017,108.74208323299968,SAT_10011,19.352221501559455,187.60624594627197,98.89399753083248,170.66355689453934,-65.63747854180073,29.64496885070628,35.0,0.12336255577322995,12.495527942194435
13.053306039000017,108.84208323299967,SAT_10011,19.44686517552951,188.1386166123535,98.90609004415325,170.63856958257432,-65.54283486783068,29.686777922208552,35.0,0.12296955608235584,12.468073651382552
13.053306039000017,108.94208323299966,SAT_10011,19.53240324214613,188.61976823707198,98.91685221181453,170.61591541941846,-65.45729680121406,29.72447569408175,35.0,0.12261453561990665,12.443242540257433
13.053306039000017,109.04208323299966,SAT_10011,19.608774704144196,189.0493577108111,98.92633010178133,170.5956318839563,-65.38092533921599,29.758062082330724,35.0,0.1222976968961001,12.421057840694324
13.053306039000017,109.14208323299965,SAT_10011,19.675924350836397,189.42707447345475,98.9345634802702,170.5777529239629,-65.31377569252379,29.78753701212681,35.0,0.1220192230512305,12.401540557636467
13.053306039000017,109.24208323299965,SAT_10011,19.733803045056632,189.75264212844357,98.94158628523083,170.562308772039,-65.25589699830356,29.812900417805928,35.0,0.12177927695013652,12.384709367120365
13.053306039000017,109.34208323299964,SAT_10011,19.782367982647997,190.02581990239497,98.94742702188583,170.54932577896355,-65.20733206071219,29.834152242867024,35.0,0.12157800036663757,12.370580524249018
13.153306039000016,107.54208323299974,SAT_10011,19.175913155734477,186.61451150100643,98.87095122812411,170.70988645435463,-65.81378688762571,29.566809995487084,35.0,0.12409518081917184,12.546615247938993
13.153306039000016,107.64208323299974,SAT_10011,19.069837814920476,186.0178377089277,98.85673226783076,170.7376243387233,-65.91986222843971,29.519614863436733,35.0,0.1245362857111107,12.577316467442042
13.153306039000016,107.74208323299973,SAT_10011,18.954848166815538,185.3710209383374,98.84101390160438,170.76757842968615,-66.03485187654465,29.46830909977536,35.0,0.12501473220892614,12.610567814424925
13.153306039000016,107.84208323299973,SAT_10011,18.831020777090757,184.6744918711355,98.82372194687593,170.79970185314718,-66.15867926626943,29.412892818868112,35.0,0.12553026512076487,12.646339966869602
13.153306039000016,107.94208323299972,SAT_10010,18.713475197747712,184.01329798733087,98.8069205107962,170.82950990829715,-66.27622484561248,29.35982649356653,35.0,0.12602361061598683,12.68051782026586
13.153306039000016,108.04208323299972,SAT_10010,18.589463383596524,183.31573153273047,98.78882418131101,170.8614157655868,-66.40023665976366,29.303994580980106,35.0,0.12654057659901344,12.716274898557959
13.153306039000016,108.14208323299971,SAT_10097,18.533369567431464,183.00020381680199,98.78055928680351,170.8770955558455,-66.45633047592872,29.27937228975142,35.0,0.12676589502986602,12.731841314804782
13.153306039000016,108.2420832329997,SAT_10011,18.66864562224913,183.76113162515136,98.80045088079787,170.84161793018188,-66.32105442111106,29.33996374453481,35.0,0.126206775029134,12.693193460434859
13.153306039000016,108.3420832329997,SAT_10011,18.807400745260566,184.54162919209068,98.82037941607184,170.80581380464974,-66.18229929809962,29.402302544358136,35.0,0.12562863969426777,12.653159398113738
13.153306039000016,108.44208323299969,SAT_10011,18.937447491946955,185.27314214220164,98.83860714146184,170.77210083166375,-66.05225255141323,29.460532262560047,35.0,0.12508715712300986,12.615596825186524
13.153306039000016,108.54208323299969,SAT_10011,19.058701753768005,185.95519736494504,98.85522403779196,170.7405304276975,-65.93099828959218,29.51465276930561,35.0,0.12458260804212402,12.580538023158166
13.153306039000016,108.64208323299968,SAT_10011,19.171083446546106,186.58734438682185,98.87030956891955,170.71115160225742,-65.81861659681408,29.564663943936957,35.0,0.12411525947614221,12.548013679017465
13.153306039000016,108.74208323299968,SAT_10011,19.274516881122494,187.16915745631403,98.88393378461033,170.68401072222272,-65.7151831622377,29.610565674970307,35.0,0.12368536354127228,12.518052751444003
13.153306039000016,108.84208323299967,SAT_10011,19.368931123086128,187.70023756735947,98.89615825942091,170.65915128266525,-65.62076892027406,29.65235786009323,35.0,0.12329315628299387,12.490682341419042
13.153306039000016,108.94208323299966,SAT_10011,19.454260338216656,188.18021440246872,98.90703689178062,170.63661368636264,-65.53543970514353,29.69004040616213,35.0,0.1229388565668876,12.465927568376134
13.153306039000016,109.04208323299966,SAT_10011,19.53044412029081,188.6087481766358,98.9166165830375,170.6164350342186,-65.45925592306938,29.723613229199948,35.0,0.12262266503213383,12.443811453018593
13.153306039000016,109.14208323299965,SAT_10011,19.597427797961785,188.98553136353505,98.92493781263461,170.59864892877016,-65.3922722453984,29.75307625439411,35.0,0.12234476311686696,12.424354807905479
13.153306039000016,109.24208323299965,SAT_10011,19.655162717543092,189.3102902861799,98.93203512263253,170.58328529288258,-65.3345373258171,29.778429416094674,35.0,0.12210531216418749,12.407576136865002
13.253306039000016,107.64208323299974,SAT_10010,19.139777893923934,186.41125065332213,98.86612923731907,170.71878332404935,-65.84992214943625,29.55043382707846,35.0,0.12424896539347118,12.557323687071895
13.253306039000016,107.74208323299973,SAT_10010,19.041887061839674,185.86061472284817,98.85293434129501,170.74435371108694,-65.94781298152051,29.5068471317828,35.0,0.1246561304688502,12.585650271747518
13.253306039000016,107.84208323299973,SAT_10010,18.93512468991773,185.2600763807872,98.83827997398868,170.77214290088443,-66.05457535344246,29.45918626544704,35.0,0.12510042931916052,12.616518288685903
13.253306039000016,107.94208323299972,SAT_10010,18.819561631502637,184.61003417720235,98.8220983699634,170.8021075077138,-66.17013841185755,29.40745133464775,35.0,0.12558162584507926,12.649900612946425
13.253306039000016,108.04208323299972,SAT_10010,18.695273172984756,183.91091159803926,98.80431254902268,170.83420147539255,-66.29442687037543,29.35164245508404,35.0,0.12609946894555038,12.685768381121362
13.253306039000016,108.14208323299971,SAT_10097,18.667191767479153,183.75295369207024,98.80029456163479,170.84272963705826,-66.32250827588103,29.339705988671085,35.0,0.1262079774779599,12.69327665001591
13.253306039000016,108.2420832329997,SAT_10097,18.766948298666748,184.31408418000046,98.81467446759956,170.81700866946136,-66.22275174469344,29.384550876149063,35.0,0.12579232640293284,12.664501624978211
13.253306039000016,108.3420832329997,SAT_10097,18.857870661428095,184.82552247053303,98.82755523844581,170.793488294529,-66.13182938193209,29.42532705013674,35.0,0.1254136665399419,12.6382544709999
13.253306039000016,108.44208323299969,SAT_10097,18.939898737583263,185.28693039890587,98.83899591141623,170.77220531602956,-66.04980130577692,29.462034419392424,35.0,0.12507219823076865,12.614558210909019
13.253306039000016,108.54208323299969,SAT_10097,19.01297750638659,185.69799847342458,98.84904775609053,170.7531934418624,-65.9767225369736,29.49467290178571,35.0,0.12476810469973489,12.593433892197153
13.253306039000016,108.64208323299968,SAT_10011,19.084083316256226,186.09796865394128,98.85867312743851,170.73390517053463,-65.90561672710396,29.525960431253228,35.0,0.12447703301076592,12.5731949548118
13.253306039000016,108.74208323299968,SAT_10011,19.18724343121292,186.6782443005727,98.87246860282384,170.70691764424154,-65.80245661214727,29.571843488572817,35.0,0.12404807918834192,12.543334377290206
13.253306039000016,108.84208323299967,SAT_10011,19.281406202747263,187.20790989045338,98.88484531833255,170.68219950624328,-65.70829384061292,29.61361867188939,35.0,0.12365673797845396,12.516056268280579
13.253306039000016,108.94208323299966,SAT_10011,19.366506498529247,187.68659905422703,98.89585829545683,170.6597907110066,-65.62319354483094,29.651285888079123,35.0,0.12330322601408866,12.491385495889372
13.253306039000016,109.04208323299966,SAT_10011,19.4424845621825,188.11397566227657,98.90555540328222,170.63972794393507,-65.54721548117769,29.684845053182766,35.0,0.12298774187439863,12.46934484855099
13.253306039000016,109.14208323299965,SAT_10011,19.509286315284754,188.48973552347675,98.91397794922062,170.62204442810935,-65.48041372807543,29.714296092403618,35.0,0.12271046512366654,12.449954927246036
13.253306039000016,109.24208323299965,SAT_10011,19.566863635600242,188.81360795025137,98.92116117645064,170.60676974600204,-65.42283640775995,29.739638940105653,35.0,0.1224715554299523,12.433234046433594
13.353306039000016,107.64208323299974,SAT_10010,19.23714887573739,186.95896242602282,98.87904424481682,170.69326255308835,-65.7525511676228,29.59368069099572,35.0,0.12384416716692731,12.52912513836323
13.353306039000016,107.74208323299973,SAT_10010,19.139054442528717,186.40718123922403,98.86604750633047,170.71897261729745,-65.85064560083147,29.550112104560334,35.0,0.12425197374711547,12.557533114347233
13.353306039000016,107.84208323299973,SAT_10010,19.03207234535374,185.80540694261478,98.85161541133517,170.7469126697069,-65.95762769800645,29.502471039810892,35.0,0.1246969649227357,12.588489103187728
13.353306039000016,107.94208323299972,SAT_10010,18.916274153670344,185.15404211439568,98.83568192375739,170.77703886528934,-66.07342588968984,29.450757603290334,35.0,0.12517890231465786,12.621965725376176
13.353306039000016,108.04208323299972,SAT_10010,18.791735906229178,184.45351447253913,98.81817205326674,170.80930466593293,-66.19796413713101,29.394971910661287,35.0,0.12569753241526707,12.657933849444092
13.353306039000016,108.14208323299971,SAT_10097,18.79183559204334,184.45407520524378,98.81824201523484,170.8105779973724,-66.19786445131685,29.39572138656998,35.0,0.12568866220337158,12.657319178311063
13.353306039000016,108.2420832329997,SAT_10097,18.891862654733643,185.01672743287673,98.83233564459857,170.78467605820123,-66.09783738862654,29.44054760469531,35.0,0.1252721466079865,12.62843678851264
13.353306039000016,108.3420832329997,SAT_10097,18.98303393836885,185.5295659033248,98.84496237044816,170.7609892475117,-66.00666610499134,29.481306803201786,35.0,0.12489269136628056,12.60209096931515
13.353306039000016,108.44208323299969,SAT_10097,19.065288525411745,185.99224795544106,98.85617929634972,170.73955488125154,-65.92441151794844,29.517998890877905,35.0,0.12455049936892577,12.578305028205893
13.353306039000016,108.54208323299969,SAT_10097,19.138570657174625,186.40445994660726,98.86603602967648,170.7204071406095,-65.85112938618556,29.55062378562044,35.0,0.12424575618494915,12.557100275011567
13.353306039000016,108.64208323299968,SAT_10097,19.20283000896704,186.76591880043964,98.87457529985988,170.70357689624902,-65.78687003439315,29.57918141443245,35.0,0.12397862918077703,12.538495923395802
13.353306039000016,108.74208323299968,SAT_10097,19.258021942692096,187.07637342764303,98.88183347799557,170.68909154674458,-65.73167810066809,29.603671713421548,35.0,0.12374926671500391,12.522509000630054
13.353306039000016,108.84208323299967,SAT_10097,19.3041077342875,187.3356060053672,98.88784100960164,170.6769748729468,-65.68559230907269,29.624094627798357,35.0,0.12355779741612422,12.509154266508116
13.353306039000016,108.94208323299966,SAT_10097,19.341054773614133,187.54343310157952,98.89262277007033,170.66724690986862,-65.64864526974605,29.640450111875204,35.0,0.12340432954985382,12.49844414220277
13.353306039000016,109.04208323299966,SAT_10097,19.368836734646337,187.69970663238564,98.89619835044994,170.65992383751848,-65.62086330871385,29.65273812906502,35.0,0.12328895048195188,12.490388649778449
13.353306039000016,109.14208323299965,SAT_10011,19.411566280083505,187.94006032546972,98.90163534294645,170.6478986198083,-65.57813376327668,29.671196610954127,35.0,0.12311610879179682,12.478315645630714
13.353306039000016,109.24208323299965,SAT_10011,19.46897263619603,188.26297107860265,98.9089165512162,170.63272103449648,-65.52072740716416,29.696529074656976,35.0,0.12287778501973382,12.46165766230492
13.453306039000015,107.64208323299974,SAT_10010,19.325005015156563,187.4531532102557,98.89050959392792,170.67016151765182,-65.66469502820362,29.632608493582275,35.0,0.12347910092124137,12.503662903212833
13.453306039000015,107.74208323299973,SAT_10010,19.22672946837112,186.90035325958755,98.87768789040375,170.69599758062498,-65.76297057498907,29.589058136159323,35.0,0.12388747375229005,12.532143656771126
13.453306039000015,107.84208323299973,SAT_10010,19.11955196154723,186.29747978370318,98.86345209976515,170.72407371320523,-65.87014808181296,29.54143700438168,35.0,0.12433307584966519,12.563178297139745
13.453306039000015,107.94208323299972,SAT_10010,19.003544712473555,185.64493900766377,98.8477377021612,170.75434565411445,-65.98615533088663,29.489745204759025,35.0,0.1248156667757279,12.596739214755488
13.453306039000015,108.04208323299972,SAT_10010,18.878784440927348,184.94316248021633,98.83047145111217,170.78676642855928,-66.11091560243284,29.43398285291785,35.0,0.1253349908501757,12.632797035941238
13.453306039000015,108.14208323299971,SAT_10097,18.90721663096113,185.10309354915637,98.83449527013445,170.7806922320683,-66.08248341239906,29.447418360862784,35.0,0.12520823094040595,12.624001310253137
13.453306039000015,108.2420832329997,SAT_10097,19.007493621584175,185.66715162141097,98.84833209418571,170.7546217747807,-65.98220642177601,29.492225786021752,35.0,0.12479092015375443,12.595019512863306
13.453306039000015,108.3420832329997,SAT_10097,19.098894905763558,186.18128384492005,98.86073087901013,170.73077996954618,-65.89080513759663,29.532967896650526,35.0,0.12441073318932198,12.568582331511646
13.453306039000015,108.44208323299969,SAT_10097,19.181358817554298,186.64514334874292,98.87174701014034,170.70920461233743,-65.80834122580589,29.569644601567504,35.0,0.12406787531680474,12.544713339719157
13.453306039000015,108.54208323299969,SAT_10097,19.254828907239684,187.05841260322325,98.88142861741376,170.68993032799955,-65.7348711361205,29.602255818696356,35.0,0.12376253429399126,12.523434092523328
13.453306039000015,108.64208323299968,SAT_10097,19.319254221552825,187.42080499623466,98.88981716897158,170.6729883911083,-65.67044582180736,29.630801475064068,35.0,0.12349487947188958,12.50476402629123
13.453306039000015,108.74208323299968,SAT_10097,19.37458956098564,187.73206628054425,98.8969479707633,170.65840656126824,-65.61511048237455,29.65528150679917,35.0,0.12326506097662006,12.488720366928856
13.453306039000015,108.84208323299967,SAT_10097,19.420795711519247,187.99197587729577,98.90285058277148,170.64620893461813,-65.56890433184094,29.67569585913024,35.0,0.12307320897547498,12.475318047377572
13.453306039000015,108.94208323299966,SAT_10097,19.457839648314803,188.20034802177074,98.90754916103201,170.63641581318052,-65.53186039504538,29.69204448638456,35.0,0.12291943303392247,12.4645696352155
13.453306039000015,109.04208323299966,SAT_10097,19.4856947091658,188.3570327390576,98.91106273271943,170.6290435935172,-65.50400533419439,29.704327351987047,35.0,0.12280382156960028,12.456485271094639
13.453306039000015,109.14208323299965,SAT_10097,19.504340735806224,188.46191663891,98.91340541001415,170.62410467595996,-65.48535930755396,29.71254442845936,35.0,0.1227264414085096,12.451072618644845
13.553306039000015,107.64208323299974,SAT_10010,19.4032817326499,187.8934597461557,98.90057842671567,170.6495198590808,-65.58641831071029,29.667217149707568,35.0,0.12315398131599993,12.48096162002104
13.553306039000015,107.74208323299973,SAT_10010,19.30484825113767,187.33977141264938,98.88790997337797,170.67546779866342,-65.68485179222252,29.623685141403726,35.0,0.12356284295838488,12.509506292004444
13.553306039000015,107.84208323299973,SAT_10010,19.19750039315028,186.7359397114703,98.87384603173379,170.70366475243594,-65.79219965020991,29.576084073933636,35.0,0.1240089722196493,12.540609999487948
13.553306039000015,107.94208323299972,SAT_10010,19.081310953903852,186.08237411570914,98.8583234010014,170.73406608799144,-65.90838908945634,29.524414053774052,35.0,0.12449212683354532,12.574244928405406
13.553306039000015,108.04208323299972,SAT_10010,18.95635725962839,185.3795095854097,98.84127035122002,170.76662444125316,-66.0333427837318,29.46867519651571,35.0,0.12501204918992767,12.610381489804416
13.553306039000015,108.14208323299971,SAT_10097,19.01325517394895,185.69956035346286,98.84913656124375,170.7531211133483,-65.97644486941124,29.4947967984288,35.0,0.12476694949350421,12.593353604998246
13.553306039000015,108.2420832329997,SAT_10097,19.113760620412023,186.26490348981764,98.8627439075077,170.72689514663566,-65.87593942294816,29.53958530705649,35.0,0.12434891562766909,12.564280667741318
13.553306039000015,108.3420832329997,SAT_10097,19.205372182390292,186.7802185259454,98.87493896814709,170.7029103013566,-65.7843278609699,29.580310217455427,35.0,0.12396806316203297,12.53775971390668
13.553306039000015,108.44208323299969,SAT_10097,19.28802749988516,187.24515468685402,98.88577560667063,170.68120481909685,-65.70167254347503,29.616971438473612,35.0,0.12362459956599355,12.513814563285802
13.553306039000015,108.54208323299969,SAT_10097,19.36166948223334,187.65939083756254,98.89530064339405,170.66181373662116,-65.62803056112685,29.649568888061363,35.0,0.12331871462138404,12.492466997945677
13.553306039000015,108.64208323299968,SAT_10097,19.426246593060213,188.0226370859637,98.90355442816802,170.6447687035817,-65.56345345029997,29.67810249326934,35.0,0.12305057951465947,12.47373666047296
13.553306039000015,108.74208323299968,SAT_10097,19.481713111990103,188.33463625494431,98.91057132224232,170.63009781488154,-65.50798693137008,29.7025721902468,35.0,0.12282034600681449,12.457640960728531
13.553306039000015,108.84208323299967,SAT_10097,19.52802937037754,188.59516520837366,98.91638009997283,170.6178254595116,-65.46167067298265,29.722977924240084,35.0,0.12262814568858427,12.44419499202254
13.553306039000015,108.94208323299966,SAT_10097,19.56516195855039,188.80403601684594,98.92100427904347,170.60797218752757,-65.4245380848098,29.739319649591298,35.0,0.12247408932784835,12.433411457545681
13.553306039000015,109.04208323299966,SAT_10097,19.593083902307953,188.96109695048224,98.9244623861509,170.6005545966703,-65.39661614105223,29.751597329737205,35.0,0.122358266315409,12.425300607803747
13.553306039000015,109.14208323299965,SAT_10097,19.6117748067266,189.06623328783712,98.92676816362078,170.59558523992683,-65.37792523663359,29.759810937208393,35.0,0.122280744214465,12.419870189700667
13.553306039000015,109.24208323299965,SAT_10097,19.621220965664918,189.11936793186516,98.92793072113083,170.5930725551039,-65.36847907769527,29.76396045362857,35.0,0.12224156841816035,12.417125407801779
13.653306039000014,107.64208323299974,SAT_10010,19.471920681516195,188.2795538335286,98.90929648835028,170.631373418742,-65.51777936184399,29.69750658369295,35.0,0.12286900213295698,12.461043524662012
13.653306039000014,107.74208323299973,SAT_10010,19.37335307006461,187.72511101911346,98.89676064352204,170.65741871051233,-65.61634697329558,29.653993044569777,35.0,0.12327827317550599,12.489643034177508
13.653306039000014,107.84208323299973,SAT_10010,19.26586059196626,187.1204658298102,98.88284538751108,170.68572079455424,-65.72383945139393,29.606412172693656,35.0,0.12372484371909895,12.520805985814233
13.653306039000014,107.94208323299972,SAT_10010,19.149516546122186,186.4660305719373,98.8674886549443,170.71623471434233,-65.840183497238,29.55476407450875,35.0,0.12420846990657378,12.554504387497852
13.653306039000014,108.04208323299972,SAT_10010,19.02439878769225,185.7622431807689,98.8506200208051,170.74891276587374,-65.96530125566794,29.499048865570416,35.0,0.12472889244891723,12.590708462915691
13.653306039000014,108.14208323299971,SAT_10097,19.10987660255016,186.24305588934465,98.86223792597981,170.72791034107325,-65.87982344081003,29.537856595608833,35.0,0.1243650664629526,12.565404628882654
13.653306039000014,108.2420832329997,SAT_10097,19.210588213619502,186.8095587016097,98.87564126593254,170.70154239803315,-65.77911182974069,29.58262606418874,35.0,0.12394638424255401,12.536249111653719
13.653306039000014,108.3420832329997,SAT_10097,19.302389573735752,187.3259413522636,98.88765518461126,170.6774269520809,-65.68731046962444,29.62333366204972,35.0,0.12356493490596265,12.509652244687285
13.653306039000014,108.44208323299969,SAT_10097,19.38521768644307,187.79184948624228,98.89833220277211,170.65560265385048,-65.60448235691712,29.65997929806909,35.0,0.12322092793399579,12.485638073201727
13.653306039000014,108.54208323299969,SAT_10097,19.459014873231865,188.20695866192926,98.9077179850118,170.6361049182844,-65.53068517012832,29.692562890223538,35.0,0.12291455495949898,12.464228587107975
13.653306039000014,108.64208323299968,SAT_10097,19.523729062856802,188.57097597856952,98.9158518938989,170.61896573943343,-65.46597098050339,29.721084365587174,35.0,0.12264598884764102,12.445443617809477
13.653306039000014,108.74208323299968,SAT_10097,19.579314057103076,188.8836415712048,98.92276745640676,170.60421352011477,-65.41038598625711,29.74554366032978,35.0,0.12241538285482466,12.429300743617306
13.653306039000014,108.84208323299967,SAT_10097,19.625729770212587,189.1447299574458,98.92849275291557,170.59187291828073,-65.3639702731476,29.76594071971528,35.0,0.12222286987390539,12.415815204708249
13.653306039000014,108.94208323299966,SAT_10097,19.66294243940233,189.3540512216381,98.93305073710424,170.5819647118073,-65.32675760395786,29.782275498100457,35.0,0.12206856177276733,12.404999828478255
13.653306039000014,109.04208323299966,SAT_10097,19.690924804174557,189.51145202348187,98.93645949340198,170.57450568323355,-65.29877523918563,29.794547958933812,35.0,0.12195254883254597,12.396864966053334
13.653306039000014,109.14208323299965,SAT_10097,19.709656252428516,189.6168164199104,98.93873243725211,170.56950852577933,-65.28004379093167,29.802758074754756,35.0,0.12187489929092145,12.391418440616183
13.753306039000014,107.54208323299974,SAT_10010,19.620545260956803,189.115567092882,98.92781355872042,170.591931896099,-65.36915478240338,29.76290598681023,35.0,0.12225228932744085,12.417876583787184
13.753306039000014,107.64208323299974,SAT_10010,19.530870062632303,188.61114410230672,98.91670270936007,170.61575403640524,-65.45882998072788,29.723476729309574,35.0,0.12262433527794775,12.443928338354267
13.753306039000014,107.74208323299973,SAT_10010,19.43219268149292,188.05608383339768,98.90427979880296,170.64188179855452,-65.55750736186727,29.679981779383887,35.0,0.12303393456576793,12.472573408130875
13.753306039000014,107.84208323299973,SAT_10010,19.324581911132782,187.45077325012193,98.89049115820151,170.6702729382208,-65.6651181322274,29.632421234339215,35.0,0.12348085863203684,12.5037855697138
13.753306039000014,107.94208323299972,SAT_10010,19.208111477867178,186.79562706300288,98.87527568523002,170.70088222345368,-65.78158856549301,29.580795200587474,35.0,0.12396486227328622,12.537536680353519
13.753306039000014,108.04208323299972,SAT_10097,19.087260917454017,186.11584266067885,98.85921108327582,170.73381885828007,-65.90243912590617,29.52778732132585,35.0,0.12445911525304351,12.571948473698898
13.753306039000014,108.14208323299971,SAT_10097,19.197011766235164,186.7331911850728,98.87386221175176,170.70510230312402,-65.79268827712502,29.57659765820229,35.0,0.12400281203000321,12.540180820173282
13.753306039000014,108.2420832329997,SAT_10097,19.297906487085925,187.30072398985834,98.88708541417452,170.6786064063468,-65.69179355627426,29.621347963265947,35.0,0.12358355860454161,12.510951554588859
13.753306039000014,108.3420832329997,SAT_10097,19.389876459993204,187.81805508746177,98.89893936104164,170.65437325174867,-65.59982358336698,29.662038136324526,35.0,0.12320158326321404,12.484286884679626
13.753306039000014,108.44208323299969,SAT_10097,19.472858112688158,188.2848268838709,98.90947539537636,170.63244186042056,-65.51684193067203,29.698668086284357,35.0,0.12285709730159354,12.460211059234242
13.753306039000014,108.54208323299969,SAT_10097,19.546793234753267,188.70071194548711,98.91873816775066,170.61284798985236,-65.44290680860692,29.73123773114825,35.0,0.1225502940227239,12.438746255880092
13.753306039000014,108.64208323299968,SAT_10097,19.611629270909447,189.06541464886564,98.92676617423594,170.59562394608517,-65.37807077245074,29.759746998013537,35.0,0.1222813478066414,12.419912476572472
13.753306039000014,108.74208323299968,SAT_10097,19.66731959047266,189.37867269640873,98.933592209403,170.58079841090486,-65.32238045288753,29.784195823070306,35.0,0.12205041325931099,12.403727451793667
13.753306039000014,108.84208323299967,SAT_10097,19.71382373013907,189.64025848203227,98.93924374425987,170.56839628596623,-65.27587631322112,29.8045841515999,35.0,0.1218576244487969,12.390206554405992
13.753306039000014,108.94208323299966,SAT_10097,19.751107607485025,189.84998029210328,98.94374323714396,170.5584385555866,-65.23859243587516,29.820911937973623,35.0,0.12170309423583563,12.379362724026342
13.753306039000014,109.04208323299966,SAT_10097,19.7791437028354,190.00768332844913,98.94710838399916,170.55094216977312,-65.21055634052479,29.83317914565161,35.0,0.12158691370520845,12.371206402698075
13.753306039000014,109.14208323299965,SAT_10097,19.79791120747349,190.11325054203837,98.949352313102,170.54591994883478,-65.1917888358867,29.841385747181995,35.0,0.12150915170342949,12.365745482530478
13.853306039000014,107.54208323299974,SAT_10010,19.669838187513406,189.3928398047629,98.93385716714398,170.57880553096442,-65.31986185584678,29.78453982698695,35.0,0.12204785793168503,12.403548293937643
13.853306039000014,107.64208323299974,SAT_10010,19.5800849084456,188.8879776100065,98.92282969010124,170.60268936810735,-65.40961513491459,29.745127529776564,35.0,0.12242012988404156,12.429633166699759
13.853306039000014,107.74208323299973,SAT_10010,19.481322598226924,188.33243961502643,98.91050084701182,170.628884409407,-65.50837744513326,29.70165128902079,35.0,0.12282997475908655,12.458314349987967
13.853306039000014,107.84208323299973,SAT_10010,19.37362037953271,187.72661463487148,98.89681766372627,170.657348197847,-65.61607966382748,29.654111201996514,35.0,0.12327716296941962,12.489565505007574
13.853306039000014,107.94208323299972,SAT_10010,19.25705232762867,187.07091934291128,98.88171983795574,170.6880352762079,-65.73264771573152,29.60250737508373,35.0,0.12376144821583779,12.523358366391513
13.853306039000014,108.04208323299972,SAT_10097,19.164675110519866,186.55129749667427,98.86958926023209,170.71357461188651,-65.82502493284032,29.562230601407105,35.0,0.1241372288857719,12.549543693475146
13.853306039000014,108.14208323299971,SAT_10097,19.27459733887683,187.16961003118217,98.88406392775995,170.68473584788083,-65.71510270448336,29.61101990146456,35.0,0.12368039681209203,12.51770636125499
13.853306039000014,108.2420832329997,SAT_10097,19.375651412564622,187.738039195676,98.89712948352177,170.65812647060676,-65.61404863079557,29.65575091959116,35.0,0.12326065155188291,12.488412428228077
13.853306039000014,108.3420832329997,SAT_10097,19.467768163961267,188.25619592228213,98.90884341425037,170.63378891617793,-65.52193187939892,29.696423555626215,35.0,0.1228782231200404,12.461688295727155
13.853306039000014,108.44208323299969,SAT_10097,19.550883508450084,188.72371973503172,98.91925603815656,170.61176253567368,-65.4388165349101,29.733037718504793,35.0,0.12253332442250293,12.437558393318707
13.853306039000014,108.54208323299969,SAT_10097,19.624938762272876,189.14028053778495,98.92841112319604,170.59208339174967,-65.36476128108731,29.765593326255562,35.0,0.1222261502445236,12.416045065348676
13.853306039000014,108.64208323299968,SAT_10097,19.689880939364855,189.5055802839273,98.9363464110387,170.5747840684212,-65.29981910399533,29.79409030599883,35.0,0.12195687631060008,12.397168465262364
13.853306039000014,108.74208323299968,SAT_10097,19.74566302410979,189.81935451061756,98.94309405845675,170.5598934960522,-65.2440370192504,29.818528593944798,35.0,0.1217256584245281,12.380946458718455
13.853306039000014,108.84208323299967,SAT_10097,19.79224421712908,190.0813737213511,98.94868100569408,170.5474367934698,-65.1974558262311,29.838908135392067,35.0,0.12153263169751287,12.367394536455848
13.853306039000014,108.94208323299966,SAT_10097,19.82959015144803,190.2914446018952,98.95312927957384,170.5374351289724,-65.16010989191216,29.855228884726298,35.0,0.12137790987161273,12.356525737794447
13.853306039000014,109.04208323299966,SAT_10097,19.857673076652247,190.44941105616888,98.95645623756695,170.52990560182405,-65.13202696670794,29.86749080541915,35.0,0.12126158474500777,12.348350585558029
13.853306039000014,109.14208323299965,SAT_10097,19.876472008974005,190.5551550504788,98.95867475772579,170.52486114560872,-65.11322803438618,29.875693870027405,35.0,0.12118372570469374,12.342877033100166
13.953306039000013,107.54208323299974,SAT_10010,19.70933555988988,189.61501252438057,98.93866433901852,170.56827135844063,-65.28036448347031,29.8018541659632,35.0,0.12188409042316733,12.392063200569705
13.953306039000013,107.64208323299974,SAT_10010,19.619527332997734,189.10984124811228,98.9277040985741,170.59220272563658,-65.37017271036245,29.762458937759416,35.0,0.12225651152478308,12.41817241096051
13.953306039000013,107.74208323299973,SAT_10010,19.520705335469287,188.55396751201474,98.91545111631353,170.61844959613356,-65.4689947078909,29.71900152610198,35.0,0.12266651807752307,12.446880119781792
13.953306039000013,107.84208323299973,SAT_10010,19.41293894336124,187.94778155640697,98.90185297789054,170.64696934872018,-65.57676109999895,29.6714820282389,35.0,0.12311387970536579,12.478159899812304
13.953306039000013,107.94208323299972,SAT_10010,19.29630250059722,187.29170156585937,98.88685002564044,170.67771635228405,-65.69339754276297,29.619900550518594,35.0,0.12359834926889733,12.51198339172861
13.953306039000013,108.04208323299972,SAT_10097,19.232508836014432,186.9328622025812,98.87856788135835,170.6957910128026,-65.75719120734576,29.592355121435443,35.0,0.123855283966488,12.529900032012115
13.953306039000013,108.14208323299971,SAT_10097,19.34257615190566,187.55199085446935,98.89288996300436,170.6668460712626,-65.64712389145453,29.64112325010467,35.0,0.12339801079855123,12.498003059498052
13.953306039000013,108.2420832329997,SAT_10097,19.443765186427527,188.12117917365487,98.90581918612105,170.64013809482478,-65.54593485693266,29.685834857920682,35.0,0.1229778550752545,12.468653764953318
13.953306039000013,108.3420832329997,SAT_10097,19.536006294982457,188.64003540927632,98.9174120187865,170.6157098268472,-65.45369374837773,29.726489844754077,35.0,0.1225950483128652,12.441878717971738
13.953306039000013,108.44208323299969,SAT_10097,19.619234946637178,189.10819657483412,98.92771789709977,170.59360090621925,-65.37046509672301,29.763088119568376,35.0,0.1222498048163001,12.41770250525584
13.953306039000013,108.54208323299969,SAT_10097,19.6933920452515,189.52533025453968,98.93677982911596,170.57384766178586,-65.29630799810869,29.79562960041784,35.0,0.12194232065853373,12.396147616082132
13.953306039000013,108.64208323299968,SAT_10097,19.758424229416462,189.89113629046759,98.94463490685236,170.55648292005654,-65.23127581394372,29.824114214445533,35.0,0.12167277273217603,12.377234335600546
13.953306039000013,108.74208323299968,SAT_10097,19.814284148093662,190.20534833302685,98.95131473773675,170.54153582826504,-65.17541589526653,29.848541897881567,35.0,0.12144131788178925,12.360980647001263
13.953306039000013,108.84208323299967,SAT_10097,19.86093070903391,190.46773523831573,98.9568458047842,170.5290316947223,-65.12876933432628,29.868912596041604,35.0,0.12124809212497892,12.347402143520602
13.953306039000013,108.94208323299966,SAT_10097,19.89832929727511,190.6781022971725,98.96124976303662,170.5189918482622,-65.09137074608508,29.88522626332555,35.0,0.12109320996962575,12.33651195117879
13.953306039000013,109.04208323299966,SAT_10097,19.926451961302604,190.83629228232715,98.96454367831295,170.51143351839147,-65.06324808205758,29.897482863216457,35.0,0.12097676383383564,12.328320663048732
13.953306039000013,109.14208323299965,SAT_10097,19.945277564777186,190.94218630187166,98.96674021303609,170.50636973754234,-65.044422478583,29.905682368279667,35.0,0.12089882357428106,12.322836285746046
14.053306039000013,107.44208323299975,SAT_10010,19.819765636528047,190.23618170547027,98.95192366796867,170.53874185970852,-65.16993440683214,29.850166516131583,35.0,0.12142640043824326,12.359932662816952
14.053306039000013,107.54208323299974,SAT_10010,19.739006493484894,189.78191152585254,98.94225566950675,170.56034839872044,-65.2506935498753,29.814848965889126,35.0,0.12176108905740608,12.383433027986577
14.053306039000013,107.64208323299974,SAT_10010,19.649166745087996,189.27656294111998,98.93134699047563,170.58431293956488,-65.34053329827219,29.775470915368707,35.0,0.12213358154543277,12.40955769253059
14.053306039000013,107.74208323299973,SAT_10010,19.550310620505073,188.72049724034105,98.91915218547646,170.61059598360006,-65.43938942285511,29.732032452694362,35.0,0.12254366487593404,12.438282227073486
14.053306039000013,107.84208323299973,SAT_10010,19.442507672095104,188.11410565553496,98.90561927021182,170.63915479483782,-65.54719237126508,29.68453367508554,35.0,0.12299110812787532,12.469580143384917
14.053306039000013,107.94208323299972,SAT_10010,19.325832430699748,187.4578074226861,98.8906890822296,170.6699436206168,-65.66386761266044,29.632974688859413,35.0,0.12347566358104695,12.50342301732199
14.053306039000013,108.04208323299972,SAT_10097,19.290711992119498,187.26025495567217,98.88618794044562,170.68049882082516,-65.69898805124069,29.61816081552026,35.0,0.1236134469841287,12.513036598951652
14.053306039000013,108.14208323299971,SAT_10097,19.40089750057456,187.8800484407319,98.90038018828325,170.65146412069285,-65.58880254278563,29.666907638283178,35.0,0.12315582237676057,12.481090237999194
14.053306039000013,108.2420832329997,SAT_10097,19.50219654110974,188.44985554374227,98.9131933973498,170.62467278851315,-65.48750350225045,29.711599712461968,35.0,0.12273533932970973,12.451695086869556
14.053306039000013,108.3420832329997,SAT_10097,19.59453906520261,188.9692822417647,98.9246831721568,170.60016782820838,-65.39516097815758,29.752236937958216,35.0,0.12235223062706226,12.424877857280343
14.053306039000013,108.44208323299969,SAT_10097,19.677860163917586,189.4379634220364,98.93489820082905,170.57798912277676,-65.3118398794426,29.788819223763593,35.0,0.1220067117551275,12.400663268674311
14.053306039000013,108.54208323299969,SAT_10097,19.75210039181964,189.8555647039855,98.94388084694994,170.55817322685496,-65.23759965154055,29.8213464879577,35.0,0.12169897987435516,12.379073932768932
14.053306039000013,108.64208323299968,SAT_10097,19.817206069549016,190.22178414121325,98.95166765147158,170.5407531726627,-65.17249397381117,29.849818657706127,35.0,0.12142921286385151,12.360130245990733
14.053306039000013,108.74208323299968,SAT_10097,19.873129561912407,190.5363537857573,98.9582897557726,170.52575829142023,-65.11657048144778,29.874235669258695,35.0,0.1211975684471545,12.343850290839084
14.053306039000013,108.84208323299967,SAT_10097,19.91982952853668,190.79904109801885,98.96377325491702,170.5132140522022,-65.0698705148235,29.894597467947968,35.0,0.12100418340738688,12.330249747161892
14.053306039000013,108.94208323299966,SAT_10097,19.957271144350187,191.0096501869698,98.9681394884624,170.50314192005237,-65.03242889901,29.910904008187938,35.0,0.1208491728992338,12.319341814246334
14.053306039000013,109.04208323299966,SAT_10097,19.98542628744528,191.1680228668797,98.97140527471693,170.49555923499076,-65.00427375591491,29.923155253472935,35.0,0.12073262986439338,12.311137144532696
14.053306039000013,109.14208323299965,SAT_10097,20.00427369220398,191.2740395186474,98.97358309309674,170.4904791133269,-64.9854263511562,29.931351176376783,35.0,0.12065462455623528,12.305643789649846
14.153306039000013,107.44208323299975,SAT_10010,19.839594129843277,190.34771698036843,98.95428266148497,170.53342756033263,-65.15010591351691,29.85882624480941,35.0,0.12134424796394136,12.354160350029751
14.153306039000013,107.54208323299974,SAT_10010,19.758827651046886,189.89340553713873,98.94464650450129,170.5550510283966,-65.2308723923133,29.823524198358555,35.0,0.12167893107063966,12.377666631204617
14.153306039000013,107.64208323299974,SAT_10010,19.668980022071267,189.38801262415086,98.93377405847373,170.57903424749642,-65.32072002128892,29.78416343415902,35.0,0.12205141651904187,12.403797791432472
14.153306039000013,107.74208323299973,SAT_10010,19.570115563683984,188.83190004572242,98.92162014105081,170.60533765860558,-65.4195844796762,29.740744040309234,35.0,0.12246149100562392,12.432529370374242
14.153306039000013,107.84208323299973,SAT_10010,19.462303926468337,188.2254595863844,98.90813307210561,170.63391846104776,-65.52739611689185,29.693266114000384,35.0,0.12290892331059307,12.463834846533887
14.153306039000013,107.94208323299972,SAT_10010,19.34561974539635,187.56911106785446,98.8932540395108,170.66473083365852,-65.64408029796384,29.641729761518725,35.0,0.12339346539514692,12.497685760428881
14.153306039000013,108.04208323299972,SAT_10097,19.339241134414692,187.53323138108266,98.89248372676977,170.6677247229871,-65.6504589089455,29.639647627221052,35.0,0.12341186221632854,12.49896995096313
14.153306039000013,108.14208323299971,SAT_10097,19.449517419971215,188.15353548733808,98.90656795659075,170.63861701822188,-65.54018262338897,29.688373009610345,35.0,0.12295397745807,12.466984637319369
14.153306039000013,108.2420832329997,SAT_10097,19.550901025814795,188.72381827020823,98.91928464008457,170.61175788667995,-65.43879901754539,29.73304542687182,35.0,0.12253325174779947,12.437553305989457
14.153306039000013,108.3420832329997,SAT_10097,19.643321574637497,189.24368385733592,98.93068866499286,170.58719054477476,-65.34637846872269,29.773664778937725,35.0,0.12214991889819962,12.41070278398747
14.153306039000013,108.44208323299969,SAT_10097,19.726713849792034,189.7127654050802,98.94082809851679,170.564955074592,-65.26298619356815,29.810230974827615,35.0,0.12180419535404916,12.386457898449722
14.153306039000013,108.54208323299969,SAT_10097,19.801018121477625,190.13072693331165,98.94974476916333,170.54508821493133,-65.18868192188256,29.84274393264617,35.0,0.12149627915806738,12.364841360439339
14.153306039000013,108.64208323299968,SAT_10097,19.866180451465766,190.49726503949492,98.95747476030368,170.5276231658094,-65.12351959189442,29.871203579581266,35.0,0.1212263489897045,12.345873656676599
14.153306039000013,108.74208323299968,SAT_10097,19.922152973196674,190.8121104742313,98.9640488262882,170.51258940853108,-65.06754707016351,29.89560985190225,35.0,0.12099456328561134,12.329572950249066
14.153306039000013,108.84208323299967,SAT_10097,19.968894144255472,191.07502956143705,98.96949273997966,170.50001254332017,-65.02080589910472,29.915962694958406,35.0,0.120801059449976,12.315954991292983
14.153306039000013,108.94208323299966,SAT_10097,20.006368968474504,191.28582544766908,98.9738275788994,170.48991414634406,-64.98333107488568,29.932262063177667,35.0,0.12064595316223861,12.305033038557047
14.153306039000013,109.04208323299966,SAT_10097,20.03454918518713,191.44433916667762,98.97706995576466,170.4823116477852,-64.95515085817306,29.944507920065544,35.0,0.12052933778889091,12.296817792664521
14.153306039000013,109.14208323299965,SAT_10097,20.053413423494007,191.55045050715378,98.97923219797259,170.4772182323868,-64.93628661986618,29.952700238204237,35.0,0.12045128390514659,12.291317341778477
14.253306039000012,107.44208323299975,SAT_10010,19.849535653977497,190.40363805362344,98.95546470290985,170.5307617136755,-65.14016438938269,29.863166289668523,35.0,0.12130306204146821,12.351265903334248
14.253306039000012,107.54208323299974,SAT_10010,19.768783376987585,189.94940649555517,98.9458471193452,170.5523888940002,-65.2209166663726,29.827879844408216,35.0,0.12163766826115818,12.37476994851947
14.253306039000012,107.64208323299974,SAT_10010,19.678951642221918,189.4441029874983,98.9349958160354,170.57637620891165,-65.31074840113827,29.788536475128165,35.0,0.12201006783299222,12.400898599521792
14.253306039000012,107.74208323299973,SAT_10010,19.580104788678852,188.88808943631855,98.92286576704502,170.60268408613607,-65.40959525468134,29.745136269901465,35.0,0.12242004740651972,12.429627391040208
14.253306039000012,107.84208323299973,SAT_10010,19.472312486482465,188.28175773646387,98.90940547322542,170.6312697108058,-65.51738755687772,29.697679325891347,35.0,0.12286737571101486,12.460929796252243
14.253306039000012,107.94208323299972,SAT_10010,19.355649391310365,187.6255278261208,98.89455633102166,170.66208724672887,-65.63405065204982,29.646165749353475,35.0,0.12335180465294067,12.494777350021485
14.253306039000012,108.04208323299972,SAT_10097,19.378059714130018,187.75158589198134,98.89748325042574,170.65749118083457,-65.61164032923017,29.65681550954588,35.0,0.12325065097565552,12.48771400696582
14.253306039000012,108.14208323299971,SAT_10097,19.488398927672236,188.37224396815634,98.9114805135257,170.62832750486922,-65.50130111568795,29.70551931714457,35.0,0.12279259871205621,12.455700329251238
14.253306039000012,108.2420832329997,SAT_10097,19.589841253300108,188.9428570498131,98.9241194820004,170.6014163914163,-65.39985879006008,29.750171954254782,35.0,0.1223717162626016,12.426242636635958
14.253306039000012,108.3420832329997,SAT_10097,19.68231606180204,189.46302784763645,98.93545446688606,170.57680122014258,-65.30738398155815,29.790773320839122,35.0,0.12198823822465317,12.399367844030035
14.253306039000012,108.44208323299969,SAT_10097,19.76575790075418,189.93238819174226,98.94553303575357,170.55452222610054,-65.223942142606,29.827323325944725,35.0,0.1216423817741142,12.375100860676067
14.253306039000012,108.54208323299969,SAT_10097,19.840106822452043,190.35060087629276,98.95439658652637,170.53461628959823,-65.14959322090814,29.859821887701106,35.0,0.12133434562665912,12.353464473384353
14.253306039000012,108.64208323299968,SAT_10097,19.905308690289473,190.7173613828783,98.96208083433132,170.5171167395917,-65.08439135307071,29.888268933318212,35.0,0.12106430907217104,12.334479237725061
14.253306039000012,108.74208323299968,SAT_10097,19.961315460393564,191.0323994647138,98.96861622203646,170.5020531727214,-65.02838458296662,29.91266439908469,35.0,0.12083243109117688,12.31816337823875
14.253306039000012,108.84208323299967,SAT_10097,20.008085435503475,191.29548057470703,98.97402826318417,170.4894512899985,-64.98161460785671,29.93300823036639,35.0,0.1206388495615207,12.304532698663094
14.253306039000012,108.94208323299966,SAT_10097,20.04558348831611,191.50640712177812,98.97833782439123,170.47933275299246,-64.94411655504408,29.949300381605052,35.0,0.12048368056283583,12.293600503093833
14.253306039000012,109.04208323299966,SAT_10097,20.073781251810715,191.66501954143527,98.98156135289669,170.4717150611799,-64.91591879154947,29.961540816317232,35.0,0.12036701778556635,12.285377528901245
14.253306039000012,109.14208323299965,SAT_10097,20.092657274390774,191.7711971684481,98.98371105373649,170.46661145190026,-64.89704276896941,29.96972950709344,35.0,0.12028893205036344,12.279871892112222
14.353306039000012,107.44208323299975,SAT_10010,19.849582278513054,190.40390031663594,98.955474999827,170.5307492089977,-65.14011776484713,29.863186641222615,35.0,0.12130286888975715,12.351252328182305
14.353306039000012,107.54208323299974,SAT_10010,19.768865787973496,189.9498700573509,98.94586283763506,170.55236685366185,-65.22083425538669,29.827915894517197,35.0,0.12163732670730143,12.374745969534729
14.353306039000012,107.64208323299974,SAT_10010,19.679073774066595,189.4447899791246,98.93501771967796,170.5763436476734,-65.31062626929359,29.788590028716644,35.0,0.12200956141032575,12.4008630889265
14.353306039000012,107.74208323299973,SAT_10010,19.580270520459337,188.88902167758377,98.92289467112577,170.60264005278216,-65.40942952290085,29.745209131868986,35.0,0.12241935983210642,12.429579242155572
14.353306039000012,107.84208323299973,SAT_10010,19.47252563792611,188.28295671333439,98.90944225216315,170.6312132905691,-65.51717440543408,29.69777330110979,35.0,0.12286649089928553,12.460867925075494
14.353306039000012,107.94208323299972,SAT_10010,19.3559137192091,187.62701467055118,98.89460192786258,170.66201756343912,-65.63378632415109,29.646282642664477,35.0,0.1233507067279522,12.494700696648488
14.353306039000012,108.04208323299972,SAT_10097,19.40713828092339,187.91515283019407,98.9012085839267,170.6498163003339,-65.5825617624368,29.66966442495002,35.0,0.12312991096997215,12.479279976082948
14.353306039000012,108.14208323299971,SAT_10097,19.517512230254567,188.53600629518195,98.91513932697855,170.6206139080393,-65.47218781310562,29.718346523391084,35.0,0.12267178491675611,12.447248643540652
14.353306039000012,108.2420832329997,SAT_10097,19.61898710989928,189.10680249318344,98.92771885479276,170.5936668369671,-65.37071293346091,29.762979257161874,35.0,0.12225083264846319,12.417774521007235
14.353306039000012,108.3420832329997,SAT_10097,19.71149211699469,189.62714315809515,98.93900103645396,170.5690185798827,-65.2782079263655,29.803562526255043,35.0,0.12186728929954248,12.390884583438284
14.353306039000012,108.44208323299969,SAT_10097,19.794961636571642,190.09665920571547,98.94903305665423,170.54670947781648,-65.19473840678855,29.84009623974503,35.0,0.121521372546218,12.366603796170887
14.353306039000012,108.54208323299969,SAT_10097,19.86933557069284,190.51501258514722,98.95785598335772,170.52677650911974,-65.12036447266735,29.872580315785928,35.0,0.1212132815645904,12.344954997768934
14.353306039000012,108.64208323299968,SAT_10097,19.934559645973394,190.88189800860036,98.96550524950973,170.50925309208742,-65.0551403973868,29.901014681609524,35.0,0.12094319606212375,12.325958790846782
14.353306039000012,108.74208323299968,SAT_10097,19.990585696279183,191.1970445415704,98.97201105929888,170.4941689032759,-64.999114347081,29.925399273523585,35.0,0.12071127539134457,12.309633441937352
14.353306039000012,108.84208323299967,SAT_10097,20.03737191757442,191.4602170363561,98.97739872756303,170.48154971353458,-64.95232812578577,29.945734036910338,35.0,0.12051765775402985,12.295994791407505
14.353306039000012,108.94208323299966,SAT_10097,20.074883092128744,191.67121739322417,98.9816889593169,170.4714172436104,-64.91481695123144,29.962018926225195,35.0,0.12036245950347839,12.285056174342767
14.353306039000012,109.04208323299966,SAT_10097,20.103090779578693,191.82988563513015,98.98489807500707,170.46378904099853,-64.8866092637815,29.97425390499565,35.0,0.12024577455164692,12.276828353226968
14.453306039000012,107.54208323299974,SAT_10010,19.759074818692852,189.8947958551473,98.94469409255748,170.554984947632,-65.23062522466734,29.8236323486067,35.0,0.12167790662511041,12.37759471901694
14.453306039000012,107.64208323299974,SAT_10010,19.66934632160401,189.39007305902254,98.93384023218414,170.57893662291713,-65.32035372175618,29.78432409480739,35.0,0.12204989756879925,12.403691296077637
14.453306039000012,107.74208323299973,SAT_10010,19.570612629918514,188.83469604329161,98.92170734998645,170.60520563803044,-65.41908741344167,29.74096262605251,35.0,0.12245942871000359,12.432384972753729
14.453306039000012,107.84208323299973,SAT_10010,19.46294321636904,188.22905559207587,98.90824394427437,170.63374930151397,-65.52675682699115,29.693548039450267,35.0,0.12290626942040858,12.463649295507023
14.453306039000012,107.94208323299972,SAT_10010,19.346412527325754,187.57357046620737,98.89339140931567,170.6645219078638,-65.64328751603443,29.642080441196143,35.0,0.12339017228943361,12.497455877077355
14.453306039000012,108.04208323299972,SAT_10097,19.42645464782828,188.02380739403407,98.90367612767314,170.64471372597652,-65.56324539553191,29.678194345334965,35.0,0.1230497157833642,12.473676299106993
14.453306039000012,108.14208323299971,SAT_10097,19.536834891257556,188.64469626332377,98.91756034336612,170.61549003361182,-65.45286515210263,29.726854600300907,35.0,0.12259161043146646,12.441638108360252
14.453306039000012,108.2420832329997,SAT_10097,19.638315926313567,189.21552708551383,98.93009830229745,170.58852317993,-65.35138411704662,29.771467307589525,35.0,0.12217067598618198,12.412157568719948
14.453306039000012,108.3420832329997,SAT_10097,19.73082685572018,189.735901063426,98.94134356236042,170.56385671997947,-65.25887318764,29.8120323672232,35.0,0.1217871478688444,12.385261687014884
14.453306039000012,108.44208323299969,SAT_10097,19.814301976126472,190.2054486157114,98.95134303870375,170.54153105315308,-65.17539806723371,29.848549688303407,35.0,0.12144124402273525,12.360975458361304
14.453306039000012,108.54208323299969,SAT_10097,19.888681107901277,190.62383123194468,98.96013756704671,170.52158321179724,-65.10101893545891,29.88101918900855,35.0,0.12113316386956736,12.339321748800668
14.453306039000012,108.64208323299968,SAT_10097,19.95390990327678,190.9907432059319,98.96776238175337,170.50404666340904,-65.0357901400834,29.909440796592044,35.0,0.12086308733944359,12.320321185926963
14.453306039000012,108.74208323299968,SAT_10097,20.009940129626386,191.30591322914844,98.97424751907226,170.48895112855885,-64.9797599137338,29.933814447380563,35.0,0.12063117398313697,12.303992058572383
14.453306039000012,108.84208323299967,SAT_10097,20.05672992484112,191.5691058272313,98.9796181540487,170.47632241656004,-64.93297011851907,29.954140086772558,35.0,0.12043756217498952,12.290350226556594
14.453306039000012,108.94208323299966,SAT_10097,20.09424402200557,191.78012262378132,98.9838948780215,170.46618228075334,-64.89545602135462,29.970417669236966,35.0,0.12028236841404095,12.279409041424202
14.453306039000012,109.04208323299966,SAT_10097,20.122453940862982,191.93880341735428,98.98709392225709,170.45854829508116,-64.8672461024972,29.9826471583121,35.0,0.12016568673018496,12.271179278997963
14.553306039000011,107.54208323299974,SAT_10010,19.73941822223489,189.78422750007127,98.94233643201017,170.56023839803643,-65.2502818211253,29.81502921604003,35.0,0.12175938236714699,12.383313256761747
14.553306039000011,107.64208323299974,SAT_10010,19.64977692485961,189.2799952023353,98.93145882808068,170.58415042869376,-65.33992311850058,29.77573868272576,35.0,0.12213105101915514,12.40938032151342
14.553306039000011,107.74208323299973,SAT_10010,19.551138634616365,188.72515481971706,98.91929919523946,170.61037621378463,-65.43856140874382,29.73239676173553,35.0,0.12254022913964793,12.438041727555065
14.553306039000011,107.84208323299973,SAT_10010,19.443572608101093,188.12009592056864,98.90580584804727,170.63887319893246,-65.5461274352591,29.68500355015048,35.0,0.1229866867913067,12.46927109968581
14.553306039000011,107.94208323299972,SAT_10011,19.398734162512824,187.86787966413462,98.90012987066707,170.6512871445169,-65.59096588084736,29.665528818413655,35.0,0.12316939148591566,12.482038163258203
14.553306039000011,108.04208323299972,SAT_10011,19.48899251527368,188.37558289841445,98.91155533210896,170.62742087569833,-65.50070752808651,29.70535456928016,35.0,0.12279468905201629,12.455846532616322
14.553306039000011,108.14208323299971,SAT_10011,19.570293326465347,188.8328999613676,98.92169788888573,170.60585891680773,-65.41940671689484,29.741147318454722,35.0,0.12245732667775672,12.432237791864068
14.553306039000011,108.2420832329997,SAT_10097,19.647812607140125,189.26894591516321,98.93126816282515,170.58599471593877,-65.34188743622006,29.7756360869788,35.0,0.12213129625815501,12.409397511001952
14.553306039000011,108.3420832329997,SAT_10097,19.740305050174143,189.78921590722953,98.94249214041231,170.56132502220328,-65.24939499318604,29.816182825225617,35.0,0.12174786432131736,12.382504931887059
14.553306039000011,108.44208323299969,SAT_10097,19.823763570696272,190.25867008516656,98.95247286529911,170.5389964125916,-65.16593647266392,29.852683653138733,35.0,0.12140204696265522,12.35822166624841
14.553306039000011,108.54208323299969,SAT_10097,19.898127976438374,190.67696986746586,98.96125103666795,170.51904592904674,-65.09157206692181,29.885138488920628,35.0,0.12109404363334939,12.33657058316235
14.553306039000011,108.64208323299968,SAT_10097,19.963343908120592,191.04380948317834,98.9688617722044,170.50150704781026,-65.0263561352396,29.913547259846098,35.0,0.12082403428998247,12.317572312985444
14.553306039000011,108.74208323299968,SAT_10097,20.01936312281984,191.3589175658616,98.97533500953378,170.4864094972752,-64.97033692054035,29.93790990226055,35.0,0.12059217850672954,12.301245147018966
14.553306039000011,108.84208323299967,SAT_10097,20.06614374943024,191.6220585905451,98.98069584164624,170.47377909359142,-64.92355629392995,29.958226361578486,35.0,0.12039861467817316,12.287604947238833
14.553306039000011,108.94208323299966,SAT_10097,20.10365051341384,191.83303413795286,98.98496479318253,170.4636375958924,-64.88604952994635,29.97449659228222,35.0,0.12024345932035659,12.276665067015804
14.553306039000011,109.04208323299966,SAT_10097,20.13185492832895,191.99168397185034,98.98815804310117,170.45600258282136,-64.85784511503124,29.986720557920787,35.0,0.1201268064768744,12.268436283653807
14.653306039000011,107.64208323299974,SAT_10010,19.620380915769232,189.11464265120193,98.92786394148278,170.59197562236938,-65.36931912759096,29.762833811239798,35.0,0.12225297100262664,12.417924345458747
14.653306039000011,107.74208323299973,SAT_10010,19.521863655625012,188.56048306289068,98.91566043994351,170.6181424721285,-65.46783638773518,29.71951155764458,35.0,0.12266171102710757,12.446543762224131
14.653306039000011,107.84208323299973,SAT_10010,19.41442870800411,187.9561614825231,98.90211797013745,170.64657581931473,-65.57527133535608,29.672139851891576,35.0,0.12310769363276397,12.477727674300157
14.653306039000011,107.94208323299972,SAT_10011,19.46622949594726,188.24754091470334,98.90870041032905,170.63344697908087,-65.52347054741293,29.695319437647,35.0,0.1228891715833231,12.462453834395726
14.653306039000011,108.04208323299972,SAT_10011,19.556606423342714,188.75591113130278,98.92000887064995,170.60949312319676,-65.43309362001747,29.73512700393258,35.0,0.12251411105873504,12.436213389694561
14.653306039000011,108.14208323299971,SAT_10011,19.63801508419391,189.21383484859075,98.93004841409343,170.58785161739343,-65.35168495916628,29.770903410041697,35.0,0.12217642287720067,12.412560328937344
14.653306039000011,108.2420832329997,SAT_10011,19.7103978583103,189.62098795299545,98.93886048321507,170.5685578877589,-65.27930218504989,29.802648575695006,35.0,0.1218762981879746,12.391516574798
14.653306039000011,108.3420832329997,SAT_10011,19.77370284203286,189.97707848643483,98.94648077265897,170.5516438676699,-65.21599720132733,29.830362429664028,35.0,0.12161390902951874,12.373101854291946
14.653306039000011,108.44208323299969,SAT_10011,19.82788411551948,190.28184814979707,98.95293963999026,170.5371378261745,-65.1618159278407,29.8540449097695,35.0,0.12138940748879623,12.357333603946905
14.653306039000011,108.54208323299969,SAT_10097,19.897668609466365,190.6743859282483,98.96120129416877,170.51916932729821,-65.09203143389382,29.884938206517013,35.0,0.1210959458620324,12.336704367250588
14.653306039000011,108.64208323299968,SAT_10097,19.96285405865038,191.0410540799084,98.9688082361758,170.5016389349659,-65.02684598470981,29.913334062395,35.0,0.12082606202342096,12.31771505011547
14.653306039000011,108.74208323299968,SAT_10097,20.018847043719717,191.3560146209234,98.97527827310397,170.48654871921232,-64.97085299964047,29.937685629211256,35.0,0.12059431416120228,12.30139559547821
14.653306039000011,108.84208323299967,SAT_10097,20.06560573376376,191.61903225242116,98.98063647295945,170.47392447131543,-64.92409430959643,29.95799285239617,35.0,0.12040084053761799,12.287761850139548
14.653306039000011,108.94208323299966,SAT_10097,20.103094888282,191.82990874658626,98.9849033401246,170.46378792933285,-64.88660515507819,29.9742556864453,35.0,0.12024575755675973,12.276827154633878
14.653306039000011,109.04208323299966,SAT_10097,20.131286048437147,191.98848402245898,98.98809503770302,170.45615665480534,-64.85841399492304,29.986474094918282,35.0,0.12012915917150953,12.268602275864463
14.75330603900001,107.54208323299974,SAT_10010,19.67057793723879,189.3970008969682,98.93401176647653,170.57860836885823,-65.3191221061214,29.78486427560371,35.0,0.1220447903964488,12.403333222470438
14.75330603900001,107.64208323299974,SAT_10010,19.58118122992883,188.8941444183497,98.92304085521357,170.6023980814228,-65.40851881343136,29.74560950856075,35.0,0.12241558156622306,12.429314659003085
14.75330603900001,107.74208323299973,SAT_10010,19.482810331004885,188.3408081119025,98.91077604463844,170.6284904809755,-65.5068897123553,29.702307041949762,35.0,0.12282379935560911,12.457882473973953
14.75330603900001,107.84208323299973,SAT_10011,19.424647236068566,188.01364070288568,98.9034493446617,170.64444282918976,-65.56505280729162,29.67697236019388,35.0,0.12306179655681777,12.474520541738924
14.75330603900001,107.94208323299972,SAT_10011,19.524033684214004,188.57268947370378,98.9159623194396,170.61813501638952,-65.46566635914618,29.720790850344756,35.0,0.12264926584615576,12.445672927255272
14.75330603900001,108.04208323299972,SAT_10011,19.614506632458216,189.08159980757745,98.92717130084677,170.59410735990758,-65.37519341090197,29.76058012225747,35.0,0.12227392231890087,12.419392250932953
14.75330603900001,108.14208323299971,SAT_10011,19.69600267327779,189.54001503718757,98.93712325277278,170.5723988257384,-65.2936973700824,29.79634008662889,35.0,0.12193597644491821,12.395702654527982
14.75330603900001,108.2420832329997,SAT_10011,19.768463852273555,189.94760916903874,98.94585900256298,170.55304505614748,-65.22123619108663,29.82807066320572,35.0,0.12163562041256516,12.374626177732308
14.75330603900001,108.3420832329997,SAT_10011,19.83183796235366,190.30408853823934,98.95341371941014,170.53607818094997,-65.15786208100653,29.855771780782586,35.0,0.1213730272005398,12.356182653638605
14.75330603900001,108.44208323299969,SAT_10011,19.886078813355923,190.60919332512705,98.95981731727329,170.5215266443263,-65.10362123000426,29.8794433772004,35.0,0.12114834973096168,12.340389613147414
14.75330603900001,108.54208323299969,SAT_10011,19.931146474239327,190.86269891759622,98.965094790843,170.5094150490873,-65.05855356912086,29.89908539934488,35.0,0.12096172011153425,12.327262199266919
14.75330603900001,108.64208323299968,SAT_10011,19.96700748522109,191.06441710436863,98.96926649146248,170.49976402013496,-65.0226925581391,29.91469780314533,35.0,0.12081324897396034,12.316813092175504
14.75330603900001,108.74208323299968,SAT_10097,20.00839231064191,191.29720674736075,98.9740774402694,170.48936853621728,-64.98130773271828,29.933141628722915,35.0,0.12063757956547778,12.304443245658431
14.75330603900001,108.84208323299967,SAT_10097,20.055116315817315,191.5600292764724,98.97944016719228,170.47675827937803,-64.93458372754287,29.95343955973602,35.0,0.12044423830785614,12.290820769592997
14.75330603900001,108.94208323299966,SAT_10097,20.092577600484788,191.77074900272692,98.98371062917437,170.466633000849,-64.8971224428754,29.969694952252766,35.0,0.12028926162574632,12.279895132653433
14.85330603900001,107.64208323299974,SAT_10010,19.53220827528122,188.6186715484569,98.91696952887523,170.61539908792633,-65.45749176807897,29.72406581234386,35.0,0.12261878197289389,12.44353971052361
14.85330603900001,107.74208323299973,SAT_10010,19.434008686949596,188.0662988640915,98.90462552047966,170.64140176691427,-65.55569135641059,29.680783252265517,35.0,0.12302639458894594,12.47204644717288
14.85330603900001,107.84208323299973,SAT_10011,19.472636937118068,188.28358277128913,98.90952768186862,170.63175120588627,-65.51706310624212,29.698144778504318,35.0,0.1228625750470733,12.460594103813094
14.85330603900001,107.94208323299972,SAT_10011,19.572102642336958,188.8430773631454,98.92194752823579,170.6053783696825,-65.41759740102323,29.74194300081203,35.0,0.12244982047708763,12.431712211675661
14.85330603900001,108.04208323299972,SAT_10011,19.662648622657017,189.35239850244574,98.93307384863894,170.58129097952053,-65.32705142070317,29.781713868603298,35.0,0.12207427039273518,12.405400039393204
14.85330603900001,108.14208323299971,SAT_10011,19.74421117699997,189.81118787062485,98.9429530145237,170.55952819147632,-65.24548886636022,29.817457292603727,35.0,0.12173613617676622,12.381681831310871
14.85330603900001,108.2420832329997,SAT_10011,19.81673208027655,190.2191179515556,98.95162534305125,170.54012582325893,-65.17296796308364,29.849173192585813,35.0,0.12143561085605807,12.360579721554457
14.85330603900001,108.3420832329997,SAT_10011,19.8801588796141,190.57589369782931,98.95912556761648,170.52311616411777,-65.10954116374609,29.876861497367074,35.0,0.12117286816804047,12.342113628827356
14.85330603900001,108.44208323299969,SAT_10011,19.934445165875573,190.8812540580501,98.96548323422543,170.5085278003848,-65.05525487748461,29.900522144808402,35.0,0.12094806170876567,12.326301160199453
14.85330603900001,108.54208323299969,SAT_10011,19.979550817574278,191.1349733488553,98.97072303207185,170.4963854585812,-65.01014922578591,29.920155081812585,35.0,0.12076132417053889,12.31315752484677
14.85330603900001,108.64208323299968,SAT_10011,20.015442214531177,191.33686245673786,98.97486506508012,170.48670986785606,-64.97425782882901,29.935760264323083,35.0,0.12061276667634005,12.302695458619686
14.85330603900001,108.74208323299968,SAT_10011,20.042092418901916,191.48676985632326,98.9779250698384,170.47951764334204,-64.94760762445827,29.947337657322993,35.0,0.12050247821746454,12.29492516022176
14.85330603900001,108.84208323299967,SAT_10011,20.05948132153317,191.5845824336241,98.97991458418613,170.47482119179054,-64.93021872182702,29.95488723483423,35.0,0.12043052519989428,12.289854239670817
14.85330603900001,108.94208323299966,SAT_10097,20.072107233150092,191.65560318646925,98.98138224709287,170.4721675114236,-64.9175928102101,29.96081439967343,35.0,0.12037394320627598,12.285865755253646
14.95330603900001,107.54208323299974,SAT_10010,19.562560503568974,188.78940283257546,98.92075213170806,170.6073439979178,-65.42713953979121,29.737421336973156,35.0,0.12249283713329182,12.434724041713263
14.95330603900001,107.64208323299974,SAT_10010,19.473499759321484,188.28843614618333,98.90962436223806,170.63095543965403,-65.5162002840387,29.698202769689406,35.0,0.12286244724228229,12.460585166831793
14.95330603900001,107.74208323299973,SAT_10011,19.402505555195773,187.88909374797623,98.90065448439096,170.65029140512786,-65.58719448816441,29.667194794113733,35.0,0.1231537311900103,12.480944145960274
14.95330603900001,107.84208323299973,SAT_10011,19.510879852404912,188.49869916977764,98.91433705019578,170.6216220906295,-65.47882019095528,29.71499800915299,35.0,0.12270385196267516,12.449492257516088
14.95330603900001,107.94208323299972,SAT_10011,19.61039938126939,189.05849651964033,98.92668206897234,170.59519979863424,-65.3793006620908,29.758775842800777,35.0,0.12229095807567325,12.420585748181662
14.95330603900001,108.04208323299972,SAT_10011,19.700995043812696,189.5680971214464,98.93774197185319,170.57106697481373,-65.28870499954749,29.798528196765044,35.0,0.12191527900310416,12.394250942495706
14.95330603900001,108.14208323299971,SAT_10011,19.782602915895808,190.02714140191395,98.94756265442311,170.5492629201172,-65.20709712746438,29.834254981799834,35.0,0.12157702681800558,12.370512162328996
14.95330603900001,108.2420832329997,SAT_10011,19.855164566727538,190.43530068784239,98.95618402403005,170.52982358597944,-65.13453547663265,29.86595611770321,35.0,0.12127639518126096,12.349391613175147
14.95330603900001,108.3420832329997,SAT_10011,19.91862735665137,190.79227888116395,98.96364046398993,170.5127813831788,-65.07107268670882,29.893631533315357,35.0,0.12101355840394044,12.330909278441425
14.95330603900001,108.44208323299969,SAT_10011,19.97294471010855,191.0978139943606,98.96996122471727,170.49816500640776,-65.01675533325164,29.917281166516958,35.0,0.12078867059159697,12.315082822769233
14.95330603900001,108.54208323299969,SAT_10011,20.018076360866218,191.35167952987248,98.9751707499795,170.48599927649408,-64.97162368249397,29.936904964227708,35.0,0.12060186487848139,12.301927505349111
14.95330603900001,108.64208323299968,SAT_10011,20.05398856683277,191.55368568843434,98.97928894492698,170.4763050020593,-64.93571147652742,29.95250288240509,35.0,0.12045325275895465,12.291456104114248
14.95330603900001,108.74208323299968,SAT_10011,20.080654292076417,191.70368039292984,98.98233139123302,170.46909886220473,-64.90904575128377,29.964074886043345,35.0,0.12034292352256513,12.283678851599817
14.95330603900001,108.84208323299967,SAT_10011,20.098053353985904,191.80155011617074,98.98430951353674,170.46439331160417,-64.89164668937428,29.97162094917266,35.0,0.12027094379833916,12.27860338314443
15.05330603900001,107.64208323299974,SAT_10010,19.4051004768813,187.90369018245732,98.90097388887395,170.64903958644334,-65.58459956647889,29.66802043714402,35.0,0.12314642881646651,12.480433988363107
15.05330603900001,107.74208323299973,SAT_10011,19.430942352967676,188.0490507354432,98.90427971870592,170.64277919431044,-65.55875769039251,29.679751195589525,35.0,0.12303566051605772,12.47269403115554
15.05330603900001,107.84208323299973,SAT_10011,19.539346604757455,188.6588246517607,98.91789841014052,170.61407355688075,-65.45035343860273,29.727532015290382,35.0,0.12258572469046791,12.44122617232189
15.05330603900001,107.94208323299972,SAT_10011,19.638894216081894,189.21877996546067,98.9301863879697,170.58761757558187,-65.3508058272783,29.771289339508513,35.0,0.12217277698521528,12.412304814219711
15.05330603900001,108.04208323299972,SAT_10011,19.729515926986267,189.72852708929773,98.9411956634884,170.56345380176768,-65.26018411637392,29.8110230699829,35.0,0.12179704737386464,12.385956337215275
15.05330603900001,108.14208323299971,SAT_10011,19.811147662001105,190.18770559875622,98.95097176869695,170.54162163522426,-65.17855238135908,29.846733117495774,35.0,0.12145874839384925,12.362205115236751
15.05330603900001,108.2420832329997,SAT_10011,19.883730850773134,190.59598603559888,98.9595542978345,170.5221571186214,-65.10596919258705,29.878419401870502,35.0,0.12115807413249094,12.34107340170365
15.05330603900001,108.3420832329997,SAT_10011,19.947212726911573,190.9530715888776,98.96697736675695,170.50509274565474,-65.04248731644861,29.90608185196974,35.0,0.12089519928662318,12.322581223477002
15.05330603900001,108.44208323299969,SAT_10011,20.001546601933825,191.25869963587775,98.9732700000556,170.49045728495145,-64.98815344142636,29.92972040569376,35.0,0.12067027830437443,12.3067462838643
15.05330603900001,108.54208323299969,SAT_10011,20.04669211138578,191.51264312654502,98.9784564540058,170.47827562168777,-64.9430079319744,29.949335009979006,35.0,0.12048344461710928,12.293583875648535
15.05330603900001,108.64208323299968,SAT_10011,20.082615430446964,191.71471179626417,98.98255648191046,170.46856861871194,-64.90708461291322,29.964925620796844,35.0,0.1203348099688353,12.283106805029291
15.05330603900001,108.74208323299968,SAT_10011,20.10928945662083,191.86475319349213,98.98558554710351,170.46135299877557,-64.88041058673936,29.976492203152567,35.0,0.12022446384957283,12.275325327266776
15.05330603900001,108.84208323299967,SAT_10011,20.126693957445354,191.96265351063013,98.98755498775232,170.45664124925278,-64.86300608591483,29.984034731084538,35.0,0.12015247303825838,12.270247094708328
15.15330603900001,107.64208323299974,SAT_10011,19.33242053835255,187.4948655282331,98.89169391148339,170.66877425136354,-65.65727950500764,29.636208693240683,35.0,0.12344480230538281,12.501269144579398
15.15330603900001,107.74208323299973,SAT_10011,19.449609006668823,188.15405066251213,98.90665295249946,170.63784394406224,-65.54009103669136,29.68798847697538,35.0,0.12295816548484553,12.467277404119663
15.15330603900001,107.84208323299973,SAT_10011,19.55801520357413,188.76383552010446,98.92022724847283,170.60911913768064,-65.43168483978606,29.73574676951189,35.0,0.1225082661040448,12.43580420551327
15.15330603900001,107.94208323299972,SAT_10011,19.657564934628525,189.32380275728545,98.93247558746437,170.58264537707402,-65.33213510873166,29.779483463577275,35.0,0.12209535076488857,12.406877844470042
15.15330603900001,108.04208323299972,SAT_10011,19.74818885562665,189.83356231289991,98.94344968678482,170.55846526941866,-65.24151118773354,29.81919846094127,35.0,0.12171964969518433,12.380524729560959
15.15330603900001,108.14208323299971,SAT_10011,19.8298228123779,190.2927533196257,98.95319482389769,170.53661826671032,-65.15987723098229,29.854891672414006,35.0,0.12138137566855736,12.356769261017405
15.15330603900001,108.2420832329997,SAT_10011,19.90240816192386,190.7010459108217,98.96175037388896,170.51714045981373,-65.08729188143633,29.88656301784393,35.0,0.1210807229890568,12.33563371647746
15.15330603900001,108.3420832329997,SAT_10011,19.965892071937333,191.0581429046475,98.9691502654493,170.5000643862261,-65.02380797142285,29.914212426115938,35.0,0.12081786654944697,12.31713814476326
15.15330603900001,108.44208323299969,SAT_10011,20.02022779517958,191.36378134788515,98.97542336517039,170.48541885363275,-64.96947224818061,29.93783983514971,35.0,0.12059296097175776,12.301300268725798
15.15330603900001,108.54208323299969,SAT_10011,20.065374916087777,191.61773390299373,98.98059379816812,170.47322878120386,-64.92432512727241,29.957445191898277,35.0,0.12040613983810855,12.288135398128713
15.15330603900001,108.64208323299968,SAT_10011,20.10129956679124,191.81981006320072,98.98468121153596,170.46351506043547,-64.88840047656895,29.973028452346764,35.0,0.12025751501912978,12.27765635346111
15.15330603900001,108.74208323299968,SAT_10011,20.127974610153814,191.9698571821152,98.98770098584525,170.4562944371391,-64.86172543320637,29.98458958151139,35.0,0.12014717610649227,12.269873401472172
15.15330603900001,108.84208323299967,SAT_10011,20.145379787770338,192.06776130620815,98.9896643987936,170.45157941596466,-64.84432025558985,29.99212855343864,35.0,0.12007518995512814,12.264794203108709
15.253306039000009,107.64208323299974,SAT_10011,19.34133115724923,187.54498775952695,98.89285375502514,170.66642683596518,-65.64836888611096,29.640151403542262,35.0,0.12340778953849735,12.49868566414954
15.253306039000009,107.74208323299973,SAT_10011,19.45849118054096,188.2040128905429,98.90778467543913,170.6354944734321,-65.53120886281923,29.69190662026027,35.0,0.12292129362413722,12.464699716023267
15.253306039000009,107.84208323299973,SAT_10011,19.566871169936988,188.81365033089554,98.92133376075144,170.60676774521392,-65.4228288734232,29.739642253857035,35.0,0.12247152417197818,12.433231857894338
15.253306039000009,107.94208323299972,SAT_10011,19.666396924676405,189.37348270130477,98.93355960242765,170.58029220208468,-65.32330311868378,29.783358197092877,35.0,0.12205872779258808,12.40431038589939
15.253306039000009,108.04208323299972,SAT_10011,19.756999094569636,189.8831199069542,98.94451374706038,170.55611045682,-65.23270094879055,29.823054351767986,35.0,0.12168313472140656,12.37796170901713
15.253306039000009,108.14208323299971,SAT_10011,19.838613519825913,190.34220104902076,98.95424132441184,170.53426196665146,-65.15108652353427,29.858730628720135,35.0,0.12134495773874285,12.354210227864217
15.253306039000009,108.2420832329997,SAT_10011,19.91118155231321,190.7503962317618,98.9627815824871,170.51478282727712,-65.07851849104698,29.890386947822602,35.0,0.12104439115445415,12.33307822043801
15.253306039000009,108.3420832329997,SAT_10011,19.974650354997692,191.10740824686204,98.97016834151428,170.49770558058813,-65.0150496883625,29.91802323798231,35.0,0.1207816098663012,12.314585735890368
15.253306039000009,108.44208323299969,SAT_10011,20.028973176442022,191.41297411748639,98.97643037657728,170.4830590381868,-64.96072686691817,29.941639437138164,35.0,0.12055676850055555,12.29875049736897
15.253306039000009,108.54208323299969,SAT_10011,20.074109597426528,191.66686648552422,98.98159173686811,170.47086812265263,-64.91559044593366,29.961235492259615,35.0,0.12037000064287273,12.285587814897777
15.253306039000009,108.64208323299968,SAT_10011,20.11002574699677,191.86889482685683,98.98567200802647,170.4611537283552,-64.87967429636342,29.976811359345422,35.0,0.1202214181667557,12.27511050918687
15.253306039000009,108.74208323299968,SAT_10011,20.136694485533496,192.01890648112592,98.98868652275411,170.45393260341885,-64.85300555782669,29.988367003422628,35.0,0.12011111066611883,12.267328847164343
15.253306039000009,108.84208323299967,SAT_10011,20.154095552770514,192.11678748433414,98.99064652378318,170.4492172542262,-64.83560449058967,29.995902398545745,35.0,0.12003914499753589,12.262250489911684
15.353306039000008,107.64208323299974,SAT_10011,19.340480635920756,187.54020357705423,98.89275607892444,170.66665092885347,-65.64921940743943,29.63977510999581,35.0,0.1234113223438797,12.498932266237883
15.353306039000008,107.74208323299973,SAT_10011,19.45758203737205,188.19889896021778,98.9076800698631,170.63573498903028,-65.53211800598814,29.691505616877194,35.0,0.12292506759820788,12.464963566236838
15.353306039000008,107.84208323299973,SAT_10011,19.565907619414332,188.80823035920562,98.9212229706233,170.6070236175554,-65.42379242394586,29.73921845980897,35.0,0.12247552169888182,12.433511744500539
15.353306039000008,107.94208323299972,SAT_10011,19.665383257968188,189.36778082607105,98.93344331607138,170.58056231791429,-65.324316785392,29.782913531584402,35.0,0.12206293100265496,12.404605068059464
15.353306039000008,108.04208323299972,SAT_10011,19.755939675272558,189.87716067340813,98.94439260390008,170.55639365815497,-65.23376036808763,29.822590734033835,35.0,0.12168752550568832,12.378269918460802
15.353306039000008,108.14208323299971,SAT_10011,19.837512779190504,190.33600938294657,98.95411592176849,170.534557053678,-65.15218726416968,29.85824997802242,35.0,0.12134951776518671,12.354530670748943
15.353306039000008,108.2420832329997,SAT_10011,19.91004398397193,190.7439974098421,98.96265248162054,170.515088561566,-65.07965605938826,29.889891183448025,35.0,0.12104910188563699,12.333409579384655
15.353306039000008,108.3420832329997,SAT_10011,19.97348050922197,191.1008278643736,98.97003607303535,170.4980206886141,-65.01621953413822,29.917514279239384,35.0,0.12078645257862658,12.314926672184864
15.353306039000008,108.44208323299969,SAT_10011,20.027775653962095,191.4062380535368,98.97629544533724,170.48338221513032,-64.96192438939809,29.941119203354447,35.0,0.12056172430479911,12.29909965331742
15.353306039000008,108.54208323299969,SAT_10011,20.072889042856033,191.66000086606522,98.98145462641803,170.47119803645666,-64.91681100050415,29.960705902778926,35.0,0.1203750505059449,12.285943816320483
15.353306039000008,108.64208323299968,SAT_10011,20.10878684190699,191.86192598572683,98.98553318472712,170.461489024009,-64.8809132014532,29.976274333525073,35.0,0.12022654293453534,12.275471968034715
15.353306039000008,108.74208323299968,SAT_10011,20.13544194122929,192.01186091941472,98.98854643960851,170.45427190743484,-64.8542581021309,29.98782446063066,35.0,0.12011629108719726,12.267694364239526
15.353306039000008,108.84208323299967,SAT_10011,20.15283410282254,192.10969182837678,98.99050562405601,170.44955917927498,-64.83686594053765,29.99535625815815,35.0,0.12004436174769957,12.262618657673123
15.453306039000008,107.54208323299974,SAT_10011,19.204165785696745,186.7734325445442,98.87501371715827,170.70248140028508,-65.78553425766344,29.579358541668793,35.0,0.1239777356169498,12.538433663430204
15.453306039000008,107.64208323299974,SAT_10011,19.329869622601592,187.48051662713394,98.89140084824415,170.66944613143056,-65.6598304207586,29.63507981342415,35.0,0.12345539857123357,12.502008704180943
15.453306039000008,107.74208323299973,SAT_10011,19.446882277460972,188.13871281071798,98.90633907162851,170.63856505998118,-65.54281776589922,29.68678546770294,35.0,0.12296948508577842,12.468068688535203
15.453306039000008,107.84208323299973,SAT_10011,19.555125301547506,188.7475798212047,98.91989478840402,170.60988629326945,-65.43457474181268,29.73447538829425,35.0,0.12252025620201556,12.43664358063545
15.453306039000008,107.94208323299972,SAT_10011,19.654524730201146,189.30670160738143,98.9321266164396,170.5834552344544,-65.33517531315904,29.77814946802397,35.0,0.12210795776124196,12.407761588967373
15.453306039000008,108.04208323299972,SAT_10011,19.745011436243615,189.81568932887032,98.94308612601077,170.55931435669706,-65.24468860711657,29.81780760875231,35.0,0.12173281927422283,12.381449039897593
15.453306039000008,108.14208323299971,SAT_10011,19.826521468204845,190.27418325865227,98.95281846798714,170.5375029866549,-65.16317857515534,29.853449721371533,35.0,0.12139505284601801,12.357730257025942
15.453306039000008,108.2420832329997,SAT_10011,19.898996370045296,190.68185458150478,98.96136290903058,170.51805709949335,-65.09070367331489,29.88507572580385,35.0,0.12109485216526075,12.336627447460149
15.453306039000008,108.3420832329997,SAT_10011,19.962383479144677,191.0384070701888,98.96875328568254,170.50100912755798,-65.02731656421551,29.912685550999612,35.0,0.12083239156683076,12.318160596090317
15.453306039000008,108.44208323299969,SAT_10011,20.016636199454865,191.3435786219336,98.97501838708807,170.48638778477115,-64.97306384390532,29.93627913493561,35.0,0.12060782517644368,12.302347368893328
15.453306039000008,108.54208323299969,SAT_10011,20.06171424689836,191.59714263880326,98.98018227432455,170.4742179086978,-64.92798579646183,29.95585642461367,35.0,0.12042128614512133,12.289203026232576
15.553306039000008,107.44208323299975,SAT_10010,19.08600436729472,186.10877456603282,98.85927155739559,170.73284041130626,-65.90369567606547,29.526504218454853,35.0,0.12447260442339686,12.572886878790655
15.553306039000008,107.54208323299974,SAT_10011,19.183928977750654,186.65960049984744,98.87235614034017,170.7077862330117,-65.80577106560953,29.570371188967428,35.0,0.12406185757500805,12.544294163990262
15.553306039000008,107.64208323299974,SAT_10011,19.309506196837972,187.36597235721362,98.88878263180307,170.67480747584682,-65.68019384652222,29.626065524094347,35.0,0.12353999141785531,12.507911903351884
15.553306039000008,107.74208323299973,SAT_10011,19.42640013462146,188.02350075724573,98.90375636946122,170.6439796204927,-65.56329990873873,29.67774618305811,35.0,0.12305451879252624,12.474011952511601
15.553306039000008,107.84208323299973,SAT_10011,19.53453259554871,188.63174584996148,98.91734401015367,170.61535061417743,-65.45516744781148,29.725413049682853,35.0,0.12260569992472867,12.442624183392175
15.553306039000008,107.94208323299972,SAT_10011,19.63382985643068,189.19029294242256,98.9296043952488,170.58896570714722,-65.35587018692951,29.769066016826766,35.0,0.12219377988063661,12.413776716728421
15.553306039000008,108.04208323299972,SAT_10011,19.724223018174428,189.69875447723118,98.94058928986004,170.56486722794466,-65.26547702518576,29.808704986379645,35.0,0.12181898744138359,12.38749579617935
15.553306039000008,108.14208323299971,SAT_10011,19.805648342369523,190.15677192582856,98.95034401404484,170.54309436798133,-65.18405170099066,29.844329869260584,35.0,0.12148153403261434,12.363805668237307
15.553306039000008,108.2420832329997,SAT_10011,19.878047569440085,190.56401757810048,98.95890798053007,170.5236829775825,-65.1116524739201,29.875940585415925,35.0,0.12118161271826852,12.34272846903525
15.553306039000008,108.3420832329997,SAT_10011,19.94136821514897,190.92019621021294,98.9663151509132,170.50666537563836,-65.04833182821122,29.9035370638174,35.0,0.12091939726748503,12.324284119122758
15.553306039000008,108.44208323299969,SAT_10011,19.99556384237377,191.22504661335248,98.97259442014507,170.4920701749094,-64.99413620098642,29.927119242460478,35.0,0.12069504130309598,12.3084902272344
15.553306039000008,108.54208323299969,SAT_10011,20.040594305256576,191.47834296706824,98.97776993730912,170.47992212491724,-64.94910573810361,29.94668706836293,35.0,0.12050867753962567,12.295362004009682
15.653306039000007,107.34208323299976,SAT_10011,19.127080326343886,186.33982683568436,98.86481586621991,170.7226685229945,-65.8626197170163,29.545099172903193,35.0,0.12429821776428408,12.560752149160711
15.653306039000007,107.44208323299975,SAT_10011,19.019976220550774,185.7373662405981,98.85037621220414,170.75062760668487,-65.96972382280941,29.49738617361276,35.0,0.12474371410947835,12.591738675627823
15.653306039000007,107.54208323299974,SAT_10011,19.153986803234716,186.49117576819526,98.8684007668517,170.71562838652272,-65.83571324012547,29.557065016961367,35.0,0.12418633976946294,12.55296353079464
15.653306039000007,107.64208323299974,SAT_10011,19.279405823780465,187.19665775876513,98.88489053806876,170.68272545435886,-65.71029421957972,29.61273226171799,35.0,0.12366504957222826,12.516635977366624
15.653306039000007,107.74208323299973,SAT_10011,19.396151329279917,187.85335122719957,98.89992134278236,170.65196900000421,-65.59354871408027,29.66438778270741,35.0,0.12318011659804134,12.48278738018543
15.653306039000007,107.84208323299973,SAT_10011,19.50414546225845,188.46081822520378,98.91356025721687,170.62340675626155,-65.48555458110174,29.712031463788463,35.0,0.12273179998660033,12.451447488642053
15.653306039000007,107.94208323299972,SAT_10011,19.603314821959373,189.01864587352148,98.92586648894199,170.5970837685969,-65.38638522140081,29.755663197851334,35.0,0.12232034377239037,12.422644306882864
15.653306039000007,108.04208323299972,SAT_10011,19.69359081383014,189.52644832779455,98.93689212206033,170.57304217189574,-65.29610922953005,29.795282886815098,35.0,0.12194597576562902,12.396403968683787
15.653306039000007,108.14208323299971,SAT_10011,19.774909983927216,189.9838686595906,98.9466827534213,170.55132097647217,-65.21479005943297,29.830890441625435,35.0,0.12160890648805217,12.372750618098172
15.653306039000007,108.2420832329997,SAT_10011,19.847214334971227,190.39058063421314,98.95527803455221,170.53195586549833,-65.14248570838896,29.86248578225257,35.0,0.12130932817264255,12.351706296970557
15.653306039000007,108.3420832329997,SAT_10011,19.9104516208742,190.74629036741737,98.96271213137682,170.5149790059612,-65.07924842248599,29.890068837689412,35.0,0.12104741383611746,12.33329084037808
15.653306039000007,108.44208323299969,SAT_10011,19.964575616678886,191.05073784381875,98.96901411162331,170.50041887518432,-65.0251244266813,29.913639545949923,35.0,0.12082331643257625,12.31752178101432
15.753306039000007,107.24208323299976,SAT_10011,19.214499575457154,186.8315601119465,98.87641551254103,170.69977108721358,-65.77520046790303,29.583946068087485,35.0,0.12393478271657159,12.535440666060369
15.753306039000007,107.34208323299976,SAT_10097,19.088155712041072,186.12087588023104,98.8596456888095,170.73358517438658,-65.90154433131912,29.528185824966986,35.0,0.12445539398341397,12.571689587916108
15.753306039000007,107.44208323299975,SAT_10097,19.118437701339516,186.29121207003476,98.86370621325989,170.72567248220037,-65.87126234202067,29.541666769651595,35.0,0.12432946744369616,12.562927162028211
15.753306039000007,107.54208323299974,SAT_10097,19.139811266461734,186.4114383738473,98.86655921598802,170.7200825658026,-65.84988877689845,29.551175573231355,35.0,0.12424059811338754,12.556741186213802
15.753306039000007,107.64208323299974,SAT_10011,19.2395912669878,186.97270087680639,98.87970808589557,170.69318607532205,-65.75010877637239,29.595080055451746,35.0,0.12383049748819291,12.528172259013898
15.753306039000007,107.74208323299973,SAT_10011,19.35615897922345,187.62839425813192,98.894817936687,170.66251898054375,-65.63354106413674,29.646710295860196,35.0,0.12334620183569545,12.494386177617487
15.753306039000007,107.84208323299973,SAT_10011,19.46398735294747,188.23492886032952,98.90852785495201,170.63404028831405,-65.52571269041272,29.694330659869028,35.0,0.12289847866870066,12.46310458329899
15.753306039000007,107.94208323299972,SAT_10011,19.563003389304512,188.7918940648379,98.92089756072285,170.60779478843855,-65.42669665405568,29.73794104040011,35.0,0.12248757073763558,12.43435533527959
15.753306039000007,108.04208323299972,SAT_10011,19.65313887331486,189.29890616239607,98.9319795843022,170.5838243740481,-65.33656117004533,29.77754133940151,35.0,0.12211370464451073,12.408164430754223
15.753306039000007,108.14208323299971,SAT_10011,19.734330705562357,189.75561021878826,98.94181990955744,170.56216782940086,-65.25536933779783,29.813131467845224,35.0,0.12177708978641517,12.384555886455782
15.753306039000007,108.2420832329997,SAT_10011,19.806521215645333,190.161681838005,98.95045852178865,170.54286062903233,-65.18317882771485,29.844711345725134,35.0,0.12147791736259551,12.363551627045057
15.753306039000007,108.3420832329997,SAT_10011,19.86965845424251,190.51682880511413,98.95792987241046,170.52593475034172,-65.12004158911768,29.872280902055117,35.0,0.12121635945384757,12.34517138137722
15.753306039000007,108.44208323299969,SAT_10011,19.92369646077246,190.8207925918451,98.96426327048748,170.5114185016236,-65.06600358258773,29.895840074867444,35.0,0.12099256818253579,12.329432587649016
15.853306039000007,107.34208323299976,SAT_10097,19.22227415839619,186.87529214097856,98.8774806491649,170.69847686271427,-65.767425884964,29.587813335460524,35.0,0.12389781713931261,12.532864540570941
15.853306039000007,107.44208323299975,SAT_10097,19.252645524079867,187.04613107294927,98.88145823473278,170.6905038293255,-65.73705451928032,29.60128756910561,35.0,0.12377160673146129,12.524066652328962
15.853306039000007,107.54208323299974,SAT_10097,19.274082337731855,187.16671314974167,98.88425310765405,170.68487121810122,-65.71561770562833,29.610791639046287,35.0,0.12368253652521775,12.517855590048176
15.853306039000007,107.64208323299974,SAT_10097,19.28656971161581,187.23695462783894,98.88587639884784,170.68158817726075,-65.70313033174438,29.61632552383783,35.0,0.12363065593625876,12.514237022385199
15.853306039000007,107.74208323299973,SAT_10011,19.306453469072153,187.34880076353085,98.88842447140634,170.67561088057698,-65.68324657428803,29.624713761171282,35.0,0.1235526737025175,12.508796781179814
15.853306039000007,107.84208323299973,SAT_10011,19.41408907605745,187.95425105282317,98.90222564808359,170.64723225760247,-65.57561096730274,29.672310676627575,35.0,0.12310563383099045,12.47758375249686
15.853306039000007,107.94208323299972,SAT_10011,19.512926762376523,188.51021303836797,98.91467692109579,170.62107956070733,-65.47677328098366,29.715899583220256,35.0,0.12269535739153646,12.448897946105049
15.853306039000007,108.04208323299972,SAT_10011,19.60289876586515,189.01630555799147,98.92583139844083,170.59719439435628,-65.38680127749504,29.755480382926116,35.0,0.12232206954566482,12.422765196519222
15.853306039000007,108.14208323299971,SAT_10011,19.68394241000675,189.47217605628796,98.93573556490037,170.5756152729125,-65.30575763335344,29.79105298674321,35.0,0.12198597834977783,12.39920936883437
15.853306039000007,108.2420832329997,SAT_10011,19.756000414285936,189.8775023303584,98.94442983764908,170.55637742183592,-65.23369962907425,29.822617314688824,35.0,0.12168727377096407,12.378252248156201
15.853306039000007,108.3420832329997,SAT_10011,19.819021183327408,190.23199415621667,98.95194903740659,170.53951259220827,-65.17067886003278,29.850173295797614,35.0,0.12142612677457515,12.359913436847547
15.953306039000006,107.44208323299975,SAT_10097,19.377548088293395,187.74870799665032,98.89760933888483,170.6576261478904,-65.61215195506679,29.65658935087334,35.0,0.12325277551344137,12.487862382536285
15.953306039000006,107.54208323299974,SAT_10097,19.399043705206637,187.86962084178734,98.90035185393144,170.65195352936723,-65.59065633815355,29.66608866097529,35.0,0.12316351940611088,12.481627950355495
15.953306039000006,107.64208323299974,SAT_10097,19.41156539272839,187.9400553340972,98.90194478439987,170.6486471456342,-65.5781346506318,29.671619774281485,35.0,0.12311153034032328,12.477995748938774
15.953306039000006,107.74208323299973,SAT_10097,19.41510433563461,187.95996188794467,98.90239436844382,170.6477124177928,-65.57459570772558,29.673182678310454,35.0,0.1230968375480977,12.476969130695133
15.953306039000006,107.84208323299973,SAT_10097,19.409658039160817,187.9293264702796,98.90170236310716,170.64915088015695,-65.58004200419937,29.670777369535383,35.0,0.12311944930157866,12.478549044276232
15.953306039000006,107.94208323299972,SAT_10011,19.453123409495817,188.17381917841396,98.90717828310972,170.636914417623,-65.53657663386437,29.68953887450474,35.0,0.12294357621744278,12.466257514528676
15.953306039000006,108.04208323299972,SAT_10011,19.542909399841008,188.67886537410567,98.91842180805853,170.61312828303014,-65.44679064351918,29.729100065621637,35.0,0.12257094156926146,12.440191484541423
15.953306039000006,108.14208323299971,SAT_10011,19.62378440725294,189.1337872907978,98.92840442796475,170.59163909967293,-65.36591563610725,29.76465504658783,35.0,0.12223544201825332,12.416696141003893
15.953306039000006,108.2420832329997,SAT_10011,19.69569160223672,189.53826526258155,98.93716709406435,170.5724818047413,-65.29400844112347,29.796203737443776,35.0,0.12193726610611498,12.395793107719827
16.053306039000006,107.54208323299974,SAT_10097,19.51460606358313,188.51965910765512,98.91493388807397,170.62138425083165,-65.47509397977706,29.717066518055525,35.0,0.12268384403048094,12.448092402970454
16.053306039000006,107.64208323299974,SAT_10097,19.527159350127192,188.59027134446546,98.91649955507945,170.61805616995585,-65.462540693233,29.722594844628365,35.0,0.1226317556090932,12.444447612296418
16.053306039000006,107.74208323299973,SAT_10097,19.53070723115735,188.6102281752601,98.91694145023807,170.61711530523058,-65.45899281220284,29.72415696122163,35.0,0.1226170347133336,12.44341743348056
16.053306039000006,107.84208323299973,SAT_10097,19.525247180617882,188.5795153909756,98.91626128080242,170.61856321115752,-65.4644528627423,29.721752864309867,35.0,0.12263968971283593,12.445002826181808
16.053306039000006,107.94208323299972,SAT_10097,19.51078308538382,188.498154855284,98.91445641831861,170.62239749582477,-65.47891695797637,29.715382559318748,35.0,0.12269970772899913,12.449202313741349
16.053306039000006,108.04208323299972,SAT_10097,19.487325224825952,188.36620438964596,98.91151987051043,170.6286118340492,-65.50237481853424,29.70504606062521,35.0,0.12279705469888959,12.456011990411351
16.053306039000006,108.14208323299971,SAT_10011,19.553903191574648,188.74070545260741,98.91979553347504,170.61021069228374,-65.43579685178554,29.733937705094053,35.0,0.12252532674715397,12.436998537848691
16.053306039000006,108.2420832329997,SAT_10011,19.62564169337763,189.14423452524917,98.92863982582749,170.59114489117857,-65.36405834998256,29.765470671736406,35.0,0.12222773900731365,12.416156391533077
16.153306039000007,107.24208323299976,SAT_10097,19.52890507060438,188.60009102214966,98.91672609651772,170.61759323580472,-65.4607949727558,29.723363495965245,35.0,0.12262451221734896,12.443940720698988
16.153306039000007,107.34208323299976,SAT_10097,19.56848544732506,188.82273064120346,98.92163892915323,170.6070896658868,-65.42121459603513,29.740781509182156,35.0,0.12246030226080944,12.432446137069672
16.153306039000007,107.44208323299975,SAT_10097,19.5990860660131,188.9948591213237,98.92541476240615,170.59895915224695,-65.39061397734709,29.754235386911947,35.0,0.1223333709925769,12.423556841019504
16.153306039000007,107.54208323299974,SAT_10097,19.62068512948018,189.11635385332602,98.92806821741753,170.59321511003245,-65.36901491388001,29.763725098786086,35.0,0.12224379062398368,12.417281112009666
16.153306039000007,107.64208323299974,SAT_10097,19.633267184512007,189.18712791288007,98.92960950223323,170.58986705216827,-65.35643285884818,29.769250623384597,35.0,0.1221916123346271,12.413624817729874
16.153306039000007,107.74208323299973,SAT_10097,19.63682320315928,189.20713051777093,98.93004452099098,170.58892053705802,-65.3528768402009,29.770811948235586,35.0,0.12217686601846409,12.412591385360015
16.153306039000007,107.84208323299973,SAT_10097,19.63135063040653,189.17634729603674,98.92937493673908,170.59037713790732,-65.35834941295366,29.768409069814943,35.0,0.122199560135062,12.414181784726207
16.153306039000007,107.94208323299972,SAT_10097,19.616853397685674,189.09480036198192,98.92759818908694,170.59423443402687,-65.37284664567451,29.76204199354627,35.0,0.1222596816674456,12.418394523526452
16.153306039000007,108.04208323299972,SAT_10097,19.593341902086237,188.9625481992351,98.92470746702274,170.60048602421236,-65.39635814127395,29.751710733801012,35.0,0.12235719618694843,12.425225654675666
16.153306039000007,108.2420832329997,SAT_10011,19.54590458014529,188.6957132633173,98.91881162517011,170.61233351689165,-65.4437954632149,29.730418184761,35.0,0.12255851387125599,12.43932161721298
16.253306039000005,107.24208323299976,SAT_10097,19.625234655195115,189.14194493547254,98.92863364108487,170.5920046604636,-65.36446538816507,29.76572327683341,35.0,0.12222492315224735,12.415959081382631
16.253306039000005,107.34208323299976,SAT_10097,19.664895603454355,189.36503776943076,98.93347682767664,170.58144430922516,-65.32480443990583,29.78313240939962,35.0,0.12206046352487022,12.404432076555434
16.253306039000005,107.44208323299975,SAT_10097,19.695558749212978,189.537517964323,98.93719931120327,170.57326974788438,-65.29414129414721,29.796579427615786,35.0,0.12193333850049604,12.395517635378111
16.253306039000005,107.54208323299974,SAT_10097,19.7172020704933,189.6592616465248,98.93981536739469,170.56749453685114,-65.27249797286689,29.806064301124895,35.0,0.12184362098780942,12.38922411615283
16.253306039000005,107.64208323299974,SAT_10097,19.729809954294865,189.7301809929086,98.94133496383338,170.56412829233636,-65.25989008906532,29.81158700851509,35.0,0.12179136266156555,12.385557442582478
16.253306039000005,107.74208323299973,SAT_10097,19.73337327915874,189.75022469526792,98.94176386583881,170.56317663319948,-65.25632676420145,29.813147537319203,35.0,0.1217765937052922,12.384521074615868
16.253306039000005,107.84208323299973,SAT_10097,19.727889463583452,189.71937823265694,98.9411036973923,170.56464114977146,-65.26181057977674,29.81074588401446,35.0,0.12179932266054794,12.386115991359198
16.253306039000005,107.94208323299972,SAT_10097,19.713362479751083,189.63766394859985,98.93935195825621,170.56851939501507,-65.2763375636091,29.80438205402241,35.0,0.12185953638420388,12.390340686232234
16.353306039000003,107.04208323299977,SAT_10097,19.60556655972158,189.0313118984339,98.92622791834282,170.59723618753185,-65.3841334836386,29.75708320935268,35.0,0.12230649258397976,12.42167401287547
16.353306039000003,107.14208323299977,SAT_10097,19.66323407702258,189.35569168325205,98.93328179336758,170.58188700989905,-65.32646596633761,29.782403451036725,35.0,0.12206735257364122,12.404915054901652
16.353306039000003,107.24208323299976,SAT_10097,19.71195123138284,189.6297256765285,98.93918811963583,170.56889604893968,-65.27774881197735,29.8037636979519,35.0,0.12186538619893604,12.390751074790623
16.353306039000003,107.34208323299976,SAT_10097,19.751683247628478,189.85321826791022,98.94396979614169,170.55828471275103,-65.23801679573171,29.821163901866786,35.0,0.12170070862778858,12.379195276219667
16.353306039000003,107.44208323299975,SAT_10097,19.782401550972864,190.02600872422235,98.94764515997385,170.5500705993308,-65.20729849238732,29.83460402349331,35.0,0.12157341444555304,12.370258502104269
16.353306039000003,107.54208323299974,SAT_10097,19.804083916798632,190.14797203199228,98.95022818353016,170.54426740018874,-65.18561612656156,29.84408403248588,35.0,0.12148357718760783,12.363949181671083
16.353306039000003,107.64208323299974,SAT_10097,19.81671458805849,190.219019557829,98.95172862320359,170.54088482475495,-65.1729854553017,29.849603907440706,35.0,0.12143124897370745,12.360273289013751
16.353306039000003,107.74208323299973,SAT_10097,19.820284358991742,190.23909951932856,98.95215212238736,170.53992854645452,-65.16941568436845,29.8511636358953,35.0,0.1214164602476225,12.35923431356161
16.353306039000003,107.84208323299973,SAT_10097,19.81479062421826,190.20819726122772,98.95150027074861,170.54140017107582,-65.17490941914193,29.84876321432822,35.0,0.12143921962459932,12.360833242769726
16.353306039000003,112.04208323299949,SAT_10011,19.6037636859525,189.02117073348285,98.92597799675443,170.59696441769918,-65.38593635740769,29.75586042630529,35.0,0.12231848191841184,12.422513884095377
16.453306039000005,106.74208323299979,SAT_10097,19.455833773754193,188.18906497736734,98.9075996416095,170.63694641941137,-65.533866269606,29.691159637602517,35.0,0.12292775900413017,12.465151728793009
16.453306039000005,106.94208323299978,SAT_10097,19.615763445082834,189.08866937859096,98.92748802948111,170.59452436025828,-65.37393659827735,29.761563195876782,35.0,0.1222642020026125,12.41871123189325
16.453306039000005,107.04208323299977,SAT_10097,19.6824413684284,189.46373269740977,98.93562311703252,170.57676781184466,-65.30725867493179,29.790828269680993,35.0,0.12198771872726416,12.399331414040853
16.453306039000005,107.14208323299977,SAT_10097,19.740196845531273,189.7886072561134,98.94259685244438,170.5613539292121,-65.24950319782891,29.81613544881948,35.0,0.12174831277749981,12.382536404658808
16.453306039000005,107.24208323299976,SAT_10097,19.788988756370713,190.06306175458528,98.94843641467268,170.54830802467546,-65.20071128698947,29.83748467613775,35.0,0.1215461203466759,12.368341818105076
16.453306039000005,107.34208323299976,SAT_10097,19.828782047249845,190.2868990157804,98.95316426602314,170.53765168659365,-65.16091799611034,29.854875903422396,35.0,0.12138125746430008,12.356760955474787
16.453306039000005,107.44208323299975,SAT_10097,19.859547913488882,190.45995701337498,98.95679839556927,170.52940266182418,-65.1301521298713,29.868309091400025,35.0,0.12125381942554334,12.347804740021605
16.453306039000005,107.54208323299974,SAT_10097,19.881263951024295,190.58210972451164,98.95935251153986,170.52357475811633,-65.1084360923359,29.877784209736387,35.0,0.12116388031900995,12.34148166363694
16.453306039000005,107.64208323299974,SAT_10097,19.893914275244356,190.65326779824952,98.96083618639004,170.5201777675558,-65.09578576811583,29.88330123703567,35.0,0.1211114926572953,12.337797744938412
16.453306039000005,107.74208323299973,SAT_10097,19.89748960573108,190.67337903223736,98.96125495731442,170.51921741195113,-65.0922104376291,29.884860160840056,35.0,0.12109668711391326,12.33675649940411
16.453306039000005,111.54208323299952,SAT_10097,19.6850490368046,189.4784008320259,98.93593942956745,170.5760725420342,-65.30465100655559,29.791971730044637,35.0,0.12197690791052399,12.398573286655488
16.453306039000005,111.7420832329995,SAT_10097,19.543563917540297,188.68254703616415,98.91857602376966,170.61370485896254,-65.44613612581989,29.729816483991762,35.0,0.12256369197424406,12.439684058874873
16.553306039000006,106.74208323299979,SAT_10097,19.522713225937252,188.56526189589707,98.91599120077271,170.61923507627932,-65.46698681742294,29.720637029877782,35.0,0.12265020389400089,12.445738567127384
16.553306039000006,106.84208323299978,SAT_10097,19.607194200804457,189.04046737952507,98.926443909303,170.5968033865037,-65.38250584255573,29.7577983919957,35.0,0.12229974194782664,12.421201106099902
16.553306039000006,106.94208323299978,SAT_10097,19.682842234763115,189.46598757054255,98.93567870186948,170.57666093493634,-65.30685780859707,29.791004054375584,35.0,0.1219860568141938,12.399214871222107
16.553306039000006,107.04208323299977,SAT_10097,19.749604382581268,189.84152465201961,98.94373250850936,170.55884028571842,-65.24009566077892,29.82025394200456,35.0,0.12170932404030047,12.379799993024752
16.553306039000006,107.14208323299977,SAT_10097,19.807433350496822,190.16681259654462,98.9506369784069,170.54337054559522,-65.18226669286337,29.845547988810274,35.0,0.12146970030920062,12.362974435769214
16.553306039000006,107.24208323299976,SAT_10097,19.856287737279672,190.44161852219818,98.95641883298492,170.53027720903432,-65.13341230608052,29.866886137659428,35.0,0.12126732268332407,12.348753912022305
16.553306039000006,107.34208323299976,SAT_10097,19.896132248202846,190.665743896141,98.96110015859615,170.5195820206124,-65.09356779515734,29.884268340356492,35.0,0.1211023079353618,12.33715180696607
16.553306039000006,107.44208323299975,SAT_10097,19.926937879628497,190.83902557291032,98.96469864466766,170.5113028561992,-65.06276216373169,29.89769455764264,35.0,0.12097475197277395,12.328179113202355
16.553306039000006,107.54208323299974,SAT_10097,19.948682072188035,190.96133665605768,98.96722777195428,170.50545362428835,-65.04101797117215,29.907164759194863,35.0,0.12088472936138886,12.321844376717284
16.553306039000006,107.64208323299974,SAT_10097,19.96134883086208,191.03258717359918,98.96869695451302,170.50204418860616,-65.02835121249811,29.912678923625283,35.0,0.12083229295268007,12.318153654564545
16.653306039000004,106.6420832329998,SAT_10097,19.486539499323015,188.36178468369198,98.9114793219842,170.62881989670046,-65.50316054403717,29.704699727579204,35.0,0.1228003155636138,12.456240059352286
16.653306039000004,106.74208323299979,SAT_10097,19.57988621798495,188.8868599761653,98.92308974545003,170.6040615204657,-65.40981382537524,29.74579524453937,35.0,0.1224130094803314,12.429134539968567
16.653306039000004,106.84208323299978,SAT_10097,19.664450676053605,189.36253505280152,98.93345147192485,170.58156285915277,-65.32524936730658,29.78293721038648,35.0,0.12206230828430824,12.404561410255978
16.653306039000004,106.94208323299978,SAT_10097,19.740174217201258,189.78847997175708,98.94260649971274,170.5613599743856,-65.24952582615893,29.816125541196364,35.0,0.12174840656107325,12.382542986408614
16.653306039000004,107.04208323299977,SAT_10097,19.80700359855514,190.16439524187265,98.95059121504353,170.5434856231554,-65.18269644480505,29.84536016198377,35.0,0.12147148077981888,12.363099502853593
16.653306039000004,107.14208323299977,SAT_10097,19.864891258537128,190.49001332927133,98.9574368046729,170.5279690858691,-65.12480878482306,29.870641006700673,35.0,0.12123168845058593,12.346249017204054
16.653306039000004,107.24208323299976,SAT_10097,19.913795559969316,190.7651000248274,98.9631696022322,170.51483601009582,-65.07590448339087,29.8919680182348,35.0,0.12102916736237894,12.332007324167462
16.653306039000004,107.34208323299976,SAT_10097,19.953681005878337,190.98945565806565,98.96781137539446,170.50410827172192,-65.03601903748185,29.909341148408366,35.0,0.12086403490922341,12.320387879259076
16.653306039000004,107.44208323299975,SAT_10097,19.984518425673315,191.1629161444124,98.97137955956696,170.49580385506465,-65.00518161768687,29.92276035797699,35.0,0.12073638751048665,12.311401733088713
16.753306039,106.6420832329998,SAT_10097,19.533894741370617,188.6281579202097,98.9174012318624,170.6162699083498,-65.45580530198957,29.72556028390236,35.0,0.12260380930758617,12.442491868234526
16.753306039,106.74208323299979,SAT_10097,19.627308920904326,189.15361268008684,98.92892625839822,170.59145271636305,-65.36239112245586,29.766634226573714,35.0,0.12221632105632312,12.415356311610205
16.753306039,106.84208323299978,SAT_10097,19.71193524619133,189.62963575982624,98.93921242663876,170.56890031518745,-65.27776479716886,29.803756693707992,35.0,0.12186545245996422,12.390755723229438
16.753306039,106.94208323299978,SAT_10097,19.78771479988204,190.05589574933649,98.94830120987287,170.54864893582308,-65.20198524347815,29.836927601411713,35.0,0.1215513989121167,12.368712510154664
16.753306039,107.04208323299977,SAT_10097,19.854594100212097,190.43209181369303,98.95622854347299,170.53073149041353,-65.13510594314809,29.866146874727026,35.0,0.12127433761882352,12.349246989842758
16.753306039,107.14208323299977,SAT_10097,19.912525370634683,190.7579552098201,98.96302523077067,170.51517739908977,-65.0771746727255,29.891414447630037,35.0,0.12103442675103188,12.332377294514743
16.753306039,107.24208323299976,SAT_10097,19.961466784573005,191.03325066322319,98.9687172838331,170.5020124326084,-65.02823325878718,29.91273026302935,35.0,0.1208318046783956,12.318119284529725
16.753306039,107.34208323299976,SAT_10097,20.001382682698903,191.25777759018132,98.97332620606025,170.49125857251428,-64.98831736066128,29.930094272764773,35.0,0.12066658929147928,12.3064864716203
16.853306039000003,106.6420832329998,SAT_10097,19.571487050883775,188.83961466122125,98.9220694730765,170.6062925300802,-65.41821299247641,29.742101675330126,35.0,0.12244785070304912,12.431574287023304
16.853306039000003,106.74208323299979,SAT_10097,19.664944657759463,189.36531369989697,98.9335259462793,170.5814312387008,-65.32475538560072,29.783153930414556,35.0,0.12206026013602031,12.404417817178475
16.853306039000003,106.84208323299978,SAT_10097,19.749610903550604,189.84156133247217,98.94375145951305,170.55883854306413,-65.24008913980958,29.820256796439175,35.0,0.12170929701538327,12.379798096169235
16.853306039000003,106.94208323299978,SAT_10097,19.825426675531858,190.2680250498667,98.95278706456244,170.53855080142023,-65.16427336782833,29.85341018954094,35.0,0.12139515733599517,12.357737598613046
16.853306039000003,107.04208323299977,SAT_10097,19.892338313115644,190.6444030112755,98.96066833481886,170.52060104248315,-65.09736173024454,29.882614034789196,35.0,0.12111801885209532,12.338256703698498
16.853306039000003,107.14208323299977,SAT_10097,19.950297878830938,190.97042556842405,98.96742576576356,170.50501879136678,-65.03940216452925,29.907868266183996,35.0,0.12087804022628437,12.321373599120186
16.853306039000003,107.24208323299976,SAT_10097,19.999263404310057,191.24585664924408,98.97308511127427,170.49182991139045,-64.99043663905013,29.929172826654646,35.0,0.12067536026013444,12.307104194054185
16.953306039000005,106.6420832329998,SAT_10097,19.599287391295434,188.9959915760368,98.92550424325516,170.59890563187835,-65.39041265206475,29.754323865692616,35.0,0.12233253596454731,12.423498349914462
16.953306039000005,106.74208323299979,SAT_10097,19.69276411086051,189.52179812359037,98.93690854023521,170.57401513936088,-65.29693593249968,29.795354319941673,35.0,0.12194492380524144,12.39633018927523
16.953306039000005,106.84208323299978,SAT_10097,19.777448072507212,189.9981454078531,98.94708789154768,170.55139576165314,-65.21225197085298,29.832437482504684,35.0,0.12159393983398582,12.37169975187053
16.953306039000005,106.94208323299978,SAT_10097,19.853280034887817,190.42470019624398,98.95608302721055,170.53108394138582,-65.13642000847237,29.86557326954881,35.0,0.12127978043712859,12.34962955619823
16.953306039000005,107.04208323299977,SAT_10097,19.92020621968247,190.8011599857139,98.96392924430448,170.51311278457447,-65.06949382367772,29.894761606170366,35.0,0.12100262372575649,12.330140021547844
16.953306039000005,107.14208323299977,SAT_10097,19.978178583465933,191.1272545319959,98.97065680333384,170.49751188595292,-65.01152145989425,29.920002426393175,35.0,0.12076262868243473,12.313249371652079
17.053306039000002,106.4420832329998,SAT_10097,19.40421821330139,187.89872744982034,98.90112986313476,170.6505873616933,-65.5854818300588,29.668374577427265,35.0,0.12314203483817929,12.480127010954583
17.053306039000002,106.5420832329998,SAT_10097,19.515075300138008,188.52229856327628,98.91508508382935,170.62125987473476,-65.47462474322218,29.717273197360925,35.0,0.12268189692482401,12.447956168923518
17.053306039000002,106.6420832329998,SAT_10097,19.6172741706293,189.0971672097898,98.92772037808962,170.59412250592558,-65.37242587273089,29.762226828265327,35.0,0.12225793661261337,12.418272258458021
17.053306039000002,106.74208323299979,SAT_10097,19.710745488933043,189.62294337524838,98.93908852813166,170.5692178398462,-65.27895455442714,29.80323536847989,35.0,0.12187038419911739,12.391101698861714
17.053306039000002,106.84208323299978,SAT_10097,19.79542477897479,190.0992643817332,98.94923590482848,170.54658551115006,-65.1942752643854,29.840298725273918,35.0,0.12151945361333938,12.366469024895927
17.053306039000002,106.94208323299978,SAT_10097,19.871252738310403,190.52579665299604,98.95820301334423,170.52626200345867,-65.11844730504978,29.873416814844536,35.0,0.12120534142134808,12.344396775014292
17.053306039000002,107.04208323299977,SAT_10097,19.93817553269068,190.90223737138507,98.9660249577194,170.50828046034027,-65.05152451066951,29.90258956231483,35.0,0.12092822589787836,12.324905386746186
17.153306039,106.4420832329998,SAT_10011,19.450626925098987,188.1597764536818,98.90698536679355,170.63757472591533,-65.5390731182612,29.688437551771628,35.0,0.12295393979335119,12.46698200432414
17.153306039,106.5420832329998,SAT_10097,19.523267383555407,188.56837903249917,98.91611509207345,170.61908814928466,-65.46643265980478,29.720881061168264,35.0,0.12264790450630507,12.445577667182066
17.153306039,106.6420832329998,SAT_10097,19.62543336480833,189.14306267704686,98.92872752528727,170.59195178728854,-65.36426667855186,29.76581054576839,35.0,0.12222409908823395,12.415901337943472
17.153306039,106.74208323299979,SAT_10097,19.718874652263608,189.6686699189828,98.94007532340048,170.56704805073994,-65.27082539109658,29.806797058798317,35.0,0.12183668811166896,12.388737711043284
17.153306039,106.84208323299978,SAT_10097,19.803526777245082,190.1448381220036,98.95020470690996,170.54441657139822,-65.1861732661151,29.84384050756025,35.0,0.12148588547023759,12.364111316806909
17.153306039,106.94208323299978,SAT_10097,19.87933044416512,190.5712337484288,98.95915605110999,170.5240938301959,-65.11036959919507,29.876940808281052,35.0,0.12117188769688826,12.342044689583322
17.153306039,107.34208323299976,SAT_10097,20.09307152451342,191.773527325388,98.98380794223432,170.46649941105323,-64.89662851884677,29.969909167554054,35.0,0.12028721848486533,12.279751056862724
17.253306039,106.24208323299982,SAT_10011,19.54534229838248,188.69255042840143,98.91883899913661,170.61248272374706,-65.44435774497771,29.73017074368596,35.0,0.12256084689365138,12.439484918022952
17.253306039,106.34208323299981,SAT_10011,19.558870210401366,188.76864493350772,98.92051512967468,170.60889215211728,-65.43082983295882,29.736122901996687,35.0,0.12250471874730332,12.435555864090915
17.253306039,106.4420832329998,SAT_10011,19.563499518414545,188.7946847910818,98.92108783113052,170.607663054979,-65.42620052494564,29.73815926865034,35.0,0.12248551238930148,12.434211226227669
17.253306039,106.5420832329998,SAT_10011,19.559226958042387,188.77065163898843,98.9205592795692,170.60879744144327,-65.4304730853178,29.736279839031166,35.0,0.12250323863389713,12.435452244271806
17.253306039,106.6420832329998,SAT_10097,19.62375859814466,189.1336421145637,98.92853025692061,170.59239740213172,-65.36594144521553,29.765075010366093,35.0,0.12223104450150697,12.416388008948392
17.253306039,106.74208323299979,SAT_10097,19.717145194310987,189.6589417179993,98.93987337400941,170.56750971916372,-65.2725548490492,29.806039383109887,35.0,0.12184385674152215,12.38924065625384
17.253306039,106.84208323299978,SAT_10097,19.801747632632328,190.13483043355686,98.9499986368378,170.54489290865163,-65.18795241072786,29.84306282162058,35.0,0.12149325668370935,12.364629067013093
17.353306039000003,106.14208323299982,SAT_10011,19.626197759880583,189.14736239932827,98.92880831436476,170.59099692025262,-65.3635022834796,29.76571485993408,35.0,0.12222543276130657,12.415994790399756
17.353306039000003,106.24208323299982,SAT_10011,19.6486636295337,189.27373291612707,98.93155194980562,170.58501628708126,-65.34103641382649,29.775577402753427,35.0,0.1221322629154058,12.40946526658325
17.353306039000003,106.34208323299981,SAT_10011,19.66222109496782,189.34999365919398,98.9332026699383,170.58140489081111,-65.32747894839237,29.781526307710514,35.0,0.12207604318646996,12.405524322105311
17.353306039000003,106.4420832329998,SAT_10011,19.666860526146138,189.37609045957205,98.93376669662277,170.5801686611613,-65.32283951721405,29.783561561319242,35.0,0.12205680545793081,12.40417561191406
17.353306039000003,106.5420832329998,SAT_10011,19.66257862254983,189.3520047518428,98.93324615095412,170.5813096305985,-65.32712142081036,29.781683158965755,35.0,0.12207456065611592,12.405420388521499
17.353306039000003,106.6420832329998,SAT_10011,19.649378430442766,189.27775367124056,98.9316390754406,170.58482592322375,-65.34032161291742,29.77589110490833,35.0,0.12212929869642698,12.409257495905578
17.353306039000003,106.74208323299979,SAT_10097,19.705558478788603,189.5937664431859,98.93848221380946,170.57060200489894,-65.28414156457158,29.800962343071134,35.0,0.1218918855764483,12.392610017167327
17.453306039,106.04208323299983,SAT_10011,19.688471861582897,189.49765422140382,98.93639515752591,170.57440743624386,-65.30122818177729,29.7930388519735,35.0,0.12196719884357593,12.397892398663357
17.453306039,106.14208323299982,SAT_10011,19.719890878379914,189.674386190887,98.94018928061884,170.5660238946744,-65.26980916498027,29.80680743836764,35.0,0.12183694541247954,12.388755763261035
17.453306039,106.24208323299982,SAT_10011,19.74240032913511,189.801001851385,98.94289534403286,170.5600120404426,-65.24729971422508,29.81666456034134,35.0,0.12174364180476481,12.382208592319062
17.453306039,106.34208323299981,SAT_10011,19.75598414643902,189.87741082371946,98.94452349731978,170.55638177044392,-65.23371589692117,29.822610195545057,35.0,0.12168734119355172,12.378256980828752
17.453306039,106.4420832329998,SAT_10011,19.76063260436065,189.9035583995287,98.94507981988329,170.55513907643657,-65.22906743899954,29.824644330498156,35.0,0.12166807575881942,12.3769046173023
17.453306039,106.5420832329998,SAT_10011,19.756342369483917,189.87942582834705,98.94456638430195,170.55628601217268,-65.23335767387627,29.82276696058866,35.0,0.12168585652858652,12.378152765763671
17.453306039,106.6420832329998,SAT_10011,19.74311651843587,189.80503041620176,98.94298127785744,170.55982068210753,-65.24658352492432,29.816978090073114,35.0,0.12174067332439639,12.382000259565523
17.553306039,105.94208323299983,SAT_10011,19.732087567336677,189.74299256626884,98.941663089432,170.56276697288726,-65.25761247602351,29.812149228302186,35.0,0.12178638768378909,12.385208343754647
17.553306039,106.04208323299983,SAT_10011,19.772461581318396,189.970096394916,98.94649931925346,170.55197587091527,-65.21723846204179,29.829819476154974,35.0,0.12161905299752482,12.373463014283965
17.553306039,106.14208323299982,SAT_10011,19.80393362825201,190.14712665891759,98.95024689298776,170.5435535152293,-65.18576641510818,29.843580452660785,35.0,0.12148863884241784,12.364304713697251
17.553306039,106.24208323299982,SAT_10011,19.82648118684247,190.2739566759889,98.95291984088668,170.53751378093818,-65.16321885651772,29.853432126613246,35.0,0.1213952197296592,12.35774198246312
17.553306039,106.34208323299981,SAT_10011,19.840088047949266,190.35049526971463,98.95452810358796,170.53386665672562,-65.14961199541092,29.859374475671814,35.0,0.12133884926958828,12.353780965087521
17.553306039,106.4420832329998,SAT_10011,19.844744399691123,190.37668724826258,98.95507763560462,170.5326181900242,-65.14495564366906,29.861407486361305,35.0,0.12131955990712474,12.352425380099028
17.553306039,106.5420832329998,SAT_10011,19.840446879166805,190.35251369531326,98.95457046697986,170.5337704536869,-65.14925316419338,29.859531154071586,35.0,0.12133736276114047,12.353676501816924
17.653306039,105.84208323299984,SAT_10011,19.756995046512955,189.8830971366354,98.9446564187792,170.55611153895632,-65.23270499684723,29.823052580302704,35.0,0.12168315149861036,12.37796288669501
17.653306039,105.94208323299983,SAT_10011,19.806312353388492,190.16050698781027,98.95053465706965,170.5429165590418,-65.1833876899717,29.844620066349595,35.0,0.12147878276256205,12.363612414516924
17.653306039,106.04208323299983,SAT_10011,19.846744090259335,190.3879355077088,98.95531828698552,170.53208196819077,-65.14295595310085,29.86228049373961,35.0,0.12131127615603149,12.351843202493662
17.653306039,106.14208323299982,SAT_10011,19.878261321912106,190.5652199357556,98.95902523984283,170.52362559436997,-65.11143872144808,29.87603382241592,35.0,0.1211807274012231,12.342666222092799
17.653306039,106.24208323299982,SAT_10011,19.900841354422212,190.69223261862496,98.96166928897762,170.51756142460607,-65.08885868893798,29.885880021184647,35.0,0.12108721154072238,12.336090073975827
17.653306039,106.34208323299981,SAT_10011,19.914467854061485,190.76888167909587,98.96326019352963,170.5138995283781,-65.0752321892987,29.891819067714202,35.0,0.12103078256793555,12.332120946066894
17.653306039,106.4420832329998,SAT_10011,19.91913093339295,190.79511150033534,98.96380379950503,170.5126460021263,-65.07056910996724,29.8938509485348,35.0,0.12101147315991126,12.330762583215824
17.753306039,105.74208323299985,SAT_10011,19.763172308981297,189.9178442380198,98.94540119476233,170.55446004011878,-65.22652773437889,29.82575558217278,35.0,0.12165755021145486,12.376165726221423
17.753306039,105.84208323299984,SAT_10011,19.821407582196798,190.245417649857,98.95232946055266,170.5388732442269,-65.16829246116339,29.85121584203415,35.0,0.12141623970793308,12.359218819262713
17.753306039,105.94208323299983,SAT_10011,19.87078243072787,190.52315117284428,98.95815180167648,170.52563309537948,-65.11891761263232,29.87277127553076,35.0,0.12121170398243063,12.344844088801182
17.753306039,106.04208323299983,SAT_10011,19.911261602015102,190.75084651133494,98.96289013689707,170.5147613125611,-65.07843844134509,29.89042183376142,35.0,0.12104405966547005,12.33305490287994
17.753306039,106.14208323299982,SAT_10011,19.94281597290008,190.92833984756294,98.96656210939409,170.50627584573206,-65.04688407046011,29.90416747668524,35.0,0.1209134030566474,12.323862298356643
17.753306039,106.24208323299982,SAT_10011,19.965422701510008,191.05550269599382,98.96918127203855,170.50019077798856,-65.02427734185018,29.91400817312077,35.0,0.1208198096523508,12.31727492733004
17.753306039,106.34208323299981,SAT_10011,19.97906534733856,191.13224257877943,98.97075722821312,170.49651624816576,-65.01063469602163,29.919943900745306,35.0,0.12076333377312382,12.31329901482805
17.753306039,106.4420832329998,SAT_10011,19.98373395819202,191.1585035148301,98.97129573080204,170.49525839477408,-65.00596608516817,29.921974646094423,35.0,0.12074400829425405,12.311938328194257
17.853306039,105.74208323299985,SAT_10011,19.81773991166719,190.22478700312794,98.95190023054951,170.53985583992645,-65.171960131693,29.84961351907106,35.0,0.12143143525189369,12.36028637558571
17.853306039,105.84208323299984,SAT_10011,19.87602761657115,190.55265534321273,98.95877195806668,170.5242252256213,-65.11367242678904,29.875059472800046,35.0,0.12118997898213302,12.343316694985637
17.853306039,105.94208323299983,SAT_10011,19.925447235927223,190.83064070209065,98.96454702947611,170.51094773129745,-65.06425280743296,29.896602794304428,35.0,0.12098531868190385,12.328922551758035
17.853306039,106.04208323299983,SAT_10011,19.965963329740987,191.05854372979303,98.9692470600754,170.50004519778966,-65.0237367136192,29.914243434702364,35.0,0.12081757155634132,12.31711737897557
17.853306039,106.14208323299982,SAT_10011,19.997546619293658,191.23619973352683,98.97288944995856,170.49153567623637,-64.99215342406653,29.9279813539688,35.0,0.12068683438097862,12.307912267417981
17.853306039,106.24208323299982,SAT_10011,20.020174140254056,191.36347953892906,98.97548756599065,170.48543332941261,-64.96952590310613,29.93781652093461,35.0,0.12059318302626888,12.30131591160185
17.853306039,106.34208323299981,SAT_10011,20.033829363731257,191.44029017098833,98.9770508801362,170.48174835367877,-64.95587067962893,29.943748913285926,35.0,0.12053667208241238,12.297334567153687
17.853306039,106.4420832329998,SAT_10011,20.03850228392912,191.4665753471013,98.97758506670675,170.48048692243913,-64.95119775943107,29.945778517563642,35.0,0.12051733458810389,12.29597201996747
17.953306038999997,105.64208323299985,SAT_10011,19.795330416419404,190.09873359235917,98.94924617012583,170.54585677339443,-65.19436962694078,29.83981989603507,35.0,0.12152428670408326,12.366808462877326
17.953306038999997,105.74208323299985,SAT_10011,19.86248719178029,190.47649045376414,98.95718606502889,170.52785910846757,-65.1272128515799,29.869151843058134,35.0,0.12124606324335624,12.347259522927105
17.953306038999997,105.84208323299984,SAT_10011,19.92081206879986,190.80456788699922,98.96401118710641,170.51219403014568,-65.06888797456033,29.894583420477357,35.0,0.12100451184425678,12.330272853047747
17.953306038999997,105.94208323299983,SAT_10011,19.970263458425478,191.08273195364333,98.96974729284113,170.4988871624027,-65.01943658493471,29.916114570575743,35.0,0.12079977009383751,12.315864223013923
17.953306038999997,106.04208323299983,SAT_10011,20.010805773300092,191.310782474813,98.97441574762303,170.48796044214976,-64.9788942700601,29.933745244490655,35.0,0.12063195564659794,12.304047116754388
17.953306038999997,106.14208323299982,SAT_10011,20.042409612399112,191.488554069745,98.97803375135385,170.4794320003034,-64.94729043096108,29.947475402212767,35.0,0.12050116565025895,12.29483266722019
17.953306038999997,106.24208323299982,SAT_10011,20.065051915106608,191.6159170224747,98.98061451770897,170.47331606246786,-64.92464812825358,29.957305012585202,35.0,0.12040747626779089,12.28822960210314
17.953306038999997,106.34208323299981,SAT_10011,20.078716083036568,191.69277796708067,98.98216741041773,170.46962287036453,-64.91098396032362,29.963234053302852,35.0,0.12035094230026139,12.28424420096169
17.953306038999997,106.4420832329998,SAT_10011,20.08339206824607,191.71908038388412,98.98269803907863,170.46835862491307,-64.90630797511412,29.965262510911902,35.0,0.12033159691414591,12.2828802641988
18.053306039,105.64208323299985,SAT_10011,19.830197287574606,190.29485974260717,98.95338438589577,170.5365179054834,-65.15950275578558,29.8550552264938,35.0,0.1213798242663493,12.356660252529634
18.053306039,105.74208323299985,SAT_10011,19.897378744341182,190.67275543691915,98.96128099001729,170.5184916657172,-65.092321299019,29.884370511423022,35.0,0.12110155129372385,12.337098593431106
18.053306039,105.84208323299984,SAT_10011,19.95572531543651,191.00095489933037,98.96806912548824,170.5028016192696,-65.03397472792368,29.90978764238817,35.0,0.12085995607564481,12.320100794966592
18.053306039,105.94208323299983,SAT_10011,20.005195288098008,191.2792234955513,98.97377430802425,170.48947347111334,-64.98450475526218,29.931306561694782,35.0,0.12065517657425434,12.305682669269371
18.053306039,106.04208323299983,SAT_10011,20.045752968521853,191.50736044793544,98.97841770447987,170.47852922789477,-64.94394707483833,29.948927220499296,35.0,0.1204873307659515,12.29385773667691
18.053306039,106.14208323299982,SAT_10011,20.077368867332183,191.68519987874353,98.98201635571763,170.4699870784383,-64.912331176028,29.962649578808005,35.0,0.1203565160650511,12.284637160332665
18.053306039,106.24208323299982,SAT_10011,20.10001985435808,191.81261168076423,98.98458335371468,170.46386129395327,-64.8896801890021,29.972473605476182,35.0,0.12026280884403744,12.278029691680974
18.053306039,106.34208323299981,SAT_10011,20.11368928100984,191.88950220568037,98.98612797621556,170.46016214908747,-64.87601076235035,29.978399278207434,35.0,0.12020626405500433,12.274041627415306
18.153306039,105.54208323299986,SAT_10011,19.77922231671411,190.00812553151687,98.94733993585152,170.5501673850878,-65.21047772664608,29.83277654590847,35.0,0.12159103592797982,12.37149585153877
18.153306039,105.64208323299985,SAT_10011,19.855198547394252,190.43549182909268,98.9563379023315,170.52981447097602,-65.13450149596594,29.86597094892861,35.0,0.12127625442300939,12.349381719495506
18.153306039,105.74208323299985,SAT_10011,19.9223867747005,190.8134256076903,98.9642021858955,170.51177064754836,-65.06731326865969,29.89526949089889,35.0,0.12099799129432792,12.329814120715893
18.153306039,105.84208323299984,SAT_10011,19.98073939570608,191.1416591008467,98.97096270922019,170.49606523669425,-65.0089606476541,29.920672105298515,35.0,0.12075640407751824,12.312811112180842
18.153306039,105.94208323299983,SAT_10011,20.030214622230062,191.41995725004412,98.97664480747301,170.48272399329264,-64.95948542113013,29.942178734455393,35.0,0.12055163095942312,12.298388531333467
18.153306039,106.04208323299983,SAT_10011,20.07077669557117,191.64811891258782,98.98126949864262,170.47176896695726,-64.91892334778902,29.959789329544908,35.0,0.12038379010922591,12.28655992026744
18.153306039,106.14208323299982,SAT_10011,20.102396072487437,191.82597790774182,98.98485370434994,170.46321838219185,-64.88730397087275,29.97350385058886,35.0,0.12025297910086774,12.277336460168879
18.153306039,106.24208323299982,SAT_10011,20.125049580398496,191.95340388974154,98.98741042533301,170.45708653830695,-64.86465046296169,29.9833222664546,35.0,0.12015927443226011,12.270726916677066
18.253306038999998,105.34208323299987,SAT_10011,19.61628310757105,189.09159248008717,98.9276647308412,170.59363480804825,-65.37341693578914,29.76136045154184,35.0,0.1222665541009093,12.418876025181811
18.253306038999998,105.44208323299986,SAT_10011,19.70965435909693,189.61680576992026,98.93900790253133,170.5687563162262,-65.28004568426326,29.80232280665204,35.0,0.12187938040663725,12.391732794282461
18.253306038999998,105.54208323299986,SAT_10011,19.794350930590667,190.0932239845725,98.94914607906881,170.54611895817482,-65.19534911276952,29.83939169736092,35.0,0.1215283453605303,12.367093506595094
18.253306038999998,105.64208323299985,SAT_10011,19.87031430071187,190.52051794150427,98.95811919663561,170.52575873445022,-65.11938574264832,29.872567039478252,35.0,0.12121364295717571,12.344980404719175
18.253306038999998,105.74208323299985,SAT_10011,19.93749125955989,190.8983883350244,98.96596192025807,170.50770840198496,-65.0522087838003,29.90184875766214,35.0,0.12093544941961373,12.325413690057855
18.253306038999998,105.84208323299984,SAT_10011,19.995834174059055,191.2265672290822,98.97270402761004,170.49199730357716,-64.99386586930113,29.92723678541743,35.0,0.12069392236656945,12.308411428774836
18.253306038999998,105.94208323299983,SAT_10011,20.04530122938499,191.50481941529057,98.97837073200127,170.4786512125922,-64.9443988139752,29.94873106509425,35.0,0.12048920005796242,12.293989466419273
18.253306038999998,106.04208323299983,SAT_10011,20.085856643907647,191.73294362198052,98.98298295097297,170.46769219455916,-64.90384339945254,29.966331547886796,35.0,0.12032140072557879,12.282161352054596
18.253306038999998,106.14208323299982,SAT_10011,20.117470855349836,191.91077356134284,98.98655752570582,170.45913848719914,-64.87222918801035,29.98003819383226,35.0,0.12019062199513166,12.272938272648341
18.353306038999996,105.24208323299987,SAT_10011,19.519674371377377,188.54816833899775,98.91574907967818,170.6192908449377,-65.47002567198281,29.71887126591956,35.0,0.1226673558146662,12.44693873715001
18.353306038999996,105.34208323299987,SAT_10011,19.621612252842965,189.1215689222417,98.92832466744382,170.5922170514308,-65.36808779051722,29.763701096559906,35.0,0.1222444510283647,12.417327384617982
18.353306038999996,105.44208323299986,SAT_10011,19.7149427361052,189.64655289059175,98.93965159200026,170.5673448180924,-65.27475730725499,29.80463980360284,35.0,0.12185745740431816,12.390194835361104
18.353306038999996,105.54208323299986,SAT_10011,19.799602307995016,190.12276298247198,98.94977539206647,170.5447131859694,-65.19009773536517,29.841687294043624,35.0,0.12150658568860151,12.36556525775078
18.353306038999996,105.64208323299985,SAT_10011,19.87553247781264,190.54987018769611,98.95873589918325,170.5243581377406,-65.11416756554755,29.874843483724266,35.0,0.1211920297675412,12.343460881763681
18.353306038999996,105.74208323299985,SAT_10011,19.942680063737868,190.9275753585255,98.96656768852972,170.5063124139343,-65.04701997962232,29.904108297331728,35.0,0.12091396576491059,12.323901897254848
18.353306038999996,105.84208323299984,SAT_10011,20.00099745800931,191.25561070130237,98.97330046134388,170.49060534254377,-64.98870258535088,29.929481668396306,35.0,0.12067255120991326,12.306906359993501
18.353306038999996,105.94208323299983,SAT_10011,20.050442868162264,191.53374113341275,98.97895936676348,170.47726268384434,-64.93925717519792,29.950963539290207,35.0,0.12046792428337852,12.292490106360395
18.453306038999997,105.14208323299988,SAT_10011,19.404840184250446,187.90222603640876,98.90133122376092,170.64967494086378,-65.58485985910974,29.668226011511862,35.0,0.12314403705391375,12.48026689270391
18.453306038999997,105.24208323299987,SAT_10011,19.515240411585566,188.5232273151688,98.91520638958677,170.62046628547617,-65.47445963177462,29.71691858589128,35.0,0.12268575597737728,12.448226176212357
18.453306038999997,105.34208323299987,SAT_10011,19.61710713044478,189.0962276087519,98.92778124424252,170.59341560363393,-65.37259291291541,29.761722396991093,35.0,0.12226313635645515,12.418636569916115
18.453306038999997,105.44208323299986,SAT_10011,19.71037222179781,189.6208437476127,98.93910754553531,170.56856472983418,-65.27932782156238,29.802637342996587,35.0,0.12187640446540342,12.391524030259387
18.453306038999997,105.54208323299986,SAT_10011,19.794972277600863,190.09671906150484,98.94923081791887,170.54595263957606,-65.19472776575932,29.839663330938414,35.0,0.12152577070715684,12.366912686414523
18.453306038999997,105.64208323299985,SAT_10011,19.870848904843328,190.5235250897437,98.95819088087045,170.52561525455775,-65.11885113851686,29.872800276690604,35.0,0.12121142864985408,12.344824731999863
18.453306038999997,105.74208323299985,SAT_10011,19.937949011251433,190.90096318828932,98.9660222994217,170.50758525935262,-65.05175103210875,29.902048104968774,35.0,0.12093355412617306,12.325280323598726
18.453306038999997,105.84208323299984,SAT_10011,19.996225069806016,191.22876601765887,98.97275476634228,170.49189193145438,-64.99347497355417,29.927406749328497,35.0,0.12069230440330747,12.308297487024989
18.453306038999997,105.94208323299983,SAT_10011,20.045635359371687,191.50669889646574,98.97841342378416,170.47856098649035,-64.9440646839885,29.948876152163884,35.0,0.12048781743098552,12.293892032231046
18.553306039,105.14208323299988,SAT_10011,19.39070739440723,187.82272909354066,98.8995470938289,170.65340597203908,-65.59899264895296,29.661982527268695,35.0,0.12320272279838211,12.48436648138419
18.553306039,105.24208323299987,SAT_10011,19.501002276395823,188.44313780472652,98.91344092636879,170.62423958173332,-65.48869776696436,29.710646689255203,35.0,0.1227448446919295,12.452360029794308
18.553306039,105.34208323299987,SAT_10011,19.602771261540454,189.01558834616506,98.92603256854815,170.59722829634538,-65.38692878181973,29.75542435716134,35.0,0.12232259842597275,12.422802244209715
18.553306039,105.44208323299986,SAT_10011,19.695946418928756,189.53969860647425,98.93737388404524,170.57241383179786,-65.29375362443143,29.796315429210892,35.0,0.12193620966817538,12.395719012176288
18.553306039,105.54208323299986,SAT_10011,19.780464517373787,190.01511291022754,98.94751048985812,170.54983505197967,-65.2092355259864,29.833319812469664,35.0,0.12158588825286695,12.371134398223536
18.553306039,105.64208323299985,SAT_10011,19.856267328214642,190.44150372120734,98.9564822859682,170.5295277747582,-65.13343271514555,29.86643742284349,35.0,0.1212718272212226,12.349070536009602
18.553306039,105.74208323299985,SAT_10011,19.92330190983057,190.81857324279696,98.96432390695351,170.51152458943585,-65.06639813352962,29.895668185076424,35.0,0.12099420192405831,12.329547527246138
18.553306039,105.84208323299984,SAT_10011,19.981520871044793,191.14605489962696,98.97106510507886,170.49585468752645,-65.0081791723154,29.921012032749154,35.0,0.12075316919503289,12.31258334834308
18.653306038999997,105.24208323299987,SAT_10011,19.476970974338073,188.30796173065167,98.91044562546826,170.63060395891546,-65.51272906902211,29.700055589724347,35.0,0.1228445854785862,12.45933611435242
18.653306038999997,105.34208323299987,SAT_10011,19.578615833106156,188.87971406122213,98.92307171280811,170.6036482412618,-65.41108421025403,29.744806990839884,35.0,0.12242280019089485,12.429820159641231
18.653306038999997,105.44208323299986,SAT_10011,19.67167668050726,189.40318132785336,98.9344438019019,170.57888512999307,-65.31802336285293,29.78567407606634,35.0,0.12203683544074635,12.402775473485454
18.653306038999997,105.54208323299986,SAT_10011,19.756090533164922,189.87800924905267,98.94460771005524,170.55635333183758,-65.23360951019527,29.822656752504415,35.0,0.12168690027062838,12.378226030591474
18.653306038999997,105.64208323299985,SAT_10011,19.83179939269685,190.3038715839198,98.95360351114122,170.53608851846423,-65.15790065066334,29.855754936091525,35.0,0.12137318698806145,12.35619388130258
18.653306038999997,105.74208323299985,SAT_10011,19.898750528564506,190.68047172317534,98.96146598967819,170.5181231450354,-65.09094951479568,29.88496855159998,35.0,0.12109587027315623,12.336699051087125
18.753306038999995,104.94208323299989,SAT_10011,19.08794273656578,186.1196778931825,98.86005527170263,170.73289725008584,-65.90175730679441,29.527679188114142,35.0,0.12446098089717565,12.57207826392554
18.753306038999995,105.04208323299989,SAT_10011,19.214732886731625,186.8328724878654,98.87685574230612,170.69970988387266,-65.77496715662856,29.584049628935507,35.0,0.12393381297353638,12.535373088717874
18.753306038999995,105.14208323299988,SAT_10011,19.333165550658677,187.4990562224551,98.89221768520218,170.66857801298676,-65.65653449270151,29.6365383761752,35.0,0.12344170762055647,12.5010531482694
18.753306038999995,105.24208323299987,SAT_10011,19.443165025988918,188.11780327118765,98.90620818288059,170.63954802112414,-65.54653501737127,29.685145310455766,35.0,0.12298491695167083,12.46914738975123
18.753306038999995,105.34208323299987,SAT_10011,19.54465963364602,188.68871043925887,98.91888663432383,170.6126638714519,-65.44504040971417,29.729870321239652,35.0,0.12256367941908217,12.439683180082834
18.753306038999995,105.44208323299986,SAT_10011,19.637582044194517,189.21139899859418,98.93030548856166,170.5879668983306,-65.35211799916567,29.770713306826853,35.0,0.12217821876542909,12.412686188896503
18.753306038999995,105.54208323299986,SAT_10011,19.721869591885564,189.6855164543563,98.94051087291226,170.5654956065286,-65.26783045147462,29.807674174352744,35.0,0.1218287430213273,12.38818027627743
18.753306038999995,105.64208323299985,SAT_10011,19.797464573476873,190.1107382258074,98.9495431301941,170.545285479855,-65.19223546988331,29.840752839786095,35.0,0.12151544355695107,12.366187386257437
18.753306038999995,105.74208323299985,SAT_10011,19.864314528954026,190.48676922536637,98.95743727668142,170.52736880111706,-65.12538551440616,29.869949227927272,35.0,0.12123849419562768,12.34672744702074
18.853306038999996,104.7420832329999,SAT_10097,18.862233411229923,184.85006293816835,98.82925141494809,170.79235785418405,-66.12746663213026,29.427281282480624,35.0,0.12539550159920687,12.636994558827636
18.853306038999996,104.8420832329999,SAT_10097,18.980647616566543,185.51614284318683,98.84559046744667,170.76161017899818,-66.00905242679364,29.480241168570366,35.0,0.12490262099452108,12.602780795371299
18.853306038999996,104.94208323299989,SAT_10097,19.090780165265343,186.1356384296176,98.86048113137743,170.73289973236317,-65.89891987809484,29.529354592831705,35.0,0.12444447951251307,12.57093025905087
18.853306038999996,105.04208323299989,SAT_10097,19.192562205509574,186.70816240599135,98.8739885553667,170.70626866603448,-65.79713783785061,29.57462144320137,35.0,0.12402130660469751,12.541469308412799
18.853306038999996,105.14208323299988,SAT_10011,19.28980028043766,187.25512657746185,98.88664168503692,170.6799921016133,-65.69989976292253,29.61733776496264,35.0,0.12362186145223059,12.51362356481964
18.853306038999996,105.24208323299987,SAT_10011,19.39961035862818,187.87280826728352,98.90071091065323,170.651055819073,-65.590089684732,29.665915884051216,35.0,0.12316575314957849,12.481783996560635
18.853306038999996,105.34208323299987,SAT_10011,19.500928945678282,188.44272531944034,98.91346003479048,170.62425901051486,-65.4887710976819,29.710614381017887,35.0,0.12274514902829434,12.452381319156636
18.853306038999996,105.44208323299986,SAT_10011,19.59368912275795,188.96450131551347,98.9249419916641,170.5996427491312,-65.39601092060224,29.75143315420036,35.0,0.1223602715203586,12.425441054151046
18.853306038999996,105.54208323299986,SAT_10011,19.677828610080766,189.43778593170433,98.93520333127945,170.57724529391265,-65.31187143327942,29.78837211076843,35.0,0.12201132742863888,12.40098692270656
18.853306038999996,105.64208323299985,SAT_10011,19.753290063015257,189.8622566044608,98.94428476300033,170.5571019000684,-65.23640998034493,29.82143116672201,35.0,0.12169850698615597,12.379040740012373
18.953306038999997,104.64208323299991,SAT_10097,18.81954535795235,184.60994263848198,98.82329555428483,170.80341152395187,-66.17015468540784,29.408150551773907,35.0,0.12557325677699968,12.649320456452873
18.953306038999997,104.7420832329999,SAT_10097,18.946360239266028,185.32327634587142,98.84091274211413,170.77052625300104,-66.04333980409416,29.46492269577752,35.0,0.12504530621247897,12.612690940658167
18.953306038999997,104.8420832329999,SAT_10097,19.064956210764265,185.990378685549,98.85703143516244,170.7396416004713,-65.92474383259592,29.51785080665616,35.0,0.12455188155910091,12.578401157221695
18.953306038999997,104.94208323299989,SAT_10097,19.17526004661616,186.61083776221588,98.87172352541627,170.71080236966668,-65.81443999674403,29.56693476361077,35.0,0.12409322699219166,12.546479163695922
18.953306038999997,105.04208323299989,SAT_10097,19.277202323899203,187.18426307193303,98.88505268343437,170.68405107952287,-65.71249771946098,29.61217445462735,35.0,0.12366957377740825,12.51695152078805
18.953306038999997,105.14208323299988,SAT_10097,19.370717730197654,187.7102872323618,98.89707515794481,170.65942776867527,-65.61898231316253,29.653569776474612,35.0,0.12328113927617641,12.489843181685698
18.953306038999997,105.24208323299987,SAT_10097,19.455745360021723,188.1885676501222,98.90784046028432,170.63696980630183,-65.53395468333846,29.691120634701846,35.0,0.12292812599326851,12.465177385745202
18.953306038999997,105.34208323299987,SAT_10097,19.53222899737098,188.61878811021177,98.91739194957279,170.61671171150994,-65.45747104598921,29.72482694363693,35.0,0.12261072067405693,12.442975557442137
18.953306038999997,105.44208323299986,SAT_10097,19.600117381812453,189.00066027269506,98.92576733171138,170.59868498300602,-65.38958266154773,29.75468862638457,35.0,0.12232909345881435,12.423257211467455
18.953306038999997,105.54208323299986,SAT_10097,19.659364455513128,189.33392506226133,98.93299908298069,170.5829179407475,-65.33033558784706,29.78070561482467,35.0,0.12208339710116192,12.406039864823063
19.053306038999995,104.44208323299992,SAT_10010,18.689541768176042,183.87867244599025,98.80477777337201,170.8356781345658,-66.30015827518415,29.349064718435933,35.0,0.12612335645095796,12.687421502603312
19.053306038999995,104.54208323299991,SAT_10097,18.75888052076772,184.26870292931844,98.81474557088377,170.81909213278402,-66.23081952259247,29.380928209299288,35.0,0.12582593428984032,12.666829664817891
19.053306038999995,104.64208323299991,SAT_10097,18.89400780529033,185.0287939047581,98.83370713409954,170.78411959272952,-66.09569223806986,29.441507698838027,35.0,0.12526321645607089,12.627817127722286
19.053306038999995,104.7420832329999,SAT_10097,19.020985155021563,185.74304149699628,98.85111131282281,170.7511072825733,-65.96871488833862,29.498245603235627,35.0,0.12473479039362446,12.591118418607346
19.053306038999995,104.8420832329999,SAT_10097,19.139735315606146,186.4110111502846,98.86703747486965,170.72010243687077,-65.84996472775404,29.551141792962152,35.0,0.1242409138927162,12.556763169952708
19.053306038999995,104.94208323299989,SAT_10097,19.250184537541998,187.03228802367374,98.88155604328432,170.691150195646,-65.73951550581819,29.600196147271358,35.0,0.12378183279581904,12.524779624647723
19.053306038999995,105.04208323299989,SAT_10097,19.352262895561125,187.60647878753136,98.89472940463422,170.66429340126803,-65.63743714779906,29.645408554198212,35.0,0.12335777995957267,12.495194520769681
19.053306038999995,105.14208323299988,SAT_10097,19.445904599474915,188.1332133720464,98.9066126869438,170.63957240035708,-65.54379544388527,29.686778910556544,35.0,0.12296897425136179,12.468032979833369
19.053306038999995,105.24208323299987,SAT_10097,19.531048293777104,188.61214665249622,98.91725442591472,170.61702485250433,-65.45865174958308,29.724307121936906,35.0,0.12261561958825694,12.443318399427405
19.053306038999995,105.34208323299987,SAT_10097,19.607637343292097,189.04296005601805,98.92669713477898,170.59668554759782,-65.38206270006809,29.757993102704603,35.0,0.1222979040259482,12.421072351148926
19.053306038999995,105.44208323299986,SAT_10097,19.675620102197044,189.4253630748584,98.93497779043113,170.578586233524,-65.31407994116314,29.78783677599791,35.0,0.12201599890513698,12.401314484731921
19.053306038999995,105.54208323299986,SAT_10097,19.734950163824024,189.75909467151013,98.94212824625829,170.56275545596517,-65.25474987953616,29.81383807372648,35.0,0.12177005806257997,12.384062439234892
19.153306038999993,104.24208323299993,SAT_10010,18.97888251752272,185.50621416106532,98.84534734034797,170.76076557596554,-66.01081752583747,29.478736257703105,35.0,0.12491829876245195,12.603869908812586
19.153306038999993,104.34208323299993,SAT_10010,18.83352872859527,184.68859909834842,98.82524219435123,170.79849229541182,-66.15617131476492,29.41371208476893,35.0,0.1255234528090591,12.645867651312976
19.153306038999993,104.44208323299992,SAT_10097,18.68033712516457,183.82689632905073,98.8035311050379,170.83934532653043,-66.30936291819562,29.345621776786263,35.0,0.12615319337529574,12.68948617507615
19.153306038999993,104.54208323299991,SAT_10097,18.823678354077913,184.63319074168825,98.82391579596744,170.80234203532402,-66.16602168928227,29.41000365915206,35.0,0.1255560450931196,12.648127268017205
19.153306038999993,104.64208323299991,SAT_10097,18.958944383842535,185.39406215911427,98.84267446813313,170.76725510517522,-66.03075565951765,29.47054642362759,35.0,0.12499293501432435,12.60905404295568
19.153306038999993,104.7420832329999,SAT_10097,19.086054303147336,186.10905545520376,98.85989484675392,170.73413396531845,-65.90364574021285,29.52724993195668,35.0,0.12446413334497006,12.572297573506107
19.153306038999993,104.8420832329999,SAT_10097,19.20493039290365,186.777733460083,98.8756548576304,170.70302614921184,-65.78476965045654,29.58011405466573,35.0,0.12396989935876422,12.537887656551671
19.153306038999993,104.94208323299989,SAT_10097,19.31549845429832,187.39967880542807,98.89002366228907,170.67397708627539,-65.67420158906187,29.629138671061014,35.0,0.12351048032424165,12.505852693523249
19.153306038999993,105.04208323299989,SAT_10097,19.417688130993284,187.97449573683724,98.90306254427882,170.64702989689044,-65.5720119123669,29.674323669226162,35.0,0.12308611045898699,12.47621957424364
19.153306038999993,105.14208323299988,SAT_10097,19.511433222764808,188.50181187805205,98.91482566861164,170.622225192443,-65.47826682059538,29.715668946019846,35.0,0.12269700991863386,12.449013564253583
19.153306038999993,105.24208323299987,SAT_10097,19.596671987849362,188.98127993165267,98.92536073242232,170.59960088221106,-65.39302805551083,29.753174407073637,35.0,0.12234338382841524,12.424258196544976
19.153306038999993,105.34208323299987,SAT_10097,19.673347431247137,189.41257930076515,98.93470952173007,170.57919198891489,-65.31635261211305,29.786839966790026,35.0,0.12202542136497557,12.401975168623219
19.153306038999993,105.44208323299986,SAT_10097,19.741407576280906,189.79541761658012,98.94290838657297,170.56103047471967,-65.24829246707928,29.816665548340673,35.0,0.12174329489599159,12.382184245804286
19.153306038999993,105.54208323299986,SAT_10097,19.800805716785447,190.12953215691815,98.94998864463031,170.54514507943225,-65.18889432657474,29.842651083664784,35.0,0.12149715918487541,12.364903171622396
19.153306038999993,105.64208323299985,SAT_10097,19.8515006474167,190.41469114171895,98.95597692165332,170.53156117256276,-65.13819939594349,29.86479651346772,35.0,0.12128715066745649,12.350147586180995
19.253306038999995,104.04208323299994,SAT_10010,19.225485743138066,186.89335730515162,98.87830822328895,170.69632398448547,-65.76421430022212,29.588506276314998,35.0,0.12389264325248692,12.532503948799164
19.253306038999995,104.14208323299994,SAT_10010,19.096622681341472,186.16850258254578,98.86127157578866,170.73006672207617,-65.89307736201872,29.531232053542688,35.0,0.1244284389346096,12.569814254550609
19.253306038999995,104.24208323299993,SAT_10010,18.959552059803542,185.39748033639495,98.84272119401626,170.7657937448542,-66.03014798355665,29.47010252556972,35.0,0.12499875173092276,12.609458012541253
19.253306038999995,104.34208323299993,SAT_10010,18.814357076951552,184.58075855785248,98.82257104413704,170.80345419750682,-66.17534296640864,29.405117831769214,35.0,0.12560330389674285,12.651403296774294
19.253306038999995,104.44208323299992,SAT_10097,18.735483512743016,184.13709475917946,98.81145781928907,170.825131017187,-66.25421653061717,29.3704181393753,35.0,0.12592340678063443,12.67358024602483
19.253306038999995,104.54208323299991,SAT_10097,18.8789355583488,184.944012515712,98.83165279699315,170.7880285552811,-66.11076448501139,29.434760790177176,35.0,0.12532596351184488,12.632170756395618
19.253306038999995,104.64208323299991,SAT_10097,19.014308214989768,185.70548370931743,98.85023933136291,170.75284680458168,-65.97539182837042,29.49526666261567,35.0,0.1247625684436984,12.593049117960721
19.253306038999995,104.7420832329999,SAT_10097,19.141520175526736,186.4210509873379,98.86730375409843,170.71963544907078,-65.84817986783345,29.551935618494436,35.0,0.12423349304969308,12.556246544207422
19.253306038999995,104.8420832329999,SAT_10097,19.260493335452423,187.09027501191989,98.88292277185577,170.68844227063593,-65.72920670790776,29.604767528395882,35.0,0.1237389978298136,12.5217929678379
19.253306038999995,104.94208323299989,SAT_10097,19.37115312328136,187.71273631845767,98.8971644793449,170.65931293925158,-65.61854692007883,29.653762271678467,35.0,0.12327933123134985,12.489716921274363
19.253306038999995,105.04208323299989,SAT_10097,19.473428825089528,188.2880371411286,98.91008922711703,170.63229080641844,-65.51627121827066,29.6989197364742,35.0,0.12285472859678064,12.460045419729635
19.253306038999995,105.14208323299988,SAT_10097,19.567253900481447,188.81580319020813,98.9217503654402,170.60741670365059,-65.42244614287874,29.74023981968632,35.0,0.12246541114652115,12.432803847767955
19.253306038999995,105.24208323299987,SAT_10097,19.65256628721548,189.29568536558705,98.93219488185578,170.58472874783777,-65.33713375614471,29.777722426987168,35.0,0.12211158500437416,12.40801585028973
19.253306038999995,105.34208323299987,SAT_10097,19.729308691717677,189.72736139091194,98.94146394691224,170.5642621553145,-65.26039135164251,29.811367472816205,35.0,0.12179344027346407,12.385703228870733
19.253306038999995,105.44208323299986,SAT_10097,19.79742886275382,190.11053735299024,98.94959338003278,170.54604906644445,-65.19227118060637,29.841174880378265,35.0,0.12151115017026637,12.365885844369915
19.253306038999995,105.54208323299986,SAT_10097,19.856879845602478,190.44494913151397,98.95661404537577,170.53011838248545,-65.13282019775771,29.86714458164194,35.0,0.12126487022407417,12.348581526690124
19.253306038999995,105.64208323299985,SAT_10097,19.907620214201458,190.73036370488322,98.9625521858035,170.51649561641523,-65.08207982915873,29.889276517338182,35.0,0.1210547375488609,12.333805992532815
19.253306038999995,105.74208323299985,SAT_10097,19.94961427889652,190.96658031879292,98.96742970160837,170.50520275929782,-65.04008576446367,29.90757063695906,35.0,0.12088087019401261,12.32157277193091
19.353306038999996,103.94208323299995,SAT_10010,19.316554091219302,187.40561676310858,98.89013211641927,170.67238668089948,-65.67314595214089,29.628867857030155,35.0,0.12351420952763241,12.506112918743932
19.353306038999996,104.04208323299994,SAT_10010,19.19614377978111,186.72830876126872,98.8744764863916,170.70402042134447,-65.79355626357908,29.575481669770234,35.0,0.12401461179424032,12.541002900210593
19.353306038999996,104.14208323299994,SAT_10010,19.06745593767161,186.0044396494028,98.85737772100572,170.73768313978337,-65.92224410568858,29.51824239972585,35.0,0.12454975999251658,12.57825360563854
19.353306038999996,104.24208323299993,SAT_10010,18.930570196139186,185.23445735328292,98.83875890996575,170.77332611109316,-66.059129847221,29.45715017741348,35.0,0.12511938855333204,12.617834524988
19.353306038999996,104.34208323299993,SAT_10010,18.78556939288022,184.41882783495126,98.81853349841835,170.81089870735255,-66.20413065047997,29.392205142151667,35.0,0.12572322090664664,12.659713864372442
19.353306038999996,104.44208323299992,SAT_10097,18.781083671412105,184.39359565169312,98.81795481364773,170.81335688246355,-66.20861637194808,29.39089630644993,35.0,0.12573344607859713,12.660422349855871
19.353306038999996,104.54208323299991,SAT_10097,18.92461232472668,185.20094432658757,98.83799258648969,170.77617609706095,-66.0650877186335,29.455199548212793,35.0,0.12513582203397133,12.618975347751368
19.353306038999996,104.64208323299991,SAT_10097,19.060058929691763,185.96283147951618,98.85643647207228,170.74091945555224,-65.92964111366842,29.51566836172609,35.0,0.12457225100393769,12.579817768838334
19.353306038999996,104.7420832329999,SAT_10097,19.18734186686551,186.6787980011185,98.87337164960816,170.70763684353707,-65.80235817649468,29.572302608852944,35.0,0.12404300545816525,12.542980936352373
19.353306038999996,104.8420832329999,SAT_10097,19.30638272761729,187.3484028428473,98.88887381728986,170.6763762395397,-65.6833173157429,29.625102160231425,35.0,0.12354834686029965,12.508494889574317
19.353306038999996,104.94208323299989,SAT_10097,19.41710664636338,187.97122488579402,98.90301018721858,170.64718350395793,-65.57259339699681,29.674066895271864,35.0,0.12308852458381532,12.476388263726925
19.353306038999996,105.04208323299989,SAT_10097,19.51944262696172,188.54686477665967,98.91584033793313,170.6201021712607,-65.47025741639847,29.71919670215436,35.0,0.12266377485494723,12.44668817243719
19.353306038999996,105.14208323299988,SAT_10097,19.613323860515493,189.07494671539965,98.92741694544766,170.59517324724538,-65.3763761828447,29.760491477826456,35.0,0.1222743197305528,12.419420093695216
19.353306038999996,105.24208323299987,SAT_10097,19.69868803180553,189.55512017890612,98.93778640999902,170.57243501318683,-65.29101201155466,29.797951128001014,35.0,0.12192036611879456,12.394607760250043
19.353306038999996,105.34208323299987,SAT_10097,19.775477611551963,189.9870615649798,98.94698939267997,170.55192283873228,-65.21422243180822,29.83157556715424,35.0,0.12160210485047622,12.372273055379692
19.353306038999996,105.44208323299986,SAT_10097,19.843640131757667,190.3704757411369,98.95506127365711,170.53366900536145,-65.14605991160252,29.861364718523944,35.0,0.12131970980869798,12.352435914956324
19.353306038999996,105.54208323299986,SAT_10097,19.903128441454683,190.70509748318258,98.9620325416233,170.51770254219164,-65.0865716019055,29.887318514107925,35.0,0.12107333712422434,12.335114236697567
19.353306038999996,105.64208323299985,SAT_10097,19.953900940301963,190.99069278919856,98.96792912242933,170.50404907582566,-65.03579910305822,29.90943689466257,35.0,0.12086312444357405,12.320323797451561
19.353306038999996,105.74208323299985,SAT_10097,19.995921787648825,191.22706005552465,98.97277265340747,170.49273069583055,-64.99377825571136,29.927719809701628,35.0,0.12068919027635358,12.308078179306086
19.453306038999994,104.14208323299994,SAT_10010,19.028625624783984,185.7860191394099,98.85215842539664,170.74781111563647,-65.9610744185762,29.500933989535305,35.0,0.12471130560683868,12.589485986868189
19.453306038999994,104.24208323299993,SAT_10010,18.891958175885833,185.01726473935784,98.83344318044307,170.78334963701485,-66.09774186747435,29.439879241562494,35.0,0.1252801385671829,12.628991333454817
19.453306038999994,104.34208323299993,SAT_10010,18.747186512447186,184.20292413251542,98.81311166101689,170.82081305015384,-66.242513530913,29.37497404416043,35.0,0.12588313449879449,12.6707913904208
19.453306038999994,104.44208323299992,SAT_10097,18.81710489430337,184.59621503045645,98.8230524180873,170.80404296711447,-66.17259514905682,29.407056233207506,35.0,0.12558342015169616,12.650024994998152
19.453306038999994,104.54208323299991,SAT_10097,18.960675470268754,185.40379952026177,98.84296435035712,170.76680501175923,-66.02902457309143,29.471319888546837,35.0,0.12498573104796767,12.608553718831075
19.453306038999994,104.64208323299991,SAT_10097,19.096162886913376,186.16591623888775,98.86129404954049,170.7314937042196,-65.89353715644681,29.53175147633193,35.0,0.12442209452753719,12.569372834031617
19.453306038999994,104.7420832329999,SAT_10097,19.2234852976503,186.88210479928293,98.8781257719376,170.69815907749546,-65.76621474570989,29.588350858485015,35.0,0.12389278378053498,12.532513742918912
19.453306038999994,104.8420832329999,SAT_10097,19.342564072631447,187.55192290855186,98.89353440810468,170.6668492538808,-65.64713597072874,29.641117905699495,35.0,0.12339806096728885,12.49800656158016
19.453306038999994,104.94208323299989,SAT_10097,19.453324132328746,188.1749482443492,98.90758646325733,170.63761023300964,-65.53637591103144,29.690052497437264,35.0,0.12293817613063533,12.465879999328429
19.453306038999994,105.04208323299989,SAT_10097,19.555694275278853,188.75078029844354,98.92034089759686,170.6104856831463,-65.43400576808133,29.73515452192622,35.0,0.12251336613531856,12.436161240725946
19.453306038999994,105.14208323299988,SAT_10097,19.649607497228146,189.27904217190832,98.93184984707972,170.58551673753928,-65.34009254613204,29.776423876157942,35.0,0.1221238536423634,12.408875831108329
19.453306038999994,105.24208323299987,SAT_10097,19.73500129887968,189.7593823061982,98.94215924151607,170.56274179768468,-65.2546987444805,29.81386046588556,35.0,0.12176984612635164,12.384047566555049
19.453306038999994,105.34208323299987,SAT_10097,19.81181797943185,190.19147613430417,98.95130933392045,170.54219634535852,-65.17788206392834,29.847464205621822,35.0,0.12145153494347116,12.361698389248163
19.453306038999994,105.44208323299986,SAT_10097,19.880004913140837,190.57502763641722,98.95933515260685,170.52391276525333,-65.10969513021935,29.877235018637304,35.0,0.12116909445804297,12.34184828914528
19.453306038999994,105.54208323299986,SAT_10097,19.939514806212458,190.90977078494507,98.9662668855107,170.50792018000902,-65.05018523714773,29.903172836958838,35.0,0.1209226812349564,12.324515212862588
19.453306038999994,105.64208323299985,SAT_10097,19.99030593146253,191.19547086447673,98.97213020454771,170.4942442993405,-64.99939411189766,29.925277601368098,35.0,0.1207124333050589,12.309714980620203
19.453306038999994,105.74208323299985,SAT_10097,20.032342338335198,191.43192565313552,98.97694653641122,170.48290728487052,-64.95735770502499,29.943549261400378,35.0,0.12053846951005574,12.297461212044793
19.55330603899999,104.14208323299994,SAT_10010,18.98016040083813,185.5134022547145,98.84559086949736,170.76043305914442,-66.00953964252206,29.479306860824156,35.0,0.12491298051883781,12.603500463682954
19.55330603899999,104.24208323299993,SAT_10010,18.84374415106896,184.7460608497629,98.82675044518844,170.79584705469688,-66.14595589229123,29.418289755791392,35.0,0.12548090812793222,12.642917685257807
19.55330603899999,104.34208323299993,SAT_10010,18.69923606300712,183.93320285441507,98.80628114854618,170.8331802920549,-66.29046398035307,29.353424575486702,35.0,0.1260829527069016,12.684625311077973
19.55330603899999,104.44208323299992,SAT_10097,18.843521170460875,184.74480658384243,98.82677425468952,170.79720521766134,-66.14617887289931,29.418897884294438,35.0,0.12547341556224384,12.642398123970162
19.55330603899999,104.54208323299991,SAT_10097,18.987098618029464,185.55242972641577,98.84659081311999,170.75993148192683,-66.00260142533072,29.483121775915752,35.0,0.12487577826956574,12.600915941050083
19.55330603899999,104.64208323299991,SAT_10097,19.1225933576342,186.31458763669238,98.86483398286207,170.72458596039587,-65.86710668572599,29.543515971254273,35.0,0.12431218783581202,12.561724508748572
19.55330603899999,104.7420832329999,SAT_10097,19.249923401942695,187.0308191359277,98.8815873179004,170.69121877842122,-65.73977664141749,29.600080332291,35.0,0.12378291789252496,12.524855277394751
19.55330603899999,104.8420832329999,SAT_10097,19.369009984020934,187.70068116011774,98.89692509425836,170.65987814837945,-65.62069005933925,29.652814729774335,35.0,0.1232882310264569,12.49033840970768
19.55330603899999,104.94208323299989,SAT_10097,19.479777891748952,188.32375064108786,98.91091327933607,170.63061015715112,-65.50992215161124,29.70171904321742,35.0,0.12282837768978894,12.458202659987744
19.55330603899999,105.04208323299989,SAT_10097,19.582155796403427,188.89962635476928,98.92361036293987,170.60345855684187,-65.40754424695676,29.746793160895663,35.0,0.12240359513743916,12.428475255873112
19.55330603899999,105.14208323299988,SAT_10097,19.676076572635836,189.42793072107656,98.93506807022733,170.57846456056967,-65.31362347072435,29.788036979844417,35.0,0.12201410639936822,12.401181783599728
19.55330603899999,105.24208323299987,SAT_10097,19.761477607036795,189.90831153958197,98.94533197321476,170.55566664517156,-65.22822243632339,29.82545040585685,35.0,0.12166011929583392,12.376346077712864
19.55330603899999,105.34208323299987,SAT_10097,19.83830109246702,190.340443645127,98.95444201457731,170.53510036269626,-65.15139895089317,29.859033353482012,35.0,0.12134182550348756,12.353990116175435
19.55330603899999,105.44208323299986,SAT_10097,19.90649430537755,190.72403046774872,98.9624329550766,170.51679816252368,-65.08320573798264,29.88878574602306,35.0,0.1210593996800407,12.334133921801977
19.55330603899999,105.54208323299986,SAT_10097,19.966009863415266,191.0588054817109,98.96933475397199,170.50078922590848,-65.02369017994492,29.914707515535685,35.0,0.12081299865495478,12.316795470917173
19.55330603899999,105.64208323299985,SAT_10097,20.016805960741166,191.34453352916907,98.97517289012137,170.4870993146584,-64.97289408261902,29.93679860282669,35.0,0.12060276069322245,12.301990610094085
19.55330603899999,105.74208323299985,SAT_10097,20.058846578645458,191.5810120048807,98.97996863009026,170.475750635559,-64.93085346471473,29.95505895745279,35.0,0.12042880483881682,12.289732981769713
19.653306038999993,104.14208323299994,SAT_10010,18.9220957763158,185.18678874177638,98.83764591221684,170.77552718191183,-66.06760426704439,29.45336106089258,35.0,0.1251546666458019,12.62028347937933
19.653306038999993,104.24208323299993,SAT_10010,18.785963022737278,184.4210420028972,98.8186505994476,170.81079696430953,-66.20373702062291,29.392381767322362,35.0,0.1257215810975276,12.659600242538216
19.653306038999993,104.34208323299993,SAT_10097,18.708768550875817,183.98682309867647,98.80772585535192,170.83202033013566,-66.28093149248437,29.35841011539349,35.0,0.12603471599665816,12.681286561745553
19.653306038999993,104.44208323299992,SAT_10097,18.86031332605961,184.83926245908532,98.82913753238911,170.79285539205713,-66.12938671730058,29.426421233805208,35.0,0.1254034961023423,12.637549062946308
19.653306038999993,104.7420832329999,SAT_10097,19.26663627785007,187.12482906290666,98.88377169913612,170.68682817597437,-65.72306376551012,29.607491004617817,35.0,0.1237134738603926,12.520013120293173
19.653306038999993,104.8420832329999,SAT_10097,19.38570033892813,187.79456440647076,98.89906080824503,170.6554752960993,-65.60399970443206,29.6601926068763,35.0,0.12321892378937122,12.48549809141969
19.653306038999993,104.94208323299989,SAT_10097,19.49644759302214,188.41751771074954,98.91300513983417,170.62619578501963,-65.49325245033805,29.709066507100786,35.0,0.12275919665823122,12.453363975760974
19.653306038999993,105.04208323299989,SAT_10097,19.598806662992985,188.99328747933555,98.92566285698773,170.59903342820078,-65.3908933803672,29.754112593613907,35.0,0.12233452986169664,12.423638015918627
19.653306038999993,105.14208323299988,SAT_10097,19.692710377411657,189.52149587294056,98.93708539964592,170.57402947054072,-65.29698966594853,29.79533076349452,35.0,0.12194514656148604,12.396345812340844
19.653306038999993,105.24208323299987,SAT_10097,19.778096079435485,190.0017904468246,98.94731809150228,170.55122241885573,-65.2116039639247,29.832720922575593,35.0,0.12159125470094577,12.371511212943611
19.653306038999993,105.34208323299987,SAT_10097,19.85490592144376,190.43384580812113,98.95640065992104,170.5306478531568,-65.13479412191643,29.866282985442265,35.0,0.12127304607054296,12.349156208131353
19.653306038999993,105.44208323299986,SAT_10097,19.923087142646438,190.81736517738622,98.96436768010041,170.51233824856482,-65.06661290071375,29.896016875430078,35.0,0.12099069543195393,12.329300832147057
19.653306038999993,105.54208323299986,SAT_10097,19.98259232696458,191.15208183917576,98.97124895274835,170.49632280965895,-65.00710771639561,29.9219225246234,35.0,0.12074435970820897,12.311963071651851
19.653306038999993,105.64208323299985,SAT_10097,20.033379638600067,191.43776046712537,98.97706982290453,170.48262731897688,-64.95632040476012,29.943999873854025,35.0,0.12053417724696977,12.29715878239029
19.653306038999993,105.74208323299985,SAT_10097,20.075413032880576,191.67419830995325,98.98185144616939,170.4712740012761,-64.91428701047961,29.962248872699952,35.0,0.1203602671635225,12.284901614739933
19.753306038999995,104.8420832329999,SAT_10097,19.39262239153426,187.83350095238023,98.89995104260787,170.6536485356054,-65.59707765182593,29.66325152087116,35.0,0.1231901815270029,12.483490455564665
19.753306038999995,104.94208323299989,SAT_10097,19.50332037773036,188.45617712473327,98.91387125277109,170.62437502900616,-65.48637966562983,29.71209487302083,35.0,0.12273067565026062,12.45136883399424
19.753306038999995,105.04208323299989,SAT_10097,19.605633911183247,189.03169075040577,98.92650733446672,170.59721827879895,-65.38406613217694,29.757112804076797,35.0,0.12230621324284541,12.421654444211946
19.753306038999995,105.14208323299988,SAT_10097,19.69949584977354,189.55966415497616,98.93791056551103,170.57221951331545,-65.29020419358665,29.798305211161175,35.0,0.12191701736014306,12.394372874072232
19.753306038999995,105.24208323299987,SAT_10097,19.784843564262317,190.03974504897556,98.94812612860704,170.54941722374429,-65.20485647909787,29.835672000146484,35.0,0.12156329584513752,12.369547959654932
19.753306038999995,105.34208323299987,SAT_10097,19.8616192327367,190.47160818414397,98.95719362900395,170.52884697552062,-65.12808081062349,29.86921308565374,35.0,0.12124524039465585,12.347201680361952
19.753306038999995,105.44208323299986,SAT_10097,19.929770118040224,190.85495691397625,98.96514753676287,170.51054123034697,-65.05992992531996,29.898928391050674,35.0,0.1209630256841675,12.3273540603395
19.753306038999995,105.54208323299986,SAT_10097,19.989248825482747,191.18952464334043,98.97201756284258,170.49452918064384,-65.00045121787744,29.924817848450164,35.0,0.12071680855859096,12.31002307712518
19.753306038999995,105.64208323299985,SAT_10097,20.040013538254655,191.47507615268245,98.97782897659766,170.480836598143,-64.94968650510553,29.946881398708836,35.0,0.12050672729617748,12.295224578375208
19.753306038999995,105.74208323299985,SAT_10097,20.08202822813105,191.71140878323715,98.9826028709153,170.46948569823317,-64.90767181522914,29.965118991425854,35.0,0.12033290095204743,12.282972207469774
19.753306038999995,105.84208323299984,SAT_10097,20.115262839261717,191.89835347084716,98.98635638005771,170.4604950215292,-64.87443720409847,29.97953058494186,35.0,0.12019542878736106,12.273277338723771
19.853306038999992,104.8420832329999,SAT_10097,19.38977084523799,187.8174610044637,98.89959996202053,170.65440112459407,-65.5999291981222,29.661991465069644,35.0,0.12320202180313924,12.484317516794638
19.853306038999992,104.94208323299989,SAT_10097,19.5003909339368,188.4396990033945,98.91351563773472,170.6251511581324,-65.48930910942339,29.710804134355566,35.0,0.12274283226800788,12.452219253378534
19.853306038999992,105.04208323299989,SAT_10097,19.602632214940613,189.01480620904098,98.92614768606884,170.59801638810092,-65.38706782841957,29.755793785724368,35.0,0.12231866291774736,12.42252656312528
19.853306038999992,105.14208323299988,SAT_10097,19.69642765082358,189.5424055358826,98.9375473444626,170.57303797791621,-65.29327239253661,29.796960316341146,35.0,0.12192973646345279,12.395264994498087
19.853306038999992,105.24208323299987,SAT_10097,19.78171471098061,190.02214524926595,98.94775976080543,170.5502543575307,-65.20798533237958,29.83430363211775,35.0,0.12157626042442238,12.370458346542215
19.853306038999992,105.34208323299987,SAT_10097,19.85843566539043,190.45370061782117,98.95682451043866,170.5297010352629,-65.13126437796976,29.86782364771085,35.0,0.12125842619650905,12.348128564221206
19.853306038999992,105.44208323299986,SAT_10097,19.926537861396298,190.83677547035418,98.96477603787028,170.51141042023804,-65.06316218196389,29.897520286520173,35.0,0.1209764081789176,12.32829564006712
19.853306038999992,105.54208323299986,SAT_10097,19.98597398080463,191.17110364202603,98.9716440324002,170.49541165723426,-65.00372606255556,29.92339348068694,35.0,0.1207303629668789,12.310977523041355
19.853306038999992,105.64208323299985,SAT_10097,20.036702274734452,191.4564502953813,98.9774537452357,170.4817304756423,-64.95299776862574,29.945443171092464,35.0,0.12052042861724852,12.296190035458645
19.853306038999992,105.74208323299985,SAT_10097,20.07868677381154,191.69261310268993,98.9822262543129,170.47038905414217,-64.91101326954865,29.963669307356938,35.0,0.12034672399358531,12.28394679876982
19.853306038999992,105.84208323299984,SAT_10097,20.11189747150995,191.87942327724346,98.98597868188332,170.4614059025638,-64.87780257185024,29.978071847838393,35.0,0.12020934819667264,12.274259168928157
19.95330603899999,104.94208323299989,SAT_10097,19.48766152654403,188.36809608681017,98.9119371728669,170.62852277852943,-65.50203851681616,29.705194293927388,35.0,0.12279565900644182,12.455914373207682
19.95330603899999,105.04208323299989,SAT_10097,19.58980391668699,188.94264703136432,98.92458278364349,170.60142631375413,-65.3998961266732,29.750155541440648,35.0,0.12237187112976883,12.426253483229942
19.95330603899999,105.14208323299988,SAT_10097,19.68350819542023,189.46973359923882,98.93599460322308,170.57648337664756,-65.30619184793996,29.791296081974863,35.0,0.12198329588005093,12.399021257387204
19.95330603899999,105.24208323299987,SAT_10097,19.768712001431282,189.949005008051,98.94621785066585,170.55373229055863,-65.2209880419289,29.82861582148097,35.0,0.12163014023069829,12.374241432620549
19.95330603899999,105.34208323299987,SAT_10097,19.84535776242484,190.38013741363972,98.95529216345008,170.53320846437555,-65.14434228093535,29.86211467465108,35.0,0.12131259507030787,12.351935896140576
19.95330603899999,105.44208323299986,SAT_10097,19.913392970785964,190.76283546067106,98.9632520399783,170.51494421569785,-65.07630707257422,29.891792564916734,35.0,0.12103083433273677,12.332124587460369
19.95330603899999,105.54208323299986,SAT_10097,19.97277043962785,191.09683372290667,98.97012721586802,170.49896860637165,-65.01692960373234,29.917649424447323,35.0,0.12078501419284034,12.314825407615166
19.95330603899999,105.64208323299985,SAT_10097,20.023448536672205,191.38189801878116,98.97594298162275,170.48530729208483,-64.96625150668798,29.939685194148694,35.0,0.12057527233488606,12.30005413641697
19.95330603899999,105.74208323299985,SAT_10097,20.065391393566372,191.61782658881083,98.98072044791309,170.47398238762028,-64.92430864979382,29.957899823661947,35.0,0.12040172730016552,12.287824358535316
19.95330603899999,105.84208323299984,SAT_10097,20.09856908845545,191.80445112256191,98.98447676353767,170.4650123492221,-64.89113095490474,29.972293271362396,35.0,0.12026447791973471,12.278147399125297
19.95330603899999,105.94208323299983,SAT_10097,20.12295779986671,191.94163762425023,98.98722529013553,170.4584118753732,-64.86674224349348,29.982865504358717,35.0,0.12016360283752611,12.27103226964146
20.05330603899999,105.04208323299989,SAT_10097,19.567159013826426,188.81526945277366,98.92180646724488,170.6074419002583,-65.42254102953376,29.740198083553754,35.0,0.1224658047708405,12.432831408058378
20.05330603899999,105.14208323299988,SAT_10097,19.660747638209017,189.34170546492572,98.9332462856785,170.58254945409058,-65.32895240515117,29.781312520446498,35.0,0.12207766200260554,12.405637809504496
20.05330603899999,105.24208323299987,SAT_10097,19.74584573540129,189.82038226163223,98.94349443416482,170.55984467511948,-65.2438543079589,29.81860858067116,35.0,0.12172490119660535,12.38089331231398
20.05330603899999,105.34208323299987,SAT_10097,19.822395955980326,190.25097725238933,98.95259070502644,170.5393628309419,-65.16730408737986,29.852086178955087,35.0,0.12140771252987374,12.358619722863171
20.05330603899999,105.44208323299986,SAT_10097,19.890345997274707,190.63319623467027,98.96056973057625,170.52113610910567,-65.09935404608548,29.88174523876144,35.0,0.1211262692836643,12.338836906457589
20.05330603899999,105.54208323299986,SAT_10097,19.949648857931734,190.96677482586603,98.96746136120908,170.50519345361906,-65.04005118542845,29.907585692287604,35.0,0.12088072704343242,12.321562697053562
20.05330603899999,105.64208323299985,SAT_10097,20.00026307042681,191.25147977115083,98.97329098457449,170.49156041545075,-64.98943697293338,29.929607480463826,35.0,0.12067122297114972,12.306812814975311
20.05330603899999,105.74208323299985,SAT_10097,20.042152909144292,191.48711011393664,98.97807979209871,170.48025901859873,-64.9475471342159,29.947810552951992,35.0,0.12049787515642624,12.29460079341273
20.05330603899999,105.84208323299984,SAT_10097,20.075288571861464,191.67349821672073,98.98184499795548,170.4713076431756,-64.91441147149872,29.962194868144586,35.0,0.1203607820523267,12.284937914415385
20.05330603899999,105.94208323299983,SAT_10097,20.099646332710307,191.8105106214955,98.98460001458119,170.46472092679602,-64.89005371064988,29.972760393163856,35.0,0.12026002200108521,12.277833155016632
20.05330603899999,106.04208323299983,SAT_10097,20.115208664974702,191.89804874048272,98.98635458795502,170.4605096853635,-64.87449137838549,29.979507103861128,35.0,0.12019565285415454,12.27329314402897
20.05330603899999,106.14208323299982,SAT_10097,20.12196433238222,191.93604936965,98.98711489508524,170.4586808541545,-64.86773571097797,29.98243498481631,35.0,0.12016771169018313,12.271322129949603
20.05330603899999,106.24208323299982,SAT_10097,20.1199084478922,191.92448501939361,98.98688360544122,170.45923744986678,-64.86979159546799,29.981544029337595,35.0,0.12017621463361072,12.271921960305198
20.153306038999993,104.8420832329999,SAT_10097,19.322633719521832,187.43981467231032,98.89106115422915,170.67209863755838,-65.66706632383836,29.63229755366641,35.0,0.12348084184375821,12.503784398102617
20.153306038999993,104.94208323299989,SAT_10097,19.432849643916526,188.05977924703046,98.90508136082107,170.64302368091677,-65.55685039944366,29.681017366294434,35.0,0.1230231676676216,12.471820917153714
20.153306038999993,105.04208323299989,SAT_10097,19.534715101332836,188.63277244499722,98.91780747375473,170.6160523159049,-65.45498494202735,29.72592143383622,35.0,0.12260040556073716,12.442253654397932
20.153306038999993,105.14208323299988,SAT_10097,19.62816381497983,189.15842145926155,98.92929134314595,170.5912252248572,-65.36153622838036,29.76700965358431,35.0,0.12221277579054023,12.415107881316928
20.153306038999993,105.24208323299987,SAT_10097,19.713133970837816,189.63637858596272,98.93957865240172,170.56858038396422,-65.27656607252237,29.80428193156712,35.0,0.12186048358144015,12.390407136543837
20.153306038999993,105.34208323299987,SAT_10097,19.78956850648153,190.0663228489586,98.94870944289815,170.54815287834586,-65.20013153687866,29.837738182547035,35.0,0.12154371819747885,12.368173122882364
20.153306038999993,105.44208323299986,SAT_10097,19.857415383139582,190.44796153016017,98.95671856215937,170.52997472759685,-65.1322846602206,29.867378330018628,35.0,0.12126265208271338,12.348425610559671
20.153306038999993,105.54208323299986,SAT_10097,19.916627838354984,190.78103159074678,98.96363604490772,170.51407472355564,-65.0730722050052,29.89320230620714,35.0,0.12101744006659809,12.331182347590111
20.153306038999993,105.64208323299985,SAT_10097,19.967164616734806,191.0653009691333,98.96948743470372,170.50047828196725,-65.02253542662538,29.915210052067053,35.0,0.12080821864126302,12.316458978083924
20.153306038999993,105.74208323299985,SAT_10097,20.008990176441714,191.30056974248464,98.97429405250553,170.48920730960396,-64.98070986691847,29.933401517280917,35.0,0.1206351053171032,12.304268969278326
20.153306038999993,105.84208323299984,SAT_10097,20.042074869278593,191.4866711396921,98.97807321729717,170.48028008827757,-64.9476251740816,29.947776660258288,35.0,0.12049819806250953,12.294623547999805
20.153306038999993,105.94208323299983,SAT_10097,20.066395092465285,191.62347239511726,98.98083842292179,170.47371117701198,-64.9233049508949,29.958335448134903,35.0,0.12039757483289633,12.287531647184938
20.153306038999993,106.04208323299983,SAT_10097,20.081933410476466,191.71087543393014,98.98259947437023,170.46951133346667,-64.90776663288372,29.965077856771998,35.0,0.12033329319341839,12.282999862995636
20.153306038999993,106.14208323299982,SAT_10097,20.08867864562012,191.7488173816132,98.9833625859907,170.46768745549358,-64.90102139774007,29.968003870755812,35.0,0.12030539003893656,12.28103242296337
20.153306038999993,106.24208323299982,SAT_10097,20.08662593636292,191.7372708920414,98.98313044337459,170.46824254349275,-64.90307410699727,29.967113483397274,35.0,0.12031388141389565,12.28163116548789
20.25330603899999,104.64208323299991,SAT_10097,19.03600545193781,185.82753066715017,98.85334048439923,170.7471926233544,-65.95369459142238,29.504945113295538,35.0,0.12467230498517348,12.586774776378332
20.25330603899999,104.7420832329999,SAT_10097,19.16249140989406,186.5390141806541,98.87022416560146,170.71414640633876,-65.82720863346613,29.561259961085074,35.0,0.12414630689444725,12.550175881318001
20.25330603899999,104.8420832329999,SAT_10097,19.280783958125426,187.20440976445553,98.88568031300001,170.68310947983122,-65.70891608523476,29.61376174068485,35.0,0.1236546932598212,12.515913652828575
20.25330603899999,104.94208323299989,SAT_10097,19.390809251060816,187.82330203721708,98.89977564303385,170.6541270739267,-65.59889079229937,29.66245033195832,35.0,0.12319771008274247,12.484016340248258
20.25330603899999,105.04208323299989,SAT_10097,19.492497271098713,188.39529714993026,98.91256930558244,170.62724211751845,-65.49720277226147,29.707325623505614,35.0,0.1227755903616918,12.45451068788695
20.25330603899999,105.14208323299988,SAT_10097,19.585782140067806,188.9200245378814,98.92411360637485,170.60249503962524,-65.40391790329238,29.748387512661253,35.0,0.12238855309003761,12.427421823238365
20.25330603899999,105.24208323299987,SAT_10097,19.670602419440243,189.39713860935137,98.9344546264998,170.5799235775409,-65.31909762391994,29.78563590549205,35.0,0.12203680229614992,12.402773149574939
20.25330603899999,105.34208323299987,SAT_10097,19.74690139657413,189.82632035572948,98.9436327529677,170.55956259360937,-65.24279864678606,29.819070716795203,35.0,0.12172052613340435,12.380586243838495
20.25330603899999,105.44208323299986,SAT_10097,19.814627354310034,190.20727886799395,98.9516831318421,170.54144390239603,-65.17507268905015,29.848691870096534,35.0,0.12143989602754074,12.360880760723118
20.25330603899999,105.54208323299986,SAT_10097,19.87373382131257,190.5397527448832,98.95863605344297,170.52559610999066,-65.11596622204762,29.874499297648953,35.0,0.12119506588857096,12.343674343817337
20.25330603899999,105.64208323299985,SAT_10097,19.924179800683646,190.82351137884552,98.96451727744902,170.5120444670837,-65.06552024267654,29.896492940431045,35.0,0.1209861713940561,12.328982544629817
20.25330603899999,105.74208323299985,SAT_10097,19.9659299745191,191.05835610666992,98.96934830431559,170.50081073736987,-65.02377006884109,29.9146727481459,35.0,0.12081332935009376,12.316818750267021
20.25330603899999,105.84208323299984,SAT_10097,19.99895488229548,191.2441212129121,98.97314659822864,170.49191308268604,-64.99074516106471,29.929038679220046,35.0,0.12067663713577963,12.30719412046293
20.25330603899999,105.94208323299983,SAT_10097,20.023231071204705,191.38067477552647,98.97592576578617,170.4853659661411,-64.96646897215548,29.93959070080263,35.0,0.12057617223623814,12.30011753458077
20.25330603899999,106.04208323299983,SAT_10097,20.038741216828,191.4679193446575,98.97769569370155,170.48118007431242,-64.95095882653219,29.94632878876474,35.0,0.12051199186856329,12.295595549115939
20.25330603899999,106.14208323299982,SAT_10097,20.045474212845477,191.50579244725583,98.97846264802722,170.47936225938003,-64.94422583051471,29.949252927698893,35.0,0.12048413270418691,12.293632366129392
20.25330603899999,106.24208323299982,SAT_10097,20.043425228800615,191.49426691200347,98.9782293366772,170.47991550185503,-64.94627481455957,29.94836311091876,35.0,0.12049261069030659,12.294229812932992
20.25330603899999,106.34208323299981,SAT_10097,20.03259573528588,191.4333510109831,98.97699493635886,170.48283889432608,-64.9571043080743,29.94365934045899,35.0,0.12053742097207608,12.297387333235143
20.25330603899999,106.4420832329998,SAT_10097,20.012993496270212,191.32308841651994,98.97475508439038,170.4881276464113,-64.97670654708998,29.935141627075264,35.0,0.12061853791630302,12.303101989837637
20.25330603899999,106.5420832329998,SAT_10097,19.984632528657187,191.16355797369667,98.97150183525937,170.49577311085505,-65.005067514703,29.922809990244534,35.0,0.1207359152364268,12.311368478856052
20.35330603899999,104.64208323299991,SAT_10097,18.98494580285127,185.54032014103842,98.84643471586475,170.76049173495113,-66.00475424050892,29.48216051786874,35.0,0.12488473607095274,12.601538287355561
20.35330603899999,104.7420832329999,SAT_10097,19.111185309068972,186.25041736351295,98.86343599127339,170.72756829003794,-65.87851473429122,29.53843909819862,35.0,0.12435962445812751,12.565025917993779
20.35330603899999,104.8420832329999,SAT_10097,19.229245425817524,186.91450552022357,98.87899859150039,170.6966475214263,-65.76045461754266,29.590907066137625,35.0,0.12386884576858713,12.530845316485378
20.35330603899999,104.94208323299989,SAT_10097,19.339052820920386,187.5321721176772,98.89318999944477,170.6677743334774,-65.6506472224398,29.639564301598078,35.0,0.12341264435104941,12.499024546209423
20.35330603899999,105.04208323299989,SAT_10097,19.44053796925695,188.10302607707035,98.90607003667378,170.64099134219077,-65.54916207410324,29.684410693225402,35.0,0.12299125162505192,12.469590173512817
20.35330603899999,105.14208323299988,SAT_10097,19.533635461038926,188.626699468344,98.9176915966045,170.61633867862577,-65.45606458232126,29.72544613839585,35.0,0.12260488508795572,12.44256715700339
20.35330603899999,105.24208323299987,SAT_10097,19.618284298902424,189.10284918132615,98.92810127309505,170.59385379910734,-65.37141574445776,29.762670543214398,35.0,0.12225374736396812,12.417978741200855
20.35330603899999,105.34208323299987,SAT_10097,19.694428181128302,189.5311585188467,98.93733989866017,170.57357130399544,-65.29527186223189,29.796083822512863,35.0,0.12193802530271824,12.39584635544658
20.35330603899999,105.44208323299986,SAT_10097,19.762015768351702,189.91133869697833,98.94544300404146,170.5555227667649,-65.22768427500849,29.825685899848125,35.0,0.12165788913475596,12.376189518956945
20.35330603899999,105.54208323299986,SAT_10097,19.821000931192827,190.24313023795966,98.9524412088098,170.53973657510141,-65.16869911216736,29.8514767075006,35.0,0.12141349169107392,12.35902575287546
20.35330603899999,105.64208323299985,SAT_10097,19.87134297636311,190.5263042420425,98.95836055096686,170.52623778563986,-65.11835706699708,29.87345618647284,35.0,0.12120496769338335,12.34437050013666
20.35330603899999,105.74208323299985,SAT_10097,19.913006848961118,190.7606635254063,98.96322276207754,170.51504799386663,-65.07669319439907,29.89162428648834,35.0,0.12103243312139914,12.332237053899382
20.35330603899999,105.84208323299984,SAT_10097,19.94596330886951,190.946043612391,98.9670454932449,170.50618522057863,-65.04373673449068,29.90598096599051,35.0,0.12089598466282016,12.322636495239738
20.35330603899999,105.94208323299983,SAT_10097,19.970189079401877,191.08231357163555,98.96984249619258,170.49966381613433,-65.01951096395831,29.916526192141824,35.0,0.12079569925102944,12.315577640714764
20.35330603899999,106.04208323299983,SAT_10097,19.985666966616037,191.16937668721525,98.97162376280555,170.4954943835541,-65.00403307674415,29.923259940823154,35.0,0.12073163369479582,12.311067000318417
20.35330603899999,106.14208323299982,SAT_10097,19.99238594800474,191.20717095752664,98.97239562567061,170.49368372133245,-64.99731409535545,29.926182196633288,35.0,0.12070382440344492,12.309108746252853
20.35330603899999,106.24208323299982,SAT_10097,19.990341229605093,191.19566941652863,98.97216082142577,170.49423478660168,-64.9993588137551,29.92529295288859,35.0,0.12071228721009455,12.309704692831902
20.35330603899999,106.34208323299981,SAT_10097,19.979534270896764,191.1348802737943,98.97091851804727,170.49714667906983,-65.01016577246342,29.920592211622893,35.0,0.12075701729463442,12.31285428772185
20.35330603899999,106.4420832329998,SAT_10097,19.959972777217402,191.0248468718479,98.96866430655915,170.5024146459138,-65.02972726614279,29.912079983587514,35.0,0.1208379892071832,12.318554614609322
20.35330603899999,106.5420832329998,SAT_10097,19.93167065977967,190.86564746126064,98.96539015701819,170.51003010757137,-65.05802938358052,29.899756288251496,35.0,0.12095515699180005,12.326800407268847
20.45330603899999,104.44208323299992,SAT_10097,18.64818545085822,183.6460431610775,98.79918247413771,170.8476201605704,-66.34151459250197,29.331149182022205,35.0,0.12628719388251508,12.698756420071268
20.45330603899999,104.54208323299991,SAT_10097,18.79024404005571,184.44512272531335,98.81947355899756,170.81098940654468,-66.19945600330448,29.39500723652143,35.0,0.12569529117857497,12.657778542102648
20.45330603899999,104.7420832329999,SAT_10097,19.050257445601673,185.90769813150942,98.85529391279586,170.74347632144526,-65.93944259775851,29.51129956865399,35.0,0.12461302022588787,12.582652824741352
20.45330603899999,104.8420832329999,SAT_10097,19.168056682129844,186.57031883698036,98.87098700728612,170.71268907366996,-65.82164336123034,29.563733580010506,35.0,0.12412317132978698,12.548564696241106
20.45330603899999,104.94208323299989,SAT_10097,19.277619458484594,187.18660945397582,98.88529616988065,170.68394142225358,-65.7120805848756,29.612359325264386,35.0,0.12366784070545753,12.516830647180925
20.45330603899999,105.04208323299989,SAT_10097,19.37887681317845,187.7561820741288,98.8982820516932,170.6572756248736,-65.61082323018174,29.657176693106077,35.0,0.12324725796534176,12.487477040448882
20.45330603899999,105.14208323299988,SAT_10097,19.471763872409056,188.27867178230096,98.90999827168163,170.6327314714156,-65.51793617095113,29.69818558095331,35.0,0.12286163889491769,12.460528641593905
20.45330603899999,105.24208323299987,SAT_10097,19.55622014359082,188.75373830769837,98.92049205653841,170.61034609652683,-65.43347989976937,29.735385894949022,35.0,0.12251118451185684,12.4360085136797
20.45330603899999,105.34208323299987,SAT_10097,19.632189795131524,189.18106759761483,98.92980478842559,170.59015380065844,-65.35751024822866,29.76877754995942,35.0,0.12219608017435113,12.413937917355288
20.45330603899999,105.44208323299986,SAT_10097,19.69962191985033,189.56037329915813,98.93797247255182,170.5721858813228,-65.29007812350986,29.79836046957227,35.0,0.12191649474586957,12.394336217013445
20.45330603899999,105.54208323299986,SAT_10097,19.758470779517637,189.8913981347867,98.94502613448581,170.55647047623566,-65.23122926384255,29.82413458609533,35.0,0.12167257982334022,12.377220793878873
20.45330603899999,105.64208323299985,SAT_10097,19.80869602810668,190.17391515810007,98.95099215534987,170.54303241994677,-65.1810040152535,29.846099840554974,35.0,0.12146446903538416,12.36260696682632
20.45330603899999,105.74208323299985,SAT_10097,19.85026291151199,190.40772887725493,98.95589255156743,170.53189311545248,-65.1394371318482,29.86425618269499,35.0,0.12129227741676117,12.350507921673948
20.45330603899999,105.84208323299984,SAT_10097,19.88314244168089,190.592676234455,98.95974520459121,170.52307042215904,-65.1065576016793,29.878603570975564,35.0,0.12115610086462476,12.340934649631205
20.45330603899999,105.94208323299983,SAT_10097,19.907311543337357,190.72862743127266,98.96256404496762,170.51657856141173,-65.08238850002283,29.88914197257242,35.0,0.1210560156815308,12.333895895501986
20.45330603899999,106.04208323299983,SAT_10097,19.92275317174382,190.815486591059,98.96435919415953,170.51242804062693,-65.06694687161637,29.89587136337617,35.0,0.12099207820941461,12.3293981161562
20.45330603899999,106.14208323299982,SAT_10097,19.929456400235097,190.8531922513224,98.96513706672233,170.51062559687338,-65.06024364312509,29.898791727991807,35.0,0.12096432455794753,12.32744544968557
20.45330603899999,106.24208323299982,SAT_10097,19.92741647657857,190.84171768075444,98.96490043467965,170.51117416053498,-65.06228356678162,29.897903059738393,35.0,0.12097277042982747,12.328039695555214
20.45330603899999,106.34208323299981,SAT_10097,19.916634847546092,190.78107101744675,98.96364845525171,170.51407283946554,-65.0730651958141,29.89320536064894,35.0,0.12101741104465527,12.33118030595283
20.45330603899999,106.4420832329998,SAT_10097,19.897119151430047,190.67129522679403,98.96137666243106,170.51931692381493,-65.09258089193014,29.88469864147043,35.0,0.12109822116211859,12.336864388423528
20.45330603899999,106.5420832329998,SAT_10097,19.86888317858289,190.51246787952877,98.95807692225488,170.52689791147358,-65.1208168647773,29.87238292166405,35.0,0.12121515520426389,12.345086719763502
20.55330603899999,104.54208323299991,SAT_10097,18.720367632363335,184.05206793204377,98.809579849683,170.82902991259056,-66.26933241099685,29.36362473305357,35.0,0.12598638600850526,12.67794084545136
20.55330603899999,104.64208323299991,SAT_10097,18.854095513689046,184.80428726450089,98.82844426993518,170.79446634280464,-66.13560452967114,29.423635852681837,35.0,0.1254293852391737,12.639344654309173
20.55330603899999,104.7420832329999,SAT_10097,18.979752505990035,185.51110784619394,98.84576160512437,170.76184307751652,-66.00994753737015,29.479841431816553,35.0,0.12490634563463544,12.603039546035557
20.55330603899999,104.8420832329999,SAT_10097,19.097263077034086,186.17210480831673,98.86161023264792,170.7312062897854,-65.8924369663261,29.532241341738448,35.0,0.12441751927189114,12.569054499007267
20.55330603899999,104.94208323299989,SAT_10097,19.206555141561623,186.78687267128413,98.87605971954811,170.70260009220195,-65.78314490179856,29.580835462456708,35.0,0.12396314648415702,12.537417125569167
20.55330603899999,105.04208323299989,SAT_10097,19.307560370311194,187.3550270830005,98.88917171273172,170.67606634038484,-65.682139673049,29.625623682706554,35.0,0.12354345485583691,12.508153560514884
20.55330603899999,105.14208323299988,SAT_10097,19.400214490608036,187.8762065096702,98.90100070178433,170.6516444414605,-65.58948555275215,29.66660589994695,35.0,0.12315865825155453,12.481288352987045
20.55330603899999,105.24208323299987,SAT_10097,19.484457575918327,188.35007386454058,98.91159467252592,170.62937116923956,-65.50524246744186,29.70378202035856,35.0,0.12280895588661811,12.456844362674236
20.55330603899999,105.34208323299987,SAT_10097,19.560234321777145,188.7763180599964,98.92099566625414,170.6092804878014,-65.42946572158304,29.737151958841793,35.0,0.12249453144622341,12.434842661177203
20.55330603899999,105.44208323299986,SAT_10097,19.627494305534995,189.15465546863436,98.92924025699743,170.59140338517923,-65.36220573782519,29.76671563901511,35.0,0.12221555226053547,12.415302439400522
20.55330603899999,105.54208323299986,SAT_10097,19.686192227444508,189.48483127937536,98.93635995693646,170.5757677187899,-65.30350781591568,29.792472993213458,35.0,0.12197216854252603,12.39824092179672
20.55330603899999,105.64208323299985,SAT_10097,19.736288130728468,189.76662073534763,98.94238155835157,170.56239807417467,-65.25341191263172,29.814423962486888,35.0,0.12176451269508005,12.383673288248861
20.55330603899999,105.74208323299985,SAT_10097,19.777747598420362,189.99983024111455,98.94732741894312,170.55131563852242,-65.21195244493983,29.832568496599364,35.0,0.12159269869342414,12.371612604323344
20.55330603899999,105.84208323299984,SAT_10097,19.810541924968817,190.1842983279496,98.95121569609066,170.54253809031115,-65.17915811839137,29.846906554027743,35.0,0.12145682154837469,12.362069760559578
20.55330603899999,105.94208323299983,SAT_10097,19.834648260817062,190.31989646709596,98.95406053451674,170.53607950626244,-65.15505178254313,29.857438101960927,35.0,0.12135695685526375,12.355053421386351
20.55330603899999,106.04208323299983,SAT_10097,19.85004972843356,190.4065297224388,98.95587221086392,170.5319502866249,-65.13965031492663,29.8641631162992,35.0,0.12129316043268018,12.350569984168246
20.55330603899999,106.14208323299982,SAT_10097,19.85673550855452,190.4441372356192,98.95665723784425,170.53015709961488,-65.13296453480567,29.86708158165373,35.0,0.1212654680543767,12.348623548790146
20.55330603899999,106.24208323299982,SAT_10097,19.85470089571028,190.43269253837033,98.95641842985367,170.53070284563378,-65.1349991476499,29.86619349134627,35.0,0.12127389527685044,12.349215898085541
20.55330603899999,106.34208323299981,SAT_10097,19.843947322432797,190.37220368868446,98.95515493123288,170.53358664166578,-65.14575272092739,29.861498847409013,35.0,0.12131843736421817,12.352346489306406
20.55330603899999,106.4420832329998,SAT_10097,19.82448235188278,190.26271322934062,98.9528622076812,170.53880382602966,-65.16521769147741,29.852997660584627,35.0,0.12139906931109627,12.358012456721289
20.55330603899999,106.5420832329998,SAT_10097,19.796319638974055,190.10429796922907,98.94953200066968,170.54634598343424,-65.19338040438613,29.840689950326485,35.0,0.12151574596326818,12.366208625315123
20.65330603899999,104.64208323299991,SAT_10097,18.774399228858897,184.35599566233128,98.81727749456016,170.8150839891147,-66.21530081450129,29.387895910954875,35.0,0.12576128933016065,12.662351447011309
20.65330603899999,104.7420832329999,SAT_10097,18.89972163815706,185.0609342146335,98.83479574998574,170.78263718757654,-66.08997840520313,29.44406475650293,35.0,0.12523943053824146,12.626166543591268
20.65330603899999,104.8420832329999,SAT_10097,19.016916503884715,185.72015533435155,98.85082615402447,170.75216732316636,-65.97278353947547,29.49643042020722,35.0,0.12475171707533386,12.592294919440993
20.65330603899999,104.94208323299989,SAT_10097,19.125912468738647,186.33325763665488,98.86543961301922,170.7237180461125,-65.86378757462154,29.544992782124947,35.0,0.12429838692764114,12.560763923706334
20.65330603899999,105.04208323299989,SAT_10097,19.22664190143314,186.89986069556142,98.8786989461779,170.69733076811644,-65.76305814192705,29.589751731035825,35.0,0.12387966543860696,12.531599439407819
20.65330603899999,105.14208323299988,SAT_10097,19.319041192826006,187.41960670964627,98.89065966764558,170.67304447377074,-65.67065885053418,29.630707164439833,35.0,0.12349576435070947,12.504825776852561
20.65330603899999,105.24208323299987,SAT_10097,19.40305104110449,187.89216210621277,98.90137065627417,170.65089553861577,-65.5866490022557,29.667858988555114,35.0,0.12314688088834398,12.480465571306695
20.65330603899999,105.34208323299987,SAT_10097,19.47861672348624,188.31721906961013,98.91087472851414,170.63091755551636,-65.51108331987395,29.7012071183161,35.0,0.12283319688896796,12.458539685784709
20.65330603899999,105.44208323299986,SAT_10097,19.545688351931318,188.69449697961366,98.91920912713897,170.61314117101585,-65.44401169142887,29.730751477371758,35.0,0.12255487798951746,12.439067119795252
20.65330603899999,105.54208323299986,SAT_10097,19.604221110439852,189.0237437462242,98.92640593627529,170.5975939332751,-65.38547893292034,29.75649199808406,35.0,0.1223120728748423,12.42206492485445
20.65330603899999,105.64208323299985,SAT_10097,19.654175471622537,189.3047370278768,98.93249243135178,170.58430015313292,-65.33552457173765,29.778428621526594,35.0,0.12210491259454932,12.407548127536776
20.65330603899999,105.74208323299985,SAT_10097,19.69551739038633,189.5372853209231,98.93749137102022,170.57328077972227,-65.29418265297386,29.79656129748339,35.0,0.12193350995418933,12.395529660780788
20.65330603899999,105.84208323299984,SAT_10097,19.728218472763203,189.72122890929302,98.94142123677963,170.56455329195612,-65.26148157059698,29.81088998444788,35.0,0.12179795898617805,12.386020304102576
20.65330603899999,105.94208323299983,SAT_10097,19.752256118136643,189.85644066451863,98.94429642490158,170.55813160704585,-65.23744392522354,29.821414649622056,35.0,0.12169833450521231,12.37902863329453
20.65330603899999,106.04208323299983,SAT_10097,19.76761363337519,189.94282668773548,98.94612739426728,170.55402600704613,-65.222086409985,29.828135268915826,35.0,0.1216346917522374,12.374560980102455
20.65330603899999,106.14208323299982,SAT_10097,19.774280317656647,189.98032678681864,98.94692077285268,170.55224308423942,-65.21541972570354,29.8310518269465,35.0,0.12160706613024802,12.372621402280357
20.65330603899999,106.24208323299982,SAT_10097,19.772251517080292,189.96891478357665,98.9466794248089,170.55278570596184,-65.2174485262799,29.830164317038495,35.0,0.12161547303438025,12.373211664322175
20.65330603899999,106.34208323299981,SAT_10097,19.761528648475007,189.90859864767194,98.94540247935313,170.55565299926627,-65.22817139488518,29.825472741223187,35.0,0.1216599077778828,12.37633122906422
20.65330603899999,106.4420832329998,SAT_10097,19.742119192147385,189.79942045582902,98.94308532199109,170.56084035559428,-65.2475808512128,29.816977110238966,35.0,0.12174034561466304,12.381977260242824
20.65330603899999,106.5420832329998,SAT_10097,19.71403665364808,189.64145617677045,98.9397195479131,170.5683394554038,-65.27566338971211,29.804677443531443,35.0,0.12185674185819509,12.390144635981565
20.65330603899999,106.6420832329998,SAT_10097,19.67730049496916,189.43481528420153,98.93529287672156,170.5781383124771,-65.31239954839103,29.78857376925384,35.0,0.12200903209567648,12.400825973072081
20.753306038999987,103.54208323299997,SAT_10097,19.34518699893718,187.56667686902165,98.89402132114131,170.66615814019715,-65.64451304442301,29.64227836496283,35.0,0.1233871672664514,12.49724610192223
20.753306038999987,103.64208323299997,SAT_10097,19.23615230400698,186.95335671003926,98.87995209109958,170.69483464036009,-65.75354773935321,29.593971673782725,35.0,0.12384014302474149,12.528844629751115
20.753306038999987,103.74208323299996,SAT_10097,19.11890302415584,186.2938295108766,98.86452324564112,170.72555082847356,-65.87079701920435,29.541873840755354,35.0,0.12432753256942394,12.56279249891672
20.753306038999987,104.54208323299991,SAT_10097,18.901931848715293,185.0733666490235,98.83511966751621,170.78206368884548,-66.0877681946449,29.445053772279454,35.0,0.12523022991452185,12.625528048164348
20.753306038999987,104.64208323299991,SAT_10097,18.9030969123243,185.0799201318242,98.8352806004825,170.78176136405222,-66.08660313103589,29.44557508786539,35.0,0.12522538005091546,12.62519147479815
20.753306038999987,104.7420832329999,SAT_10097,18.895912801779943,185.03950951001218,98.83428770796738,170.78362539016243,-66.09378724158024,29.442360264890503,35.0,0.12525528613498205,12.62726683017335
20.753306038999987,104.8420832329999,SAT_10097,18.92707512074452,185.21479755418792,98.83858533575396,170.775536505719,-66.06262492261567,29.456300893755333,35.0,0.12512557125920046,12.618263739392793
20.753306038999987,104.94208323299989,SAT_10097,19.03575037519647,185.82609586048017,98.85338769599701,170.7472591196152,-65.95394966816372,29.504831362671347,35.0,0.12467336608071296,12.58684854513916
20.753306038999987,105.04208323299989,SAT_10097,19.136181071257425,186.39101852582303,98.866816740403,170.7210322774887,-65.85351897210276,29.549560916554885,35.0,0.12425569144096177,12.55779191972799
20.753306038999987,105.14208323299988,SAT_10097,19.228304322740755,186.90921181541674,98.8789291722581,170.6968945035953,-65.76139572061943,29.590489452946677,35.0,0.12387275676737276,12.531117913203445
20.753306038999987,105.24208323299987,SAT_10097,19.312061508387913,187.38034598468204,98.88977490650966,170.6748817396489,-65.67763853497227,29.627616878102156,35.0,0.12352475711282143,12.506848916312714
20.753306038999987,105.34208323299987,SAT_10097,19.38739853898784,187.80411678180658,98.89939765863114,170.65502717422436,-65.60230150437235,29.660943106989553,35.0,0.12321187229972196,12.485005564837818
20.753306038999987,105.44208323299986,SAT_10097,19.454266108718627,188.1802468615423,98.90783544676547,170.63736108200214,-65.53543393464156,29.690468063288172,35.0,0.12293426611872599,12.465606649808848
20.753306038999987,105.54208323299986,SAT_10097,19.512619928341323,188.50848709691996,98.9151210179913,170.62191067442495,-65.47708011501886,29.716191679386853,35.0,0.12269208558863963,12.44866903439212
20.753306038999987,105.64208323299985,SAT_10097,19.56242093798312,188.78861777615506,98.92128220762488,170.6086999632693,-65.42727910537707,29.738113896382593,35.0,0.12248546028381349,12.434207578206562
20.753306038999987,105.74208323299985,SAT_10097,19.603635497406515,189.02044967291164,98.92634223885408,170.5977496385286,-65.38606454595367,29.75623466407935,35.0,0.1223145017348151,12.422235069769616
20.753306038999987,105.84208323299984,SAT_10097,19.63623555183399,189.2038249790662,98.9303199686304,170.5890769618948,-65.3534644915262,29.77055394098704,35.0,0.12217930290765812,12.41276216771079
20.753306038999987,105.94208323299983,SAT_10097,19.660198771629666,189.33861809041687,98.93323008457149,170.58269567696738,-65.32950127173052,29.781071694320676,35.0,0.12207993776624623,12.40579735131757
20.753306038999987,106.04208323299983,SAT_10097,19.675508664376608,189.42473623711842,98.93508325660507,170.5786159371662,-65.31419137898358,29.78778789999973,35.0,0.12201646092199778,12.401346880895101
20.753306038999987,106.14208323299982,SAT_10097,19.682154658169992,189.46211995220622,98.93588624618143,170.57684425213395,-65.3075453851902,29.790702542647615,35.0,0.12198890737386252,12.399414768329995
20.753306038999987,106.24208323299982,SAT_10097,19.68013215523726,189.4507433732096,98.93564197506501,170.57738345322264,-65.30956788812293,29.7898156155914,35.0,0.12199729234113156,12.400002758150562
20.753306038999987,106.34208323299981,SAT_10097,19.669442555315683,189.39061437365072,98.93434955496106,170.58023267844302,-65.3202574880445,29.785127120861656,35.0,0.12204161119059553,12.403110319272542
20.753306038999987,106.4420832329998,SAT_10097,19.650093248531704,189.28177452299084,98.93200427851467,170.58538737704913,-65.33960679482848,29.776637069192503,35.0,0.12212183945872873,12.408734647513123
20.753306038999987,106.5420832329998,SAT_10097,19.622097577860757,189.12429887546676,98.9285975715194,170.59283933370455,-65.36760246549943,29.764345480021834,35.0,0.12223793296869306,12.416870678848028
20.753306038999987,106.6420832329998,SAT_10097,19.585474771569864,188.91829559008048,98.92411690546574,170.60257671196206,-65.40422527179032,29.74825238149171,35.0,0.12238982804107199,12.4275111132789
20.753306038999987,106.74208323299979,SAT_10097,19.540249846365924,188.6639053858083,98.9185456688279,170.61458411657344,-65.44945019699426,29.72835781044891,35.0,0.12257744179638107,12.44064644907336
20.753306038999987,107.04208323299977,SAT_10011,19.67501718837788,189.4219716846256,98.9349959550333,170.57799473996005,-65.31468285498231,29.787139167980968,35.0,0.12202298444373631,12.401804298559492
20.85330603899999,103.24208323299999,SAT_10097,19.560272220955966,188.77653124287733,98.92102599077258,170.60927042632852,-65.42942782240422,29.737168631943494,35.0,0.12249437422083899,12.434831653798346
20.85330603899999,103.34208323299998,SAT_10097,19.47646945815154,188.30514070210242,98.9106257795481,170.6314859725902,-65.51323058520865,29.70026041122907,35.0,0.12284210876700835,12.459162915080492
20.85330603899999,103.44208323299998,SAT_10097,19.384276312443504,187.7865542574947,98.89901235371644,170.65585104852946,-65.60542373091668,29.659563249061392,35.0,0.12322483686798913,12.485911094580626
20.85330603899999,103.54208323299997,SAT_10097,19.28375256729764,187.2211081910492,98.886139215562,170.68232895366697,-65.70594747606255,29.61507723874263,35.0,0.12364235987156101,12.515053401266643
20.85330603899999,103.64208323299997,SAT_10097,19.17496235821872,186.6091632649803,98.87195357842165,170.71088034949253,-65.81473768514147,29.56680248226979,35.0,0.12409446445870081,12.546565353460034
20.85330603899999,103.74208323299996,SAT_10097,19.0579738836814,185.95110309570785,98.85639574112406,170.74146344407976,-65.93172615967879,29.514739090336803,35.0,0.12458092356981039,12.58042088236603
20.85330603899999,104.34208323299993,SAT_10097,19.02456542328426,185.76318050597396,98.85189384998742,170.75017436114672,-65.96513462007593,29.499842744373986,35.0,0.1247198958082269,12.59008310749497
20.85330603899999,104.44208323299992,SAT_10097,19.042477356722785,185.86393513156565,98.85431083745965,170.7455052583952,-65.9472226866374,29.507830990560944,35.0,0.12464538292796973,12.584903035875165
20.85330603899999,104.54208323299991,SAT_10097,19.052020749116807,185.91761671378205,98.85559547985166,170.74301640093603,-65.93767929424338,29.512085602404646,35.0,0.1246056856224918,12.582142810089511
20.85330603899999,104.64208323299991,SAT_10097,19.053189475642696,185.92419080049018,98.85575265435888,170.74271154782087,-65.93651056771749,29.512606570103998,35.0,0.12460082424675924,12.581804765753857
20.85330603899999,104.7420832329999,SAT_10097,19.045982785559488,185.88365316877213,98.85478295686383,170.7445911598309,-65.9437172578007,29.509393892458885,35.0,0.12463080129562684,12.583889189133078
20.85330603899999,104.8420832329999,SAT_10097,19.0304053058222,185.7960298452499,98.85268270812523,170.74865239716007,-65.95929473753799,29.50244757687014,35.0,0.12469560139241323,12.588394315855634
20.85330603899999,104.94208323299989,SAT_10097,19.00646701882468,185.6613769808888,98.84944391552479,170.75488913368446,-65.98323302453551,29.491767639339706,35.0,0.12479519135928029,12.595316338831484
20.85330603899999,105.04208323299989,SAT_10097,19.03624362963164,185.828870416678,98.85347054257353,170.7471305319968,-65.95345641372855,29.5050513271789,35.0,0.12467131418935613,12.586705894721309
20.85330603899999,105.14208323299988,SAT_10097,19.128070366445883,186.3453958112581,98.865755854793,170.7231537239652,-65.8616296769143,29.545952853436074,35.0,0.1242894144872217,12.560139391897957
20.85330603899999,105.24208323299987,SAT_10097,19.211556142070677,186.81500329914755,98.87675511436989,170.70128853174137,-65.77814390128951,29.583055777016718,35.0,0.12394236139359865,12.535968785171253
20.85330603899999,105.34208323299987,SAT_10097,19.286647549898234,187.23739246817755,98.88651306902061,170.68156770842648,-65.70305249346195,29.616360012922666,35.0,0.1236303325565417,12.514214465401599
20.85330603899999,105.44208323299986,SAT_10097,19.353295911286622,187.61228950098726,98.8950686268546,170.6640211282193,-65.63640413207357,29.64586548486339,35.0,0.12335348977473998,12.494894998942916
20.85330603899999,105.54208323299986,SAT_10097,19.41145750435919,187.93944846202047,98.90245529565554,170.648675639982,-65.578242539001,29.671572125254432,35.0,0.12311197826973731,12.478027046003678
20.85330603899999,105.64208323299985,SAT_10097,19.46109377273467,188.21865247163254,98.90870155301293,170.63555493349836,-65.52860627062552,29.69347987521606,35.0,0.12290592602462186,12.463625286318592
20.85330603899999,105.74208323299985,SAT_10097,19.50217151213782,188.44971475577526,98.91383115488358,170.62467941978423,-65.48752853122237,29.711588684572057,35.0,0.1227354431948586,12.451702352815342
20.85330603899999,105.84208323299984,SAT_10097,19.534663033011768,188.63247956069117,98.91786338873615,170.6160661267018,-65.45503701034842,29.725898511848715,35.0,0.12260062159641666,12.442268773898904
20.85330603899999,105.94208323299983,SAT_10097,19.55854629747516,188.76682292329778,98.92081327621149,170.60972861097918,-65.43115374588503,29.736409324274,35.0,0.12250153427573815,12.435332924904122
20.85330603899999,106.04208323299983,SAT_10097,19.573805029201623,188.85265328925914,98.92269172916934,170.60567688758402,-65.41589501415856,29.743121097776882,35.0,0.12243823516542067,12.430900989185995
20.85330603899999,106.14208323299982,SAT_10097,19.58042879507289,188.889911972285,98.92350566205464,170.60391737721716,-65.4092712482873,29.74603381698685,35.0,0.12241075882874665,12.428976929228243
20.85330603899999,106.24208323299982,SAT_10097,19.578413057741884,188.8785734497981,98.92325806266808,170.60445287250155,-65.4112869856183,29.7451474752336,35.0,0.1224191202954042,12.429562468054959
20.85330603899999,106.34208323299981,SAT_10097,19.567759198545673,188.81864549181944,98.92194802264298,170.60728252324174,-65.42194084481451,29.740462074546905,35.0,0.12246331498991458,12.432657081129774
20.85330603899999,106.4420832329998,SAT_10097,19.5484745105271,188.71016912171496,98.91957072818617,170.61240184091315,-65.44122553283309,29.731977625656654,35.0,0.12254331875342991,12.438257998823161
20.85330603899999,106.5420832329998,SAT_10097,19.520572161636494,188.5532184092053,98.9161174109137,170.61980272233487,-65.4691278817237,29.719694147993064,35.0,0.12265908795869812,12.4463602194232
20.85330603899999,106.6420832329998,SAT_10097,19.484071128506173,188.34790009784723,98.91157525787969,170.62947349226332,-65.50562891485401,29.703611669687078,35.0,0.12281055971713309,12.456956532560648
20.85330603899999,106.74208323299979,SAT_10097,19.438996101502298,188.09435307095046,98.90592727913759,170.64139896443635,-65.55070394185789,29.68373022757093,35.0,0.12299765217608279,12.470037552816397
20.85330603899999,106.84208323299978,SAT_10011,19.508337391354843,188.48439782637098,98.9145695286101,170.62229591168287,-65.48136265200534,29.71387809911226,35.0,0.1227144031737846,12.450230436260954
20.85330603899999,106.94208323299978,SAT_10011,19.608070904557167,189.04539883813405,98.92686446354195,170.59581905291978,-65.38162913880302,29.757752876417186,35.0,0.12230061612753516,12.421262346172888
20.85330603899999,107.34208323299976,SAT_10011,19.92309936161739,190.81743390909782,98.9643875530415,170.51157905052096,-65.0666006817428,29.89557994235147,35.0,0.1209950406293575,12.329606532943947
20.95330603899999,103.142083233,SAT_10097,19.563673055075355,188.79566093479886,98.92145345245267,170.60836751891287,-65.42602698828483,29.738664703560392,35.0,0.1224802659321465,12.433843907000208
20.95330603899999,103.24208323299999,SAT_10097,19.488508265153598,188.37285899148898,98.91213845498324,170.6282985504185,-65.50119177820659,29.70556750913168,35.0,0.12279214495070755,12.455668591969076
20.95330603899999,103.34208323299998,SAT_10097,19.404918250475603,187.90266515892526,98.901639184464,170.65040251981347,-65.58478179288458,29.668683805658,35.0,0.12313912832738774,12.479923950401723
20.95330603899999,103.44208323299998,SAT_10097,19.312957644682015,187.38538675133634,98.88991424916858,170.67464587414963,-65.67674239867817,29.628013677713593,35.0,0.12352103461214599,12.506589167629993
20.95330603899999,103.54208323299997,SAT_10097,19.21268567000692,186.82135689378893,98.8769164059379,170.70099227069394,-65.77701437335327,29.583557218562103,35.0,0.1239376669396817,12.535641654281747
20.95330603899999,103.64208323299997,SAT_10097,19.104165865696103,186.21093299454057,98.86259201333351,170.72940275057985,-65.88553417766408,29.535314530158406,35.0,0.12438881389610339,12.56705714334653
20.95330603899999,103.74208323299996,SAT_10097,18.987465802868527,185.55449514113548,98.84688039276331,170.75983592083017,-66.00223424049166,29.483285723150686,35.0,0.12487425043398044,12.600809792378197
20.95330603899999,103.84208323299995,SAT_10097,18.950299903236214,185.34543695570372,98.84180815801935,170.76950232181156,-66.03940014012397,29.466683484727774,35.0,0.1250289102248493,12.61155239281534
20.95330603899999,103.94208323299995,SAT_10097,19.009949158094756,185.680964014283,98.84993261853607,170.75398223910975,-65.97975088526543,29.49332158098496,35.0,0.12478070392612782,12.594309523214521
20.95330603899999,104.04208323299994,SAT_10097,19.061316292850222,185.9699041472825,98.85686059182875,170.74059139051556,-65.92838375050997,29.516228724336003,35.0,0.12456702115721306,12.5794540631732
20.95330603899999,104.14208323299994,SAT_10097,19.10436878141097,186.2120743954367,98.86261905219037,170.7293497268685,-65.88533126194922,29.535404861996156,35.0,0.12438797008277644,12.566998426994111
20.95330603899999,104.24208323299993,SAT_10097,19.1390791476135,186.40732020532596,98.86723014705613,170.72027410832072,-65.85062089574669,29.550849949779806,35.0,0.12424364203421227,12.55695309517155
20.95330603899999,104.34208323299993,SAT_10097,19.165425095356923,186.5555161613827,98.87071143296218,170.71337822096925,-65.82427494800326,29.562563952099595,35.0,0.12413411109708178,12.549326568036536
20.95330603899999,104.44208323299992,SAT_10097,19.18338961509015,186.6565665848821,98.87307606023742,170.70867250859555,-65.80631042827004,29.57054684196576,35.0,0.12405943377423738,12.54412532786601
20.95330603899999,104.54208323299991,SAT_10097,19.192961065583603,186.71040599390776,98.874332909971,170.70616412022412,-65.79673897777658,29.574798600985595,35.0,0.12401964872756,12.541353809810493
20.95330603899999,104.64208323299991,SAT_10097,19.19413323016117,186.71699941965662,98.87448668584615,170.70585687404702,-65.79556681319902,29.575319219363088,35.0,0.12401477660057579,12.541014381914508
20.95330603899999,104.7420832329999,SAT_10097,19.186905346816786,186.67634257584444,98.87353796255964,170.70775123809912,-65.8027946965434,29.572108695898745,35.0,0.12404481992352041,12.543107334419503
20.95330603899999,104.8420832329999,SAT_10097,19.171282111911424,186.58846187950175,98.87148319172728,170.71184432788525,-65.81841793144876,29.565167037989564,35.0,0.12410976310169218,12.547630878451388
20.95330603899999,104.94208323299989,SAT_10097,19.14727365740842,186.45341432292236,98.86831466538499,170.71812992098864,-65.84242638595177,29.554494261629173,35.0,0.12420957248719795,12.554581154105103
20.95330603899999,105.04208323299989,SAT_10097,19.114895501884163,186.27128719809843,98.86402043640769,170.72659848850162,-65.87480454147602,29.54009039140815,35.0,0.12434419653345484,12.563952247849087
20.95330603899999,105.14208323299988,SAT_10097,19.074168475810552,186.04219767643437,98.85858419435887,170.73723724294877,-65.91553156754964,29.52195546051448,35.0,0.12451356603108106,12.575736219084261
20.95330603899999,105.24208323299987,SAT_10097,19.101607946026093,186.19654469639676,98.86225108372177,170.73007112617125,-65.8880920973341,29.534175782771833,35.0,0.12439945093367603,12.567797303000996
20.95330603899999,105.34208323299987,SAT_10097,19.17643742049512,186.61746049028503,98.87216183717716,170.7104939473106,-65.81326262286507,29.567457933631697,35.0,0.12408833276324135,12.54613827642293
20.95330603899999,105.44208323299986,SAT_10097,19.24285201624636,186.9910425913858,98.88085047524396,170.69307572009578,-65.74684802711383,29.59694383965195,35.0,0.12381230218146833,12.52690384448852
20.95330603899999,105.54208323299986,SAT_10097,19.3008086168186,187.31704846960463,98.8883513721365,170.6778429066354,-65.68889142654159,29.622633433274693,35.0,0.12357150248852188,12.510110450692375
20.95330603899999,105.64208323299985,SAT_10097,19.35026920302235,187.59526426700074,98.89469373677264,170.66481885329858,-65.63943084033784,29.64452665564332,35.0,0.12336605996654636,12.495772582716032
20.95330603899999,105.74208323299985,SAT_10097,19.391201035672154,187.82550582565588,98.89990193159905,170.65402367359872,-65.59849900768803,29.66262345660132,35.0,0.12319608330127893,12.483902707389362
20.95330603899999,105.84208323299984,SAT_10097,19.42357681479595,188.00761958322724,98.90399573407105,170.6454741460658,-65.56612322856424,29.67692379469128,35.0,0.12306166307961605,12.474511214110105
20.95330603899999,105.94208323299983,SAT_10097,19.447374813705764,188.1414833270949,98.90699054592832,170.6391836281833,-65.54232522965442,29.68742763715403,35.0,0.12296287136756408,12.467606367257588
20.95330603899999,106.04208323299983,SAT_10097,19.462578986549488,188.22700679934087,98.90889755429937,170.63516198730898,-65.5271210568107,29.69413495992799,35.0,0.12289976137234628,12.46319426805737
20.95330603899999,106.14208323299982,SAT_10097,19.469179048228142,188.2641321462833,98.90972384768973,170.6334155493219,-65.52052099513205,29.697045747648687,35.0,0.12287236719171798,12.4612788262671
20.95330603899999,106.24208323299982,SAT_10097,19.46717052583726,188.2528342078346,98.90947248902509,170.63394706555795,-65.52252951752293,29.696159993648436,35.0,0.12288070365277333,12.461861741960641
20.95330603899999,106.34208323299981,SAT_10097,19.456554781090773,188.1931206436356,98.90814254710449,170.6367556983941,-65.53314526226941,29.69147769995621,35.0,0.12292476624171954,12.464942497589805
20.95330603899999,106.4420832329998,SAT_10097,19.437339003491616,188.08503189464037,98.90572908704485,170.6418370256389,-65.55236103986857,29.682998877297685,35.0,0.12300453112526416,12.470518360402094
20.95330603899999,106.5420832329998,SAT_10097,19.40953617431883,187.9286409805434,98.90222311954007,170.64918306368284,-65.58016386904136,29.670723545095452,35.0,0.12311995526341847,12.478584395190556
20.95330603899999,106.6420832329998,SAT_10097,19.37316500181346,187.7240531352007,98.8976115079963,170.65878230915345,-65.61653504154673,29.654651731469404,35.0,0.12327097661268192,12.48913348724999
20.95330603899999,106.74208323299979,SAT_10011,19.415029612076765,187.9595415679318,98.90288828302255,170.6469838128638,-65.57467043128342,29.67272599818834,35.0,0.12310172864479314,12.47731088796317
20.95330603899999,106.84208323299978,SAT_10011,19.523000742953315,188.5668791791124,98.91639923198755,170.61840890637316,-65.46669930040687,29.720336023770457,35.0,0.12265355223498295,12.445972865569185
20.95330603899999,107.04208323299977,SAT_10011,19.714081432122626,189.64170805568978,98.93971660948311,170.56757472281765,-65.27561861123756,29.80426246264987,35.0,0.12186102790321225,12.390445323166567
20.95330603899999,107.14208323299977,SAT_10011,19.79706617195002,190.10849721721888,98.94961459717453,170.54539213138614,-65.19263387141017,29.840578683161606,35.0,0.12151709437583202,12.366303328809803
20.95330603899999,107.44208323299975,SAT_10011,19.995147875116913,191.22270679753265,98.97270329393479,170.4921823028086,-64.99455216824327,29.926938373999608,35.0,0.1206967630466439,12.30861147638763
21.053306038999988,103.042083233,SAT_10097,19.54855574014863,188.71062603833604,98.91959817387057,170.61238028488884,-65.44114430321156,29.73201337229525,35.0,0.1225429817499241,12.438234408868043
21.053306038999988,103.142083233,SAT_10097,19.482053681955875,188.33655196100182,98.911342661627,170.63000764669624,-65.50764636140431,29.702722326953293,35.0,0.122818932558639,12.457542109102718
21.053306038999988,103.24208323299999,SAT_10097,19.40709933890585,187.9149337813454,98.90192574005538,170.64982658372205,-65.58260070445434,29.669647224191404,35.0,0.12313007265263379,12.47929127227106
21.053306038999988,103.34208323299998,SAT_10097,19.32374197113782,187.44604858765024,98.89131074515547,170.67180683455928,-65.66595807222237,29.632788139864992,35.0,0.12347623848509147,12.503463139042992
21.053306038999988,103.44208323299998,SAT_10097,19.232035636003005,186.93020045251689,98.87945552377191,170.69591521401495,-65.75766440735718,29.59214515851357,35.0,0.12385725043650676,12.530037101419305
21.053306038999988,103.54208323299997,SAT_10097,19.132038936526712,186.36771901796274,98.86631195562605,170.72211577409672,-65.85766110683348,29.54771837336246,35.0,0.12427291361478503,12.55899079248442
21.053306038999988,103.64208323299997,SAT_10097,19.023814754002004,185.75895799126127,98.85182539316348,170.75036997490588,-65.96588528935818,29.499507886324647,35.0,0.12472301871011839,12.590300182066837
21.053306038999988,103.74208323299996,SAT_10097,19.01326644584799,185.69962375789493,98.85039859683971,170.75311817716164,-65.9764335975122,29.494801827987555,35.0,0.12476690259800731,12.593350345740108
21.053306038999988,103.84208323299995,SAT_10097,19.08134042517335,186.0825398916001,98.85955991980977,170.7353648672725,-65.90835961818684,29.52515035514427,35.0,0.12448373781491479,12.573661368243696
21.053306038999988,103.94208323299995,SAT_10097,19.14114892164619,186.41896268425984,98.86751888189681,170.7197325857011,-65.848551121714,29.55177050443292,35.0,0.12423503659194204,12.556354003853867
21.053306038999988,104.04208323299994,SAT_10097,19.192653999269567,186.7086787458913,98.87430649151425,170.7062446059629,-65.79704604409062,29.574662214500368,35.0,0.12402092506012256,12.541442727567967
21.053306038999988,104.14208323299994,SAT_10097,19.235822684076126,186.95150259792823,98.87994881733603,170.69492116713545,-65.75387735928406,29.593825432589174,35.0,0.123841512794733,12.528940111943045
21.053306038999988,104.24208323299993,SAT_10097,19.270627119779903,187.14727754876196,98.8844672673607,170.68577937413198,-65.71907292358028,29.609260114536582,35.0,0.12369689232204299,12.518856771662835
21.053306038999988,104.34208323299993,SAT_10097,19.297044700625023,187.29587644101576,98.88787881463847,170.67883311252143,-65.69265534273516,29.620966224773635,35.0,0.12358713869941765,12.51120131628795
21.053306038999988,104.44208323299992,SAT_10097,19.315058180107926,187.3972022631071,98.89019617401411,170.67409297877498,-65.67464186325226,29.628943736324526,35.0,0.12351230917241253,12.5059803116294
21.053306038999988,104.54208323299991,SAT_10097,19.324655754472545,187.45118861890808,98.89142793323452,170.67156622667267,-65.66504428888764,29.633192630806054,35.0,0.12347244291186679,12.503198250109161
21.053306038999988,104.64208323299991,SAT_10097,19.3258311201306,187.45780005073465,98.89157864087042,170.67125673043392,-65.66386892322959,29.633712898427284,35.0,0.12346756083332011,12.502857530389639
21.053306038999988,104.7420832329999,SAT_10097,19.318583504417518,187.41703221234854,98.89064885267884,170.67316496496477,-65.67111653894267,29.63050453798933,35.0,0.12349766550036051,12.504958446466873
21.053306038999988,104.8420832329999,SAT_10097,19.30291766936645,187.32891189018628,98.88863513725788,170.67728800343406,-65.68678237399374,29.62356755688538,35.0,0.12356274111276677,12.509499186332292
21.053306038999988,104.94208323299989,SAT_10097,19.278843888462276,187.19349687260032,98.88553004109785,170.6836195322033,-65.71085615489791,29.61290197110078,35.0,0.12366275357955199,12.516475840215847
21.053306038999988,105.04208323299989,SAT_10097,19.24637789661479,187.0108756684582,98.88132201238695,170.69214988295118,-65.7433221467454,29.598507805213394,35.0,0.12379765067625441,12.525882418331346
21.053306038999988,105.14208323299988,SAT_10097,19.20554081386517,186.78116707799157,98.87599528216539,170.70286608165006,-65.78415922949502,29.580385092394046,35.0,0.12396736228507424,12.53771087795392
21.053306038999988,105.24208323299987,SAT_10097,19.15635904360451,186.50451962027537,98.86952970061448,170.7157519138754,-65.83334099975568,29.55853387440718,35.0,0.12417180071572786,12.551951159571711
21.053306038999988,105.34208323299987,SAT_10097,19.09886414633337,186.1811108231252,98.86190052539192,170.73078800576397,-65.89083589702682,29.532954201611652,35.0,0.12441086110419923,12.568591231770315
21.053306038999988,105.44208323299986,SAT_10097,19.12301421383546,186.31695495282446,98.8651144271152,170.72447591624157,-65.86668582952473,29.543703234666626,35.0,0.12431043789701968,12.56160271005276
21.053306038999988,105.54208323299986,SAT_10097,19.180753607637627,186.64173904296166,98.8727436039861,170.70936318045827,-65.80894643572256,29.569375710493553,35.0,0.12407039104774939,12.544888574710097
21.053306038999988,105.64208323299985,SAT_10097,19.230028045302205,186.91890775482491,98.87919388755628,170.69644212539615,-65.75967199805798,29.591254344738537,35.0,0.1238655934042056,12.530618623996155
21.053306038999988,105.74208323299985,SAT_10097,19.27080527979666,187.14827969885624,98.88449032693617,170.6857325499095,-65.71889476356353,29.60933908726466,35.0,0.12369615209352254,12.518805148825173
21.053306038999988,105.84208323299984,SAT_10097,19.303058423360383,187.32970363140214,98.8886532542147,170.67725096884607,-65.6866416199998,29.623629896630703,35.0,0.12356215639932487,12.50945839138511
21.053306038999988,105.94208323299983,SAT_10097,19.326766078545347,187.4630591918176,98.89169850129986,170.67101052899557,-65.66293396481484,29.634126740090284,35.0,0.12346367734807398,12.502586498561481
21.053306038999988,106.04208323299983,SAT_10097,19.3419124433249,187.54825749370255,98.89363756680542,170.66702094163264,-65.64778760003529,29.64082959359123,35.0,0.12340076737793229,12.498195484615941
21.053306038999988,106.14208323299982,SAT_10097,19.348487389185678,187.58524156416945,98.89447773617897,170.66528843237776,-65.64121265417451,29.643738441775056,35.0,0.12337346009311119,12.496289203478689
21.053306038999988,106.24208323299982,SAT_10097,19.34648651139385,187.5739866265904,98.8942221573421,170.66581570891313,-65.64321353196634,29.64285327797669,35.0,0.12338177010592312,12.496869330923966
21.053306038999988,106.34208323299981,SAT_10097,19.335911150905602,187.514500223844,98.89286987325973,170.66860194690832,-65.65378889245459,29.63817410422431,35.0,0.12342569296797186,12.499935356802593
21.053306038999988,106.4420832329998,SAT_10097,19.316768387692534,187.4068221807705,98.89041581204545,170.67364279430825,-65.67293165566765,29.629700931239398,35.0,0.12350520519110827,12.50548458740769
21.053306038999988,106.5420832329998,SAT_10097,19.28907100555486,187.25102440624607,98.88685073441917,170.680930393934,-65.70062903780533,29.617433778436965,35.0,0.1236202643579607,12.513512157950318
21.053306038999988,106.6420832329998,SAT_10011,19.303840400670893,187.33410225377378,98.8887245776409,170.6762985098748,-65.6858596426893,29.623556596660322,35.0,0.1235635296225671,12.50955419985224
21.053306038999988,106.74208323299979,SAT_10011,19.41994551628322,187.9871935290931,98.90351935032096,170.64568513333393,-65.56975452707697,29.674896595577515,35.0,0.12308131770411755,12.475884671616432
21.053306038999988,106.84208323299978,SAT_10011,19.527858112907992,188.59420188510745,98.91701027145791,170.61712086261565,-65.4618419304522,29.722474722286346,35.0,0.12263339584698218,12.44456239427591
21.053306038999988,106.94208323299978,SAT_10011,19.627509479299974,189.15474082106235,98.92925220176657,170.59064785650907,-65.36219056406021,29.7662908674585,35.0,0.1222199925261098,12.41561358248355
21.053306038999988,107.04208323299977,SAT_10011,19.71883503923911,189.66844709571998,98.94029367821449,170.56630577366718,-65.27086500412108,29.80634493041919,35.0,0.12184132223426782,12.389062838638814
21.053306038999988,107.14208323299977,SAT_10011,19.801774645019037,190.13498237823208,98.9501774726466,170.54413158485363,-65.18792539834115,29.84263681914517,35.0,0.12149758454713593,12.364933048085547
21.053306038999988,107.24208323299976,SAT_10011,19.87627285682221,190.55403481962492,98.95894107079654,170.52415939392705,-65.11342718653798,29.8751664502629,35.0,0.12118896323835214,12.343245279635465
21.053306038999988,107.34208323299976,SAT_10011,19.94227920536609,190.92532053018428,98.96661708176015,170.50642026929972,-65.0474208379941,29.90393374904693,35.0,0.12091562545176086,12.324018692289535
21.153306038999986,102.942083233,SAT_10097,19.514959038767685,188.52164459306823,98.91544826178323,170.6212906912262,-65.4747410045925,29.7172219892705,35.0,0.12268237935305255,12.447989923283753
21.153306038999986,103.042083233,SAT_10097,19.45713165519595,188.19636556047723,98.90823485068057,170.63660310008623,-65.53256838816424,29.691732175621162,35.0,0.12292237175676855,12.464775091942387
21.153306038999986,103.142083233,SAT_10097,19.390832884615236,187.8234349759607,98.89987711651771,170.65412083656668,-65.59886715874495,29.662460775375834,35.0,0.12319761195059481,12.484009485603519
21.153306038999986,103.24208323299999,SAT_10097,19.316106435473642,187.40309869953924,98.8903428272098,170.67381704568717,-65.67359360788654,29.62940785567991,35.0,0.12350795484754078,12.505676463031747
21.153306038999986,103.34208323299998,SAT_10097,19.23300099152401,186.93563057732257,98.87959455697482,170.69566183416185,-65.75669905183618,29.592573492357815,35.0,0.12385323872853446,12.5297574713036
21.153306038999986,103.44208323299998,SAT_10097,19.141569982581117,186.4213311520188,98.86758926941785,170.71962241722122,-65.84813006077907,29.55195776991452,35.0,0.1242332859698132,12.556232127502561
21.153306038999986,103.54208323299997,SAT_10097,19.04187133729623,185.8605262722913,98.85427782647433,170.74566327674614,-65.94782870606396,29.50756078153724,35.0,0.12464790383090461,12.585078307024142
21.153306038999986,103.64208323299997,SAT_10097,19.058372333716704,185.95334437715647,98.85649712914423,170.74135949149502,-65.93132770964348,29.51491667691119,35.0,0.12457926624467036,12.580305628814976
21.153306038999986,103.74208323299996,SAT_10097,19.13485360946126,186.38355155321958,98.86669981363929,170.7213795309146,-65.85484643389893,29.54897044384684,35.0,0.12426121072338811,12.558176136107784
21.153306038999986,103.84208323299995,SAT_10097,19.20309352429419,186.76740107415483,98.87568856979468,170.70350780142238,-65.786606519066,29.579298426755994,35.0,0.12397753392726633,12.538419610472346
21.153306038999986,103.94208323299995,SAT_10097,19.263048819164226,187.10464960779876,98.88349854356896,170.68777084387898,-65.72665122419596,29.605900555724684,35.0,0.12372837967744728,12.52105255636422
21.153306038999986,104.04208323299994,SAT_10097,19.31468107730751,187.39508105985473,98.89015977635698,170.67419224138663,-65.67501896605268,29.62877676943139,35.0,0.12351387561727148,12.506089618480166
21.153306038999986,104.14208323299994,SAT_10097,19.35795690453844,187.63850758802872,98.89569752911235,170.66279250378588,-65.63174313882175,29.64792701514584,35.0,0.1233341326407826,12.493543517540932
21.153306038999986,104.24208323299993,SAT_10097,19.392848087886577,187.834770494362,98.90013255015317,170.65358896593506,-65.59685195547361,29.663351248728013,35.0,0.12318924439142051,12.48342499387515
21.153306038999986,104.34208323299993,SAT_10097,19.419331731010914,187.9837409869364,98.90348129186351,170.6465957008156,-65.57036831234927,29.675049434627283,35.0,0.1230792868352152,12.475742759325739
21.153306038999986,104.44208323299992,SAT_10097,19.437390365033423,188.08532080331298,98.90575608042218,170.6418234483668,-65.55230967832676,29.68302154588173,35.0,0.1230043179122067,12.470503457929484
21.153306038999986,104.54208323299991,SAT_10097,19.44701203366357,188.13944268935757,98.90696524173744,170.63927956080227,-65.54268800969662,29.687267564117615,35.0,0.12296437726916726,12.467711635742805
21.153306038999986,104.64208323299991,SAT_10097,19.4481903517419,188.1460707285482,98.90711318591512,170.63896796498892,-65.54150969161829,29.68778747954904,35.0,0.12295948607600546,12.467369720102404
21.153306038999986,104.7420832329999,SAT_10097,19.44092453660025,188.10520051837642,98.9062004518047,170.64088914228958,-65.54877550675994,29.68458129097775,35.0,0.12298964692749845,12.46947800852061
21.153306038999986,104.8420832329999,SAT_10097,19.425219411908557,188.01685919198565,98.90422371243277,170.6450401260907,-65.56448063145163,29.677649005793107,35.0,0.12305484383123619,12.474034667322812
21.153306038999986,104.94208323299989,SAT_10097,19.40108538397351,187.88110528485097,98.9011757414227,170.6514145170368,-65.58861465938668,29.666990639972244,35.0,0.12315504228188609,12.481035740040227
21.153306038999986,105.04208323299989,SAT_10097,19.368538390732468,187.69802844787014,98.89704533979081,170.66000251581028,-65.62116165262772,29.65260621808036,35.0,0.12329018942110996,12.490475165476703
21.153306038999986,105.14208323299988,SAT_10097,19.327599823968313,187.46774900982177,98.89181722178265,170.67079097310608,-65.66210021939187,29.634495773271208,35.0,0.1234602142816976,12.502344805275309
21.153306038999986,105.24208323299987,SAT_10097,19.278296425549755,187.19041739371738,98.88547185764774,170.68376345626405,-65.71140361781043,29.61265934728771,35.0,0.12366502811373851,12.516634480720365
21.153306038999986,105.34208323299987,SAT_10097,19.220660158748046,186.86621339295775,98.87798527041902,170.6989003318601,-65.76903988461214,29.58709699046279,35.0,0.12390452478994557,12.533332018424876
21.153306038999986,105.44208323299986,SAT_10097,19.15472805593275,186.49534531462172,98.86932878284384,170.71617886338754,-65.83497198742744,29.557808761720334,35.0,0.12417858128658116,12.552423304473656
21.153306038999986,105.54208323299986,SAT_10097,19.080542044153333,186.0780489983625,98.85946870957063,170.7355733230276,-65.90915799920685,29.524794728576314,35.0,0.12448705823583048,12.57389234651973
21.153306038999986,105.64208323299985,SAT_10097,19.10045629118605,186.19006663792152,98.86212811607137,170.73037203028363,-65.88924375217414,29.53366305903671,35.0,0.12440424010402722,12.568130540823187
21.153306038999986,105.74208323299985,SAT_10097,19.141070649933056,186.41852240587346,98.86752317824224,170.7197530649248,-65.84862939342713,29.55173569312028,35.0,0.12423536201840331,12.556376659604215
21.153306038999986,105.84208323299984,SAT_10097,19.173194593178266,186.59921958662775,98.87176335412191,170.7113434010488,-65.81650545018192,29.566016934243518,35.0,0.12410181295386058,12.547077170422796
21.153306038999986,105.94208323299983,SAT_10097,19.196807069324947,186.73203976495284,98.87486496053852,170.70515596425315,-65.79289297403524,29.576506749672774,35.0,0.12400366284220883,12.540240096612655
21.153306038999986,106.04208323299983,SAT_10097,19.21189253245538,186.81689549506152,98.87683984718298,170.70120030196483,-65.77780751090481,29.583205115365207,35.0,0.1239409633118313,12.535871360993346
21.153306038999986,106.14208323299982,SAT_10097,19.218441018523492,186.85373072919464,98.877695521454,170.69948253456232,-65.7712590248367,29.5861120159683,35.0,0.12391374744728702,12.53397475879539
21.153306038999986,106.24208323299982,SAT_10097,19.216448194395923,186.84252109347707,98.8774352270569,170.70000532390523,-65.77325184896426,29.585227444819566,35.0,0.12392202963475023,12.534551940243857
21.153306038999986,106.34208323299981,SAT_10097,19.205915379225814,186.7832740081452,98.87605797784377,170.70276785961707,-65.78378466413437,29.580551403946398,35.0,0.12396580549467871,12.53760240296902
21.153306038999986,106.4420832329998,SAT_10097,19.186849537943544,186.67602865093244,98.87355854753318,170.70776586326264,-65.80285050541664,29.57208390406612,35.0,0.1240450519023193,12.543123494317802
21.153306038999986,106.5420832329998,SAT_10011,19.17494089682856,186.60904254466067,98.87196333844996,170.71014115572422,-65.81475914653163,29.566377999630067,35.0,0.12409922277222274,12.546896767665256
21.153306038999986,106.6420832329998,SAT_10011,19.299067233517306,187.30725318853484,98.8881222996555,170.67755440841836,-65.69063280984288,29.621442657350265,35.0,0.12358335999597474,12.510937698778802
21.153306038999986,106.74208323299979,SAT_10011,19.4150796495786,187.95982302887964,98.90291577787261,170.64697059511576,-65.57462039378159,29.67274809344509,35.0,0.12310152088533759,12.47729637122558
21.153306038999986,106.84208323299978,SAT_10011,19.52290573706219,188.5663447709748,98.91640558184748,170.6184340972065,-65.466794306298,29.720294189983893,35.0,0.12265394648141822,12.446000452593987
21.153306038999986,106.94208323299978,SAT_10011,19.622476912503856,189.1264326328342,98.92864654996262,170.5919869940361,-65.36722313085633,29.76408083768777,35.0,0.12224086484000453,12.417076109668004
21.153306038999986,107.04208323299977,SAT_10011,19.713728721049037,189.63972405590084,98.93968720012701,170.5676688687018,-65.27597132231115,29.804107935927433,35.0,0.12186249005668935,12.39054789948011
21.153306038999986,107.14208323299977,SAT_10011,19.79660112913517,190.10588135138534,98.94957028795741,170.54551662081965,-65.19309891422502,29.840375392721196,35.0,0.12151902133444478,12.366438664792122
21.153306038999986,107.24208323299976,SAT_10011,19.87103880308662,190.52459326736223,98.95833328541768,170.52556428801464,-65.11866124027357,29.872883124733185,35.0,0.12121064210104716,12.344769434891075
21.153306038999986,107.34208323299976,SAT_10011,19.93699137101825,190.89557646197767,98.96600878998134,170.5078428778608,-65.05270867234194,29.901631057271686,35.0,0.1209375191835768,12.325559332569238
21.153306038999986,107.44208323299975,SAT_10011,19.99441366552732,191.21857686859119,98.97262487263838,170.4923802119467,-64.99528637783287,29.926619124287672,35.0,0.12069980204693896,12.308825488126892
21.153306038999986,107.54208323299974,SAT_10011,20.0432659447726,191.4933709393459,98.97820537160807,170.47920078366528,-64.94643409858759,29.947847268373504,35.0,0.12049762210297349,12.294582961192841
21.253306038999987,102.84208323300001,SAT_10097,19.462948611334895,188.2290859387588,98.90897356030897,170.63506419173567,-65.52675143202529,29.694297986738004,35.0,0.12289822718442046,12.463086999843213
21.253306038999987,102.942083233,SAT_10097,19.41379498697998,187.9525968017624,98.90279304363206,170.64805826459093,-65.57590505638021,29.67260444722898,35.0,0.12310227359926734,12.477348965418988
21.253306038999987,103.042083233,SAT_10097,19.356158930252008,187.62839398266757,98.89547970223603,170.66326646821213,-65.63354111310818,29.647131811129313,35.0,0.12334159958307152,12.494064856442291
21.253306038999987,103.142083233,SAT_10097,19.29007846752063,187.25669137980353,98.88700551539354,170.68066543825338,-65.69962157583956,29.617880136882953,35.0,0.12361607891466818,12.513220195554442
21.253306038999987,103.24208323299999,SAT_10097,19.215596745992457,186.83773169620756,98.8773375036168,170.70022867838648,-65.77410329736773,29.584849491608,35.0,0.12392556828492018,12.534798542304326
21.253306038999987,103.34208323299998,SAT_10097,19.132761828656044,186.37178528619023,98.86643736665668,170.72192669169505,-65.85693821470414,29.548039951098076,35.0,0.12426990794626562,12.55878156616091
21.253306038999987,103.44208323299998,SAT_10097,19.041626469372872,185.85914889022243,98.85426105388808,170.74572712462657,-65.94807357398732,29.507451599823796,35.0,0.12464892242798103,12.585149126756555
21.253306038999987,103.54208323299997,SAT_10097,19.08557361784699,186.10635160038933,98.86015703631476,170.73425949250347,-65.9041264255132,29.527035844708784,35.0,0.12446613243739026,12.572436645281137
21.253306038999987,103.64208323299997,SAT_10097,19.170432858596186,186.58368482960356,98.87141395746356,170.71206675799453,-65.819267184764,29.564789621060548,35.0,0.12411329345665535,12.547876754373371
21.253306038999987,103.74208323299996,SAT_10097,19.24708227176974,187.01483777870482,98.88143964814637,170.69196491225853,-65.74261777159045,29.598820226013245,35.0,0.12379472373561441,12.525678361609547
21.253306038999987,103.84208323299995,SAT_10097,19.315473406683807,187.39953791259643,98.89027356355288,170.67398367955664,-65.67422663667638,29.629127581099404,35.0,0.1235105843690285,12.50585995385011
21.253306038999987,103.94208323299995,SAT_10097,19.375562504377314,187.73753908712237,98.89794983568999,170.6581499228241,-65.61413753898287,29.655711616440925,35.0,0.12326102074939177,12.488438211850308
21.253306038999987,104.04208323299994,SAT_10097,19.427310701262797,188.02862269460323,98.90449764564009,170.64448751324008,-65.56238934209739,29.678572270747747,35.0,0.12304616192072647,12.473427937684335
21.253306038999987,104.14208323299994,SAT_10097,19.470684212562148,188.27259869566208,98.9099415355584,170.6330172126237,-65.51901583079804,29.69770949131664,35.0,0.1228661199986048,12.46084198949236
21.253306038999987,104.24208323299993,SAT_10097,19.505654493736728,188.46930652726908,98.91430166656396,170.62375656984554,-65.48404554962346,29.713123234030228,35.0,0.12272098966133613,12.450691224146816
21.253306038999987,104.34208323299993,SAT_10097,19.532198378301857,188.61861587794795,98.91759402748961,170.61671983232682,-65.45750166505833,29.724813463356103,35.0,0.1226108477167247,12.44298444837088
21.253306038999987,104.44208323299992,SAT_10097,19.550298190635573,188.7204273223251,98.91983059842882,170.61191787355244,-65.43940185272461,29.732780152346173,35.0,0.12253575274820092,12.437728378770144
21.253306038999987,104.54208323299991,SAT_10097,19.559941832628,188.77467280853247,98.9210194721109,170.60935813736597,-65.42975821073219,29.737023282636127,35.0,0.12249574484346976,12.43492761115888
21.253306038999987,104.64208323299991,SAT_10097,19.561122843277275,188.78131599343467,98.92116493532377,170.60904459964362,-65.42857720008291,29.73754284444508,35.0,0.1224908454081075,12.43458459947626
21.253306038999987,104.7420832329999,SAT_10097,19.553840430613462,188.74035242220071,98.92026751185851,170.61097774775948,-65.43585961274673,29.734338836575386,35.0,0.1225210570657876,12.436699644496848
21.253306038999987,104.8420832329999,SAT_10097,19.538099475615525,188.65180955033733,98.91832396774763,170.61515457806587,-65.45160056774466,29.727411266412627,35.0,0.12258636364604036,12.44127089244539
21.253306038999987,104.94208323299989,SAT_10097,19.513910508082972,188.51574660796672,98.91532727889157,170.62156861141403,-65.47578953527722,29.71676014992574,35.0,0.12268673025965582,12.44829434352926
21.253306038999987,105.04208323299989,SAT_10097,19.481289654711446,188.3322543077519,98.91126656049144,170.63020992654944,-65.50841038864874,29.702385511667327,35.0,0.12282210346104823,12.457763870305579
21.253306038999987,105.14208323299988,SAT_10097,19.44025855991518,188.1014543995229,98.90612695701338,170.64106521101846,-65.54944148344501,29.68428738477414,35.0,0.1229924114961145,12.469671245704577
21.253306038999987,105.24208323299987,SAT_10097,19.39084428021323,187.82349907619945,98.89988949067921,170.65411782904238,-65.59885576314696,29.6624658109677,35.0,0.12319756463336137,12.484006180438916
21.253306038999987,105.34208323299987,SAT_10097,19.333079153262545,187.49857023710183,98.89253086568618,170.6693479056365,-65.65662089009764,29.636920840555113,35.0,0.12343745557535274,12.500756369440907
21.253306038999987,105.44208323299986,SAT_10097,19.267000642865625,187.12687861611914,98.88402322448252,170.68673242608955,-65.72269940049456,29.607652532430038,35.0,0.12371195994685166,12.519907546888199
21.253306038999987,105.54208323299986,SAT_10097,19.19265116150322,186.70866278345562,98.87433385143412,170.70624534977117,-65.79704888185697,29.574660954073813,35.0,0.12402093685541397,12.541443549304185
21.253306038999987,105.64208323299985,SAT_10097,19.11007787213353,186.2441880307511,98.86342481807803,170.72785773711024,-65.87962217122666,29.53794618155676,35.0,0.12436422951963598,12.565346386153545
21.253306038999987,105.74208323299985,SAT_10097,19.01933247117286,185.73374515034732,98.85125256283003,170.75153788847047,-65.97036757218733,29.49750829953964,35.0,0.12474166595978067,12.591596317296727
21.253306038999987,105.84208323299984,SAT_10097,19.034076832538517,185.81668218302917,98.85324358496248,170.74769538289615,-65.95562321082167,29.504085033570092,35.0,0.12468032789713697,12.587332533598467
21.253306038999987,105.94208323299983,SAT_10097,19.05758954626519,185.9489411977417,98.85640795100542,170.74156371343122,-65.932110497095,29.514567791955248,35.0,0.12458252219771442,12.580532053421303
21.253306038999987,106.04208323299983,SAT_10097,19.072611175563893,186.0334378625469,98.8584227249887,170.73764374478384,-65.9170888677963,29.521261651312216,35.0,0.12452004300552459,12.576186731319142
21.253306038999987,106.14208323299982,SAT_10097,19.079131928037626,186.07011709521166,98.85929566376255,170.73594148757056,-65.91056811532256,29.52416659629442,35.0,0.1244929228613229,12.5743003011851
21.253306038999987,106.24208323299982,SAT_10097,19.0771475452772,186.05895494218424,98.8590301186768,170.7364595558626,-65.91255249808299,29.523282620241943,35.0,0.12450117591464137,12.574874386547684
21.253306038999987,106.34208323299981,SAT_10097,19.06665932368213,185.999958695712,98.85762507086622,170.73919715383553,-65.92304071967806,29.518609725181395,35.0,0.12454479785798962,12.577908493165932
21.253306038999987,106.4420832329998,SAT_10097,19.047674108119537,185.89316685817238,98.85507512053134,170.74415007983504,-65.94202593524065,29.510147921825958,35.0,0.12462376594689346,12.583400011284679
21.253306038999987,106.5420832329998,SAT_10011,19.160549563698737,186.52809129580538,98.87008158106794,170.7139102305178,-65.82915047966145,29.55998235450712,35.0,0.12415905396474716,12.551063549686026
21.253306038999987,106.6420832329998,SAT_10011,19.284545717745686,187.2255696623195,98.88626222282825,170.68137397802508,-65.7051543256145,29.61500976482185,35.0,0.12364369343867859,12.515146418972588
21.253306038999987,106.74208323299979,SAT_10011,19.400435745990436,187.8774510711962,98.90107538491618,170.65083790125658,-65.58926429736975,29.666280496488866,35.0,0.1231623258079985,12.481544566794035
21.253306038999987,106.84208323299978,SAT_10011,19.50814745316559,188.48332942405648,98.91458299960144,170.62234624805478,-65.4815525901946,29.713794431630593,35.0,0.12271519142281606,12.450285582347586
21.253306038999987,106.94208323299978,SAT_10011,19.607612459576075,189.0428200851154,98.92684001414224,170.59594096963568,-65.38208758378411,29.757551461017286,35.0,0.12230251767902749,12.421395557486699
21.253306038999987,107.04208323299977,SAT_10011,19.698766503907265,189.55556158447837,98.9378950422125,170.57166152724204,-65.29093353945292,29.79755148406491,35.0,0.12192451804736099,12.394898978228426
21.253306038999987,107.14208323299977,SAT_10011,19.781549734620796,190.02121725724197,98.94779092338428,170.54954470575063,-65.20815030873939,29.833794408833146,35.0,0.12158139114475865,12.37081862067714
21.253306038999987,107.24208323299976,SAT_10011,19.855906987306355,190.43947680359827,98.95656520286806,170.52962443597508,-65.13379305605383,29.866280152023577,35.0,0.12127331985545571,12.349175452246872
21.253306038999987,107.34208323299976,SAT_10011,19.921788045401684,190.81005775538446,98.96425054160441,170.51193162738122,-65.0679119979585,29.89500863897805,35.0,0.12100047050894085,12.329988539046406
21.35330603899999,102.942083233,SAT_10097,19.303143923708205,187.33018457085865,98.8887008857205,170.67722847227253,-65.68655611965198,29.62366776450323,35.0,0.12356180121811994,12.509433610664562
21.35330603899999,103.042083233,SAT_10097,19.24571184282209,187.00712911587425,98.8812746252501,170.69232478619998,-65.7439882005381,29.59821237636922,35.0,0.12380041838726649,12.526075372320076
21.35330603899999,103.142083233,SAT_10097,19.17986412002692,186.63673567515144,98.87266883504367,170.70959622476465,-65.80983592333327,29.5689805089853,35.0,0.12407408847589771,12.545146119078021
21.35330603899999,103.24208323299999,SAT_10097,19.105643303754732,186.21924358362037,98.86284968426415,170.72901667413444,-65.88405673960546,29.53597222944246,35.0,0.12438267007513376,12.56662962483835
21.35330603899999,103.34208323299998,SAT_10097,19.023096794620812,185.75491946974208,98.85177787625437,170.75055706017653,-65.96660324873937,29.499187613503658,35.0,0.124726005544953,12.590507796521559
21.35330603899999,103.44208323299998,SAT_10097,19.094850753038614,186.1585354858422,98.86141121724404,170.73183647267217,-65.89484929032157,29.531167223851273,35.0,0.12442755120739131,12.56975249029328
21.35330603899999,103.54208323299997,SAT_10097,19.188046771047254,186.68276308714078,98.87374360866887,170.70745211250187,-65.80165327231293,29.57261574005359,35.0,0.12404007541994064,12.542776824444717
21.35330603899999,103.64208323299997,SAT_10097,19.273071763127277,187.16102866759093,98.8848215839306,170.68513684486177,-65.71662828023291,29.61034371625279,35.0,0.12368673525055167,12.518148416373375
21.35330603899999,103.74208323299996,SAT_10097,19.349872261655392,187.5930314718116,98.89468914955656,170.66492346571152,-65.6398277817048,29.644351065435007,35.0,0.12336770851457245,12.495887672913701
21.35330603899999,103.84208323299995,SAT_10097,19.41839931091809,187.97849612391428,98.90338471305331,170.64684202482692,-65.5713007324421,29.674637709172874,35.0,0.12308315789381631,12.476013258894225
21.35330603899999,103.94208323299995,SAT_10097,19.478608692471667,188.31717389515313,98.91094150757371,170.63091968153947,-65.51109135088852,29.701203577623993,35.0,0.12283323022020848,12.458542016752848
21.35330603899999,104.04208323299994,SAT_10097,19.530461131991302,188.60884386745107,98.91738795131931,170.6171805721689,-65.45923891136889,29.7240486095296,35.0,0.12261805582096674,12.44348889290862
21.35330603899999,104.14208323299994,SAT_10097,19.573922485616848,188.85331398159477,98.92274794888863,170.60564569047267,-65.41577755774334,29.743172752213397,35.0,0.12243774793081402,12.430866871553249
21.35330603899999,104.24208323299993,SAT_10097,19.60896390396354,189.05042195979493,98.9270411404561,170.59633278233034,-65.38073613939665,29.758575961580526,35.0,0.12229240217625487,12.420686916470585
21.35330603899999,104.34208323299993,SAT_10097,19.635561972157006,189.20003609338318,98.93028310353304,170.58925625575552,-65.35413807120318,29.770258202116732,35.0,0.12218209613640554,12.412957921428003
21.35330603899999,104.44208323299992,SAT_10097,19.65369882446967,189.3020558876419,98.93248551107928,170.58442710718393,-65.33600121889052,29.77821944688768,35.0,0.12210688898425487,12.407686669610008
21.35330603899999,104.54208323299991,SAT_10097,19.663362232380834,189.3564125571422,98.93365624886819,170.5818528648228,-65.32633781097935,29.78245967753843,35.0,0.12206682121156022,12.404877802483425
21.35330603899999,104.64208323299991,SAT_10097,19.664545665145255,189.36306936644206,98.93379949423124,170.5815375496726,-65.32515437821493,29.782978884293094,35.0,0.12206191443985766,12.404533798395583
21.35330603899999,104.7420832329999,SAT_10097,19.65724832223914,189.32202181259518,98.93291575759334,170.58348165464213,-65.33245172112105,29.77977706595464,35.0,0.12209217131930086,12.406654961114262
21.35330603899999,104.8420832329999,SAT_10097,19.641475137342027,189.2332976475489,98.93100188753961,170.58768214198534,-65.34822490601816,29.772854229904876,35.0,0.12215757551625002,12.411239418421454
21.35330603899999,104.94208323299989,SAT_10097,19.617236753812733,189.09695674019662,98.92805103950346,170.59413245908746,-65.37246328954745,29.762210392104585,35.0,0.12225809178972395,12.418283130774853
21.35330603899999,105.04208323299989,SAT_10097,19.584549471917356,188.91309077953514,98.92405260751862,170.6028225724285,-65.40515057144283,29.74784557709384,35.0,0.12239366615601886,12.42777990995216
21.35330603899999,105.14208323299988,SAT_10097,19.54343516836083,188.6818228220297,98.91899211781387,170.61373901935565,-65.44626487499936,29.729759817992463,35.0,0.1225642261399978,12.439721447496174
21.35330603899999,105.24208323299987,SAT_10097,19.493921188960186,188.40330668790105,98.91285108232978,170.62686497710527,-65.4957788544,29.70795315650068,35.0,0.12276968111078237,12.45409735268463
21.35330603899999,105.34208323299987,SAT_10097,19.436040215563906,188.07772621254696,98.90560680947887,170.6421803483379,-65.55365982779628,29.682425642899894,35.0,0.12300992269883922,12.470895199659441
21.35330603899999,105.44208323299986,SAT_10097,19.369830108576025,187.70529436074017,98.89723216863277,170.6596618622803,-65.61986993478416,29.653177336053684,35.0,0.12328482529076659,12.490100583266788
21.35330603899999,105.54208323299986,SAT_10097,19.295333726666456,187.28625221249882,98.88769530387285,170.67928319042136,-65.69436631669373,29.620208303408912,35.0,0.12359424659745542,12.511697183083838
21.35330603899999,105.64208323299985,SAT_10097,19.212598725449666,186.82086783065438,98.87695929145318,170.70101507557584,-65.77710131791052,29.583518620997033,35.0,0.12393802829073687,12.535666835040983
21.35330603899999,105.74208323299985,SAT_10097,19.121677337082346,186.3094350210882,98.86498173415747,170.7248254730198,-65.86802270627784,29.54310837343554,35.0,0.12431599670314049,12.561989609990455
21.35330603899999,105.84208323299984,SAT_10097,19.022626132868652,185.75227199738617,98.85171428423739,170.750679702311,-65.96707391049154,29.498977653929614,35.0,0.1247279635849789,12.590643898525174
21.35330603899999,105.94208323299983,SAT_10097,18.915505771063437,185.14971996223184,98.83710208483896,170.77854060834363,-66.07419427229675,29.451126564273885,35.0,0.1251737269126517,12.621606501314364
21.35330603899999,106.04208323299983,SAT_10097,18.92416463477295,185.19842607059786,98.83829360582473,170.77629235688104,-66.06553540858724,29.454999336961748,35.0,0.12513768544568354,12.61910470322226
21.35330603899999,106.14208323299982,SAT_10097,18.930656452062564,185.2349425428519,98.83918571917579,170.77460633217896,-66.05904359129762,29.457902318286596,35.0,0.12511066508974106,12.617228912315518
21.35330603899999,106.24208323299982,SAT_10097,18.928680876389706,185.2238299296921,98.83891434251908,170.77511945956962,-66.06101916697048,29.457018939775875,35.0,0.12511888777078528,12.617799759405955
21.35330603899999,106.34208323299981,SAT_10097,18.918239180542898,185.1650953905538,98.83747842028558,170.77783095831722,-66.07146086281729,29.452349203455416,35.0,0.12516234925631162,12.620816758699164
21.35330603899999,106.4420832329998,SAT_10011,19.00459612686616,185.65085321362216,98.84924369044265,170.75463401438708,-65.98510391649403,29.490523912305427,35.0,0.12480770730765431,12.59618610710473
21.35330603899999,106.5420832329998,SAT_10011,19.136452097762827,186.3925430499159,98.8669110580329,170.72021712400198,-65.85324794559736,29.54926792213669,35.0,0.12425924787005893,12.55803949586202
21.35330603899999,106.6420832329998,SAT_10011,19.260286862973288,187.08911360422476,98.8831367435446,170.68775045088015,-65.7294131803869,29.604257933142126,35.0,0.1237444934174228,12.522176169231455
21.35330603899999,106.74208323299979,SAT_10011,19.376025024740812,187.74014076416708,98.89799073449753,170.65728015094066,-65.61367501861938,29.655493818850687,35.0,0.12326369527007208,12.488624991259327
21.35330603899999,106.84208323299978,SAT_10011,19.483594678901127,188.34522006881886,98.91153523769862,170.62885028831417,-65.50610536445906,29.70297546143759,35.0,0.12281709283730767,12.457413444745175
21.35330603899999,106.94208323299978,SAT_10011,19.582927724651057,188.9039684511622,98.92382544166654,170.60250263796894,-65.40677231870913,29.746702751722005,35.0,0.12240491261691273,12.428567519845286
21.35330603899999,107.04208323299977,SAT_10011,19.673960165556792,189.41602593125697,98.93491017168418,170.5782764935429,-65.3157398778034,29.78667558916492,35.0,0.12202736722946367,12.402111606195957
21.35330603899999,107.14208323299977,SAT_10011,19.7566323991922,189.88105724545613,98.944832452346,170.55620848210276,-65.23306764416799,29.822893881867156,35.0,0.12168465449482689,12.37806838943756
21.35330603899999,107.24208323299976,SAT_10011,19.830889492790917,190.29875339694894,98.95362998988702,170.53633238756368,-65.15881055056927,29.855357546567568,35.0,0.12137695655814854,12.35645875301502
21.35330603899999,107.34208323299976,SAT_10011,19.8966814423472,190.66883311320302,98.9613355844567,170.51867898446983,-65.09301860101299,29.884066508641396,35.0,0.12110443907246601,12.337301686112081
21.35330603899999,107.44208323299975,SAT_10011,19.95396341267829,190.99104419631539,98.96797748073904,170.5032758837894,-65.0357366306819,29.90902070209882,35.0,0.12086725044479653,12.320614198546517
21.35330603899999,107.54208323299974,SAT_10011,20.002695956084295,191.26516475297416,98.97357966384584,170.49014739229705,-64.98700408727589,29.93022006958365,35.0,0.12066552115218133,12.306411243410313
21.453306038999987,102.942083233,SAT_10097,19.183086209194627,186.65485992671978,98.87310623633194,170.70875200851756,-65.80661383416556,29.57041204813461,35.0,0.12406069495476456,12.544213178827844
21.453306038999987,103.042083233,SAT_10097,19.125870205750104,186.33301990734435,98.8655531572238,170.72372909808752,-65.86382983761008,29.544973978348605,35.0,0.12429856265622269,12.560776155214946
21.453306038999987,103.142083233,SAT_10097,19.060269033019367,185.96401331073395,98.85679954653878,170.74086463741457,-65.92943101034082,29.515761998651993,35.0,0.12457137710274771,12.579756994475495
21.453306038999987,103.24208323299999,SAT_10097,18.98632460575631,185.54807590737923,98.84681060892981,170.76013291726522,-66.00337543760388,29.482776176108775,35.0,0.12487899890076877,12.601139697546653
21.453306038999987,103.34208323299998,SAT_10097,19.086208900817383,186.10992506709778,98.86027293677103,170.73409359290903,-65.9034911425428,29.527318785989024,35.0,0.12446349039931699,12.572252845223472
21.453306038999987,103.44208323299998,SAT_10097,19.187688821994996,186.68074962372188,98.8737105588031,170.70754591914726,-65.80201122136519,29.57245673331258,35.0,0.12404156328664456,12.542880472243857
21.453306038999987,103.54208323299997,SAT_10097,19.281043575996208,187.20587011497867,98.88586443646838,170.68304122260935,-65.70865646736398,29.613876790780452,35.0,0.12365361464338376,12.5158384208917
21.453306038999987,103.64208323299997,SAT_10097,19.36621489405745,187.68495877907316,98.89678344469492,170.6606152329299,-65.62348514930274,29.651578862839287,35.0,0.12329983832193286,12.491148940890188
21.453306038999987,103.74208323299996,SAT_10097,19.44314881236845,188.11771206957255,98.90651052123903,170.64030106601336,-65.54655123099174,29.685562862519514,35.0,0.12298041369725836,12.46883261380063
21.453306038999987,103.84208323299995,SAT_10097,19.51179591714987,188.503852033968,98.91508314935845,170.62212906726626,-65.47790412621032,29.715828711433673,35.0,0.12269550488589598,12.448908265491843
21.453306038999987,103.94208323299995,SAT_10097,19.572111573155013,188.84312759899694,98.92253376901688,170.606126665237,-65.41758847020517,29.742376339774893,35.0,0.12244526002114203,12.43139288472191
21.453306038999987,104.04208323299994,SAT_10097,19.624056133434735,189.13531575057038,98.92889012503997,170.59231823709797,-65.36564390992545,29.765205686315575,35.0,0.12222981059041575,12.416301548552637
21.453306038999987,104.14208323299994,SAT_10097,19.667595128335904,189.38022259688947,98.93417555914361,170.58072498731855,-65.32210491502428,29.784316698406215,35.0,0.12204927084038229,12.403647355271568
21.453306038999987,104.24208323299993,SAT_10097,19.702699431868254,189.57768430425892,98.9384092514856,170.57136484077049,-65.28700061149193,29.79970933197438,35.0,0.12190373725495483,12.393441365440873
21.453306038999987,104.34208323299993,SAT_10097,19.729345403763404,189.72756789616915,98.94160641630533,170.56425235138306,-65.26035463959678,29.81138355152387,35.0,0.12179328811074168,12.385692551626859
21.453306038999987,104.44208323299992,SAT_10097,19.74751500577962,189.82977190751038,98.94377845527427,170.55939862731157,-65.24218503758057,29.81933933013405,35.0,0.12171798311388361,12.380407757289179
21.453306038999987,104.54208323299991,SAT_10097,19.757195891047985,189.88422688714493,98.94493307134726,170.55681127342376,-65.2325041523122,29.823576649459305,35.0,0.12167786312154155,12.37759166522621
21.453306038999987,104.64208323299991,SAT_10097,19.758381465529936,189.8908957436059,98.94507434515984,170.5564943517247,-65.23131857783025,29.824095499728724,35.0,0.12167294995055736,12.377246775883723
21.453306038999987,104.7420832329999,SAT_10097,19.75107092093843,189.84977393027867,98.9442027753287,170.55844836015314,-65.23862912242176,29.82089587974588,35.0,0.12170324627503241,12.379373395739464
21.453306038999987,104.8420832329999,SAT_10097,19.735269238780404,189.76088946813977,98.94231528336826,170.562670229977,-65.25443080457978,29.813977796888828,35.0,0.12176873561376192,12.383969635877849
21.453306038999987,104.94208323299989,SAT_10097,19.710987165470698,189.62430280577266,98.9394051833089,170.56915334182318,-65.27871287788949,29.803341267110238,35.0,0.12186938240763964,12.391031420768917
21.453306038999987,105.04208323299989,SAT_10097,19.678241158786122,189.44010651817194,98.93546211548156,170.57788756016043,-65.31145888457407,29.788986314937702,35.0,0.12200513218632457,12.400552507165006
21.453306038999987,105.14208323299988,SAT_10097,19.63705330622058,189.20842484749076,98.93047194329372,170.58885928586136,-65.35264673713961,29.770912973474207,35.0,0.12217591182264724,12.41252451292981
21.453306038999987,105.24208323299987,SAT_10097,19.587451216094166,188.9294130905297,98.92441661114944,170.60205152627384,-65.40224882726602,29.74912128439876,35.0,0.12238162987244647,12.4269369555185
21.453306038999987,105.34208323299987,SAT_10097,19.52946788254482,188.60325683931464,98.91727396093776,170.61744398204894,-65.46023216081537,29.723611297967214,35.0,0.1226221769967775,12.443777299736865
21.453306038999987,105.44208323299986,SAT_10097,19.463141525786725,188.23017108255033,98.90901750371025,170.63501314980132,-65.52655851757346,29.69438307301319,35.0,0.12289742646273155,12.463031014322594
21.453306038999987,105.54208323299986,SAT_10097,19.388515409246608,187.8103991770122,98.89961614225763,170.65473243952937,-65.60118463411358,29.661436676949236,35.0,0.12320723471846737,12.484681636814978
21.453306038999987,105.64208323299985,SAT_10097,19.305637635397204,187.34421169910928,98.88903383925532,170.67657230558254,-65.68406240796298,29.624772185768126,35.0,0.12355144203748256,12.508710846111077
21.453306038999987,105.74208323299985,SAT_10097,19.214560922270806,186.8319051877733,98.8772292244313,170.70050038985914,-65.77513912108938,29.58438968404429,35.0,0.12392987322665906,12.53509854204786
21.453306038999987,105.84208323299984,SAT_10097,19.11534236278544,186.2738007906681,98.86415513278192,170.7264816758163,-65.87435768057475,29.54028926493545,35.0,0.12434233839220171,12.563822931301692
21.453306038999987,105.94208323299983,SAT_10097,19.008043169110707,185.67024282624774,98.84975806415788,170.75447865181746,-65.98165687424948,29.49247103018441,35.0,0.12478863375726362,12.594860618859174
21.453306038999987,106.04208323299983,SAT_10097,18.892728404379824,185.02159727463655,98.83397755250046,170.78445148228963,-66.09697163898036,29.44093509012102,35.0,0.1252685425248091,12.628186704286945
21.453306038999987,106.14208323299982,SAT_10097,18.773114812112254,184.34877081813144,98.81726096053566,170.81541580734907,-66.21658523124793,29.387319326948937,35.0,0.12576663952326114,12.662722111324541
21.453306038999987,106.24208323299982,SAT_10097,18.771148386789406,184.3377096756904,98.81698311873495,170.8159237882751,-66.21855165657078,29.38643654842436,35.0,0.12577483066651088,12.663289586053546
21.453306038999987,106.34208323299981,SAT_10011,18.831428646058143,184.67678613407708,98.82542430329516,170.7995962686621,-66.15827139730204,29.41307563577503,35.0,0.1255285664993235,12.646222197915646
21.453306038999987,106.4420832329998,SAT_10011,18.97101366173554,185.4619518472624,98.84469523515568,170.76337461077568,-66.01868638162465,29.475530830914995,35.0,0.12494745412039639,12.605895147643555
21.453306038999987,106.5420832329998,SAT_10011,19.102666507978782,186.20249910738065,98.86243831840702,170.7290507746298,-65.8870335353814,29.534234725950835,35.0,0.12439974467368872,12.567817742028753
21.453306038999987,106.6420832329998,SAT_10011,19.226309001693977,186.89798813452865,98.8787327637379,170.6966725595455,-65.76339104166621,29.589187185822993,35.0,0.1238856990875037,12.532019968856195
21.453306038999987,106.74208323299979,SAT_10011,19.3418661265558,187.54799696187638,98.89364904611595,170.66628588041527,-65.64783391680439,29.640388084116825,35.0,0.12340556744774488,12.498530553058194
21.453306038999987,106.84208323299978,SAT_10011,19.44926634665171,188.15212319991588,98.90724980069308,170.6379345683299,-65.54043369670848,29.68783730306008,35.0,0.12295958797674802,12.467376843461897
21.453306038999987,106.94208323299978,SAT_10011,19.548441913955728,188.70998576600095,98.9195905920534,170.61166017470757,-65.44125812940446,29.731534733520576,35.0,0.12254798603949224,12.438584702177982
21.453306038999987,107.04208323299977,SAT_10011,19.639329167067288,189.2212265647535,98.93072057502778,170.58750178061467,-65.3503708762929,29.771480275004105,35.0,0.12217097318449388,12.412178397497847
21.453306038999987,107.14208323299977,SAT_10011,19.7218688186298,189.68551210479262,98.94068306210907,170.56549581298398,-65.26783122473039,29.80767383565242,35.0,0.12182874622669884,12.388180501172124
21.453306038999987,107.24208323299976,SAT_10011,19.796006228836845,190.10253503720728,98.94951600989107,170.5456758694476,-65.19369381452334,29.840115332241446,35.0,0.12152148637961162,12.366611790937586
21.453306038999987,107.34208323299976,SAT_10011,19.86169166248996,190.47201560150606,98.95725243480567,170.52807255346465,-65.12800838087023,29.868804690179658,35.0,0.12124935844372331,12.347491159141502
21.453306038999987,107.44208323299975,SAT_10011,19.91888052714397,190.79370296518485,98.9639207666494,170.51271332138253,-65.07081951621622,29.8937418435066,35.0,0.12101251005802663,12.330835528282261
21.453306038999987,107.54208323299974,SAT_10011,19.967533590005203,191.06737644377927,98.96954514690076,170.49962234298317,-65.02216645335498,29.914926734891605,35.0,0.12081107102103351,12.316659774242382
21.453306038999987,107.64208323299974,SAT_10011,20.007617171397243,191.29284658910947,98.97414567757177,170.48882037697337,-64.98208287196294,29.932359315632667,35.0,0.12064515268724169,12.304976657935008
21.453306038999987,107.74208323299973,SAT_10011,20.03910331281793,191.46995613460084,98.97773862526716,170.48032466273472,-64.95059673054226,29.946039545655474,35.0,0.12051484744443557,12.295796766018581
21.553306038999985,103.042083233,SAT_10097,18.996718960393537,185.60654415221367,98.84823957019701,170.75742735468378,-65.99298108296665,29.487416733536385,35.0,0.12483574951147818,12.59813471230776
21.553306038999985,103.142083233,SAT_10097,18.94197251139562,185.2985953766004,98.8407739211311,170.77166647333883,-66.04772753196457,29.462961442977228,35.0,0.12506356732873414,12.613958934274239
21.553306038999985,103.24208323299999,SAT_10097,19.05967797908636,185.96068863236079,98.85673613217926,170.74101884850037,-65.93002206427383,29.515498581871594,35.0,0.12457383552759767,12.579927962117454
21.553306038999985,103.34208323299998,SAT_10097,19.169377534001597,186.577748628759,98.8713176273723,170.71234315163747,-65.82032250935859,29.564320612461827,35.0,0.12411768047374944,12.548182289709196
21.553306038999985,103.44208323299998,SAT_10097,19.271004561359348,187.14940065764634,98.88457953247575,170.68568017415492,-65.71869548200084,29.609427422078543,35.0,0.12369532410891697,12.518747405815532
21.553306038999985,103.54208323299997,SAT_10097,19.364496245198268,187.67529137924026,98.89657598990853,170.66106841698172,-65.62520379816192,29.6508189066356,35.0,0.12330697551675135,12.49164731229906
21.553306038999985,103.64208323299997,SAT_10097,19.449793842985315,188.15509036679242,98.90735479749928,170.63854391537296,-65.53990620037487,29.688494970628092,35.0,0.12295283003980578,12.466904425590187
21.553306038999985,103.74208323299996,SAT_10097,19.526842948127808,188.58849158321894,98.91695795628179,170.61814007115046,-65.46285709523238,29.72245552713053,35.0,0.12263306844021955,12.444539482772237
21.553306038999985,103.84208323299995,SAT_10097,19.59559373803428,188.9752147764428,98.92542213922452,170.5998874939405,-65.3941063053259,29.75270049779517,35.0,0.1223478561106979,12.424571453069872
21.553306038999985,103.94208323299995,SAT_10097,19.65600120543118,189.3150067805504,98.93277909072366,170.58381385293072,-65.333698837929,29.779229812850517,35.0,0.12209734234216178,12.40701745550665
21.553306038999985,104.04208323299994,SAT_10097,19.708025370744252,189.60764271043644,98.93905596497159,170.56994374059866,-65.28167467261594,29.802043411099987,35.0,0.12188165965413465,12.391892683463121
21.553306038999985,104.14208323299994,SAT_10097,19.751631473476124,189.8529270383032,98.94427560987073,170.55829854979032,-65.23806856988406,29.821141239920735,35.0,0.12170092319353959,12.379210336820929
21.553306038999985,104.24208323299993,SAT_10097,19.786790140684815,190.0506945413521,98.94845680194237,170.54889636540875,-65.20290990267537,29.836523255262655,35.0,0.12155523020710085,12.368981562322166
21.553306038999985,104.34208323299993,SAT_10097,19.81347753086095,190.20081111109283,98.95161443663399,170.5417518718482,-65.17622251249924,29.84818942164752,35.0,0.1214446595919865,12.361215402706584
21.553306038999985,104.44208323299992,SAT_10097,19.83167545172698,190.30317441596426,98.95375967752044,170.53687627715934,-65.15802459163321,29.856139712168318,35.0,0.12136927152869642,12.355918755113484
21.553306038999985,104.54208323299991,SAT_10097,19.841371450739217,190.3577144104081,98.95490006709349,170.53427725475885,-65.14832859262097,29.860374108488735,35.0,0.12132910719950724,12.353096339151353
21.553306038999985,104.64208323299991,SAT_10097,19.842558877342114,190.36439368504938,98.9550396011128,170.53395890331848,-65.14714116601807,29.860892600842796,35.0,0.12132418859503503,12.352750674947348
21.553306038999985,104.7420832329999,SAT_10097,19.8352369163174,190.32320765428537,98.95417876783024,170.535921725274,-65.15446312704279,29.857695188034686,35.0,0.12135451841068898,12.354882071392794
21.553306038999985,104.8420832329999,SAT_10097,19.81941059187824,190.2341845793151,98.95231455277505,170.54016262418588,-65.17028945148195,29.850781877438727,35.0,0.12142008003396722,12.359488624700818
21.553306038999985,104.94208323299989,SAT_10097,19.795090742459948,190.0973854263372,98.94944040918327,170.54667492098662,-65.19460930090024,29.840152684999506,35.0,0.12152083762271249,12.366566227290413
21.553306038999985,105.04208323299989,SAT_10097,19.76229396648054,189.91290356145305,98.94554619355412,170.5554483889291,-65.22740607687965,29.8258076352322,35.0,0.12165673627360728,12.376108586909119
21.553306038999985,105.14208323299988,SAT_10097,19.721042539637878,189.6808642854631,98.94061806519855,170.56646930686026,-65.26865750372231,29.80774676122303,35.0,0.12182770227936288,12.388107255805714
21.553306038999985,105.24208323299987,SAT_10097,19.671364304616716,189.40142421346906,98.93463834799616,170.57972053023403,-65.31833573874347,29.785970104629904,35.0,0.12203364347225683,12.402551669667094
21.553306038999985,105.34208323299987,SAT_10097,19.613292534350805,189.0747705057233,98.92758535187484,170.5951815791005,-65.37640750900938,29.76047771568321,35.0,0.12227444965091287,12.419429195941172
21.553306038999985,105.44208323299986,SAT_10097,19.54686577024799,188.70111995764495,98.91943315075036,170.61282874213103,-65.4428342731122,29.73126965318677,35.0,0.12254999308650534,12.438725191081428
21.553306038999985,105.54208323299986,SAT_10097,19.472127637019994,188.2807179582375,98.91015131278877,170.6326351955845,-65.5175724063402,29.698345984518998,35.0,0.12286012910392145,12.460423066170764
21.553306038999985,105.64208323299985,SAT_10097,19.389126635961105,187.81383732728122,98.89970457784929,170.65457113598717,-65.60057340739908,29.661706785634134,35.0,0.12320469673283528,12.484504360313217
21.553306038999985,105.74208323299985,SAT_10097,19.297915918700127,187.30077704268822,98.88805247579864,170.6786039251782,-65.69178412466006,29.621352141063753,35.0,0.12358351942314534,12.51094882112246
21.553306038999985,105.84208323299984,SAT_10097,19.198553043584837,186.74186087016471,98.8751488780125,170.70469824628736,-65.79114699977535,29.57728214391836,35.0,0.12399640581880941,12.539734491587536
21.553306038999985,105.94208323299983,SAT_10097,19.09109971696863,186.13743590794851,98.86094147274545,170.73281626913843,-65.89860032639156,29.529496895889164,35.0,0.12444315058378025,12.570837802558524
21.553306038999985,106.04208323299983,SAT_10097,18.97562152173866,185.48787105977993,98.84537115309068,170.76291782353007,-66.01407852162153,29.477996507250044,35.0,0.12492353527350225,12.604233670067988
21.553306038999985,106.14208323299982,SAT_10097,18.852187635461846,184.79355544947288,98.82837130387999,170.79496057882383,-66.13751240789834,29.42278109685965,35.0,0.1254373292452769,12.639895596688886
21.553306038999985,106.24208323299982,SAT_10097,18.720870540526874,184.0548967904637,98.8098669709903,170.82890022827144,-66.26882950283331,29.363850792163692,35.0,0.1259842906007387,12.677795776124833
21.553306038999985,106.34208323299981,SAT_10011,18.788462446962356,184.43510126416325,98.81941497816192,170.81071070821133,-66.20123759639783,29.39380683642168,35.0,0.12570752391396545,12.658626200694215
21.553306038999985,106.4420832329998,SAT_10011,18.927800272246742,185.21887653138793,98.83879855838578,170.77460695400868,-66.06189977111345,29.45621918069432,35.0,0.1251273134571915,12.618384684341901
21.553306038999985,106.5420832329998,SAT_10011,19.05921792212004,185.95810081192522,98.8566440869461,170.74039575211756,-65.93048212124015,29.51488279882757,35.0,0.12458046089381578,12.580388707056343
21.553306038999985,106.6420832329998,SAT_10011,19.182637686347505,186.65233698570472,98.87303153479189,170.7081246030304,-65.80706235701268,29.56979755582186,35.0,0.12406722561685786,12.544668084187293
21.553306038999985,106.74208323299979,SAT_10011,19.29798500829017,187.3011656716322,98.88803204464,170.67783913068158,-65.69171503507002,29.62096332531865,35.0,0.12358785622631994,12.511251373480784
21.553306038999985,106.84208323299978,SAT_10011,19.405188795792597,187.9041869763334,98.90170883808686,170.64958288487762,-65.58451124756759,29.668379989597952,35.0,0.12314258951609397,12.480165762771831
21.553306038999985,106.94208323299978,SAT_10011,19.504181725897823,188.46102220817525,98.91411799430199,170.6233971472358,-65.48551831746236,29.712047439576004,35.0,0.12273164948818237,12.451436960314371
21.553306038999985,107.04208323299977,SAT_10011,19.594900540859555,188.971315542335,98.92530911881535,170.59932074229624,-65.39479950250063,29.751965574803148,35.0,0.12235524640145688,12.425089088606079
21.553306038999985,107.14208323299977,SAT_10011,19.677286332890873,189.43473562251117,98.93532591766575,170.57738985549798,-65.31241371046931,29.78813430346187,35.0,0.1220135758621919,12.401144582571007
21.553306038999985,107.24208323299976,SAT_10011,19.751284815093385,189.85097708490028,98.94420668952277,170.55763785971126,-65.2384152282668,29.820553542364983,35.0,0.12170681796352834,12.379624092956998
21.553306038999985,107.34208323299976,SAT_10011,19.816846576059262,190.21976199033335,98.9519847462112,170.54009515198712,-65.17285346730092,29.84922321695401,35.0,0.12143513648085034,12.36054639578697
21.553306038999985,107.44208323299975,SAT_10011,19.87392731571606,190.54084115090285,98.95868877025433,170.52478900213924,-65.11577272764413,29.874143261297725,35.0,0.12119867812978327,12.343928308672826
21.553306038999985,107.54208323299974,SAT_10011,19.92248806010386,190.81399533808423,98.96434311653984,170.51174341469536,-65.06721198325633,29.89531361809085,35.0,0.12099757189315256,12.329784614758676
21.553306038999985,107.64208323299974,SAT_10011,19.96249535293579,191.03903636026382,98.96896806393464,170.5009790056491,-65.0272046904244,29.91273423865295,35.0,0.1208319284227789,12.318127995005458
21.553306038999985,107.74208323299973,SAT_10011,19.993921421984624,191.2158079986635,98.97258002158851,170.49251289531827,-64.99577862137556,29.92640508292746,35.0,0.1207018395214287,12.308968969463319
21.553306038999985,107.84208323299973,SAT_10011,20.016744318565856,191.34418679193294,98.97519169372681,170.48635861846424,-64.97295572479433,29.936326119480924,35.0,0.12060737770960213,12.302315848101422
21.553306038999985,107.94208323299972,SAT_10011,20.03094802865114,191.42408266116266,98.9768122059129,170.48252605265148,-64.95875201470905,29.94249732550236,35.0,0.12054859588112397,12.29817469167881
21.653306038999986,103.042083233,SAT_10097,18.88952569009463,185.0035820067823,98.83357193544079,170.78528223452824,-66.10017435326556,29.439501602174015,35.0,0.12528187538306634,12.629111845528277
21.653306038999986,103.142083233,SAT_10097,19.0153124574134,185.7111325729504,98.85077529045917,170.75258519815677,-65.97438758594679,29.495714741268642,35.0,0.12475839043668017,12.592758738621988
21.653306038999986,103.24208323299999,SAT_10097,19.133156388731962,186.3740046866173,98.86654873538063,170.72182348707045,-65.85654365462823,29.54821546818373,35.0,0.12426826743404425,12.558667368307457
21.653306038999986,103.34208323299998,SAT_10097,19.242986876152685,186.99180117835888,98.88095972555975,170.69304031022543,-65.7467131672075,29.597003661725775,35.0,0.12381174177729523,12.526864776930564
21.653306038999986,103.44208323299998,SAT_10097,19.34473684491084,187.5641447526235,98.89406816193116,170.66627675555668,-65.64496319844935,29.642079209282308,35.0,0.12338903686352858,12.497376615311447
21.653306038999986,103.54208323299997,SAT_10097,19.438343040561477,188.0906796031583,98.90592711504837,170.641571607004,-65.55135700279871,29.68344200681975,35.0,0.12300036315702095,12.470227039457427
21.653306038999986,103.64208323299997,SAT_10097,19.52374630640152,188.57107297350856,98.91658344690644,170.61896116743435,-65.46595373695867,29.721091958881416,35.0,0.12264591729861622,12.445438611107118
21.653306038999986,103.74208323299996,SAT_10097,19.600891848711655,189.00501664900307,98.92607834445242,170.59847908905752,-65.38880819464853,29.75502897858569,35.0,0.12232588125907345,12.423032202917623
21.653306038999986,103.84208323299995,SAT_10097,19.669729487436143,189.3922283668283,98.93444777627836,170.580156212911,-65.31997055592404,29.785252987624364,35.0,0.12204042154304862,12.403026909094356
21.653306038999986,103.94208323299995,SAT_10097,19.730213889972006,189.7324531310925,98.94172288200069,170.56402041895961,-65.25948615338818,29.81176391626115,35.0,0.12178968845016212,12.38543996223956
21.653306038999986,104.04208323299994,SAT_10097,19.782304785846208,190.02546442038494,98.94793030217285,170.55009648828445,-65.20739525751398,29.834561703330333,35.0,0.12157381539929685,12.370286657160568
21.653306038999986,104.14208323299994,SAT_10097,19.82596716018385,190.27106527603414,98.95309245518679,170.5384059787574,-65.16373288317634,29.853646296235613,35.0,0.12139291832187159,12.357580282332679
21.653306038999986,104.24208323299993,SAT_10097,19.861171424040975,190.46908926023048,98.95722776643919,170.52896711548445,-65.12852861931921,29.8690176509491,35.0,0.12124709512935254,12.347332059654523
21.653306038999986,104.34208323299993,SAT_10097,19.887893559878194,190.6194012743148,98.96035085402808,170.52179469716634,-65.101806483482,29.880675732010456,35.0,0.12113642525969935,12.339551093066406
21.653306038999986,104.44208323299992,SAT_10097,19.906115240675177,190.72189822879787,98.96247267436581,170.51690001937916,-65.08358480268501,29.888620512526238,35.0,0.1210609693068038,12.334244326525287
21.653306038999986,104.54208323299991,SAT_10097,19.91582392144589,190.7765095581331,98.96360063031968,170.51429081560224,-65.0738761219143,29.892851974169375,35.0,0.1210207687362763,12.33141651174516
21.653306038999986,104.64208323299991,SAT_10097,19.917012902193775,190.78319757484,98.96373864379314,170.51397121663558,-65.07268714116641,29.893370107178818,35.0,0.12101584569017636,12.33107018601946
21.653306038999986,104.7420832329999,SAT_10097,19.909681361636984,190.74195765920803,98.96288719401866,170.5159417288554,-65.0800186817232,29.89017491035936,35.0,0.1210462028824827,12.33320566034467
21.653306038999986,104.8420832329999,SAT_10097,19.89383436134787,190.65281828258176,98.96104332222956,170.52019923154464,-65.09586568201232,29.88326639108159,35.0,0.12111182358626874,12.337821017963
21.653306038999986,104.94208323299989,SAT_10097,19.869482820261055,190.51584086396844,98.95820060279117,170.5267369933299,-65.12021722309913,29.87264456528207,35.0,0.12121267171270121,12.344912123338597
21.653306038999986,105.04208323299989,SAT_10097,19.836643459820962,190.33111946149293,98.95434908028975,170.5355447075435,-65.15305658353923,29.85830945746361,35.0,0.12134869198113314,12.354472641478207
21.653306038999986,105.14208323299988,SAT_10097,19.79533872035381,190.09878030199022,98.94947517147959,170.54660854611842,-65.19436132300638,29.840261100695745,35.0,0.12151981017872332,12.366494067404972
21.653306038999986,105.24208323299987,SAT_10097,19.745596649539806,189.8189811536614,98.94356153035851,170.559911231433,-65.24410339382038,29.81849953661538,35.0,0.12172593350720684,12.380965765495546
21.653306038999986,105.34208323299987,SAT_10097,19.687450764157177,189.49191054838414,98.93658687396318,170.5754321253201,-65.30224927920301,29.79302481542756,35.0,0.12196695101366767,12.397875018296787
21.653306038999986,105.44208323299986,SAT_10097,19.620939886521427,189.11778686168302,98.92852576572285,170.59314733429247,-65.36876015683876,29.76383699590646,35.0,0.12224273410144561,12.417207084351308
21.653306038999986,105.54208323299986,SAT_10097,19.546107957287518,188.6968572597423,98.91934835236384,170.6130298298706,-65.44359208607267,29.730936145396477,35.0,0.1225531371166521,12.438945264481877
21.653306038999986,105.64208323299985,SAT_10097,19.463003826488475,188.2293965239977,98.90902004938583,170.6350495827654,-65.52669621687171,29.69432233981354,35.0,0.12289799800518213,12.463070975914677
21.653306038999986,105.74208323299985,SAT_10097,19.371681024859242,187.71570576483325,98.89750116900295,170.65917370955157,-65.61801901850095,29.653995663646555,35.0,0.12327713903460379,12.489563833561323
21.653306038999986,105.84208323299984,SAT_10097,19.272197517641317,187.1561110367324,98.88474648311511,170.68536663037258,-65.71750252571887,29.609956209959012,35.0,0.12369036757488357,12.518401737730407
21.653306038999986,105.94208323299983,SAT_10097,19.16461544316695,186.55096186781412,98.87070471229886,170.71359023615142,-65.82508460019324,29.562204080390785,35.0,0.12413747693157112,12.549560967501035
21.653306038999986,106.04208323299983,SAT_10097,19.049000838592534,185.900629717083,98.85531792991613,170.74380406373848,-65.94069920476765,29.510739385160043,35.0,0.1246182472248256,12.583016278964381
21.653306038999986,106.14208323299982,SAT_10097,18.925423355195235,185.2055063729732,98.83852086815769,170.7759654773993,-66.06427668816495,29.455562243065383,35.0,0.12513244630750966,12.618741007523537
21.653306038999986,106.24208323299982,SAT_10097,18.793955965636073,184.4660023067029,98.82024011006064,170.810029855059,-66.19574407772411,29.3966727814881,35.0,0.1256798307155145,12.656707173437685
21.653306038999986,106.34208323299981,SAT_10011,18.73592992393867,184.13960582215503,98.81200101427495,170.82427739245117,-66.25377011942152,29.37021968285888,35.0,0.1259263786111877,12.673786031218045
21.653306038999986,106.4420832329998,SAT_10011,18.874987520341662,184.92180480192187,98.83152753914804,170.78831168197996,-66.11471252301853,29.43258900388392,35.0,0.1253471803478256,12.633642664574658
21.653306038999986,106.5420832329998,SAT_10011,19.006138447578905,185.65952876763134,98.84950303016072,170.75423234668074,-65.98356159578128,29.49121218309178,35.0,0.12480128982148836,12.595740142370824
21.653306038999986,106.6420832329998,SAT_10011,19.129305546749578,186.35234370046638,98.86600843200657,170.72208653826405,-65.86039449661061,29.546089085542555,35.0,0.12428896463567289,12.560108079253432
21.653306038999986,106.74208323299979,SAT_10011,19.244414797118964,186.9998332337942,98.88111574225188,170.69191954111682,-65.74528524624122,29.59721958493354,35.0,0.123810451658813,12.526774838399131
21.653306038999986,106.84208323299978,SAT_10011,19.35139562379969,187.60160038387326,98.89488893291781,170.66377457683285,-65.6383044195605,29.64460356359674,35.0,0.1233659860205373,12.495767420303851
21.653306038999986,106.94208323299978,SAT_10011,19.450181199261635,188.15726924584672,98.90738474136559,170.63769261225514,-65.53951884409855,29.688240912496557,35.0,0.12295579013516296,12.467111354204798
21.653306038999986,107.04208323299977,SAT_10011,19.540708736174338,188.66648664098065,98.91865334937093,170.6137121726727,-65.44899130718585,29.728131531227675,35.0,0.12258007275955958,12.440830592981253
21.653306038999986,107.14208323299977,SAT_10011,19.622919769053553,189.12892370092624,98.92873896595661,170.59186916184134,-65.36678027430663,29.764275328013092,35.0,0.12223902809252693,12.416947412385868
21.653306038999986,107.24208323299976,SAT_10011,19.696760422197798,189.54427737486265,98.93768032684225,170.57219669049036,-65.29293962116239,29.796672219702327,35.0,0.1219328349227488,12.395482315451616
21.653306038999986,107.34208323299976,SAT_10011,19.76218166143947,189.91227184559702,98.94551112113948,170.55472491495652,-65.22751838192072,29.825322131769788,35.0,0.12166165583221161,12.376453942901769
21.653306038999986,107.44208323299975,SAT_10011,19.81913952731435,190.23265984114323,98.95226035407141,170.539480887537,-65.17056051604584,29.850224998313315,35.0,0.12142563646170454,12.359878990360443
21.753306038999987,102.74208323300002,SAT_10097,18.85536516786567,184.8114290692444,98.82885208983318,170.79413742074257,-66.13433487549452,29.42420465256758,35.0,0.12542409870724022,12.638978008612279
21.753306038999987,102.942083233,SAT_10097,18.819414282115332,184.60920533689875,98.8238337557345,170.8034454397361,-66.17028576124486,29.40809177828461,35.0,0.12557380264255857,12.649358297150824
21.753306038999987,103.042083233,SAT_10097,18.953190902380413,185.36169882588982,98.84234489174112,170.7687508532479,-66.03650914097977,29.467975472891926,35.0,0.12501687875223025,12.610716881871564
21.753306038999987,103.142083233,SAT_10097,19.079093481646623,186.06990083426226,98.85936856188651,170.73595152521418,-65.91060656171356,29.52414947014034,35.0,0.12449308275916676,12.574311423880573
21.753306038999987,103.24208323299999,SAT_10097,19.19704775295631,186.73339361037924,98.87497925078317,170.70509286919486,-65.79265229040388,29.57661364031832,35.0,0.12400266245313668,12.540170399074213
21.753306038999987,103.34208323299998,SAT_10097,19.306982701282365,187.3517776947133,98.88924321405942,170.67621835678943,-65.68271734207782,29.62536786229335,35.0,0.12354585452684676,12.508320993054891
21.753306038999987,103.44208323299998,SAT_10097,19.40883086053492,187.92467359050895,98.90221930113313,170.64936932870967,-65.58086918282527,29.670412023509613,35.0,0.12312288361118058,12.478788994014025
21.753306038999987,103.54208323299997,SAT_10097,19.502528603190754,188.451723392948,98.91395966211958,170.624584810174,-65.48717144016943,29.711746019985853,35.0,0.12273396134084136,12.45159868864043
21.753306038999987,103.64208323299997,SAT_10097,19.58801642011504,188.93259236314708,98.92451035519746,170.60190133222534,-65.40168362324515,29.749369756313378,35.0,0.12237928545730514,12.42677276187588
21.753306038999987,103.74208323299996,SAT_10097,19.66523918813691,189.3669704332701,98.93391186791906,170.5813527605832,-65.32446085522328,29.783283145654245,35.0,0.12205903895595281,12.40433220133838
21.753306038999987,103.84208323299995,SAT_10097,19.734146422962482,189.75457362916396,98.94219956361884,170.56297013363175,-65.2555536203977,29.813486109739603,35.0,0.12177338928411933,12.384296207221432
21.753306038999987,103.94208323299995,SAT_10097,19.794692515078452,190.09514539731632,98.94940406214833,170.54678151109943,-65.19500752828174,29.8399785788682,35.0,0.12152248759658095,12.366682108453928
21.753306038999987,104.04208323299994,SAT_10097,19.84683694638909,190.3884578234386,98.95555156255908,170.5328118349314,-65.1428630969711,29.86276049190506,35.0,0.12130646807468903,12.351505285870068
21.753306038999987,104.14208323299994,SAT_10097,19.89054448546969,190.63431273076702,98.9606641140066,170.52108280376362,-65.0991555578905,29.88183179628029,35.0,0.12112544731495861,12.338779103092213
21.753306038999987,104.24208323299993,SAT_10097,19.9257853594862,190.83254264710988,98.9647598400043,170.51161276229774,-65.06391468387399,29.89719244798812,35.0,0.12097952379243093,12.32851484577193
21.753306038999987,104.34208323299993,SAT_10097,19.952535401031724,190.98301163080345,98.96785312017464,170.50441660674454,-65.03716464232846,29.90884241158602,35.0,0.12086877740355881,12.320721669766387
21.753306038999987,104.44208323299992,SAT_10097,19.970776168364154,191.08561594704835,98.9699547327914,170.49950570734762,-65.01892387499603,29.916781660194047,35.0,0.12079326909271823,12.315406558749734
21.753306038999987,104.54208323299991,SAT_10097,19.98049503779005,191.14028458756903,98.97107196065322,170.49688784882574,-65.00920500557014,29.921010175494338,35.0,0.1207530405657388,12.312574291672993
21.753306038999987,104.64208323299991,SAT_10097,19.981685267216065,191.14697962809038,98.97120866214951,170.49656718938877,-65.00801477614412,29.921527947730745,35.0,0.12074811409307881,12.312227420393015
21.753306038999987,104.7420832329999,SAT_10097,19.974346030197722,191.10569641986217,98.97036530875639,170.4985442387744,-65.01535401316247,29.918334975708653,35.0,0.12077849240446108,12.31436625769226
21.753306038999987,104.8420832329999,SAT_10097,19.958482420116923,191.0164636131577,98.96853898961103,170.50281585555356,-65.03121762324326,29.91143126679496,35.0,0.12084415867594557,12.318988875808722
21.753306038999987,104.94208323299989,SAT_10097,19.93410542444741,190.87934301251667,98.96572338324384,170.5093752637308,-65.05559461891278,29.90081683691822,35.0,0.12094507660955944,12.326091115490652
21.753306038999987,105.04208323299989,SAT_10097,19.901231869381363,190.69442926527017,98.96190869597933,170.51821208845718,-65.08846817397882,29.88649171056894,35.0,0.12108119060474531,12.335666605485846
21.753306038999987,105.14208323299988,SAT_10097,19.859884335405965,190.46184938665854,98.95708156593595,170.5293124104622,-65.12981570795422,29.868455920800052,35.0,0.12125242602004424,12.347706792272012
21.753306038999987,105.24208323299987,SAT_10097,19.8100910447249,190.18176212657755,98.95122493094202,170.5426588386055,-65.17960899863529,29.846709509227544,35.0,0.12145868952260926,12.362200979734721
21.753306038999987,105.34208323299987,SAT_10097,19.751885721702152,189.8543571845746,98.94431785802388,170.5582305997622,-65.23781432165804,29.82125252603125,35.0,0.12169986952236626,12.379136378404736
21.753306038999987,105.44208323299986,SAT_10097,19.68530742777557,189.47985428123758,98.93633533139148,170.5760036450752,-65.30439261558462,29.79208502995581,35.0,0.12197583668691062,12.398498163778324
21.753306038999987,105.54208323299986,SAT_10097,19.610400372528034,189.0585020954702,98.92724799502412,170.5959507714473,-65.37929967083215,29.759207088311793,35.0,0.12228644453256379,12.420269543164087
21.753306038999987,105.64208323299985,SAT_10097,19.527213702810585,188.59057707830954,98.91702184501577,170.61804175701113,-65.4624863405496,29.722618776976972,35.0,0.12263153008642182,12.444431830429027
21.753306038999987,105.74208323299985,SAT_10097,19.43580127199361,188.07638215496408,98.90561786574521,170.64224350919463,-65.55389877136658,29.682320180397788,35.0,0.12301091461371566,12.470964527956022
21.753306038999987,105.84208323299984,SAT_10097,19.336221391568614,187.51624532757344,98.89299160264875,170.66852022390307,-65.65347865179157,29.638311391590943,35.0,0.12342440440437705,12.499845415075065
21.753306038999987,105.94208323299983,SAT_10097,19.228536567422836,186.91051819175348,98.87909266284537,170.69683355427787,-65.76116347593735,29.590592512145193,35.0,0.12387179161236743,12.5310506421923
21.753306038999987,106.04208323299983,SAT_10097,19.11281322319067,186.25957438044753,98.86386413303423,170.7271427874376,-65.87688682016952,29.539163652223266,35.0,0.124352855141083,12.564554829814103
21.753306038999987,106.14208323299982,SAT_10097,18.989121413114802,185.56380794877077,98.84724190187532,170.7594050275935,-66.00057863024539,29.48402493056399,35.0,0.12486736156799452,12.600331171647888
21.753306038999987,106.24208323299982,SAT_10097,18.857534526856867,184.82363171356988,98.82915387137963,170.79357538392907,-66.13216551650332,29.425176474484534,35.0,0.1254150661016175,12.638351540957164
21.753306038999987,106.34208323299981,SAT_10097,18.71812898865977,184.03947556121122,98.80951903855018,170.8296071616647,-66.27157105470042,29.362618419882857,35.0,0.12599571356393025,12.678586599354642
21.753306038999987,106.4420832329998,SAT_10011,18.81261367327626,184.570951912179,98.82284947127916,170.8044653286244,-66.17708637008393,29.404640352172844,35.0,0.1256069274676842,12.651654466164699
21.753306038999987,106.5420832329998,SAT_10011,18.943466994972823,185.30700184672216,98.84098344497943,170.77053668204894,-66.04623304838736,29.463222930516388,35.0,0.1250621020796494,12.613857194775168
21.753306038999987,106.6420832329998,SAT_10011,19.066352109550223,185.99823061621998,98.85763265468165,170.73853409586167,-65.92334793380996,29.518061826836508,35.0,0.12455078480694752,12.57832487997786
21.753306038999987,106.74208323299979,SAT_10011,19.18119560601825,186.64422528385265,98.87287014868674,170.7085024678801,-65.80850443734194,29.569156914886058,35.0,0.1240732205475449,12.54508566380036
21.753306038999987,106.84208323299978,SAT_10011,19.287927497943073,187.2445921759298,98.88676082101439,170.68048464609174,-65.70177254541711,29.616508077048767,35.0,0.12362964253757483,12.514166333836565
21.753306038999987,106.94208323299978,SAT_10011,19.38648152132383,187.79895855744653,98.8993622173885,170.65452123908267,-65.60321852203636,29.660115204336964,35.0,0.12322027138531887,12.48559221590533
21.753306038999987,107.04208323299977,SAT_10011,19.476795423840173,188.30697425910097,98.91072522704685,170.63065043160037,-65.51290461952001,29.699978196389445,35.0,0.1228453141393674,12.459387070169731
21.753306038999987,107.14208323299977,SAT_10011,19.55881124298645,188.76831324179878,98.92089467632164,170.60890780688987,-65.43088880037374,29.73609696146952,35.0,0.12250496339799707,12.435572991555377
21.853306038999985,102.74208323300002,SAT_10097,18.69817601682827,183.92724009465903,98.80668980261221,170.83475020079965,-66.29152402653192,29.353646695489303,35.0,0.12607885445882008,12.68434166676275
21.853306038999985,102.84208323300001,SAT_10097,18.731749648873844,184.11609177491536,98.81148069461088,170.82609429551974,-66.25795039448634,29.368740297883,35.0,0.125938963209845,12.674657433639753
21.853306038999985,102.942083233,SAT_10097,18.87341528277142,184.91296096558926,98.83137839671522,170.78945972076576,-66.11628476058877,29.43228906431844,35.0,0.12534894609571484,12.633765158045724
21.853306038999985,103.042083233,SAT_10097,19.007280927161418,185.66595521528296,98.84972177017856,170.75467716772366,-65.98241911619877,29.49213086689599,35.0,0.12479180507218049,12.595081010298927
21.853306038999985,103.142083233,SAT_10097,19.133269011817745,186.37463819147482,98.86659316887216,170.72179402812097,-65.85643103154244,29.54826556739199,35.0,0.12426779916744064,12.558634771646025
21.853306038999985,103.24208323299999,SAT_10097,19.251304925342623,187.03859020505226,98.88206592165537,170.69085593800247,-65.73839511801756,29.600693036159935,35.0,0.12377717726536304,12.524455038909666
21.853306038999985,103.34208323299998,SAT_10097,19.361317319163803,187.6574099202964,98.8962052705204,170.66190658471697,-65.62838272419638,29.64941315212801,35.0,0.12332017711175723,12.492569114495664
21.853306038999985,103.44208323299998,SAT_10097,19.463238406558645,188.23071603689237,98.90906917627919,170.6349875166419,-65.52646163680154,29.694425802796793,35.0,0.12289702434420029,12.463002898612224
21.853306038999985,103.54208323299997,SAT_10097,19.557004254290007,188.7581489303813,98.92070901106102,170.61013795723431,-65.43269578907018,29.735730884237103,35.0,0.12250793155232968,12.43578078452063
21.853306038999985,103.64208323299997,SAT_10097,19.642555064400455,189.23937223725255,98.93117015351316,170.58739462502626,-65.34714497895973,29.77332830108803,35.0,0.12215309737556543,12.410925557645928
21.853306038999985,103.74208323299996,SAT_10097,19.7198354437038,189.67407437083386,98.94049249984029,170.5667915611909,-65.26986459965639,29.807217966555097,35.0,0.12183270564518427,12.388458299375397
21.853306038999985,103.84208323299995,SAT_10097,19.788794658536162,190.06196995426592,98.94871090155274,170.54835996629504,-65.20090538482403,29.83739980240863,35.0,0.1215469245775412,12.368398296360073
21.853306038999985,103.94208323299995,SAT_10097,19.84938687239638,190.40280115722962,98.95585553891978,170.53212804780998,-65.14031317096381,29.863873738982257,35.0,0.12129590602501318,12.350762956111067
21.853306038999985,104.04208323299994,SAT_10097,19.901571364194822,190.69633892359587,98.96195223756068,170.51812087989902,-65.08812867916537,29.88663971517158,35.0,0.12107978479092846,12.335567729647005
21.853306038999985,104.14208323299994,SAT_10097,19.94531272497636,190.94238407799205,98.96702273429428,170.50636027690044,-65.04438731838383,29.905697678433018,35.0,0.12089867801433901,12.32282604190207
21.853306038999985,104.24208323299993,SAT_10097,19.98058103114316,191.1407683001803,98.97108489725184,170.49686468182398,-65.00911901221703,29.921047584782798,35.0,0.12075268463000333,12.312549230545846
21.853306038999985,104.34208323299993,SAT_10097,20.007351992413234,191.29135495732444,98.97415290430189,170.48964907103684,-64.98234805094695,29.932689398796125,35.0,0.12064188490837091,12.304746493797879
21.853306038999985,104.44208323299992,SAT_10097,20.025607072982794,191.3940397855282,98.97623738300305,170.48472487616294,-64.9640929703774,29.940623093606497,35.0,0.1205663400797085,12.299424847741232
21.853306038999985,104.54208323299991,SAT_10097,20.035333584622308,191.44875141350047,98.97734551456561,170.48209992404463,-64.95436645873788,29.94484865090521,35.0,0.12052609204579214,12.296589093552667
21.853306038999985,104.64208323299991,SAT_10097,20.036524750722705,191.4554517228152,98.97748110363965,170.48177839542353,-64.95317529263748,29.94536606094099,35.0,0.12052116318181451,12.296241794973119
21.853306038999985,104.7420832329999,SAT_10097,20.029179740605272,191.41413604090468,98.97664461513845,170.48376080280192,-64.96052030275492,29.942175322519827,35.0,0.12055155623034065,12.298383266242482
21.853306038999985,104.8420832329999,SAT_10097,20.01330367373467,191.3248331647575,98.97483317873105,170.48804398772316,-64.97639636962552,29.935276443004934,35.0,0.12061725428829731,12.303011570618995
21.853306038999985,104.94208323299989,SAT_10097,19.988907593782542,191.18760521502682,98.97204056108093,170.49462113750906,-65.00079244957765,29.924669438316897,35.0,0.12071822088711683,12.310122529498363
21.853306038999985,105.04208323299989,SAT_10097,19.956008412825582,191.00254732214393,98.96825710535366,170.50348182126214,-65.0336916305346,29.910354332933977,35.0,0.12085440016529068,12.319709742041155
21.853306038999985,105.14208323299988,SAT_10097,19.91462882626972,190.76978714776718,98.96346963694796,170.51461204473804,-65.07507121709047,29.892331159892574,35.0,0.12102571713173364,12.331764615113274
21.853306038999985,105.24208323299987,SAT_10097,19.864797199403753,190.4894842466461,98.95766133380674,170.52799432348368,-65.12490284395643,29.870599960787864,35.0,0.12123207801753294,12.346276403243092
21.853306038999985,105.34208323299987,SAT_10097,19.806547426776277,190.16182927561655,98.95081155901889,170.54360777344237,-65.18315261658391,29.845160785774574,35.0,0.12147337071286941,12.363232258203235
21.853306038999985,105.44208323299986,SAT_10097,19.739918765854142,189.78704305792957,98.94289565270968,170.56142821805284,-65.24978127750605,29.816013693567964,35.0,0.12174946528516471,12.382617287736013
21.853306038999985,105.54208323299986,SAT_10097,19.6649556466688,189.365375512512,98.93388467941475,170.58142831070177,-65.32474439669139,29.78315875144491,35.0,0.12206021457383634,12.404414622860697
21.853306038999985,105.64208323299985,SAT_10097,19.581707459364566,188.8971044589257,98.92374512621355,170.60357767125493,-65.40799258399562,29.74659603524522,35.0,0.12240545485644766,12.428605493129462
21.853306038999985,105.74208323299985,SAT_10097,19.490228321746883,188.3825343098262,98.91243854583196,170.62784303526826,-65.4994717216133,29.706325629373055,35.0,0.12278500658052204,12.455169309137581
21.853306038999985,105.84208323299984,SAT_10097,19.390576829071165,187.82199466352532,98.89992113766925,170.65418841438913,-65.59912321428902,29.662347626798553,35.0,0.1231986751548629,12.484083751543587
21.853306038999985,105.94208323299983,SAT_10097,19.282815788421118,187.21583880986879,98.88614325821837,170.68257526638845,-65.70688425493907,29.61466212905958,35.0,0.12364625179388167,12.51532486581632
21.853306038999985,106.04208323299983,SAT_10097,19.167011940101318,186.56444216306994,98.87104885056796,170.71296267321543,-65.82268810325887,29.563269246263694,35.0,0.12412751440819123,12.548867161898945
21.853306038999985,106.14208323299982,SAT_10097,19.04323566849922,185.8682006353081,98.8545747805273,170.74530752545198,-65.94646437486097,29.508169097090203,35.0,0.124642228534568,12.58468371796463
21.853306038999985,106.24208323299982,SAT_10097,18.91156070487868,185.1275289649426,98.83665006430739,170.77956471154135,-66.0781393384815,29.449361808792467,35.0,0.12519014829832295,12.622746287434301
21.853306038999985,106.34208323299981,SAT_10097,18.772063824530832,184.3428590129859,98.81719496950255,170.81568731019485,-66.21763621882936,29.386847517200295,35.0,0.1257710174011457,12.663025408433663
21.853306038999985,106.4420832329998,SAT_10011,18.740723497094493,184.16656967115654,98.8127246510836,170.82304045602558,-66.2489765462657,29.3723732867001,35.0,0.1259064057959477,12.672402971144262
21.853306038999985,106.5420832329998,SAT_10011,18.871249066583246,184.90077599953077,98.83104686299639,170.78928085090934,-66.11845097677694,29.430915102323805,35.0,0.12536274629538524,12.634722481896024
21.853306038999985,106.6420832329998,SAT_10011,18.993823581812734,185.59025764769663,98.84786684513061,170.75743891879054,-65.99587646154745,29.485715841004204,35.0,0.12485253251226193,12.599300851248854
21.853306038999985,106.74208323299979,SAT_10011,19.108374312684916,186.23460550885267,98.86325890336994,170.7275591256702,-65.88132573067527,29.53677537654941,35.0,0.1243760071428398,12.566165974411634
21.853306038999985,106.84208323299978,SAT_10011,19.21483192977219,186.83342960496856,98.87728903477695,170.6996839022739,-65.774868113588,29.58409359139463,35.0,0.12393340130797958,12.535344401400748
21.853306038999985,106.94208323299978,SAT_10011,19.313130798151775,187.38636073960373,98.89001575179115,170.67385345713606,-65.67656924520841,29.627670376599863,35.0,0.12352493359877041,12.506861231073453
21.953306038999983,102.64208323300002,SAT_10097,18.563197842999912,183.1679878668745,98.78715324760644,170.86944926597965,-66.42650220036028,29.292837660910447,35.0,0.1266415058139856,12.723249089477084
21.953306038999983,102.74208323300002,SAT_10097,18.62666489290902,183.52499002261325,98.79641004044397,170.85315376304183,-66.36303515045117,29.32145556629634,35.0,0.1263768984981426,12.704960055207538
21.953306038999983,102.84208323300001,SAT_10097,18.77611004936837,184.36561902769708,98.81778673678835,170.8146419902387,-66.21358999399182,29.38866388191466,35.0,0.12575416302098724,12.66185772264679
21.953306038999983,102.942083233,SAT_10097,18.91783402706794,185.16281640225714,98.83753177262793,170.7779361488272,-66.07186601629225,29.452167985841108,35.0,0.12516403567383635,12.62093381763232
21.953306038999983,103.042083233,SAT_10097,19.05175632481952,185.91612932710981,98.8557363782382,170.74308537222234,-65.93794371854067,29.511967731345564,35.0,0.12460678551247505,12.582219292151416
21.953306038999983,103.142083233,SAT_10097,19.177799098945812,186.6251199315702,98.87248181873669,170.7101372292247,-65.81190094441438,29.568062980273396,35.0,0.1240826724353369,12.545744023027735
21.953306038999983,103.24208323299999,SAT_10097,19.295887471446406,187.28936702688603,98.88784046822255,170.67913752877604,-65.69381257191378,29.62045360304283,35.0,0.12359194616890733,12.51153670001167
21.953306038999983,103.34208323299998,SAT_10097,19.405949835553074,187.90846782498605,98.90187673120981,170.65013012590254,-65.58375020780711,29.669139478642485,35.0,0.12313484526985982,12.479624715277195
21.953306038999983,103.44208323299998,SAT_10097,19.50791815631939,188.48203962929657,98.91464783424094,170.62315673038898,-65.4817818870408,29.714120494629068,35.0,0.12271159615075006,12.450034055130129
21.953306038999983,103.54208323299997,SAT_10097,19.60172826381178,189.00972148394126,98.92620450651111,170.59825671978524,-65.38797177954841,29.75539654712524,35.0,0.12232241213622402,12.422789194752191
21.953306038999983,103.64208323299997,SAT_10097,19.687320136435645,189.4911757674505,98.93659156504248,170.5754669583705,-65.30237990692454,29.792967540817642,35.0,0.1219674925567434,12.397912996814943
21.953306038999983,103.74208323299996,SAT_10097,19.764638171913646,189.9260897170143,98.94584841725624,170.55482162371817,-65.22506187144654,29.826833388955077,35.0,0.12164702188679367,12.375426614796652
21.953306038999983,103.84208323299995,SAT_10097,19.833631443464157,190.3141768694859,98.95400949157924,170.5363520424855,-65.15606859989603,29.85699401334686,35.0,0.12136116893441423,12.35534940182297
21.953306038999983,103.94208323299995,SAT_10097,19.89425393878949,190.65517840569092,98.96110460489099,170.5200865370146,-65.0954461045707,29.88344934436134,35.0,0.12111008608866675,12.337698825828758
21.953306038999983,104.04208323299994,SAT_10097,19.946464779577923,190.9488643851258,98.96715927408911,170.506050284273,-65.04323526378226,29.906199320924564,35.0,0.12089390863134694,12.322490391802502
21.953306038999983,104.14208323299994,SAT_10097,19.99022841936602,191.19503485893387,98.97219497776798,170.49426518856646,-64.99947162399417,29.92524389051913,35.0,0.12071275411883647,12.309737571828006
21.953306038999983,104.24208323299993,SAT_10097,20.025514817775615,191.39352084998782,98.97622937291403,170.48474976934887,-64.96418522558457,29.940583009183175,35.0,0.12056672183949822,12.299451743579374
21.953306038999983,104.34208323299993,SAT_10097,20.052299589343164,191.54418519005532,98.97927647058489,170.4775190653189,-64.93740045401702,29.952216641509548,35.0,0.12045589235143954,12.29164213785625
21.953306038999983,104.44208323299992,SAT_10097,20.07056412540068,191.64692320537884,98.98134677372472,170.4725845558323,-64.91913591795951,29.96014476064513,35.0,0.12038032710481152,12.286315795667537
21.953306038999983,104.54208323299991,SAT_10097,20.080295687725823,191.70166324345774,98.98244737954704,170.46995410048828,-64.90940435563436,29.96436734829033,35.0,0.12034006815209315,12.283477535284323
21.953306038999983,104.64208323299991,SAT_10097,20.08148747297014,191.708367035457,98.98258204826799,170.46963189755175,-64.90821257039005,29.964884394698736,35.0,0.12033513794902749,12.283129929588013
21.953306038999983,104.7420832329999,SAT_10097,20.0741386471758,191.66702989036386,98.98175123937439,170.47161846167384,-64.91556139618439,29.96169589867693,35.0,0.12036553924805646,12.285273293939419
21.953306038999983,104.8420832329999,SAT_10097,20.058254350012646,191.57768071882114,98.97995211604879,170.47591062115657,-64.93144569334754,29.954801867584454,35.0,0.12043125508524609,12.28990568469018
21.953306038999983,104.94208323299989,SAT_10097,20.033845668686396,191.44038188636097,98.97717851782636,170.48250153479552,-64.95585437467379,29.94420231733397,35.0,0.12053224886082453,12.297022908351424
21.953306038999983,105.04208323299989,SAT_10097,20.000929581804627,191.25522889765105,98.97342090101637,170.49138072810663,-64.98877046155556,29.92989727239155,35.0,0.12066846451258179,12.306618541327884
21.953306038999983,105.14208323299988,SAT_10097,19.959528873791527,191.02234991507737,98.96866624586255,170.5025341485448,-65.03017116956866,29.911886765777137,35.0,0.12083982678052199,12.318683960020472
21.953306038999983,105.24208323299987,SAT_10097,19.90967202077036,190.74190511683327,98.96289792883141,170.51594423909575,-65.08002802258983,29.890170839065185,35.0,0.12104624156032438,12.333208380998935
21.953306038999983,105.34208323299987,SAT_10097,19.85139304910956,190.41408590124126,98.95609555778441,170.53159002944426,-65.13830699425063,29.86474954238544,35.0,0.12128759634237861,12.350178910849422
21.953306038999983,105.44208323299986,SAT_10097,19.78473136810605,190.03911394559654,98.94823476709077,170.54944724373308,-65.20496867525414,29.8356229344239,35.0,0.12156376073242008,12.369580605212523
21.953306038999983,105.54208323299986,SAT_10097,19.70973157852582,189.61724012920774,98.93928696895304,170.5694884237634,-65.27996846483437,29.802791082423923,35.0,0.12187458704911654,12.391396536445777
21.953306038999983,105.64208323299985,SAT_10097,19.62644325892903,189.1487433314758,98.92921905631617,170.59168306635243,-65.36325678443116,29.766254062187507,35.0,0.12221991099335623,12.415607869272867
21.953306038999983,105.74208323299985,SAT_10097,19.534920731895184,188.63392911691042,98.91799305168828,170.61599777343818,-65.454779311465,29.726011958076743,35.0,0.12259955238346963,12.442193943720092
21.953306038999983,105.84208323299984,SAT_10097,19.435222812404618,188.07312831977598,98.9055656949751,170.64239641343022,-65.55447723095557,29.682064863015402,35.0,0.1230133159501848,12.471132364590558
21.953306038999983,105.94208323299983,SAT_10097,19.327412540745854,187.46669554169546,98.89188796197614,170.6708402922327,-65.66228750261433,29.63441287849071,35.0,0.12346099218477719,12.502399096687563
21.953306038999983,106.04208323299983,SAT_10097,19.211556902386107,186.81500757592187,98.87690450345168,170.701288332324,-65.77814314097408,29.583056114555287,35.0,0.12394235823362737,12.535968564971748
21.953306038999983,106.14208323299982,SAT_10097,19.087726537283345,186.11846177221884,98.86055299257302,170.7336972582527,-65.90197350607684,29.527994689829217,35.0,0.12445717883224791,12.571813758821111
21.953306038999983,106.24208323299982,SAT_10097,18.955995441114936,185.3774743562715,98.84276336602291,170.76802178691665,-66.03370460224525,29.469228731502326,35.0,0.12500520727177686,12.60990633955915
21.953306038999983,106.34208323299981,SAT_10097,18.816440660868068,184.59247871738287,98.823456940903,170.804214821015,-66.17325938249212,29.406758375336594,35.0,0.12558618639096109,12.65021675042276
21.953306038999983,106.4420832329998,SAT_10097,18.76074787144246,184.27920677686384,98.81561602530998,170.8186099503485,-66.22895217191773,29.381766769070268,35.0,0.12581815535825905,12.666290835281234
21.953306038999983,106.5420832329998,SAT_10097,18.862549060188016,184.8518384635576,98.82988918011253,170.7922760591813,-66.12715098317217,29.427422664661567,35.0,0.12539418736466323,12.636903401287778
21.953306038999983,106.6420832329998,SAT_10097,18.95636796307096,185.37956979227414,98.84281426053802,170.76792494099874,-66.03333208028923,29.469395192946184,35.0,0.12500365698210597,12.609798675254561
21.953306038999983,106.74208323299979,SAT_10097,19.04214826398541,185.86208398491794,98.85444463498362,170.74559106907805,-65.94755177937478,29.50768425679333,35.0,0.12464675187790898,12.584998215212142
21.953306038999983,106.84208323299978,SAT_10011,19.13216301499922,186.36841695937065,98.8664314635287,170.72133912947234,-65.85753702836097,29.54736017752487,35.0,0.12427708258852925,12.559280993824967
22.053306038999985,102.54208323300003,SAT_10097,18.410789579209222,182.31069138305187,98.76450157952242,170.9084360105751,-66.57891046415097,29.223932180285175,35.0,0.12727726886926785,12.767129364991785
22.053306038999985,102.64208323300002,SAT_10097,18.504313664031912,182.8367643601795,98.77849262050832,170.88453631845908,-66.48538637932828,29.2662460675307,35.0,0.12688708106680915,12.740209047333078
22.053306038999985,102.74208323300002,SAT_10097,18.661421008566563,183.72049317318692,98.80145624387166,170.844214851879,-66.32827903479362,29.337108370761857,35.0,0.12623202861907304,12.694940525057397
22.053306038999985,102.84208323300001,SAT_10097,18.810890219838967,184.5612574865942,98.82269898366887,170.80565070580494,-66.17880982352122,29.404269233117034,35.0,0.1256093018932951,12.651819048940023
22.053306038999985,102.942083233,SAT_10097,18.952638249181447,185.35859015164564,98.84232215515357,170.76889451233143,-66.03706179417874,29.467728499365155,35.0,0.12501917871559254,12.61087660249687
22.053306038999985,103.042083233,SAT_10097,19.08658439957985,186.11203724763664,98.86041599554962,170.73399553238272,-65.90311564378034,29.52748602284911,35.0,0.12446192876538609,12.572144205481335
22.053306038999985,103.142083233,SAT_10097,19.212650635245595,186.82115982325647,98.87706089985852,170.7010014600479,-65.77704940811459,29.583541665482997,35.0,0.12393781254794825,12.53565180100173
22.053306038999985,103.24208323299999,SAT_10097,19.330761890859904,187.48553563608698,98.89232847912271,170.6699582266112,-65.65893815250028,29.63589529774947,35.0,0.12344708037700956,12.501428143261558
22.053306038999985,103.34208323299998,SAT_10097,19.440846378226098,188.1047608775218,98.90628246851784,170.64090980575511,-65.54885366513409,29.6845467986973,35.0,0.12298997137407085,12.469500686702201
22.053306038999985,103.44208323299998,SAT_10097,19.542835887960095,188.67845186977553,98.91897950772847,170.6138980214916,-65.44686415540009,29.729496055939077,35.0,0.12256671249127543,12.439895477356309
22.053306038999985,103.54208323299997,SAT_10097,19.63666608377791,189.20624672125075,98.93046981208924,170.5889623604266,-65.35303395958228,29.770742965649063,35.0,0.12217751756482383,12.412637047239924
22.053306038999985,103.64208323299997,SAT_10097,19.72227678689906,189.6878069263072,98.94079774974924,170.56613978999542,-65.26742325646113,29.80828743256124,35.0,0.12182258640596341,12.387748312620987
22.053306038999985,103.74208323299996,SAT_10097,19.799612248073956,190.122818895416,98.95000233747841,170.54546458431585,-65.19008779528623,29.842129369967477,35.0,0.12150210393654945,12.365250477001315
22.053306038999985,103.84208323299995,SAT_10097,19.868621404767325,190.5109954018162,98.95811766556672,170.52696815929608,-65.12107863859286,29.872268699715917,35.0,0.1212162393760445,12.345162939636666
22.053306038999985,103.94208323299995,SAT_10097,19.929258121095202,190.85207693116055,98.96517326047004,170.51067891859176,-65.06044192226499,29.898705352209465,35.0,0.12096514548660418,12.327503210396081
22.053306038999985,104.04208323299994,SAT_10097,19.981481408211792,191.14583292119133,98.97119439235821,170.49662211194453,-65.0082186351484,29.92143926640448,35.0,0.12074895788258096,12.31228683172576
22.053306038999985,104.14208323299994,SAT_10097,20.025255622974953,191.39206287923412,98.97620233345862,170.48481970734883,-64.96444442038523,29.940470389809608,35.0,0.12056779441037173,12.299527308435636
22.053306038999985,104.24208323299993,SAT_10097,20.06055064289744,191.5905973662981,98.98021457201878,170.47529027837552,-64.92914940046275,29.955798678484808,35.0,0.12042175460403641,12.289236045967993
22.053306038999985,104.34208323299993,SAT_10097,20.08734201559011,191.7412988376944,98.98324498578947,170.46804890785083,-64.90235802777008,29.96742409704048,35.0,0.12031091922153506,12.281422297738185
22.053306038999985,104.44208323299992,SAT_10097,20.1056110811503,191.84406233147044,98.98530397813064,170.46310710892277,-64.88408896220989,29.975346618636834,35.0,0.12023534986577256,12.276093122058183
22.053306038999985,104.54208323299991,SAT_10097,20.11534506620241,191.89881599738854,98.98639857913159,170.4604727643813,-64.87435497715778,29.979566224983355,35.0,0.1201950886939149,12.27325334906592
22.053306038999985,104.64208323299991,SAT_10097,20.116537148595626,191.9055214608504,98.98653251350011,170.46015008489718,-64.87316289476456,29.980082906338463,35.0,0.12019015821765801,12.27290555798819
22.053306038999985,104.7420832329999,SAT_10097,20.10918649206654,191.8641740178743,98.98570623638675,170.46213958664268,-64.88051355129365,29.976896661509333,35.0,0.12022056119630446,12.27505006496399
22.053306038999985,104.8420832329999,SAT_10097,20.093298250492012,191.77480265901755,98.98391693775537,170.46643808854608,-64.89640179286818,29.970007497851853,35.0,0.12028628062364481,12.279684921550295
22.053306038999985,104.94208323299989,SAT_10097,20.068883541690823,191.63746992201087,98.98115851537501,170.47303872920605,-64.92081650166936,29.9594154312708,35.0,0.12038727980876626,12.286805923925346
22.053306038999985,105.04208323299989,SAT_10097,20.035959391050753,191.45227157466047,98.97742151597204,170.48193100328245,-64.95374065230943,29.945120486220098,35.0,0.12052350255003426,12.29640663269705
22.053306038999985,105.14208323299988,SAT_10097,19.99454864558946,191.21933613144074,98.97269304353398,170.4931008169548,-64.99515139777073,29.927122695703325,35.0,0.12069487340062968,12.308478403118626
22.053306038999985,105.24208323299987,SAT_10097,19.944679859359127,190.93882420889508,98.96695663317918,170.5065305618408,-65.04502018400106,29.9054221012743,35.0,0.12090129802318608,12.323010425411368
22.053306038999985,105.34208323299987,SAT_10097,19.886387151408712,190.610927726674,98.9601920883845,170.52219920656165,-65.10331289195148,29.880018753037906,35.0,0.12114266363027741,12.339989774797449
22.053306038999985,105.44208323299986,SAT_10097,19.819710037780396,190.23586896251473,98.95237527867542,170.54008240496836,-65.16999000557979,29.850912709651006,35.0,0.1214188395067618,12.359401470755673
22.053306038999985,105.54208323299986,SAT_10097,19.744693239268884,189.8138994708875,98.94347789411076,170.56015261987415,-65.2450068040913,29.818104038323597,35.0,0.12172967760931175,12.381228544931439
22.053306038999985,105.64208323299985,SAT_10097,19.661386466885872,189.34529887623304,98.93346715200992,170.5823792609968,-65.32831357647432,29.781592814820044,35.0,0.12207501323785604,12.405452117059713
22.053306038999985,105.74208323299985,SAT_10097,19.56984418715126,188.83037355272586,98.9223054503446,170.6067288356981,-65.41985585620893,29.74137912346055,35.0,0.12245466577313814,12.432051478198229
22.053306038999985,105.84208323299984,SAT_10097,19.470125369484947,188.26945520335283,98.90994996101375,170.6331651110062,-65.51957467387524,29.69746305712274,35.0,0.12286843947416383,12.461004180517616
22.053306038999985,105.94208323299983,SAT_10097,19.36229321807548,187.66289935167458,98.89635215479301,170.66164928534306,-65.62740682528471,29.649844717243425,35.0,0.12331612432896859,12.4922861328561
22.053306038999985,106.04208323299983,SAT_10097,19.246414890680626,187.01108376007855,98.8814572480434,170.69214016832873,-65.74328515267956,29.59852421382054,35.0,0.12379749695188946,12.52587170121948
22.053306038999985,106.14208323299982,SAT_10097,19.12256120684681,186.3144067885133,98.86520355920769,170.7245943670165,-65.86713883651338,29.54350166541521,35.0,0.12431232152037196,12.561733813391713
22.053306038999985,106.24208323299982,SAT_10097,18.990806348036756,185.57328570770676,98.84752176062703,170.7589664769158,-65.99889369532343,29.484777199154024,35.0,0.12486035074428065,12.599844066817395
22.053306038999985,106.34208323299981,SAT_10097,18.851227552120662,184.78815498067874,98.82833400816307,170.79520927618577,-66.13847249123953,29.42235095073144,35.0,0.12544132686070836,12.640172838924482
22.053306038999985,106.4420832329998,SAT_10097,18.87219399593178,184.9060912271163,98.83124687360034,170.78977631006097,-66.1175060474284,29.431742181722374,35.0,0.12535403077089458,12.63411788831891
22.053306038999985,106.5420832329998,SAT_10097,18.9742092599881,185.47992708743308,98.84526508252233,170.76328521230664,-66.01549078337209,29.47736573758772,35.0,0.12492941198770147,12.604641896665457
22.053306038999985,106.6420832329998,SAT_10097,19.068227610811945,186.00878031081717,98.85796152043204,170.73878786834734,-65.92147243254824,29.519308535275748,35.0,0.12453827498823415,12.577454824488406
22.153306038999986,102.44208323300003,SAT_10097,18.370255171299462,182.0826853385595,98.75838902547841,170.91877059968363,-66.61944487206073,29.20556273787887,35.0,0.12744643676695272,12.778790573489012
22.153306038999986,102.54208323300003,SAT_10097,18.364868796587004,182.0523869808019,98.75756963718366,170.92014281989816,-66.62483124677318,29.20312036419794,35.0,0.12746891902005783,12.780339872052908
22.153306038999986,102.64208323300002,SAT_10097,18.529514012790543,182.9785163219468,98.7822459304466,170.87808333075964,-66.46018603056964,29.277631054582486,35.0,0.1267819747266674,12.732951779665823
22.153306038999986,102.74208323300002,SAT_10097,18.686607832621206,183.8621690584943,98.80509848731091,170.83773037482356,-66.30309221073898,29.348443093541995,35.0,0.126127061082327,12.687677868375077
22.153306038999986,102.84208323300001,SAT_10097,18.836065049287328,184.70286590224123,98.82624016193537,170.7991358368096,-66.15363499407286,29.41555631734972,35.0,0.1255044633951279,12.644551011217848
22.153306038999986,102.942083233,SAT_10097,18.9778025008266,185.5001390671496,98.84577140858171,170.7623504237475,-66.01189754253359,29.47897057085153,35.0,0.12491445985038495,12.603603229787225
22.153306038999986,103.042083233,SAT_10097,19.11173937843624,186.25353400370386,98.86378171122556,170.72742347062172,-65.87796066492395,29.53868570746302,35.0,0.1243573204781085,12.564865581287137
22.153306038999986,103.142083233,SAT_10097,19.237797536645346,186.96261114363008,98.88035080496785,170.69440274429633,-65.75190250671484,29.594701589166682,35.0,0.12383330612411228,12.528368045461075
22.153306038999986,103.24208323299999,SAT_10097,19.35590180317763,187.62694764287414,98.89554972223542,170.6633342471214,-65.63379824018256,29.64701808650932,35.0,0.12334266743114658,12.494139412139317
22.153306038999986,103.34208323299998,SAT_10097,19.465980286228998,188.24613911003814,98.90944169073545,170.63426202170797,-65.52371975713119,29.695635078599583,35.0,0.12288564383672076,12.462207170186083
22.153306038999986,103.44208323299998,SAT_10097,19.56796467678913,188.81980130693887,98.92208290529034,170.60722795842554,-65.42173536657106,29.740552453105682,35.0,0.12246246259448133,12.432597398656709
22.153306038999986,103.54208323299997,SAT_10097,19.661790543555426,189.3475718074993,98.93352319177143,170.58227160723698,-65.32790949980476,29.781770106253255,35.0,0.12207333782614455,12.405334660994889
22.153306038999986,103.64208323299997,SAT_10097,19.747397617955556,189.82911160100002,98.94380657817456,170.5594299955072,-65.24230242540463,29.8192879428234,35.0,0.1217184696110319,12.380441903109789
22.153306038999986,103.74208323299996,SAT_10097,19.824730066772887,190.26410662559746,98.95297178528295,170.53873745344575,-65.1649699765873,29.853105876150877,35.0,0.12139804312022061,12.35794035617221
22.153306038999986,103.84208323299995,SAT_10097,19.893736749907106,190.65226921822747,98.96105264722723,170.5202254488167,-65.09596329345308,29.88322382812246,35.0,0.12111222780219322,12.337849444956646
22.153306038999986,103.94208323299995,SAT_10097,19.95437146085655,190.9933394673181,98.9680784704811,170.5039224325199,-65.03532858250364,29.909641729175462,35.0,0.12086117662664995,12.320186702532562
22.153306038999986,104.04208323299994,SAT_10097,20.006593147610104,191.28708645530685,98.97407433835403,170.4898536965814,-64.98310689575008,29.93235951829641,35.0,0.1206450253928316,12.30496769207225
22.153306038999986,104.14208323299994,SAT_10097,20.050366111774537,191.53330937873176,98.97906136679913,170.47804124600177,-64.93933393158565,29.95137714301989,35.0,0.1204638921082932,12.292205936495492
22.153306038999986,104.24208323299993,SAT_10097,20.085660183934422,191.73183853463112,98.98305691629707,170.46850368579757,-64.90403985942577,29.96669455942757,35.0,0.12031787644357049,12.281912856612188
22.153306038999986,104.34208323299993,SAT_10097,20.1124508734499,191.8825361631557,98.98607476366968,170.46125612443532,-64.87724916991029,29.97831173214734,35.0,0.12020705926759828,12.274097718354707
22.153306038999986,104.44208323299992,SAT_10097,20.130719491133803,191.98529713762767,98.98812523688504,170.45631009469872,-64.85898055222638,29.986228634352667,35.0,0.12013150226808163,12.268767589612247
22.153306038999986,104.54208323299991,SAT_10097,20.1404532435171,192.04004949478366,98.98921531521759,170.45367349285354,-64.84924679984309,29.990445247762068,35.0,0.1200912476602922,12.265927307091317
22.153306038999986,104.64208323299991,SAT_10097,20.141645297701658,192.04675479957183,98.98934869649537,170.4533505367792,-64.84805474565853,29.99096156263878,35.0,0.12008631798697861,12.265579453531133
22.153306038999986,104.7420832329999,SAT_10097,20.134294816105665,192.00540834059439,98.98852583258628,170.4553417435324,-64.85540522725452,29.987777577790556,35.0,0.12011671601125086,12.26772434550144
22.153306038999986,104.8420832329999,SAT_10097,20.118406960727782,191.91603915409377,98.98674393372765,170.45964392659346,-64.8712930826324,29.98089330056967,35.0,0.12018242470343787,12.272360031905183
22.153306038999986,104.94208323299989,SAT_10097,20.093992866883738,191.77870987622103,98.98399694177255,170.4662502128264,-64.89570717647645,29.970308746873023,35.0,0.12028340732204171,12.279482303201043
22.153306038999986,105.04208323299989,SAT_10097,20.06106958670118,191.59351642519414,98.98027547189795,170.47515007896016,-64.92863045665901,29.956023941142472,35.0,0.12041960758803177,12.289084711253293
22.153306038999986,105.14208323299988,SAT_10097,20.019660002972643,191.3605875167211,98.9755667217781,170.48632940719156,-64.97004004038754,29.93803891636528,35.0,0.12059094995085723,12.30115859961041
22.153306038999986,105.24208323299987,SAT_10097,19.969792714289937,191.0800840178809,98.9698543466571,170.4997705592898,-65.01990732907025,29.916353714074745,35.0,0.12079733994371611,12.315693143911481
22.153306038999986,105.34208323299987,SAT_10097,19.91150189266915,190.75219814626396,98.96311829813989,170.51545246839507,-65.07819815069104,29.89096838435098,35.0,0.1210386646248218,12.332675402022137
22.153306038999986,105.44208323299986,SAT_10097,19.84482711515321,190.3771525227368,98.95533462384223,170.5333507475166,-65.14487292820698,29.861882985821868,35.0,0.12131479310066341,12.352090373411572
22.153306038999986,105.54208323299986,SAT_10097,19.76981317112444,189.95519908757498,98.94647522427826,170.5534378135732,-65.21988687223575,29.829097585664176,35.0,0.12162557712657701,12.373921067200149
22.153306038999986,105.64208323299985,SAT_10097,19.686509847273726,189.48661789091472,98.93650756249076,170.57568302567734,-65.30319019608646,29.79261225960482,35.0,0.12197085177934003,12.398148578234613
22.153306038999986,105.74208323299985,SAT_10097,19.5949716923581,188.97171576951433,98.92539432091856,170.60005283624213,-65.39472835100209,29.7524270919223,35.0,0.12235043619597885,12.424752170486277
22.153306038999986,105.84208323299984,SAT_10097,19.49525776402355,188.41082492263246,98.91309299880795,170.62651095339587,-65.49444227933664,29.7085421754483,35.0,0.12276413437254655,12.453709367016527
22.153306038999986,105.94208323299983,SAT_10097,19.387431360080157,187.8043014004509,98.89955544206813,170.6550185131178,-65.60226868328003,29.660957611569458,35.0,0.1232117360162855,12.484996045715405
22.153306038999986,106.04208323299983,SAT_10097,19.27155973668873,187.15252351887412,98.88472729578874,170.6855342594647,-65.71814030667146,29.609673510229257,35.0,0.12369301744434295,12.518586539991668
22.153306038999986,106.14208323299982,SAT_10097,19.14771381595537,186.455890214749,98.86854736761212,170.71801473123546,-65.84198622740482,29.554689989930143,35.0,0.12420774252205387,12.554453743577447
22.153306038999986,106.24208323299982,SAT_10097,19.015967885428978,185.714819355538,98.85094688769448,170.7524144534264,-65.97373215793121,29.496007177735745,35.0,0.12475566363374353,12.592569218606798
22.153306038999986,106.34208323299981,SAT_10097,18.876399291964304,184.9297460172992,98.83184864799,170.7886861318558,-66.11330075139588,29.433625209273302,35.0,0.1253365226790298,12.632903306134352
22.153306038999986,106.4420832329998,SAT_10097,18.97428398242758,185.48034740115514,98.84529250952986,170.76326577430171,-66.01541606093261,29.477399112029254,35.0,0.12492910105106111,12.604620297609085
22.153306038999986,106.5420832329998,SAT_10097,19.07649113688217,186.0552626449622,98.85908303996315,170.73663091838372,-65.91320890647802,29.522990202433224,35.0,0.12450390593751776,12.575064284589997
22.153306038999986,106.6420832329998,SAT_10097,19.170688325237094,186.58512182945864,98.87157525066291,170.7119998487612,-65.8190117181231,29.56490315393511,35.0,0.12411223147750844,12.547802791819498
22.253306038999984,102.24208323300005,SAT_10097,18.734447293614352,184.13126602658076,98.81194937117064,170.82539835790226,-66.25525274974584,29.369952521731495,35.0,0.12592772395998061,12.673879189615091
22.253306038999984,102.34208323300004,SAT_10097,18.591874403684187,183.32929352072355,98.79142043412837,170.86209081244726,-66.397825639676,29.305773765004403,35.0,0.12652193688889432,12.714986655344239
22.253306038999984,102.44208323300003,SAT_10097,18.441670088588822,182.48439424831213,98.76920129597264,170.90055311051378,-66.54802995477137,29.237914441057274,35.0,0.12714841365008245,12.758242871664772
22.253306038999984,102.54208323300003,SAT_10097,18.380573493656613,182.14072590181846,98.75998399787275,170.91614121987726,-66.60912654970357,29.210240535667662,35.0,0.1274033706651878,12.775822494828796
22.253306038999984,102.64208323300002,SAT_10097,18.545164661138983,183.0665512189068,98.78457701736872,170.87407289544035,-66.4445353822212,29.284698130538118,35.0,0.12671670518219366,12.72844391213678
22.253306038999984,102.74208323300002,SAT_10097,18.702207331884438,183.94991624184996,98.80735383837975,170.83371138186573,-66.28749271147575,29.35545970983762,35.0,0.12606205593058317,12.683178983517053
22.253306038999984,102.84208323300001,SAT_10097,18.851616271495885,184.79034152716437,98.82842663276551,170.7951085843753,-66.1380837718643,29.422525109920308,35.0,0.1254397083003607,12.640060589108955
22.253306038999984,102.942083233,SAT_10097,18.993308290615943,185.5873591347147,98.84789525929246,170.75831523037192,-65.99639175274424,29.485894175708673,35.0,0.12484994055570622,12.599120757525286
22.253306038999984,103.042083233,SAT_10097,19.127202553396927,186.3405143628577,98.86584868123705,170.72338067497583,-65.86249748996326,29.54556676069065,35.0,0.1242930228023389,12.560390552875742
22.253306038999984,103.142083233,SAT_10097,19.253220887818927,187.0493674939815,98.8823661777715,170.69035270483715,-65.73647915554126,29.601542726916847,35.0,0.12376921595850078,12.523899961662451
22.253306038999984,103.24208323299999,SAT_10097,19.37128809570035,187.71349553831448,98.89751838176439,170.659277341629,-65.61841194765984,29.653821944997915,35.0,0.12327877073595538,12.489677780292794
22.253306038999984,103.34208323299998,SAT_10097,19.481332260130188,188.3324939632323,98.91136817067654,170.63019864670338,-65.50836778323,29.702404294102116,35.0,0.12282192663766424,12.457751503991075
22.253306038999984,103.44208323299998,SAT_10097,19.583285047941146,188.90597839466895,98.92397143244983,170.60315852847336,-65.40641499541904,29.74728966195303,35.0,0.12239891097901194,12.428147217919705
22.253306038999984,103.54208323299997,SAT_10097,19.677082004779592,189.43358627688522,98.93537772442346,170.57819655412817,-65.3126180385806,29.788477944827434,35.0,0.12200993793958,12.400889491340282
22.253306038999984,103.64208323299997,SAT_10097,19.762662840276988,189.91497847655805,98.94563084017105,170.55534976732918,-65.2270372030832,29.825969047553343,35.0,0.12165520765252119,12.376001275654838
22.253306038999984,103.74208323299996,SAT_10097,19.839971700825117,190.34984081714128,98.95476929658396,170.53465251353788,-65.14972834253507,29.859762883508196,35.0,0.1213349053385489,12.353503807166836
22.253306038999984,103.84208323299995,SAT_10097,19.908957427477645,190.73788552956177,98.96282675141101,170.516136274619,-65.08074261588254,29.889859374617235,35.0,0.12104920049142817,12.333416515389361
22.253306038999984,103.94208323299995,SAT_10097,19.969573796567232,191.07885260569068,98.96983235971389,170.49982951431926,-65.02012624679296,29.91625845135202,35.0,0.12079824612163531,12.315756937704077
22.253306038999984,104.04208323299994,SAT_10097,20.021779740722394,191.37251104156348,98.97581107623371,170.48575753616333,-64.9679203026378,29.938960052729115,35.0,0.12058217806453661,12.300540641139044
22.253306038999984,104.14208323299994,SAT_10097,20.065539548109854,191.61865995811795,98.98078390943425,170.4739423552144,-64.92416049525033,29.95796412630893,35.0,0.12040111435902852,12.287781151985817
22.253306038999984,104.24208323299993,SAT_10097,20.100823037895054,191.81712958815967,98.98476813193953,170.46440258504026,-64.88887700546513,29.973270628194744,35.0,0.12025515470208423,12.277489893917533
22.253306038999984,104.34208323299993,SAT_10097,20.12760571012791,191.9677821194695,98.98777745118535,170.45715334107996,-64.86209433323228,29.98487952303185,35.0,0.12014437998406789,12.269676135200099
22.253306038999984,104.44208323299992,SAT_10097,20.14586886849237,192.07051238526958,98.98982214331973,170.45220616145667,-64.84383117486782,29.992790784006914,35.0,0.12006885190901924,12.264346945509034
22.253306038999984,104.54208323299991,SAT_10097,20.15559971462679,192.1252483947757,98.99090915269454,170.449568946101,-64.8341003287334,29.997004392847447,35.0,0.12002861270338272,12.261507162776448
22.253306038999984,104.64208323299991,SAT_10097,20.156791413016293,192.13195169821668,98.99104215866623,170.44924591485244,-64.8329086303439,29.99752033982148,35.0,0.12002368491587152,12.261159370397056
22.253306038999984,104.7420832329999,SAT_10097,20.149443125758026,192.09061758238892,98.990221610847,170.4512375850082,-64.84025691760216,29.994338623737352,35.0,0.12005407131032661,12.263303885021001
22.253306038999984,104.8420832329999,SAT_10097,20.1335600168282,192.0012750946586,98.98844473340577,170.45554076856723,-64.85614002653199,29.987459251943715,35.0,0.1201197548525713,12.267938755055901
22.253306038999984,104.94208323299989,SAT_10097,20.109153225803055,191.8639868951422,98.98570549849146,170.46214858920223,-64.88054681755713,29.976882240329658,35.0,0.12022069879138457,12.275059769893181
22.253306038999984,105.04208323299989,SAT_10097,20.07623981131978,191.67884893867375,98.98199456832816,170.4710505187665,-64.9134602320404,29.962607613325005,35.0,0.12035684683283568,12.284660479766076
22.253306038999984,105.14208323299988,SAT_10097,20.034842664879164,191.4459899899453,98.97729920499349,170.4822324329348,-64.95485737848102,29.94463540390079,35.0,0.12052812340635835,12.296732226040653
22.253306038999984,105.24208323299987,SAT_10097,19.98499039591178,191.16557097700374,98.97160314632829,170.49567668535957,-65.00470964744841,29.922965653569868,35.0,0.12073443402010099,12.311264181638595
22.253306038999984,105.34208323299987,SAT_10097,19.926717189319334,190.83778418992125,98.96488644581525,170.51136219953293,-65.06298285404085,29.897598412387712,35.0,0.12097566570229266,12.32824340119334
22.253306038999984,105.44208323299986,SAT_10097,19.860062636980274,190.46285233301407,98.95712527359291,170.52926457735788,-65.12963740637991,29.868533738953346,35.0,0.12125168752461922,12.347654880450754
22.253306038999984,105.54208323299986,SAT_10097,19.78507154495108,190.04102744034984,98.94829167501501,170.54935622327324,-65.20462849840911,29.835771700410458,35.0,0.12156235120292437,12.369481624343411
22.253306038999984,105.64208323299985,SAT_10097,19.701793718312572,189.57258966550825,98.93835328230122,170.571606482631,-65.28790632504762,29.79931237244868,35.0,0.1219074917699455,12.393704723095343
22.253306038999984,105.74208323299985,SAT_10097,19.610283725796336,189.0578459576044,98.92727297382328,170.5959817929028,-65.37941631756385,29.759155839305002,35.0,0.12228692831427211,12.420303435651794
22.253306038999984,105.84208323299984,SAT_10097,19.51060064646711,188.4971286363775,98.9150084743952,170.62244584620086,-65.47909939689308,29.715302193765382,35.0,0.12270046477928058,12.44925527967832
22.253306038999984,105.94208323299983,SAT_10097,19.40280780085095,187.89079387978657,98.90151188854324,170.65095976152608,-65.58689224250924,29.66775153716649,35.0,0.12314789081545745,12.480536127334187
22.253306038999984,106.04208323299983,SAT_10097,19.28697246897238,187.23922013796965,98.8867291570671,170.68148226510803,-65.70272757438781,29.61650397939763,35.0,0.12362898267927659,12.51412030599813
22.253306038999984,106.14208323299982,SAT_10097,19.1631655977948,186.54280648759575,98.87059942519825,170.7139698771874,-65.82653444556539,29.56155963890281,35.0,0.1241435041716415,12.54998070310916
22.253306038999984,106.24208323299982,SAT_10097,19.031461500565186,185.80197094067915,98.85305430823131,170.74837710358793,-65.958238542795,29.502918642683003,35.0,0.12469120760884311,12.588088874281226
22.253306038999984,106.34208323299981,SAT_10097,18.95661047109843,185.38093389992866,98.84290000350053,170.76786189461512,-66.03308957226176,29.469503556819365,35.0,0.1250026477607884,12.6097285867052
22.253306038999984,106.4420832329998,SAT_10097,19.066945984896066,186.00157116504036,98.85782141183742,170.73912234376388,-65.92275405846412,29.51873746009719,35.0,0.1245436055636096,12.577825569233813
22.253306038999984,106.5420832329998,SAT_10097,19.169322062459628,186.5774366013354,98.87140971473039,170.71235767957188,-65.82037798090056,29.564295959382292,35.0,0.12411791107133467,12.548198349639637
22.253306038999984,106.6420832329998,SAT_10097,19.26367674681765,187.1081817008493,98.88372049764433,170.68760585330926,-65.72602329654254,29.606178949180126,35.0,0.12372577063082386,12.520870621782578
22.353306038999982,102.24208323300005,SAT_10097,18.796672573013694,184.48128322320204,98.82076357436881,170.80932752048875,-66.1930274703465,29.397891627918106,35.0,0.12566851601526846,12.655923061760593
22.353306038999982,102.34208323300004,SAT_10097,18.653981233009517,183.67864443567854,98.80045163882114,170.8461291845154,-66.33571881035067,29.333758921038275,35.0,0.12626303684898307,12.697085510024557
22.353306038999982,102.44208323300003,SAT_10097,18.50365474720843,182.83305795304742,98.77847093147885,170.88470497061388,-66.48604529615176,29.26594828802271,35.0,0.1268898294726303,12.740398784087962
22.353306038999982,102.54208323300003,SAT_10097,18.386756405284544,182.17550477972554,98.76094911293623,170.91456520543102,-66.60294363807564,29.213042986059484,35.0,0.1273775657848001,12.77404385291932
22.353306038999982,102.64208323300002,SAT_10097,18.551254521716913,183.10080668465764,98.7854970610413,170.87251180225013,-66.43844552164327,29.287447279934277,35.0,0.12669130937050485,12.726689689956908
22.353306038999982,102.74208323300002,SAT_10097,18.708208299937397,183.98367168714785,98.80823295904084,170.83216474099316,-66.28149174342279,29.35815820429747,35.0,0.1260370504702543,12.681448156256836
22.353306038999982,102.84208323300001,SAT_10097,18.857532564868336,184.8236206773844,98.82926859353664,170.79357589225947,-66.13216747849185,29.425175595583717,35.0,0.12541507427074516,12.63835210754534
22.353306038999982,102.942083233,SAT_10097,18.999144185969215,185.62018604607684,98.84870348761837,170.75679594904759,-65.99055585739097,29.48849929879179,35.0,0.12482565883396805,12.597433548301217
22.353306038999982,103.042083233,SAT_10097,19.132962385402266,186.37291341788776,98.86662631153939,170.72187423247425,-65.85673765795792,29.548129167481658,35.0,0.12426907406575315,12.558723518899587
22.353306038999982,103.142083233,SAT_10097,19.258909048037353,187.0813633952101,98.88311608832316,170.68885849577615,-65.73079099532283,29.604065063771714,35.0,0.12374558068795288,12.522251982630456
22.353306038999982,103.24208323299999,SAT_10097,19.376909031143114,187.74511330018,98.89824322672507,170.65779472799645,-65.61279101221707,29.656306858336187,35.0,0.12325542922064628,12.48804771333618
22.353306038999982,103.34208323299998,SAT_10097,19.486890471494718,188.36375890215777,98.91207040806482,170.62872695883868,-65.50280957186547,29.704854430402673,35.0,0.12279885898101929,12.456138184448442
22.353306038999982,103.44208323299998,SAT_10097,19.588785087523746,188.93691611732106,98.92465334869463,170.6016970662463,-65.40091495583644,29.74970766774988,35.0,0.12237609710578153,12.426549460234249
22.353306038999982,103.54208323299997,SAT_10097,19.682528474063446,189.46422266660687,98.93604145603032,170.57674458831798,-65.30717156929674,29.7908664667055,35.0,0.12198735760410959,12.399306090080156
22.353306038999982,103.64208323299997,SAT_10097,19.76806038720629,189.9453396780354,98.94627839295325,170.55390654119623,-65.2216396561539,29.828330732144238,35.0,0.12163284044815753,12.374431006653749
22.353306038999982,103.74208323299996,SAT_10097,19.845325016770673,190.37995321933505,98.9554025628373,170.53321724458664,-65.14437502658951,29.862100377486033,35.0,0.12131273070813822,12.351945428780772
22.353306038999982,103.84208323299995,SAT_10097,19.914271243909383,190.76777574699028,98.96344752535488,170.51470815654233,-65.0754287994508,29.89217532469442,35.0,0.121027197738852,12.331868769864053
22.353306038999982,103.94208323299995,SAT_10097,19.974852881448584,191.1085474581483,98.97044235147428,170.49840771911573,-65.0148471619116,29.91855550427505,35.0,0.12077639442431781,12.314218552646595
22.353306038999982,104.04208323299994,SAT_10097,20.027028894647202,191.4020375323905,98.97641192460672,170.48434121641486,-64.96267114871299,29.94124085527439,35.0,0.12056045648684788,12.299010331085663
22.353306038999982,104.14208323299994,SAT_10097,20.070763600205296,191.6480452511548,98.9813771936374,170.4725306465097,-64.91893644315489,29.960231325278556,35.0,0.12037950186649822,12.286257620057237
22.353306038999982,104.24208323299993,SAT_10097,20.106026841516552,191.8464009835306,98.98535538253387,170.46299460852825,-64.88367320184364,29.975526870412338,35.0,0.12023363017633056,12.275971833551386
22.353306038999982,104.34208323299993,SAT_10097,20.132794138375317,191.99696702836115,98.98836016033138,170.45574820613507,-64.85690590498487,29.987127455338364,35.0,0.1201229222383396,12.268162231949825
22.353306038999982,104.44208323299992,SAT_10097,20.151046809578105,192.09963830387684,98.99040177451465,170.45080296843702,-64.83865323378208,29.99503305325643,35.0,0.12004743970424023,12.262835878897265
22.353306038999982,104.54208323299991,SAT_10097,20.16077206713227,192.15434287761903,98.99148715012676,170.44816678917596,-64.82892797622792,29.999243645903015,35.0,0.12000722476458363,12.259997608190396
22.353306038999982,104.64208323299991,SAT_10097,20.16196308106801,192.16104233100756,98.99161995631367,170.4478438848813,-64.82773696229218,29.999759223550903,35.0,0.12000229994888784,12.259650001012888
22.353306038999982,104.7420832329999,SAT_10097,20.15461901416255,192.11973195466436,98.99080064144084,170.4498347724443,-64.83508102919764,29.99657978500903,35.0,0.12003266801863968,12.261793373743744
22.353306038999982,104.8420832329999,SAT_10097,20.138745026201732,192.03044077238476,98.9890264373777,170.45413626636548,-64.85095501715846,29.989705337622436,35.0,0.1200983119541669,12.266425776461245
22.353306038999982,104.94208323299989,SAT_10097,20.114352247733322,191.89323139349995,98.98629133302256,170.46074149570626,-64.87534779562687,29.97913589727243,35.0,0.12019919503550335,12.273543002157536
22.353306038999982,105.04208323299989,SAT_10097,20.08145772359542,191.70819969522424,98.9825860166193,170.46963994055372,-64.90824231976477,29.96487148837686,35.0,0.12033526101649149,12.283138606571415
22.353306038999982,105.14208323299988,SAT_10097,20.04008432682342,191.47547433838173,98.97789778588255,170.480817487596,-64.94961571653677,29.94691214389061,35.0,0.12050643439050275,12.29520393844088
22.353306038999982,105.24208323299987,SAT_10097,19.99026064385437,191.19521612168083,98.97221042438713,170.49425650419184,-64.99943939950582,29.925257905306186,35.0,0.12071262074531675,12.309728179874845
22.353306038999982,105.34208323299987,SAT_10097,19.932020832238436,190.8676171813412,98.96550404207022,170.50993593012618,-65.05767921112175,29.899908822654517,35.0,0.12095370720390448,12.326698396446178
22.353306038999982,105.44208323299986,SAT_10097,19.865404452344507,190.49290004443785,98.95775487702736,170.52783138605648,-65.12429559101568,29.8708649545059,35.0,0.12122956294711698,12.346099596517984
22.353306038999982,105.54208323299986,SAT_10097,19.79045627478847,190.07131654568514,98.94893505503045,170.54791529749593,-65.19924376857172,29.83812636797111,35.0,0.1215400398136015,12.367914799233299
22.353306038999982,105.64208323299985,SAT_10097,19.707226065531344,189.6031466186138,98.9390123023376,170.57015703303395,-65.28247397782884,29.80169313870265,35.0,0.12188497297166447,12.392125110525878
22.353306038999982,105.74208323299985,SAT_10097,19.615768350777685,189.08869697312448,98.92794960636716,170.59452305537346,-65.3739316925825,29.761565350896188,35.0,0.12226418165727833,12.41870980644796
22.353306038999982,105.84208323299984,SAT_10097,19.516142163947734,188.528299672206,98.91570481764045,170.6209770836723,-65.47355787941245,29.71774309729216,35.0,0.1226774699719962,12.447646423060307
22.353306038999982,105.94208323299983,SAT_10097,19.40841077710961,187.92231062124154,98.90223018501277,170.64948026560302,-65.58128926625058,29.670226479177494,35.0,0.12312462773419729,12.47891085209087
22.353306038999982,106.04208323299983,SAT_10097,19.292641419329996,187.27110798373124,98.88747181455764,170.67999135749957,-65.69705862403019,29.619015606387553,35.0,0.12360543137683884,12.51247744154133
22.353306038999982,106.14208323299982,SAT_10097,19.16890498443601,186.57509053745258,98.87136904047688,170.71246691094217,-65.82079505892418,29.56411059730818,35.0,0.12411964488473749,12.548319100405449
22.353306038999982,106.24208323299982,SAT_10097,19.037275730683945,185.8346759850972,98.8538536939932,170.74686146413063,-65.95242431267624,29.505511578877954,35.0,0.12466702076434061,12.586407406659228
22.353306038999982,106.34208323299981,SAT_10097,19.039623720129157,185.8478834257265,98.85416969131352,170.746249309485,-65.95007632323103,29.50655858840356,35.0,0.12465725347550767,12.585728348674088
22.353306038999982,106.4420832329998,SAT_10097,19.150113726138272,186.4693897095278,98.86889319065652,170.7173866424128,-65.83958631722192,29.55575713549028,35.0,0.12419776493616688,12.553759045363227
22.353306038999982,106.5420832329998,SAT_10097,19.25263503640066,187.0460720797537,98.88230314990464,170.6905065839814,-65.73706500695953,29.601282918076567,35.0,0.12377165031032458,12.524069690744358
22.453306038999983,102.34208323300004,SAT_10097,18.706579858929814,183.9745117064802,98.80802211850992,170.83258447379464,-66.28312018443037,29.357425972504178,35.0,0.12604383595368557,12.681917847186218
22.453306038999983,102.44208323300003,SAT_10097,18.55616610383356,183.1284343340638,98.78624290973474,170.87125251435788,-66.43353393952663,29.289664217428005,35.0,0.1266708277526327,12.725274814844106
22.453306038999983,102.54208323300003,SAT_10097,18.398196867731826,182.23985738099154,98.76270818846054,170.91164816776507,-66.59150317562836,29.218227344431003,35.0,0.12732982016669323,12.770752532127597
22.453306038999983,102.64208323300002,SAT_10097,18.547779272604913,183.08125840840265,98.78501070686468,170.87340269810935,-66.44192077075527,29.285878496755682,35.0,0.12670580168873352,12.727690767712883
22.453306038999983,102.74208323300002,SAT_10097,18.70460641811576,183.96341110190113,98.80774023755006,170.83309309918778,-66.28509362524443,29.356538571017722,35.0,0.12605205907701286,12.682487037997365
22.453306038999983,102.84208323300001,SAT_10097,18.85380961457936,184.80267908200892,98.82877020263707,170.79454040706702,-66.13589042878083,29.42350776854175,35.0,0.12543057565839874,12.639427214597157
22.453306038999983,102.942083233,SAT_10097,18.99530587639501,185.59859555472192,98.84820004633264,170.7577952256136,-65.99439416696518,29.48678593440247,35.0,0.12484162901204736,12.598543246742006
22.453306038999983,103.142083233,SAT_10097,19.25485771659727,187.05857465585964,98.88260414093261,170.68992276045975,-65.73484232676292,29.602268594214916,35.0,0.12376241458546161,12.523425745932624
22.453306038999983,103.24208323299999,SAT_10097,19.37276031406951,187.721776766641,98.89772771444505,170.6588890479499,-65.61693972929068,29.654472821090035,35.0,0.12327265713039234,12.48925084530041
22.453306038999983,103.34208323299998,SAT_10097,19.482650630276893,188.33990979530753,98.91155172912913,170.62984959804197,-65.5070494130833,29.702985482143607,35.0,0.12281645508409444,12.457368842100834
22.453306038999983,103.44208323299998,SAT_10097,19.58446051090958,188.9125903738664,98.92413186361992,170.60284620975327,-65.40523953245061,29.74780646520921,35.0,0.12239403516458414,12.427805752741964
22.453306038999983,103.54208323299997,SAT_10097,19.678125672136318,189.43945690576678,98.9355174927973,170.5779183458261,-65.31157437122387,29.78893566666521,35.0,0.12200561098274437,12.400586081080224
22.453306038999983,103.64208323299997,SAT_10097,19.763585984677405,189.9201711638104,98.94575225152914,170.5551029511224,-65.22611405868278,29.826372991432816,35.0,0.12165138213526555,12.375732716857943
22.453306038999983,103.74208323299996,SAT_10097,19.840785745511695,190.3544198185033,98.95487451914427,170.53443427863326,-65.14891429784849,29.860118352974265,35.0,0.12133153334206905,12.353266838847437
22.453306038999983,103.84208323299995,SAT_10097,19.909673934754764,190.74191588299556,98.9629178347731,170.51594372473656,-65.08002610860542,29.89017167329122,35.0,0.12104623363506559,12.333207823525015
22.453306038999983,103.94208323299995,SAT_10097,19.970204455311105,191.08240006112496,98.96991125195478,170.49965967529334,-65.01949558804908,29.91653288292327,35.0,0.12079563560487956,12.315573160074122
22.453306038999983,104.04208323299994,SAT_10097,20.02233635299359,191.37564198558897,98.97587963945887,170.48560736411955,-64.9673636903666,29.939201920946644,35.0,0.12057987471185672,12.300378372481841
22.453306038999983,104.14208323299994,SAT_10097,20.066034014948343,191.62144133408444,98.98084393404648,170.47380874527244,-64.92366602841184,29.958178734973057,35.0,0.12039906866726606,12.287636949445208
22.453306038999983,104.24208323299993,SAT_10097,20.101267344393435,191.81962881221307,98.98482134985885,170.46428238047986,-64.88843269896675,29.97346328114871,35.0,0.12025331689011018,12.277360282745496
22.453306038999983,104.34208323299993,SAT_10097,20.12801190987905,191.97006699306965,98.98782554822552,170.45704334291088,-64.86168813348114,29.985055524153488,35.0,0.12014270004438012,12.269557614679371
22.453306038999983,104.44208323299992,SAT_10097,20.146249067524778,192.07265100482687,98.98986677090899,170.4521031383182,-64.84345097583541,29.992955437200266,35.0,0.1200672796609329,12.264235995056554
22.453306038999983,104.54208323299991,SAT_10097,20.155966054943946,192.1273090590597,98.99095193911208,170.44946964441695,-64.83373398841624,29.99716300203443,35.0,0.12002709784744743,12.261400248186275
22.453306038999983,104.64208323299991,SAT_10097,20.157156055862472,192.13400281422642,98.9910847199549,170.4491470691627,-64.83254398749771,29.997678208933525,35.0,0.12002217708913365,12.261052950179392
22.453306038999983,104.7420832329999,SAT_10097,20.14981823473741,192.09272757039795,98.99026556155576,170.45113592839496,-64.83988180862278,29.99450105670705,35.0,0.12005252014204484,12.263194416792821
22.453306038999983,104.8420832329999,SAT_10097,20.13395774100546,192.0035122931557,98.98849169731135,170.45543304309336,-64.85574230235473,29.98763155269648,35.0,0.12011811001998783,12.267822701937861
22.453306038999983,104.94208323299989,SAT_10097,20.109585682916276,191.86641946640404,98.98575711944846,170.46203155627651,-64.88011436044391,29.97706971277536,35.0,0.12021891007515362,12.274933606867608
22.453306038999983,105.04208323299989,SAT_10097,20.076719071230187,191.6815447756698,98.98205252139932,170.47092096935683,-64.91298097213,29.962815561349633,35.0,0.12035486417171547,12.284520699951084
22.453306038999983,105.14208323299988,SAT_10097,20.035380733383704,191.44901662528332,98.9773652080185,170.48208719754697,-64.95431930997648,29.944869131358075,35.0,0.12052589695078143,12.2965753468368
22.453306038999983,105.24208323299987,SAT_10097,19.985599199037267,191.1689954945846,98.97167897209935,170.49551264370564,-65.00410084432292,29.923230464272955,35.0,0.12073191418425203,12.311086750705986
22.453306038999983,105.34208323299987,SAT_10097,19.92740855820955,190.8416731399287,98.96497393504164,170.5111762898176,-65.06229148515064,29.897899610100765,35.0,0.1209728032143406,12.328042002219465
22.453306038999983,105.44208323299986,SAT_10097,19.860848293480984,190.46727165083053,98.95722634885516,170.52905380511575,-65.1288517498792,29.868876627383212,35.0,0.12124843347477311,12.347426138671887
22.453306038999983,105.54208323299986,SAT_10097,19.78596308798474,190.04604236991415,98.94840835593287,170.549117669699,-65.20373695537545,29.836161583198283,35.0,0.12155865708900795,12.36922221178571
22.453306038999983,105.64208323299985,SAT_10097,19.702802611131006,189.57826468761192,98.93848770216985,170.57133731234546,-65.28689743222918,29.79975455316153,35.0,0.12190330954021417,12.393411363505045
22.453306038999983,105.74208323299985,SAT_10097,19.611421284180167,189.06424472351347,98.92742739800856,170.59567926111228,-65.37827875918002,29.75965562142749,35.0,0.12228221040722767,12.419972909088015
22.453306038999983,105.84208323299984,SAT_10097,19.511878027932823,188.50431390712214,98.91518532082468,170.62210730521275,-65.47782201542736,29.71586488069127,35.0,0.12269516416027176,12.448884426745611
22.453306038999983,105.94208323299983,SAT_10097,19.404235994915936,187.89882747140217,98.901713750686,170.65058266658826,-65.58546404844425,29.668382432190292,35.0,0.12314196100988929,12.480121853036398
22.453306038999983,106.04208323299983,SAT_10097,19.28856228851032,187.24816287287055,98.88695882986418,170.68106417955448,-65.70113775484987,29.6172083857062,35.0,0.12362237780228669,12.513659583199287
22.453306038999983,106.14208323299982,SAT_10097,19.164927671507797,186.55271815223136,98.87085993449132,170.713508476874,-65.82477237185239,29.562342859566943,35.0,0.12413617895413658,12.549470575591187
22.453306038999983,106.24208323299982,SAT_10097,19.03340626657959,185.8129102495102,98.85334894434096,170.7478701806172,-65.9562937767806,29.50378598064899,35.0,0.12468311741982432,12.587526459392546
22.453306038999983,106.34208323299981,SAT_10097,19.113108344531113,186.2612344379875,98.86400876525533,170.7270656463417,-65.87659169882907,29.539295001962426,35.0,0.1243516279510393,12.564469426498754
22.453306038999983,106.4420832329998,SAT_10097,19.22372684085761,186.88346347982406,98.87855938893364,170.6980956984956,-65.76597320250258,29.588458057227925,35.0,0.12389177995787387,12.532443781277042
22.453306038999983,106.5420832329998,SAT_10097,19.326369035257414,187.46082582332298,98.8918135431429,170.671115082888,-65.66333100810277,29.633950997612605,35.0,0.1234653265225767,12.502701596304792
22.553306038999985,102.34208323300004,SAT_10097,18.74963291795069,184.21668516347265,98.81416755784696,170.82147956728065,-66.2400671254095,29.376774867619325,35.0,0.12586445864826973,12.669497967099906
22.553306038999985,102.44208323300003,SAT_10097,18.599167349852152,183.37031634291836,98.79255441941027,170.8602182722235,-66.39053269350804,29.309062177378106,35.0,0.12649153116934678,12.712885067493296
22.553306038999985,102.54208323300003,SAT_10097,18.441145560795377,182.481443779474,98.76920208104943,170.90068707705342,-66.54855448256481,29.23767703050803,35.0,0.1271506021849679,12.758393833834456
22.553306038999985,102.64208323300002,SAT_10097,18.534741380684437,183.00792026634997,98.78311612375519,170.87674407218265,-66.45495866267575,29.27999178443491,35.0,0.12676017391931094,12.731446201008698
22.553306038999985,102.74208323300002,SAT_10097,18.691404279066347,183.8891490697482,98.80587384251062,170.83649486735692,-66.29829576429384,29.35060081354184,35.0,0.1261070731207189,12.686294637358033
22.553306038999985,102.84208323300001,SAT_10097,18.840450136314473,184.7275320167689,98.82692963014745,170.79800046304973,-66.14924990704571,29.417521632442934,35.0,0.1254862034304022,12.643284873008529
22.553306038999985,103.24208323299999,SAT_10097,19.358845115259655,187.64350377333557,98.895970031267,170.66255835142303,-65.63085492810053,29.6483198372702,35.0,0.12333044394985558,12.49328596999785
22.553306038999985,103.34208323299998,SAT_10097,19.468616009315554,188.2609650524,98.90981032549453,170.63356455032329,-65.52108403404463,29.696797453411694,35.0,0.122874704100705,12.461442233032333
22.553306038999985,103.44208323299998,SAT_10097,19.57031468735346,188.8330201163632,98.92240517422327,170.60660388456193,-65.41938535600673,29.741586058488032,35.0,0.12245271399722102,12.43191481593559
22.553306038999985,103.54208323299997,SAT_10097,19.6638770585688,189.35930845444952,98.93380403704188,170.58171569555614,-65.32582298479139,29.782685548928043,35.0,0.12206468662548604,12.4047281515378
22.553306038999985,103.64208323299997,SAT_10097,19.74924317603879,189.8394928652182,98.94405062336425,170.55893681341,-65.2404568673214,29.820095829699216,35.0,0.12171082099357856,12.379905062617015
22.553306038999985,103.74208323299996,SAT_10097,19.826357507221672,190.2732609781219,98.95318337784734,170.538301383712,-65.16334253613852,29.853816814305905,35.0,0.12139130127257795,12.357466665459839
22.553306038999985,103.84208323299995,SAT_10097,19.89516918967439,190.66032669191847,98.96123589653143,170.51984070355144,-65.0945308536858,29.883848424787725,35.0,0.12110629598873403,12.337432278933347
22.553306038999985,104.04208323299994,SAT_10097,20.007705920991867,191.29334580557926,98.97421244537995,170.48955363091676,-64.98199412236832,29.93284325420277,35.0,0.12064042017698108,12.30464332547735
22.553306038999985,104.14208323299994,SAT_10097,20.051354643048953,191.53886986715037,98.97918235835027,170.4777742745097,-64.93834540031123,29.95180635987904,35.0,0.12045980205285949,12.291917683627723
22.553306038999985,104.24208323299993,SAT_10097,20.0865484341748,191.73683494223326,98.98316426414182,170.46826350063924,-64.90315160918539,29.96707986491441,35.0,0.12031420201653883,12.281653771444024
22.553306038999985,104.34208323299993,SAT_10097,20.113262940490046,191.8871040402565,98.98617184704534,170.4610363333862,-64.87643710287014,29.978663734005924,35.0,0.12020370048495455,12.273860803004904
22.553306038999985,104.44208323299992,SAT_10097,20.131479577493593,191.98957262340147,98.98821536602132,170.4561042409129,-64.8582204658666,29.986557940379488,35.0,0.12012835880001954,12.268545806533153
22.553306038999985,104.54208323299991,SAT_10097,20.141185623539116,192.04416913240752,98.98930175388729,170.45347507513623,-64.84851441982107,29.990762465789363,35.0,0.12008821893986857,12.26571359153433
22.553306038999985,104.64208323299991,SAT_10097,20.14237428414178,192.05085534829752,98.98943468391484,170.4531530302118,-64.8473257592184,29.99127730051781,35.0,0.12008330332045494,12.265366726203954
22.553306038999985,104.7420832329999,SAT_10097,20.13504472643112,192.00962658617502,98.98861460497386,170.45513862028642,-64.85465531692907,29.988102443374924,35.0,0.1201136146893391,12.267505525328241
22.553306038999985,104.8420832329999,SAT_10097,20.119202083378738,191.92051171900542,98.98683874582048,170.459428676768,-64.87049795998145,29.981237901698595,35.0,0.12017913611265751,12.272128048799384
22.553306038999985,104.94208323299989,SAT_10097,20.09485742775786,191.78357303113796,98.98410108860101,170.46601636514126,-64.89484261560233,29.970683691354658,35.0,0.12027983105539283,12.279230110760324
22.553306038999985,105.04208323299989,SAT_10097,20.06202771611109,191.59890590312486,98.98039231112318,170.4748912211447,-64.9276723272491,29.956439836737186,35.0,0.12041564355419862,12.28880529928738
22.553306038999985,105.14208323299988,SAT_10097,20.02073570332844,191.3666383312225,98.97569969691041,170.486039205905,-64.96896434003175,29.938506370768952,35.0,0.12058649848117367,12.300845006414514
22.553306038999985,105.24208323299987,SAT_10097,19.971009828740407,191.0869302866648,98.9700070114932,170.49944277942416,-65.01869021461978,29.91688333490205,35.0,0.12079230189615278,12.315338468201523
22.553306038999985,105.34208323299987,SAT_10097,19.91288407492638,190.7599729214609,98.96329434278486,170.51508099161578,-65.0768159684338,29.89157077911866,35.0,0.12103294148429052,12.332272814452413
22.553306038999985,105.44208323299986,SAT_10097,19.846397800708758,190.38598762898675,98.95553790271985,170.53292958990764,-65.14330224265143,29.862568761932007,35.0,0.12130828707497894,12.351633127600815
22.553306038999985,105.54208323299986,SAT_10097,19.7715955500436,189.96522496899524,98.94670978657985,170.55296114226834,-65.21810449331659,29.829877350387452,35.0,0.12161819123746713,12.37340251019822
22.553306038999985,105.64208323299985,SAT_10097,19.688526838737545,189.4979634678987,98.93677768557394,170.5751451743694,-65.30117320462264,29.79349662006376,35.0,0.1219624899479529,12.397562160369063
22.553306038999985,105.74208323299985,SAT_10097,19.59724592109545,188.9845083061619,98.92570454724043,170.59944831948138,-65.39245412226474,29.75342665507451,35.0,0.12234100332239876,12.424091454535457
22.553306038999985,105.84208323299984,SAT_10097,19.497811538755457,188.42518990549942,98.91344817706977,170.62583447960148,-65.49188850460473,29.709667548069685,35.0,0.12275353640889514,12.452968036664048
22.553306038999985,105.94208323299983,SAT_10097,19.39028665407173,187.8203624291535,98.89996077336136,170.65426499624394,-65.59941338928846,29.662219400237415,35.0,0.12319988003305492,12.484167913248879
22.553306038999985,106.04208323299983,SAT_10097,19.274738170479907,187.17040220894947,98.88518838567177,170.68469882927934,-65.71496187288028,29.611082321305886,35.0,0.12367981168967732,12.51766555321715
22.553306038999985,106.14208323299982,SAT_10097,19.151236642315908,186.47570611302697,98.86907028521772,170.71709274218654,-65.83846340104428,29.55625642954539,35.0,0.12419309647376588,12.553433991929365
22.553306038999985,106.24208323299982,SAT_10097,19.05837520514939,185.95336052896533,98.85672041963286,170.74135874235486,-65.9313248382108,29.514917956683412,35.0,0.1245792543011586,12.580304798238178
22.553306038999985,106.34208323299981,SAT_10097,19.177010833492858,186.62068593839732,98.87246265804318,170.71034373270408,-65.81268920986733,29.56771272588545,35.0,0.12408594915188008,12.545972253896835
22.553306038999985,106.4420832329998,SAT_10097,19.287731194231824,187.24348796755405,98.88686415657334,170.68128274089338,-65.70196884912836,29.616840153782583,35.0,0.12362583056183933,12.513900431455736
22.553306038999985,106.5420832329998,SAT_10097,19.3904693363623,187.82139001703794,98.89998389790307,170.65421678353596,-65.59923070699789,29.662300126539616,35.0,0.12319912149089696,12.484114928510653
22.653306038999983,102.44208323300003,SAT_10097,18.632628105824523,183.55853309526293,98.79743534356827,170.85162084670313,-66.35707193753566,29.32414212542863,35.0,0.12635204093829147,12.703241175322878
22.653306038999983,102.54208323300003,SAT_10097,18.474590962419526,182.66957416360984,98.77422782187529,170.89214015482776,-66.51510908094066,29.252808901604908,35.0,0.1270110662731022,12.748766761444712
22.653306038999983,102.64208323300002,SAT_10097,18.51215008830087,182.88084424669242,98.77980498119406,170.88253026440154,-66.47754995505932,29.26978715585249,35.0,0.12685439527262307,12.73795245123766
22.653306038999983,102.74208323300002,SAT_10097,18.668611372601205,183.7609389708818,98.8026257002297,170.84236422938272,-66.32108867075898,29.34034494486066,35.0,0.1262020610104971,12.692867325226421
22.653306038999983,103.24208323299999,SAT_10097,19.33517405371967,187.51035405217314,98.89296307130425,170.66879610811566,-65.65452598964052,29.637847920332348,35.0,0.1234287544596448,12.500149047397564
22.653306038999983,103.34208323299998,SAT_10097,19.444797425644097,188.12698551924805,98.90683923317444,170.63986515979116,-65.54490261771609,29.68629035773825,35.0,0.12297357017968083,12.468354245483491
22.653306038999983,103.44208323299998,SAT_10097,19.546358620633313,188.69826724106238,98.91946644411583,170.6129633162542,-65.44334142272687,29.731046461187557,35.0,0.12255209715795587,12.43887247050229
22.653306038999983,103.64208323299997,SAT_10097,19.72504330147133,189.70336857077623,98.94116688797769,170.5654011399086,-65.26465674188886,29.80949926066711,35.0,0.12181111950923648,12.386943743138128
22.653306038999983,103.74208323299996,SAT_10097,19.802051790221427,190.13654131999556,98.95032260829181,170.54481147746426,-65.18764825313876,29.843195775257218,35.0,0.12149199651662933,12.364540554415079
22.653306038999983,104.04208323299994,SAT_10097,19.983149443044354,191.1552156171245,98.97140401571242,170.4961727077871,-65.00655060031583,29.922164868942257,35.0,0.12074205377435482,12.311800707696634
22.653306038999983,104.14208323299994,SAT_10097,20.026737416259408,191.4003979664592,98.97638618752946,170.48441986955487,-64.96296262710078,29.941114213925573,35.0,0.12056166264010248,12.299095308831374
22.653306038999983,104.24208323299993,SAT_10097,20.06188211351636,191.59808688852954,98.98037788437428,170.47493055915663,-64.92781792984383,29.95637663566231,35.0,0.12041624594914854,12.288847760400362
22.653306038999983,104.34208323299993,SAT_10097,20.088559286967737,191.74814598919352,98.98339284439987,170.4677197332261,-64.90114075639245,29.967952098866608,35.0,0.12030588378331508,12.28106723824965
22.653306038999983,104.44208323299992,SAT_10097,20.106750433279274,191.85047118719592,98.9854413668598,170.4627988082761,-64.88294961008091,29.97584057677734,35.0,0.12023063722824794,12.275760741353922
22.653306038999983,104.54208323299991,SAT_10097,20.11644288649198,191.9049912365174,98.98653041175874,170.46017560077803,-64.8732571568682,29.980042051157604,35.0,0.12019054808639007,12.272933059161387
22.653306038999983,104.64208323299991,SAT_10097,20.117629881904634,191.91166808571356,98.98666366675918,170.459854285927,-64.87207016145555,29.980556512294363,35.0,0.12018563867977052,12.272586749143136
22.653306038999983,104.7420832329999,SAT_10097,20.11031059029972,191.87049707043593,98.98584158248902,170.46183537554413,-64.87938945306047,29.97738395899829,35.0,0.12021591174443219,12.274722124770191
22.653306038999983,104.8420832329999,SAT_10097,20.094490122143114,191.781506937055,98.98406137684901,170.4661157153651,-64.89520992121707,29.97052439860372,35.0,0.12028135041747917,12.279337254038204
22.653306038999983,104.94208323299989,SAT_10097,20.070179501715018,191.64475969714698,98.98131700839416,170.47268850174265,-64.91952054164517,29.95997784696881,35.0,0.12038191831686379,12.286427968554468
22.653306038999983,105.04208323299989,SAT_10097,20.037395611448332,191.46035031439686,98.97759911833639,170.4815433175779,-64.95230443191186,29.945744328475815,35.0,0.12051755971317213,12.295987883096613
22.653306038999983,105.14208323299988,SAT_10097,19.996161107067266,191.22840622725337,98.97289494017937,170.4926661870844,-64.99353893629292,29.92782387603157,35.0,0.12068819979181715,12.308008425448266
22.653306038999983,105.24208323299987,SAT_10097,19.946504304427236,190.94908671240321,98.96718817542992,170.5060396487812,-65.04319573893295,29.906216531068083,35.0,0.12089374500322563,12.322478876216591
22.653306038999983,105.34208323299987,SAT_10097,19.888459039243173,190.62258209574284,98.96045883322044,170.5216428459212,-65.10124100411701,29.880922343543332,35.0,0.1211340834978227,12.339386418241318
22.653306038999983,105.44208323299986,SAT_10097,19.82206450116354,190.2491128190449,98.95268303100345,170.53945163338088,-65.16763554219665,29.851941371942196,35.0,0.12140908564188628,12.358716195116076
22.653306038999983,105.54208323299986,SAT_10097,19.74736504388828,189.82892837187157,98.94383275272247,170.5594386998771,-65.24233499947191,29.819273683277544,35.0,0.1217186046096775,12.380451378262686
22.653306038999983,105.64208323299985,SAT_10097,19.66440997324176,189.3623060994849,98.9338755599974,170.58157370423572,-65.32529007011843,29.782919353091515,35.0,0.12206247704665873,12.404573241927569
22.653306038999983,105.74208323299985,SAT_10097,19.573253315289477,188.84954989850334,98.92277425085955,170.60582342432076,-65.41644672807071,29.74287846545691,35.0,0.12244052379809732,12.431061245408765
22.653306038999983,105.84208323299984,SAT_10097,19.47395356673384,188.29098881287786,98.9104864593936,170.63215191713607,-65.51574647662635,29.6991511129788,35.0,0.12285255069692563,12.459893121772149
22.653306038999983,105.94208323299983,SAT_10097,19.366573429932828,187.68697554337214,98.89696418824985,170.66052068854233,-65.62312661342736,29.651737396796236,35.0,0.12329834940439187,12.491044972276866
22.653306038999983,106.04208323299983,SAT_10097,19.251179534954986,187.0378848841218,98.88215326432159,170.69088887098943,-65.7385205084052,29.600637426584164,35.0,0.12377769829679054,12.524491365703158
22.653306038999983,106.14208323299982,SAT_10097,19.127842151123858,186.3441121000717,98.86599270587617,170.7232134076399,-65.86185789223633,29.545851320555492,35.0,0.12429036339140845,12.56020544176053
22.653306038999983,106.24208323299982,SAT_10097,19.112569913222586,186.25820576187704,98.86396735354295,170.72720638508386,-65.8771301301376,29.539055361440596,35.0,0.12435386688758987,12.56462523960676
22.653306038999983,106.34208323299981,SAT_10097,19.231284117497097,186.92597316092116,98.87956977117311,170.6961124615313,-65.75841592586309,29.591811698013604,35.0,0.12386037352037257,12.530254788825019
22.653306038999983,106.4420832329998,SAT_10097,19.3420791725581,187.5491953456393,98.89384481384981,170.66697701308948,-65.64762087080209,29.64090336307777,35.0,0.12340007490087405,12.498147145889495
22.653306038999983,106.5420832329998,SAT_10097,19.444887813360253,188.1274939501514,98.90685056792397,170.6398412598506,-65.54481222999993,29.686330242857498,35.0,0.12297319497520227,12.468328018031606
22.653306038999983,106.6420832329998,SAT_10097,19.53964648978615,188.6605115050471,98.91863857832234,170.61474418244333,-65.45005355357404,29.72809223208015,35.0,0.12257994510171227,12.440821658109137
22.75330603899998,103.34208323299998,SAT_10097,19.411213178835112,187.9380741309475,98.90262625121129,170.64874016828946,-65.57848686452508,29.671464218099523,35.0,0.1231129926579528,12.478097921677168
22.75330603899998,103.64208323299997,SAT_10097,19.691005432259104,189.51190555645746,98.93708952104276,170.57448418034875,-65.29869461110108,29.794583307504077,35.0,0.12195221457928943,12.396841523677121
22.75330603899998,104.14208323299994,SAT_10097,19.99220227693924,191.20613780778322,98.97244456524841,170.49373322352437,-64.99749776642095,29.92610232048456,35.0,0.12070458458869825,12.309162278792444
22.75330603899998,104.24208323299993,SAT_10097,20.027288429074574,191.40349741354447,98.97645142828391,170.48427118242432,-64.96241161428561,29.941353616788,35.0,0.12055938252104924,12.298934666128243
22.75330603899998,104.54208323299991,SAT_10097,20.081758053572514,191.7098890513454,98.98262724396129,170.46955874334947,-64.90794198978767,29.965001781571473,35.0,0.12033401860984087,12.283051009399845
22.75330603899998,104.64208323299991,SAT_10097,20.08294306248591,191.71655472648325,98.98276100217257,170.4692383560336,-64.90675698087428,29.9655158676963,35.0,0.12032911647876367,12.282705376058205
22.75330603899998,104.7420832329999,SAT_10097,20.07563601770741,191.6754525996042,98.98193581266703,170.47121372795604,-64.91406402565278,29.962345627005345,35.0,0.12035934468770401,12.28483658001438
22.75330603899998,104.8420832329999,SAT_10097,20.05984200126339,191.58661125710657,98.98014887617533,170.47548172300893,-64.9298580420968,29.955491066829406,35.0,0.1204246864630738,12.289442699454211
22.75330603899998,104.94208323299989,SAT_10097,20.035571976156064,191.45009236587788,98.97739411393225,170.48203557666096,-64.95412806720412,29.944952203018996,35.0,0.12052510561533109,12.296519587946836
22.75330603899998,105.04208323299989,SAT_10097,20.002842731167505,191.2659903628172,98.97366210924358,170.49086493158012,-64.98685731219268,29.930729059944607,35.0,0.12066054670946753,12.3060608938477
22.75330603899998,105.14208323299988,SAT_10097,19.961676796707366,191.03443198147895,98.96894001643945,170.5019558919273,-65.02802324665282,29.9128216704972,35.0,0.12083093532522599,12.318058089897486
22.75330603899998,105.24208323299987,SAT_10097,19.91210233259325,190.75557562083702,98.9632114356435,170.51529109572607,-65.07759771076694,29.891230076088792,35.0,0.1210361784046593,12.332500512724994
22.75330603899998,105.34208323299987,SAT_10097,19.854152988938523,190.42961056277917,98.95645625117128,170.5308498045233,-65.13554705442166,29.86595432665326,35.0,0.12127616468386744,12.349375411867738
22.75330603899998,105.44208323299986,SAT_10097,19.787867741589892,190.05675604644316,98.94865043069122,170.5486080093762,-65.2018323017703,29.83699448064726,35.0,0.12155076520502542,12.368668007836328
22.75330603899998,105.54208323299986,SAT_10097,19.713290703792737,189.63726020883416,98.93976578151711,170.56853855204565,-65.27640933956745,29.80435060505132,35.0,0.12185983390415517,12.390361558668966
22.75330603899998,105.64208323299985,SAT_10097,19.630470915973987,189.17139890235367,98.92976965952556,170.59061126013574,-65.3592291273862,29.7680227753711,35.0,0.12220320826950501,12.414437434352038
22.75330603899998,105.74208323299985,SAT_10097,19.539462115712624,188.65947440088354,98.91862462517923,170.61479309479915,-65.45023792764756,29.728011075638825,35.0,0.12258071006489182,12.440875198422335
22.75330603899998,105.84208323299984,SAT_10097,19.44032249010408,188.10181400683547,98.90628803994507,170.641048309542,-65.54937755325611,29.68431559841483,35.0,0.12299214611193715,12.469652696017006
22.75330603899998,105.94208323299983,SAT_10097,19.333114412842832,187.49876857224092,98.89271159498826,170.6693386185827,-65.65658563051736,29.636936444789306,35.0,0.12343730912479363,12.500746147599166
22.75330603899998,106.04208323299983,SAT_10097,19.217904168409262,186.8507109473021,98.87784076233564,170.69962337318424,-65.77179587495093,29.58587372438421,35.0,0.12391597859071488,12.534130247560181
22.75330603899998,106.14208323299982,SAT_10097,19.09476166579094,186.15803437007403,98.86161415667236,170.73185974435034,-65.89493837756925,29.531127555355297,35.0,0.12442792168966875,12.569778266884525
22.75330603899998,106.24208323299982,SAT_10097,19.1571243488236,186.50882446213276,98.86987528575045,170.71555156885637,-65.83257569453659,29.558874107185147,35.0,0.12416861910120386,12.551729613764158
22.75330603899998,106.34208323299981,SAT_10097,19.2758878232263,187.17686900564792,98.88536195849915,170.6843966280062,-65.71381222013389,29.61159186563761,35.0,0.12367503516714036,12.51733242259816
22.75330603899998,106.4420832329998,SAT_10097,19.386729942759402,187.80035592802165,98.89953231745899,170.65520360688555,-65.60297010060079,29.66064763248634,35.0,0.12321464852540351,12.485199477676174
22.75330603899998,106.5420832329998,SAT_10097,19.489583200075487,188.37890550042462,98.91244370776202,170.62801388324624,-65.5001168432847,29.70604129401509,35.0,0.12278768387859013,12.455356570174969
22.75330603899998,106.6420832329998,SAT_10097,19.584383813590307,188.9121589514455,98.92414702463131,170.60286658850427,-65.40531622976988,29.747772745006124,35.0,0.12239435330374292,12.427828032967998
22.75330603899998,106.74208323299979,SAT_10097,19.671072004654235,189.39978002618008,98.93468729667767,170.57979843069458,-65.31862803870595,29.78584188873831,35.0,0.12203485536477171,12.4026366413849
22.853306038999982,104.7420832329999,SAT_10097,20.0310491710472,191.4246515871405,98.97688200156072,170.48325629467166,-64.95865087231299,29.942987480267472,35.0,0.1205438205641415,12.297838237344656
22.853306038999982,104.8420832329999,SAT_10097,20.015285820962944,191.33598274291654,98.97508590064179,170.48750935670841,-64.97441422239724,29.936137939236453,35.0,0.12060905148843787,12.302433753436853
22.853306038999982,104.94208323299989,SAT_10097,19.99106285607769,191.19972856543703,98.97231698598786,170.49404030795057,-64.9986371872825,29.92560679234973,35.0,0.12070930048708793,12.30949437119457
22.853306038999982,105.04208323299989,SAT_10097,19.958396952435976,191.01598285745237,98.96856576116208,170.50283886313477,-65.03130309092421,29.9113940639661,35.0,0.12084451247871028,12.319013779276837
22.853306038999982,105.14208323299988,SAT_10097,19.917310489588033,190.7848715039327,98.96381927144492,170.51389122282856,-65.07238955377215,29.893499786960707,35.0,0.12101461351672185,12.33098350438758
22.853306038999982,105.24208323299987,SAT_10097,19.86783143949961,190.5065518471853,98.95806097728754,170.5271801450507,-65.12186860386058,29.871924002725677,35.0,0.12121951113375978,12.345392950401802
22.853306038999982,105.34208323299987,SAT_10097,19.809993228833918,190.1812119121908,98.95127059100096,170.54268503400647,-65.17970681452627,29.846666761170887,35.0,0.12145909476954185,12.362229446921154
22.853306038999982,105.44208323299986,SAT_10097,19.74383457602343,189.8090694901318,98.94342387377489,170.5603820449922,-65.24586546733676,29.817728120724887,35.0,0.12173323627832709,12.381478306791132
22.853306038999982,105.54208323299986,SAT_10097,19.66939930479373,189.39037108946474,98.93449238934579,170.58024420435768,-65.32030073856646,29.785108148336008,35.0,0.12204179051148445,12.4031228920333
22.853306038999982,105.64208323299985,SAT_10097,19.586736136002088,188.92539076501177,98.92444320974576,170.6022415432853,-65.4029639073581,29.748806919473605,35.0,0.1223845959700965,12.427144687576323
22.853306038999982,105.74208323299985,SAT_10097,19.49589845983016,188.41442883654466,98.91323856753493,170.62634124402751,-65.49380158353003,29.70882451812948,35.0,0.12276147552202084,12.453523382109971
22.853306038999982,105.84208323299984,SAT_10097,19.396944090516456,187.85781050915506,98.90083544771296,170.65250779714853,-65.59275595284373,29.665161036819438,35.0,0.12317223717741194,12.482236955337234
22.853306038999982,105.94208323299983,SAT_10097,19.28993500591696,187.2558844082829,98.88718511107295,170.6807031682502,-65.69976503744323,29.61781657658503,35.0,0.12361667491637558,12.513261770861671
22.853306038999982,106.04208323299983,SAT_10097,19.174937074252654,186.60902104267117,98.87223253904932,170.71088697262007,-65.81476296910753,29.566791246995443,35.0,0.12409456956218401,12.546572673920721
22.853306038999982,106.14208323299982,SAT_10097,19.06537165896546,185.99271558168073,98.85770526544667,170.7395331869663,-65.92432838439473,29.518035936197677,35.0,0.12455015359344104,12.578280980032662
22.853306038999982,106.24208323299982,SAT_10097,19.19200544789078,186.70503064438563,98.8744707273226,170.70641459618926,-65.79769459546941,29.574374150568243,35.0,0.12402362079475197,12.541630529053645
22.853306038999982,106.34208323299981,SAT_10097,19.310788495029712,187.37318528454213,98.88986491984272,170.6752167875952,-65.67891154833048,29.627053185496475,35.0,0.12353004517001999,12.50721790106174
22.853306038999982,106.4420832329998,SAT_10097,19.42164967782469,187.99677943776388,98.90395163995143,170.64598331781002,-65.5680503655355,29.676072918829025,35.0,0.12306966367163717,12.475070302882868
22.853306038999982,106.5420832329998,SAT_10097,19.524521319718247,188.57543242341515,98.91678763967003,170.61875567551908,-65.46517872364194,29.721433236908737,35.0,0.12264270152532918,12.445213583506268
22.853306038999982,106.6420832329998,SAT_10097,19.619339477468372,189.1087845607596,98.92842329434004,170.59357309824279,-65.37036056589181,29.76313403457254,35.0,0.12224937130490807,12.417672130916673
22.953306038999983,104.94208323299989,SAT_10097,19.936687916153986,190.89386952836617,98.9660653753924,170.50868062689796,-65.0530121272062,29.901941657249772,35.0,0.12093438475629124,12.32533877280174
22.953306038999983,105.04208323299989,SAT_10097,19.904093892779528,190.71052814688483,98.96228968537586,170.51744314433165,-65.08560615058066,29.88773938280719,35.0,0.12106933933573627,12.334833049720455
22.953306038999983,105.14208323299988,SAT_10097,19.863097606729454,190.47992403785318,98.95751213898394,170.5284503378954,-65.12660243663073,29.86985826766147,35.0,0.12123911729520692,12.346771249101588
22.953306038999983,105.24208323299987,SAT_10097,19.81372681121354,190.20221331307616,98.95171601742716,170.54168510548845,-65.17597323214665,29.84829835318493,35.0,0.12144362685437539,12.361142852988744
22.953306038999983,105.34208323299987,SAT_10097,19.756014672669522,189.87758253376606,98.94488081223922,170.55712701762658,-65.23368537069067,29.823059689263545,35.0,0.12168275827154733,12.377935284056086
22.953306038999983,105.44208323299986,SAT_10097,19.68999960973548,189.50624780476207,98.93698201951969,170.5747524210852,-65.29970043362471,29.794142334297888,35.0,0.12195638434584027,12.39713396249155
22.953306038999983,105.54208323299986,SAT_10097,19.615725108928572,189.0884537377232,98.92799089020002,170.59453455743412,-65.37397493443162,29.761546355204235,35.0,0.12226436099373508,12.418722371207995
22.953306038999983,105.64208323299985,SAT_10097,19.533239518869237,188.62447229363949,98.9178741316838,170.6164436952365,-65.45646052449095,29.725271827415785,35.0,0.12260652789499948,12.442682128775218
22.953306038999983,105.74208323299985,SAT_10097,19.442595825055747,188.11460151593857,98.90659355516324,170.64044727457923,-65.54710421830444,29.685318834884097,35.0,0.12298270920248482,12.468993069406821
22.953306038999983,105.84208323299984,SAT_10097,19.3438514073451,187.55916416631618,98.8941056616841,170.66651006249833,-65.64584863601509,29.641687470080644,35.0,0.12339271430988161,12.497633329287515
22.953306038999983,106.04208323299983,SAT_10097,19.12231033336623,186.31299562518504,98.86530439607415,170.72465996378807,-65.86738970999396,29.543390036154435,35.0,0.12431336466543945,12.561806417694887
22.953306038999983,106.14208323299982,SAT_10097,19.090565084468906,186.13442860013762,98.86108575965223,170.73295590847027,-65.89913495889128,29.52925881220017,35.0,0.12444537397635488,12.570992488644816
23.053306038999985,104.8420832329999,SAT_10097,19.896600431951995,190.66837742972996,98.96142290351726,170.51945626067624,-65.09309961140819,29.88447247525978,35.0,0.12110036918040455,12.33701545681134
23.053306038999985,104.94208323299989,SAT_10097,19.872490493130698,190.5327590238602,98.95861396974716,170.52592981185677,-65.11720955022949,29.87395684945331,35.0,0.12120021517879885,12.344036372647222
23.053306038999985,105.04208323299989,SAT_10097,19.83997670379054,190.34986895882182,98.95480839175626,170.5346511723262,-65.14972333956965,29.85976506818032,35.0,0.12133488461484772,12.353502350808933
23.053306038999985,105.14208323299988,SAT_10097,19.79908106817976,190.11983100851117,98.94999290283259,170.54560678281405,-65.19061897518043,29.841897164284553,35.0,0.12150430471894766,12.365405051931983
23.053306038999985,105.24208323299987,SAT_10097,19.749831090905076,189.84279988634106,98.94415056372424,170.5587797002828,-65.23986895245511,29.820353179118595,35.0,0.12170838449134337,12.379734046799571
23.053306038999985,105.34208323299987,SAT_10097,19.69225964265715,189.51896048994647,98.93726059436541,170.5741496843769,-65.29744040070304,29.795133162544627,35.0,0.12194701512044297,12.396476863750332
23.053306038999985,105.44208323299986,SAT_10097,19.62640480133247,189.14852700749515,98.92929816467506,170.5916932996394,-65.36329524202772,29.76623717293537,35.0,0.12222007047903052,12.41561904484468
23.053306038999985,105.54208323299986,SAT_10097,19.55230967015312,188.73174189461133,98.92023414060162,170.61138403242765,-65.43739037320707,29.73366527717517,35.0,0.12252740769402079,12.437144210260554
23.053306038999985,105.64208323299985,SAT_10097,19.470022174590696,188.26887473207267,98.91003478066426,170.6331924213242,-65.51967786876949,29.69741755066124,35.0,0.1228688677848366,12.461034130321694
23.15330603899998,104.94208323299989,SAT_10097,19.798521237092316,190.1166819586443,98.94993209760574,170.54575664846965,-65.19117880626787,29.841652430141394,35.0,0.1215066242157038,12.365567963723914
23.15330603899998,105.04208323299989,SAT_10097,19.766095823929902,189.9342890096057,98.94609099024412,170.55443186853847,-65.22360421943029,29.82747118124491,35.0,0.12164098143915414,12.375002550697564
23.15330603899998,105.14208323299988,SAT_10097,19.7253110477331,189.7048746434987,98.94123039479081,170.56532964877223,-65.26438899562709,29.809616537962135,35.0,0.12181000973967983,12.386865875077312
23.15330603899998,105.24208323299987,SAT_10097,19.676194135852967,189.42859201417295,98.93533310824897,170.57843322358502,-65.31350590750722,29.788088541626006,35.0,0.12201361898834434,12.401147606559864
23.15330603899998,105.34208323299987,SAT_10097,19.618777629125717,189.10562416383215,98.92837802557614,170.59372256362846,-65.37092241423447,29.762887242075017,35.0,0.12225170141126937,12.41783539126975
23.15330603899998,105.44208323299986,SAT_10097,19.553099225379952,188.73618314276226,98.92033992632868,170.61117447642488,-65.43660081798023,29.73401269765416,35.0,0.1225241320792318,12.436914907130276
23.15330603899998,105.54208323299986,SAT_10097,19.479201600267658,188.32050900150557,98.91118921561419,170.63076272148425,-65.51049844309253,29.70146497521598,35.0,0.1228307694698814,12.458369927354383
23.25330603899998,105.14208323299988,SAT_10097,19.64184468994459,189.23537638093833,98.93118762235588,170.58758375448403,-65.3478553534156,29.77301645927521,35.0,0.12215604308711203,12.411132015119668
23.25330603899998,105.24208323299987,SAT_10097,19.59287273704048,188.95990914585272,98.92522624985534,170.6006107207614,-65.39682730631971,29.751504511255487,35.0,0.12235914218533023,12.425361954628462
23.25330603899998,105.34208323299987,SAT_10097,19.535625013101253,188.63789069869455,98.9181952188335,170.61581096345105,-65.45407503025893,29.726321998364796,35.0,0.12259663027278983,12.441989434899886
23.25330603899998,105.44208323299986,SAT_10097,19.470138798352096,188.26953074073052,98.91006885053527,170.63316155707673,-65.51956124500809,29.697468978920497,35.0,0.12286838373763351,12.461000283114222
23.353306038999982,105.34208323299987,SAT_10097,19.442864755048788,188.11611424714943,98.9066678467228,170.64037617046264,-65.5468352883114,29.6854375113752,35.0,0.12298159284655126,12.468915036377405
