lat,lon,beam_id,SNR_dB,throughput_Mbps,availability_pct,FSPL_dB,Pr_dBm,Gt_dBi,G_rx_dBi,L_atm_dB,L_rain_dB
7.553306039000036,111.54208323299952,SAT_10125,21.040953010722333,197.10536068531314,99.06209929674839,169.53405247376028,-63.948747032637854,29.980592436106615,35.0,0.12022079002682665,12.275066204957364
7.653306039000036,113.84208323299939,SAT_10097,20.819575369715693,195.8601114546508,99.03918787747469,169.598542447259,-64.1701246736445,29.893905851916845,35.0,0.12120374211983694,12.344284336182486
7.653306039000036,113.94208323299938,SAT_10097,20.737904796449484,195.40071448002837,99.03054371261823,169.6222424526773,-64.2517952469107,29.86179087624217,35.0,0.12156655908286562,12.369777111392688
7.7533060390000355,114.14208323299937,SAT_10125,20.847408968162284,196.01667544591282,99.042108646563,169.5905457825958,-64.1422910751979,29.904883811182426,35.0,0.12107952669903727,12.3355495770855
8.153306039000034,114.74208323299933,SAT_10125,20.94418934661968,196.56106507473572,99.05214952821825,169.5623449688193,-64.04551069674051,29.942799850697188,35.0,0.12064996510757682,12.305315613510814
8.353306039000033,115.2420832329993,SAT_10125,20.590284616025855,194.57035096514545,99.01463555570507,169.6650031673679,-64.39941542733433,29.803583919348284,35.0,0.12222228039738182,12.41577389891733
8.653306039000032,104.8420832329999,SAT_10125,20.50772905279746,194.1059759219857,99.00558863444743,169.68876669824996,-64.48197099056273,29.77088595144312,35.0,0.12258964567252383,12.441500598083355
8.653306039000032,104.94208323299989,SAT_10082,20.47926628169394,193.94587283452842,99.00253170904574,169.6991679010239,-64.51043376166625,29.760767323289016,35.0,0.12270155603930369,12.449331627892045
8.653306039000032,105.04208323299989,SAT_10082,20.575624374960213,194.48788710915122,99.0131201770557,169.67145642371904,-64.41407566839997,29.79896806794944,35.0,0.1222728125504434,12.419314500079922
8.653306039000032,106.5420832329998,SAT_10082,20.717283563833533,195.28472004656362,99.02840317200396,169.6305457713877,-64.27241647952665,29.854920206132693,35.0,0.12164305128098979,12.375147862990666
8.753306039000032,104.94208323299989,SAT_10082,20.42091537966938,193.61764901064026,98.99604243490573,169.715903338752,-64.5687846636908,29.737578849443786,35.0,0.12296133317824454,12.467498841204346
8.753306039000032,105.04208323299989,SAT_10082,20.517073506921378,194.15853847643274,99.00670442120565,169.6883061787147,-64.47262653643881,29.775769459739312,35.0,0.12253329765854386,12.43755651980488
8.753306039000032,105.14208323299988,SAT_10082,20.602626899233883,194.63977630819062,99.0160574527616,169.66367393390448,-64.3870731441263,29.809652574951258,35.0,0.1221527193946807,12.410899065778402
8.853306039000032,104.8420832329999,SAT_10125,20.29987227772716,192.93678156221526,98.9823028499025,169.7482933826746,-64.68982776563303,29.68818874234944,35.0,0.12351556580481071,12.506207559503055
8.853306039000032,104.94208323299989,SAT_10082,20.351622326809206,193.22787558830177,98.98826032725343,169.73573252181512,-64.63807771655098,29.70998774210486,35.0,0.12326996683983998,12.489062970000882
8.853306039000032,105.04208323299989,SAT_10082,20.447548892430078,193.76746251991918,98.99901170772216,169.70826892496376,-64.54215115093011,29.748168115054618,35.0,0.12284274765479002,12.459207593366182
8.853306039000032,105.14208323299988,SAT_10082,20.532894607071995,194.24753216477998,99.00844251967001,169.68375660937613,-64.45680543628819,29.782042147616963,35.0,0.12246290070228641,12.432628073826733
8.853306039000032,105.24208323299987,SAT_10082,20.607575709082397,194.6676133635885,99.01659296066163,169.662246817941,-64.38212433427779,29.81160977147598,35.0,0.12213071224087158,12.409356575571913
8.853306039000032,114.64208323299934,SAT_10125,20.90305972134682,196.3297109325759,99.04785828728568,169.5743414978624,-64.08664032201337,29.926700597927397,35.0,0.1208324816964565,12.318166940381898
8.953306039000031,104.8420832329999,SAT_10125,20.1799482965195,192.2622091679222,98.96852011568387,169.7824404041364,-64.80975174684069,29.64023575658782,35.0,0.12405040925475269,12.543496690037369
8.953306039000031,104.94208323299989,SAT_10082,20.271456670126938,192.77694376946405,98.97915212980034,169.7586129070659,-64.71824337323325,29.677994056282902,35.0,0.12362721930862741,12.51399730314162
8.953306039000031,105.04208323299989,SAT_10082,20.367120943149374,193.31505530521525,98.99000945686893,169.73130156576136,-64.62257910021081,29.716164088923176,35.0,0.12320092208698742,12.484240701285655
8.953306039000031,105.14208323299988,SAT_10082,20.452231415410964,193.79380171168668,98.99953244326069,169.70692595512617,-64.53746862794922,29.750028947486648,35.0,0.1228219011172053,12.457749719192496
8.953306039000031,105.24208323299987,SAT_10082,20.526705202352858,194.21271676323482,99.00776197149584,169.68553675727878,-64.46299484100733,29.779588563663868,35.0,0.12249043987276544,12.434556207519641
8.953306039000031,105.34208323299987,SAT_10082,20.590468731353525,194.57138661386358,99.01473272328683,169.66717899684167,-64.39923131200666,29.80484287783383,35.0,0.12220678965312465,12.414688403345695
9.05330603900003,104.8420832329999,SAT_10082,20.074692492784322,191.67014527191182,98.95629861013478,169.81449998996982,-64.91500755057587,29.599134347225917,35.0,0.12450495070284798,12.575136957129109
9.05330603900003,104.94208323299989,SAT_10082,20.180497800165895,192.26530012593318,98.96867817089372,169.7844959665156,-64.80920224319429,29.641597855770755,35.0,0.12403281890033632,12.54227131354911
9.05330603900003,105.04208323299989,SAT_10082,20.275870024520415,192.80176888792735,98.97965881105564,169.75735494944934,-64.71383001883977,29.679757445154667,35.0,0.12360754617648174,12.512624968368623
9.05330603900003,105.14208323299988,SAT_10082,20.360718569588187,193.27904195393353,98.9892890706268,169.7331322562365,-64.628981473772,29.713613038384935,35.0,0.12322944307405868,12.48623281284637
9.05330603900003,105.24208323299987,SAT_10082,20.434961526748864,193.69665858796236,98.99761063349258,169.71187794526045,-64.55473851661132,29.743164567158328,35.0,0.12289878996260513,12.46312634854659
9.05330603900003,105.34208323299987,SAT_10082,20.498526197227463,194.05420985940447,99.00465885653009,169.69363648210282,-64.49117384613272,29.76841197185924,35.0,0.12261583537150801,12.44333350051763
9.05330603900003,105.44208323299986,SAT_10082,20.551349564524898,194.35134130045256,99.01046320916127,169.67844643720844,-64.43835047883529,29.78935520155811,35.0,0.12238079448920791,12.426878448695753
9.15330603900003,104.8420832329999,SAT_10082,19.973381767855045,191.10027244418464,98.94425112362667,169.84312538965673,-65.01631827550514,29.55834744031427,35.0,0.12495735662711503,12.606582969535554
9.15330603900003,104.94208323299989,SAT_10082,20.078834429536272,191.69344366614155,98.95679185325314,169.81332752071455,-64.91086561382392,29.600799213145265,35.0,0.12448646162413501,12.57385084463049
9.15330603900003,105.04208323299989,SAT_10082,20.173885924810136,192.22810832705704,98.96791413789012,169.78637420909195,-64.81581411855005,29.638948256342466,35.0,0.12406231250675406,12.544325853293822
9.15330603900003,105.14208323299988,SAT_10082,20.25844682852103,192.7037634104308,98.97766760437595,169.76232002499887,-64.73125321483916,29.672794492919873,35.0,0.12368521607176237,12.5180424666884
9.15330603900003,105.24208323299987,SAT_10082,20.332436301251946,193.1199541945422,98.9860948624056,169.74121434381672,-64.65726374210824,29.702337854580193,35.0,0.12335544928141737,12.4950318035903
9.15330603900003,105.34208323299987,SAT_10082,20.395782601419356,193.47627713298385,98.99323204864359,169.72310101907493,-64.59391744194083,29.727578281713015,35.0,0.12307325762479711,12.475321446954124
9.15330603900003,105.44208323299986,SAT_10082,20.448423548437546,193.7723824599612,98.99910927856405,169.70801808626064,-64.54127649492264,29.74851572339321,35.0,0.12283885364278163,12.45893527841243
9.15330603900003,105.54208323299986,SAT_10082,20.490306930782367,194.0079764856508,99.00375101620864,169.6959975015517,-64.49939311257782,29.76515013737954,35.0,0.12265241563383268,12.445893332771835
9.25330603900003,104.8420832329999,SAT_10082,19.86149427663365,190.47090530606428,98.93071497104108,169.8746215244661,-65.12820576672654,29.513158287175482,35.0,0.12545736621410528,12.641285163221806
9.25330603900003,104.94208323299989,SAT_10082,19.96656402208106,191.06192262420598,98.94343904096543,169.84504810314013,-65.02313602127913,29.55559820976936,35.0,0.12498781301172818,12.608698314896634
9.25330603900003,105.04208323299989,SAT_10082,20.061267274058437,191.5946284165787,98.95472243341976,169.81829913363487,-64.92843276930175,29.59373660386573,35.0,0.12456488288102463,12.579305356651576
9.25330603900003,105.14208323299988,SAT_10082,20.145515874385666,192.06852679341938,98.96461601982185,169.79442837821773,-64.84418416897452,29.62757339248499,35.0,0.12418887855693911,12.553140304684835
9.25330603900003,105.24208323299987,SAT_10082,20.21923014013278,192.4831695382469,98.97316346967199,169.7734844739619,-64.77046990322741,29.657108507335558,35.0,0.12386007330784225,12.530233863293212
9.25330603900003,105.34208323299987,SAT_10082,20.282339364853698,192.83815892730206,98.98040181200062,169.7555106129114,-64.70736067850649,29.68234188881198,35.0,0.12357870932731405,12.51061324507976
9.25330603900003,105.44208323299986,SAT_10082,20.33478227180035,193.133150278877,98.9863619014015,169.74054425248494,-64.65491777155984,29.703273485993364,35.0,0.1233449962868661,12.494302008781395
9.25330603900003,105.54208323299986,SAT_10082,20.376507413122553,193.36785419881437,98.99106879926018,169.7286168600902,-64.61319263023763,29.71990325664199,35.0,0.12315911006632756,12.481319916723104
9.25330603900003,105.64208323299985,SAT_10082,20.407473509645925,193.54203849175832,98.99454207862391,169.71975369553692,-64.58222653371426,29.732231167202176,35.0,0.12302119167689235,12.471682813702621
9.25330603900003,105.74208323299985,SAT_10082,20.42764972653977,193.65552971178622,98.99679605930936,169.71397363436225,-64.56205031682042,29.740257192799373,35.0,0.12293134638978742,12.465402528867765
9.25330603900003,105.84208323299984,SAT_10082,20.437015881003134,193.70821433064262,98.99783997823697,169.71128903464404,-64.55268416235705,29.743981317239502,35.0,0.12288964308120269,12.462486801871314
9.35330603900003,104.8420832329999,SAT_10082,19.850930695541678,190.41148516242194,98.92943121399836,169.87758879124317,-65.13876934781851,29.508884069673528,35.0,0.12550459350536827,12.644560032743493
9.35330603900003,104.94208323299989,SAT_10082,19.843792180141392,190.37133101329533,98.92855732897561,169.87959335065315,-65.1459078632188,29.505994935794376,35.0,0.12553651009231878,12.646772938267702
9.35330603900003,105.04208323299989,SAT_10082,19.93812092058026,190.90193017826397,98.94002261130879,169.85306456548096,-65.05157912277993,29.544122577891688,35.0,0.12511489032742887,12.617522244863213
9.35330603900003,105.14208323299988,SAT_10082,20.02203367935391,191.37393944636574,98.95007437105822,169.8293914412498,-64.96766636400628,29.577949827261648,35.0,0.12474005995644144,12.591484690061668
9.35330603900003,105.24208323299987,SAT_10082,20.095452010996823,191.78691756185714,98.95875748281324,169.80862182558906,-64.89424803236336,29.607476615618094,35.0,0.12441228828495027,12.568690534107452
9.35330603900003,105.34208323299987,SAT_10082,20.158306316456247,192.1404730300664,98.96610998994637,169.7907982033904,-64.83139372690394,29.632702883360327,35.0,0.1241318139717822,12.54916659290207
9.35330603900003,105.44208323299986,SAT_10082,20.21053628574127,192.43426660729466,98.9721635869455,169.7759574142093,-64.77916375761892,29.653628579571496,35.0,0.1238988436112431,12.532936079369856
9.35330603900003,105.54208323299986,SAT_10082,20.252091287716212,192.6680134934037,98.97694401381057,169.76413040311584,-64.73760875564398,29.67025366201723,35.0,0.1237135504896829,12.52001846405568
9.35330603900003,105.64208323299985,SAT_10082,20.282930701800396,192.8414851976272,98.98047137134097,169.75534200846855,-64.70676934155979,29.682578097144525,35.0,0.12357607353095104,12.510429356704817
9.35330603900003,105.74208323299985,SAT_10082,20.303024187031696,192.95451105205328,98.98276036420609,169.74961078962625,-64.68667585632849,29.6906018600808,35.0,0.12348651644332659,12.50418041033973
9.35330603900003,105.84208323299984,SAT_10082,20.312351884751564,193.00697935172755,98.98382047700868,169.74694889708414,-64.67734815860862,29.69432493463326,35.0,0.12344494707825496,12.50127924907948
9.35330603900003,105.94208323299983,SAT_10082,20.310904552058403,192.9988381053285,98.98365608705807,169.7473619869314,-64.67879549130178,29.693747313288455,35.0,0.12345139700874522,12.501729420650102
9.35330603900003,106.04208323299983,SAT_10082,20.298683624135833,192.93009538576408,98.98226651620789,169.75084918088893,-64.69101641922435,29.688868997212058,35.0,0.12350586133263367,12.505530374214837
9.35330603900003,106.14208323299982,SAT_10082,20.27570120456535,192.8008192756801,98.9796460228338,169.7574030725213,-64.71399883879484,29.679689996248925,35.0,0.12360829870315293,12.512677463819307
9.45330603900003,104.8420832329999,SAT_10082,19.95326889068376,190.98713751009618,98.94185363196316,169.84879622361154,-65.03643115267643,29.550235382340418,35.0,0.12504720949427728,12.61282310191103
9.45330603900003,104.94208323299989,SAT_10125,19.835092643127226,190.32239611759067,98.927403870054,169.87983820282147,-65.15460740023296,29.501368318128346,35.0,0.12559094439927762,12.650546571140547
9.45330603900003,105.04208323299989,SAT_10125,19.939296641015346,190.90854360571134,98.94007715649083,169.8505316728301,-65.05040340234484,29.543481072119437,35.0,0.12512505282093286,12.618227748813247
9.45330603900003,105.14208323299988,SAT_10125,20.03321299942229,191.4368231217504,98.95131583305097,169.82402674953119,-64.9564870439379,29.581323909313497,35.0,0.12470544730814062,12.589078756412068
9.45330603900003,105.24208323299987,SAT_10125,20.11675507698287,191.90674730802863,98.96117030722051,169.80037625992986,-64.87294496637732,29.614896753061686,35.0,0.1243324254886638,12.563133034020481
9.45330603900003,105.34208323299987,SAT_10125,20.189844579139333,192.31787575765875,98.96968385643497,169.7796279839781,-64.79985546422085,29.644199535369218,35.0,0.12400625596629128,12.540420759645686
9.45330603900003,105.44208323299986,SAT_10125,20.25241204661961,192.6698177622353,98.97689318118024,169.76182434294216,-64.73728799674058,29.669232196893564,35.0,0.12372717675247599,12.520968673939505
9.45330603900003,105.54208323299986,SAT_10125,20.304397296941858,192.96223479529795,98.98282886418887,169.74700211734944,-64.68530274641833,29.689994686942892,35.0,0.12349539385542156,12.504799922156362
9.45330603900003,105.64208323299985,SAT_10125,20.345749813154143,193.19484269899206,98.98751574612979,169.7351921983503,-64.64395023020604,29.706486963474728,35.0,0.12331108004278896,12.4919339152877
9.45330603900003,105.74208323299985,SAT_10125,20.37642907458431,193.36741354453673,98.99097322607027,169.7264193759625,-64.61327096877588,29.718708993094832,35.0,0.12317437379251715,12.482386212115697
9.45330603900003,105.84208323299984,SAT_10125,20.396404825077383,193.47977714106025,98.9932154931787,169.7207021672004,-64.5932952182828,29.72666075105633,35.0,0.12308537844427417,12.476168423694471
9.45330603900003,105.94208323299983,SAT_10125,20.405657274986595,193.5318221717996,98.99425169456002,169.71805268657218,-64.58404276837359,29.73034222125905,35.0,0.12304416156181161,12.47328814149866
9.45330603900003,106.04208323299983,SAT_10125,20.40417723407731,193.52349694168487,98.99408604271459,169.71847656083492,-64.58552280928288,29.729753396249098,35.0,0.1230507545140298,12.473748890183032
9.45330603900003,106.14208323299982,SAT_10125,20.3919661734608,193.454809725717,98.99271786483148,169.72197288925966,-64.59773386989939,29.724894277218667,35.0,0.12310515227992364,12.47755010557847
9.553306039000029,104.8420832329999,SAT_10082,20.044978225648336,191.50300251927192,98.9528092503214,169.82290630122603,-64.94472181771185,29.58718449575987,35.0,0.12463760722998139,12.584362405015714
9.553306039000029,104.94208323299989,SAT_10125,19.95035103431256,190.9707245680082,98.9414152857109,169.84741644227404,-65.03934900904763,29.54794088594273,35.0,0.12507564896123638,12.61479780375508
9.553306039000029,105.04208323299989,SAT_10125,20.054884678933718,191.55872631900215,98.95388993620287,169.81789821585025,-64.93481536442647,29.590041181331085,35.0,0.12460866047946642,12.582349669427835
9.553306039000029,105.14208323299988,SAT_10125,20.149101113607188,192.08869376404044,98.96495407465326,169.79120059050183,-64.840598929753,29.627872823153712,35.0,0.12418805707027486,12.5530831053346
9.553306039000029,105.24208323299987,SAT_10125,20.232912516214697,192.56013290370765,98.97465675845025,169.76737714880275,-64.75678752714549,29.66143573477721,35.0,0.12381414012653373,12.527031972993424
9.553306039000029,105.34208323299987,SAT_10125,20.306239514738678,192.9725972704051,98.98304011547566,169.74647636092627,-64.68346052862151,29.69072984822048,35.0,0.1234871816746353,12.504226834241097
9.553306039000029,105.44208323299986,SAT_10125,20.36901168578362,193.32569073253285,98.99013987838646,169.72854126634584,-64.62068835757657,29.715755104152947,35.0,0.12320742277832561,12.48469477260535
9.553306039000029,105.54208323299986,SAT_10125,20.421168005276385,193.61907002967965,98.99598582839772,169.71360918567026,-64.5685320380838,29.736511451892977,35.0,0.12297507210245122,12.468459232204063
9.553306039000029,105.64208323299985,SAT_10125,20.46265724539191,193.85244700532948,99.00060215851258,169.70171146655946,-64.52704279796828,29.752998849406552,35.0,0.12279030465319545,12.455539876162183
9.553306039000029,105.74208323299985,SAT_10125,20.493438312334135,194.02559050687952,99.00400776412188,169.69287326728679,-64.49626173102605,29.765217263306155,35.0,0.12265326070966658,12.445952466335754
9.553306039000029,105.84208323299984,SAT_10125,20.513480520316534,194.13832792678053,99.00621646716634,169.68711338104163,-64.47621952304365,29.773166668849885,35.0,0.12256404495967689,12.439708765892226
9.553306039000029,105.94208323299983,SAT_10125,20.52276379790453,194.19054636321297,99.00723717854643,169.6844441035253,-64.46693624545566,29.776847049940812,35.0,0.12252272585025187,12.43681646602092
9.553306039000029,106.04208323299983,SAT_10125,20.521278823793395,194.18219338383784,99.00707400212386,169.6848711457892,-64.46842121956679,29.776258399126544,35.0,0.12252933516088131,12.437279137743257
9.553306039000029,106.14208323299982,SAT_10125,20.509027090084047,194.11327738172278,99.00572628243326,169.68839359360484,-64.48067295327614,29.77140071759903,35.0,0.12258386780481856,12.441096209465506
9.553306039000029,106.24208323299982,SAT_10125,20.48602089214394,193.9838675183097,99.00318859706948,169.695003913975,-64.50367915121625,29.762274015194603,35.0,0.12268628186090945,12.448262970574937
9.553306039000029,106.4420832329998,SAT_10125,20.407847728879105,193.54414347494495,98.99449736970297,169.71742531409828,-64.58185231448108,29.731213630323985,35.0,0.12303440415152357,12.47260622655527
9.653306039000029,104.94208323299989,SAT_10125,20.055058184897845,191.55970229005038,98.95391542751433,169.81784913132773,-64.93464185846234,29.590110949853,35.0,0.1246078856525507,12.582295791335053
9.653306039000029,105.04208323299989,SAT_10125,20.159891407488274,192.14938916712157,98.96621416930994,169.788137369319,-64.82980863587191,29.632198673239735,35.0,0.12413990466295839,12.549730035129693
9.653306039000029,105.14208323299988,SAT_10125,20.254380588769564,192.6808908118288,98.97712371799933,169.76126355759118,-64.73531945459062,29.6700190177914,35.0,0.12371839818490561,12.52035651660594
9.653306039000029,105.24208323299987,SAT_10125,20.33843682111774,193.15370711878728,98.98669194339251,169.73728197403645,-64.65126322224245,29.703571906889728,35.0,0.12334367106186056,12.494209484033865
9.653306039000029,105.34208323299987,SAT_10125,20.411979741770963,193.5673860474617,98.99495996183411,169.71624172414016,-64.57772030158922,29.732857272567063,35.0,0.12301599845744353,12.471319851558683
9.653306039000029,105.44208323299986,SAT_10125,20.474938040646734,193.92152647863787,99.00196265408182,169.6981864165055,-64.51476200271345,29.757875055504545,35.0,0.12273562423361233,12.451715017478874
9.653306039000029,105.54208323299986,SAT_10125,20.52724991955536,194.21578079749892,99.0077290956489,169.683153869026,-64.46245012380483,29.778625205030547,35.0,0.12250275949102692,12.435418700318346
9.653306039000029,105.64208323299985,SAT_10125,20.56886349670677,194.44985716897557,99.012282909165,169.67117584975335,-64.42083654665342,29.795107679119354,35.0,0.12231758128854577,12.422450794730873
9.653306039000029,105.74208323299985,SAT_10125,20.599737151004888,194.62352147440248,99.01564254637,169.6622778561185,-64.3899628923553,29.80732244439004,35.0,0.12218023155705872,12.412827249069782
9.653306039000029,105.84208323299984,SAT_10125,20.619839801350437,194.73659888259618,99.01782150569437,169.6564789356845,-64.36986024200975,29.815269476105588,35.0,0.12209081622079442,12.406559966210036
9.653306039000029,105.94208323299983,SAT_10125,20.629151117014374,194.78897503320587,99.01882848993229,169.65379155105285,-64.36054892634581,29.81894875817224,35.0,0.12204940453689059,12.403656728928317
9.653306039000029,106.04208323299983,SAT_10125,20.62766165608076,194.7805968154543,99.0186675072246,169.6542214909222,-64.36203838727943,29.818360283139082,35.0,0.12205602866142812,12.404121150834884
9.653306039000029,106.14208323299982,SAT_10125,20.61537292996529,194.71147273105476,99.01733791738924,169.65776782862906,-64.3743271133949,29.81350405219783,35.0,0.12211068344736213,12.407952653516302
9.653306039000029,106.24208323299982,SAT_10125,20.592297393077715,194.58167283606215,99.01483442452884,169.6644229287912,-64.39740265028247,29.804380075182866,35.0,0.12221332647689064,12.415146470197246
9.653306039000029,106.34208323299981,SAT_10125,20.558458357778747,194.39132826250545,99.01114701576745,169.67417250195302,-64.43124168558144,29.79098837057151,35.0,0.12236387832785359,12.425693675872077
9.653306039000029,106.4420832329998,SAT_10125,20.513889835856006,194.14063032669003,99.00626084488562,169.68699570641797,-64.47581020750418,29.7733289654845,35.0,0.12256222307081517,12.439581243499891
9.653306039000029,106.5420832329998,SAT_10125,20.458636308801744,193.8298292370098,99.00015605849997,169.70286529574452,-64.53106373455844,29.75140189568669,35.0,0.1228082089906181,12.45679212551
9.653306039000029,112.94208323299944,SAT_10125,20.12966376237425,191.97935866335513,98.96268919615561,169.79671567312744,-64.86003628098594,29.62007677924187,35.0,0.12427480684435284,12.559122580256016
9.753306039000028,104.94208323299989,SAT_10125,20.149115086377947,192.08877236087594,98.96496320989235,169.79119662456714,-64.84058495698224,29.62787842578056,35.0,0.12418799471346847,12.553078763482183
9.753306039000028,105.04208323299989,SAT_10125,20.2542165751356,192.67996823513775,98.97710736208337,169.76131028219694,-64.73548346822459,29.669953463797363,35.0,0.12371912958681529,12.52040752023818
9.753306039000028,105.14208323299988,SAT_10125,20.348950035813814,193.2128439514527,98.98788103987512,169.73427752723313,-64.64075000754637,29.707762409205987,35.0,0.12329681849643229,12.490938071022796
9.753306039000028,105.24208323299987,SAT_10125,20.433225576731246,193.68689386911328,98.99733107554576,169.7101532685254,-64.55647446662894,29.741305185403036,35.0,0.12292136940460331,12.464705014101972
9.753306039000028,105.34208323299987,SAT_10125,20.506961936809518,194.10166089455353,99.00549770142801,169.688987188172,-64.48273810655067,29.770581724434017,35.0,0.12259306031095307,12.441739582501715
9.753306039000028,105.44208323299986,SAT_10125,20.570087001867236,194.4567393855032,99.0124150535728,169.67082341140824,-64.41961304149295,29.795591966991566,35.0,0.12231213760731696,12.42206945946896
9.753306039000028,105.54208323299986,SAT_10125,20.622538271602394,194.75177777776346,99.01811159044,169.6557002076061,-64.3671617717578,29.81633586241388,35.0,0.12207881459684315,12.405718611968744
9.753306039000028,105.64208323299985,SAT_10125,20.664263271017333,194.9864808994725,99.02261043583358,169.64364972653198,-64.32543677234285,29.832813368683375,35.0,0.12189327019462436,12.392707144299628
9.753306039000028,105.74208323299985,SAT_10125,20.695219900658515,195.16061194120417,99.02592965342998,169.63469777360174,-64.29448014270167,29.845024452425594,35.0,0.1217556478253778,12.38305117370015
9.753306039000028,105.84208323299984,SAT_10125,20.715376720778636,195.27399405437984,99.02808245864772,169.62886362738985,-64.27432332258155,29.85296908890831,35.0,0.12166605453158456,12.376762729568426
9.753306039000028,105.94208323299983,SAT_10125,20.724713165390824,195.32651155532338,99.02907737221003,169.6261599020777,-64.26498687796936,29.856647262040884,35.0,0.12162456030310488,12.373849677629448
9.753306039000028,106.04208323299983,SAT_10125,20.723219683144933,195.31811071769025,99.02891831850773,169.62659245688621,-64.26648036021525,29.85605896437384,35.0,0.12163119763664382,12.374315670066245
9.753306039000028,106.14208323299982,SAT_10125,20.710897802981933,195.2488001417734,99.02760467073095,169.6301603538576,-64.27880224037825,29.851204197098664,35.0,0.12168596133061677,12.3781601222887
9.753306039000028,106.24208323299982,SAT_10125,20.687760123614282,195.11865069533036,99.02513124366781,169.63685586462043,-64.3019399197459,29.842082970047837,35.0,0.12178880851800933,12.385378216655315
9.753306039000028,106.34208323299981,SAT_10125,20.65383022698539,194.92779502679284,99.02148823402716,169.6466645260357,-64.3358698163748,29.8286953016951,35.0,0.12193965893681627,12.395960933097374
9.753306039000028,106.4420832329998,SAT_10125,20.60914251696356,194.67642665792005,99.01666110709625,169.6595652438877,-64.38055752639663,29.811041219155936,35.0,0.12213839543464008,12.409895106230229
9.753306039000028,106.5420832329998,SAT_10125,20.553741985604532,194.3647986690255,99.01063042745922,169.67553044306135,-64.43595805775566,29.789120758188275,35.0,0.12238486470110639,12.427163508181481
9.753306039000028,116.44208323299924,SAT_10125,20.722546662443065,195.31432497624223,99.02884663091989,169.62678737532204,-64.26715338091712,29.855793845718846,35.0,0.12163418869908815,12.37452566261485
9.853306039000028,105.04208323299989,SAT_10125,20.337768513139622,193.14994788641036,98.98661920831555,169.7374729243316,-64.65193153022057,29.703305477740415,35.0,0.12334664952305394,12.494417434106326
9.853306039000028,105.14208323299988,SAT_10125,20.432716737780723,193.68403165001658,98.9972746797609,169.71029914054358,-64.55698330557946,29.741102922161083,35.0,0.12292363560578426,12.46486345159117
9.853306039000028,105.24208323299987,SAT_10125,20.517185120632675,194.15916630355883,99.00662188231148,169.68604827923065,-64.47251492272751,29.774635495104814,35.0,0.12254755575164065,12.43855458285004
9.853306039000028,105.34208323299987,SAT_10125,20.59109160004158,194.5748902502339,99.01470028293086,169.66477053687555,-64.39860844331861,29.803903128630036,35.0,0.1222186904803542,12.415522344592747
9.853306039000028,105.44208323299986,SAT_10125,20.654363345111392,194.9307938162516,99.02154337275519,169.64651049965926,-64.3353366982488,29.82890576344066,35.0,0.12193728843210166,12.395794673598099
9.853306039000028,105.54208323299986,SAT_10125,20.706937229649554,195.22652191677875,99.02717907576653,169.63130683982013,-64.28276281371063,29.849643348884506,35.0,0.1217035648676165,12.379395757907401
9.853306039000028,105.64208323299985,SAT_10125,20.74876024979244,195.46177640508247,99.03163008362151,169.6191920477763,-64.24093979356775,29.86611584295197,35.0,0.12151770035196761,12.36634588839146
9.853306039000028,105.74208323299985,SAT_10125,20.779789879576512,195.63631807261788,99.03491412375804,169.61019220382093,-64.20991016378368,29.87832321227494,35.0,0.12137983963780502,12.356661332599874
9.853306039000028,105.84208323299984,SAT_10125,20.799994359456548,195.7499682719431,99.03704416635134,169.60432679272176,-64.18970568390364,29.886265432125878,35.0,0.12129009076173154,12.350354232546021
9.853306039000028,105.94208323299983,SAT_10125,20.80935291366299,195.80261013935433,99.03802857433938,169.60160856396075,-64.1803471296972,29.8899424864172,35.0,0.12124852436501998,12.347432527788621
9.853306039000028,106.04208323299983,SAT_10125,20.807855893258093,195.7941893995768,99.03787119953077,169.60204343970986,-64.1818441501021,29.889354367700854,35.0,0.12125517324720758,12.34789990484589
9.853306039000028,106.14208323299982,SAT_10125,20.795504842811113,195.72471474081252,99.0365714267048,169.60563047192937,-64.19419520054907,29.884501077168085,35.0,0.12131003215822073,12.351755773629556
9.853306039000028,106.24208323299982,SAT_10125,20.772312489714437,195.5942577546437,99.03412416657463,169.61236184924329,-64.21738755364575,29.87538262464952,35.0,0.12141305783167444,12.358995271220302
9.853306039000028,106.34208323299981,SAT_10125,20.738302656300434,195.40295244168993,99.03051979747504,169.62222295348315,-64.25139738705975,29.86199902861539,35.0,0.12156416925892241,12.369609292933067
9.853306039000028,106.4420832329998,SAT_10125,20.693510096039816,195.15099429022396,99.02574405462133,169.6351924650474,-64.29618994732037,29.844350316176023,35.0,0.12176324820037412,12.383584550248623
9.853306039000028,106.5420832329998,SAT_10125,20.637980256204415,194.83863894114984,99.01977786473368,169.65124251548468,-64.35171978715577,29.822436523082562,35.0,0.12201013992761763,12.400903654826035
9.853306039000028,106.6420832329998,SAT_10125,20.5717689704055,194.46620045853095,99.01259712269282,169.67033888502806,-64.41793107295469,29.79625769372792,35.0,0.12230465418705182,12.421545227467496
9.953306039000028,105.14208323299988,SAT_10125,20.505597246336848,194.09398451064476,99.00534628221729,169.68937942248402,-64.48410279702334,29.770040490202295,35.0,0.12259913496035348,12.442164729781258
9.953306039000028,105.24208323299987,SAT_10125,20.590231148569316,194.57005021070242,99.01460523204786,169.66501858027829,-64.39946889479087,29.803562769564472,35.0,0.12222251825133383,12.415790565825729
9.953306039000028,105.34208323299987,SAT_10125,20.66428366903635,194.98659563832948,99.02260791182522,169.64364383110365,-64.32541637432384,29.832821418745308,35.0,0.12189317950181763,12.392700782463683
9.953306039000028,105.44208323299986,SAT_10125,20.727681351891206,195.34320760438806,99.02938726133469,169.62530016348467,-64.26201869146898,29.857816378459756,35.0,0.12161136930678973,12.372923537137288
9.953306039000028,105.54208323299986,SAT_10125,20.78036052512185,195.63952795381041,99.03497074754306,169.6100266013504,-64.20933951823834,29.87854759806507,35.0,0.12137730462914245,12.35648321032386
9.953306039000028,105.64208323299985,SAT_10125,20.822267723615298,195.87525594533605,99.03938069253778,169.59785593252462,-64.16743231974489,29.895015035559478,35.0,0.12119116746873673,12.343400255311005
9.953306039000028,105.74208323299985,SAT_10125,20.853360049397992,196.0501502778637,99.04263453617382,169.58881447730187,-64.1363399939622,29.90721865758107,35.0,0.12105310373304108,12.333691070508362
9.953306039000028,105.84208323299984,SAT_10125,20.873605463974968,196.1640307348592,99.04474503885213,169.5829219004916,-64.11609457938522,29.915158439406916,35.0,0.12096322232322304,12.327367895977302
9.953306039000028,105.94208323299983,SAT_10125,20.88298300858142,196.21677942327048,99.04572042853691,169.580191069722,-64.10671703477877,29.91883436495243,35.0,0.12092159444709256,12.324438735562122
9.953306039000028,106.04208323299983,SAT_10125,20.88148294915132,196.20834158897617,99.04556449494564,169.5806279621355,-64.10821709420887,29.91824642677094,35.0,0.1209282531675667,12.324907305676723
9.953306039000028,106.14208323299982,SAT_10125,20.86910684388691,196.13872599686388,99.04427663277178,169.5842316208888,-64.12059319947328,29.913394626053478,35.0,0.12098319319239977,12.328773011445554
9.953306039000028,106.24208323299982,SAT_10125,20.845867532431114,196.00800486992503,99.04185183478779,169.590994162124,-64.14383251092907,29.90427897262883,35.0,0.12108637090786666,12.336030950526041
9.953306039000028,106.34208323299981,SAT_10125,20.811789046807547,195.81631338829246,99.03828063469388,169.60090083230045,-64.17791099655264,29.890899484963796,35.0,0.12123770465596798,12.346671944560015
9.953306039000028,106.4420832329998,SAT_10125,20.766906445430152,195.5638487555446,99.03354899858911,169.61393011501886,-64.22279359793004,29.87325619016365,35.0,0.12143707525161761,12.360682597823219
9.953306039000028,106.5420832329998,SAT_10125,20.71126557260962,195.25086884592912,99.0276381629172,169.630053885716,-64.27843447075057,29.85134912397289,35.0,0.12168432673324579,12.378045382274225
9.953306039000028,106.6420832329998,SAT_10125,20.644922747030193,194.87769045204485,99.02052441564084,169.64923761191383,-64.34477729633,29.825178330776154,35.0,0.12197926733737287,12.398738747854944
10.053306039000027,105.04208323299989,SAT_10125,20.472232410523304,193.90630730919358,99.00166242727808,169.6989631648739,-64.51746763283688,29.756800918638394,35.0,0.12274767067253474,12.452557715928831
10.053306039000027,105.14208323299988,SAT_10125,20.567517930326034,194.44228835808394,99.01213103426106,169.67156343107223,-64.42218211303415,29.79457505565536,35.0,0.12232356810696486,12.422870169510315
10.053306039000027,105.24208323299987,SAT_10125,20.652289271517702,194.91912715228707,99.02131565880077,169.64710971651724,-64.33741077184249,29.828086951131265,35.0,0.12194651083302485,12.396441495623495
10.053306039000027,105.34208323299987,SAT_10125,20.72646308338099,195.33635484401808,99.02925456440869,169.62565304722835,-64.2632369599792,29.857336537149607,35.0,0.12161678341113845,12.373303666489315
10.053306039000027,105.44208323299986,SAT_10125,20.78996538078117,195.69355526689407,99.03598022789313,169.60723875287493,-64.19973466257902,29.882323754436158,35.0,0.12133463808691684,12.353485026053322
10.053306039000027,105.54208323299986,SAT_10125,20.842732029393858,195.99036766534044,99.04151973240698,169.5919061556091,-64.14696801396633,29.903048552357426,35.0,0.12110029326064228,12.337010117454009
10.053306039000027,105.64208323299985,SAT_10125,20.884709173391215,196.22648910032558,99.04589508962772,169.57968829546772,-64.10499086996897,29.919510888919294,35.0,0.12091393214385865,12.32389953127669
10.053306039000027,105.74208323299985,SAT_10125,20.915853599657353,196.40167649807262,99.04912349784048,169.5706116962897,-64.07384644370283,29.931710730765943,35.0,0.12077570161932656,12.314169776559762
10.053306039000027,105.84208323299984,SAT_10125,20.93613303337652,196.51574831274294,99.05121754122298,169.56469617558594,-64.05356700998367,29.939648053178956,35.0,0.12068571131840189,12.30783317625829
10.053306039000027,105.94208323299983,SAT_10125,20.94552636074745,196.56858577920443,99.05218533434746,169.56195470119386,-64.04417368261274,29.94332284007668,35.0,0.12064403292738957,12.304897788568162
10.053306039000027,106.04208323299983,SAT_10125,20.94402377558208,196.5601337376492,99.05203061476706,169.56239329688054,-64.0456762677781,29.942735084013798,35.0,0.12065069973165954,12.30536735517971
10.053306039000027,106.14208323299982,SAT_10125,20.931626847632216,196.49040101793122,99.05075278550444,169.56601099833597,-64.05807319572797,29.937884786181126,35.0,0.1207057064033471,12.309241277169786
10.053306039000027,106.24208323299982,SAT_10125,20.90834851164314,196.3594603779927,99.04834690827194,169.57279986022328,-64.08135153171705,29.92877195640566,35.0,0.12080900903536139,12.316514618864051
10.053306039000027,106.34208323299981,SAT_10125,20.87421297728899,196.16744799725058,99.04480364729115,169.58274501418435,-64.1154870660712,29.91539661315083,35.0,0.12096052542126563,12.327178139616407
10.053306039000027,106.4420832329998,SAT_10125,20.829255561322157,195.91456253243712,99.04010916261416,169.59582477690927,-64.16044448203803,29.897758783516966,35.0,0.12116013557744074,12.341218353068287
10.053306039000027,106.5420832329998,SAT_10125,20.773522444393535,195.60106374971363,99.03424495084676,169.61201080663,-64.21617759896665,29.875858503242036,35.0,0.12140768250087675,12.358617613077802
10.053306039000027,106.6420832329998,SAT_10125,20.70707035607333,195.2272707529125,99.02718763010073,169.63126830568194,-64.28262968728686,29.849695816702585,35.0,0.12170297315301976,12.379354225154486
10.153306039000027,104.64208323299991,SAT_10082,20.590619089163397,194.57223237654412,99.01473055726096,169.6671356595412,-64.39908095419679,29.804902369607802,35.0,0.12220612094687325,12.414641543316518
10.153306039000027,104.8420832329999,SAT_10082,20.367787068426566,193.31880225989943,98.99009707986413,169.731111070684,-64.62191297493362,29.716429480287164,35.0,0.12319795473948875,12.484033429797307
10.153306039000027,104.94208323299989,SAT_10125,20.417168757951387,193.59657426347655,98.9955420895681,169.71475511848848,-64.5725312854088,29.734921075517693,35.0,0.12299288521214306,12.46970435722586
10.153306039000027,105.04208323299989,SAT_10125,20.52300898073183,194.19192551661655,99.00725953969595,169.68437359278968,-64.46669106262836,29.776944238970543,35.0,0.12252163459940661,12.436740074209814
10.153306039000027,105.14208323299988,SAT_10125,20.6184154689915,194.7285870130772,99.01765811027047,169.65688994153922,-64.37128457436869,29.814706569624477,35.0,0.122097151128477,12.407004051325469
10.153306039000027,105.24208323299987,SAT_10125,20.70329551662931,195.20603728103987,99.02678179686765,169.63236088253603,-64.28640452673088,29.848207990932632,35.0,0.12171975162244965,12.380531883505023
10.153306039000027,105.34208323299987,SAT_10125,20.77756529249737,195.62380477029774,99.03466841358359,169.61083775158454,-64.21213475086282,29.87744843499065,35.0,0.12138972214032083,12.357355712128605
10.153306039000027,105.44208323299986,SAT_10125,20.84115038121213,195.98147089431822,99.04135005836382,169.59236615604712,-64.14854966214806,29.902427842534916,35.0,0.12110731626497816,12.337504032370882
10.153306039000027,105.54208323299986,SAT_10125,20.893986272611286,196.27867278343848,99.04685350024961,169.57698566085102,-64.0957137707489,29.92314616294098,35.0,0.12087275356127952,12.321001519277583
10.153306039000027,105.64208323299985,SAT_10125,20.936018793212725,196.51510571182158,99.0512004968607,169.5647295113662,-64.05368125014746,29.939603354222243,35.0,0.12068621822251686,12.307868874780981
10.153306039000027,105.74208323299985,SAT_10125,20.967204473671913,196.6905251644045,99.05440804875467,169.55562439715206,-64.02249556968827,29.951799383028842,35.0,0.1205478579216938,12.29812269764336
10.153306039000027,105.84208323299984,SAT_10125,20.98751084702259,196.80474851450208,99.05648859586177,169.54969026005003,-64.0021891963376,29.95973422464678,35.0,0.12045778288182636,12.291775378052524
10.153306039000027,105.94208323299983,SAT_10125,20.996916673401515,196.85765628788351,99.05745015993422,169.54694014949024,-63.99278336995867,29.963407862997276,35.0,0.12041606517694392,12.288835018288761
10.153306039000027,106.04208323299983,SAT_10125,20.995412087974692,196.84919299485765,99.05729643582376,169.54738012720472,-63.994287955385495,29.962820290636344,35.0,0.120422738272672,12.28930538054445
10.153306039000027,106.14208323299982,SAT_10125,20.98299866988647,196.7793675181114,99.05602683337132,169.5510092228027,-64.00670137347372,29.957971508754593,35.0,0.12047779681228336,12.293185862613345
10.153306039000027,106.24208323299982,SAT_10125,20.959689431211515,196.64825305056476,99.05363647072271,169.55781944088952,-64.03001061214867,29.948861527177257,35.0,0.12058119665097092,12.300471501785438
10.153306039000027,106.34208323299981,SAT_10125,20.9255087260741,196.45598658416682,99.05011611894051,169.56779581961922,-64.06419131728609,29.935490364364462,35.0,0.12073285513790105,12.31115300689342
10.153306039000027,106.4420832329998,SAT_10125,20.880492081277424,196.2027679571855,99.0454520968352,169.58091653978343,-64.10920796208276,29.917858047411702,35.0,0.12093265164242002,12.32521681806861
10.153306039000027,106.5420832329998,SAT_10125,20.82468595093161,195.88885847399033,99.03962611395453,169.59715308277467,-64.16501409242858,29.89596461205056,35.0,0.12118042831768497,12.342645193386794
10.153306039000027,106.6420832329998,SAT_10125,20.758147398654245,195.51457911743015,99.03261505861838,169.616470435037,-64.23155264470594,29.869810102649637,35.0,0.12147599109204332,12.363416321226536
10.153306039000027,106.74208323299979,SAT_10125,20.680943711906423,195.08030837947362,99.02439072672816,169.63882733596083,-64.30875633145376,29.839394572215724,35.0,0.12181911087575764,12.3875044568329
10.253306039000027,103.94208323299995,SAT_10082,21.052424832891035,197.16988968501207,99.06317234413187,169.53294039232634,-63.93727521046915,29.98630119468262,35.0,0.12015577774395306,12.270480235081484
10.253306039000027,104.04208323299994,SAT_10082,21.02101247416003,196.9931951671502,99.05998289519644,169.54213796951137,-63.968687569200156,29.974046550596793,35.0,0.1202950191698251,12.28030113111575
10.253306039000027,104.64208323299991,SAT_10082,20.606050712414543,194.6590352573318,99.01640342021844,169.6626866162693,-64.38364933094564,29.81100668532597,35.0,0.12213749375328525,12.409831906249025
10.253306039000027,104.7420832329999,SAT_10082,20.499794487500992,194.06134399219306,99.00479272445203,169.69327209949014,-64.4899055558592,29.768915221715883,35.0,0.12261019097585174,12.442938487109089
10.253306039000027,104.8420832329999,SAT_10082,20.383182396532376,193.40540098049462,98.99182757318728,169.72670715134942,-64.60651764682781,29.722561627494837,35.0,0.12312937807949971,12.47924274489374
10.253306039000027,104.94208323299989,SAT_10125,20.45680537724347,193.81953024699453,98.99995289297203,169.70339063725254,-64.53289466611672,29.75067465775205,35.0,0.12281636189511415,12.457362324721116
10.253306039000027,105.04208323299989,SAT_10125,20.562742451249676,194.41542628827943,99.0116076141063,169.67293882741134,-64.42695759211051,29.792684569439515,35.0,0.12234481608554153,12.424358518053134
10.253306039000027,105.14208323299988,SAT_10125,20.658237283039114,194.95258471709502,99.02195103448769,169.6453911699658,-64.33146276032107,29.83043499199092,35.0,0.12192006328292207,12.394586519063294
10.253306039000027,105.24208323299987,SAT_10125,20.743196765081137,195.43048180358142,99.03102673495712,169.62080464177848,-64.24650327827905,29.863925848872803,35.0,0.12154242156233437,12.368082063811043
10.253306039000027,105.34208323299987,SAT_10125,20.817536699541918,195.8486439349233,99.03887217593734,169.59923081555246,-64.17216334381827,29.893157072192714,35.0,0.12121217812169334,12.344877422336818
10.253306039000027,105.44208323299986,SAT_10125,20.881182342625266,196.20665067726713,99.04551915720833,169.58071551102418,-64.10851770073492,29.918128602697415,35.0,0.12092958756024082,12.325001204847906
10.253306039000027,105.54208323299986,SAT_10125,20.934068897269384,196.50413754714026,99.0509942005954,169.56529847880142,-64.0556311460908,29.938840389771322,35.0,0.12069487032795058,12.308478186732742
10.253306039000027,105.64208323299985,SAT_10125,20.97614194749353,196.74079845465113,99.05531886376028,169.55301312130632,-64.01355809586666,29.955292391435187,35.0,0.12050821136428867,12.295329154631238
10.253306039000027,105.74208323299985,SAT_10125,21.00735782833717,196.9163877843966,99.0585099916337,169.54388625485817,-63.98234221502302,29.96748457434498,35.0,0.12036975894288943,12.285570775566944
10.253306039000027,105.84208323299984,SAT_10125,21.027683926133022,197.03072208449825,99.06057991060997,169.53793791640186,-63.962016117227165,29.975416913791037,35.0,0.12027962373647078,12.27921549087987
10.253306039000027,105.94208323299983,SAT_10125,21.03709890477029,197.08368133933288,99.06153656938248,169.53518121778185,-63.9526011385899,29.97908939369739,35.0,0.12023787811376158,12.276271436391673
10.253306039000027,106.04208323299983,SAT_10125,21.035592854639106,197.07520980734498,99.06138362919236,169.53562224977122,-63.95410718872108,29.978502006621348,35.0,0.12024455567739582,12.276742389893803
10.253306039000027,106.14208323299982,SAT_10125,21.023167362054586,197.00531641155706,99.06012050524728,169.53926003732815,-63.9665326813056,29.97365475375332,35.0,0.12029965104870842,12.28062774668207
10.253306039000027,106.24208323299982,SAT_10125,20.99983549813271,196.87407467699649,99.05774236011217,169.54608654676582,-63.989864545227476,29.964547644916816,35.0,0.12040311990220938,12.287922523476263
10.253306039000027,106.34208323299981,SAT_10125,20.965621727283747,196.6816222159711,99.05424004894415,169.55608674472532,-64.02407831607644,29.951180698568734,35.0,0.12055487924929108,12.29861739067056
10.253306039000027,106.4420832329998,SAT_10125,20.920561736676532,196.4281597688055,99.0496000155105,169.56923870804732,-64.06913830668366,29.933553941799826,35.0,0.12075480796751115,12.312698732468656
10.253306039000027,106.5420832329998,SAT_10125,20.864702189188804,196.113949814187,99.04380413695964,169.5855137828613,-64.12499785417138,29.911667410335415,35.0,0.12100274756866711,12.330148734076813
10.253306039000027,106.6420832329998,SAT_10125,20.798100403448274,195.73931476939654,99.03682951427909,169.6048767904852,-64.19159963991191,29.88552114853634,35.0,0.12129850319590695,12.350945494767142
10.253306039000027,106.74208323299979,SAT_10125,20.72082396556783,195.30463480631906,99.0286482042335,169.6272862770639,-64.26887607779236,29.855115209400104,35.0,0.12164184483737185,12.375063165291202
10.353306039000026,103.94208323299995,SAT_10082,21.056646191327758,197.19363482621864,99.06359332585954,169.53170359459142,-63.93305385203243,29.987947096419333,35.0,0.12013706826979341,12.26916028559055
10.353306039000026,104.04208323299994,SAT_10082,21.02523954329468,197.0169724310326,99.06040677508715,169.54090087316715,-63.964460500065506,29.975696341531382,35.0,0.12027627993280536,12.278979688496928
10.353306039000026,104.54208323299991,SAT_10082,20.706134197287497,195.22200485974216,99.02716421024523,169.63377307633402,-64.28356584607269,29.8505254616347,35.0,0.12169259320437135,12.378625638168993
10.353306039000026,104.64208323299991,SAT_10082,20.610353492251008,194.68323839391192,99.01686781912396,169.6614456640857,-64.37934655110918,29.8127082198012,35.0,0.12211835990296105,12.408490746921709
10.353306039000026,104.7420832329999,SAT_10082,20.50411673549307,194.08565663714853,99.0052682074522,169.69203018591017,-64.48558330786712,29.770630114757953,35.0,0.12259095564570775,12.441592281069193
10.353306039000026,104.8420832329999,SAT_10082,20.387526048438218,193.429834022465,98.99231557671429,169.72546419451962,-64.60217399492197,29.72429123182723,35.0,0.12311003117384914,12.477891001055733
10.353306039000026,104.94208323299989,SAT_10125,20.4853942517248,193.980342665952,99.00311672343778,169.6951838903553,-64.50430579163539,29.762025331947175,35.0,0.12268907164392692,12.448458161583318
10.353306039000026,105.04208323299989,SAT_10125,20.591391813883092,194.5765789530924,99.01472520256938,169.6646839920944,-64.3983082294771,29.804021878676945,35.0,0.12221735496640006,12.415428761093231
10.353306039000026,105.14208323299988,SAT_10125,20.686941897432135,195.11404817305578,99.02502796910304,169.6370925404609,-64.30275814592805,29.84176029141188,35.0,0.12179244586200914,12.385633451017002
10.353306039000026,105.24208323299987,SAT_10125,20.771951120600207,195.59222505337615,99.03406829769013,169.61246668989997,-64.21774892275998,29.875240493631654,35.0,0.12141466325532191,12.359108063236336
10.353306039000026,105.34208323299987,SAT_10125,20.84633503502863,196.01063457203605,99.0418833876557,169.59085817551284,-64.14336500833156,29.904462417455466,35.0,0.12108429511699019,12.335884955157196
10.353306039000026,105.44208323299986,SAT_10125,20.910018672530484,196.368855032984,99.04850481867007,169.5723129626291,-64.0796813708297,29.929426003640234,35.0,0.12080159673580908,12.315992815105021
10.353306039000026,105.54208323299986,SAT_10125,20.96293704000466,196.66652085002622,99.05395893006789,169.55687092915684,-64.02676300335553,29.950131201579048,35.0,0.12056678916224883,12.29945648661548
10.353306039000026,105.64208323299985,SAT_10125,21.00503555576192,196.9033250011608,99.05826713191068,169.54456558519536,-63.984664487598266,29.96657796929986,35.0,0.1203800578419975,12.28629681386077
10.353306039000026,105.74208323299985,SAT_10125,21.036270421164815,197.07902111905207,99.06144615425617,169.53542383397465,-63.95342962219537,29.978766273464352,35.0,0.12024155145616468,12.276530510228904
10.353306039000026,105.84208323299984,SAT_10125,21.056608922292327,197.19342518789435,99.0635082396963,169.52946577764752,-63.93309112106786,29.986696089367094,35.0,0.12015138098254823,12.270170051804884
10.353306039000026,105.94208323299983,SAT_10125,21.06602965725812,197.24641682207692,99.06446128299993,169.52670457085327,-63.92367038610207,29.990367400934865,35.0,0.12010961898980103,12.267223597193869
10.353306039000026,106.04208323299983,SAT_10125,21.06452268585165,197.23794010791556,99.06430892060045,169.52714632427788,-63.92517735750854,29.989780200726262,35.0,0.1201162991735031,12.267694934783412
10.353306039000026,106.14208323299982,SAT_10125,21.052089599288315,197.16800399599677,99.06305057166666,169.53079005969073,-63.93761044407187,29.984934489931476,35.0,0.12017141614010685,12.271583458172511
10.353306039000026,106.24208323299982,SAT_10125,21.0287435090343,197.03668223831792,99.06068143154891,169.53762771714855,-63.96095653432589,29.975830278372346,35.0,0.12027492544154754,12.278884170108133
10.353306039000026,106.34208323299981,SAT_10125,20.99450895486833,196.84411287113437,99.05719241747464,169.54764421425972,-63.99519108849186,29.962467584502605,35.0,0.12042674386007134,12.289587714874672
10.353306039000026,106.4420832329998,SAT_10125,20.949421733550764,196.59049725122307,99.05257006544389,169.56081755659068,-64.04027830980942,29.94484643540836,35.0,0.12062674993960326,12.30368043868749
10.353306039000026,106.5420832329998,SAT_10125,20.893528650622756,196.276098659753,99.04679637631754,169.57711899753042,-64.09617139273743,29.92296686680881,35.0,0.12087478475683273,12.321144477258983
10.353306039000026,106.6420832329998,SAT_10125,20.8268871989668,195.90124049418827,99.03984860806638,169.59651324518603,-64.16281284439339,29.896828923057196,35.0,0.1211706529222073,12.341957869342352
10.353306039000026,106.74208323299979,SAT_10125,20.749565168762572,195.46630407428947,99.03169901002208,169.61895871321704,-64.24013487459762,29.866432657141935,35.0,0.12151412379826122,12.366094694724246
10.353306039000026,106.84208323299978,SAT_10125,20.661640194364253,194.9717260932989,99.02231449370107,169.6444078119248,-64.32805984899593,29.831778130688033,35.0,0.12190493292022321,12.393525234838949
10.453306039000026,104.54208323299991,SAT_10082,20.69925241994501,195.1832948621907,99.02642670148892,169.63576444838117,-64.29044762341518,29.847812103718674,35.0,0.12172317423952395,12.380772104513154
10.453306039000026,104.64208323299991,SAT_10082,20.60352293649042,194.64481651775864,99.01612604467738,169.66341555707078,-64.38617710686977,29.810006969641677,35.0,0.12214873469472572,12.410619784745945
10.453306039000026,104.7420832329999,SAT_10082,20.497342667387215,194.04755250405307,99.00452159679341,169.69397649818973,-64.49235737597297,29.76794233657785,35.0,0.12262110259648193,12.44370211176461
10.453306039000026,104.8420832329999,SAT_10125,20.386537132860852,193.42427137234228,98.99211707241791,169.72352687593684,-64.60316291049934,29.722733324643528,35.0,0.12312933907990299,12.479240020126124
10.453306039000026,104.94208323299989,SAT_10125,20.502905991861724,194.0788462042222,99.00504720666109,169.69015287774943,-64.48679405149846,29.76897307548193,35.0,0.12261111472349398,12.443003134507478
10.453306039000026,105.04208323299989,SAT_10125,20.608927317869586,194.67521616301644,99.01662560761514,169.65962731974597,-64.3807727254906,29.810956144089793,35.0,0.12213935263209853,12.409962197202331
10.453306039000026,105.14208323299988,SAT_10125,20.70449923067514,195.21280817254768,99.02690193412013,169.63201249937168,-64.28520081268505,29.84868244531958,35.0,0.12171440128335877,12.38015635734958
10.453306039000026,105.24208323299987,SAT_10125,20.789528203299795,195.69109614356134,99.03591926045637,169.60736566593852,-64.20017184006039,29.882151902663814,35.0,0.12133658004387513,12.353621496741823
10.453306039000026,105.34208323299987,SAT_10125,20.863929654723336,196.10960430781876,99.04371461512821,169.58573864130625,-64.12577038863685,29.911364448253085,35.0,0.12100617728629301,12.330390018297388
10.453306039000026,105.44208323299986,SAT_10125,20.927628497925838,196.46791030083284,99.0503194338339,169.56717746858868,-64.06207154543435,29.93632002285425,35.0,0.12072344865805254,12.310490651041869
10.453306039000026,105.54208323299986,SAT_10125,20.980559635981706,196.7656479523971,99.05575993656694,169.5517220937054,-64.00914040737848,29.957018575868894,35.0,0.12048861552189588,12.293948274020083
10.453306039000026,105.64208323299985,SAT_10125,21.022668399434636,197.00250974681984,99.06005743688178,169.53940608428567,-63.96703164392555,29.973460065332,35.0,0.12030186358672175,12.28078376138516
10.453306039000026,105.74208323299985,SAT_10125,21.053910918842135,197.17824891848701,99.06322858973856,169.5302563899952,-63.93578912451805,29.985644457910844,35.0,0.12016334174548425,12.271013850688204
10.453306039000026,105.84208323299984,SAT_10125,21.07425442717959,197.2926811528852,99.06528558295051,169.52429314782728,-63.9154456161806,29.993571728904136,35.0,0.12007316113457797,12.264651036122869
10.453306039000026,105.94208323299983,SAT_10125,21.083677487719093,197.34568586841988,99.06623627604071,169.52152953528656,-63.906022555641094,29.997241862241353,35.0,0.12003139442658112,12.261703488169305
10.453306039000026,106.04208323299983,SAT_10125,21.08217014404022,197.33720706022623,99.06608428922881,169.52197167369894,-63.90752989931997,29.996654850482336,35.0,0.12003807536538788,12.262175000737983
10.453306039000026,106.14208323299982,SAT_10125,21.06973398995445,197.2672536934938,99.06482904427246,169.5256185831296,-63.91996605340574,29.99181069481708,35.0,0.12009319854971463,12.266064966543485
10.453306039000026,106.24208323299982,SAT_10125,21.046382158301704,197.1358996404471,99.06246575795011,169.5324621896066,-63.943317885058484,29.982709405065773,35.0,0.1201967194677809,12.273368381049872
10.453306039000026,106.34208323299981,SAT_10125,21.012139228783994,196.94328316190996,99.05898538805984,169.54248738453956,-63.977560814576194,29.969350999679055,35.0,0.12034855478271554,12.284075874932972
10.453306039000026,106.4420832329998,SAT_10125,20.967041056210505,196.68960594118408,99.05437453089296,169.55567213541374,-64.02265898714968,29.951735505738494,35.0,0.1205485828650002,12.298173774609433
10.453306039000026,106.5420832329998,SAT_10125,20.91113452168625,196.37513168448515,99.0486152681896,169.57198764606798,-64.07856552167394,29.929862958957305,35.0,0.12079664456510768,12.31564418999815
10.453306039000026,106.6420832329998,SAT_10125,20.844477210386003,196.0001843084213,99.0416849605675,169.59139856412318,-64.14522283297418,29.90373340368128,35.0,0.12109254421649755,12.336465128315796
10.453306039000026,106.74208323299979,SAT_10125,20.76713702056368,195.56514574067072,99.03355598329583,169.61386323245733,-64.2225630227965,29.87334689288995,35.0,0.12143605085635995,12.360610632372753
10.453306039000026,106.84208323299978,SAT_10082,20.6852477041667,195.10451833593768,99.02492919846097,169.63981548559775,-64.30445233919349,29.842288491441888,35.0,0.12178541276698603,12.385139932270636
10.453306039000026,106.94208323299978,SAT_10082,20.757294969470408,195.50978420327104,99.03259907024464,169.61895358568592,-64.23240507388978,29.87067881051549,35.0,0.12146529523705493,12.362665003482292
10.453306039000026,107.14208323299977,SAT_10082,20.869345649816708,196.140069280219,99.04436189154427,169.58640283548604,-64.12035439354348,29.914704496453993,35.0,0.12096777579952853,12.327688278711905
10.453306039000026,107.24208323299976,SAT_10082,20.90923529193995,196.36444851716223,99.04850158717132,169.57478377866806,-64.08046475142024,29.930339773972534,35.0,0.12079076095680014,12.315229985767914
10.553306039000026,104.94208323299989,SAT_10125,20.50932252092663,194.11493918021233,99.00575276128151,169.6883086733095,-64.48037752243356,29.771517874510216,35.0,0.1225825527806326,12.441004170853622
10.553306039000026,105.04208323299989,SAT_10125,20.615330677786318,194.71123506254804,99.01731704268559,169.65778001931164,-64.37436936557387,29.813487351859724,35.0,0.12211087137475563,12.407965826747196
10.553306039000026,105.14208323299988,SAT_10125,20.710890806347365,195.24876078570392,99.02758096364282,169.6301623793478,-64.27880923701282,29.851201439920622,35.0,0.12168599242806286,12.378162305157577
10.553306039000026,105.24208323299987,SAT_10125,20.79590936450154,195.72699017532116,99.03658750213008,169.6055130141808,-64.19379067885865,29.884660062198012,35.0,0.12130823533897368,12.351629491536888
10.553306039000026,105.34208323299987,SAT_10125,20.87030175739136,196.1454473853264,99.04437360463216,169.58388375614385,-64.11939828596883,29.91386315083361,35.0,0.12097788850885052,12.328399792149737
10.553306039000026,105.44208323299986,SAT_10125,20.933992885592303,196.5037099814567,99.05097063778192,169.56532065773956,-64.05570715776788,29.938810646604,35.0,0.12069520761058933,12.308501939021728
10.553306039000026,105.54208323299986,SAT_10125,20.986917641331544,196.80141173248995,99.05640476436946,169.5498636730979,-64.00278240202864,29.95950249891907,35.0,0.12046041402897817,12.291960813820836
10.553306039000026,105.64208323299985,SAT_10125,21.029021345976894,197.03824507112003,99.06069725172347,169.5375463767934,-63.960678697383294,29.975938665820685,35.0,0.12027369349141728,12.278797292919169
10.553306039000026,105.74208323299985,SAT_10125,21.060260122680425,197.2139631900774,99.06386471885432,169.5283957240966,-63.92943992067976,29.98811911398159,35.0,0.12013519490570017,12.269028115659035
10.553306039000026,105.84208323299984,SAT_10125,21.080601198860208,197.32838174358866,99.0659193273643,169.5224318562071,-63.90909884449998,29.99604381870454,35.0,0.12004502941930209,12.262665777578107
10.553306039000026,105.94208323299983,SAT_10125,21.09002313414136,197.38138012954516,99.06686891991738,169.51966795338978,-63.899676909218826,29.999712763921654,35.0,0.12000326971204932,12.25971845003864
10.553306039000026,106.04208323299983,SAT_10125,21.088515970406753,197.372902333538,99.06671710897922,169.5201101382546,-63.901184072953434,29.999125942193984,35.0,0.12000994953120214,12.260189927361607
10.553306039000026,106.14208323299982,SAT_10125,21.076081301739357,197.3029573222839,99.06546331754544,169.52375743066142,-63.91361874162083,29.994283354711335,35.0,0.12006506347493807,12.264079602195814
10.553306039000026,106.24208323299982,SAT_10125,21.052732263216832,197.1716189805947,99.06310277264264,169.53060175494448,-63.936967780143355,29.985185011292288,35.0,0.12016856702703656,12.271382469464122
10.553306039000026,106.34208323299981,SAT_10125,21.01849343871956,196.9790255927975,99.05962645147656,169.5406279993511,-63.97120660464063,29.971830930384453,35.0,0.12032037684231553,12.282089158831663
10.553306039000026,106.4420832329998,SAT_10125,20.9734006891308,196.72537887636074,99.05502097919039,169.55381412676914,-64.01629935422939,29.95422113906496,35.0,0.12052037127913093,12.296185995246075
10.553306039000026,106.5420832329998,SAT_10125,20.917500903458176,196.41094258195224,99.0492684762476,169.57013133505612,-64.07219913990201,29.932355673041158,35.0,0.12076839117209562,12.313655086714952
10.553306039000026,106.6420832329998,SAT_10125,20.850851676523405,196.03604068044416,99.04234635244164,169.58954426453118,-64.13884836683678,29.90623457665158,35.0,0.12106424083517774,12.334474438122003
10.553306039000026,106.74208323299979,SAT_10125,20.773520917869092,195.60105516301363,99.03422704341965,169.61201124952794,-64.2161791254911,29.875857902867057,35.0,0.12140768928256697,12.358618089547644
10.553306039000026,106.84208323299978,SAT_10082,20.732015716068048,195.36758840288277,99.02991442888916,169.62627944439288,-64.25768432729214,29.860724814398303,35.0,0.12157759559802028,12.370552101699543
10.553306039000026,106.94208323299978,SAT_10082,20.804145835576236,195.77332032511632,99.0375377838761,169.60535905065137,-64.18555420778395,29.889105906663296,35.0,0.121257220931252,12.348043842864628
10.553306039000026,107.04208323299977,SAT_10082,20.86560363382148,196.1190204402458,99.04396773635806,169.58749197078936,-64.12409640953871,29.913236746310236,35.0,0.12098438413141896,12.32885680092817
10.553306039000026,107.14208323299977,SAT_10082,20.916326737902295,196.4043379007004,99.0492298657245,169.57271646804833,-64.07337330545789,29.93311728435965,35.0,0.12075929738869179,12.313014824380527
10.553306039000026,107.24208323299976,SAT_10082,20.956263142850503,196.62898017853408,99.05334483937447,169.56106446394276,-64.03343690050968,29.94874748046105,35.0,0.12058213744548797,12.30053777958249
10.553306039000026,107.34208323299976,SAT_10082,20.985371564488858,196.79271505024985,99.05632865289014,169.55256131132674,-64.00432847887133,29.960127302891905,35.0,0.12045304449452215,12.291441425941969
10.553306039000026,107.44208323299975,SAT_10082,21.003621722625986,196.89537218977117,99.05819281385895,169.54722561212006,-63.9860783207342,29.967256728556773,35.0,0.12037212129681023,12.285737315874108
10.553306039000026,107.54208323299974,SAT_10082,21.01099455049929,196.9368443465585,99.05894447300356,169.54506908242416,-63.9787054928609,29.97013574298673,35.0,0.12033943253071056,12.283432720892753
10.553306039000026,108.94208323299966,SAT_10125,20.666859785530647,195.0010862936099,99.02287036195997,169.6428992487531,-64.32284025782954,29.833838039691145,35.0,0.12188172579143536,12.391897322976146
10.553306039000026,116.94208323299921,SAT_10125,20.991194284258512,196.82546784895413,99.05684200026121,169.54861339184407,-63.998505759101675,29.961172998364844,35.0,0.12044144536310483,12.290623920259343
10.653306039000025,105.04208323299989,SAT_10125,20.610595202034943,194.68459801144655,99.01680273068834,169.65914619323377,-64.37910484132524,29.811615496942697,35.0,0.12213193398570667,12.409442211048464
10.653306039000025,105.14208323299988,SAT_10125,20.706109883742798,195.22186809605324,99.02706820183245,169.6315463153576,-64.28359015961739,29.849317270195606,35.0,0.12170724223212086,12.37965387222326
10.653306039000025,105.24208323299987,SAT_10125,20.791087819330954,195.69986898373662,99.03607609879639,169.60691289886887,-64.19861222402923,29.882764967236685,35.0,0.12132965220632048,12.353134640190731
10.653306039000025,105.34208323299987,SAT_10125,20.8654445191367,196.11812542014394,99.04386337416605,169.58529771014463,-64.12425552422349,29.91195852021855,35.0,0.12099945196463821,12.329916882332766
10.653306039000025,105.44208323299986,SAT_10125,20.92910497794398,196.47621550093487,99.0504613998479,169.5667467425535,-64.06059506541621,29.936897869927286,35.0,0.12071689687181449,12.31002929591819
10.653306039000025,105.54208323299986,SAT_10125,20.98200417027411,196.77377345779186,99.05589634310067,169.5512998985203,-64.00769587308608,29.957582965780887,35.0,0.12048220804408805,12.293496732302566
10.653306039000025,105.64208323299985,SAT_10125,21.02408748705004,197.01049211465647,99.06018947493462,169.53899070888272,-63.96561255631015,29.974013765827955,35.0,0.12029557098233812,12.28034004227304
10.653306039000025,105.74208323299985,SAT_10125,21.055311107528013,197.1861249798451,99.06335741726915,169.5298460936096,-63.934388935832175,29.98619023674658,35.0,0.12015713441194004,12.270575944557221
10.653306039000025,105.84208323299984,SAT_10125,21.07564230120051,197.30048794425286,99.06541233385366,169.52388616741274,-63.91405774215968,29.99411235384347,35.0,0.12006700934374405,12.264216919246657
10.653306039000025,105.94208323299983,SAT_10125,21.085059655295353,197.35346056103637,99.06636206874524,169.52112409317402,-63.904640388064834,29.997780101053323,35.0,0.12002526836802242,12.261271127576107
10.653306039000025,106.04208323299983,SAT_10125,21.083553224536956,197.3449868880204,99.06621023505345,169.5215659854145,-63.90614681882323,29.99719347093838,35.0,0.12003194519039544,12.261742359156726
10.653306039000025,106.14208323299982,SAT_10125,21.07112460095218,197.275075880356,99.06495625567105,169.525210865289,-63.918575442408006,29.99235246468826,35.0,0.12008703441570827,12.26563000739154
10.653306039000025,106.24208323299982,SAT_10125,21.04778690268533,197.14380132760502,99.06259535677432,169.53205066779802,-63.941913140674856,29.983257092119967,35.0,0.12019049158265249,12.272929073414154
10.653306039000025,106.34208323299981,SAT_10125,21.013564681988356,196.95130133618454,99.05911851396868,169.5420703011052,-63.97613536137183,29.969907371678154,35.0,0.1203422334486842,12.283630198496079
10.653306039000025,106.4420832329998,SAT_10125,20.968493753750295,196.69777736484542,99.0545123500409,169.5552477570504,-64.02120628960989,29.952303330435612,35.0,0.12054213852155862,12.297719724473534
10.653306039000025,106.5420832329998,SAT_10125,20.91262094710143,196.38349282744556,99.04875898233361,169.5715542711608,-64.07707909625876,29.93044500409397,35.0,0.12079004783065504,12.315179781361259
10.653306039000025,106.6420832329998,SAT_10125,20.84600378371927,196.00877128342088,99.0418358167432,169.59095452973958,-64.14369625964092,29.90433243698463,35.0,0.12108576592827562,12.335988400957692
10.653306039000025,106.74208323299979,SAT_10125,20.768710087479164,195.57399424207028,99.03371528422818,169.61340692093145,-64.22098995588102,29.873965682069947,35.0,0.12142906210833779,12.360119654911186
10.653306039000025,106.84208323299978,SAT_10082,20.76766084820595,195.56809227115846,99.03368868045429,169.61594769375267,-64.22203919515424,29.874758202314048,35.0,0.1214192520136609,12.35943045170194
10.653306039000025,106.94208323299978,SAT_10082,20.83984860721931,195.97414841560862,99.04127615187583,169.59498421836943,-64.14985143614088,29.90312999130099,35.0,0.12109870622851998,12.336898502843908
10.653306039000025,107.04208323299977,SAT_10082,20.90135592043589,196.32012705245188,99.04767602466926,169.57708017959095,-64.0883441229243,29.927252920911002,35.0,0.12082572238022515,12.317691141864117
10.653306039000025,107.14208323299977,SAT_10082,20.95212017266563,196.60567597124415,99.05291366469694,169.5622739976991,-64.03757987069456,29.947126942173426,35.0,0.1206005134038961,12.301832301764998
10.653306039000025,107.24208323299976,SAT_10082,20.992089155656338,196.8305015005669,99.05700956764673,169.55059772605443,-63.99761088770385,29.962752014745053,35.0,0.12042325666537855,12.289341919729088
10.653306039000025,107.34208323299976,SAT_10082,21.021221423035904,196.99437050457695,99.05997959670556,169.54207682276297,-63.968478620324284,29.974128106909045,35.0,0.12029409285378286,12.280235811616583
10.653306039000025,107.44208323299975,SAT_10082,21.039486575190736,197.0971119854479,99.0618351644842,169.5367299672714,-63.95021346816945,29.98125519557412,35.0,0.1202131250950434,12.274525571377113
10.653306039000025,107.54208323299974,SAT_10082,21.0468654699619,197.1386182685357,99.06258336280221,169.53456892464084,-63.94283457339829,29.984133266273968,35.0,0.12018041829766027,12.272218496733759
10.653306039000025,107.64208323299974,SAT_10082,21.043350356074512,197.11884575291913,99.06222704287254,169.5355984595595,-63.946349687285675,29.98276231316683,35.0,0.12019599873895212,12.273317542154047
10.653306039000025,107.74208323299973,SAT_10082,21.028944927334067,197.0378152162541,99.06076484743845,169.53981630140925,-63.96075511602612,29.977142339035392,35.0,0.12025985389712773,12.277821299755145
10.753306039000025,105.14208323299988,SAT_10125,20.690161505667433,195.1321584693793,99.0253619405063,169.63616121395444,-64.29953853769275,29.843029939898965,35.0,0.12177813353706543,12.384629130100217
10.753306039000025,105.24208323299987,SAT_10125,20.77506869509793,195.60976140992585,99.03438336040044,169.61156217307206,-64.21463134826226,29.876466621555853,35.0,0.12140081321546939,12.358134983530586
10.753306039000025,105.34208323299987,SAT_10125,20.849363142298884,196.02766767543122,99.04218224929365,169.58997730885883,-64.1403369010613,29.90565056020275,35.0,0.12107084998215834,12.334939302423068
10.753306039000025,105.44208323299986,SAT_10125,20.91297004237525,196.3854564883608,99.04879005879104,169.57145248735543,-64.07673000098494,29.930581696635027,35.0,0.12078849856155086,12.315070711702983
10.753306039000025,105.54208323299986,SAT_10125,20.965824544844196,196.68276306474863,99.05423302236302,169.556027499655,-64.02387549851599,29.95125998027861,35.0,0.12055397951200995,12.298553999627593
10.753306039000025,105.64208323299985,SAT_10125,21.007872188537547,196.9192810605237,99.05853246466647,169.54373578242496,-63.98182785482264,29.967685369188672,35.0,0.12036747786395012,12.2854099637224
10.753306039000025,105.74208323299985,SAT_10125,21.039069272022815,197.09476465512833,99.06170504943321,169.53460417962424,-63.95063077133737,29.97985783004852,35.0,0.12022914196394408,12.275655279797704
10.753306039000025,105.84208323299984,SAT_10125,21.05938315426726,197.20903024275333,99.06376297095042,169.528652748936,-63.93031688909293,29.98777733816874,35.0,0.12013908253916825,12.269302395786502
10.753306039000025,105.94208323299983,SAT_10125,21.068792481201385,197.2619577067578,99.06471409294143,169.5258946158138,-63.9209075621588,29.991443877486535,35.0,0.12009737199397079,12.266359451837564
10.753306039000025,106.04208323299983,SAT_10125,21.06728733485825,197.25349125857767,99.06456203756737,169.52633587736392,-63.92241270850194,29.99085744056533,35.0,0.12010404394752726,12.266830227755815
10.753306039000025,106.14208323299982,SAT_10125,21.054869302891248,197.1836398287633,99.0633062262755,169.52997555753035,-63.93483074046894,29.986018028594533,35.0,0.12015909301852472,12.270714118514594
10.753306039000025,106.24208323299982,SAT_10125,21.031551467435257,197.0524770043233,99.06094187328087,169.53680561427606,-63.95814857592493,29.976925651389625,35.0,0.12026247485965376,12.278006138178837
10.753306039000025,106.34208323299981,SAT_10125,20.997358313477406,196.8601405133104,99.0574599315562,169.54681099864877,-63.99234172988278,29.963580327392368,35.0,0.12041410644146294,12.28869695218492
10.753306039000025,106.4420832329998,SAT_10125,20.95232555809733,196.60683126429748,99.05284699028786,169.55996976482191,-64.03737448526286,29.94598208367131,35.0,0.12061386658191435,12.302772937530346
10.753306039000025,106.5420832329998,SAT_10125,20.896499903091964,196.2928119548923,99.0470851218054,169.57625322943045,-64.09320014026822,29.924130955922486,35.0,0.12086159671484885,12.320216270045414
10.753306039000025,106.6420832329998,SAT_10125,20.82993871459719,195.91840526960922,99.04015167497403,169.5956261777884,-64.159761328763,29.898026988470356,35.0,0.12115710188759565,12.341005037557345
10.753306039000025,106.74208323299979,SAT_10125,20.752709634323864,195.48399169307174,99.03201901092199,169.61804711390525,-64.23699040903632,29.867670234268964,35.0,0.12150015197520857,12.365113377424821
10.753306039000025,106.84208323299978,SAT_10082,20.792145556630757,195.70581875604802,99.03626776280677,169.60884326591898,-64.19755448672943,29.88438862721723,35.0,0.1213105097386064,12.351789338289075
10.753306039000025,106.94208323299978,SAT_10082,20.864365418786036,196.11205548067144,99.04382973457601,169.5878523287273,-64.12533462457415,29.91275103647644,35.0,0.12098987985049166,12.329243452472783
10.753306039000025,107.04208323299977,SAT_10082,20.92590034994089,196.45818946841752,99.0502082328912,169.56992473063306,-64.0637996934193,29.936865991049324,35.0,0.12071682351504066,12.310024130320526
10.753306039000025,107.14208323299977,SAT_10082,20.976687580933586,196.74386764275144,99.05542847146343,169.55509899218796,-64.0130124624266,29.956733441973867,35.0,0.12049155413607834,12.294155358076424
10.753306039000025,107.24208323299976,SAT_10082,21.016674774321096,196.96879560555618,99.05951082363549,169.54340725093851,-63.97302526903909,29.972353348913966,35.0,0.1203142494716775,12.281657117542867
10.753306039000025,107.34208323299976,SAT_10082,21.045820380648948,197.13273964115032,99.0624710582684,169.53487503219776,-63.94387966271124,29.983725680158376,35.0,0.12018505052324152,12.272545260148608
10.753306039000025,107.44208323299975,SAT_10082,21.06409392440313,197.2355283247676,99.06432052030955,169.52952106491693,-63.925606118957056,29.990850412619892,35.0,0.12010406064627614,12.266831406013736
10.753306039000025,107.54208323299974,SAT_10082,21.071476215504717,197.27705371221404,99.06506625961636,169.52735714542018,-63.91822382785547,29.993727531834743,35.0,0.1200713448940617,12.26452286937596
10.753306039000025,107.64208323299974,SAT_10082,21.067959483246163,197.2572720932597,99.06471111054927,169.52838805107572,-63.921740560114024,29.99235703196221,35.0,0.1200869296025918,12.265622611397927
10.753306039000025,107.74208323299973,SAT_10082,21.053547430695737,197.17620429766353,99.06325372387255,169.5326115052211,-63.93615261266445,29.986738915784482,35.0,0.1201508022221107,12.27012922100573
10.753306039000025,107.84208323299973,SAT_10082,21.02825520875931,197.03393554927115,99.06068855157565,169.54001819388628,-63.961444834600876,29.976873194706727,35.0,0.12026291139742079,12.278036924023901
10.753306039000025,107.94208323299972,SAT_10082,20.992109310287248,196.83061487036576,99.05700578432405,169.55059183405416,-63.99759073307294,29.962759888757382,35.0,0.12042316729592487,12.289335620480228
10.853306039000024,105.04208323299989,SAT_10125,20.56773914713871,194.44353270265526,99.01214497761988,169.67149971232274,-64.42196089622148,29.794662622742496,35.0,0.1223225838446124,12.422801222796615
10.853306039000024,105.14208323299988,SAT_10125,20.66306246267513,194.97972635254757,99.02245559913946,169.64399677627307,-64.32663758068506,29.832339461559087,35.0,0.12189860920172738,12.393081656769356
10.853306039000024,105.24208323299987,SAT_10125,20.747868994729885,195.4567630953556,99.03150281105661,169.61945040221408,-64.2418310486303,29.8657650377052,35.0,0.12152166055385473,12.366624023567573
10.853306039000024,105.34208323299987,SAT_10125,20.822074818167664,195.87417085219312,99.03932384371575,169.59791199727044,-64.16762522519252,29.894939283354486,35.0,0.1211920241544887,12.343460487122075
10.853306039000024,105.44208323299986,SAT_10125,20.88560543335018,196.23153056259474,99.04595030358767,169.57942723274,-64.10409461001001,29.91986213931138,35.0,0.12090995375885388,12.323619562822548
10.853306039000024,105.54208323299986,SAT_10125,20.938396256451313,196.5284789425386,99.051408552708,169.56403572944834,-64.05130378690887,29.94053355500956,35.0,0.12067566908100545,12.307125943389085
10.853306039000024,105.64208323299985,SAT_10125,20.98039305168247,196.76471091571386,99.05572001983555,169.55177078004488,-64.00930699167772,29.95695348851061,35.0,0.12048935443940605,12.29400034570404
10.853306039000024,105.74208323299985,SAT_10125,21.01155229941054,196.9399816841843,99.05890144979766,169.54265911224826,-63.97814774394965,29.969121906502945,35.0,0.12035115760743069,12.284259380596911
10.853306039000024,105.84208323299984,SAT_10125,21.031841494939215,197.0541084090331,99.06096509608577,169.53672069652913,-63.95785854842097,29.977038784300923,35.0,0.12026118888302917,12.277915447309747
10.853306039000024,105.94208323299983,SAT_10125,21.041239373643336,197.10697147674375,99.06191886053941,169.53396860110658,-63.94846066971685,29.98070410584421,35.0,0.12021952038923897,12.274976654065247
10.853306039000024,106.24208323299982,SAT_10125,21.00404362091092,196.8977453676239,99.05813614807732,169.54485573716906,-63.98565642244927,29.96619070171493,35.0,0.12038445696590275,12.286606930029238
10.853306039000024,106.34208323299981,SAT_10125,20.969891906892315,196.70564197626928,99.0546444911131,169.55483929223956,-64.01980813646787,29.952849810132264,35.0,0.12053593621029791,12.297282718150269
10.853306039000024,106.4420832329998,SAT_10125,20.924913558488484,196.45263876649773,99.05001863483974,169.56796942549343,-64.0647864848717,29.935257411366017,35.0,0.12073549621880203,12.311338974525492
10.853306039000024,106.5420832329998,SAT_10125,20.869155083471867,196.13899734452923,99.04424056427185,169.5842175776036,-64.12054495988832,29.913413541106763,35.0,0.12098297903729197,12.328757944354193
10.853306039000024,106.6420832329998,SAT_10125,20.802673610969222,195.76503906170188,99.03728751758717,169.60354868530433,-64.18702643239097,29.887318243672176,35.0,0.12127819046223598,12.349517800296583
10.853306039000024,106.74208323299979,SAT_10125,20.725536505106803,195.33114284122578,99.02913172029639,169.62592142980995,-64.26416353825338,29.856971572008188,35.0,0.12162090124822517,12.3735927792034
10.853306039000024,106.84208323299978,SAT_10082,20.805443911796345,195.78062200385446,99.0376625215979,169.60498207291093,-64.18425613156384,29.889616069912623,35.0,0.12125145693892196,12.347638671626607
10.853306039000024,106.94208323299978,SAT_10082,20.877670126053246,196.1868944590495,99.04520920382028,169.58397943263424,-64.11202991730694,29.91796902301397,35.0,0.12093083062525084,12.32508867706142
10.853306039000024,107.04208323299977,SAT_10082,20.9392105932981,196.5330595873018,99.05157488769372,169.56604179445168,-64.05048945006209,29.942075937566145,35.0,0.12065777693286887,12.305865816243685
10.853306039000024,107.14208323299977,SAT_10082,20.990002479800907,196.8187639488801,99.05678469485163,169.551207721685,-63.99969756355928,29.961936764615587,35.0,0.12043250945518705,12.289994097034688
10.853306039000024,107.24208323299976,SAT_10082,21.029993393937033,197.04371284089584,99.06085892461834,169.5395093877912,-63.959706649423154,29.977551463833166,35.0,0.12025520610888259,12.277493519356225
10.853306039000024,107.34208323299976,SAT_10082,21.059141743017562,197.2076723044738,99.06381328880157,169.53097234675135,-63.930558300342625,29.98892000351311,35.0,0.12012600802161134,12.26837994908276
10.853306039000024,107.44208323299975,SAT_10082,21.077417019692746,197.31047073577167,99.06565909142994,169.52561534863375,-63.91228302366744,29.996042360572197,35.0,0.1200450186416734,12.262665016964224
10.853306039000024,107.54208323299974,SAT_10082,21.084800013782903,197.35200007752883,99.06640335698783,169.52345020309892,-63.904900029577284,29.998918520549157,35.0,0.12001230308086333,12.260356043946658
10.853306039000024,107.64208323299974,SAT_10082,21.08128294642966,197.33221657366684,99.06604890964643,169.52448169292353,-63.90841709693053,29.99754847760428,35.0,0.12002788769888756,12.261455993912392
10.853306039000024,107.74208323299973,SAT_10082,21.06686952458672,197.2511410758003,99.06459440501955,169.5287075388668,-63.922830518773466,29.99193223451927,35.0,0.12009175993468886,12.26596345449125
10.853306039000024,107.84208323299973,SAT_10082,21.041574915039433,197.1088588970968,99.06203431505392,169.53611841642268,-63.948125128320754,29.98206980269733,35.0,0.12020386838685546,12.273872646208543
10.853306039000024,107.94208323299972,SAT_10082,21.00542563834388,196.90551921568434,99.05835886576435,169.54669802419465,-63.98427440501631,29.967961202163433,35.0,0.12036412314207609,12.285173459843017
10.853306039000024,108.04208323299972,SAT_10082,20.958459384248997,196.64133403640062,99.05355392661473,169.56042320284982,-64.03124065911119,29.949606461564876,35.0,0.12057239634741192,12.29985152147884
10.853306039000024,116.24208323299925,SAT_10125,21.001386585221148,196.88279954186896,99.05786513169336,169.54563289953728,-63.98831345813904,29.96515329089767,35.0,0.12039624079448893,12.287437608704945
10.853306039000024,116.64208323299923,SAT_10125,21.033146473189383,197.0614489116903,99.06109761437288,169.5363385985017,-63.956553570170804,29.977547812608517,35.0,0.12025540266836096,12.27750738160928
10.853306039000024,116.84208323299922,SAT_10125,20.983674986977604,196.78317180174906,99.05605581022218,169.5508115407152,-64.00602505638258,29.958235733322027,35.0,0.12047479693914628,12.292974452050284
10.953306039000024,105.44208323299986,SAT_10125,20.847040467813216,196.01460263144935,99.0419310994458,169.59065297579858,-64.14265957554697,29.904739219314088,35.0,0.12108116288940993,12.33566465617306
10.953306039000024,105.54208323299986,SAT_10125,20.89974883986909,196.31108722426364,99.04741201256022,169.57530644528384,-64.0899512034911,29.925403711344472,35.0,0.12084717649410917,12.319201293057617
10.953306039000024,105.64208323299985,SAT_10125,20.941679785930788,196.5469487958607,99.05174130775953,169.56307744705768,-64.0480202574294,29.94181814517484,35.0,0.12066109990497455,12.306099855641575
10.953306039000024,105.74208323299985,SAT_10125,20.972790029532177,196.7219439161185,99.05493585097175,169.55399255311363,-64.01691001382801,29.953982487498568,35.0,0.12052308013086849,12.296376868082083
10.953306039000024,106.24208323299982,SAT_10125,20.965293171468886,196.6797740895125,99.05416739809036,169.55618271831636,-64.0244068718913,29.95105226448275,35.0,0.12055633678830534,12.298720081269392
10.953306039000024,106.34208323299981,SAT_10125,20.931195127887435,196.48797259436682,99.05066133782626,169.56613695529245,-64.05850491547275,29.937715841276322,35.0,0.12070762208848296,12.30937617936814
10.953306039000024,106.4420832329998,SAT_10125,20.88628723388082,196.2353656905796,99.04601633336323,169.57922863225247,-64.10341280947937,29.920129334887157,35.0,0.12090692735009495,12.323406584763951
10.953306039000024,106.5420832329998,SAT_10125,20.830615737700228,195.9222135245638,99.04021423932033,169.595429356043,-64.15908430565996,29.898292781000485,35.0,0.1211540954353438,12.340793635182099
10.953306039000024,106.6420832329998,SAT_10125,20.764237451444103,195.54883566437306,99.03323212853688,169.61470426626548,-64.22546259191608,29.872206223927368,35.0,0.1214489331399523,12.361515616438012
10.953306039000024,106.74208323299979,SAT_10082,20.724725017737484,195.32657822477336,99.02912711029636,169.62839105597482,-64.2649750256227,29.857852546049667,35.0,0.12160998764167054,12.372826528055889
10.953306039000024,106.84208323299978,SAT_10082,20.807541782416763,195.7924225260943,99.03787896770393,169.60437278826848,-64.18215826094342,29.890440519981155,35.0,0.1212421416480761,12.346983851008025
10.953306039000024,106.94208323299978,SAT_10082,20.87974849244746,196.19858527001696,99.04542046968547,169.58337427215724,-64.10995155091273,29.9187839405138,35.0,0.12092160690692286,12.324439612362363
10.953306039000024,107.04208323299977,SAT_10082,20.941272323338097,196.54465681877682,99.05178181499082,169.5654401721061,-64.04842772002209,29.942882750078095,35.0,0.12064863126323103,12.305221666730862
10.953306039000024,107.14208323299977,SAT_10082,20.992050466704235,196.83028387521134,99.05698809247868,169.55060903636206,-63.99764957665595,29.962736899728746,35.0,0.12042342821956474,12.289354011803079
10.953306039000024,107.24208323299976,SAT_10082,21.032030552181148,197.05517185601897,99.06105957516664,169.53891302572472,-63.95766949117904,29.978346349143443,35.0,0.12024617561647727,12.276856638981274
10.953306039000024,107.34208323299976,SAT_10082,21.061171004038343,197.2190868977157,99.06401195461044,169.53037768407083,-63.928529039321845,29.989711066621773,35.0,0.12011701452095165,12.267745407351832
10.953306039000024,107.44208323299975,SAT_10082,21.0794413274102,197.32185746668242,99.06585652032798,169.52502175402572,-63.910258715949986,29.99683102908442,35.0,0.1200360483366524,12.262031942672037
10.953306039000024,107.54208323299974,SAT_10082,21.08682231999846,197.36337554999133,99.06660028781194,169.5228570405489,-63.902877723361726,29.999706222072547,35.0,0.12000334214720997,12.25972356273816
10.953306039000024,107.64208323299974,SAT_10082,21.083306206139866,197.34359740953676,99.06624607762386,169.52388832451106,-63.90639383722032,29.998336639747436,35.0,0.12001892230091352,12.26082323015578
10.953306039000024,107.74208323299973,SAT_10082,21.068896691264612,197.26254388836344,99.0647925470954,169.5281133275805,-63.920803352095575,29.992722284890327,35.0,0.12008277624214753,12.265329533163246
10.953306039000024,107.84208323299973,SAT_10082,21.043608935932987,197.12030026462307,99.06223417524473,169.53552272896414,-63.9460911074272,29.98286316890249,35.0,0.12019485259174743,12.273236694773813
10.953306039000024,107.94208323299972,SAT_10082,21.007469449836734,196.91701565533165,99.05856120061884,169.54610023374397,-63.982230593523454,29.968759311805517,35.0,0.1203550614752368,12.284534610109763
10.953306039000024,108.04208323299972,SAT_10082,20.960515907335704,196.65290197876334,99.05375951086613,169.55982269175863,-64.02918413602448,29.95041074224186,35.0,0.1205632750947206,12.299208911412988
10.953306039000024,108.14208323299971,SAT_10082,20.90279688724003,196.32823249072516,99.04781048189712,169.57666026521866,-64.08690315612016,29.927817497475555,35.0,0.12081932853711952,12.317241059839931
11.053306039000024,106.24208323299982,SAT_10125,20.915341857825993,196.39879795027122,99.0490201046794,169.57076091683143,-64.0743581855342,29.931510369853786,35.0,0.12077797265879608,12.314329665897745
11.053306039000024,106.34208323299981,SAT_10125,20.8813095210226,196.20736605575212,99.04549484756842,169.58067847159793,-64.10839052233759,29.918178450976967,35.0,0.12092902301483958,12.324961478701784
11.053306039000024,106.4420832329998,SAT_10125,20.83648787479565,195.95524429572555,99.040824321256,169.59372203197142,-64.15321216856454,29.900597884376225,35.0,0.12112801970945336,12.338960001259888
11.053306039000024,106.5420832329998,SAT_10125,20.780922843983817,195.64269099740898,99.03499020572114,169.60986341203935,-64.20877719937637,29.8787687057316,35.0,0.12137480662104928,12.356307686447574
11.053306039000024,106.6420832329998,SAT_10125,20.71467084558921,195.27002350643932,99.0279693523278,169.6290680044192,-64.27502919777098,29.852690959347676,35.0,0.12166919178935709,12.376982960910102
11.053306039000024,106.74208323299979,SAT_10082,20.71567194518272,195.27565469165282,99.02816077280234,169.63101235029538,-64.27402809817747,29.854285049820632,35.0,0.12165021221487086,12.375650585487843
11.053306039000024,106.84208323299978,SAT_10082,20.798436936116417,195.74120776565485,99.03691834861897,169.60701678229378,-64.19126310724377,29.886861975779578,35.0,0.12128257145307675,12.349825729276493
11.053306039000024,106.94208323299978,SAT_10082,20.87059829092972,196.1471153864797,99.04446475044881,169.58603821493372,-64.11910175243047,29.91519578735177,35.0,0.12096221625854249,12.327297108589962
11.053306039000024,107.04208323299977,SAT_10082,20.932083317710962,196.49296866212416,99.05083020872392,169.56812122887595,-64.05761672564923,29.93928642697722,35.0,0.12068939404821423,12.308092529702272
11.053306039000024,107.14208323299977,SAT_10082,20.98282932326434,196.77841494336195,99.05603983857827,169.55330429949066,-64.00687072009585,29.959133845718746,35.0,0.12046431795364408,12.29223594837029
11.053306039000024,107.24208323299976,SAT_10082,21.02278403386474,197.00316019048915,99.06011393423252,169.54161952638998,-63.96691600949545,29.974738003260697,35.0,0.12028716550475924,12.279747320861404
11.053306039000024,107.34208323299976,SAT_10082,21.051905950884134,197.16697097372327,99.06306820363736,169.53309240460368,-63.937794092476054,29.986098867907913,35.0,0.12015807752112631,12.27064247825916
11.053306039000024,107.44208323299975,SAT_10082,21.070164636225286,197.26967607876725,99.06491394809788,169.52774164077553,-63.9195354071349,29.993216416584886,35.0,0.12007715722447844,12.264933025719776
11.053306039000024,107.54208323299974,SAT_10082,21.07754092342833,197.31116769428434,99.0656581904281,169.52557901714275,-63.91215911993186,29.99609063483518,35.0,0.12004446958368864,12.262626268040608
11.053306039000024,107.64208323299974,SAT_10082,21.074027051363444,197.2914021639194,99.06530375413237,169.52660930535959,-63.91567299199674,29.994721516821034,35.0,0.12006004090053346,12.263725162557657
11.053306039000024,107.74208323299973,SAT_10082,21.059626718533856,197.21040029175293,99.06384929514158,169.53083023148713,-63.93007332482633,29.98910906532323,35.0,0.12012385864156569,12.26822830002087
11.053306039000024,107.84208323299973,SAT_10082,21.034355057185877,197.06824719667057,99.0612892867128,169.53823249268567,-63.95534498617431,29.979253291741152,35.0,0.12023587151826205,12.276129913711529
11.053306039000024,107.94208323299972,SAT_10082,20.998238527609985,196.86509171780617,99.05761395720324,169.54879982535311,-63.9914615157502,29.965154216093087,35.0,0.12039598981441291,12.28741991667576
11.053306039000024,108.04208323299972,SAT_10082,20.951314734195137,196.60114537984765,99.05280917952055,169.562509123665,-64.03838530916505,29.94681186701674,35.0,0.1206040859565431,12.302083966560264
11.053306039000024,108.14208323299971,SAT_10082,20.89363216593759,196.27668093339895,99.04685631010433,169.57933060671084,-64.0960678774226,29.924226281769993,35.0,0.12085999532007481,12.32010355716168
11.053306039000024,108.2420832329997,SAT_10082,20.82524986517798,195.89203049162614,99.03973197427469,169.59922803170602,-64.16445017818221,29.897397506231858,35.0,0.12116351726102989,12.341456135447007
11.053306039000024,108.3420832329997,SAT_10082,20.746237029314145,195.44758328989207,99.03140779365779,169.62215895011053,-64.24346301404604,29.866325594903675,35.0,0.12151441636038857,12.366115242478791
11.053306039000024,108.44208323299969,SAT_10082,20.656672551095028,194.94378309990955,99.02185005012639,169.6480750029188,-64.33302749226516,29.83101061091053,35.0,0.12191242386582622,12.39405067639106
11.053306039000024,114.34208323299936,SAT_10111,20.996376257601533,196.8546164490086,99.05746520784724,169.55047784169696,-63.993323785758655,29.965047704645958,35.0,0.12039707724483548,12.287496571462816
11.153306039000023,106.04208323299983,SAT_10125,20.889729121751486,196.2547263098521,99.04636390187139,169.57822597774845,-64.0999709216087,29.921478111949664,35.0,0.12089164956961314,12.322331406240314
11.153306039000023,106.14208323299982,SAT_10125,20.87739797738348,196.1853636227821,99.0450838650528,169.58181759315764,-64.1123020659767,29.91664520750313,35.0,0.12094638661807076,12.32618329370414
11.153306039000023,106.24208323299982,SAT_10125,20.854243051025378,196.05511716201772,99.0426738298791,169.58855756100098,-64.13545699233481,29.907565056763417,35.0,0.12104918328129494,12.333415304815949
11.153306039000023,106.34208323299981,SAT_10125,20.82028821377631,195.86412120249173,99.03912444158864,169.598431225856,-64.16941182958388,29.894237678161407,35.0,0.12119995845509988,12.3440183234342
11.153306039000023,106.4420832329998,SAT_10125,20.77556829000126,195.61257163125708,99.03442183226329,169.61141721396206,-64.21413175335893,29.876663098749667,35.0,0.12139859376042743,12.357979044386115
11.153306039000023,106.5420832329998,SAT_10125,20.720128819232983,195.30072460818553,99.02854746142587,169.62748758638412,-64.2695712241272,29.85484135420316,35.0,0.12164493428631043,12.375280057659937
11.153306039000023,106.6420832329998,SAT_10125,20.654025747733215,194.92889483099935,99.02147790082074,169.646608037292,-64.33567429562697,29.828772488820178,35.0,0.121938789554577,12.395899957600578
11.153306039000023,106.74208323299979,SAT_10082,20.695455137754678,195.16193514987006,99.02600204004533,169.63686305680358,-64.29424490560551,29.846314654265147,35.0,0.12174004915248314,12.38195645391459
11.153306039000023,106.84208323299978,SAT_10082,20.77813905535959,195.62703218639768,99.0347771634647,169.61290811180078,-64.2115609880006,29.878880444440444,35.0,0.12137271344482051,12.356160607195449
11.153306039000023,106.94208323299978,SAT_10082,20.850229319963205,196.03253992479304,99.0423385872115,169.591965243891,-64.13947072339698,29.90720457067926,35.0,0.12105262540237598,12.333657424782865
11.153306039000023,107.04208323299977,SAT_10082,20.911653474886023,196.37805079623385,99.04871664516543,169.57407888395525,-64.07804656847416,29.931286975430925,35.0,0.1207800316927736,12.314474628257065
11.153306039000023,107.14208323299977,SAT_10082,20.96234903130994,196.66321330111845,99.05393653804595,169.559287377117,-64.02735101205025,29.951127609766182,35.0,0.12055514479823573,12.298636099901206
11.153306039000023,107.24208323299976,SAT_10082,21.00226388697672,196.88773436424404,99.05801862899487,169.5476227136361,-63.98743615638347,29.9667264333759,35.0,0.12037814170511846,12.286161734418155
11.153306039000023,107.34208323299976,SAT_10082,21.03135668006172,197.0513813253472,99.06097867916446,169.53911030124573,-63.95834336329847,29.978083414570047,35.0,0.12024916280007505,12.277067313822716
11.153306039000023,107.44208323299975,SAT_10082,21.049597073191336,197.1539835367013,99.06282802805914,169.53376878228755,-63.94010297016885,29.985198530276854,35.0,0.12016831098653252,12.27136440717161
11.153306039000023,107.54208323299974,SAT_10082,21.056965963495244,197.19543354466074,99.06357372219803,169.53160989839088,-63.93273407986494,29.988071766042214,35.0,0.12013565103259506,12.26906029648368
11.153306039000023,107.64208323299974,SAT_10082,21.053455615629275,197.17568783791467,99.06321859460907,169.53263840474074,-63.93624442773091,29.98670311602932,35.0,0.1201512091586678,12.27015792986083
11.153306039000023,107.74208323299973,SAT_10082,21.03906971580588,197.09476715140806,99.06176129669011,169.53685203524853,-63.95063032755431,29.981092583018498,35.0,0.12021497287008573,12.274655902454185
11.153306039000023,107.84208323299973,SAT_10082,21.01382334603465,196.9527563214449,99.05919628304925,169.54424151915777,-63.97587669732554,29.97124017840729,35.0,0.12032689103690074,12.28254846553816
11.153306039000023,107.94208323299972,SAT_10082,20.977742878952967,196.74980369411043,99.05551374903328,169.554790648831,-64.01195716440722,29.95714592221074,35.0,0.12048687421980005,12.293825563567177
11.153306039000023,108.04208323299972,SAT_10082,20.930865794799445,196.4861200957469,99.05069951974046,169.56847639768012,-64.05883424856074,29.93880984306193,35.0,0.12069479523797165,12.308472898704593
11.153306039000023,108.14208323299971,SAT_10082,20.87324042321474,196.16197738058293,99.04473488836081,169.58526908644563,-64.11645962014545,29.916231978212704,35.0,0.12095048997167199,12.32647202194085
11.153306039000023,108.2420832329997,SAT_10082,20.80492561361531,195.77770657658613,99.03759640066315,169.60513259532388,-64.18477442974488,29.88941237353465,35.0,0.1212537583893574,12.347800449566293
11.153306039000023,108.3420832329997,SAT_10082,20.7259903388576,195.33369565607398,99.02925558131591,169.62802461879397,-64.26370970450259,29.85835108352029,35.0,0.12160436578657349,12.37243180344233
11.153306039000023,108.44208323299969,SAT_10082,20.636513237762784,194.83038696241567,99.01967859644974,169.6538969594319,-64.3531868055974,29.823048171284487,35.0,0.12200204422141794,12.40033597322856
11.253306039000023,105.94208323299983,SAT_10125,20.818944822581727,195.8565646270222,99.03897961021032,169.59882162486963,-64.17075522077846,29.89371009805042,35.0,0.12120592451779603,12.34443776944145
11.253306039000023,106.04208323299983,SAT_10125,20.81745414963521,195.84817959169806,99.03882335247759,169.5992548033458,-64.17224589372498,29.893124650799976,35.0,0.12121254473545386,12.344903196443713
11.253306039000023,106.14208323299982,SAT_10125,20.80515545865603,195.77899945494016,99.03753281280525,169.6028278422225,-64.18454458470416,29.88829340582134,35.0,0.12126716717317294,12.348742981129837
11.253306039000023,106.24208323299982,SAT_10125,20.78206137739926,195.64909524787083,99.03510297168874,169.6095329908675,-64.20763866596093,29.879216372922823,35.0,0.12136974890750511,12.35595229910874
11.253306039000023,106.34208323299981,SAT_10125,20.748195542051903,195.45859992404195,99.03152433970313,169.61935574456407,-64.24150450130828,29.865893570532755,35.0,0.12152020957076323,12.366522117706204
11.253306039000023,106.4420832329998,SAT_10125,20.703592435342586,195.207707448802,99.02678284886495,169.63227494864827,-64.2861076080176,29.84832502569996,35.0,0.12171843185624594,12.380439253213053
11.253306039000023,106.5420832329998,SAT_10125,20.648297151961486,194.89667147978338,99.0208596904134,169.64826294933107,-64.3414028913987,29.82651077409446,35.0,0.12196426225154922,12.397686453910545
11.253306039000023,106.6420832329998,SAT_10125,20.58236509465212,194.52580365741815,99.01373109576033,169.66728578896382,-64.40733494870807,29.800450860008397,35.0,0.12225751199081494,12.418242507761825
11.253306039000023,106.74208323299979,SAT_10082,20.66409586844371,194.98553925999587,99.02264248832152,169.64593012654873,-64.32560417491648,29.83394137527037,35.0,0.12187942606985576,12.39173599756826
11.253306039000023,106.84208323299978,SAT_10082,20.746669668418193,195.45001688485235,99.03144712191269,169.62203356453375,-64.243030374942,29.866495941872298,35.0,0.12151249443330728,12.365980257847234
11.253306039000023,106.94208323299978,SAT_10082,20.81866333331942,195.85498124992174,99.03903380346458,169.60114200243638,-64.17103671004077,29.89481030642342,35.0,0.12119276043835356,12.343512253589463
11.253306039000023,107.04208323299977,SAT_10082,20.88000474295282,196.2000266791096,99.04543304302064,169.58329965631012,-64.10969530040737,29.918884411382177,35.0,0.12092046968594733,12.324359585793475
11.253306039000023,107.14208323299977,SAT_10082,20.93063170083836,196.48480331721578,99.05067018697525,169.56854468447773,-64.05906834252183,29.93871820782705,35.0,0.12069583373406895,12.308546032137073
11.253306039000023,107.24208323299976,SAT_10082,20.97049234997465,196.7090194686074,99.05476571573193,169.55690892037114,-64.01920769338554,29.954311655455292,35.0,0.12051902879542734,12.29609139967426
11.253306039000023,107.34208323299976,SAT_10082,20.999545524210163,196.87244357368215,99.05773548092877,169.54841764652943,-63.990154519150025,29.96566472258188,35.0,0.12039019464056278,12.287011400561909
11.253306039000023,107.44208323299975,SAT_10082,21.017761030234794,196.97490579507073,99.05959088702254,169.5430894130809,-63.97193901312539,29.972777386138695,35.0,0.12030943371991677,12.28131755246326
11.253306039000023,107.54208323299974,SAT_10082,21.025119856128647,197.01629919072363,99.06033902083225,169.54093590342111,-63.96458018723154,29.975649631673914,35.0,0.12027681051588605,12.279017104968458
11.253306039000023,107.64208323299974,SAT_10082,21.0216143034282,196.99658045678365,99.05998273157475,169.54196184911726,-63.968085739931986,29.974281453351654,35.0,0.12029235113308073,12.2801129930333
11.253306039000023,107.74208323299973,SAT_10082,21.007248040767315,196.91577022931617,99.0585206629425,169.54616499533802,-63.98245200259287,29.968672853951805,35.0,0.12035604313202433,12.284603818074633
11.253306039000023,107.84208323299973,SAT_10082,20.98203607830274,196.77395294045294,99.05594723784077,169.5535361173363,-64.00766396505745,29.958823844870103,35.0,0.12046783560843015,12.292483856982802
11.253306039000023,107.94208323299972,SAT_10082,20.94600466330263,196.57127623107732,99.05225259549101,169.564059087732,-64.04369538005756,29.944734446118428,35.0,0.12062763951703576,12.303743098926946
11.253306039000023,108.04208323299972,SAT_10082,20.89919109843362,196.3079499286891,99.04742247968527,169.57771099356862,-64.09050894492657,29.92640468632533,35.0,0.12083532823584861,12.318367309447424
11.253306039000023,108.14208323299971,SAT_10082,20.841643485403907,195.98424460539695,99.04143807601538,169.59446230136882,-64.14805655795628,29.903834602736765,35.0,0.12109073836362229,12.336338120960603
11.253306039000023,108.2420832329997,SAT_10082,20.77342039767622,195.60048973692872,99.03427579486713,169.61427706770775,-64.21627964568397,29.877024241217057,35.0,0.12139367074051341,12.35763314845277
11.253306039000023,108.3420832329997,SAT_10082,20.69459048691992,195.15707148892457,99.02590699582672,169.63711319219027,-64.29510955644027,29.845973656250106,35.0,0.12174389167922561,12.38222612882088
11.253306039000023,108.44208323299969,SAT_10082,20.6052320287222,194.65443016156237,99.0162976478559,169.66292270915264,-64.38446801463799,29.810682910940773,35.0,0.12214113439158646,12.410087082034533
11.253306039000023,108.54208323299969,SAT_10082,20.505432413790103,194.09305732756934,99.00540791810236,169.69165211394153,-64.48426762957008,29.771152077016556,35.0,0.12258510059346647,12.441182492051645
11.253306039000023,108.64208323299968,SAT_10125,20.40858184608409,193.54827288422302,98.9945892065656,169.7172150432486,-64.5811181972761,29.731505664568182,35.0,0.1230311340497793,12.472377684545904
11.253306039000023,108.74208323299968,SAT_10125,20.518950469502272,194.1690963909503,99.00680591430519,169.6855406786594,-64.47074957385792,29.77533537373365,35.0,0.1225396983250556,12.4380045706071
11.353306039000023,105.94208323299983,SAT_10125,20.735646276907588,195.38801030760519,99.03019042697271,169.62299266921033,-64.2540537664526,29.86095308245886,35.0,0.12157597360373153,12.370438206097399
11.353306039000023,106.04208323299983,SAT_10125,20.734160033826797,195.37965019027573,99.03003266673753,169.62342329336445,-64.25554000953339,29.86036783788048,35.0,0.12158257823061414,12.370901975818812
11.353306039000023,106.14208323299982,SAT_10125,20.721897868906936,195.31067551260153,99.02872971016518,169.6269752727735,-64.26780217445325,29.855538265398643,35.0,0.12163707210439462,12.374728094973996
11.353306039000023,106.24208323299982,SAT_10125,20.69887226810677,195.1811565081006,99.0262764532947,169.63364094777552,-64.29082777525342,29.846464374820336,35.0,0.12173941274638321,12.381911789551848
11.353306039000023,106.34208323299981,SAT_10125,20.665106602712513,194.99122464025788,99.02266324681496,169.64340598356586,-64.32459344064767,29.8331461845714,35.0,0.12188952062038062,12.392444121032844
11.353306039000023,106.4420832329998,SAT_10125,20.620634970183374,194.74107170728146,99.01787578518261,169.65624947251308,-64.36906507317681,29.815583721697013,35.0,0.12208727963040573,12.406312042730333
11.353306039000023,106.5420832329998,SAT_10125,20.565501963519424,194.43094854479676,99.01189494103448,169.67214408235344,-64.42419807984076,29.79377702186237,35.0,0.12233253784317329,12.423498481506522
11.353306039000023,106.6420832329998,SAT_10082,20.52870992153376,194.2239933086274,99.00796209534207,169.68496021817143,-64.46099012182643,29.78038331966056,35.0,0.12248151992857743,12.433931703386977
11.353306039000023,106.74208323299979,SAT_10082,20.621626981686674,194.74665177198753,99.0180687201994,169.65819341791325,-64.36807306167351,29.81716523750017,35.0,0.12206823115898258,12.40497665010146
11.353306039000023,106.84208323299978,SAT_10082,20.704061996418176,195.21034872985223,99.02691504617273,169.63437275756093,-64.28563804694201,29.84970849276014,35.0,0.12170180142489623,12.37927198071634
11.353306039000023,106.94208323299978,SAT_10082,20.77593388479157,195.61462810195258,99.03453740876905,169.61354789440298,-64.21376615856862,29.878013019287625,35.0,0.12138250732773118,12.356848776125526
11.353306039000023,107.04208323299977,SAT_10082,20.837170962311617,195.95908666300284,99.04096656851505,169.59576276597207,-64.15252908104857,29.902078759549962,35.0,0.12111059309005522,12.33773448153641
11.353306039000023,107.14208323299977,SAT_10082,20.887711411013854,196.24337668695293,99.04622807888329,169.58105528842094,-64.10198863234633,29.921905664633208,35.0,0.1208862690756146,12.321952739482999
11.353306039000023,107.24208323299976,SAT_10082,20.927503691437806,196.46720826433767,99.05034258692893,169.56945709187917,-64.06219635192238,29.937493694240843,35.0,0.12070971049754048,12.309523243786511
11.353306039000023,107.34208323299976,SAT_10082,20.956506890764118,196.63035126054817,99.05332607286454,169.5609932966008,-64.03319315259607,29.948842816692743,35.0,0.12058105633037848,12.300461616357643
11.353306039000023,107.44208323299975,SAT_10082,20.97469100219334,196.73263688733755,99.05519003342722,169.55568233318348,-64.01500904116685,29.955953008924354,35.0,0.1205004084393548,12.294779308468364
11.353306039000023,107.54208323299974,SAT_10082,20.982037131551948,196.7739588649797,99.05594161268597,169.5535358095392,-64.00766291180824,29.95882425648609,35.0,0.12046783093776901,12.29248352781735
11.353306039000023,107.64208323299974,SAT_10082,20.978537628121785,196.75427415818507,99.05558368285446,169.5545584266224,-64.0111624152384,29.957456553542965,35.0,0.12048334978064117,12.293577192378327
11.353306039000023,107.74208323299973,SAT_10082,20.964196137778984,196.67360327500677,99.05411487667944,169.5587479441937,-64.0255039055812,29.95184990287444,35.0,0.12054695259979009,12.298058911662162
11.353306039000023,107.84208323299973,SAT_10082,20.939027577659786,196.5320301243363,99.05152957203026,169.56609519714263,-64.0506724657004,29.94200431587449,35.0,0.12065858878245243,12.305922995649812
11.353306039000023,107.94208323299972,SAT_10082,20.90305803272571,196.32970143408212,99.04781782839214,169.5765841621204,-64.08664201063448,29.92791981255191,35.0,0.12081816979243651,12.317159491273529
11.353306039000023,108.04208323299972,SAT_10082,20.856324575746598,196.06682573857464,99.04296527403243,169.590192073468,-64.13337546761359,29.90959642153081,35.0,0.12102556972971143,12.3317542459467
11.353306039000023,108.14208323299971,SAT_10082,20.79887501332547,195.7436719499558,99.03695294163565,169.60688958668683,-64.19082503003472,29.8870341800514,35.0,0.12128062612133333,12.349688997277953
11.353306039000023,108.2420832329997,SAT_10082,20.730767561630685,195.3605675341726,99.02975704915539,169.62664098700571,-64.2589324817295,29.860233133970905,35.0,0.12158314093377302,12.370941487760925
11.353306039000023,108.3420832329997,SAT_10082,20.65207045644948,194.91789631752835,99.02134872147383,169.6494044399657,-64.33762958691071,29.829193337764796,35.0,0.12193288179409563,12.395485602915693
11.353306039000023,108.44208323299969,SAT_10082,20.562861503013124,194.41609595444882,99.0116936471504,169.67513228039277,-64.42683854034706,29.793914854528172,35.0,0.12232958340510515,12.423291531077352
11.353306039000023,108.54208323299969,SAT_10082,20.463227571753762,193.85565509111493,99.00075166303164,169.70377133565796,-64.52647247160643,29.754397755977422,35.0,0.12277294913755304,12.45432594278833
11.353306039000023,108.64208323299968,SAT_10125,20.370335507687514,193.33313723074227,98.99030733037797,169.72816260152007,-64.61936453567267,29.716282350261498,35.0,0.12320152421576452,12.484282760198337
11.353306039000023,108.74208323299968,SAT_10125,20.480535148078147,193.95301020793957,99.00257726630728,169.6965793310041,-64.50916489528204,29.760096825047977,35.0,0.12271070464835221,12.449971684677568
11.353306039000023,108.84208323299967,SAT_10125,20.580399166384353,194.514745310912,99.01351601165884,169.66785232438986,-64.40930087697583,29.79967299489982,35.0,0.12226625813691366,12.418855289348881
11.353306039000023,108.94208323299966,SAT_10125,20.6698317652191,195.01780367935743,99.02317000308335,169.64204016495702,-64.31986827814109,29.83501077937754,35.0,0.12186851229764066,12.390970380263969
11.453306039000022,105.94208323299983,SAT_10096,20.816670666033275,195.84377249643717,99.03879651814067,169.6011755830305,-64.17302937732691,29.89373248898785,35.0,0.12120511937247311,12.344381163911775
11.453306039000022,106.04208323299983,SAT_10096,20.79472668916503,195.7203376265533,99.03649255425995,169.6075488220434,-64.19497335419516,29.885109003951413,35.0,0.1213025650142792,12.351230971088881
11.453306039000022,106.14208323299982,SAT_10096,20.762074132026115,195.5366669926469,99.03305004180832,169.6170230505736,-64.22762591133407,29.872266217636575,35.0,0.12144759317396271,12.361421485223076
11.453306039000022,106.24208323299982,SAT_10096,20.71874607208457,195.2929466554757,99.02845555934387,169.6295779737767,-64.27095397127562,29.855204156204046,35.0,0.12164009135360034,12.374940062349374
11.453306039000022,106.34208323299981,SAT_10096,20.664786100818446,194.98942181710376,99.02269103662594,169.64518685634175,-64.32491394254174,29.83392285441033,35.0,0.12187991119823945,12.391770029412076
11.453306039000022,106.4420832329998,SAT_10096,20.600248031344933,194.62639517631524,99.01573354588237,169.6638167103764,-64.38945201201525,29.808422355608588,35.0,0.12216686941144746,12.411890787835977
11.453306039000022,106.5420832329998,SAT_10096,20.525195541671565,194.20422492190255,99.0075550336846,169.68542852447166,-64.46450450168862,29.77870271174978,35.0,0.12250074887569468,12.435277940091051
11.453306039000022,106.6420832329998,SAT_10082,20.47536240592916,193.92391353335154,99.00209319110903,169.7002886315822,-64.51433763743103,29.75921724038417,35.0,0.12271893259398375,12.450547313639023
11.453306039000022,106.74208323299979,SAT_10082,20.56809266269208,194.44552122764296,99.01226220426679,169.67362584484982,-64.4216073806681,29.79598627439584,35.0,0.1223063139108657,12.421661496303264
11.453306039000022,106.84208323299978,SAT_10082,20.6503607187622,194.9082790430374,99.021162714028,169.64989828810957,-64.33933932459799,29.82851813056612,35.0,0.12194048235536738,12.396018684699177
11.453306039000022,106.94208323299978,SAT_10082,20.72208609015206,195.31173425710531,99.02883144457772,169.62915523719317,-64.26761395320813,29.85681274275216,35.0,0.12162171263563254,12.373649746131486
11.453306039000022,107.04208323299977,SAT_10082,20.783197624634894,195.6554866385713,99.03529948353345,169.61144028917687,-64.2065024187253,29.880870053429998,35.0,0.1213502472914316,12.35458193568699
11.453306039000022,107.14208323299977,SAT_10082,20.833633966623523,195.93919106225735,99.04059265472378,169.5967910642143,-64.15606607673666,29.900690013693076,35.0,0.1211262952286585,12.338838730986781
11.453306039000022,107.24208323299976,SAT_10082,20.873343964525517,196.16255980045605,99.04473182274232,169.5852389439612,-64.11635607883467,29.91627258325096,35.0,0.12095003044030474,12.326439687684116
11.453306039000022,107.34208323299976,SAT_10082,20.902287014946623,196.32536445907476,99.0477331356125,169.57680885033744,-64.08741302841356,29.927617730428317,35.0,0.12082159092933743,12.31740031757511
11.453306039000022,107.44208323299975,SAT_10082,20.920433338885758,196.42743753123239,99.04960821049944,169.5715190678652,-64.06926670447443,29.93472543216407,35.0,0.12074107784670891,12.31173199092658
11.453306039000022,107.54208323299974,SAT_10082,20.927764185976457,196.46867354611757,99.05036426617905,169.56938111221345,-64.06193585738373,29.93759567401081,35.0,0.12070855485523775,12.309441864325844
11.453306039000022,107.64208323299974,SAT_10082,20.924271963813908,196.44902979645323,99.0500042048729,169.5703996469261,-64.06542807954628,29.936228450134447,35.0,0.12072404772737315,12.31053283502727
11.453306039000022,107.74208323299973,SAT_10082,20.909960290479347,196.36852663394632,99.04852664504511,169.5745724495959,-64.07973975288084,29.930623763314006,35.0,0.12078754418194777,12.315003522416992
11.453306039000022,107.84208323299973,SAT_10082,20.884843969500494,196.22724732844028,99.04592590579763,169.5818904279902,-64.1048560738597,29.920781624941753,35.0,0.12089899396199841,12.322848276849244
11.453306039000022,107.94208323299972,SAT_10082,20.848948887604394,196.02533749277472,99.04219194256115,169.59233768589317,-64.1407511557558,29.906702055023455,35.0,0.12105830915266254,12.334057215733424
11.453306039000022,108.04208323299972,SAT_10082,20.80231183676574,195.76300408180728,99.03731023283066,169.6058916376586,-64.18738820659445,29.888385082178907,35.0,0.12126536473510945,12.348616286379638
11.453306039000022,108.14208323299971,SAT_10082,20.74498026313026,195.44051398010774,99.03126160970406,169.62252316975193,-64.24471978022993,29.865830743642682,35.0,0.12151999936950734,12.366507354751167
11.453306039000022,108.2420832329997,SAT_10082,20.67701194642224,195.05819219862508,99.02402203991673,169.64219684687293,-64.31268809693795,29.839039085265092,35.0,0.12182201639722955,12.387708318932862
11.453306039000022,108.3420832329997,SAT_10082,20.598474614383065,194.61641970590472,99.01556234188813,169.6648711596271,-64.39122542897712,29.808010161513366,35.0,0.12217118504992415,12.412193245813473
11.453306039000022,108.44208323299969,SAT_10082,20.509445497607217,194.11563092404057,99.00584783796373,169.69049881017173,-64.48025454575297,29.77274403547307,35.0,0.1225672418507643,12.439932529203539
11.453306039000022,108.54208323299969,SAT_10082,20.410010830843234,193.5563109234932,98.99483793349891,169.71902703180152,-64.57968921251695,29.733240778849744,35.0,0.12300989219120682,12.470893067373973
11.453306039000022,108.64208323299968,SAT_10125,20.321094002146083,193.05615376207172,98.98475732235151,169.7422357481602,-64.6686060412141,29.696656211042992,35.0,0.12342096777178084,12.499605536325113
11.453306039000022,108.74208323299968,SAT_10125,20.431087635303925,193.6748679485846,98.99709809105613,169.7107661479032,-64.55861240805626,29.740455333320927,35.0,0.1229308911480666,12.465370702325915
11.453306039000022,108.84208323299967,SAT_10125,20.53076333085197,194.23554373604233,99.00809939574445,169.68214324940422,-64.45893671250822,29.78001763581029,35.0,0.12248712282472371,12.434323976089557
11.453306039000022,108.94208323299966,SAT_10125,20.620025941227453,194.73764591940446,99.01780813607158,169.65642522157162,-64.36967410213273,29.815343038083917,35.0,0.12208998834381608,12.406501930301207
11.553306039000022,105.94208323299983,SAT_10096,20.88715779558278,196.24026260015316,99.0461409491295,169.58067042551832,-64.10254224777741,29.921391811244085,35.0,0.12089221806772023,12.32237141543546
11.553306039000022,106.04208323299983,SAT_10096,20.865172610406574,196.11659593353698,99.04385732195018,169.58707153224344,-64.12452743295361,29.91277140770562,35.0,0.12098979542814384,12.329237512987651
11.553306039000022,106.14208323299982,SAT_10096,20.832458917050474,195.93258140840894,99.04044527188815,169.59658711207504,-64.15724112630971,29.899933210608204,35.0,0.12113501902924975,12.339452205813622
11.553306039000022,106.24208323299982,SAT_10096,20.7890500669277,195.68840662646832,99.03589158699648,169.60919669320953,-64.20064997643249,29.882877246106997,35.0,0.1213277755255873,12.353002753804367
11.553306039000022,106.34208323299981,SAT_10096,20.734990011020074,195.3843188119879,99.03017847998512,169.624873308214,-64.25471003234011,29.86160354895112,35.0,0.12156791544812161,12.369872357629115
11.553306039000022,106.4420832329998,SAT_10096,20.670333003859724,195.02062314671096,99.02328338356153,169.64358368435128,-64.31936703950046,29.83611216248454,35.0,0.12185525412957594,12.390040263504146
11.553306039000022,106.5420832329998,SAT_10096,20.595143242364387,194.5976807382997,99.01517868758528,169.6652884755971,-64.3945568009958,29.806403138647177,35.0,0.12218957283670279,12.413481891209168
11.553306039000022,106.6420832329998,SAT_10096,20.50949444455358,194.1159062506139,99.00583141266233,169.68994253299994,-64.4802055988066,29.772476537976257,35.0,0.12257062009574815,12.440168983687183
11.553306039000022,106.74208323299979,SAT_10082,20.50354812982951,194.082458230291,99.00519905128024,169.6921935744354,-64.48615191353068,29.770404528177057,35.0,0.12259348608090356,12.441769381191412
11.553306039000022,106.84208323299978,SAT_10082,20.585621660423385,194.54412183988154,99.01416663965618,169.66857593451118,-64.4040783829368,29.802924897530506,35.0,0.1222283470692906,12.41619899888684
11.553306039000022,106.94208323299978,SAT_10082,20.657176309921994,194.94661674331124,99.02189276901444,169.64792946573635,-64.3325237334382,29.831209519075205,35.0,0.12191018452280292,12.393893602254245
11.553306039000022,107.04208323299977,SAT_10082,20.718141551721146,195.28954622843148,99.02840893368999,169.6302973649315,-64.27155849163904,29.855258335295684,35.0,0.1216392390028778,12.374880223000362
11.553306039000022,107.14208323299977,SAT_10082,20.76845657365608,195.57256822681546,99.03374129361777,169.6157169042955,-64.2212434697041,29.875071297292592,35.0,0.1214157177016865,12.359182144999497
11.553306039000022,107.24208323299976,SAT_10082,20.808070679954483,195.79539757474396,99.03791098379116,169.60421917341873,-64.1816293634057,29.89064836478145,35.0,0.12123979317804413,12.34681876159037
11.553306039000022,107.34208323299976,SAT_10082,20.836943630832394,195.95780792343223,99.0409343607943,169.5958288611086,-64.1527564125278,29.90198950609158,35.0,0.12111160229297717,12.337805455217802
11.553306039000022,107.44208323299975,SAT_10082,20.855045914966922,196.05963327168894,99.04282319144886,169.5905640802045,-64.13465412839327,29.909094698165315,35.0,0.12103124535795985,12.332153500996116
11.553306039000022,107.54208323299974,SAT_10082,20.86235895096935,196.1007690992026,99.04358478736297,169.58843623796525,-64.12734109239084,29.911963926557377,35.0,0.12099878550638256,12.329869995476571
11.553306039000022,107.64208323299974,SAT_10082,20.858875214951482,196.0811730841021,99.04322208804508,169.58944995397044,-64.1308248284087,29.910597185434526,35.0,0.121014248296132,12.33095781157666
11.553306039000022,107.74208323299973,SAT_10082,20.844598292337324,196.00086539439744,99.04173369421228,169.593603026768,-64.14510175102286,29.90499447757539,35.0,0.12107762154830172,12.335415580281948
11.553306039000022,107.84208323299973,SAT_10082,20.819542853161323,195.85992854903245,99.03911385194226,169.600886449776,-64.17015719019886,29.895155814370543,35.0,0.12118885542407944,12.343237699369318
11.553306039000022,107.94208323299972,SAT_10082,20.78373455121634,195.65850685059192,99.03535238736033,169.61128447619487,-64.20596549214385,29.88108121582281,35.0,0.12134786273883422,12.354414369032954
11.553306039000022,108.04208323299972,SAT_10082,20.737209848515562,195.39680539790004,99.03043459058422,169.62477473195352,-64.25249019484463,29.862770710547768,35.0,0.12155451950943068,12.368931653929444
11.553306039000022,108.14208323299971,SAT_10082,20.680015767607557,195.0750886927925,99.02434104663872,169.64132837499415,-64.30968427575263,29.840224335774497,35.0,0.12180866572788725,12.386771570805099
11.553306039000022,108.2420832329997,SAT_10082,20.612209575287423,194.69367886099175,99.01704740996392,169.6609102985323,-64.37749046807276,29.81344213734654,35.0,0.12211010635174388,12.407912200535279
11.553306039000022,108.3420832329997,SAT_10082,20.533858402165436,194.2529535121806,99.00852411793896,169.68347937531948,-64.45584164119475,29.7824241697231,35.0,0.12245861249896536,12.432327823099405
11.553306039000022,108.44208323299969,SAT_10082,20.445038803370068,193.75334326895663,98.99873603748128,169.70898873939427,-64.54466123999012,29.747170495980424,35.0,0.1228539228329369,12.459989073743342
11.553306039000022,108.54208323299969,SAT_10082,20.345836266341692,193.19532899817202,98.9876420372111,169.73738610136252,-64.6438637770185,29.707681187813467,35.0,0.12329574512114427,12.4908631183483
11.553306039000022,108.64208323299968,SAT_10125,20.26090704463462,192.71760212606972,98.9779158914969,169.7594040665224,-64.72879299872557,29.672627286030163,35.0,0.12368929482288288,12.518326923410461
11.553306039000022,108.74208323299968,SAT_10125,20.37065837621708,193.33495336622107,98.990345630772,169.72807024582448,-64.61904166714311,29.71641093769793,35.0,0.1232000856167229,12.484182273399835
11.553306039000022,108.84208323299967,SAT_10125,20.47011254079227,193.8943830419565,99.00142550612209,169.699571698025,-64.51958750256792,29.75595926614918,35.0,0.12275710926070908,12.453217961431367
11.553306039000022,108.94208323299966,SAT_10125,20.559175163815382,194.39536029646155,99.01120300160073,169.6739660989316,-64.4305248795448,29.791272190968762,35.0,0.12236068882965441,12.425470282752306
11.653306039000022,105.84208323299984,SAT_10096,20.957797632667393,196.63761168375407,99.05342207194543,169.56006958304496,-64.0319024106928,29.949048943837102,35.0,0.12057880436237484,12.300302967122558
11.653306039000022,106.04208323299983,SAT_10096,20.924527414817263,196.4504667083471,99.05000015900595,169.56977864898872,-64.06517262854292,29.936030638234353,35.0,0.12072639644681475,12.310698221341747
11.653306039000022,106.14208323299982,SAT_10096,20.89176379926225,196.26617137085017,99.04661362631944,169.5793287327717,-64.09793624409794,29.923197064937316,35.0,0.12087177716643259,12.32093279909712
11.653306039000022,106.24208323299982,SAT_10096,20.84828898669197,196.02162555014235,99.04209411560734,169.59198392012206,-64.14141105666822,29.90614724331228,35.0,0.12106474128791136,12.33450963857052
11.653306039000022,106.34208323299981,SAT_10096,20.794147228838852,195.71707816221857,99.03642407601598,169.6077170491643,-64.19555281452133,29.88488120810111,35.0,0.12130513841337902,12.35141183504476
11.653306039000022,106.4420832329998,SAT_10096,20.729393149485375,195.35283646585523,99.02958124144817,169.62649460857,-64.26030689387481,29.859399002638728,35.0,0.12159278273270274,12.371618505210838
11.653306039000022,106.5420832329998,SAT_10096,20.654091379589474,194.9292640101908,99.02153837211081,169.6482769720581,-64.33560866377071,29.829700678854213,35.0,0.1219274541657007,12.395104916401111
11.653306039000022,106.6420832329998,SAT_10096,20.568316131717467,194.44677824091076,99.01226293362359,169.67301867161862,-64.42138391164272,29.79578629727215,35.0,0.12230889969912934,12.421842637597113
11.653306039000022,106.74208323299979,SAT_10096,20.472150719603846,193.90584779777163,99.00171670700605,169.70066870558693,-64.51754932375634,29.757655927014152,35.0,0.12273683490248272,12.451799710281083
11.653306039000022,106.84208323299978,SAT_10082,20.509911405704628,194.1182516570885,99.00589778761677,169.69036490419558,-64.47978863765556,29.772928844672876,35.0,0.1225651685331594,12.439787409599694
11.653306039000022,106.94208323299978,SAT_10082,20.581271757636642,194.51965363670612,99.01369277610195,169.6698293841394,-64.40842828572355,29.801203399294018,35.0,0.12224769397381387,12.417554606904345
11.653306039000022,107.04208323299977,SAT_10082,20.642070499005115,194.86164655690374,99.0202666719115,169.65229244983118,-64.34762954435507,29.825243656199305,35.0,0.12197733750488335,12.398603413218309
11.653306039000022,107.14208323299977,SAT_10082,20.692247438838933,195.14389184346902,99.0256460399584,169.6377909757355,-64.29745260452125,29.84504956649643,35.0,0.12175430435797178,12.382956890924216
11.653306039000022,107.24208323299976,SAT_10082,20.731752402371583,195.36610726334015,99.02985234098858,169.6263557176263,-64.2579476409886,29.86062108990671,35.0,0.12157876545128139,12.370634247817746
11.653306039000022,107.34208323299976,SAT_10082,20.760545565398814,195.52806880536832,99.03290218280635,169.61801109789477,-64.22915447796137,29.871958194764026,35.0,0.12145085633961752,12.361650718491017
11.653306039000022,107.44208323299975,SAT_10082,20.77859772251651,195.62961218915538,99.03480751248223,169.61277503318195,-64.21110232084368,29.879060858014025,35.0,0.12137067637425952,12.356017469301507
11.653306039000022,107.54208323299974,SAT_10082,20.785890485446444,195.67063398063624,99.03557575342495,169.610658806861,-64.20380955791374,29.881929065213512,35.0,0.12133828808306028,12.35374152818318
11.653306039000022,107.64208323299974,SAT_10082,20.782416408601847,195.65109229838538,99.03520989004693,169.61166698827128,-64.20728363475834,29.88056281053008,35.0,0.12135371677850358,12.354825740238635
11.653306039000022,107.74208323299973,SAT_10082,20.76817904008486,195.57100710047735,99.03370850169286,169.61579739990813,-64.22152100327533,29.874962096741957,35.0,0.12141695039864218,12.359268749710507
11.653306039000022,107.84208323299973,SAT_10082,20.743192897374414,195.4304600477311,99.03106574649676,169.62304113306473,-64.24650714598577,29.865126935238084,35.0,0.12152793958292284,12.367065008576207
11.653306039000022,107.94208323299972,SAT_10082,20.707483368055108,195.22959394531,99.02727129485098,169.63338261169207,-64.28221667530508,29.851057346018408,35.0,0.12168659798194088,12.378204811649468
11.653306039000022,108.04208323299972,SAT_10082,20.66108653702669,194.96861177077514,99.02231021117856,169.64679970351565,-64.3286135063335,29.832753357694383,35.0,0.12189280279722754,12.392674357715
11.653306039000022,108.14208323299971,SAT_10082,20.60404894267684,194.64777530255722,99.01616278166439,169.6632638767527,-64.38565110068335,29.810215007489735,35.0,0.12214639554431848,12.410455835876062
11.653306039000022,108.2420832329997,SAT_10082,20.536427265484733,194.26740336835164,99.00880428448473,169.6827404001192,-64.45327277787545,29.78344234124141,35.0,0.12244718302965235,12.431527535968016
11.653306039000022,108.3420832329997,SAT_10082,20.458287953428623,193.82786973803601,99.00020469784214,169.70518858321225,-64.53141208993156,29.752435413400768,35.0,0.12279493852935561,12.455863981590735
11.653306039000022,108.44208323299969,SAT_10082,20.36970678936109,193.32960069015613,98.99032833971606,169.7305620538325,-64.6199932539991,29.71719428703497,35.0,0.12318940315573872,12.483436084045824
11.653306039000022,108.54208323299969,SAT_10082,20.270768406193895,192.77307228484068,98.97913343162715,169.7588090683638,-64.71893163716629,29.67771903382864,35.0,0.12363028739539951,12.514211315235725
11.653306039000022,108.64208323299968,SAT_10125,20.18983481003727,192.31782080645962,98.96975386646425,169.77963076073632,-64.79986523332292,29.64419562311825,35.0,0.12400629955061822,12.540423796154219
11.653306039000022,108.74208323299968,SAT_10125,20.29930841518832,192.9336098354343,98.98229138904863,169.7484542728405,-64.69039162817187,29.687963686101813,35.0,0.12351807947680665,12.506382961956385
11.653306039000022,108.84208323299967,SAT_10125,20.39850864187659,193.4916111105558,98.99346643915301,169.7200998054853,-64.5911914014836,29.727497933864225,35.0,0.12307600633109349,12.475513523531449
11.653306039000022,108.94208323299966,SAT_10125,20.487342007243456,193.99129879074445,99.00332721223758,169.69462446564683,-64.50235803611673,29.76279828600206,35.0,0.12268040034054281,12.447851456131437
11.653306039000022,109.04208323299966,SAT_10125,20.565723373023616,194.43219397325785,99.01191532044088,169.6720803126273,-64.42397667033657,29.793864670728535,35.0,0.122331552708961,12.423429475728865
11.653306039000022,109.14208323299965,SAT_10125,20.63357648032212,194.81386770181192,99.01926631164318,169.65251401614364,-64.35612356303807,29.82069702487168,35.0,0.12202972391257624,12.402276847853527
11.753306039000021,106.04208323299983,SAT_10096,20.972728240966703,196.7215963554377,99.05494655702576,169.55570875409234,-64.01697180239348,29.95488664918271,35.0,0.12051258176015964,12.2956371157237
11.753306039000021,106.4420832329998,SAT_10096,20.777367071329394,195.62268977622784,99.03465371664569,169.6125871210185,-64.2123329720308,29.8782828296557,35.0,0.12137966435365963,12.35664901631434
11.753306039000021,106.5420832329998,SAT_10096,20.701979109723112,195.1986324921925,99.02666112845986,169.63443129562845,-64.28772093363708,29.848595285931967,35.0,0.12171460026799763,12.380170323672589
11.753306039000021,106.6420832329998,SAT_10096,20.61610659871431,194.715599617768,99.01744411028479,169.65924282783516,-64.37359344464588,29.814693214805946,35.0,0.12209634423233662,12.406947487384324
11.753306039000021,106.74208323299979,SAT_10096,20.519833291066945,194.1740622622516,99.00696487061926,169.68697043252465,-64.46986675229324,29.776576685385056,35.0,0.1225246104499085,12.436948394703737
11.753306039000021,106.84208323299978,SAT_10082,20.4233068440563,193.6311009978167,98.99632121386227,169.71521812500885,-64.56639319930389,29.7385300317936,35.0,0.12295068426699059,12.466754421821648
11.753306039000021,106.94208323299978,SAT_10082,20.494450039298698,194.03128147105517,99.00419704344331,169.69480746123864,-64.49525000406149,29.76679444322641,35.0,0.1226339762461568,12.444603009803107
11.753306039000021,107.04208323299977,SAT_10082,20.555062689511473,194.37222762850203,99.01083871166294,169.6773776172701,-64.43463735384871,29.79082607597351,35.0,0.12236427610982578,12.425721536442285
11.753306039000021,107.14208323299977,SAT_10082,20.60508529899259,194.65360480683333,99.01627326111722,169.66296502251058,-64.3846147443676,29.810624881149458,35.0,0.12214178689238353,12.410132816114098
11.753306039000021,107.24208323299976,SAT_10082,20.644468276051995,194.87513405279245,99.02052253671722,169.6516000592375,-64.34523176730819,29.82619081848122,35.0,0.12196667767356495,12.397855848878352
11.753306039000021,107.34208323299976,SAT_10082,20.673172261535726,195.03659397113844,99.02360344249193,169.64330685178453,-64.31652778182446,29.837523856307122,35.0,0.12183908254454014,12.388905703802504
11.753306039000021,107.44208323299975,SAT_10082,20.691168392353845,195.1378222069904,99.02552813802717,169.63810309730647,-64.29853165100634,29.84462397157605,35.0,0.12175909978074285,12.38329342549518
11.753306039000021,107.54208323299974,SAT_10082,20.698438496302998,195.17871654170438,99.02630417853567,169.63599994059322,-64.29126154705719,29.847491149846828,35.0,0.12172679123158196,12.38102596507921
11.753306039000021,107.64208323299974,SAT_10082,20.69497521540798,195.15923558666987,99.02593460136588,169.63700189478402,-64.29472482795221,29.846125385287873,35.0,0.12174218193459803,12.382106136521461
11.753306039000021,107.74208323299973,SAT_10082,20.680782056012404,195.0793990650698,99.02441796066739,169.64110680916156,-64.30891798734778,29.840526680677026,35.0,0.1218052599588815,12.386532598904372
11.753306039000021,107.84208323299973,SAT_10082,20.655873364898312,194.93928767755304,99.02174831089758,169.64830588450624,-64.33382667846188,29.830695047401626,35.0,0.12191597647971505,12.394299864877555
11.753306039000021,107.94208323299972,SAT_10082,20.62027423177679,194.73904255374447,99.01791513884353,169.65858373578297,-64.3694258115834,29.81663050545881,35.0,0.12207424608350381,12.40539833517575
11.753306039000021,108.04208323299972,SAT_10082,20.574020319553384,194.4788642974878,99.01290324281372,169.67191850122373,-64.4156797238068,29.79833308345603,35.0,0.12227994729918039,12.419814358739925
11.753306039000021,108.14208323299971,SAT_10082,20.51715762479084,194.1590116394485,99.00669255658597,169.68828199619136,-64.47254241856935,29.775802818611773,35.0,0.12253292334948009,12.437530317640263
11.753306039000021,108.2420832329997,SAT_10082,20.449742171761045,193.77979971615588,98.99925791455267,169.70763990956326,-64.53995787159914,29.749039756756556,35.0,0.12283298311283733,12.458524735679607
11.753306039000021,108.3420832329997,SAT_10082,20.371839644346835,193.34159799945095,98.9905687532317,169.7299520398005,-64.61786039901335,29.71804395233409,35.0,0.1231799022842141,12.482772409262711
11.753306039000021,108.44208323299969,SAT_10082,20.28352496084969,192.84482790477952,98.98058874287558,169.7551725673372,-64.7061750825105,29.682815468402673,35.0,0.12357342472098452,12.510244558854982
11.753306039000021,108.54208323299969,SAT_10082,20.18488179740237,192.2899601103883,98.96927534124701,169.78325035950633,-64.80481824595782,29.64335437663686,35.0,0.12401326395810648,12.540908999130243
11.753306039000021,108.64208323299968,SAT_10125,20.107947529082864,191.85720485109113,98.9602358297086,169.8028729141994,-64.88175251427732,29.611361278981633,35.0,0.12437174149541178,12.565869137564128
11.753306039000021,108.74208323299968,SAT_10125,20.217108983400976,192.4712380316305,98.97290077572394,169.77187467286632,-64.77259105995921,29.655113635234184,35.0,0.1238846290871246,12.53194539323995
11.753306039000021,108.84208323299967,SAT_10125,20.316023787102665,193.0276338024525,98.98418833110205,169.74368342604012,-64.67367625625752,29.694633695681613,35.0,0.12344356747052812,12.501182958428494
11.753306039000021,108.94208323299966,SAT_10125,20.40459946252379,193.52587197669632,98.99414753667652,169.71835563955293,-64.5851005808364,29.729921379931945,35.0,0.1230488736588517,12.473617447556556
11.753306039000021,109.04208323299966,SAT_10125,20.4827517963342,193.96547885437988,99.0028207286593,169.6959427820545,-64.50694824702599,29.760976616208605,35.0,0.12270083591015218,12.449281245269958
11.753306039000021,109.14208323299965,SAT_10125,20.550405365707846,194.34603018210663,99.01024406916817,169.67649098879892,-64.43929467765234,29.787799341348606,35.0,0.12239971204709461,12.428203318154926
11.853306039000021,106.4420832329998,SAT_10096,20.814204412683694,195.82989982134578,99.03852203844146,169.6018921087348,-64.1754956306765,29.89276360589795,35.0,0.1212160703608131,12.345151057478837
11.853306039000021,106.5420832329998,SAT_10096,20.738756526783362,195.4055054631564,99.03056854106363,169.6237820427944,-64.25094351657683,29.863086922219708,35.0,0.12155118110947329,12.368697214892663
11.853306039000021,106.6420832329998,SAT_10096,20.652816446539845,194.92209251178664,99.02139694151639,169.64864527150996,-64.33688359682034,29.829197252890385,35.0,0.12193312208045273,12.395502456120306
11.853306039000021,106.74208323299979,SAT_10096,20.55646824964502,194.38013390425328,99.01096978066413,169.67643029944276,-64.43323179371517,29.791094667003456,35.0,0.12236160647134073,12.42553455480452
11.853306039000021,106.84208323299978,SAT_10096,20.449804656095495,193.78015119053717,98.99924357666585,169.70708039148292,-64.53989538726469,29.7487792422477,35.0,0.12283631751107522,12.458757920518414
11.853306039000021,106.94208323299978,SAT_10082,20.39679863058734,193.48199229705378,98.99336490066003,169.72281016568073,-64.59290141277285,29.72798271947245,35.0,0.12306873252221548,12.475005234042357
11.853306039000021,107.04208323299977,SAT_10082,20.457206284915543,193.82178535264993,99.00008490227631,169.7054988966101,-64.53249375844464,29.752005663233007,35.0,0.12279975383088054,12.45620077123668
11.853306039000021,107.14208323299977,SAT_10082,20.507058886956443,194.10220623913,99.00558322834206,169.69118470808567,-64.48264115640374,29.771797309878433,35.0,0.12257786251443124,12.440675895682084
11.853306039000021,107.24208323299976,SAT_10082,20.54630748673941,194.32297961290917,99.00988217003841,169.6798975714862,-64.44339255662078,29.787357619141215,35.0,0.12240322562574206,12.42844937865004
11.853306039000021,107.34208323299976,SAT_10082,20.574913236886502,194.48388695748656,99.0129989754523,169.67166128327085,-64.41478680647369,29.798686559364008,35.0,0.12227597564250194,12.41953610692433
11.853306039000021,107.44208323299975,SAT_10082,20.59284765098829,194.58476803680912,99.01494605097116,169.66649329916973,-64.3968523923719,29.805784107498848,35.0,0.12219620965423172,12.41394699104679
11.853306039000021,107.54208323299974,SAT_10082,20.600092794597984,194.62552196961366,99.0157311048635,169.66440461154468,-64.3896072487622,29.808650249106538,35.0,0.12216398876251948,12.41168889756153
11.853306039000021,107.64208323299974,SAT_10082,20.59664140613978,194.60610790953626,99.01535723594627,169.66539967172295,-64.3930586372204,29.807284978356293,35.0,0.12217933770185437,12.412764606151887
11.853306039000021,107.74208323299973,SAT_10082,20.582496946010068,194.52654532130666,99.01382296911312,169.66947635844957,-64.40720309735012,29.80168829802557,35.0,0.1222422446857603,12.41717279224035
11.853306039000021,107.84208323299973,SAT_10082,20.557673573168785,194.38691384907443,99.01112223843059,169.67662599292788,-64.4320264701914,29.791860219500155,35.0,0.12235266148014344,12.424908035283526
11.853306039000021,107.94208323299972,SAT_10082,20.522196049555248,194.18735277874828,99.00724431746593,169.6868334002249,-64.46750399380494,29.777800762774447,35.0,0.1225105037029405,12.435960852651537
11.853306039000021,108.04208323299972,SAT_10082,20.476099573693688,193.928060102027,99.00217369545621,169.70007701613173,-64.5136004696665,29.759509956451982,35.0,0.12271565134634692,12.450317758640397
11.853306039000021,108.14208323299971,SAT_10082,20.419429545849738,193.60929119540478,98.9958898968265,169.71632903790547,-64.57027049751045,29.73698783774616,35.0,0.12296794951517834,12.467961347835965
11.853306039000021,108.2420832329997,SAT_10082,20.35224126803537,193.23135713269895,98.98836724037898,169.73555561669718,-64.63745877532482,29.710234452481224,35.0,0.12326720937233779,12.48887040173651
11.853306039000021,108.3420832329997,SAT_10082,20.274599583020574,192.79462265449075,98.97957453316153,169.75771708889894,-64.71510046033961,29.679249855093428,35.0,0.1236132092799768,12.513020017254117
11.853306039000021,108.44208323299969,SAT_10082,20.18657845726794,192.29950382213218,98.96947469253602,169.78276824314204,-64.80312158609225,29.64403410863244,35.0,0.12400569612279876,12.540381755459848
11.853306039000021,108.54208323299969,SAT_10082,20.08826051334968,191.74646538759197,98.95802428824575,169.8106586192571,-64.9014395300105,29.604587284762985,35.0,0.12444438679810185,12.57092380871828
11.853306039000021,108.64208323299968,SAT_10125,20.015325024270666,191.3362032615225,98.94931966543516,169.82908178626715,-64.97437501908952,29.57412431907542,35.0,0.1247853470358826,12.594632204861913
11.853306039000021,108.74208323299968,SAT_10125,20.12414102498589,191.94829326554563,98.96213266824212,169.79828198884422,-64.8655590183743,29.617860850577017,35.0,0.1242994572493296,12.560838422857762
11.853306039000021,108.84208323299967,SAT_10125,20.222739953848105,192.5029122403956,98.9735509311749,169.7702724421791,-64.76696008951208,29.657366617107595,35.0,0.12385951219378843,12.530194752246784
11.853306039000021,108.94208323299966,SAT_10125,20.311030446171358,192.99954625971392,98.98362448286086,169.7451089024367,-64.67866959718883,29.69264153828634,35.0,0.12346582531859997,12.502736407719869
11.853306039000021,109.04208323299966,SAT_10125,20.388929312545784,193.43772738307004,98.99239650530153,169.722842184616,-64.6007707308144,29.723685542346622,35.0,0.1231186816157773,12.478495406929238
11.95330603900002,106.4420832329998,SAT_10096,20.839866208817327,195.97424742459745,99.04120232528264,169.5944334817514,-64.14983383454286,29.902841302504836,35.0,0.1211021332562059,12.337139522040099
11.95330603900002,106.5420832329998,SAT_10096,20.764385009377776,195.54966567775,99.03327699986268,169.61635290193175,-64.22531503398241,29.87317555883382,35.0,0.12143732812784377,12.36070036275665
11.95330603900002,106.6420832329998,SAT_10096,20.67840744000742,195.06604185004176,99.02413813407662,169.64124944182944,-64.31129260335277,29.839298382615613,35.0,0.12181936348146666,12.387522180657466
11.95330603900002,106.74208323299979,SAT_10096,20.582017787048656,194.5238500521487,99.01374850899958,169.66907147026095,-64.40768225631153,29.801209842929996,35.0,0.12224795187548963,12.417572677105085
11.95330603900002,106.84208323299978,SAT_10096,20.475308998246064,193.92361311513412,99.00206492392842,169.69976210410334,-64.51439104511412,29.758910017450347,35.0,0.12272277583806906,12.450816182623054
11.95330603900002,106.94208323299978,SAT_10096,20.358382102454158,193.26589932630463,98.98903765997869,169.73325957954128,-64.63131794090603,29.71239899244561,35.0,0.12324348971244703,12.487213864097921
11.95330603900002,107.04208323299977,SAT_10082,20.34859880109063,193.2108682561348,98.98795841689818,169.73659664740336,-64.64110124226956,29.708782495376518,35.0,0.12328343723529267,12.490003653007415
11.95330603900002,107.14208323299977,SAT_10082,20.398266341557445,193.49024817126062,98.99352961152562,169.72238999334235,-64.59143370180274,29.728566930093987,35.0,0.12306219581696011,12.474548442737422
11.95330603900002,107.24208323299976,SAT_10082,20.43736866718089,193.71019875289252,98.99788529673997,169.7111878990597,-64.5523313761793,29.744121569306678,35.0,0.12288807233690495,12.462376974089379
11.95330603900002,107.34208323299976,SAT_10082,20.465867486125532,193.87050460945613,99.00104311589305,169.70301380528872,-64.52383255723466,29.755446381361477,35.0,0.12276119751767074,12.453503935789747
11.95330603900002,107.44208323299975,SAT_10082,20.48373472084485,193.9710078047523,99.0030157588683,169.69788490584708,-64.50596532251534,29.76254134321348,35.0,0.12268166715883279,12.447940092722913
11.95330603900002,107.54208323299974,SAT_10082,20.490952694946913,194.0116089090764,99.00381110973015,169.6958120277435,-64.49874734841327,29.76540644042543,35.0,0.12264954154859603,12.445692219546624
11.95330603900002,107.64208323299974,SAT_10082,20.487514251482523,193.9922676645892,99.00343233789317,169.6967995552535,-64.50218579187766,29.7640416671673,35.0,0.12266484509183827,12.446763058699629
11.95330603900002,107.74208323299973,SAT_10082,20.47342280097979,193.9130032555113,99.00187793465034,169.70084539908174,-64.5162772423804,29.75844702621619,35.0,0.1227275661591747,12.451151303355672
11.95330603900002,107.84208323299973,SAT_10082,20.44869229854359,193.7738941793077,98.99914169579343,169.70794101106446,-64.5410077448166,29.74862252895636,35.0,0.1228376571589078,12.458851605549594
11.95330603900002,107.94208323299972,SAT_10082,20.413347150346084,193.57507772069673,98.99521264997753,169.71807144419466,-64.5763528930141,29.734568195379552,35.0,0.12299503483097368,12.469854609368022
11.95330603900002,108.04208323299972,SAT_10082,20.36742205083212,193.31674903593066,98.99007493138701,169.7312154570887,-64.62227799252807,29.716284054085484,35.0,0.1231995807592616,12.48414700876561
11.95330603900002,108.14208323299971,SAT_10082,20.310961752933054,192.99915986024845,98.98370759411844,169.7473456613665,-64.67873829042713,29.693770142282602,35.0,0.12345114209603199,12.501711629247202
11.95330603900002,108.2420832329997,SAT_10082,20.24402077449153,192.62261685651487,98.97608436446458,169.7664287098151,-64.74567926886866,29.667026505789032,35.0,0.12374953248964082,12.522527532352948
11.95330603900002,108.3420832329997,SAT_10082,20.16666304493586,192.18747962776422,98.96717332592009,169.78842552264945,-64.82303699842433,29.63605319903377,35.0,0.12409453320445628,12.5465701416042
11.95330603900002,108.44208323299969,SAT_10082,20.078961496980767,191.69415842051683,98.95693653018284,169.8132915486984,-64.91073854637942,29.600850285058076,35.0,0.12448589441976547,12.57381138831933
11.95330603900002,108.54208323299969,SAT_10082,19.980997608760788,191.1431115492794,98.94532952563564,169.84097705792936,-65.0087024345994,29.5614178355171,35.0,0.1249233366926604,12.604219875494483
11.95330603900002,108.64208323299968,SAT_10125,19.91205619193174,190.75531607961605,98.93695601090995,169.85820314293593,-65.07764385142845,29.532484817637343,35.0,0.12524681104743612,12.626678715082413
11.95330603900002,108.74208323299968,SAT_10125,20.02049466833708,191.36528250939608,98.94993887949529,169.8276212005453,-64.96920537502311,29.57620540639456,35.0,0.12476225489650435,12.593027325975857
11.95330603900002,108.84208323299967,SAT_10125,20.118748405223187,191.91795977938045,98.9615070837396,169.79981110903267,-64.870951638137,29.615696772430365,35.0,0.12432352781209616,12.562513773722594
11.95330603900002,108.94208323299966,SAT_10125,20.20672725244387,192.41284079499678,98.97171179261866,169.77482785048858,-64.78297279091632,29.650958835374805,35.0,0.12393093934707834,12.535172836455468
11.95330603900002,109.04208323299966,SAT_10125,20.28434913771703,192.8494638996583,98.98059716420717,169.75272152708777,-64.70535090564316,29.681991523470966,35.0,0.12358477092329645,12.511036131103063
11.95330603900002,109.14208323299965,SAT_10125,20.351540573053484,193.22741572342588,98.98820090542942,169.73353703793686,-64.6381594703067,29.708794773573146,35.0,0.12328527420675768,12.490131931736235
11.95330603900002,109.24208323299965,SAT_10125,20.408237117301326,193.54633378481995,98.99455473962124,169.7173137834902,-64.58146292605886,29.731368531145215,35.0,0.12303266963101926,12.472485004082873
12.05330603900002,106.84208323299978,SAT_10096,20.48973837779502,194.00477837509698,99.00365574952353,169.69561878881993,-64.49996166556517,29.76463808078681,35.0,0.12265854761383234,12.446322409918219
12.05330603900002,106.94208323299978,SAT_10096,20.372802880427187,193.34701620240295,98.99065824827635,169.7291357220256,-64.616897162933,29.718144333454287,35.0,0.12317924549178073,12.482726528869902
12.05330603900002,107.04208323299977,SAT_10096,20.2457575034974,192.63238595717286,98.97626379244628,169.7653946686421,-64.74394253986279,29.667441045852875,35.0,0.12374545844166235,12.522243458631898
12.05330603900002,107.14208323299977,SAT_10082,20.278814569647807,192.81833195426893,98.98005887625754,169.75651554452395,-64.71088547371238,29.680933827992824,35.0,0.12359442080825657,12.511709336372988
12.05330603900002,107.24208323299976,SAT_10082,20.31775925445683,193.0373958063197,98.98447883279519,169.74540536916697,-64.67194078890336,29.69648275518355,35.0,0.12342085012957,12.499597324790361
12.05330603900002,107.34208323299976,SAT_10082,20.346142834833344,193.19705344593757,98.98768310469202,169.73729849657542,-64.64355720852684,29.70780340851218,35.0,0.12329437925839594,12.490767741205199
12.05330603900002,107.44208323299975,SAT_10082,20.363937671960727,193.29714940477908,98.98968470487107,169.73221183970392,-64.62576237139946,29.714895764936816,35.0,0.12321510260674878,12.485231194025603
12.05330603900002,107.54208323299974,SAT_10082,20.371126366336796,193.33758581064447,98.99049171769379,169.73015604825403,-64.61857367702339,29.717759810022056,35.0,0.1231830795879443,12.482994359203477
12.05330603900002,107.64208323299974,SAT_10082,20.36770187327214,193.31832303715578,98.99010739300745,169.73113543460437,-64.62199817008805,29.71639553793864,35.0,0.1231983342523344,12.48405993916998
12.05330603900002,107.74208323299973,SAT_10082,20.35366754978851,193.23937996756038,98.9885301838236,169.7351479437286,-64.63603249357168,29.710802951463307,35.0,0.12326085513949898,12.488426646166875
12.05330603900002,107.84208323299973,SAT_10082,20.329037132260197,193.10083386896363,98.98575372839157,169.74218516753734,-64.66066291109999,29.70098206197884,35.0,0.1233705953487046,12.496089210192775
12.05330603900002,107.94208323299972,SAT_10082,20.293834645112156,192.9028198787559,98.98176677630374,169.75223240343595,-64.69586539824803,29.686932889474384,35.0,0.12352747282676702,12.507038411459684
12.05330603900002,108.04208323299972,SAT_10082,20.24809424185875,192.6455301104555,98.976553057131,169.76526875624313,-64.74160580150144,29.668655462545953,35.0,0.12373137086979877,12.521261136934463
12.05330603900002,108.14208323299971,SAT_10082,20.19185998070148,192.32921239144582,98.97009108889587,169.78126728199499,-64.79784006265871,29.646149818397156,35.0,0.12398213883274695,12.538740460228135
12.05330603900002,108.2420832329997,SAT_10082,20.125185537791594,191.95416865007772,98.9623539224087,169.80019517156853,-64.8645145055686,29.619416002840175,35.0,0.12427959303818056,12.55945574380207
12.05330603900002,108.3420832329997,SAT_10082,20.048133862064475,191.5207529741127,98.95330881606885,169.8220139715305,-64.94156618129571,29.588454070296933,35.0,0.12462351787352796,12.58338276218861
12.05330603900002,108.44208323299969,SAT_10082,19.960776776284874,191.02936936660242,98.94291683412062,169.84667983912988,-65.02892326707531,29.5532640838005,35.0,0.12501366706393222,12.610493844681999
12.05330603900002,108.54208323299969,SAT_10082,19.863194529534056,190.48046922862906,98.93113235948213,169.87414382796968,-65.12650551382613,29.513846114996717,35.0,0.12544976510612937,12.640758035747034
12.05330603900002,108.64208323299968,SAT_10125,19.803078445144322,190.14231625393683,98.92368293634014,169.88882051660335,-65.18662159821586,29.48840392729556,35.0,0.12573414624868423,12.6604708626594
12.05330603900002,108.74208323299968,SAT_10125,19.906268649689594,190.72276115450398,98.93626351963235,169.8598320922996,-65.0834313936706,29.530147385735447,35.0,0.12527268294401298,12.628474004162435
12.05330603900002,108.84208323299967,SAT_10125,20.0041491029763,191.2733387042417,98.94800210765933,169.8322384291684,-64.98555094038389,29.569624244722178,35.0,0.12483527131382759,12.598101484623841
12.05330603900002,108.94208323299966,SAT_10125,20.091790956499523,191.7663241303098,98.95835583611988,169.8074507755552,-64.89790908686066,29.6048733542907,35.0,0.12444386917278322,12.570887796423383
12.05330603900002,109.04208323299966,SAT_10125,20.169113342142765,192.20126254955304,98.96736997962292,169.78551846571892,-64.82058670121742,29.635894642693547,35.0,0.12409875408574737,12.546864124106296
12.05330603900002,109.14208323299965,SAT_10125,20.23604385979087,192.57774671132364,98.9750831913725,169.76648570429828,-64.75365618356932,29.66268804679333,35.0,0.12380017424605266,12.52605835181833
12.15330603900002,107.14208323299977,SAT_10082,20.1488185685957,192.08710444835083,98.96510956885314,169.79349116564674,-64.84088147476449,29.628898098560185,35.0,0.12417414308412615,12.552114264593802
12.15330603900002,107.24208323299976,SAT_10082,20.18759480757528,192.30522079261095,98.96960184712535,169.7824794271921,-64.80210523578491,29.644441271766166,35.0,0.12400116280544668,12.54006591755353
12.15330603900002,107.34208323299976,SAT_10082,20.21585525349468,192.4641858009076,98.97285838772422,169.7744445397063,-64.7738447898655,29.65575773581709,35.0,0.12387512335302062,12.531282862623266
12.15330603900002,107.44208323299975,SAT_10082,20.233572733718617,192.56384662716724,98.97489256951133,169.7694031179314,-64.75612730964157,29.662847467673966,35.0,0.12379611766041547,12.525775541723727
12.15330603900002,107.54208323299974,SAT_10082,20.240730142942553,192.60410705405187,98.97571270371958,169.76736562332005,-64.74896990041763,29.665710452903216,35.0,0.12376420420880414,12.523550525791997
12.15330603900002,107.64208323299974,SAT_10082,20.237320555748937,192.58492812608776,98.97532213129479,169.7683362919209,-64.75237948761125,29.66434668567632,35.0,0.12377940667082363,12.524610474695852
12.15330603900002,107.74208323299973,SAT_10082,20.223347272311315,192.50632840675115,98.97371926189118,169.77231310508932,-64.76635277104887,29.658756168769656,35.0,0.12384171376606942,12.528954120963137
12.15330603900002,107.84208323299973,SAT_10082,20.198823796604913,192.36838385590264,98.97089755531847,169.77928780345172,-64.79087624675527,29.64893891356458,35.0,0.12395107932997947,12.536576277538156
12.15330603900002,107.94208323299972,SAT_10082,20.16377374743162,192.17122732930287,98.96684544506144,169.78924594391697,-64.82592629592857,29.634894940047708,35.0,0.1241074225952713,12.547467869464025
12.15330603900002,108.04208323299972,SAT_10082,20.118230703495357,191.91504770716136,98.96154620230114,169.80216699891457,-64.87146933986483,29.616624276811443,35.0,0.12431062868252307,12.56161598907919
12.15330603900002,108.14208323299971,SAT_10082,20.06223798467458,191.6000886637945,98.95497773762187,169.81802449643106,-64.9274620586856,29.5941269610547,35.0,0.12456054929399261,12.579003974015253
12.15330603900002,108.2420832329997,SAT_10125,20.055685735604044,191.56323226277274,98.95411314749214,169.81767159588043,-64.93401430775614,29.59036329136113,35.0,0.12460508320245184,12.582100920034396
12.15330603900002,108.3420832329997,SAT_10125,20.046617159806118,191.51222152390943,98.95304249616635,169.82023673625136,-64.94308288355407,29.586716304519456,35.0,0.12464558190058544,12.584916869921587
12.15330603900002,108.44208323299969,SAT_10125,20.027148664327967,191.40271123684485,98.95073870718339,169.8257408498446,-64.96255137903222,29.578883556905133,35.0,0.124732533581597,12.590961552511162
12.15330603900002,108.54208323299969,SAT_10125,19.997298542538772,191.23480430178057,98.94719228924883,169.8341727618029,-64.99240150082142,29.566865064538277,35.0,0.12486587558481492,12.60022792797197
12.15330603900002,108.64208323299968,SAT_10125,19.957094720662937,191.00865780372902,98.94238854412995,169.84551541699417,-65.03260532269725,29.550660852000547,35.0,0.12504551221871915,12.612705245484902
12.15330603900002,108.74208323299968,SAT_10125,19.9065745790207,190.72448200699145,98.93630739296948,169.8597459943341,-65.08312546433949,29.530270952435732,35.0,0.12527131533010508,12.628379107111009
12.15330603900002,108.84208323299967,SAT_10125,19.879050079633956,190.569656697941,98.93297305777907,169.86748855269303,-65.11064996372623,29.519149125841714,35.0,0.12539437138807222,12.63691616548685
12.15330603900002,108.94208323299966,SAT_10125,19.966330776307842,191.06061061673162,98.94349489167068,169.84291107200764,-65.02336926705235,29.554385186913514,35.0,0.12500423967769805,12.609839142280524
12.15330603900002,109.04208323299966,SAT_10125,20.043332203081988,191.4937436423362,98.95265428162699,169.82116571917624,-64.9463678402782,29.585394991912175,35.0,0.12466025258977347,12.585936860424368
12.15330603900002,109.14208323299965,SAT_10125,20.109983120241594,191.86865505135896,98.96049095596408,169.80229595858506,-64.8797169231186,29.612178477708394,35.0,0.12436265460388908,12.565236787638042
12.25330603900002,107.24208323299976,SAT_10082,20.0469982939823,191.51436540365043,98.95318472630743,169.8223350912157,-64.94270174937789,29.58799722284001,35.0,0.12462858794741868,12.583735293054778
12.25330603900002,107.34208323299976,SAT_10082,20.075128140333646,191.67259578937677,98.95649978726473,169.81437667804545,-64.91457190302654,29.59930946706822,35.0,0.12450300600220648,12.575001686047118
12.25330603900002,107.44208323299975,SAT_10082,20.092763575367144,191.7717951114402,98.95857044626258,169.80938331102726,-64.89693646799304,29.606396555221043,35.0,0.12442428765133932,12.56952542453548
12.25330603900002,107.54208323299974,SAT_10082,20.09988780370827,191.81186889585902,98.95940527041365,169.8073652534669,-64.88981223965192,29.609258472866674,35.0,0.12439249039099774,12.56731296866068
12.25330603900002,107.64208323299974,SAT_10082,20.09649402558621,191.79277889392242,98.95900770340404,169.80832666107125,-64.89320601777398,29.607895214177308,35.0,0.12440763749470135,12.568366933385331
12.25330603900002,107.74208323299973,SAT_10125,20.088790157919476,191.7494446382971,98.95801274626042,169.80830074722337,-64.90090988544071,29.603667987783798,35.0,0.12445726652413622,12.571819859477005
12.25330603900002,107.84208323299973,SAT_10125,20.131823245693653,191.99150575702683,98.96304460340126,169.79610313482942,-64.85787679766653,29.620943143882943,35.0,0.12426516838307466,12.558451638336976
12.25330603900002,107.94208323299972,SAT_10125,20.164470934098887,192.17514900430626,98.966838998805,169.78683695211976,-64.8252291092613,29.634034186460486,35.0,0.12411946933393589,12.548306874268093
12.25330603900002,108.04208323299972,SAT_10125,20.18670231954178,192.3002005474225,98.96941147225422,169.78052108711705,-64.80299772381841,29.64294108873763,35.0,0.12402027514586554,12.541397450293113
12.25330603900002,108.14208323299971,SAT_10125,20.19849625543182,192.366541436804,98.97077249012307,169.7771684679659,-64.79120378792837,29.64766383249502,35.0,0.12396765816357104,12.537731494293917
12.25330603900002,108.2420832329997,SAT_10125,20.199841489350774,192.3741083775981,98.97092756731915,169.7767859750888,-64.78985855400941,29.648202408072272,35.0,0.1239616568726102,12.537313330120275
12.25330603900002,108.3420832329997,SAT_10125,20.19073673633055,192.32289414185934,98.96987733123387,169.77937439424602,-64.79896330702964,29.64455681436774,35.0,0.12400227566738449,12.54014345148398
12.25330603900002,108.44208323299969,SAT_10125,20.171190687235693,192.21294761570078,98.96761752900434,169.78492841116466,-64.8185093561245,29.63672705883847,35.0,0.12408948482461463,12.546218518973692
12.25330603900002,108.54208323299969,SAT_10125,20.1412219521293,192.0443734807273,98.9641389782345,169.79343664781968,-64.84847809123089,29.624713157500413,35.0,0.12422322068261658,12.555531380229002
12.25330603900002,108.64208323299968,SAT_10125,20.100858939406706,191.81733153416272,98.95942746017211,169.80488173984384,-64.88884110395348,29.608515134928798,35.0,0.12440338602422998,12.56807111301421
12.25330603900002,108.74208323299968,SAT_10125,20.050139672353623,191.53203565698917,98.95346355315434,169.81924045396596,-64.93956037100656,29.588133024258777,35.0,0.12462985065883014,12.583823090640553
12.25330603900002,108.84208323299967,SAT_10125,19.989111545623814,191.18875244413394,98.94622240287363,169.8364838438199,-65.00058849773637,29.563566867186232,35.0,0.12490245219653326,12.602769068906172
12.25330603900002,108.94208323299966,SAT_10125,19.917831024914037,190.78779951514144,98.93767342463704,169.85657744194756,-65.07186901844615,29.534816713968837,35.0,0.1252209970055283,12.624887293461898
12.25330603900002,109.04208323299966,SAT_10125,19.907123524053844,190.72756982280288,98.93638062224667,169.8595915019323,-65.08257651930634,29.53049267181318,35.0,0.12526886135610224,12.628208827831113
12.25330603900002,109.14208323299965,SAT_10125,19.973477132834745,191.10080887219544,98.94435578201511,169.8408953939779,-65.01622291052544,29.557266167020266,35.0,0.12497230706575259,12.607621376502069
12.35330603900002,107.64208323299974,SAT_10125,20.168553760599664,192.19811490337312,98.96731561012678,169.78567740338025,-64.82114628276052,29.635670402936775,35.0,0.12410125100165877,12.547038031315386
12.35330603900002,107.74208323299973,SAT_10125,20.222126973109795,192.4994642237426,98.97349460731327,169.77044687445948,-64.76757307025039,29.657121378928196,35.0,0.12386224633999308,12.530385328379108
12.35330603900002,107.84208323299973,SAT_10125,20.265318193104804,192.74241483621455,98.97843796993794,169.75814701888723,-64.72438185025538,29.674389886928644,35.0,0.12366962499978011,12.516955093297023
12.35330603900002,107.94208323299972,SAT_10125,20.29808631393786,192.92673551590048,98.98216586652836,169.74880297113813,-64.69161372942233,29.68747589160833,35.0,0.12352352758009862,12.506763122312423
12.35330603900002,108.04208323299972,SAT_10125,20.32039993717224,193.05224964659388,98.98469336990375,169.74243393693905,-64.66930010618795,29.69637936619536,35.0,0.12342406141037539,12.499821474033883
12.35330603900002,108.14208323299971,SAT_10125,20.33223757659819,193.1188363683648,98.98603063272535,169.73905306255122,-64.657462466762,29.701100292475065,35.0,0.12337129990492177,12.496138396780923
12.35330603900002,108.2420832329997,SAT_10125,20.333587798746223,193.12643136794753,98.986183004859,169.73866734469908,-64.65611224461396,29.70163866078955,35.0,0.1233652821190894,12.495718278585331
12.35330603900002,108.3420832329997,SAT_10125,20.324449297959404,193.07502730102166,98.98515109493195,169.7412775824335,-64.66525074540078,29.697994470037443,35.0,0.12340601251237557,12.498561620492351
12.35330603900002,108.44208323299969,SAT_10125,20.304830904977734,192.96467384049976,98.98293077732293,169.7468783716273,-64.68486913838245,29.690167727673884,35.0,0.12349346092133938,12.504665033507695
12.35330603900002,108.54208323299969,SAT_10125,20.27475152892154,192.79547735018366,98.97951314472714,169.75545814217674,-64.71494851443865,29.67815844971069,35.0,0.12362756274265635,12.51402125922995
12.35330603900002,108.64208323299968,SAT_10125,20.234240033472886,192.56760018828498,98.97488440534063,169.76699923737908,-64.7554600098873,29.66196666071677,35.0,0.12380821932409888,12.52661921390089
12.35330603900002,108.74208323299968,SAT_10125,20.18333504897467,192.28125965048253,98.96902572258332,169.78147803434038,-64.80636499438552,29.641592393818744,35.0,0.12403529855873874,12.542444055305136
12.35330603900002,108.84208323299967,SAT_10125,20.12208472301917,191.93672656698283,98.9619129940805,169.7988651037051,-64.86761532034102,29.617035690701762,35.0,0.12430863567527724,12.561477271662381
12.35330603900002,108.94208323299966,SAT_10125,20.050546412914642,191.53432357264487,98.9535165653129,169.81912540645413,-64.93915363044555,29.588296601610548,35.0,0.12462803421517063,12.583696791386794
12.35330603900002,109.04208323299966,SAT_10125,19.968786324131855,191.0744230732417,98.9438008718732,169.84221852504987,-65.02091371922833,29.555375185350677,35.0,0.12499326718517728,12.609077112343945
12.35330603900002,109.14208323299965,SAT_10125,19.8768790994758,190.55744493455137,98.93272400257975,169.86809892578026,-65.11282094388439,29.51827150929003,35.0,0.125404078372148,12.637589449022006
12.453306039000019,107.64208323299974,SAT_10125,20.29120586249948,192.88803297655957,98.98138668079812,169.75076586941012,-64.6984941808607,29.68472925946414,35.0,0.12355420138760831,12.50890336952713
12.453306039000019,107.74208323299973,SAT_10125,20.34495938408351,193.19039653546974,98.98746632521005,169.73541809887055,-64.64474065927668,29.706171919407748,35.0,0.12331460257975435,12.492179877234117
12.453306039000019,107.84208323299973,SAT_10125,20.38829669464164,193.4341689073592,98.99233055659407,169.72302325854784,-64.60140334871855,29.723433732813888,35.0,0.12312149999094738,12.478692322993641
12.453306039000019,107.94208323299972,SAT_10125,20.42117608402532,193.61911547264242,98.99599898681792,169.71360687064572,-64.56852395933487,29.73651466436174,35.0,0.12297503611929143,12.468456716931593
12.453306039000019,108.04208323299972,SAT_10125,20.443565690911754,193.7450570113786,98.99848627411491,169.7071884384141,-64.54613435244843,29.745414687286207,35.0,0.1228753197484081,12.461485281572124
12.453306039000019,108.14208323299971,SAT_10125,20.455443711381292,193.81187087651978,98.99980229258465,169.70378131239147,-64.5342563319789,29.75013378337725,35.0,0.12282242528954906,12.457786377675133
12.453306039000019,108.2420832329997,SAT_10125,20.45679854258681,193.8194918020508,98.99995224553219,169.7033925982285,-64.53290150077338,29.750671942979423,35.0,0.12281639232917062,12.457364453195126
12.453306039000019,108.3420832329997,SAT_10125,20.44762885951458,193.7679123347695,98.99893672492104,169.70602310742552,-64.54207118384561,29.747029164991634,35.0,0.12285722538744671,12.460220016024262
12.453306039000019,108.44208323299969,SAT_10125,20.42794362376422,193.65718288367373,98.99675171812501,169.711667351697,-64.56175641959597,29.73920545686713,35.0,0.12294489389065946,12.466349630875428
12.453306039000019,108.54208323299969,SAT_10125,20.39776202422341,193.48741138625667,98.99338856211308,169.7203135810464,-64.59193801913678,29.72720083461366,35.0,0.123079332357804,12.475745940346215
12.453306039000019,108.64208323299968,SAT_10125,20.35711335046817,193.25876259638346,98.98883384415518,169.73194386499836,-64.63258669289202,29.711015322793905,35.0,0.12326044079913445,12.488397709888435
12.453306039000019,108.74208323299968,SAT_10125,20.306036800654198,192.97145700367986,98.98306924705993,169.74653421581195,-64.68366324270599,29.69064895452606,35.0,0.12348808532181871,12.504289896098287
12.453306039000019,108.84208323299967,SAT_10125,20.244581226555624,192.62576939937537,98.97607133581154,169.764054751908,-64.74511881680456,29.666101771484694,35.0,0.12376209893541465,12.523403737445848
12.453306039000019,108.94208323299966,SAT_10125,20.172804819233676,192.22202710818942,98.96781128122136,169.78446989919428,-64.81689522412651,29.637373823901772,35.0,0.12408228254758422,12.545716866286417
12.453306039000019,109.04208323299966,SAT_10125,20.090774739567507,191.76060791006722,98.95825451480754,169.8077386274767,-64.89892530379268,29.604465170567924,35.0,0.1244484061383667,12.57120344074553
12.453306039000019,109.14208323299965,SAT_10125,19.998566698525863,191.24193767920798,98.94736030750737,169.83381471871863,-64.99113334483432,29.56737587883391,35.0,0.12486021009948561,12.599834294850128
12.453306039000019,109.24208323299965,SAT_10125,19.896264492596686,190.66648777085635,98.93508126295154,169.86264706355882,-65.0934355507635,29.52610602461231,35.0,0.12531740672358774,12.6315771050934
12.553306039000018,107.64208323299974,SAT_10125,20.40325185236503,193.51829166955332,98.99400211202973,169.71874157304268,-64.58644819099516,29.7293852252791,35.0,0.12305487673144642,12.474036966500138
12.553306039000018,107.74208323299973,SAT_10125,20.457170060048142,193.8215815877708,98.999993360314,169.7032860030438,-64.53252998331205,29.75081951143736,35.0,0.12281473800050641,12.45724875370511
12.553306039000018,107.84208323299973,SAT_10125,20.50064081422485,194.0661045800148,99.00478718230768,169.69080382355702,-64.48905922913534,29.768074583769547,35.0,0.12262119804376702,12.443708791304097
12.553306039000018,107.94208323299972,SAT_10125,20.533621846396144,194.25162288597832,99.00840269777589,169.68132091590212,-64.45607819696404,29.781150406963686,35.0,0.12247440111017499,12.43343328691544
12.553306039000018,108.04208323299972,SAT_10125,20.55608086694511,194.37795487656624,99.01085419838697,169.67485705892148,-64.43361917641508,29.79004695426138,35.0,0.12237445732417723,12.426434614430805
12.553306039000018,108.14208323299971,SAT_10125,20.567995777966445,194.44497625106126,99.01215131191528,169.6714257923852,-64.42170426539374,29.794764207457153,35.0,0.12232144201629494,12.422721238449395
12.553306039000018,108.2420832329997,SAT_10125,20.5693548198756,194.45262086180026,99.01229911205618,169.671034322853,-64.42034522348459,29.795302156897968,35.0,0.12231539526272818,12.422297662266848
12.553306039000018,108.3420832329997,SAT_10125,20.560156649746702,194.4008811548252,99.01129817603648,169.6736834733581,-64.42954339361349,29.791660801483015,35.0,0.12235632163960299,12.425164400098804
12.553306039000018,108.44208323299969,SAT_10125,20.540410350273632,194.2898082202892,99.00914459115718,169.6793676776508,-64.44928969308656,29.783840148663675,35.0,0.12244419019487365,12.431317973904566
12.553306039000018,108.54208323299969,SAT_10125,20.510135369224315,194.11951145188678,99.00582991039761,169.6880750190887,-64.47956467413587,29.77184021444369,35.0,0.12257893463822536,12.440750934852627
12.553306039000018,108.64208323299968,SAT_10125,20.46936139024841,193.8901578201473,99.0013410562055,169.69978731359916,-64.52033865311178,29.75566102337958,35.0,0.12276045374664722,12.45345190914556
12.553306039000018,108.74208323299968,SAT_10125,20.418128136847585,193.60197076976766,98.9956601705647,169.71448023550917,-64.5715719065126,29.73530260858126,35.0,0.1229886119807231,12.469405667603974
12.553306039000018,108.84208323299967,SAT_10125,20.35648511223809,193.25522875633928,98.98876440833462,169.73212348442556,-64.6332149311221,29.71076501171286,35.0,0.12326324030417267,12.488593218105212
12.553306039000018,108.94208323299966,SAT_10125,20.28449127868973,192.8502634426297,98.98062566965717,169.75268099077817,-64.70520876467046,29.682048282993744,35.0,0.1235841371968231,12.510991919689207
12.553306039000018,109.04208323299966,SAT_10125,20.20221468067774,192.3874575788123,98.97121026588181,169.77611115714598,-64.78748536268245,29.64915248119983,35.0,0.12395106984904893,12.536575616887257
12.553306039000018,109.14208323299965,SAT_10125,20.109732016868207,191.86724259488366,98.9604785119223,169.80236713202828,-64.87996802649198,29.612077673664995,35.0,0.12436377552382868,12.565314792604863
12.653306039000018,107.64208323299974,SAT_10125,20.504582961198693,194.08827915674266,99.0052197631149,169.68967093238456,-64.4851170821615,29.76963821136406,35.0,0.12260364988887293,12.442480711252115
12.653306039000018,107.74208323299973,SAT_10125,20.558649529767663,194.3924036049431,99.0111328729737,169.6741174548286,-64.43105051359252,29.791064066019114,35.0,0.12236302768785656,12.425634097095184
12.653306039000018,107.84208323299973,SAT_10125,20.602240510213335,194.63760286995003,99.01586445239535,169.6615559472006,-64.38745953314685,29.808312350813534,35.0,0.12216909605295799,12.412046840706827
12.653306039000018,107.94208323299972,SAT_10125,20.63531312410386,194.82363632308423,99.01943318858252,169.6520126191513,-64.35438691925633,29.821383030444075,35.0,0.12202200082679719,12.401735329722316
12.653306039000018,108.04208323299972,SAT_10125,20.65783469063473,194.95032013482034,99.02185305094336,169.64550750151238,-64.33186535272546,29.830276078158946,35.0,0.12192185335436737,12.394712076017658
12.653306039000018,108.14208323299971,SAT_10125,20.6697828433676,195.01752849394276,99.02313345067643,169.64205430709083,-64.31991719999259,29.834991475757157,35.0,0.12186872980303816,12.390985638855888
12.653306039000018,108.2420832329997,SAT_10125,20.6711456795465,195.02519444744905,99.02327934751345,169.64166033472142,-64.31855436381369,29.835529213588064,35.0,0.12186267069485714,12.390560571985462
12.653306039000018,108.3420832329997,SAT_10125,20.66192183988396,194.97331034934726,99.02229130572312,169.64432641798342,-64.32777820347623,29.83188929055113,35.0,0.12190368065688796,12.393437395387044
12.653306039000018,108.44208323299969,SAT_10125,20.642120517687005,194.86192791198943,99.02016550047166,169.65004691933385,-64.34757952567318,29.824071714095886,35.0,0.12199172839266537,12.399612592042548
12.653306039000018,108.54208323299969,SAT_10125,20.61176139719359,194.69115785921394,99.01689367466447,169.65880976974427,-64.3779386461666,29.812076500222133,35.0,0.12212674687511953,12.40907862976934
12.653306039000018,108.64208323299968,SAT_10125,20.57087452199123,194.4611691862007,99.01246304542487,169.67059655326037,-64.41882552136896,29.795903673480325,35.0,0.12230863375858826,12.42182400783033
12.653306039000018,108.74208323299968,SAT_10125,20.519500095383876,194.17218803653432,99.00685615837216,169.68538263523817,-64.47019994797631,29.7755532669722,35.0,0.12253725200485252,12.437833327705487
12.653306039000018,108.84208323299967,SAT_10125,20.457688215496447,193.8244962121675,99.00005068680264,169.70313733240064,-64.53201182786374,29.75102532235159,35.0,0.1228124307155622,12.45708738709913
12.653306039000018,108.94208323299966,SAT_10125,20.385498548790864,193.41842933694863,98.99201917172483,169.72382412226608,-64.60420149456932,29.722319889825474,35.0,0.12313396616101459,12.479563295967703
12.653306039000018,109.04208323299966,SAT_10125,20.302999946441986,192.95437469873616,98.98272869740599,169.74740088898997,-64.6867000969182,29.68943702815523,35.0,0.1235016229930611,12.505234613090398
12.653306039000018,109.14208323299965,SAT_10125,20.210270008704512,192.43276879896288,98.97214049560905,169.77382020221026,-64.77943003465568,29.652376804658093,35.0,0.12391513562799122,12.534071501475513
12.653306039000018,109.44208323299964,SAT_10125,19.87158902618397,190.52768827228485,98.93210342141533,169.86958604078603,-65.11811101717622,29.516132764752527,35.0,0.12542773219949788,12.639230008943214
12.753306039000018,107.64208323299974,SAT_10125,20.595098917340266,194.59743141003898,99.01508987008675,169.66361524358865,-64.39460112601992,29.805488137486282,35.0,0.1222008640020722,12.414273155915481
12.753306039000018,107.74208323299973,SAT_10125,20.649296868918128,194.90229488766445,99.0209344970399,169.64797416899495,-64.34040317444206,29.826905502939734,35.0,0.12195981684626571,12.397374691540575
12.753306039000018,107.84208323299973,SAT_10125,20.692994328096304,195.14809309554173,99.02561152243044,169.63534168442612,-64.29670571526388,29.844146953748258,35.0,0.12176554089623089,12.383745443689792
12.753306039000018,107.94208323299972,SAT_10125,20.7261480579935,195.33458282621342,99.02913925617224,169.6257442950382,-64.26355198536669,29.85721245461719,35.0,0.12161818342269348,12.373401961522974
12.753306039000018,108.04208323299972,SAT_10125,20.74872502608541,195.46157827173042,99.0315313865572,169.61920225847675,-64.24097501727478,29.866101978801264,35.0,0.12151785686445664,12.366356880734845
12.753306039000018,108.14208323299971,SAT_10125,20.760702624482107,195.52895226271184,99.03279713584202,169.61572944330473,-64.22899741887808,29.87081550810392,35.0,0.12146463813887688,12.362618845538394
12.753306039000018,108.2420832329997,SAT_10125,20.7620688216888,195.5366371219995,99.03294136433024,169.61533323142146,-64.22763122167139,29.87135303287686,35.0,0.12145856816758305,12.362192454959208
12.753306039000018,108.3420832329997,SAT_10125,20.752822243705793,195.48462512084507,99.031964624985,169.61801446589928,-64.2368777996544,29.867714552019812,35.0,0.12149965162329107,12.365078234151627
12.753306039000018,108.44208323299969,SAT_10125,20.732972183303303,195.37296853108109,99.02986316963165,169.62376744501802,-64.25672786005688,29.859900072980498,35.0,0.1215878569008556,12.3712726311185
12.753306039000018,108.54208323299969,SAT_10125,20.70253853734374,195.20177927255855,99.026628906871,169.63257996258005,-64.28716150601645,29.847909611754822,35.0,0.12172311631291843,12.380768038878301
12.753306039000018,108.64208323299968,SAT_10125,20.661551673042823,194.97122816086588,99.02224931088669,169.6444333939126,-64.32814837031736,29.831743192887267,35.0,0.12190532650772425,12.393552842784313
12.753306039000018,108.74208323299968,SAT_10125,20.610052225074128,194.68154376604198,99.01670727936856,169.65930282628523,-64.37964781828606,29.8114008494715,35.0,0.12213434910393935,12.409611492368388
12.753306039000018,108.84208323299967,SAT_10125,20.54809082637071,194.33301089833526,99.00998093775102,169.67715723184153,-64.44160921698948,29.786882623151225,35.0,0.12241001153468828,12.42892459676448
12.753306039000018,108.94208323299966,SAT_10125,20.475727776375905,193.92596874211446,99.0020433858507,169.69795968054365,-64.51397226698428,29.75818856412118,35.0,0.12273210809057461,12.45146904247124
12.753306039000018,109.04208323299966,SAT_10125,20.393032651290696,193.46080866351016,98.99286238173836,169.72166759010287,-64.59666739206949,29.725318731128436,35.0,0.12310040114922355,12.477218131945838
12.753306039000018,109.14208323299965,SAT_10125,20.30008386155758,192.93797172126142,98.98239995625279,169.74823300941225,-64.6896161818026,29.68827319147383,35.0,0.12351462257692294,12.506141741287262
12.753306039000018,109.24208323299965,SAT_10125,20.196968162395564,192.35794591347505,98.9706119499018,169.7776029316205,-64.79273188096462,29.647052021013646,35.0,0.12397447528627412,12.538206495071506
12.853306039000017,107.54208323299974,SAT_10125,20.609928426165354,194.68084739718012,99.01669216358654,169.65933853824822,-64.37977161719483,29.811351909274446,35.0,0.12213489975296234,12.4096500884681
12.853306039000017,107.64208323299974,SAT_10125,20.674708590761412,195.04523582303295,99.02365570968811,169.6406302693162,-64.31499145259878,29.83693493219554,35.0,0.12184683043966599,12.389449285038438
12.853306039000017,107.74208323299973,SAT_10125,20.72902035067905,195.35073947256964,99.02944099370411,169.62491229151544,-64.26067969268114,29.858343750768295,35.0,0.12160541872156266,12.372505733212424
12.853306039000017,107.84208323299973,SAT_10125,20.77281005621134,195.59705656618883,99.0340707440693,169.61221749272158,-64.21688998714885,29.87557832115832,35.0,0.12141084734261105,12.358839968242973
12.853306039000017,107.94208323299972,SAT_10125,20.806034066341567,195.78394162317133,99.03756294507203,169.60257263888352,-64.18366597701862,29.888638608079418,35.0,0.1212632648283642,12.348468681386166
12.853306039000017,108.04208323299972,SAT_10125,20.828659038475138,195.91120709142265,99.03993104235657,169.59599818782954,-64.16104100488505,29.897524584792734,35.0,0.12116278457876879,12.34140461726948
12.853306039000017,108.14208323299971,SAT_10125,20.840662151850168,195.97872460415718,99.04118409508055,169.59250814559948,-64.14903789151002,29.90223623310608,35.0,0.12110948417022846,12.337656494846385
12.853306039000017,108.2420832329997,SAT_10125,20.842031261469856,195.98642584576794,99.04132687771487,169.59210996740904,-64.14766878189033,29.902773543373474,35.0,0.1211034048755104,12.33722895297925
12.853306039000017,108.3420832329997,SAT_10125,20.83276498036264,195.93430301453984,99.0403599334627,169.5948045047105,-64.15693506299755,29.899136514494906,35.0,0.1211445514074486,12.340122521374495
12.853306039000017,108.44208323299969,SAT_10125,20.812872688991348,195.82240887557631,99.038279580327,169.6005859991368,-64.17682735436884,29.891325153916313,35.0,0.1212328918896392,12.34633361725872
12.853306039000017,108.54208323299969,SAT_10125,20.782374471676007,195.65085640317753,99.0350778699428,169.60944212341903,-64.20732557168418,29.879339477629756,35.0,0.12136835805449452,12.355854567840414
12.853306039000017,108.64208323299968,SAT_10125,20.741300980942725,195.41981801780284,99.03074249838227,169.62135406866864,-64.24839906241746,29.863179510173833,35.0,0.1215508456661838,12.368673658256478
12.853306039000017,108.74208323299968,SAT_10125,20.689693231736214,195.12952442851622,99.02525666720489,169.63629667673035,-64.30000681162397,29.84284528463427,35.0,0.12178021516320715,12.384775204364672
12.853306039000017,108.84208323299967,SAT_10125,20.627602328406667,194.7802630972875,99.01859889203286,169.65423861566578,-64.36209771495352,29.818336842644765,35.0,0.12205629251268342,12.404139649419829
12.853306039000017,108.94208323299966,SAT_10125,20.55508912829734,194.37237634667252,99.0107427548503,169.675142595814,-64.43461091506285,29.789654234388017,35.0,0.12237887026594309,12.426743683370917
12.853306039000017,109.04208323299966,SAT_10125,20.472223846560695,193.9062591369039,99.00165659501218,169.69896562334984,-64.51747619679949,29.756797518596986,35.0,0.12274770880275351,12.45256038324389
12.853306039000017,109.14208323299965,SAT_10125,20.379085607545164,193.38235654244158,98.99130313256536,169.72565928778386,-64.61061443581502,29.719766762556336,35.0,0.12316253774951098,12.481559372837992
12.853306039000017,109.24208323299965,SAT_10125,20.27576194867264,192.80116096128359,98.97963901587427,169.75517007947258,-64.71393809468755,29.678562042104137,35.0,0.12362305755504638,12.513706999764054
12.853306039000017,109.34208323299964,SAT_10125,20.162348283179227,192.16320909288314,98.96661428364317,169.78743973291174,-64.82735176018096,29.63318344163374,35.0,0.12412894120633572,12.548966527696635
12.953306039000017,107.54208323299974,SAT_10125,20.67843703445503,195.06620831880954,99.02405190017906,169.6395522086917,-64.31126300890516,29.838405792136243,35.0,0.12183025469311483,12.388286337656583
12.953306039000017,107.64208323299974,SAT_10125,20.74333059250928,195.4312345828647,99.03095415765824,169.62076585517966,-64.2463694508509,29.863978532822085,35.0,0.12154182689142336,12.36804030160191
12.953306039000017,107.74208323299973,SAT_10125,20.797738051106577,195.73727653747451,99.03668880139371,169.60498201206636,-64.19196199225361,29.885378746854176,35.0,0.12130011267932668,12.351058614362097
12.953306039000017,107.84208323299973,SAT_10125,20.841605335951513,195.98403001472727,99.0412782083089,169.59223384140165,-64.14809470740867,29.902606390408486,35.0,0.12110529611753192,12.33736196029799
12.953306039000017,107.94208323299972,SAT_10125,20.8748884587624,196.17124758053848,99.04474008569771,169.58254833350836,-64.11481158459779,29.915661428207176,35.0,0.12095752680621026,12.326967152490402
12.953306039000017,108.04208323299972,SAT_10125,20.897553810491814,196.29874018401645,99.04708767277836,169.5759461184531,-64.09214623286837,29.924543833517713,35.0,0.1208569189684543,12.31988702896454
12.953306039000017,108.14208323299971,SAT_10125,20.90957838744349,196.36637842936963,99.04832988994777,169.5724413205656,-64.0801216559167,29.929253588152207,35.0,0.12080355074510878,12.316130372758215
12.953306039000017,108.2420832329997,SAT_10125,20.910949947077327,196.37409345230998,99.04847143864974,169.5720414581484,-64.07875009628286,29.929790682466955,35.0,0.12079746370967927,12.315701856891746
12.953306039000017,108.3420832329997,SAT_10125,20.901667091274362,196.3218773884183,99.04751285378364,169.57474738986392,-64.08803295208583,29.926155115362214,35.0,0.1208386626093597,12.31860201497475
12.953306039000017,108.44208323299969,SAT_10125,20.88173927585916,196.2097834267078,99.04545050965696,169.58055330860304,-64.10796076750103,29.918346894282152,35.0,0.12092711533542164,12.324827237844717
12.953306039000017,108.54208323299969,SAT_10125,20.851186746248914,196.03792544765014,99.04227657959629,169.58944678292045,-64.13851329711127,29.906366035215058,35.0,0.12106275312333671,12.334369796282544
12.953306039000017,108.64208323299968,SAT_10125,20.810040400148097,195.80647725083304,99.03797894844303,169.60140884542602,-64.17965964321209,29.89021256269372,35.0,0.12124547098012423,12.347217889499662
12.953306039000017,108.74208323299968,SAT_10125,20.758341579265164,195.51567138336657,99.03254107625031,169.6164141268096,-64.23135846409502,29.86988650979604,35.0,0.12147512833359286,12.36335571874788
12.953306039000017,108.84208323299967,SAT_10125,20.69614179300794,195.16579758566968,99.02594181052933,169.6344310335278,-64.29355825035225,29.845387918145864,35.0,0.12175154989544157,12.382763585074876
12.953306039000017,108.94208323299966,SAT_10125,20.623502378042517,194.75720087648915,99.01815514333909,169.655421966561,-64.36619766531767,29.81671683791402,35.0,0.12207452672765941,12.405418009943032
12.953306039000017,109.04208323299966,SAT_10125,20.540494098424432,194.29027930363742,99.0091499083335,169.6793435781028,-64.44920594493576,29.78387332781956,35.0,0.1224438174993692,12.431291877153166
12.953306039000017,109.14208323299965,SAT_10125,20.44719669172298,193.76548139094177,98.9988894115319,169.70614706257498,-64.54250335163721,29.746857455131227,35.0,0.12285914991924136,12.460354594274204
12.953306039000017,109.24208323299965,SAT_10125,20.343698367156264,193.18330331525397,98.98733098801323,169.73577847796804,-64.64600167620392,29.705669295669125,35.0,0.12332022232689538,12.492572271578114
12.953306039000017,109.34208323299964,SAT_10125,20.230095262204543,192.54428584990055,98.97442547488578,169.76817909321585,-64.75960478115564,29.660308933806615,35.0,0.12382670542533651,12.527907916321071
13.053306039000017,107.54208323299974,SAT_10125,20.735908905141855,195.38948759142295,99.03016509439443,169.6229165729448,-64.25379113821833,29.86105649590454,35.0,0.12157480653335548,12.37035625464471
13.053306039000017,107.64208323299974,SAT_10125,20.800893821259237,195.75502774458323,99.0370161543626,169.60406557949685,-64.18880622210095,29.886618885474874,35.0,0.1212860956400996,12.350073432438874
13.053306039000017,107.74208323299973,SAT_10125,20.85537840114982,196.06150350646777,99.04270849449442,169.5882272101437,-64.13432164221037,29.908010437325267,35.0,0.12104414246177705,12.333060726930135
13.053306039000017,107.84208323299973,SAT_10125,20.899308218233884,196.30860872756563,99.04726419874439,169.575434854758,-64.0903918251263,29.9252311076419,35.0,0.12084913214755587,12.319338945862672
13.053306039000017,107.94208323299972,SAT_10125,20.93263899608212,196.49609435296193,99.0507007435264,169.5657156901164,-64.05706104727807,29.938280861155164,35.0,0.12070121518595138,12.308925003130879
13.053306039000017,108.04208323299972,SAT_10125,20.955336904543714,196.62377008805842,99.05303119598854,169.5590904894213,-64.03436313881647,29.94715967113875,35.0,0.12060050648053935,12.301831814053383
13.053306039000017,108.14208323299971,SAT_10125,20.96737878811615,196.69150568315337,99.05426436085631,169.55557347530984,-64.02232125524404,29.95186751940901,35.0,0.12054708463879067,12.298068214704408
13.053306039000017,108.2420832329997,SAT_10125,20.96875232331317,196.6992318186366,99.05440487869632,169.55517221851454,-64.02094772004702,29.952404396324493,35.0,0.12054099148283627,12.297638906374143
13.053306039000017,108.3420832329997,SAT_10125,20.959456102763923,196.64694057804707,99.05345327748543,169.55788758369107,-64.03024394059626,29.948770300785704,35.0,0.12058223178827625,12.300544425902615
13.053306039000017,108.44208323299969,SAT_10125,20.9394996448341,196.53468550219182,99.05140597846847,169.56371372321985,-64.05020039852609,29.940965240235087,35.0,0.12067077325431515,12.306781142287013
13.053306039000017,108.54208323299969,SAT_10125,20.908903328624874,196.36258122351492,99.04825525641519,169.57263811907868,-64.08079671473531,29.928989230657194,35.0,0.12080654670559945,12.316341279608233
13.053306039000017,108.64208323299968,SAT_10125,20.867698255293575,196.13080268602636,99.04398915352098,169.5846416721551,-64.12200178806661,29.912842296579097,35.0,0.12098944652321907,12.329212965967388
13.053306039000017,108.74208323299968,SAT_10125,20.815926037689266,195.83958396200214,99.03859134530192,169.59969883766743,-64.17377400567092,29.892524471070992,35.0,0.12121933129947698,12.345380307775015
13.053306039000017,108.84208323299967,SAT_10125,20.75363852130448,195.4892166823377,99.0320409558896,169.6177778046908,-64.2360615220557,29.868035795747023,35.0,0.12149602470829578,12.364823488403626
13.053306039000017,108.94208323299966,SAT_10125,20.680897440481985,195.08004810271117,99.02431231909915,169.63884071715907,-64.3088026028782,29.83937632076631,35.0,0.12181931658057504,12.38751888990486
13.053306039000017,109.04208323299966,SAT_10125,20.597774014638944,194.61247883234407,99.01537468048906,169.66284393317045,-64.39192602872124,29.806546104834215,35.0,0.12218896417149216,12.413439236213513
13.053306039000017,109.14208323299965,SAT_10125,20.504348490013385,194.0869602563253,99.00519183431553,169.68973831892873,-64.4853515533468,29.76954521520378,35.0,0.12260469360469994,12.44255375601715
13.053306039000017,109.24208323299965,SAT_10125,20.400709633014856,193.50399168570854,98.99372168775191,169.71946957327987,-64.58899041034533,29.728373727677422,35.0,0.12306620147664701,12.47482836326624
13.053306039000017,109.34208323299964,SAT_10125,20.286954181739645,192.8641172722855,98.98091574294111,169.75197857848642,-64.70274586162054,29.6830317266088,35.0,0.12357315660286673,12.51022585314006
13.153306039000016,107.54208323299974,SAT_10125,20.782284178048144,195.65034850152082,99.03505749928387,169.60946832889272,-64.20741586531204,29.879303975443023,35.0,0.12136875916390308,12.355882752698445
13.153306039000016,107.64208323299974,SAT_10125,20.847337949426745,196.01627596552544,99.04186708828345,169.59056644137053,-64.14236209393344,29.904855945040012,35.0,0.12107984203128207,12.335571755571644
13.153306039000016,107.74208323299973,SAT_10125,20.901880677654987,196.3230788118093,99.0475251612135,169.57468513988064,-64.0878193657052,29.92623877708643,35.0,0.12083771464430076,12.318535288266675
13.153306039000016,107.84208323299973,SAT_10125,20.945857658490894,196.5704493290113,99.05205356497973,169.5618579942175,-64.0438423848693,29.943452427778524,35.0,0.12064256300605979,12.30479425542427
13.153306039000016,107.94208323299972,SAT_10125,20.97922438838205,196.75813718464903,99.05546958917805,169.55211232841555,-64.01047565497814,29.95649686185478,35.0,0.12049453830202307,12.29436565011535
13.153306039000016,108.04208323299972,SAT_10125,21.001946862891515,196.88595110376477,99.05778616172064,169.5454690287284,-63.98775318046867,29.965372052595036,35.0,0.12039375596964695,12.287262448365645
13.153306039000016,108.14208323299971,SAT_10125,21.014001806851525,196.95376016353984,99.05901199373204,169.54194239543983,-63.97569823650866,29.970077981819813,35.0,0.12034029498250348,12.283493527906144
13.153306039000016,108.2420832329997,SAT_10125,21.015376832966155,196.96149468543464,99.05915167651659,169.5415400406944,-63.97432321039403,29.970614639889877,35.0,0.12033419735778929,12.283063612231715
13.153306039000016,108.3420832329997,SAT_10125,21.00607052657216,196.90914671196842,99.05820573244945,169.54426283388088,-63.98362951678803,29.966982025705985,35.0,0.12037546789339133,12.28597324071975
13.153306039000016,108.44208323299969,SAT_10125,20.98609245533487,196.79677006125866,99.05617062075737,169.55010489538353,-64.00360758802532,29.95918014670887,35.0,0.12046407413782265,12.292218765212839
13.153306039000016,108.54208323299969,SAT_10125,20.955463103737557,196.62447995852378,99.0530386982982,169.55905363879694,-64.03423693962263,29.94720901887942,35.0,0.12059994659340763,12.301792373111704
13.153306039000016,108.64208323299968,SAT_10125,20.91421373331076,196.39245224987303,99.04879813459576,169.57108986097228,-64.07548631004943,29.931068666739066,35.0,0.12078297915015461,12.314682136666066
13.153306039000016,108.74208323299968,SAT_10125,20.86238617062456,196.10092220976318,99.04343277951088,169.58618787854164,-64.12731387273563,29.910759123350413,35.0,0.12101302974486915,12.330872087799543
13.153306039000016,108.84208323299967,SAT_10125,20.80003252606977,195.75018295914245,99.03692198099827,169.60431570890182,-64.18966751729042,29.886280430318045,35.0,0.12128992123730047,12.350342317469336
13.153306039000016,108.94208323299966,SAT_10125,20.727214847411716,195.34058351669088,99.02924034938707,169.6254352929962,-64.26248519594847,29.857632637789553,35.0,0.12161344249253529,12.373069098249289
13.153306039000016,109.04208323299966,SAT_10125,20.644004712928634,194.87252651022357,99.02035746348842,169.64950275668886,-64.34569533043155,29.824815804456815,35.0,0.12198334965651242,12.399025028542997
13.153306039000016,109.14208323299965,SAT_10125,20.550482769692934,194.34646557952277,99.01023751254169,169.67646870702706,-64.43921727366725,29.787829997557413,35.0,0.12239936760947323,12.42817919658813
13.153306039000016,109.24208323299965,SAT_10125,20.446738223143257,193.76290250518085,98.9988388665083,169.70627855930513,-64.54296182021693,29.746675292876322,35.0,0.12286119158042537,12.46049736220769
13.253306039000016,107.64208323299974,SAT_10125,20.882613841946835,196.21470286095095,99.0455271057857,169.58029859167652,-64.10708620141335,29.91868967517947,35.0,0.12092323316018491,12.3245540517561
13.253306039000016,107.74208323299973,SAT_10125,20.9371954263718,196.5217242733414,99.05115870883635,169.56438615821418,-64.05250461698839,29.940063729818213,35.0,0.12068099731079261,12.307501191281622
13.253306039000016,107.84208323299973,SAT_10125,20.981203943122622,196.76927218006475,99.0556660243161,169.551533784208,-64.00849610023756,29.95727031451386,35.0,0.1204857575792492,12.29374687296418
13.253306039000016,107.94208323299972,SAT_10125,21.014594724086862,196.9570953229886,99.0590661974358,169.54176890072353,-63.975105319273325,29.97030939401287,35.0,0.12033766565246075,12.28330814691021
13.253306039000016,108.04208323299972,SAT_10125,21.03733363854485,197.0850017168148,99.06137204849847,169.53511247618619,-63.952366404815336,29.979180941601122,35.0,0.1202368373519987,12.276198032878277
13.253306039000016,108.14208323299971,SAT_10125,21.049397324621125,197.15285995099384,99.06259221628943,169.531578867318,-63.94030271873906,29.98388493910326,35.0,0.12018335191483574,12.272425438609496
13.253306039000016,108.2420832329997,SAT_10125,21.05077334878264,197.16060008690235,99.06273125404091,169.53117571636562,-63.938926694577546,29.984421376882217,35.0,0.12017725149851315,12.27199510359562
13.253306039000016,108.3420832329997,SAT_10125,21.041460291081762,197.10821413733493,99.06178967979886,169.53390389615845,-63.948239752278425,29.98079025383901,35.0,0.12021854091695257,12.274907569042037
13.253306039000016,108.44208323299969,SAT_10125,21.02146775490766,196.99575612135558,99.0597639821442,169.53975750382233,-63.968232288452526,29.97299157741268,35.0,0.1203071876102486,12.28115917443263
13.253306039000016,108.54208323299969,SAT_10125,20.990816301101376,196.82334169369526,99.05664658137604,169.54872390324743,-63.99888374225881,29.961025363580507,35.0,0.12044312184882308,12.290742080743058
13.253306039000016,108.64208323299968,SAT_10125,20.94953730739708,196.59114735410859,99.05242574542453,169.56078381566428,-64.04016273596311,29.944891636858372,35.0,0.12062623716936259,12.303644319987837
13.253306039000016,108.74208323299968,SAT_10125,20.89767275521561,196.2994092480878,99.04708545889484,169.57591145697637,-64.09202728814458,29.9245904303014,35.0,0.1208563910370548,12.319849870432565
13.253306039000016,108.84208323299967,SAT_10125,20.835274946871806,195.9484215761539,99.04060524272845,169.5940747198023,-64.15442509648838,29.900121785504755,35.0,0.12113340572586193,12.339338756464963
13.253306039000016,108.94208323299966,SAT_10125,20.7624061571983,195.53853463424045,99.03295992096777,169.61523539755677,-64.22729388616189,29.871485752604684,35.0,0.12145706940597292,12.362087171803829
13.253306039000016,109.04208323299966,SAT_10125,20.67913822444234,195.07015251248816,99.02411932999334,169.63934944733083,-64.31056181891785,29.83868239027977,35.0,0.1218271374252208,12.388067624441561
13.253306039000016,109.14208323299965,SAT_10125,20.58555208603113,194.54373048392512,99.01404796432936,169.66636728784374,-64.40414795732906,29.801711765752373,35.0,0.12224333376918275,12.41724910146851
13.253306039000016,109.24208323299965,SAT_10125,20.481737265397413,193.95977211786047,99.00270455163248,169.69623412834918,-64.50796277796277,29.760573954790303,35.0,0.12270535268292926,12.449597251720977
13.353306039000016,107.64208323299974,SAT_10125,20.90668390164788,196.35009694676936,99.04801135378395,169.57328511100752,-64.0830161417123,29.92812004833003,35.0,0.12081639679198634,12.317034682242832
13.353306039000016,107.74208323299973,SAT_10125,20.961284810808294,196.65722706079669,99.0536241028768,169.5573535005022,-64.0284152325519,29.949485267975817,35.0,0.12057411896460574,12.299972881060915
13.353306039000016,107.84208323299973,SAT_10125,21.005309041189335,196.90486335669002,99.05811639811874,169.54448558587788,-63.98439100217085,29.96668474031792,35.0,0.12037884496946671,12.28621131164142
13.353306039000016,107.94208323299972,SAT_10125,21.03871182382936,197.09275400904014,99.06150528153178,169.53470886423457,-63.95098821953083,29.979718430110665,35.0,0.12023072679636512,12.275767058610558
13.353306039000016,108.04208323299972,SAT_10125,21.06145895061485,197.22070659720853,99.0638034965195,169.5280443546954,-63.92824109274534,29.988586310645886,35.0,0.12012988049887907,12.26865316819695
13.353306039000016,108.14208323299971,SAT_10125,21.073527006528344,197.28858941172194,99.06501963017544,169.52450644880443,-63.91617303683184,29.993288363752264,35.0,0.12007638547306951,12.264878566306614
13.353306039000016,108.2420832329997,SAT_10125,21.074903529699213,197.29633235455807,99.06515820852769,169.5241028073803,-63.914796513660974,29.993824579794897,35.0,0.12007028396124055,12.264448002114333
13.353306039000016,108.3420832329997,SAT_10125,21.065587096940767,197.2439274202918,99.06421974652879,169.52683430537544,-63.92411294641942,29.990194957675033,35.0,0.12011158078699831,12.267362017932008
13.353306039000016,108.44208323299969,SAT_10125,21.045587333536503,197.13142875114283,99.06220075373436,169.5326950255661,-63.944112709823685,29.982399504830063,35.0,0.12020024332495677,12.273616945762672
13.353306039000016,108.54208323299969,SAT_10125,21.014924847127034,196.95895226508958,99.05909369577651,169.5416723011744,-63.97477519623315,29.970438237233697,35.0,0.12033620170547486,12.283204930586974
13.353306039000016,108.64208323299968,SAT_10125,20.973631086663175,196.72667486248037,99.05488691090694,169.55374680677548,-64.01606895669701,29.954311179396367,35.0,0.12051934925183434,12.296113980066062
13.353306039000016,108.74208323299968,SAT_10125,20.921748128466078,196.43483322262168,99.04956448002747,169.56889269612614,-64.06795191489411,29.934018364365823,35.0,0.12074954314435275,12.312328039989437
13.353306039000016,108.84208323299967,SAT_10125,20.859328392464874,196.08372220761493,99.0431060477189,169.5870777848633,-64.13037165089531,29.909559833727958,35.0,0.12102660530313554,12.331827094456823
13.353306039000016,108.94208323299966,SAT_10125,20.786434292634965,195.67369289607169,99.03548659078949,169.60826377538677,-64.20326575072522,29.880935637607845,35.0,0.12135032347856553,12.354587289467725
13.353306039000016,109.04208323299966,SAT_10125,20.703137826518542,195.20515027416678,99.02667612975992,169.63240652066906,-64.28656221684165,29.848145834670976,35.0,0.12172045253626429,12.380581078307287
13.353306039000016,109.14208323299965,SAT_10125,20.609520109441362,194.67855061560766,99.0166393774393,169.65945632325347,-64.38017993391882,29.811190492124716,35.0,0.12213671592118125,12.4097773868689
13.353306039000016,109.24208323299965,SAT_10125,20.50567085965345,194.09439858555066,99.005335317285,169.68935826529602,-64.48402918370674,29.77006968571997,35.0,0.1225988072837129,12.442141796846977
13.453306039000015,107.64208323299974,SAT_10125,20.919522336129816,196.42231314073024,99.04933016039192,169.5695418379643,-64.07017770723037,29.933147045702526,35.0,0.12075942052958061,12.313023494439019
13.453306039000015,107.74208323299973,SAT_10125,20.974122881771365,196.7294412099639,99.05493154510482,169.55360310703344,-64.01557716158882,29.954503372788285,35.0,0.1205171676891568,12.295960259654505
13.453306039000015,107.84208323299973,SAT_10125,21.01814687612155,196.97707617818372,99.05941478777012,169.54072942215436,-63.97155316723864,29.97169568643443,35.0,0.1203219136499784,12.282197517868735
13.453306039000015,107.94208323299972,SAT_10125,21.051549513821307,197.16496601524483,99.06279686754881,169.53094830496588,-63.93815052953888,29.98472395140301,35.0,0.12017381050424027,12.271752365471778
13.453306039000015,108.04208323299972,SAT_10125,21.07429655882234,197.29291814337566,99.06509048101103,169.52428079343105,-63.91540348453785,29.993588140991726,35.0,0.12007297438392726,12.264637857714606
13.453306039000015,108.14208323299971,SAT_10125,21.08636457692505,197.3608007452034,99.06630418377506,169.5207412920339,-63.90333546643514,29.998288237033247,35.0,0.12001948473885021,12.260862926695637
13.453306039000015,108.2420832329997,SAT_10125,21.087741096029077,197.36854366516354,99.06644248530621,169.52033746849506,-63.90195894733111,29.998824229894787,35.0,0.12001338383994709,12.260432324890887
13.453306039000015,108.3420832329997,SAT_10125,21.078424691778665,197.31613889125498,99.06550589867382,169.52307019855573,-63.91127535158152,29.99519611847783,35.0,0.12005467651409517,12.263346594989518
13.453306039000015,108.44208323299969,SAT_10125,21.05842499736093,197.20364061015522,99.06349094620325,169.52893355965952,-63.93127504599926,29.987403910218138,35.0,0.12014333011378908,12.269602066444083
13.453306039000015,108.54208323299969,SAT_10125,21.027762637309436,197.0311648348656,99.06039012112898,169.53791487363222,-63.96193740605075,29.97544762108592,35.0,0.12027927472206806,12.279190878782384
13.453306039000015,108.64208323299968,SAT_10125,20.98646908628082,196.79888861032958,99.05619180452767,169.54999479771112,-64.00323095707937,29.95932727558622,35.0,0.12046240359009922,12.29210103136436
13.453306039000015,108.74208323299968,SAT_10125,20.934586454847377,196.50704880851652,99.0508801359591,169.56514746255894,-64.05511358851281,29.93904290675954,35.0,0.12069257380190308,12.3083164589115
13.453306039000015,108.84208323299967,SAT_10125,20.872167205382055,196.15594053027405,99.04443483534105,169.58334065520648,-64.11753283797813,29.914594556182646,35.0,0.12096960715791427,12.327817131796378
13.453306039000015,108.94208323299966,SAT_10125,20.799273802067475,195.74591513662955,99.03683097260166,169.60453604423202,-64.19042624129271,29.885982273969603,35.0,0.12129329126646067,12.35057917976384
13.453306039000015,109.04208323299966,SAT_10125,20.715978299913417,195.27737793701297,99.02803868055433,169.62868944391982,-64.27372174344677,29.85320611877302,35.0,0.12166338082987728,12.376575037470088
13.453306039000015,109.14208323299965,SAT_10125,20.622361878414182,194.7507855660798,99.01802280518783,169.65575111364421,-64.367338164946,29.8162661577855,35.0,0.12207959910989093,12.40577360997739
13.553306039000015,107.64208323299974,SAT_10125,20.921115342151964,196.4312737996048,99.04948915726976,169.56907725046196,-64.06858470120822,29.933770657281286,35.0,0.1207523512395789,12.312525756787977
13.553306039000015,107.74208323299973,SAT_10125,20.975695763546824,196.7382886699509,99.05508659409766,169.5531435031321,-64.01400427981336,29.955118034258,35.0,0.12051019056915276,12.295468620370096
13.553306039000015,107.84208323299973,SAT_10125,21.019703513360227,196.9858322626513,99.05956669379931,169.5402738568687,-63.96999652999996,29.97230314288029,35.0,0.12031501088231461,12.281710805129226
13.553306039000015,107.94208323299972,SAT_10125,21.05309381461025,197.17365270718264,99.06294641248688,169.53049581613413,-63.93660622874994,29.985325947917815,35.0,0.1201669641723636,12.271269396361252
13.553306039000015,108.04208323299972,SAT_10125,21.07583245302095,197.30155754824284,99.06523842958065,169.5238304057046,-63.91386759033924,29.994186422674048,35.0,0.12006616649547293,12.264157440813225
13.553306039000015,108.14208323299971,SAT_10125,21.087896009339936,197.36941505253714,99.06645128918392,169.52029202100698,-63.90180403402025,29.998884548985586,35.0,0.1200126972494401,12.260383864749416
13.553306039000015,108.2420832329997,SAT_10125,21.08927201943723,197.37715510933444,99.06658949470638,169.51988832493078,-63.900428023922956,29.999420317221713,35.0,0.12000659867748054,12.259953417536408
13.553306039000015,108.3420832329997,SAT_10125,21.079959059867996,197.32476971175748,99.06565355852895,169.522620192665,-63.90974098349219,29.995793726284166,35.0,0.12004787560330382,12.262866641508063
13.553306039000015,108.44208323299969,SAT_10125,21.059966757661385,197.21231301184528,99.06364000764545,169.52848170538596,-63.9297332856988,29.98800478360709,35.0,0.12013649540082168,12.269119868519123
13.553306039000015,108.54208323299969,SAT_10125,21.029315724187782,197.0399009485563,99.06054134538648,169.53746019289642,-63.960384319172405,29.976053505157243,35.0,0.1202723881988715,12.278705243234354
13.553306039000015,108.64208323299968,SAT_10125,20.98803741407019,196.80771045414483,99.05634596850636,169.54953632456906,-64.00166262929,29.959939915434383,35.0,0.12045544731836495,12.291610772836949
13.553306039000015,108.74208323299968,SAT_10125,20.936173911179722,196.51597825038593,99.05103803806477,169.5646842472313,-64.05352613218047,29.93966404747186,35.0,0.12068552993635581,12.30782040248468
13.553306039000015,108.84208323299967,SAT_10125,20.873777644789442,196.1649992519406,99.04459730163528,169.58287176793692,-64.11592239857075,29.915225942837466,35.0,0.12096245796872988,12.327314115502565
13.553306039000015,108.94208323299966,SAT_10125,20.80091103991127,195.7551245995009,99.03699886339291,169.60406057893735,-64.18878900344892,29.886625651634425,35.0,0.12128601916061482,12.350068056985387
13.553306039000015,109.04208323299966,SAT_10125,20.71764610669679,195.28675935016946,99.02821289753707,169.6282065215966,-64.2720539366634,29.853863232502665,35.0,0.12165596837124334,12.376054679198207
13.553306039000015,109.14208323299965,SAT_10125,20.624063974522727,194.76035985669034,99.0182042992574,169.6552598855047,-64.36563606883746,29.81693875262025,35.0,0.12207202903792484,12.40524290691508
13.553306039000015,109.24208323299965,SAT_10125,20.520254376986983,194.1764308705518,99.00693226599994,169.6851657386476,-64.4694456663732,29.77585228770505,35.0,0.12253389480202641,12.437598320628616
13.653306039000014,107.64208323299974,SAT_10125,20.911461204749628,196.37696927671664,99.04848934615254,169.571892401906,-64.07823883861056,29.929990881823844,35.0,0.12079519474410162,12.315542123784283
13.653306039000014,107.74208323299973,SAT_10125,20.966001753894986,196.68375986565928,99.05409023074914,169.5559757347432,-64.0236982894652,29.951329251160374,35.0,0.12055319338007305,12.298498612502291
13.653306039000014,107.84208323299973,SAT_10125,21.009977261071263,196.93112209352586,99.05857308058536,169.54311992985765,-63.979722782288924,29.968507108445298,35.0,0.1203581424038728,12.28475181847269
13.653306039000014,107.94208323299972,SAT_10125,21.043343042343487,197.11880461318214,99.06195486836388,169.53335243288677,-63.9463570010167,29.98152441845578,35.0,0.12021019350895258,12.274318793076754
13.653306039000014,108.04208323299972,SAT_10125,21.066064954835788,197.2466153709513,99.06424828591072,169.52669422344326,-63.9236350885244,29.99038115450097,35.0,0.12010946252172028,12.26721255706039
13.653306039000014,108.14208323299971,SAT_10125,21.078119628319037,197.31442290929456,99.06546188568906,169.5231596659329,-63.91158041504115,29.995077298421325,35.0,0.1200560286823787,12.263442018847199
13.653306039000014,108.2420832329997,SAT_10125,21.079494624803374,197.322157264519,99.06560017551506,169.52275640670047,-63.910205418556814,29.99561284058818,35.0,0.12004993415016196,12.263011918294367
13.653306039000014,108.3420832329997,SAT_10125,21.070188523831717,197.2698104465534,99.06466366827095,169.52548531904367,-63.91951151952847,29.9919877799035,35.0,0.12009118373918404,12.265922796649118
13.653306039000014,108.44208323299969,SAT_10125,21.05021093223649,197.15743649383026,99.06264888755231,169.53134049692252,-63.9394891111237,29.984202123799857,35.0,0.12017974488823498,12.2721709931128
13.653306039000014,108.54208323299969,SAT_10125,21.01958241821753,196.98515110247362,99.05954832935471,169.5403092974591,-63.970117625142656,29.97225588824061,35.0,0.12031554786490767,12.281748668059272
13.653306039000014,108.64208323299968,SAT_10125,20.9783343706969,196.75313083517005,99.0553503790796,169.5523724315894,-64.01136567266329,29.956149097720303,35.0,0.12049848620147413,12.294643852592726
13.653306039000014,108.74208323299968,SAT_10125,20.926508785989498,196.46161192119095,99.05003918228937,169.56750410150292,-64.06319125737069,29.935881785265263,35.0,0.12072841735702824,12.310840523776005
13.653306039000014,108.84208323299967,SAT_10125,20.864157984843402,196.11088866474415,99.04359446674034,169.58567218283105,-64.12554205851679,29.91145399243443,35.0,0.12100516359763017,12.330318704522542
13.653306039000014,108.94208323299966,SAT_10125,20.79134426386203,195.7013114842239,99.03599131224094,169.6068384489045,-64.19835577949816,29.88286576932037,35.0,0.12132851308359378,12.35305458683043
13.653306039000014,109.04208323299966,SAT_10125,20.70813948616899,195.23328460970055,99.02719986378588,169.6309588338376,-64.2815605571912,29.85011717455053,35.0,0.12169822115070134,12.379020676753413
13.653306039000014,109.14208323299965,SAT_10125,20.61462461690914,194.70726347011393,99.0171849821659,169.65798373071345,-64.37507542645105,29.813208275288666,35.0,0.12211401177006083,12.408185959256206
13.753306039000014,107.54208323299974,SAT_10125,20.825590334627393,195.8939456322791,99.03957359441179,169.59689021124294,-64.1641097087328,29.896319721889945,35.0,0.12117641207287314,12.342362807306927
13.753306039000014,107.64208323299974,SAT_10125,20.890570309569483,196.25945799132836,99.04632711089444,169.5779809132486,-64.0991297337907,29.921807726860916,35.0,0.1208879157824358,12.322068631620585
13.753306039000014,107.74208323299973,SAT_10125,20.94505133634121,196.56591376691932,99.05193887004617,169.56209336051364,-64.04464870701898,29.94313703104381,35.0,0.12064614055002641,12.305046236999136
13.753306039000014,107.84208323299973,SAT_10125,20.98897868239392,196.8130050884658,99.05643038792218,169.54926114906993,-64.00072136096627,29.960307590692114,35.0,0.120451272389939,12.291316530198507
13.753306039000014,107.94208323299972,SAT_10125,21.022307820985255,197.00048149304206,99.05981869362269,169.53951162442695,-63.96739222237493,29.97331937059036,35.0,0.12030346249631374,12.28089650604203
13.753306039000014,108.04208323299972,SAT_10125,21.045004729861354,197.12815160547012,99.06211652105955,169.5328656893255,-63.94469531349883,29.982172344053286,35.0,0.12020282631298469,12.273799141913639
13.753306039000014,108.14208323299971,SAT_10125,21.05704612161147,197.19588443406454,99.06333245101413,169.52933765537242,-63.93265392174872,29.986866492925156,35.0,0.12014944281776677,12.270033316483692
13.753306039000014,108.2420832329997,SAT_10125,21.058419602406758,197.20361026353802,99.06347100621493,169.52893514075248,-63.93128044095343,29.987401807579314,35.0,0.12014335403007485,12.269603753750195
13.753306039000014,108.3420832329997,SAT_10125,21.049123756837403,197.15132113221037,99.06253270124029,169.53165901554456,-63.940576286522784,29.983778286917964,35.0,0.12018456474804748,12.272510993148146
13.753306039000014,108.44208323299969,SAT_10125,21.02916815761651,197.03907088659287,99.06051404818709,169.5375033954662,-63.96053188574368,29.975995938372115,35.0,0.12027304251848918,12.278751386131109
13.753306039000014,108.54208323299969,SAT_10125,20.99857330001076,196.86697481256053,99.05740751821136,169.54645568413977,-63.991126743349426,29.964054777901783,35.0,0.12040871784001117,12.288317119271422
13.753306039000014,108.64208323299968,SAT_10125,20.957370461950063,196.63520884846912,99.05320145821756,169.55849666324337,-64.03232958141012,29.947954829996387,35.0,0.12059148459680706,12.301196263566341
13.753306039000014,108.74208323299968,SAT_10125,20.905601491832343,196.3440083915569,99.04787996111737,169.57360062919977,-64.08409855152784,29.927696127675343,35.0,0.1208212007176166,12.317372849285798
13.753306039000014,108.84208323299967,SAT_10125,20.843318527066714,195.99366671475025,99.04142268717527,169.5917355743688,-64.14638151629347,29.90327871248888,35.0,0.12109768905166764,12.33682696536187
13.753306039000014,108.94208323299966,SAT_10125,20.77058364732767,195.58453301621816,99.03380463296948,169.61286341009338,-64.21911639603252,29.874702634519075,35.0,0.12142073845080897,12.359534882007411
13.753306039000014,109.04208323299966,SAT_10111,20.691454036678266,195.13942895631524,99.02554841111025,169.63914742206708,-64.29824600668192,29.845340932814462,35.0,0.12175048754680035,12.382689029882501
13.753306039000014,109.14208323299965,SAT_10111,20.628116254467358,194.7831539313789,99.01876542100862,169.6574463614962,-64.36158378889283,29.82033093267023,35.0,0.12203199891474298,12.402436361152118
13.853306039000014,107.54208323299974,SAT_10125,20.793578873149087,195.71388116146363,99.0362184187953,169.60618967744762,-64.1961211702111,29.883744105093967,35.0,0.12131858707484088,12.352357010782608
13.853306039000014,107.64208323299974,SAT_10125,20.85846506823667,196.07886600883126,99.0429941752622,169.58732902104913,-64.13123497512352,29.909221208696614,35.0,0.12103043824306539,12.332096724527936
13.853306039000014,107.74208323299973,SAT_10125,20.91286710456633,196.3848774631856,99.04862431933904,169.57148250050147,-64.07683293879386,29.930541390229948,35.0,0.1207889553944897,12.315102873127838
13.853306039000014,107.84208323299973,SAT_10125,20.95673051903752,196.63160916958603,99.05313048966727,169.55868353980162,-64.03296952432267,29.94770460595647,35.0,0.1205943236906348,12.301396266786892
13.853306039000014,107.94208323299972,SAT_10125,20.990011005303614,196.81881190483284,99.0565298120633,169.54895934365373,-63.99968903805657,29.960710820667973,35.0,0.12044669362947968,12.29099382144133
13.853306039000014,108.04208323299972,SAT_10125,21.012674710227806,196.94629524503142,99.05883509258462,169.5423307067012,-63.97702533313238,29.96956000768469,35.0,0.12034618012148818,12.283908453994393
13.853306039000014,108.14208323299971,SAT_10125,21.02469846251236,197.01392885163202,99.06005496054335,169.53881186630653,-63.965001580847826,29.974252148854625,35.0,0.1202928617786787,12.280149001617234
13.853306039000014,108.2420832329997,SAT_10125,21.02606993024348,197.02164335761955,99.06019396421999,169.53841040105632,-63.96363011311671,29.974787234553112,35.0,0.12028678042554805,12.27972016618794
13.853306039000014,108.3420832329997,SAT_10125,21.016787705087367,196.96943084111643,99.05925262109892,169.54112717650355,-63.97291233827282,29.97116526368257,35.0,0.12032794083796412,12.282622484613867
13.853306039000014,108.44208323299969,SAT_10125,20.99686131192098,196.8573448795555,99.05722742357473,169.54695633896077,-63.99283873143921,29.96338624367248,35.0,0.12041631071331074,12.288852325437619
13.853306039000014,108.54208323299969,SAT_10125,20.96631114375822,196.68550018364002,99.05411080023671,169.55588535743675,-64.02338889960197,29.951450190479576,35.0,0.12055182087226063,12.298401911772537
13.853306039000014,108.64208323299968,SAT_10125,20.925168322912214,196.45407181638117,99.0498910320011,169.56789511308847,-64.06453172044797,29.93535712858823,35.0,0.12073436568963754,12.3112593702581
13.853306039000014,108.74208323299968,SAT_10111,20.885494448632457,196.23090627355757,99.04592177248152,169.58283209463053,-64.10420559472773,29.92165149321846,35.0,0.12088887470649809,12.322136118609166
13.853306039000014,108.84208323299967,SAT_10111,20.853432014139315,196.05055507953364,99.04259600468897,169.59216401703685,-64.13626802922087,29.90907452637648,35.0,0.12103115834690208,12.33214738021361
13.853306039000014,108.94208323299966,SAT_10111,20.810863867680922,195.8111092557052,99.03815560693387,169.6045373693832,-64.17883617567927,29.892356769265405,35.0,0.1212201158062715,12.345435459755208
13.853306039000014,109.04208323299966,SAT_10111,20.757832399597717,195.51280724773716,99.03258362611986,169.61992613825237,-64.23186764376247,29.87149825625946,35.0,0.12145560296829531,12.361984158801263
13.853306039000014,109.14208323299965,SAT_10111,20.694389964695432,195.1559435514118,99.02585855423729,169.63829821127305,-64.29531007866476,29.846499030248605,35.0,0.12173744169007901,12.38177345595023
13.953306039000013,107.54208323299974,SAT_10125,20.75041011890856,195.47105691886068,99.03167025524249,169.61871376706424,-64.23928992445163,29.86676521886069,35.0,0.12151036939412822,12.36583100685395
13.953306039000013,107.64208323299974,SAT_10125,20.81517975789245,195.83538613814503,99.03847750561705,169.59991568077783,-64.17452028546774,29.8922313524089,35.0,0.12122264566300507,12.34561331143581
13.953306039000013,107.74208323299973,SAT_10125,20.869483600058473,196.14084525032894,99.04413368225869,169.58412194073517,-64.12021644330171,29.913542353814094,35.0,0.12098152062081158,12.328655335759821
13.953306039000013,107.84208323299973,SAT_10125,20.913267527394368,196.38712984159332,99.04866059863777,169.57136575028028,-64.07643251596582,29.930698179347644,35.0,0.12078717833963395,12.314977766693548
13.953306039000013,107.94208323299972,SAT_10125,20.946487515804904,196.5739922764026,99.05207551847147,169.56167413353137,-64.04321252755528,29.943698793808476,35.0,0.12063976842814887,12.304597419404246
13.953306039000013,108.04208323299972,SAT_10125,20.96910992872843,196.7012433490974,99.05439135066517,169.55506774649834,-64.02059011463176,29.952544170522238,35.0,0.12053940511550737,12.297527133540143
13.953306039000013,108.14208323299971,SAT_10125,20.981111743560874,196.7687535575299,99.05561679370474,169.551560731329,-64.00858829979931,29.957234291340608,35.0,0.12048616654648624,12.293775693264434
13.953306039000013,108.2420832329997,SAT_10125,20.98248070767525,196.7764539806733,99.0557564322884,169.55116061582802,-64.00721933568494,29.957769146640874,35.0,0.1204800942966138,12.29334777220117
13.953306039000013,108.3420832329997,SAT_10125,20.973215421798457,196.72433674761632,99.05481078804208,169.55386825974495,-64.01648462156173,29.954148735325674,35.0,0.1205211931133119,12.29624390402915
13.953306039000013,108.44208323299969,SAT_10111,20.973902749433734,196.72820296556475,99.0550041405786,169.55704564138608,-64.01579729392645,29.956264571746818,35.0,0.12049672157807867,12.294519502709113
13.953306039000013,108.54208323299969,SAT_10111,20.973507808382365,196.7259814221508,99.05496381282867,169.55716101481863,-64.01619223497782,29.956110163802634,35.0,0.12049847284120034,12.29464291112062
13.953306039000013,108.64208323299968,SAT_10111,20.962528105836697,196.66422059533144,99.05384171495645,169.56036785147288,-64.02717193752349,29.951816709313647,35.0,0.12054716155274135,12.29807363381152
13.953306039000013,108.74208323299968,SAT_10111,20.940974790654508,196.5429831974316,99.05163366439041,169.5666593016386,-64.04872525270568,29.943384217108882,35.0,0.12064274988665263,12.304807418289322
13.953306039000013,108.84208323299967,SAT_10111,20.90886968360843,196.36239197029744,99.04833140003771,169.57602196118938,-64.08083035975176,29.930812704529078,35.0,0.120785163787116,12.314835939304327
13.953306039000013,108.94208323299966,SAT_10111,20.866245130183486,196.12262885728214,99.04392249091708,169.58843596638735,-64.1234549131767,29.914102197427123,35.0,0.1209742934259861,12.328146850790487
13.953306039000013,109.04208323299966,SAT_10111,20.813143783778358,195.8239337837533,99.03839019776267,169.60387513344574,-64.17655625958183,29.89325273016867,35.0,0.12120999387759121,12.344723862427173
13.953306039000013,109.14208323299965,SAT_10111,20.749618322368264,195.46660306332151,99.03171328493919,169.6223071408104,-64.24008172099192,29.868264345632983,35.0,0.121492086002592,12.364546839811915
14.053306039000013,107.44208323299975,SAT_10096,20.77407982116415,195.60419899404835,99.0342256310302,169.61354083549932,-64.21562022219604,29.876989790928143,35.0,0.12139426514952688,12.357674912475332
14.053306039000013,107.54208323299974,SAT_10096,20.765061144822482,195.5534689396265,99.03327604586943,169.6161568140187,-64.2246388985377,29.873441608805585,35.0,0.12143432472972501,12.360489368594878
14.053306039000013,107.64208323299974,SAT_10125,20.760760277325204,195.5292765599543,99.03275915650053,169.61571272374601,-64.22893976603498,29.870838191850318,35.0,0.12146438198786219,12.362600852151415
14.053306039000013,107.74208323299973,SAT_10125,20.81494706548898,195.8340772433755,99.03844920633024,169.59998329197842,-64.17475297787121,29.892139955665968,35.0,0.12122367909581316,12.34568596246294
14.053306039000013,107.84208323299973,SAT_10125,20.858636229665194,196.07982879186673,99.0430031158301,169.58727921193017,-64.131063813695,29.90928834474917,35.0,0.12102967832790483,12.332043268186098
14.053306039000013,107.94208323299972,SAT_10125,20.891784088137157,196.26628549577154,99.04643832904023,169.57762728850219,-64.09791595522303,29.922283323905884,35.0,0.12088252821512635,12.321689462411603
14.053306039000013,108.04208323299972,SAT_10125,20.914357267043187,196.39325962711794,99.04876788933402,169.57104800942236,-64.075342776317,29.93112486646707,35.0,0.12078234216103276,12.314637291200683
14.053306039000013,108.14208323299971,SAT_10111,20.955910513682056,196.62699663946157,99.05315908549991,169.5623000477869,-64.03378952967813,29.949228267907014,35.0,0.1205765087371056,12.300141241061157
14.053306039000013,108.2420832329997,SAT_10111,20.987259946226445,196.80333719752375,99.05636089951317,169.553142678806,-64.00244009713374,29.96148561414073,35.0,0.12043749563722396,12.29034553683123
14.053306039000013,108.3420832329997,SAT_10111,21.00804534440813,196.92025506229572,99.05847554721063,169.54706553619081,-63.981654698952056,29.96960574531588,35.0,0.12034534483264979,12.28384956324447
14.053306039000013,108.44208323299969,SAT_10111,21.018245578163658,196.97763137717055,99.0595109015695,169.54408160357073,-63.97145446519653,29.973588644730906,35.0,0.12030012799830435,12.2806613783584
14.053306039000013,108.54208323299969,SAT_10111,21.01785024884537,196.9754076497552,99.05947080368152,169.54419727155536,-63.97184979451482,29.97343430419385,35.0,0.1203018803972389,12.280784946756077
14.053306039000013,108.64208323299968,SAT_10111,21.006859759832203,196.91358614905613,99.05835510495268,169.54741229223083,-63.982840283527985,29.969142724022156,35.0,0.12035060066167064,12.284220114657646
14.053306039000013,108.74208323299968,SAT_10111,20.985285313787656,196.79222989005558,99.05615966547262,169.55371978092688,-64.00441472957253,29.96071391304267,35.0,0.12044625080148415,12.290962610886826
14.053306039000013,108.84208323299967,SAT_10111,20.953148836602907,196.61146220589137,99.05287630852328,169.56310626522986,-64.03655120675728,29.948147888591883,35.0,0.12058875644009194,12.301004073679206
14.053306039000013,108.94208323299966,SAT_10111,20.910482829118422,196.37146591379116,99.04849273037135,169.5755517805105,-64.07921721424177,29.931444676516307,35.0,0.12077800727470492,12.314332102972868
14.053306039000013,109.04208323299966,SAT_10111,20.857330148744666,196.07248208668872,99.04299236363752,169.59103001054987,-64.13236989461552,29.910604311173152,35.0,0.12101385775528752,12.330930337483528
14.053306039000013,109.14208323299965,SAT_10111,20.793743724075398,195.7148084479241,99.03635419162778,169.6095084711974,-64.19595631928479,29.885626835431133,35.0,0.12129612797382408,12.35077855554471
14.153306039000013,107.44208323299975,SAT_10096,20.852159172077805,196.04339534293766,99.04238838202296,169.59085812592684,-64.13754087128238,29.907665995274254,35.0,0.12104756082588304,12.33330117980391
14.153306039000013,107.54208323299974,SAT_10096,20.84312218337908,195.9925622815073,99.04144812525661,169.59348664648246,-64.14657785998111,29.90411937737607,35.0,0.1210876784475146,12.336122912427212
14.153306039000013,107.64208323299974,SAT_10096,20.823575509778152,195.8826122425021,99.03940999768324,169.59916917274626,-64.16612453358204,29.89644469790527,35.0,0.12117446062987482,12.342225598111165
14.153306039000013,107.74208323299973,SAT_10096,20.79353868024934,195.71365507640255,99.03626631646736,169.60789371739733,-64.19616136311085,29.88464197266209,35.0,0.12130784100617452,12.35160177736943
14.153306039000013,107.84208323299973,SAT_10111,20.831825879350788,195.9290205713482,99.0403333139249,169.5984466303018,-64.1578741640094,29.900591981431706,35.0,0.12112705920398316,12.338892455935325
14.153306039000013,107.94208323299972,SAT_10111,20.894673990370194,196.28254119583235,99.04685656906149,169.58015840015005,-64.09502605299,29.92524994708244,35.0,0.1208481448797869,12.31926945504258
14.153306039000013,108.04208323299972,SAT_10111,20.947077997555553,196.57731373624998,99.05224893722199,169.56487825110594,-64.04262204580463,29.945772616868084,35.0,0.12061568076850684,12.302900730798278
14.153306039000013,108.14208323299971,SAT_10111,20.988985538480648,196.81304365395363,99.05653093092597,169.55263832769634,-64.00071450487954,29.96215994856525,35.0,0.12042984477887915,12.289806280969563
14.153306039000013,108.2420832329997,SAT_10111,21.020354378334773,196.98949337813312,99.05971866482747,169.54346456999755,-63.969345665025415,29.974411908459935,35.0,0.12029078028726119,12.280002223200528
14.153306039000013,108.3420832329997,SAT_10111,21.04115269186004,197.1064838917127,99.06182403580137,169.537376532144,-63.948547351500146,29.982528471346683,35.0,0.1201985952600084,12.27350069544281
14.153306039000013,108.44208323299969,SAT_10111,21.051359277685343,197.16389593698003,99.06285485471554,169.5343872442685,-63.938340765674845,29.986509620527986,35.0,0.12015336158775135,12.27030978034659
14.153306039000013,108.54208323299969,SAT_10111,21.050963702008758,197.16167082379926,99.0628149323992,169.53450311991088,-63.93873634135143,29.986355347813877,35.0,0.12015511463980443,12.270433454614631
14.153306039000013,108.64208323299968,SAT_10111,21.039966369574024,197.09981082885386,99.06170412142862,169.5377239102669,-63.94973367378616,29.98206565352172,35.0,0.12020385304426133,12.273871563996728
14.153306039000013,108.74208323299968,SAT_10111,21.01837852091282,196.97837918013462,99.05951831451236,169.54404270596632,-63.97132152244737,29.973640546476226,35.0,0.12029953869653334,12.28061982426073
14.153306039000013,108.84208323299967,SAT_10111,20.986222155897224,196.79749962692188,99.05624939944653,169.5534459863494,-64.00347788746296,29.961080044009666,35.0,0.1204420969962223,12.290669848127008
14.153306039000013,108.94208323299966,SAT_10111,20.943529884700908,196.5573556014426,99.05188516979537,169.5659137155078,-64.04617015865928,29.944384171962298,35.0,0.12063141730936192,12.304009197804417
14.153306039000013,109.04208323299966,SAT_10111,20.890344708305904,196.2581889842207,99.04640918961275,169.58141948366148,-64.09935533505428,29.923552964682983,35.0,0.12086735365026684,12.32062146242552
14.153306039000013,109.14208323299965,SAT_10111,20.826719731667424,195.90029849062927,99.03980060962377,169.5999306917933,-64.16298031169276,29.89858646503004,35.0,0.1211497255745654,12.340486359354928
14.253306039000012,107.44208323299975,SAT_10096,20.919185280897494,196.4204172050484,99.04931734978004,169.57133655191132,-64.0705147624627,29.933939027194032,35.0,0.12075009845455592,12.31236713929085
14.253306039000012,107.54208323299974,SAT_10096,20.91013304374863,196.36949837108605,99.04838503469794,169.57397574493544,-64.07956699961156,29.93039398307209,35.0,0.12079026363521009,12.315194974113002
14.253306039000012,107.64208323299974,SAT_10096,20.8905534417395,196.25936310978466,99.04636414434725,169.5796813215608,-64.09914660162069,29.92272270916491,35.0,0.12087714852218277,12.321310840702607
14.253306039000012,107.74208323299973,SAT_10096,20.860466154133164,196.09012211699903,99.04324711105032,169.5884411972038,-64.12923388922702,29.91092522126861,35.0,0.12101068628588471,12.330707227005954
14.253306039000012,107.84208323299973,SAT_10111,20.85361881255288,196.05160582060995,99.04259789951294,169.59210967906256,-64.1360812308073,29.909147837901386,35.0,0.12103032929195046,12.332089060354182
14.253306039000012,107.94208323299972,SAT_10111,20.91648263066712,196.40521479750254,99.04910078513304,169.5738027938259,-64.07321741269307,29.933794896665034,35.0,0.12075139068634673,12.312458124845847
14.253306039000012,108.04208323299972,SAT_10111,20.96889989413434,196.70006190450567,99.05447640670619,169.55850699770593,-64.02080014922585,29.95430848873273,35.0,0.1205189058201382,12.296082734432519
14.253306039000012,108.14208323299971,SAT_10111,21.010818141030462,196.93585204329636,99.05874516135565,169.54625450063878,-63.978881902329725,29.970688571891202,35.0,0.12033305289867775,12.282982920683468
14.253306039000012,108.2420832329997,SAT_10111,21.042195055864497,197.1123471892378,99.06192307346178,169.537071295766,-63.94750498749569,29.982935112434507,35.0,0.12019397553827015,12.27317482862593
14.253306039000012,108.3420832329997,SAT_10111,21.062998752332263,197.229367981869,99.06402197347045,169.53097697738926,-63.926701291027925,29.99104808516323,35.0,0.12010178188649093,12.266670616915404
14.253306039000012,108.44208323299969,SAT_10111,21.0732079882753,197.28679493404857,99.0650496287361,169.52798460248607,-63.91649205508489,29.99502747338385,35.0,0.12005654395489218,12.263478382027778
14.253306039000012,108.54208323299969,SAT_10111,21.072812309784027,197.28456924253516,99.06500982888727,169.5281005978326,-63.91688773357616,29.994873268908364,35.0,0.12005829717235467,12.263602107479569
14.253306039000012,108.64208323299968,SAT_10111,21.06181212238289,197.22269318840375,99.06390242731999,169.53132471411055,-63.9278879209773,29.99058547205406,35.0,0.12010704016466082,12.26704163875615
14.253306039000012,108.74208323299968,SAT_10111,21.040218688263884,197.10123012148435,99.06172333959447,169.53765002769148,-63.9494813550963,29.98216409164354,35.0,0.12020273476305295,12.273792684285306
14.253306039000012,108.84208323299967,SAT_10111,21.00805404961463,196.9203040290823,99.05846449870516,169.54706299006574,-63.98164599374556,29.969609145004927,35.0,0.12034530624166953,12.283846842443072
14.253306039000012,108.94208323299966,SAT_10111,20.96535087914451,196.68009869518787,99.05411376638828,169.55954352417862,-64.02434916421568,29.952920657972285,35.0,0.12053464378088208,12.297191654228454
14.253306039000012,109.04208323299966,SAT_10111,20.91215225995012,196.3808564622194,99.04865479879707,169.57506516624335,-64.07754778341007,29.93209866488627,35.0,0.12077060115075283,12.313810680902229
14.253306039000012,109.14208323299965,SAT_10111,20.8485113978505,196.02287661290904,99.04206686398895,169.59359525093845,-64.14118864550969,29.907143208594924,35.0,0.12105299760616058,12.333683605560005
14.353306039000012,107.44208323299975,SAT_10096,20.975087488131933,196.73486712074214,99.05504136764246,169.5550194709719,-64.01461255522825,29.9558088343252,35.0,0.12050211833377847,12.294899800247777
14.353306039000012,107.54208323299974,SAT_10096,20.966023143429794,196.68388018179257,99.05411566420393,169.55766741725057,-64.0236768999304,29.952265373527947,35.0,0.1205423203519138,12.297732535855852
14.353306039000012,107.64208323299974,SAT_10096,20.94641739755224,196.57359786123132,99.05210912417287,169.56339189899236,-64.04328264580795,29.944597525846717,35.0,0.1206292847809047,12.303858987881405
14.353306039000012,107.74208323299973,SAT_10096,20.91629005326918,196.40413154963915,99.04901427555576,169.57218075154915,-64.07340999009101,29.932805307073576,35.0,0.12076294441242297,12.31327160120301
14.353306039000012,107.84208323299973,SAT_10096,20.87567140351797,196.1756516447886,99.04481952795673,169.58401537107534,-64.11402863984222,29.916888741495306,35.0,0.12094319638936016,12.325958813872827
14.353306039000012,107.94208323299972,SAT_10111,20.92705933612814,196.4647087657208,99.05018372733974,169.57071870301945,-64.06264070723205,29.937936871335495,35.0,0.12070447274610258,12.309154402801983
14.353306039000012,108.04208323299972,SAT_10111,20.97947094279303,196.75952405321078,99.05554975002961,169.55541884349867,-64.01022910056716,29.958441330405815,35.0,0.12047203143045832,12.292779556043842
14.353306039000012,108.14208323299971,SAT_10111,21.0213847022507,196.99528895016022,99.0598109173185,169.5431630811555,-63.96831534110949,29.974814120885316,35.0,0.12028621320868335,12.279680167630609
14.353306039000012,108.2420832329997,SAT_10111,21.052758279322767,197.17176532119058,99.06298320111405,169.53397742292105,-63.93694176403742,29.987055209076022,35.0,0.12014716174741784,12.269872388444968
14.353306039000012,108.3420832329997,SAT_10111,21.073559772806043,197.288773722034,99.06507839326231,169.52788147353488,-63.916140270554145,29.99516456978446,35.0,0.12005498523222043,12.26336838157151
14.353306039000012,108.44208323299969,SAT_10111,21.083767930585964,197.34619460954607,99.0661042358397,169.5248882969506,-63.905932112774224,29.999142186321055,35.0,0.12000975569997266,12.260176246444711
14.353306039000012,108.54208323299969,SAT_10111,21.083372293845095,197.34396915287869,99.06606450616057,169.52500432338337,-63.90632774951509,29.998988050499733,35.0,0.12001150859202835,12.260299968039424
14.353306039000012,108.64208323299968,SAT_10111,21.072373268298094,197.28209963417677,99.06495905809712,169.5282293033817,-63.917326775062094,29.994702162637704,35.0,0.12006024253368598,12.26373939178442
14.353306039000012,108.74208323299968,SAT_10111,21.050782121423822,197.16064943300898,99.06278382048266,169.53455630961258,-63.938917921936365,29.98628453155549,35.0,0.12015591934275083,12.270490224536527
14.353306039000012,108.84208323299967,SAT_10111,21.018620905739816,196.97974259478647,99.05953075256909,169.54397178632817,-63.97107913762037,29.97373517457713,35.0,0.12029846426707959,12.280544061602251
14.353306039000012,108.94208323299966,SAT_10111,20.975922309217225,196.7395629893469,99.05518775570589,169.55645564578202,-64.01377773414296,29.957054117530586,35.0,0.12048776644812746,12.293888439443409
14.353306039000012,109.04208323299966,SAT_10111,20.922729434989577,196.4403530718164,99.04973853958184,169.57198141015326,-64.06697060837061,29.9362413947484,35.0,0.12072367960471442,12.310506913361047
14.453306039000012,107.54208323299974,SAT_10096,21.010732952316744,196.9353728567817,99.05866360855391,169.54459821315265,-63.978967091043444,29.969733505156032,35.0,0.12034405084330302,12.283758332203519
14.453306039000012,107.64208323299974,SAT_10096,20.99110798653554,196.8249824242624,99.05666863257841,169.55033736475093,-63.99859205682465,29.962069104355745,35.0,0.12043107122014389,12.289892725209322
14.453306039000012,107.74208323299973,SAT_10096,20.960951200390312,196.65535050219552,99.05359166118481,169.55914870238476,-64.02874884296988,29.950282186470744,35.0,0.12056481653886976,12.29931751051699
14.453306039000012,107.84208323299973,SAT_10096,20.92029303310406,196.42664831121033,99.04942122374074,169.57101352718323,-64.06940701025613,29.93437277578165,35.0,0.12074518349572222,12.312021075358839
14.453306039000012,107.94208323299972,SAT_10111,20.926392734797332,196.46095913323498,99.05011007488011,169.57091311316506,-64.06330730856286,29.937675862837548,35.0,0.12070742965926597,12.309362628576078
14.453306039000012,108.04208323299972,SAT_10111,20.978779720057616,196.75563592532407,99.05547358600789,169.55562080785384,-64.01092032330257,29.95817113364952,35.0,0.12047509635241886,12.292995552745827
14.453306039000012,108.14208323299971,SAT_10111,21.020673757210275,196.9912898843078,99.05973277004,169.54337111593333,-63.96902628614991,29.97453658732453,35.0,0.12028936458457426,12.279902392956553
14.453306039000012,108.2420832329997,SAT_10111,21.05203255259574,197.16768310835104,99.0629035837866,169.53419001870185,-63.93766749076445,29.986772190172434,35.0,0.1201503778825862,12.27009928435244
14.453306039000012,108.3420832329997,SAT_10111,21.072824236420786,197.2846363298669,99.06499780801175,169.52809710149654,-63.9168758069394,29.99487791700564,35.0,0.12005824432637313,12.263598378122126
14.453306039000012,108.44208323299969,SAT_10111,21.08302757755517,197.34203012374783,99.06602317754582,169.52510541530327,-63.906672465805016,29.998853751138444,35.0,0.12001303588229582,12.260407765757884
14.453306039000012,108.54208323299969,SAT_10111,21.08263212752513,197.33980571732886,99.06598346617648,169.52522138394386,-63.90706791583506,29.998699684386683,35.0,0.12001478795696027,12.260531428320919
14.453306039000012,108.64208323299968,SAT_10111,21.071638291643552,197.277965390495,99.06487852791224,169.52844475821524,-63.918061751716635,29.994415717067493,35.0,0.12006349917701337,12.263969211391878
14.453306039000012,108.74208323299968,SAT_10111,21.050057326247426,197.15657246014177,99.06270429538799,169.53476861767086,-63.93964271711276,29.986001857999344,35.0,0.12015913139769259,12.27071682604355
14.453306039000012,108.84208323299967,SAT_10111,21.017911262082833,196.97575084921596,99.05945273538296,169.54417942001686,-63.971788781277354,29.973458124502237,35.0,0.12030160994002222,12.2807658758227
14.453306039000012,108.94208323299966,SAT_10111,20.97523275494467,196.73568424656378,99.05511176062133,169.5566570973819,-64.01446728841552,29.95678454239813,35.0,0.12049082405368279,12.294103909378057
14.453306039000012,109.04208323299966,SAT_10111,20.92206486570886,196.43661486961233,99.04966509619796,169.57217519803268,-64.06763517765133,29.935981146011567,35.0,0.12072662759978055,12.31071449803043
14.553306039000011,107.54208323299974,SAT_10096,21.044214410958595,197.1237060616421,99.06204745212504,169.53479765518765,-63.94548563240159,29.98279834314561,35.0,0.1201956182360257,12.273290702123537
14.553306039000011,107.64208323299974,SAT_10096,21.024577260427606,197.01324708990526,99.06006133361518,169.54054716949167,-63.96512278293258,29.97513740987397,35.0,0.12028267062373083,12.279430352691143
14.553306039000011,107.74208323299973,SAT_10096,20.99440181742868,196.84351022303633,99.05699805531764,169.54937439034424,-63.995298225931506,29.963355824630884,35.0,0.12041646492397055,12.288863195294176
14.553306039000011,107.84208323299973,SAT_10096,20.953718624335522,196.61466726188732,99.05284623842697,169.56126055160433,-64.03598141902467,29.9474536116909,35.0,0.12059689752078706,12.301577581590442
14.553306039000011,107.94208323299972,SAT_10111,20.914483544041914,196.39396993523576,99.04887990225001,169.57438558358405,-64.07521649931827,29.93301187169146,35.0,0.1207602589910709,12.313082528434615
14.553306039000011,108.04208323299972,SAT_10111,20.96682697356077,196.68840172627935,99.05424797858369,169.55911243135077,-64.02287306979942,29.953497899002414,35.0,0.12052809804998255,12.296730439401076
14.553306039000011,108.14208323299971,SAT_10111,21.00868607799113,196.9238591887001,99.05851077518938,169.54687813040334,-63.98101396536906,29.969855971762012,35.0,0.12034250440858625,12.283649302319143
14.553306039000011,108.2420832329997,SAT_10111,21.040018666210727,197.10010499743535,99.0616842710507,169.5377085971066,-63.94968137714946,29.982086056287848,35.0,0.1202036212644025,12.273855215066314
14.553306039000011,108.3420832329997,SAT_10111,21.060792946002728,197.21696032126533,99.06378026329105,169.53162336764683,-63.92890709735746,29.9901881273981,35.0,0.12011155644852257,12.267360300660208
14.553306039000011,108.44208323299969,SAT_10111,21.070987738064005,197.27430602661002,99.06480649747698,169.5286354601622,-63.91871230529618,29.994162168410902,35.0,0.12006638176122818,12.264172631783643
14.553306039000011,108.54208323299969,SAT_10111,21.07059261947022,197.27208348451998,99.06476675263292,169.5287512822779,-63.91910742388997,29.994008171143964,35.0,0.12006813252730082,12.264296180228715
14.553306039000011,108.64208323299968,SAT_10111,21.05960799454286,197.2102949693036,99.06366088256485,169.53197058541934,-63.93009204881733,29.989726135914353,35.0,0.12011680737656263,12.267730791935776
14.553306039000011,108.74208323299968,SAT_10111,21.03804509209607,197.08900364304043,99.06148481426334,169.5382864665875,-63.95165495126412,29.981316071538508,35.0,0.12021236825239708,12.274472187962743
14.553306039000011,108.84208323299967,SAT_10111,21.00592588910615,196.90833312622212,99.05823050335707,169.54768541756678,-63.983774154254036,29.968777995332466,35.0,0.12035474064814265,12.284511991371568
14.553306039000011,108.94208323299966,SAT_10111,20.96328296189928,196.66846666068346,99.05388584578446,169.5601474208339,-64.0264170814609,29.95211193311225,35.0,0.12054381406840001,12.297837779670836
14.553306039000011,109.04208323299966,SAT_10111,20.910159266990178,196.36964587681976,99.04843454402358,169.57564609074132,-64.07954077637001,29.93131791919453,35.0,0.12077944270950591,12.314433162113719
14.653306039000011,107.64208323299974,SAT_10096,21.04678905395486,197.13818842849608,99.06230108277845,169.53404353559654,-63.94291098940533,29.983802416359296,35.0,0.12018420568481492,12.27248566448327
14.653306039000011,107.74208323299973,SAT_10096,21.01660586420587,196.968407986158,99.05924740611601,169.54287995678237,-63.973094179154316,29.972026195500806,35.0,0.12031801187677314,12.28192240599597
14.653306039000011,107.84208323299973,SAT_10096,20.975912304767647,196.739506714318,99.05510864642359,169.55477847707516,-64.01378773859254,29.956131223154877,35.0,0.12049846025809721,12.294642024414156
14.653306039000011,107.94208323299972,SAT_10096,20.92474936799016,196.45171519494465,99.04986934511126,169.56971391540498,-64.06495067537003,29.93611753207896,35.0,0.12072541170436465,12.31062888033964
14.653306039000011,108.04208323299972,SAT_10111,20.94362561664616,196.55789409363467,99.05186843786096,169.56588577925518,-64.04607442671403,29.94442163577947,35.0,0.12063099271486458,12.303979290523442
14.653306039000011,108.14208323299971,SAT_10111,20.985434668100936,196.79307000806776,99.0561404738202,169.55367613234233,-64.00426537525925,29.960772283527216,35.0,0.12044558858683088,12.290915937857303
14.653306039000011,108.2420832329997,SAT_10111,21.016729691603963,196.96910451527228,99.05932082691797,169.54452512258783,-63.972970351756224,29.972996816762528,35.0,0.12030684758399443,12.281135198346933
14.653306039000011,108.3420832329997,SAT_10111,21.03747901823388,197.0858194775656,99.06142133823637,169.5384522075753,-63.952221025126306,29.981095210309277,35.0,0.1202148771466862,12.274649150713605
14.653306039000011,108.44208323299969,SAT_10111,21.047661551059903,197.14309622471197,99.06244978216341,169.53547035291155,-63.942038492300284,29.985067447489378,35.0,0.12016974881439008,12.271465838063717
14.653306039000011,108.54208323299969,SAT_10111,21.04726690776436,197.14087635617452,99.06240995177393,169.53558594032052,-63.94243313559583,29.984913520122387,35.0,0.12017149778340079,12.2715892176143
14.653306039000011,108.64208323299968,SAT_10111,21.036295491092602,197.07916213739588,99.06130170033045,169.538798722233,-63.953404552267585,29.9806334285253,35.0,0.1202201226885264,12.27501913587136
14.653306039000011,108.74208323299968,SAT_10111,21.014758486116293,196.95801648440417,99.05912093967954,169.54510182355122,-63.974941557243895,29.972227181512572,35.0,0.12031558561156391,12.28175132959369
14.653306039000011,108.84208323299967,SAT_10111,20.98267778435192,196.77756253697956,99.05585959551402,169.55448179055875,-64.00702225900827,29.959694796396303,35.0,0.12045781231644163,12.291777452529375
14.653306039000011,108.94208323299966,SAT_10111,20.940085835822174,196.53798282649973,99.0515055186642,169.56691868625012,-64.04961420753801,29.943036298986684,35.0,0.1206466927080909,12.305085127566493
14.653306039000011,109.04208323299966,SAT_10111,20.88702543117401,196.23951805035384,99.0460423507487,169.58238623066688,-64.10267461218618,29.922251723592623,35.0,0.12088208150934178,12.321658023602572
14.75330603900001,107.54208323299974,SAT_10096,21.07735936220581,197.3101464124077,99.06537339375218,169.525084164095,-63.912340681154376,29.99571804284486,35.0,0.12004871451040539,12.262925845393825
14.75330603900001,107.64208323299974,SAT_10096,21.057719244139236,197.1996707482832,99.0633970909047,169.5308412901511,-63.93198079922095,29.988064106544815,35.0,0.12013575820035882,12.269067857414305
14.75330603900001,107.74208323299973,SAT_10096,21.0275392963311,197.02990854186245,99.06034898774374,169.5396801776953,-63.96216074702909,29.97629328180259,35.0,0.12026953895489205,12.27850431218149
14.75330603900001,107.84208323299973,SAT_10096,20.986850135396253,196.80103201160392,99.05621780817869,169.55158201109768,-64.00284990796393,29.960405592880807,35.0,0.12044995294398032,12.291223536803086
14.75330603900001,107.94208323299972,SAT_10096,20.93569277364122,196.5132718517319,99.05098814578487,169.5665215953275,-64.05400726971897,29.940401072528925,35.0,0.120676860992028,12.307209885928378
14.75330603900001,108.04208323299972,SAT_10111,20.909200635327906,196.36425357371948,99.04832586778194,169.57592550145887,-64.08049940803228,29.930942362072308,35.0,0.12078369555536324,12.314732573090348
14.75330603900001,108.14208323299971,SAT_10111,20.950944668522638,196.59906376043983,99.05261284051305,169.56374967241692,-64.03875537483755,29.947285540726106,35.0,0.12059853184064057,12.301692711306105
14.75330603900001,108.2420832329997,SAT_10111,20.982190886481845,196.77482373646038,99.05580427832774,169.55462407105458,-64.00750915687834,29.95950448971316,35.0,0.12045997119623249,12.291929604340694
14.75330603900001,108.3420832329997,SAT_10111,21.002907788556165,196.89135631062845,99.05791209426134,169.54856804739393,-63.98679225480402,29.967599183862966,35.0,0.12036812053183311,12.285455270741236
14.75330603900001,108.44208323299969,SAT_10111,21.01307439023379,196.94854344506504,99.05894410986707,169.54559449515827,-63.9766256531264,29.971569606501152,35.0,0.12032305103278654,12.282277713436493
14.75330603900001,108.54208323299969,SAT_10111,21.012680364614724,196.94632705095782,99.05890414120928,169.54570976062928,-63.977019678745464,29.9714157494491,35.0,0.12032479772091798,12.282400869844377
14.75330603900001,108.64208323299968,SAT_10111,21.001726112293085,196.8847093816486,99.05779204066143,169.5489135976138,-63.9879739310671,29.967137613023738,35.0,0.12037335923780573,12.285824587239244
14.75330603900001,108.74208323299968,SAT_10111,20.98022275864369,196.76375301737076,99.05560369529086,169.55519916919243,-64.0094772847165,29.958735206037545,35.0,0.12046869785319582,12.292544623708418
14.75330603900001,108.84208323299967,SAT_10111,20.948192078550022,196.5835804418439,99.0523309818009,169.5645530962254,-64.04150796481017,29.946208545798775,35.0,0.12061073969845398,12.302552674685082
14.75330603900001,108.94208323299966,SAT_10111,20.90566634965694,196.3443732168203,99.04796167718553,169.57695555189005,-64.08403369370325,29.929557658111854,35.0,0.12079937522214627,12.315836424702917
14.85330603900001,107.64208323299974,SAT_10096,21.057355924426403,197.19762707489852,99.06335403247789,169.53094775273246,-63.932344118933784,29.98792247193831,35.0,0.12013736853113419,12.2691814696085
14.85330603900001,107.74208323299973,SAT_10096,21.02719023841182,197.02794509106647,99.06030750956181,169.5397823521253,-63.96250980494837,29.976157075033115,35.0,0.12027108642692738,12.27861344142927
14.85330603900001,107.84208323299973,SAT_10096,20.986520282646296,196.79917658988543,99.05617848059049,169.55167842516371,-64.00317976071389,29.960276712350844,35.0,0.12045141572321308,12.291326632177805
14.85330603900001,107.94208323299972,SAT_10096,20.935387030039166,196.5115520439703,99.05095155525576,169.5666108010873,-64.05431301332102,29.940281416633074,35.0,0.12067821737755653,12.307305411489223
14.85330603900001,108.04208323299972,SAT_10096,20.873841566154,196.16535880961624,99.04460704661898,169.58454811170458,-64.11585847720619,29.91617122910697,35.0,0.12095131788482787,12.326530276723744
14.85330603900001,108.14208323299971,SAT_10111,20.90525317683432,196.34204911969306,99.04791417767407,169.577075960714,-64.08444686652587,29.9293957702417,35.0,0.1208012082680646,12.31596546778548
14.85330603900001,108.2420832329997,SAT_10111,20.93643951272628,196.51747225908537,99.05112101021271,169.5679825472115,-64.0532605306339,29.941609102033393,35.0,0.12066286568455062,12.306224219771252
14.85330603900001,108.3420832329997,SAT_10111,20.957116628265453,196.6337810339932,99.05323897062709,169.56194792161696,-64.03258341509473,29.949700074959843,35.0,0.12057115984492146,12.299764408592708
14.85330603900001,108.44208323299969,SAT_10111,20.967263680714325,196.6908582040181,99.05427594639762,169.5589848868784,-64.02243636264586,29.95366867235035,35.0,0.12052616148893629,12.296593986628876
14.85330603900001,108.54208323299969,SAT_10111,20.966870413061685,196.688646073472,99.05423578572112,169.55909974452015,-64.0228296302985,29.953514886028092,35.0,0.12052790541890386,12.296716866387529
14.85330603900001,108.64208323299968,SAT_10111,20.95593722318924,196.62714688043948,99.0531183397283,169.56229225008622,-64.03376282017095,29.94923871630993,35.0,0.12057639028492075,12.30013289610974
14.85330603900001,108.74208323299968,SAT_10111,20.934475161186043,196.5064227816715,99.05091946085271,169.56855561487018,-64.05522488217414,29.940840172006403,35.0,0.12067157859320934,12.306837860717161
14.85330603900001,108.84208323299967,SAT_10111,20.90250585484607,196.32659543350914,99.04763095731978,169.5778765539092,-64.08719418851412,29.928319270421962,35.0,0.12081339693745274,12.31682350808944
14.85330603900001,108.94208323299966,SAT_10111,20.860061364417277,196.0878451748472,99.04324050290086,169.59023537952632,-64.12963867894291,29.911676037355363,35.0,0.12100173645025374,12.330077600321701
14.95330603900001,107.54208323299974,SAT_10096,21.06531385359034,197.24239042644567,99.06414893894609,169.52861554936857,-63.92438618976985,29.99102436964546,35.0,0.12010209786188636,12.266692912184856
14.95330603900001,107.64208323299974,SAT_10096,21.045699490971018,197.13205963671197,99.06217210051088,169.5343626797906,-63.94400055238917,29.983377512822017,35.0,0.12018903533438727,12.272826350086195
14.95330603900001,107.74208323299973,SAT_10096,21.015559069944594,196.96251976843834,99.059123171489,169.54318624680712,-63.974140973415594,29.971617575463796,35.0,0.12032265300616032,12.282249649066106
14.95330603900001,107.84208323299973,SAT_10096,20.97492310372789,196.7339424584694,99.05499087302255,169.55506749976283,-64.0147769396323,29.95574458182181,35.0,0.12050284738409639,12.294951174307185
14.95330603900001,107.94208323299972,SAT_10096,20.923832466655554,196.4465576249375,99.04975979498447,169.5699813302843,-64.06586757670463,29.935758564629857,35.0,0.12072947974271817,12.310915331307468
14.95330603900001,108.04208323299972,SAT_10096,20.8623381220024,196.10065193626346,99.04341022506878,169.58789644752824,-64.12736192135779,29.911659565105307,35.0,0.12100237697075816,12.330122661964111
14.95330603900001,108.14208323299971,SAT_10111,20.848408982154226,196.02230052461752,99.04202595385023,169.59362503741528,-64.14129106120596,29.90710300773484,35.0,0.12105345216808838,12.333715579357431
14.95330603900001,108.2420832329997,SAT_10111,20.879524569619903,196.19732570411196,99.04525260502598,169.5845704563796,-64.11017547374028,29.919310689394575,35.0,0.12091536468985756,12.32400034206541
14.95330603900001,108.3420832329997,SAT_10111,20.900154676588457,196.31337005581008,99.04738362476475,169.5785616457475,-64.08954536677173,29.92739791927823,35.0,0.1208238282889381,12.317557812013535
14.95330603900001,108.44208323299969,SAT_10111,20.91027863058129,196.37031729701974,99.0484269858236,169.57561129937892,-64.0794214127789,29.931364680718715,35.0,0.12077891317045121,12.314395880948245
14.95330603900001,108.54208323299969,SAT_10111,20.909886258514632,196.3681102041448,99.04838657795992,169.5757256650142,-64.07981378484556,29.931210965540977,35.0,0.12078065387332337,12.314518431499001
14.95330603900001,108.64208323299968,SAT_10111,20.89897795501288,196.30675099694744,99.04726225069717,169.57890450028486,-64.0907220883473,29.926936774061808,35.0,0.1208290490578715,12.317925313066377
14.95330603900001,108.74208323299968,SAT_10111,20.87756467975548,196.18630132362458,99.04504981167267,169.58514107442215,-64.11213536360471,29.918542115089842,35.0,0.12092406151404977,12.32461234275835
14.95330603900001,108.84208323299967,SAT_10111,20.845667883895857,196.0068818469142,99.04174098053558,169.59442221563756,-64.14403215946433,29.906027005925772,35.0,0.12106561839025665,12.334571331362284
15.05330603900001,107.64208323299974,SAT_10096,21.0227626397646,197.00303984867588,99.05984700908876,169.54107826649908,-63.96693740359559,29.974429238252622,35.0,0.12029071557274243,12.279997659776386
15.05330603900001,107.74208323299973,SAT_10096,20.99265842256532,196.83370362692995,99.05679166662563,169.54988409794097,-63.99704162079487,29.962674792140614,35.0,0.12042419585907142,12.289408119135437
15.05330603900001,107.84208323299973,SAT_10096,20.952071144056788,196.6054001853194,99.05265065003812,169.5617415260442,-64.0376288993034,29.946809210325227,35.0,0.12060420536646022,12.302092378217973
15.05330603900001,107.94208323299972,SAT_10096,20.901041521380975,196.318358557768,99.04740849325032,169.57662554257007,-64.08865852197921,29.926832525532582,35.0,0.1208306058686009,12.318034899073119
15.05330603900001,108.04208323299972,SAT_10096,20.839620322806468,195.97286431578638,99.04104541221062,169.59450498082376,-64.15007972055372,29.90274477897039,35.0,0.12110322487457488,12.337216293825778
15.05330603900001,108.14208323299971,SAT_10111,20.780472219897888,195.64015623692563,99.0349245827561,169.61335999495418,-64.2092278234623,29.88040729764518,35.0,0.12135505911677241,12.354920067036517
15.05330603900001,108.2420832329997,SAT_10111,20.8115064464142,195.81472376107988,99.03817562345635,169.60435072811225,-64.17819359694599,29.892609296246796,35.0,0.12121726299265147,12.34523490208789
15.05330603900001,108.3420832329997,SAT_10111,20.832082491792633,195.93046401633356,99.04032271410027,169.59837204086486,-64.15761755156755,29.900692761275124,35.0,0.1211259201149961,12.33881235186282
15.05330603900001,108.44208323299969,SAT_10111,20.842179881253927,195.98726183205332,99.04137393283813,169.59543650036682,-64.14752016210626,29.904657676066627,35.0,0.12108110006809523,12.335660237737976
15.05330603900001,108.54208323299969,SAT_10111,20.84178853916741,195.98506053281668,99.04133322078938,169.5955502918888,-64.14791150419278,29.904504032448003,35.0,0.12108283708503763,12.335782407666942
15.05330603900001,108.64208323299968,SAT_10111,20.83090885637492,195.9238623171089,99.04020042549128,169.59871317548726,-64.15879118698527,29.900231830735972,35.0,0.12113112983800778,12.339178712395972
15.05330603900001,108.74208323299968,SAT_10111,20.809551687577127,195.80372824262136,99.03797129922013,169.60491848768638,-64.18014835578306,29.891841079737286,35.0,0.12122594144642794,12.345845006387552
15.05330603900001,108.84208323299967,SAT_10111,20.777738278816074,195.62477781834042,99.03463745215326,169.61415318815074,-64.21196176454411,29.879331796748957,35.0,0.12136719970284458,12.355773173439486
15.15330603900001,107.64208323299974,SAT_10096,20.988570274640693,196.8107077948539,99.05636994361495,169.55107920605485,-64.0011297687195,29.961077666061527,35.0,0.12044232479922369,12.29068590392694
15.15330603900001,107.74208323299973,SAT_10096,20.958513088706823,196.64163612397587,99.05330413118399,169.55986067005756,-64.03118695465336,29.949328742884354,35.0,0.12057563088856806,12.300079396591583
15.15330603900001,107.84208323299973,SAT_10096,20.917989046777024,196.41368838812076,99.04914888089975,169.57168536410805,-64.07171099658316,29.933470615667545,35.0,0.12075540604249113,12.312740842100162
15.15330603900001,107.94208323299972,SAT_10096,20.867038651126137,196.12709241258452,99.04388863410074,169.58652841722312,-64.12266139223405,29.91350331712966,35.0,0.12098151271345423,12.328654779427122
15.15330603900001,108.04208323299972,SAT_10096,20.805712403460475,195.78213226946517,99.03750348795745,169.6043588328863,-64.18398763989971,29.889426888468876,35.0,0.1212537792541451,12.347801916228136
15.15330603900001,108.14208323299971,SAT_10096,20.734070473861763,195.3791464154724,99.02996897186642,169.6251397019501,-64.25562956949842,29.861241379363978,35.0,0.12157200095150553,12.370159245960794
15.15330603900001,108.2420832329997,SAT_10111,20.732456499414752,195.370067809208,99.02986132179194,169.6272795881526,-64.25724354394544,29.861504975820157,35.0,0.12156831783430512,12.369900613778698
15.15330603900001,108.3420832329997,SAT_10111,20.75297162652538,195.48546539920525,99.03202761487105,169.62133520674573,-64.23672841683481,29.86958465418746,35.0,0.12147719194838769,12.363500672328149
15.15330603900001,108.44208323299969,SAT_10111,20.763039081973773,195.54209483610248,99.03308822228502,169.61841652763994,-64.22666096138641,29.873547711634377,35.0,0.12143247850418416,12.360359666876674
15.15330603900001,108.54208323299969,SAT_10111,20.76264890051496,195.53990006539667,99.03304714678511,169.61852966534582,-64.22705114284523,29.87339413998933,35.0,0.12143421138811268,12.36048140610063
15.15330603900001,108.64208323299968,SAT_10111,20.751801468706248,195.47888326147265,99.03190423352515,169.62167438266658,-64.23789857465394,29.869123939568965,35.0,0.12148238928580989,12.36386574227052
15.15330603900001,108.74208323299968,SAT_10111,20.730507522337902,195.3591048131507,99.02965516835107,169.62784409235016,-64.25919252102229,29.86073711917819,35.0,0.12157697569015397,12.370508572160169
15.15330603900001,108.84208323299967,SAT_10111,20.698788075113583,195.1806829225139,99.02629143007219,169.63702590296498,-64.2909119682466,29.848233696110377,35.0,0.12171789912386072,12.38040186226815
15.253306039000009,107.64208323299974,SAT_10096,20.94315932757641,196.5552712176173,99.0517274577598,169.564342805476,-64.04654071578378,29.94332282285537,35.0,0.12064373771459243,12.304876995448563
15.253306039000009,107.74208323299973,SAT_10096,20.913159843057855,196.38652411720042,99.04864704071565,169.5730933710455,-64.07654020030233,29.93157945429113,35.0,0.12077683328815057,12.31424945025981
15.253306039000009,107.84208323299973,SAT_10096,20.872713375770815,196.15901273871086,99.04447193481192,169.5848765569997,-64.11698666758937,29.915728824430673,35.0,0.12095632526665462,12.326882609753701
15.253306039000009,107.94208323299972,SAT_10096,20.82186015675738,195.8729633817603,99.03918645133588,169.59966766586132,-64.1678398866028,29.895770965985108,35.0,0.12118207695732809,12.342761109769265
15.253306039000009,108.04208323299972,SAT_10096,20.760650351220235,195.52865822561384,99.03277052057713,169.61743591624912,-64.22904969213995,29.871705920143217,35.0,0.12145391777526283,12.361865778258784
15.253306039000009,108.14208323299971,SAT_10096,20.68914373077905,195.1264334856322,99.02519946595422,169.6381446535815,-64.30055631258114,29.84353373657245,35.0,0.12177164426825657,12.38417375130384
15.253306039000009,108.2420832329997,SAT_10111,20.642456559770537,194.86381814870927,99.02027529996073,169.65330687460718,-64.34724348358965,29.825997790126276,35.0,0.12196825046067065,12.397966148648084
15.253306039000009,108.3420832329997,SAT_10111,20.66290413360855,194.9788357515481,99.02246407200501,169.64740083936556,-64.32679590975164,29.834073660033628,35.0,0.12187736433765733,12.391591366082048
15.253306039000009,108.44208323299969,SAT_10111,20.672938394614306,195.03527846970547,99.02353566993472,169.64450100724488,-64.31676164874588,29.83803484944368,35.0,0.12183276868435042,12.388462722260334
15.253306039000009,108.54208323299969,SAT_10111,20.672549500200475,195.03309093862768,99.02349416897567,169.64461341414477,-64.31715054315971,29.83788135018654,35.0,0.12183449700148,12.388583982199998
15.253306039000009,108.64208323299968,SAT_10111,20.661737832164732,194.97227530592662,99.02233941147918,169.64773782591877,-64.32796221119546,29.833613162578796,35.0,0.1218825479896486,12.391954999865831
15.253306039000009,108.74208323299968,SAT_10111,20.640513994165303,194.85289121717983,99.02006700517344,169.65386773999754,-64.34918604919488,29.82523029542353,35.0,0.1219768855572233,12.398571719063654
15.253306039000009,108.84208323299967,SAT_10111,20.608898741728595,194.67505542222335,99.01666827437936,169.66299043038055,-64.38080130163159,29.812732766010527,35.0,0.1221174390392944,12.40842619822228
15.353306039000008,107.64208323299974,SAT_10096,20.886578494024377,196.23700402888713,99.04590131503224,169.5808391560721,-64.10312154933581,29.921164744016764,35.0,0.12089478898960551,12.322552348290861
15.353306039000008,107.74208323299973,SAT_10096,20.856647179540886,196.0686403849175,99.04280205053672,169.58955242152481,-64.1330528638193,29.909426961733125,35.0,0.12102763835967785,12.33189976566792
15.353306039000008,107.84208323299973,SAT_10096,20.816292354837614,195.8416444959616,99.03860131978115,169.60128549861605,-64.17340768852257,29.893583871972734,35.0,0.1212067991874493,12.344499262691812
15.353306039000008,107.94208323299972,SAT_10096,20.76555392501315,195.55624082819898,99.03328326536777,169.61601389852478,-64.22414611834704,29.873635507439335,35.0,0.12143213580634153,12.360335591455238
15.353306039000008,108.04208323299972,SAT_10096,20.704481650870434,195.2127092861462,99.02682760109408,169.6337070986019,-64.28521839248975,29.849581909312448,35.0,0.12170347890701355,12.379389724293292
15.353306039000008,108.14208323299971,SAT_10096,20.633134825138058,194.8113833914016,99.01920938311132,169.65432875044118,-64.35656521822213,29.82142312724835,35.0,0.12202062655121905,12.401638968478078
15.353306039000008,108.2420832329997,SAT_10096,20.55158189183338,194.35264814156275,99.01039872459008,169.67783692425166,-64.43811815152681,29.789159219381276,35.0,0.12238334536772132,12.427057101288694
15.353306039000008,108.3420832329997,SAT_10111,20.5619720093667,194.41109255268768,99.01159177249801,169.6765125880687,-64.42772803399349,29.794159849615262,35.0,0.12232612350731016,12.423049172032735
15.353306039000008,108.44208323299969,SAT_10111,20.571969935923065,194.46733088956725,99.01267604697239,169.6736335113691,-64.41773010743712,29.798119160299457,35.0,0.12228165645324227,12.41993409991423
15.353306039000008,108.54208323299969,SAT_10111,20.57158245030135,194.4651512829451,99.01263405528802,169.67374511346523,-64.41811759305884,29.797965733844432,35.0,0.1222833797845194,12.420054833653518
15.353306039000008,108.64208323299968,SAT_10111,20.560809929090638,194.40455585113483,99.01146563654771,169.67684716354773,-64.42889011426955,29.793699570566716,35.0,0.12233129221814698,12.423411229070382
15.353306039000008,108.74208323299968,SAT_10111,20.539662831373874,194.28560342647802,99.00916630793145,169.6829332516708,-64.45003721198631,29.78532067926759,35.0,0.12242535811787461,12.429999281465227
15.353306039000008,108.84208323299967,SAT_10111,20.50816163017373,194.10840916972722,99.0057272146774,169.69199083278744,-64.48153841318646,29.772829077233315,35.0,0.12256550770919723,12.439811149923136
15.453306039000008,107.54208323299974,SAT_10096,20.83831478231494,195.96552065052154,99.04089270367048,169.5948845972905,-64.15138526104525,29.902232271242763,35.0,0.12110902089451708,12.337623914102997
15.453306039000008,107.64208323299974,SAT_10096,20.818887887279246,195.85624436594577,99.03886827174748,169.6005313559111,-64.17081215608094,29.894603473705324,35.0,0.12119527434138219,12.343688999533788
15.453306039000008,107.74208323299973,SAT_10096,20.789034967779614,195.68832169376034,99.03574577709253,169.60920107591318,-64.20066507558057,29.882871309359633,35.0,0.1213278425840022,12.353007466443028
15.453306039000008,107.84208323299973,SAT_10096,20.748785526966003,195.46191858918377,99.03151346179122,169.62087565290446,-64.24091451639418,29.867035802429065,35.0,0.12150662531036995,12.365568040608416
15.453306039000008,107.94208323299972,SAT_10096,20.698179091268685,195.17725738838635,99.02615525959716,169.63553084054826,-64.2915209520915,29.847096985610122,35.0,0.12173148804609148,12.381355609107278
15.453306039000008,108.04208323299972,SAT_10096,20.637264951639622,194.8346153529729,99.0196506162279,169.65313641689932,-64.35243509172057,29.823054900073185,35.0,0.12200226296381651,12.40035131193063
15.453306039000008,108.14208323299971,SAT_10096,20.566101844365335,194.43432287455502,99.01197425681895,169.67365638942425,-64.42359819899485,29.79490959546352,35.0,0.12231874988440529,12.422532655149723
15.453306039000008,108.2420832329997,SAT_10096,20.484757575775888,193.97676136373937,99.00309589592187,169.69704923582628,-64.5049424675843,29.76266112990245,35.0,0.12268071745800532,12.447873644202458
15.453306039000008,108.3420832329997,SAT_10111,20.450276582270916,193.7828057752739,98.99936383281228,169.70860844723092,-64.53942346108927,29.74984330251925,35.0,0.12282312329275201,12.45783519308485
15.453306039000008,108.44208323299969,SAT_10111,20.46023516499332,193.83882280308742,99.00046256875304,169.7057519507821,-64.52946487836687,29.75380072379185,35.0,0.12277879523270294,12.454734856143938
15.453306039000008,108.54208323299969,SAT_10111,20.45984920484453,193.8366517772505,99.00042001724988,169.70586267731954,-64.52985083851566,29.753647370553026,35.0,0.12278051317511289,12.454855018574028
15.553306039000008,107.44208323299975,SAT_10096,20.76848282590936,195.57271589574015,99.03358443570373,169.61516441109777,-64.22121721745083,29.874787906106075,35.0,0.12141912583056125,12.359421586628587
15.553306039000008,107.54208323299974,SAT_10096,20.759527905734046,195.52234446975402,99.03264220429202,169.61776138657802,-64.23017213762614,29.87126418877732,35.0,0.12145890385677721,12.36221603596866
15.553306039000008,107.64208323299974,SAT_10096,20.7401586170254,195.4133922207679,99.03059979690025,169.62337578084856,-64.24954142633479,29.863639064858923,35.0,0.12154495184990613,12.368259758495238
15.553306039000008,107.74208323299973,SAT_10096,20.710394034156522,195.24596644213045,99.02744951572656,169.6319958917842,-64.27930600920367,29.851912550098287,35.0,0.12167720493060137,12.377545462587175
15.553306039000008,107.84208323299973,SAT_10096,20.670263338755973,195.02023128050234,99.02317941969876,169.64360382097877,-64.31943670460421,29.836084668713497,35.0,0.12185556379834382,12.390061988540607
15.553306039000008,107.94208323299972,SAT_10096,20.619805628136973,194.73640665827048,99.01777319163455,169.6581755968955,-64.36989441522321,29.8161554533939,35.0,0.12207989533063512,12.40579437639099
15.553306039000008,108.04208323299972,SAT_10096,20.559069660766994,194.39476684181435,99.01120995509939,169.67568133839103,-64.4306303825932,29.792124945300877,35.0,0.12235003338077752,12.424723956122277
15.553306039000008,108.14208323299971,SAT_10096,20.48811354225201,193.99563867516753,99.00346403737267,169.69608545630177,-64.50158650110818,29.763993194068842,35.0,0.12266577976473209,12.446828459110522
15.553306039000008,108.2420832329997,SAT_10096,20.407004356076826,193.53939950293216,98.99450467379151,169.71934689026554,-64.58269568728336,29.731760257806403,35.0,0.12302690542546252,12.472082149398755
15.553306039000008,108.3420832329997,SAT_10111,20.327927855177833,193.0945941853753,98.9857261885426,169.74362117692155,-64.66177218818235,29.701124107120016,35.0,0.12336798723449166,12.495907131146335
15.553306039000008,108.44208323299969,SAT_10111,20.337844224267656,193.15037376150556,98.9868412861119,169.74078899631667,-64.65185581909253,29.70507962829852,35.0,0.1233238081194085,12.492822642954975
15.553306039000008,108.54208323299969,SAT_10111,20.337459900858207,193.1482119423274,98.98679810123654,169.74089878000223,-64.65224014250198,29.704926348689845,35.0,0.1233255202871489,12.492942190902443
15.653306039000007,107.34208323299976,SAT_10096,20.677239616404677,195.0594728422763,99.02392112855634,169.64158708958655,-64.31246042695551,29.838837602437437,35.0,0.12182455429348152,12.387886385512916
15.653306039000007,107.44208323299975,SAT_10096,20.678703055935927,195.0677046896396,99.0240771229457,169.64116396947827,-64.31099698742426,29.839415019095398,35.0,0.12181804951723428,12.387429987524156
15.653306039000007,107.54208323299974,SAT_10096,20.66977770573682,195.0174995947696,99.02312518888527,169.6437441913377,-64.31992233762337,29.835893008922813,35.0,0.12185772249297487,12.390213432715505
15.653306039000007,107.64208323299974,SAT_10096,20.650472298240985,194.90890667760553,99.02106172303273,169.64932240000226,-64.3392277451192,29.828271579195214,35.0,0.12194354349785032,12.396233380814312
15.653306039000007,107.74208323299973,SAT_10096,20.62080567359621,194.7420319139787,99.01787888888418,169.65788704342432,-64.36889436976398,29.816550745656603,35.0,0.12207544838951573,12.40548262360673
15.653306039000007,107.84208323299973,SAT_10096,20.58080665604355,194.51703744024496,99.01356452979711,169.66942045212164,-64.40889338731664,29.80073053251985,35.0,0.12225333899310878,12.417950128721735
15.653306039000007,107.94208323299972,SAT_10096,20.530513865882668,194.23414049559,99.00810203321043,169.6838989599749,-64.45918617747752,29.780810972467258,35.0,0.12247708369071371,12.43362110627917
15.653306039000007,108.04208323299972,SAT_10096,20.469975469605757,193.8936120165324,99.00147014342107,169.7012930646536,-64.51972457375443,29.75679210665134,35.0,0.12274651820625755,12.452477097545904
15.653306039000007,108.14208323299971,SAT_10096,20.399248871604186,193.49577490277355,98.99364271922313,169.72156762540092,-64.590451171756,29.7286739846958,35.0,0.12306144657654298,12.474496084474346
15.653306039000007,108.2420832329997,SAT_10096,20.318400351572407,193.0410019775948,98.98458843153803,169.7446820954346,-64.67129969178778,29.696456664696722,35.0,0.12342164229708237,12.499652618752823
15.653306039000007,108.3420832329997,SAT_10096,20.227504652380944,192.5297136696428,98.97427039482142,169.7705907857913,-64.76219539097924,29.660140213223944,35.0,0.12382684962959314,12.52791796878228
15.653306039000007,108.44208323299969,SAT_10111,20.204915242705,192.4026482402156,98.97175036479227,169.77867252367383,-64.78478480065519,29.65195597098713,35.0,0.12391629011785021,12.53415195785063
15.753306039000007,107.24208323299976,SAT_10096,20.564783001123132,194.42690438131763,99.01182750113597,169.6740361944725,-64.42491704223706,29.79438739771786,35.0,0.1223246167913864,12.422943628691014
15.753306039000007,107.34208323299976,SAT_10096,20.57659083183094,194.49332342904904,99.01310689198921,169.67063510654046,-64.41310921152925,29.799061960477932,35.0,0.12227209137531198,12.4192639740914
15.753306039000007,107.44208323299975,SAT_10096,20.57804896250991,194.50152541411822,99.01326472068189,169.67021501338616,-64.41165108085028,29.79963909569781,35.0,0.12226560540766618,12.418809557754267
15.753306039000007,107.54208323299974,SAT_10096,20.569155979920808,194.45150238705455,99.0123015892786,169.6727767811765,-64.42054406343938,29.796118802184964,35.0,0.12230516370338737,12.421580920744445
15.753306039000007,107.64208323299974,SAT_10096,20.549920497500068,194.3433027984379,99.01021382055103,169.67831513098173,-64.43977954586012,29.78850108721338,35.0,0.12239073691445518,12.427574765177313
15.753306039000007,107.74208323299973,SAT_10096,20.520361099049467,194.17703118215326,99.00699341712738,169.68681867494823,-64.46933894431072,29.77678596652372,35.0,0.12252226170645611,12.436783974179756
15.753306039000007,107.84208323299973,SAT_10096,20.48050621765111,193.95284747428752,99.00262797232156,169.6982699940623,-64.50919382570908,29.76097346432371,35.0,0.12269964113857898,12.449197654831917
15.753306039000007,107.94208323299972,SAT_10096,20.430393951472837,193.6709659770347,98.99710053091252,169.71264575639552,-64.55930609188735,29.74106361328871,35.0,0.12292274524248802,12.464801203538052
15.753306039000007,108.04208323299972,SAT_10096,20.370071818978985,193.3316539817568,98.99038939714451,169.72991687415765,-64.6196282243812,29.71705645456249,35.0,0.12319141179319257,12.483576392992834
15.753306039000007,108.14208323299971,SAT_10096,20.299596456856037,192.93523006981522,98.98246788613068,169.75004869735287,-64.69010358650415,29.688952037758213,35.0,0.12350544726284785,12.50550147964665
15.753306039000007,108.2420832329997,SAT_10096,20.219033264668397,192.48206211375975,98.97330401362335,169.77300124137037,-64.77066677869179,29.656750420959614,35.0,0.12386462794643066,12.530551330334601
15.753306039000007,108.3420832329997,SAT_10096,20.128456000886203,191.9725650049849,98.96286011772422,169.7987294454259,-64.86124404247398,29.62045167072237,35.0,0.1242687012464682,12.558697566523996
15.753306039000007,108.44208323299969,SAT_10125,20.18246384851959,192.2763591479227,98.96903728676001,169.78172560306706,-64.8072361948406,29.64124342889833,35.0,0.12403918556486637,12.542714835107013
15.853306039000007,107.34208323299976,SAT_10096,20.465169440063107,193.86657810035499,99.00094078036513,169.7026723634675,-64.52453060329708,29.75488336298128,35.0,0.12276791318260087,12.453973689628235
15.853306039000007,107.44208323299975,SAT_10096,20.46662182208682,193.87474774923837,99.00110070251361,169.70225556397816,-64.52307822127337,29.755460215205503,35.0,0.12276144754259125,12.453521424958124
15.853306039000007,107.54208323299974,SAT_10096,20.45776388858137,193.82492187327017,99.00012479173922,169.70479725160033,-64.53193615477882,29.751941647852973,35.0,0.1228008818965047,12.456279669134968
15.853306039000007,107.64208323299974,SAT_10096,20.438604124404833,193.7171481997772,98.99800928602899,169.71029222973456,-64.55109591895535,29.744327668196156,35.0,0.1228861873021586,12.462245170114779
15.853306039000007,107.74208323299973,SAT_10096,20.409160836365558,193.55152970455626,98.99474600340346,169.718729287859,-64.58053920699463,29.732618291972422,35.0,0.12301730129992708,12.471410909808121
15.853306039000007,107.84208323299973,SAT_10096,20.369462034854337,193.32822394605566,98.99032225020461,169.73009127748725,-64.62023800850585,29.71681354338443,35.0,0.1231941282852384,12.483766146117794
15.853306039000007,107.94208323299972,SAT_10096,20.319545253769874,193.04744205245555,98.98472067788862,169.74435522767658,-64.67015478959031,29.696913455100695,35.0,0.12341654007606823,12.499296476938365
15.853306039000007,108.04208323299972,SAT_10096,20.259457311177172,192.7094473753716,98.97791908549206,169.76149249846264,-64.73024273218302,29.672918068256383,35.0,0.1236843766687355,12.517983925308016
15.853306039000007,108.14208323299971,SAT_10096,20.18925401390422,192.31455382821125,98.96989016380836,169.78146897008986,-64.80044602945597,29.644827432454257,35.0,0.12399744717318202,12.539807044647196
15.853306039000007,108.2420832329997,SAT_10096,20.108999809982123,191.86312393114946,98.96060117604658,169.80424526544044,-64.88070023337806,29.612641605765887,35.0,0.1243555309169761,12.564741042786526
15.853306039000007,108.3420832329997,SAT_10125,20.07772898477853,191.68722553937923,98.95688015930239,169.81143303600007,-64.91197105858166,29.599223971068085,35.0,0.12450665263759396,12.57525534101208
15.953306039000006,107.44208323299975,SAT_10096,20.344531624276556,193.18799038655564,98.98753140465325,169.73721838383256,-64.64516841908363,29.706878465696406,35.0,0.12330519953702407,12.491523301410455
15.953306039000006,107.54208323299974,SAT_10096,20.335711297158454,193.13837604651633,98.98654103068317,169.7397384445684,-64.65398874620173,29.703361634001812,35.0,0.12334450108212908,12.494267434553018
15.953306039000006,107.64208323299974,SAT_10096,20.316632776405896,193.03105936728318,98.98439413276462,169.7451867095265,-64.67306726695429,29.695751410212107,35.0,0.12342951952309839,12.500202448116802
15.953306039000006,107.74208323299973,SAT_10096,20.287314072736564,192.86614165914318,98.98108231870958,169.7535521576263,-64.70238597062362,29.68404781006142,35.0,0.12356019333763982,12.509321429721101
15.953306039000006,107.84208323299973,SAT_10096,20.247782744679654,192.64377793882306,98.97659256805603,169.76481792940098,-64.74191729868053,29.66825085774741,35.0,0.12373642835304152,12.52161379867392
15.953306039000006,107.94208323299972,SAT_10096,20.19807572287087,192.36417594114863,98.97090708427496,169.7789614396038,-64.79162432048932,29.64836058593187,35.0,0.1239580983015724,12.537065368515822
15.953306039000006,108.04208323299972,SAT_10096,20.138239076484354,192.02759480522448,98.96400309086849,169.79595452681178,-64.85146096687583,29.62437703574146,35.0,0.12422504556025747,12.55565843024526
15.953306039000006,108.14208323299971,SAT_10096,20.068327724911512,191.63434345262726,98.95585256722946,169.8157636379583,-64.92137231844868,29.59630025676873,35.0,0.12453708206646875,12.577371855192629
15.953306039000006,108.2420832329997,SAT_10096,19.98840509845624,191.18477867881634,98.9464219188108,169.83835004529314,-65.00129494490395,29.564130307073242,35.0,0.12489399039888599,12.602181216285167
16.053306039000006,107.54208323299974,SAT_10111,20.267466224902947,192.7544975150791,98.97890062071174,169.76086809430026,-64.72223381845724,29.676980677008057,35.0,0.12363742204373578,12.514708979121304
16.053306039000006,107.64208323299974,SAT_10111,20.19221555839175,192.3312125159536,98.97030440182958,169.7822825751247,-64.79748448496844,29.646869398125087,35.0,0.12397292368724638,12.53809838428159
16.053306039000006,107.74208323299973,SAT_10096,20.154937967235185,192.1215260656979,98.96594007452876,169.79121577363884,-64.834762076125,29.631074617637843,35.0,0.12415053594838653,12.550470384175616
16.053306039000006,107.84208323299973,SAT_10096,20.11558492546908,191.90016520576359,98.9613760965345,169.80237880975122,-64.87411511789111,29.615285504246614,35.0,0.12432614132920222,12.562695671057305
16.053306039000006,107.94208323299972,SAT_10096,20.06610121192898,191.62181931710052,98.95559623124754,169.81639371471627,-64.9235988314312,29.595405102599592,35.0,0.12454702222935547,12.57806319708517
16.053306039000006,108.04208323299972,SAT_10096,20.006532102446442,191.28674307626125,98.94857705021757,169.83323283369347,-64.98316794091375,29.571433453815086,35.0,0.12481302355465873,12.596555537480706
16.053306039000006,108.14208323299971,SAT_10096,19.93693157615398,190.89524011586613,98.94028972676512,169.85286321360914,-65.0527684672062,29.543370607475552,35.0,0.1251239602461922,12.618151900826431
16.053306039000006,108.2420832329997,SAT_10125,19.96116862767603,191.0315735306777,98.94311606579672,169.8443667772213,-65.02853141568416,29.552303735930614,35.0,0.12502730709545948,12.611441067298026
16.153306039000007,107.24208323299976,SAT_10111,20.539913226857223,194.28701190107188,99.00918590883111,169.68286121490127,-64.44978681650296,29.78541992306156,35.0,0.12242424423119137,12.429921280432074
16.153306039000007,107.34208323299976,SAT_10111,20.4946136234784,194.03220163206598,99.00423942060958,169.69588322226102,-64.49508641988179,29.767452945021624,35.0,0.1226257929869993,12.4440303496554
16.153306039000007,107.44208323299975,SAT_10111,20.43920688476345,193.72053872679442,98.9981418709773,169.71178247945124,-64.55049315859674,29.745442908159152,35.0,0.12287240094371077,12.461281186360933
16.153306039000007,107.54208323299974,SAT_10111,20.373744761459164,193.35231428320782,98.99086958349753,169.73052730943354,-64.61595528190102,29.71938985825246,35.0,0.12316389142698056,12.481653939292961
16.153306039000007,107.64208323299974,SAT_10111,20.29828773731967,192.92786852242315,98.9823939184949,169.7520807123338,-64.69141230604052,29.689293849491545,35.0,0.12350005774511132,12.505125385453155
16.153306039000007,107.74208323299973,SAT_10111,20.21290465686147,192.44758869484576,98.97268094242045,169.77640060378997,-64.77679538649872,29.655154944479342,35.0,0.12388066436941508,12.531669062818674
16.153306039000007,107.84208323299973,SAT_10111,20.117672308748254,191.91190673670894,98.96169102881089,169.80344008138047,-64.87202773461193,29.616973214233163,35.0,0.12430544826087157,12.561255419203746
16.153306039000007,107.94208323299972,SAT_10111,20.012674969993014,191.32129670621072,98.94937838237303,169.833147715695,-64.97702507336717,29.574748738186315,35.0,0.12477412032863683,12.593851975529853
16.153306039000007,108.04208323299972,SAT_10111,19.898003916499135,190.67627203030762,98.93569047577498,169.86546786239296,-65.09169612686105,29.528481604189942,35.0,0.12528636700493864,12.629423501653108
16.153306039000007,108.2420832329997,SAT_10125,19.958969071837558,191.01920102908628,98.94285979048126,169.84498696324394,-65.03073097152263,29.551416746246424,35.0,0.1250371362158702,12.612123618309239
16.253306039000005,107.24208323299976,SAT_10111,20.63586394263386,194.82673467731547,99.0195478422609,169.65521016576858,-64.35383610072633,29.82339290166342,35.0,0.12199755647581566,12.400021280145358
16.253306039000005,107.34208323299976,SAT_10111,20.590452082244084,194.571292962623,99.01466230918152,169.66830858708934,-64.3992479611161,29.805435088046842,35.0,0.12219946329973198,12.41417499877386
16.253306039000005,107.44208323299975,SAT_10111,20.53490879194152,194.25886195467106,99.00864024910575,169.684300830192,-64.45479125141867,29.783436277867057,35.0,0.12244650689293611,12.431480192200782
16.253306039000005,107.54208323299974,SAT_10111,20.46928639458865,193.88973596956117,99.00145849920588,169.7031548493558,-64.52041364877154,29.757396516888,35.0,0.12273850879479246,12.451916807508956
16.253306039000005,107.64208323299974,SAT_10111,20.393646038155225,193.46425896462316,98.9930890444149,169.72483321698212,-64.59605400520496,29.727315859282637,35.0,0.1230752602342401,12.47546138727125
16.253306039000005,107.74208323299973,SAT_10111,20.308057317324952,192.9828224099529,98.9834986959292,169.74929336604418,-64.68164272603524,29.693194367634213,35.0,0.12345652332684251,12.502087204298432
16.253306039000005,107.84208323299973,SAT_10111,20.21259785007831,192.4458629066905,98.97264870333443,169.77648786104868,-64.77710219328188,29.655032112937704,35.0,0.12388203241998236,12.531764412750926
16.253306039000005,107.94208323299972,SAT_10111,20.10735281455402,191.85385958186635,98.96049429219417,169.80636469399224,-64.88234722880617,29.61282917460143,35.0,0.1243514955714742,12.564460213843885
16.353306039000003,107.04208323299977,SAT_10111,20.781326632291837,195.6449623066416,99.03496741822183,169.6131120902008,-64.20837341106835,29.880743394594425,35.0,0.12135126498629743,12.35465345047569
16.353306039000003,107.14208323299977,SAT_10111,20.756243443963285,195.50386937229348,99.03233242417319,169.62038678030638,-64.2334565993969,29.87087274422876,35.0,0.12146266018235993,12.362479903136933
16.353306039000003,107.24208323299976,SAT_10111,20.720930037568948,195.30523146132532,99.02860571863489,169.63061756361355,-64.26877000579124,29.85696310415661,35.0,0.12161952314458972,12.373496023189704
16.353306039000003,107.34208323299976,SAT_10111,20.6754204852174,195.04924022934787,99.02377338392021,169.64378354200508,-64.31427955814279,29.839014503317774,35.0,0.12182173794119419,12.38768878151428
16.353306039000003,107.44208323299975,SAT_10111,20.61975837751193,194.7361408735046,99.01781720394374,169.65985799030955,-64.36994166584826,29.817026979056568,35.0,0.12206915614943727,12.405041498445843
16.353306039000003,107.54208323299974,SAT_10111,20.553996545176048,194.3662305666153,99.01071446206711,169.6788085351168,-64.43570349818414,29.79100057712267,35.0,0.12236159772862316,12.425533942461401
16.353306039000003,107.64208323299974,SAT_10111,20.478196725729887,193.9398565822306,99.00243768574526,169.700597368705,-64.5115033176303,29.760935351672185,35.0,0.12269885206854673,12.449142448528953
16.353306039000003,107.74208323299973,SAT_10111,20.392429179611426,193.45741413531428,98.99295433291087,169.72518149515344,-64.59727086374876,29.726831365268875,35.0,0.12308067920137208,12.475840054662838
16.353306039000003,107.84208323299973,SAT_10111,20.296772260691696,192.91934396639078,98.9822264137288,169.75251300535206,-64.69292778266849,29.688688688885605,35.0,0.12350681116329464,12.505596655038746
16.353306039000003,112.04208323299949,SAT_10097,20.971000907618887,196.71188010535624,99.05444744082504,169.55441907265475,-64.0186991357413,29.953230674558764,35.0,0.1205316272627409,12.296979110382573
16.453306039000005,106.74208323299979,SAT_10111,20.86923111499101,196.13942502182445,99.0441189095009,169.58756693444374,-64.12046892836918,29.9152735585808,35.0,0.12096104233396526,12.327214510172267
16.453306039000005,106.94208323299978,SAT_10111,20.8703873781527,196.14592900210894,99.04423852699881,169.58723039452235,-64.11931266520749,29.915727115042685,35.0,0.12095591119177229,12.32685347453605
16.453306039000005,107.04208323299977,SAT_10111,20.855531528923052,196.06236485019218,99.04270008057185,169.59155326649898,-64.13416851443714,29.909898483919363,35.0,0.12102184027680296,12.331491891580713
16.453306039000005,107.14208323299977,SAT_10111,20.83040241405658,195.92101357906824,99.0400899173151,169.59886037612972,-64.15929762930361,29.90003292659813,35.0,0.12113337793027015,12.33933680184175
16.453306039000005,107.24208323299976,SAT_10111,20.7950245730693,195.72201322351484,99.03639842812983,169.60913666053884,-64.19467547029089,29.886130463608605,35.0,0.12129044076476642,12.350378832595887
16.453306039000005,107.34208323299976,SAT_10111,20.749432364992103,195.4655570530806,99.03161192816808,169.62236103601975,-64.24026767836808,29.86819112388167,35.0,0.12149291196271518,12.364604854267288
16.453306039000005,107.44208323299975,SAT_10111,20.693669745866472,195.15189232049892,99.02571250714118,169.63850654113742,-64.29603029749372,29.846214944750127,35.0,0.12174064197117895,12.381998059135254
16.453306039000005,107.54208323299974,SAT_10111,20.62778998683811,194.78131867596437,99.01867783141455,169.65754051790975,-64.36191005652208,29.82020197194956,35.0,0.12203344938427949,12.402538061177598
16.453306039000005,107.64208323299974,SAT_10111,20.55185533664222,194.35418626861247,99.01048089407072,169.67942482853917,-64.43784470671797,29.79015225961938,35.0,0.12237112200288622,12.426201015795293
16.453306039000005,107.74208323299973,SAT_10111,20.46593663294466,193.87089356031373,99.00108970802047,169.70411610472138,-64.52376341041553,29.756065870304063,35.0,0.1227534180593535,12.452959757938864
16.453306039000005,111.54208323299952,SAT_10097,21.074753592287806,197.29548895661893,99.06493475042592,169.52405036939632,-63.91494645107238,29.99371311263264,35.0,0.12007155420823873,12.264537640100459
16.453306039000005,111.7420832329995,SAT_10097,21.059128373823718,197.20759710275843,99.0633648125509,169.52863104258063,-63.93057166953647,29.987625053561946,35.0,0.12014081838739459,12.269424862130391
16.553306039000006,106.74208323299979,SAT_10111,20.932387430452053,196.4946792962928,99.05061711084886,169.56916463281883,-64.05731261290813,29.940022893373587,35.0,0.1206808388927749,12.307490034570137
16.553306039000006,106.84208323299978,SAT_10111,20.938120255725337,196.526926438455,99.05120434059454,169.5674921861709,-64.05157978763485,29.94226697748752,35.0,0.12065541082749312,12.305699168123972
16.553306039000006,106.94208323299978,SAT_10111,20.93354541784825,196.5011929753964,99.05073576733734,169.56882683852538,-64.05615462551194,29.9404762144679,35.0,0.1206757025275297,12.307128298926928
16.553306039000006,107.04208323299977,SAT_10111,20.9186674334307,196.41750431304771,99.04920968863156,169.5731658155509,-64.07103260992949,29.934650608041906,35.0,0.12074169866364531,12.311775703756844
16.553306039000006,107.14208323299977,SAT_10111,20.893500965176628,196.27594292911854,99.04662054746564,169.58050011157925,-64.09619907818356,29.924790170334663,35.0,0.12085334946230228,12.319635787476665
16.553306039000006,107.24208323299976,SAT_10111,20.85807072543301,196.0766478305607,99.04295887244399,169.59081455171867,-64.13162931792718,29.910894921869527,35.0,0.12101057100547576,12.33069911707256
16.553306039000006,107.34208323299976,SAT_10111,20.81241131440838,195.81981364354715,99.0382111753276,169.6040878960044,-64.17728872895181,29.892964891568557,35.0,0.1212132457341323,12.344952478781842
16.553306039000006,107.44208323299975,SAT_10111,20.756566995301455,195.5056893485707,99.03235980402478,169.62029298408936,-64.23313304805873,29.871000116753162,35.0,0.12146122314931687,12.362378957573217
16.553306039000006,107.54208323299974,SAT_10111,20.690591409413898,195.13457667795316,99.02538274825862,169.639396918425,-64.29910863394629,29.84500064314497,35.0,0.12175432070249384,12.382958037963764
16.553306039000006,107.64208323299974,SAT_10111,20.614547235098883,194.7068281974312,99.01725339418506,169.66136128336228,-64.3751528082613,29.81496652486687,35.0,0.12209232486466755,12.406665724901224
16.653306039000004,106.6420832329998,SAT_10111,20.968350216934496,196.69696997025653,99.05428705303862,169.5586675451145,-64.02134982642569,29.954093549551303,35.0,0.12052134331353664,12.296254487548953
16.653306039000004,106.74208323299979,SAT_10111,20.984403298540528,196.78726855429048,99.05592120627851,169.5539775439251,-64.00529674481966,29.960369199151557,35.0,0.12045016154015964,12.291238238505958
16.653306039000004,106.84208323299978,SAT_10111,20.99014265845628,196.81955245381656,99.05650450884971,169.5523001107914,-63.99955738490391,29.962612112076652,35.0,0.12042471444472168,12.289444671744434
16.653306039000004,106.94208323299978,SAT_10111,20.98556260550417,196.79378965596095,99.05603906906865,169.55363874263583,-64.00413743785602,29.960822283657304,35.0,0.12044502133214169,12.290875957545351
16.653306039000004,107.04208323299977,SAT_10111,20.970667681766074,196.71000570993414,99.0545232048507,169.55799064857658,-64.01903236159411,29.954999717619568,35.0,0.1205110667954867,12.295530363841618
16.653306039000004,107.14208323299977,SAT_10111,20.945472632547848,196.56828355808162,99.0519514256994,169.5653467692809,-64.04422741081234,29.945144426084905,35.0,0.12062280080915605,12.303402266807206
16.653306039000004,107.24208323299976,SAT_10111,20.91000230910261,196.36876298870217,99.04831437377786,169.57569183963372,-64.07969773425758,29.931256429570478,35.0,0.1207801390308611,12.314482185163481
16.653306039000004,107.34208323299976,SAT_10111,20.86429150546941,196.11163971826542,99.04359872297862,169.589004493816,-64.12540853789078,29.913335756989603,35.0,0.12098296330873265,12.32875683775565
16.653306039000004,107.44208323299975,SAT_10111,20.808384731690907,195.79716411576138,99.03778703412124,169.60525741128015,-64.18131531166928,29.891382445652418,35.0,0.12123112238743618,12.346209223654125
16.753306039,106.6420832329998,SAT_10111,21.00915751577361,196.9265110262266,99.05842753032479,169.5467402386059,-63.98054252758658,29.9700400796388,35.0,0.12034041449533874,12.283501954124143
16.753306039,106.74208323299979,SAT_10111,21.02522314589394,197.0168801956534,99.06005291550922,169.54203979603633,-63.96447689746625,29.976312435357517,35.0,0.12026919899487377,12.278480337792555
16.753306039,106.84208323299978,SAT_10111,21.030966999051586,197.04918936966519,99.06063309153855,169.54035862567787,-63.9587330443086,29.978554171051947,35.0,0.12024373981993056,12.276684849862743
16.753306039,106.94208323299978,SAT_10111,21.02638336016726,197.02340640094084,99.0601701464122,169.54170024003383,-63.96331668319293,29.976765282054206,35.0,0.12026405634779104,12.278117668865509
16.753306039,107.04208323299977,SAT_10111,21.011476790399833,196.93955694599904,99.05866241425436,169.54606183578653,-63.978223252960355,29.970945772089234,35.0,0.12033013311376771,12.282777056149294
16.753306039,107.14208323299977,SAT_10111,20.98626209692027,196.79772429517652,99.05610445751944,169.5534343132786,-64.00343794643992,29.961095653274867,35.0,0.12044191990488574,12.290657366531306
16.753306039,107.24208323299976,SAT_10111,20.950764235013224,196.5980488219494,99.05248700877164,169.56380233960135,-64.03893580834696,29.947214946122134,35.0,0.12059933206347395,12.301749082804267
16.753306039,107.34208323299976,SAT_10111,20.905018143879147,196.34072705932022,99.04779687097258,169.5771444543716,-64.08468189948104,29.9293036795357,35.0,0.1208022509969689,12.316038873648194
16.853306039000003,106.6420832329998,SAT_10111,21.038730597695675,197.09285961203815,99.06141025412086,169.5380857526939,-63.95096944566451,29.9815835252734,35.0,0.12020933003943544,12.2742578882046
16.853306039000003,106.74208323299979,SAT_10111,21.054802990937517,197.18326682402355,99.06302905690806,169.5333784118351,-63.93489705242267,29.98785257021245,35.0,0.12013810048548161,12.269233110314554
16.853306039000003,106.84208323299978,SAT_10111,21.060549266763147,197.2155896255427,99.06360688577615,169.53169477240377,-63.92915077659704,29.99009312263685,35.0,0.12011263627131125,12.26743649055881
16.853306039000003,106.94208323299978,SAT_10111,21.05596369437214,197.1897957808433,99.06314581343952,169.53303835721627,-63.93373634898805,29.98830517788009,35.0,0.12013295682114064,12.268870212830727
16.853306039000003,107.04208323299977,SAT_10111,21.041050847471084,197.10591101702485,99.06164418621663,169.53740635472357,-63.948649195889104,29.982488739666003,35.0,0.120199046632823,12.273532534198704
16.853306039000003,107.14208323299977,SAT_10111,21.015825573920807,196.96401885330454,99.05909660639868,169.54478963857864,-63.97387446943938,29.97264382010885,35.0,0.12031085537185233,12.281417795597747
16.853306039000003,107.24208323299976,SAT_10111,20.98031289742967,196.7642600480419,99.05549387456428,169.55517283100093,-64.00938714593052,29.958770439713575,35.0,0.12046829817599464,12.292516456467162
16.953306039000005,106.6420832329998,SAT_10111,21.057037443791693,197.19583562132829,99.06324738495609,169.53272376533707,-63.932662599568495,29.98872386344651,35.0,0.12012819853430273,12.268534499143636
16.953306039000005,106.74208323299979,SAT_10111,21.07311075772393,197.28624801219715,99.06486174723148,169.52801310631247,-63.916589285636256,29.994989580714595,35.0,0.12005697477463942,12.263508785263733
16.953306039000005,106.84208323299978,SAT_10111,21.078857365216834,197.3185726793447,99.0654379927194,169.52632827922355,-63.910842678143354,29.99722894383203,35.0,0.12003151262387915,12.261711830127952
16.953306039000005,106.94208323299978,SAT_10111,21.074271528046502,197.29277734526158,99.06497818375382,169.52767281185274,-63.915428515313685,29.995441948133674,35.0,0.12005183152743926,12.263145820067182
16.953306039000005,107.04208323299977,SAT_10111,21.059357825844884,197.2088877703775,99.06348067493465,169.53204388868699,-63.9303422175153,29.989628597342275,35.0,0.12011791596625201,12.267809010204342
16.953306039000005,107.14208323299977,SAT_10111,21.03413112568593,197.06698758198337,99.0609400956084,169.5394323705273,-63.955568917674256,29.979788903568533,35.0,0.12022971555091047,12.275695735164584
17.053306039000002,106.4420832329998,SAT_10111,21.00102508900565,196.88076612565678,99.0575856940075,169.5491185866614,-63.988674954354536,29.96686378027429,35.0,0.12037646709489741,12.28604368087254
17.053306039000002,106.5420832329998,SAT_10111,21.037682278154335,197.08696281461815,99.06129207834373,169.53839269540538,-63.95201776520585,29.98117451532631,35.0,0.12021397627775782,12.274585608849018
17.053306039000002,106.6420832329998,SAT_10111,21.064058146536354,197.235327074267,99.06394650925296,169.53066651421793,-63.925641896823834,29.991461079926204,35.0,0.1200970874642559,12.26633937506786
17.053306039000002,106.74208323299979,SAT_10111,21.080126506766938,197.32571160056403,99.06555854437119,169.5259561380317,-63.90957353659325,29.997723452638795,35.0,0.12002588944294412,12.26131496175741
17.053306039000002,106.84208323299978,SAT_10111,21.08587134348204,197.3580263070865,99.06613396009298,169.5242714121776,-63.90382869987815,29.99996162041475,35.0,0.12000043649269775,12.259518471622604
17.053306039000002,106.94208323299978,SAT_10111,21.081286919393868,197.33223892159052,99.06567481319183,169.52561586401555,-63.90841312396632,29.9981755785903,35.0,0.12002074805424393,12.260952090486818
17.053306039000002,107.04208323299977,SAT_10111,21.066377813386666,197.2483752003,99.06417946270369,169.52998667837034,-63.92332222997352,29.992365330887097,35.0,0.12008680861225834,12.265614073878021
17.153306039,106.4420832329998,SAT_10111,20.996794422348124,196.8569686257082,99.05715081776181,169.5503555851566,-63.99290562101206,29.96521107263327,35.0,0.1203952233218108,12.287365885166912
17.153306039,106.5420832329998,SAT_10111,21.03342695303388,197.0630266108156,99.06085667359143,169.53963851648282,-63.956273090326306,29.979514126146185,35.0,0.12023283660642768,12.275915863383235
17.153306039,106.6420832329998,SAT_10111,21.05978505372655,197.21129092721185,99.06351072834467,169.5319187039695,-63.92991498963364,29.98979516925679,35.0,0.12011602276334149,12.267675432157597
17.153306039,106.74208323299979,SAT_10111,21.075842579366466,197.30161450893638,99.06512253597597,169.5272122160942,-63.91385746399372,29.996054180536074,35.0,0.12004487044181411,12.262654557993788
17.153306039,106.84208323299978,SAT_10111,21.081583540532932,197.33390741549775,99.0656978706702,169.5255288819675,-63.908116502827255,29.998291146938453,35.0,0.12001943383539757,12.260859333962824
17.153306039,106.94208323299978,SAT_10111,21.077002209243695,197.30813742699578,99.06523878841679,169.5268722231301,-63.91269783411649,29.99650606380148,35.0,0.12003973235422775,12.26229194243363
17.153306039,107.34208323299976,SAT_10111,20.95569876931657,196.62580557740569,99.05296939348112,169.56236186518456,-64.03400127404362,29.9491454360206,35.0,0.1205774477886953,12.30020739709096
17.253306039,106.24208323299982,SAT_10111,20.87747067475344,196.1857725454881,99.04493401830993,169.58516844279944,-64.11222936860675,29.91850524965808,35.0,0.1209244786554744,12.324641696809914
17.253306039,106.34208323299981,SAT_10111,20.93447514150985,196.50642267099292,99.05079469220361,169.56855562061023,-64.05522490185034,29.94084016430409,35.0,0.12067157868048385,12.306837866863724
17.253306039,106.4420832329998,SAT_10111,20.98129752659038,196.76979858707088,99.05557137053664,169.5548851208484,-64.0084025167698,29.959155307430276,35.0,0.12046393232803543,12.292208771023642
17.253306039,106.5420832329998,SAT_10111,21.01789209347463,196.97564302579477,99.05928155069496,169.54418502846207,-63.97180794988556,29.973450640849965,35.0,0.12030169490990457,12.28077186736355
17.253306039,106.6420832329998,SAT_10111,21.04422282397873,197.12375338488036,99.06193869491709,169.5364774703977,-63.94547721938146,29.983726134758687,35.0,0.12018498864346555,12.272540895098981
17.253306039,106.74208323299979,SAT_10111,21.06026365321079,197.21398304931068,99.06355237571019,169.53177846429088,-63.9294363901494,29.989981767733518,35.0,0.1201139019213581,12.267525791670685
17.253306039,106.84208323299978,SAT_10111,21.065998640891607,197.2462423550153,99.0641283784661,169.53009780807818,-63.92370140246858,29.992217526732585,35.0,0.12008848877995192,12.265732632343033
17.353306039000003,106.14208323299982,SAT_10111,20.78383021079989,195.6590449357494,99.03519363375275,169.61238564267202,-64.2058698325603,29.8817281655403,35.0,0.12134014765551425,12.35387220777306
17.353306039000003,106.24208323299982,SAT_10111,20.850868765323582,196.03613680494513,99.04217755435127,169.59290960681955,-64.1388312780366,29.908068501378093,35.0,0.12104253475996887,12.33294763783518
17.353306039000003,106.34208323299981,SAT_10111,20.907794054481798,196.3563415564601,99.04805289705057,169.5763354580312,-64.08190598887839,29.93039129396218,35.0,0.12078993572532452,12.315171889084041
17.353306039000003,106.4420832329998,SAT_10111,20.954551164141733,196.61935029829726,99.05284147889148,169.56269689304685,-64.03514887921845,29.948696496735916,35.0,0.12058253725572833,12.300565945651794
17.353306039000003,106.5420832329998,SAT_10111,20.991094562394935,196.82490691347152,99.05656087242487,169.55202186652213,-63.99860548096525,29.962984071523376,35.0,0.12042049401244857,12.289147191954061
17.353306039000003,106.6420832329998,SAT_10111,21.017388392931252,196.9728097102383,99.05922459759128,169.54433240227033,-63.972311650428935,29.973253988528477,35.0,0.1203039276990542,12.280929308988037
17.353306039000003,106.74208323299979,SAT_10111,21.03340670840538,197.06291273478027,99.06084226786005,169.53964444300507,-63.95629333495481,29.97950622633433,35.0,0.12023292633553329,12.27592219194854
17.453306039,106.04208323299983,SAT_10111,20.669206124785774,195.01428445191996,99.02308462248006,169.6455797272083,-64.32049391857441,29.836561620089284,35.0,0.12184935577068186,12.389626455684732
17.453306039,106.14208323299982,SAT_10111,20.746160851119754,195.4471547875486,99.03123497644148,169.62330914671418,-64.24353919224043,29.866902876945872,35.0,0.12150744311292122,12.365625479359213
17.453306039,106.24208323299982,SAT_10111,20.813082984196697,195.82359178610642,99.03824587034136,169.60389279429054,-64.17661705916349,29.893228838001605,35.0,0.12121026380153836,12.344742839073012
17.453306039,106.34208323299981,SAT_10111,20.869908949432897,196.14323784056006,99.04414378343348,169.58736964680975,-64.11979109392729,29.915539448333377,35.0,0.12095803430669966,12.327002861144221
17.453306039,106.4420832329998,SAT_10111,20.91658415463678,196.4057858698319,99.04895067854261,169.5737731956464,-64.07311588872341,29.933834661397523,35.0,0.12075094031145998,12.31242641416307
17.453306039,106.5420832329998,SAT_10111,20.953063336359605,196.6109812670228,99.0526842452571,169.56313122409327,-64.03663670700058,29.948114439028753,35.0,0.12058913562735957,12.301030786308704
17.453306039,106.6420832329998,SAT_10111,20.979310850672306,196.75862353503175,99.05535809333117,169.55546562032436,-64.01038919268788,29.958378751439287,35.0,0.12047274128684764,12.292829582515965
17.553306039,105.94208323299983,SAT_10111,20.5338398394007,194.25284909662892,99.00851230522862,169.6846083006633,-64.45586020395949,29.78301252919406,35.0,0.12245126232599933,12.431813170164233
17.553306039,106.04208323299983,SAT_10111,20.620575834313883,194.7407390680156,99.01788276571203,169.65962214804946,-64.3691242090463,29.81735016609921,35.0,0.122065521820536,12.4047867052755
17.553306039,106.14208323299982,SAT_10111,20.697370904823828,195.17271133963402,99.02607596416617,169.63743589091132,-64.29232913853636,29.847674773833607,35.0,0.12172419610991254,12.38084382534873
17.553306039,106.24208323299982,SAT_10111,20.76415340785431,195.54836291918048,99.03312348063056,169.61809340716388,-64.22554663550588,29.873986289110945,35.0,0.12142752955900855,12.360011987893936
17.553306039,106.34208323299981,SAT_10111,20.82086022753704,195.86733877989587,99.03905203568372,169.601633380916,-64.16883981582315,29.896284657023276,35.0,0.1211757371825562,12.342315354747855
17.553306039,106.4420832329998,SAT_10111,20.86743716826814,196.12933407150828,99.04388379145831,169.58808905023125,-64.12226287509205,29.914569831039767,35.0,0.12096900340840493,12.327774652492167
17.553306039,106.5420832329998,SAT_10111,20.903839297289082,196.33409604725108,99.04763659750864,169.57748798704296,-64.0858607460711,29.928841773005654,35.0,0.12080748100362025,12.316407051030184
17.653306039,105.84208323299984,SAT_10096,20.58078067202763,194.51689128015542,99.01353354003912,169.66942793913387,-64.40891937133256,29.800720249033205,35.0,0.12225345457068316,12.417958226661218
17.653306039,105.94208323299983,SAT_10096,20.47693375583073,193.93275237654785,99.00223091353902,169.69929566915053,-64.51276628752946,29.759555129022463,35.0,0.12271554336185347,12.450310204039539
17.653306039,106.04208323299983,SAT_10111,20.56090194677418,194.40507345060476,99.01144817766988,169.67682067116039,-64.42879809658601,29.7937360177192,35.0,0.12233088293949021,12.423382560205335
17.653306039,106.14208323299982,SAT_10111,20.63751138932649,194.83600156496152,99.01969583515923,169.65473458868786,-64.3521886540337,29.824043894537102,35.0,0.12199023298456851,12.399507726898372
17.653306039,106.24208323299982,SAT_10111,20.70413152633506,195.21073983563474,99.02678989843234,169.63547985613252,-64.28556851702513,29.85034089306695,35.0,0.12169415688239021,12.378735397077161
17.653306039,106.34208323299981,SAT_10111,20.760699784275857,195.5289362865517,99.0327573964752,169.61909481122518,-64.22900025908433,29.87262695841579,35.0,0.12144286792826804,12.361089538346674
17.653306039,106.4420832329998,SAT_10111,20.807162436400006,195.79028870475005,99.03762074607147,169.60561239235236,-64.18253760696018,29.890902044065488,35.0,0.12123654906731449,12.346590709605994
17.753306039,105.74208323299985,SAT_10096,20.689708095629214,195.12960803791432,99.02519430553549,169.63798141449405,-64.29999194773097,29.843756333105365,35.0,0.1217691359601433,12.383997730382145
17.753306039,105.84208323299984,SAT_10096,20.59565578986944,194.60056381801562,99.01513621073485,169.66514071462154,-64.39404425349075,29.806605893113243,35.0,0.12218729325577776,12.413322138726672
17.753306039,105.94208323299983,SAT_10096,20.49181875043317,194.01648047118658,99.00386173902092,169.69502124801724,-64.49788129292702,29.765463719832553,35.0,0.12264928798971647,12.445674476752618
17.753306039,106.04208323299983,SAT_10111,20.490245804910728,194.00763265262285,99.00375436194759,169.69713771630256,-64.49945423844946,29.765719222031525,35.0,0.12264522996366574,12.445390514214758
17.753306039,106.14208323299982,SAT_10111,20.566644286085833,194.43737410923282,99.01206850443222,169.675167250919,-64.42305575727435,29.79601028616978,35.0,0.1223053425564404,12.42159344996868
17.753306039,106.24208323299982,SAT_10111,20.633079883077443,194.81107434231063,99.019219389227,169.65601379211964,-64.35662016028274,29.822292697010067,35.0,0.12200993282000164,12.40088913235318
17.753306039,106.34208323299981,SAT_10111,20.68949064512222,195.12838487881248,99.02523442367888,169.63971527977412,-64.30020939823797,29.844566399674264,35.0,0.12175921207516853,12.383301306062945
17.753306039,106.4420832329998,SAT_10111,20.735823383792095,195.38900653383055,99.03013633691522,169.62630430808792,-64.25387665956809,29.8628313476568,35.0,0.12155336156452261,12.368850337572436
17.853306039,105.74208323299985,SAT_10096,20.693415024369386,195.15045951207782,99.02558513716374,169.63690912727827,-64.2962850189908,29.845218320274665,35.0,0.12175266085003852,12.38284155113716
17.853306039,105.84208323299984,SAT_10096,20.599404461214746,194.62165009433295,99.0155382631652,169.66405993890874,-64.39029558214544,29.808088700705888,35.0,0.12217062111062635,12.412153722831976
17.853306039,105.94208323299983,SAT_10096,20.495613442542975,194.03782561430424,99.00427650407588,169.6939311944057,-64.49408660081721,29.76696958502884,35.0,0.12263239838444125,12.444492593055907
17.853306039,106.04208323299983,SAT_10111,20.40867919418899,193.54882046731308,98.99476908444032,169.720529334962,-64.5810208491712,29.73329983489987,35.0,0.12300831785565805,12.470783031253394
17.853306039,106.14208323299982,SAT_10111,20.48484211450169,193.97723689407204,99.00316224435375,169.69868945941687,-64.5048579288585,29.76357400462622,35.0,0.12266927746661288,12.447073196601233
17.853306039,106.24208323299982,SAT_10111,20.551071643143615,194.34977799268285,99.01038065672607,169.6796503835368,-64.43862840021657,29.789841756861684,35.0,0.12237460797415498,12.426445165567303
17.853306039,106.34208323299981,SAT_10111,20.607306528872087,194.66609922490548,99.01645218079707,169.66344960027493,-64.3823935144881,29.8121030367428,35.0,0.12212451847967186,12.4089224324763
17.853306039,106.4420832329998,SAT_10111,20.65349418786647,194.92590480674892,99.02139991865975,169.6501193172625,-64.33620585549372,29.83035779777644,35.0,0.12191918831221968,12.394525147695447
17.953306038999997,105.64208323299985,SAT_10096,20.770035415194542,195.58144921046932,99.0336643494345,169.61471406833766,-64.21966462816565,29.87539874116355,35.0,0.12141222945061253,12.358937071540916
17.953306038999997,105.74208323299985,SAT_10096,20.68595855726295,195.1085168846041,99.02479095922425,169.6390658847045,-64.30374148609724,29.84227736792777,35.0,0.12178580090287222,12.385167168417631
17.953306038999997,105.84208323299984,SAT_10096,20.592022775677037,194.58012811318335,99.01474171731762,169.66618800921194,-64.39767726768315,29.80516866885556,35.0,0.12220345145448815,12.414454475872281
17.953306038999997,105.94208323299983,SAT_10096,20.488313912828076,193.99676575965796,99.00347730077914,169.69602790949975,-64.50138613053211,29.764072721609587,35.0,0.12266488790971013,12.446766054732228
17.953306038999997,106.04208323299983,SAT_10096,20.374925065637456,193.35895349421068,98.99095262714368,169.72852867202073,-64.61477497772273,29.718989612204037,35.0,0.12316979177051805,12.482066126135523
17.953306038999997,106.14208323299982,SAT_10111,20.392187441147115,193.4560543564525,98.99293928964316,169.72525068156193,-64.59751260221307,29.726735114583775,35.0,0.12308175572722287,12.475915279507696
17.953306038999997,106.24208323299982,SAT_10111,20.45819009602937,193.82731929016518,99.0002364546352,169.70633863518387,-64.53150994733082,29.75298813732574,35.0,0.1227878980683892,12.455371551404307
17.953306038999997,106.34208323299981,SAT_10111,20.5142313449295,194.14255131522845,99.0063738543437,169.69024638068709,-64.47546869843069,29.775236934347888,35.0,0.12253850090573547,12.43792075118576
17.953306038999997,106.4420832329998,SAT_10111,20.560259271400653,194.40145840162867,99.01137502801843,169.67700569907242,-64.42944077195953,29.793481459169367,35.0,0.12233374145355382,12.42358279060293
18.053306039,105.64208323299985,SAT_10096,20.751326476235178,195.4762114288229,99.03169633792159,169.62013912623516,-64.23837356712501,29.868036093341395,35.0,0.12149533717037733,12.364775197060876
18.053306039,105.74208323299985,SAT_10096,20.667346540139647,195.00382428828553,99.02280892816417,169.6444468743033,-64.32235350322054,29.834933481926374,35.0,0.12186852941971088,12.390971581423896
18.053306039,105.84208323299984,SAT_10096,20.57351843086815,194.47604117363335,99.01274369593985,169.67152020668766,-64.41618161249204,29.79784580338258,35.0,0.12228575806754169,12.420221451119424
18.053306039,105.94208323299983,SAT_10096,20.46992769820919,193.8933433024267,99.00146121396935,169.70130677587693,-64.519772345151,29.75677313534931,35.0,0.12274673086626214,12.452491973757114
18.053306039,106.04208323299983,SAT_10096,20.35666712520552,193.25625257928104,98.98891627958419,169.73374986634806,-64.63303291815467,29.711715563814863,35.0,0.12325113033867023,12.487747485282794
18.053306039,106.14208323299982,SAT_10111,20.288772331205138,192.8743443630289,98.98135535800759,169.75479462151458,-64.70092771215505,29.68549368950439,35.0,0.12354246246147564,12.508084317683394
18.053306039,106.24208323299982,SAT_10111,20.35452810006305,193.24422056285465,98.98874311564268,169.73602174413148,-64.63517194329714,29.711731911890574,35.0,0.12324948570699365,12.487632625349253
18.053306039,106.34208323299981,SAT_10111,20.410358631644982,193.55826730300305,98.99495628976092,169.72004838312483,-64.5793414117152,29.733968166000206,35.0,0.12300083980115005,12.47026035478943
18.153306039,105.54208323299986,SAT_10096,20.795394001204656,195.7240912567762,99.03631110295508,169.60735508582545,-64.19430604215553,29.88537133065776,35.0,0.12129960147705156,12.351022685510799
18.153306039,105.64208323299985,SAT_10096,20.721452097026884,195.30816804577623,99.02854484171787,169.6287944258675,-64.2682479463333,29.856270437256537,35.0,0.12162806720278627,12.374095890519547
18.153306039,105.74208323299985,SAT_10096,20.637598510935874,194.8364916240143,99.01963136647028,169.6530401135037,-64.35210153242431,29.823186676907937,35.0,0.12200077989909314,12.400247315929468
18.153306039,105.84208323299984,SAT_10096,20.543910678240294,194.30949756510165,99.0095363904806,169.68004473122804,-64.4457893651199,29.786120118883346,35.0,0.12241747536060688,12.429447277414596
18.153306039,105.94208323299983,SAT_10096,20.44047373918778,193.72766478293127,98.99822028654106,169.70975619132474,-64.54922630417241,29.745070840798935,35.0,0.1228778626573823,12.461663090989218
18.153306039,106.04208323299983,SAT_10096,20.327380037481277,193.09151271083218,98.98563762128576,169.74211805660497,-64.66232000587891,29.70003892861735,35.0,0.12338162573116726,12.496859252160117
18.153306039,106.14208323299982,SAT_10096,20.204728589419005,192.40159831548192,98.97173660805194,169.7770698793171,-64.78497145394118,29.651024476649635,35.0,0.1239284250956503,12.534997626178061
18.153306039,106.24208323299982,SAT_10111,20.240187476000187,192.60105455250107,98.97584998692341,169.76863748753868,-64.74951256736,29.666073162831026,35.0,0.12375902230574086,12.523189220346598
18.253306038999998,105.34208323299987,SAT_10096,20.87190673369399,196.15447537702872,99.04425216523816,169.5851113832761,-64.1177933096662,29.91541250087611,35.0,0.1209599055081964,12.327134521758017
18.253306038999998,105.44208323299986,SAT_10096,20.81808889629886,195.8517500416811,99.03867347342322,169.6007635134092,-64.17161114706133,29.894289615394456,35.0,0.12119882204756856,12.343938426999019
18.253306038999998,105.54208323299986,SAT_10096,20.754247807828065,195.49264391903287,99.03199687399035,169.61929225932155,-64.23545223553212,29.869186029698508,35.0,0.12148235944845043,12.36386364646063
18.253306038999998,105.64208323299985,SAT_10096,20.680443753038844,195.0774961108435,99.02419745939972,169.6406606582619,-64.30925629032134,29.840101796359,35.0,0.12181031246263264,12.386887115955789
18.253306038999998,105.74208323299985,SAT_10096,20.596745561808433,194.60669378517244,99.01524567154728,169.6648265382649,-64.39295448155175,29.80703697628611,35.0,0.12218244646844478,12.412982473104536
18.253306038999998,105.84208323299984,SAT_10096,20.50323018805129,194.08066980778852,99.0051069679619,169.69174278820043,-64.4864698553089,29.769991638730772,35.0,0.1225984987986387,12.442120207040603
18.253306038999998,105.94208323299983,SAT_10096,20.399982247883585,193.4999001443452,98.99374142402334,169.72135765354292,-64.5897177954766,29.728965861286227,35.0,0.12305818020383569,12.474267823016067
18.253306038999998,106.04208323299983,SAT_10096,20.287093522695443,192.86490106516186,98.98110326295368,169.753615054105,-64.70260652066474,29.683959729889732,35.0,0.1235611764358226,12.50939002001364
18.253306038999998,106.14208323299982,SAT_10096,20.164662433036213,192.1762261858287,98.96714030351185,169.7884549198248,-64.82503761032397,29.63497333882446,35.0,0.12410714993419841,12.547448879389446
18.353306038999996,105.24208323299987,SAT_10096,20.86302712763876,196.10452759296803,99.04333038382018,169.58769593523925,-64.12667291572143,29.91192984029962,35.0,0.12099931863289153,12.329907502148911
18.353306038999996,105.34208323299987,SAT_10096,20.819381996291966,195.8590237291423,99.03880406391711,169.60038778266437,-64.17031804706822,29.894797564815775,35.0,0.12119308039275276,12.343534748826874
18.353306038999996,105.44208323299986,SAT_10096,20.76568437404009,195.55697460397553,99.03319425268853,169.61597606544558,-64.2240156693201,29.873686835881454,35.0,0.12143155635474961,12.360294883401224
18.353306038999996,105.54208323299986,SAT_10096,20.701985226903062,195.19866690132972,99.02648021635812,169.63442952548817,-64.28771481645713,29.848597697716205,35.0,0.12171457308283365,12.380168415602315
18.353306038999996,105.64208323299985,SAT_10096,20.628344374821694,194.78443710837203,99.01863680347589,169.65571149676612,-64.3613556685385,29.819530202875406,35.0,0.12204192680275434,12.403132447845016
18.353306038999996,105.74208323299985,SAT_10096,20.544830120966424,194.31466943043614,99.00963416507565,169.67978014325328,-64.44486992239376,29.78648441225141,35.0,0.12241338456766356,12.429160806824235
18.353306038999996,105.84208323299984,SAT_10096,20.451518835455957,193.78979344943977,98.99943741683805,169.70658872579514,-64.53818120790423,29.749460395074912,35.0,0.12282868557253081,12.458224191611475
18.353306038999996,105.94208323299983,SAT_10096,20.34849449871983,193.21028155529905,98.98800623643405,169.73608589444223,-64.64120554464036,29.708458228916445,35.0,0.12328754260293277,12.49029033651164
18.453306038999997,105.14208323299988,SAT_10096,20.8327514052729,195.93422665466008,99.04018960635743,169.59650208336984,-64.15694863808729,29.900048053999164,35.0,0.12113372044988019,12.33936088826674
18.453306038999997,105.24208323299987,SAT_10096,20.799287719144473,195.74599342018766,99.03670635759256,169.60622455792262,-64.19041232421571,29.886901877874152,35.0,0.12128230974266334,12.34980733442458
18.453306038999997,105.34208323299987,SAT_10096,20.755755618147575,195.5011253520801,99.0321486899489,169.61885512496795,-64.23394442521261,29.86977951415209,35.0,0.12147566126254988,12.363393153134199
18.453306038999997,105.44208323299986,SAT_10096,20.702196509849898,195.19985536790568,99.02649985928798,169.63436838589968,-64.28750353351029,29.848680998707287,35.0,0.12171363412777114,12.38010251219013
18.453306038999997,105.54208323299986,SAT_10096,20.638660894217196,194.8424675299717,99.0197388794422,169.6527333805352,-64.35103914914299,29.823606375746497,35.0,0.12199605637584164,12.399916087978426
18.453306038999997,105.64208323299985,SAT_10096,20.565208047673266,194.42929526816212,99.01184029148779,169.6739137900195,-64.42449199568692,29.794555697809876,35.0,0.12232272595505891,12.422811177522236
18.453306038999997,105.74208323299985,SAT_10096,20.481905657443875,193.96071932312182,99.00277387970281,169.69786817141852,-64.50779438591631,29.76152902577214,35.0,0.12269341187607052,12.44876182839387
18.453306038999997,105.84208323299984,SAT_10096,20.388829410868638,193.4371654361361,98.99250432859704,169.72455022088727,-64.60087063249155,29.72452642884392,35.0,0.12310785551063103,12.477738984937572
18.453306038999997,105.94208323299983,SAT_10096,20.28606254481815,192.85910181460207,98.98099081405259,169.7539090620001,-64.70363749854204,29.683547984573273,35.0,0.12356577202334848,12.50971064909185
18.553306039,105.14208323299988,SAT_10096,20.757863986745335,195.5129849254425,99.03236679106354,169.61824384177064,-64.23183605661485,29.870609335152913,35.0,0.1214662953260793,12.362735254671056
18.553306039,105.24208323299987,SAT_10096,20.72449868368092,195.32530509570518,99.02885465397036,169.62791217654242,-64.26520135967927,29.857470804516815,35.0,0.12161453006264906,12.373145457591018
18.553306039,105.34208323299987,SAT_10096,20.681094158654048,195.08115464242903,99.02425905750434,169.64047258979588,-64.30860588470614,29.84035839874885,35.0,0.12180742156367491,12.386684272095431
18.553306039,105.44208323299986,SAT_10096,20.627691381752214,194.7807640223562,99.01856301357658,169.65589996280704,-64.36200866160797,29.819272153713047,35.0,0.12204483032821299,12.403336022185764
18.553306039,105.54208323299986,SAT_10096,20.564340322210853,194.42441431243608,99.0117452291609,169.6741636747275,-64.42535972114933,29.79421211360348,35.0,0.12232658607221099,12.423081573953091
18.553306039,105.64208323299985,SAT_10096,20.491099637451953,194.01243546066726,99.00377987142777,169.6952278021841,-64.49860040590823,29.765178330945226,35.0,0.12265248870619194,12.445898445963167
18.553306039,105.74208323299985,SAT_10096,20.408036313135028,193.54520426138455,98.99463627855168,169.7190513500888,-64.58166373022516,29.732170866595542,35.0,0.12302230947092224,12.47176093726099
18.553306039,105.84208323299984,SAT_10096,20.31522525880864,193.0231420807986,98.98427861044445,169.7455885106083,-64.67447478455155,29.695189789745193,35.0,0.12343579221843062,12.500640271470036
18.653306038999997,105.24208323299987,SAT_10096,20.638737601901056,194.84289901069343,99.01974299488565,169.65271123292797,-64.35096244145913,29.8236366788892,35.0,0.12199571532283453,12.399892172097523
18.653306038999997,105.34208323299987,SAT_10096,20.595474749604918,194.59954546652767,99.01510260097956,169.66519290654907,-64.39422529375527,29.806534277249362,35.0,0.12218809844052433,12.413378566015053
18.653306038999997,105.44208323299986,SAT_10096,20.542245573612604,194.3001313515709,99.00935079120245,169.68052387648692,-64.44745446974758,29.785460359519497,35.0,0.12242488382908509,12.429966068951087
18.653306038999997,105.54208323299986,SAT_10096,20.47909945087764,193.94493441118675,99.00246590831335,169.6986739005743,-64.51060059248255,29.760414969881115,35.0,0.12270590307912119,12.449635758710231
18.653306038999997,105.64208323299985,SAT_10096,20.406094347955715,193.5342807072509,98.99442167559594,169.71960749682822,-64.58360569540447,29.731398160844382,35.0,0.1230309582930151,12.47236540112762
18.653306038999997,105.74208323299985,SAT_10096,20.323296467389227,193.0685426290644,98.98518690149845,169.7432841700612,-64.66640357597096,29.698409993249246,35.0,0.12339982320294529,12.498129575956053
18.753306038999995,104.94208323299989,SAT_10125,20.732046216367905,195.36775996706947,99.02958106641857,169.6240357120858,-64.25765382699228,29.859535423358547,35.0,0.12159197182292435,12.371561566442102
18.753306038999995,105.04208323299989,SAT_10125,20.658582971096095,194.95452921241554,99.02179501072949,169.64529127996286,-64.33111707226409,29.83057144257768,35.0,0.12191852623301928,12.39447870864589
18.753306038999995,105.14208323299988,SAT_10125,20.575338306304275,194.48627797296155,99.01286612750194,169.66931056776997,-64.41436173705591,29.79767032891287,35.0,0.12228877379025697,12.42043272440855
18.753306038999995,105.24208323299987,SAT_10096,20.542092153044777,194.29926836087688,99.00933317428428,169.68056802289314,-64.44760789031541,29.785399568433952,35.0,0.12242556644022978,12.430013869415985
18.753306038999995,105.34208323299987,SAT_10096,20.498984571367373,194.05678821394147,99.00464077028124,169.6929626904358,-64.49071547199281,29.768307217078107,35.0,0.12261739438646004,12.443442604248661
18.753306038999995,105.44208323299986,SAT_10096,20.44594565674973,193.75844431921723,98.99882421275754,169.70818713194387,-64.54375438661046,29.747245683528735,35.0,0.12285349905047949,12.459959439144832
18.753306038999995,105.54208323299986,SAT_10096,20.383024135743042,193.4045107635546,98.9918614193982,169.72621152100103,-64.60667590761715,29.722215011954923,35.0,0.1231337140842568,12.479545684486773
18.753306038999995,105.64208323299985,SAT_10096,20.310277216148364,192.99530934083452,98.98372559531407,169.7470008602856,-64.67942282721182,29.693215254852042,35.0,0.12345784400060977,12.502179377777665
18.753306038999995,105.74208323299985,SAT_10096,20.22777024031589,192.53120760177688,98.97438493041825,169.77051520359862,-64.7619298030443,29.660246473042925,35.0,0.1238256652719451,12.527835407216646
18.853306038999996,104.7420832329999,SAT_10125,20.896219421927213,196.29123424834057,99.04666678521143,169.57633496034487,-64.09348062143297,29.92402107259954,35.0,0.12086284163097086,12.320303892056687
18.853306038999996,104.8420832329999,SAT_10125,20.84246584602448,195.9888703838877,99.04111799375808,169.59198357314756,-64.1472341973357,29.90294409222007,35.0,0.12110147519086285,12.33709324121736
18.853306038999996,104.94208323299989,SAT_10125,20.778795529365524,195.63072485268108,99.03448728633664,169.61048075826244,-64.21090451399466,29.87793221023691,35.0,0.12138425691761151,12.356971709051516
18.853306038999996,105.04208323299989,SAT_10125,20.705268066554467,195.21713287436887,99.02675027351398,169.63178997244398,-64.28443197680572,29.848985479292576,35.0,0.12171098394124386,12.379916499713069
18.853306038999996,105.14208323299988,SAT_10125,20.62195142838712,194.74847678467756,99.01787804698701,169.65586956588734,-64.36774861497307,29.816103960314546,35.0,0.1220814246004228,12.405901584799851
18.853306038999996,105.24208323299987,SAT_10125,20.528921550093926,194.22518371927833,99.00783685726279,169.68267304633508,-64.46077849326626,29.779287722516568,35.0,0.12249531974026662,12.434897849707486
18.853306038999996,105.34208323299987,SAT_10125,20.426261880049466,193.64772307527826,98.99658773000624,169.71214936813695,-64.56343816331072,29.738536843400126,35.0,0.12295238414162853,12.466873254432272
18.853306038999996,105.44208323299986,SAT_10096,20.338887615201912,193.15624283551077,98.98693774813691,169.73883102687603,-64.65081242815828,29.70462820192614,35.0,0.1233303477818743,12.493279255426518
18.853306038999996,105.54208323299986,SAT_10096,20.276209580055735,192.8036788878135,98.97988562057857,169.75671833276235,-64.71349046330445,29.67961231598388,35.0,0.1236096933588967,12.51277475316709
18.853306038999996,105.64208323299985,SAT_10096,20.20374255223807,192.3960518563391,98.97164476693044,169.77735025983668,-64.78595749112212,29.65062968909662,35.0,0.12393282294345023,12.535304097438601
18.953306038999997,104.64208323299991,SAT_10125,20.975697687512024,196.73829949225515,99.05478422745973,169.55314294092426,-64.01400235584816,29.955118786099316,35.0,0.12051018203471829,12.295468018988512
18.953306038999997,104.7420832329999,SAT_10125,20.931888079740375,196.4918704485396,99.05031904974336,169.56593478128917,-64.05781196361981,29.937987013022774,35.0,0.12070454723198588,12.309159648121433
18.953306038999997,104.8420832329999,SAT_10125,20.87810573919782,196.18934478298775,99.04479738525549,169.58161149008887,-64.11159430416237,29.916922649487937,35.0,0.12094324477850028,12.325962218782927
18.953306038999997,104.94208323299989,SAT_10125,20.81440168738831,195.83100949155923,99.03819927392924,169.60014175508886,-64.17529835597188,29.89192573983817,35.0,0.12122610123442154,12.345856239486768
18.953306038999997,105.04208323299989,SAT_10125,20.740835717039175,195.41720090834536,99.0305005428959,169.62148890356553,-64.24886432632101,29.862996336697808,35.0,0.12155291313031215,12.368818846322975
18.953306038999997,105.14208323299988,SAT_10125,20.657476023178702,194.94830263038023,99.02167254212915,169.64561113928565,-64.33222402018149,29.83013450097327,35.0,0.12192344812407126,12.394823933745034
18.953306038999997,105.24208323299987,SAT_10125,20.564398789340544,194.42474319004054,99.01168182582317,169.67246180798816,-64.42530125401964,29.793340301854364,35.0,0.12233744630403248,12.423842301581805
18.953306038999997,105.34208323299987,SAT_10125,20.461687734069613,193.8469935041416,99.00048977320263,169.70198968792874,-64.52801230929057,29.752613816815792,35.0,0.12279462162397517,12.45584181655365
18.953306038999997,105.44208323299986,SAT_10125,20.34943362324445,193.21556413075007,98.98805214103952,169.73413930182662,-64.64026642011574,29.707955131618778,35.0,0.12329466345476363,12.490787586453132
18.953306038999997,105.54208323299986,SAT_10125,20.227733753965524,192.53100236605607,98.97431853845848,169.7688512464043,-64.76196628939466,29.659364340312923,35.0,0.12383723823657632,12.528642145066707
19.053306038999995,104.44208323299992,SAT_10125,21.057704584306606,197.19958828672466,99.06305854093546,169.5291446876136,-63.93199545905358,29.987123131956945,35.0,0.12014652377409633,12.269827379622829
19.053306038999995,104.54208323299991,SAT_10125,21.033952522942045,197.065982941549,99.06067072494723,169.5361025780827,-63.95574752041814,29.977862214967377,35.0,0.1202518287086829,12.277255328594128
19.053306038999995,104.64208323299991,SAT_10125,21.000151434976935,196.87585182174527,99.05725817815608,169.5459941465732,-63.98954860838325,29.96467100979199,35.0,0.12040171870834229,12.28782375289369
19.053306038999995,104.7420832329999,SAT_10125,20.956333958315653,196.62937851552556,99.05280884386346,169.55879934160893,-64.03336608504453,29.947549544205366,35.0,0.12059608303114312,12.301520204609833
19.053306038999995,104.8420832329999,SAT_10125,20.902542104688905,196.3267993388751,99.04730686282973,169.57449236327267,-64.08715793867128,29.9264978542585,35.0,0.12083477902799723,12.318328650629116
19.053306038999995,104.94208323299989,SAT_10125,20.838826993337037,195.96840183752084,99.0407324046216,169.5930418346262,-64.15087305002315,29.90151598427956,35.0,0.12111763297191497,12.338229566704586
19.053306038999995,105.04208323299989,SAT_10125,20.765248530765476,195.5545229855558,99.03306145422204,169.61441100766785,-64.22445151259471,29.872603986874825,35.0,0.12144444105811522,12.361200050743564
19.053306038999995,105.14208323299988,SAT_10125,20.6818750407636,195.08554710429524,99.02426554989844,169.6385580010334,-64.30782500259659,29.83976192292983,35.0,0.1218149705635754,12.387213953929427
19.053306038999995,105.24208323299987,SAT_10125,20.58878284943384,194.56190352806536,99.01431146729374,169.66543606627891,-64.40091719392635,29.80298986161066,35.0,0.12222896115303712,12.416242028105055
19.053306038999995,105.34208323299987,SAT_10125,20.48605583042638,193.98406404614838,99.0031608435101,169.69499387929062,-64.5036442129338,29.762287880365413,35.0,0.12268612631717264,12.448252087691431
19.053306038999995,105.44208323299986,SAT_10125,20.373784915917554,193.35254015203625,98.99076973354822,169.72717585314564,-64.61591512744263,29.71765606492589,35.0,0.1231861549275781,12.483209184295307
19.053306038999995,105.54208323299986,SAT_10125,20.25206757909828,192.66788013242785,98.97708808979228,169.76192246860268,-64.7376324642619,29.669094509309396,35.0,0.12372871289250575,12.521075792076116
19.153306038999993,104.24208323299993,SAT_10125,21.088154335330877,197.3708681362362,99.06610078326798,169.52021623440635,-63.90154570802931,29.99898513353245,35.0,0.12001155232591204,12.260303054829492
19.153306038999993,104.34208323299993,SAT_10125,21.08456041110763,197.3506523124804,99.06574167098238,169.5212705426944,-63.905139632252556,29.997585689910547,35.0,0.1200274811162621,12.261427298352448
19.153306038999993,104.44208323299992,SAT_10125,21.07088290576585,197.27371634493292,99.06437324724007,169.52528173014014,-63.91881713759434,29.992258304099987,35.0,0.12008810576853432,12.265705605785659
19.153306038999993,104.54208323299991,SAT_10125,21.047135149818004,197.14013521772628,99.06199073836456,169.5322416022429,-63.94256489354218,29.983002987320347,35.0,0.1201933810979689,12.273132897521672
19.153306038999993,104.64208323299991,SAT_10125,21.01334020971742,196.9500386796605,99.05858579762877,169.54213598242862,-63.97635983364277,29.96981975906377,35.0,0.12034322889193141,12.283700381385987
19.153306038999993,104.7420832329999,SAT_10125,20.96953073919272,196.70361040795905,99.05414641803476,169.55494480786174,-64.02016930416747,29.952708647095402,35.0,0.1205375383708021,12.297395605030328
19.153306038999993,104.8420832329999,SAT_10125,20.915748770249593,196.40108683265393,99.0486568059745,169.57064226407297,-64.0739512731106,29.931669687453972,35.0,0.12077616683702964,12.314202529654567
19.153306038999993,104.94208323299989,SAT_10125,20.852045446655467,196.042755637437,99.04209721348641,169.58919695652355,-64.13765459670472,29.90670292445257,35.0,0.12105894050472767,12.334101624129017
19.153306038999993,105.04208323299989,SAT_10125,20.778480703458,195.62895395695125,99.03444372602642,169.610572116735,-64.21121933990219,29.87780841067958,35.0,0.12138565550019054,12.357069978346566
19.153306038999993,105.14208323299988,SAT_10125,20.695122896734233,195.16006629413005,99.02566800177766,169.63472584018592,-64.29457714662595,29.844986206999817,35.0,0.12175607902190576,12.383081434417948
19.153306038999993,105.24208323299987,SAT_10125,20.602048388317783,194.63652218428754,99.01573695750018,169.66161135281456,-64.3876516550424,29.808236382555815,35.0,0.12216995064707019,12.412106734136595
19.153306038999993,105.34208323299987,SAT_10125,20.49934109071188,194.05879363525432,99.00461239473692,169.69117730266234,-64.49035895264831,29.767559014769315,35.0,0.12262698377030534,12.444113680984975
19.153306038999993,105.44208323299986,SAT_10125,20.387091977724694,193.4273923747014,98.99225055879515,169.72336807298416,-64.6026080656355,29.72295418934291,35.0,0.12312686715922806,12.479067314835023
19.153306038999993,105.54208323299986,SAT_10111,20.317448204490276,193.0356461502578,98.98460434326599,169.74661316253594,-64.67225183886991,29.69694259248743,35.0,0.12341467928141821,12.49916658953999
19.153306038999993,105.64208323299985,SAT_10111,20.384644449974274,193.4136250311053,98.99211048739691,169.7274092171665,-64.60505559338591,29.72373143430074,35.0,0.12311534762088969,12.47826246289926
19.253306038999995,104.04208323299994,SAT_10125,21.066968443585395,197.25169749516786,99.06397462433463,169.52642936323642,-63.92273159977479,29.99073319012006,35.0,0.1201054575260111,12.266929969132429
19.253306038999995,104.14208323299994,SAT_10125,21.083533288687143,197.34487474886518,99.06563236538685,169.52157183318374,-63.906166754673045,29.997185707383842,35.0,0.12003203355084577,12.261748595322292
19.253306038999995,104.24208323299993,SAT_10125,21.090022898406573,197.381378803537,99.06628071696791,169.5196680225536,-63.899677144953614,29.99971267213938,35.0,0.1200032707568306,12.259718523782572
19.253306038999995,104.34208323299993,SAT_10125,21.086430942170267,197.36117404970776,99.06592193516408,169.52072182319597,-63.90326910118992,29.998314079063427,35.0,0.1200191905986051,12.260842166458763
19.253306038999995,104.44208323299992,SAT_10125,21.072760924834803,197.2842802021958,99.06455477192429,169.52473108039567,-63.916939118525384,29.992989931102223,35.0,0.12007978119835004,12.265118188033584
19.253306038999995,104.54208323299991,SAT_10125,21.049026163961315,197.1507721722824,99.0621744621131,169.5316876075245,-63.94067387939887,29.98374023947155,35.0,0.12018499741612847,12.272541513929799
19.253306038999995,104.64208323299991,SAT_10125,21.015249703636364,196.96077958295456,99.05877267397514,169.54157724160044,-63.97445033972382,29.97056502365699,35.0,0.12033476111674586,12.28310336066363
19.253306038999995,104.7420832329999,SAT_10125,20.971464166023594,196.7144859338827,99.05433742213353,169.55437993896012,-64.0182358773366,29.95346431141431,35.0,0.12052896162994921,12.296791288160833
19.253306038999995,104.8420832329999,SAT_10125,20.917711542665202,196.41212742749175,99.04885294156887,169.57006990969614,-64.07198850069499,29.932438138770088,35.0,0.12076745639851251,12.313589273370418
19.253306038999995,104.94208323299989,SAT_10125,20.854042928349998,196.05399147196874,99.04229952030157,169.58861578897654,-64.13565711501019,29.90748655002244,35.0,0.12105007180660143,12.33347780424949
19.253306038999995,105.04208323299989,SAT_10125,20.780518201088398,195.64041488112227,99.03465328770655,169.60998084288403,-64.20918184227179,29.87860959774201,35.0,0.12137660417881296,12.356433992950969
19.253306038999995,105.14208323299988,SAT_10125,20.69720565238167,195.17178179464688,99.02588595449745,169.63412320598286,-64.29249439097852,29.845807342773057,35.0,0.1217468209384889,12.382431706830225
19.253306038999995,105.24208323299987,SAT_10125,20.604181572532653,194.64852134549616,99.01596449939998,169.66099614745016,-64.38551847082753,29.809079854234763,35.0,0.12216046191233582,12.411441715699807
19.253306038999995,105.34208323299987,SAT_10125,20.501529796183178,194.07110510353039,99.00485079635104,169.69054836232505,-64.48817024717701,29.76842720952271,35.0,0.12261724076707292,12.443431853607608
19.253306038999995,105.44208323299986,SAT_10125,20.389341213615523,193.44004432658733,98.99250117467044,169.72272428419808,-64.60035882974466,29.723849494310524,35.0,0.12311684656279327,12.478367193294325
19.253306038999995,105.54208323299986,SAT_10111,20.416694546719384,193.59390682529656,98.99566342445216,169.71823366872158,-64.5730054966408,29.736489228043673,35.0,0.12297262860017841,12.468288427362703
19.253306038999995,105.64208323299985,SAT_10111,20.484055524766887,193.97281232681377,99.00307157989526,169.69891531475264,-64.5056445185933,29.76326170550638,35.0,0.12267277802687097,12.447318131320177
19.253306038999995,105.74208323299985,SAT_10111,20.541706338138425,194.2970981520286,99.00935077473584,169.68234533263566,-64.44799370522176,29.786130596884753,35.0,0.12241626761802954,12.429362701852822
19.353306038999996,103.94208323299995,SAT_10125,21.030949749934116,197.0490923433794,99.06034989387865,169.53698178959877,-63.95875029342607,29.9766909321787,35.0,0.1202651428730013,12.278194293133
19.353306038999996,104.04208323299994,SAT_10125,21.057549401079157,197.1987153810703,99.06302381671958,169.52919016570408,-63.93215064228103,29.987062649030037,35.0,0.12014721171854204,12.269875913888448
19.353306038999996,104.14208323299994,SAT_10125,21.07409910706295,197.2918074772291,99.06468218273068,169.52433869268174,-63.91560093629724,29.993511224843335,35.0,0.12007384959942001,12.264699618859412
19.353306038999996,104.24208323299993,SAT_10125,21.080582782068362,197.32827814913455,99.06533077860544,169.5224372578283,-63.909117261291826,29.996036646030305,35.0,0.12004511104875437,12.262671538445073
19.353306038999996,104.34208323299993,SAT_10125,21.076994110911954,197.30809187387976,99.06497186162463,169.52348974329817,-63.91270593244823,29.994638907269476,35.0,0.12006101747129798,12.263794078948237
19.353306038999996,104.44208323299992,SAT_10125,21.063336589928724,197.23126831834907,99.06360418307625,169.52749399974468,-63.92636345343146,29.989318011506107,35.0,0.12012155701685377,12.26806590817603
19.353306038999996,104.54208323299991,SAT_10125,21.03962350432876,197.09788221184928,99.0612229753043,169.53444186091895,-63.95007653903143,29.980073969952233,35.0,0.12022668465037488,12.27548196341434
19.353306038999996,104.64208323299991,SAT_10125,21.005877842334336,196.90806286313065,99.0578199021576,169.54431919902092,-63.98382220102585,29.966906802086896,35.0,0.12037632241791203,12.28603348167392
19.353306038999996,104.7420832329999,SAT_10125,20.962132147273024,196.66199332841077,99.05338297196067,169.55710602001662,-64.02756789608716,29.949816535656588,35.0,0.12057035990524256,12.299708051821902
19.353306038999996,104.8420832329999,SAT_10125,20.90842830963713,196.35990924170886,99.04789641145236,169.57277659757807,-64.08127173372306,29.928803206675802,35.0,0.12080865488375457,12.316489687937036
19.353306038999996,104.94208323299989,SAT_10125,20.844817301913494,196.0020973232634,99.04134049841444,169.59129964377212,-64.1448827414467,29.90386685942784,35.0,0.12109103413601309,12.336358922966404
19.353306038999996,105.04208323299989,SAT_10125,20.771358859703355,195.58889358583139,99.03369134991728,169.61263851415015,-64.21834118365683,29.87500754646572,35.0,0.12141729445144912,12.359292921520959
19.353306038999996,105.14208323299988,SAT_10125,20.688121113306906,195.12068126235133,99.0249206622187,169.6367514444536,-64.30157893005328,29.842225328613324,35.0,0.12178720378082167,12.385265610432173
19.353306038999996,105.24208323299987,SAT_10125,20.595180174486487,194.59788848148648,99.01499539733301,169.66359181579736,-64.3945198688737,29.805520274966668,35.0,0.12220050253654358,12.414247825506463
19.353306038999996,105.34208323299987,SAT_10125,20.492619683581566,194.02098572014634,99.00387741010455,169.69310844488902,-64.49708035977862,29.76489246289539,35.0,0.12265690502465612,12.446207472760335
19.353306038999996,105.44208323299986,SAT_10111,20.427974081258697,193.65735420708018,98.99690964521626,169.71500201667368,-64.56172596210149,29.740976138566843,35.0,0.12292240870747352,12.46477767528719
19.353306038999996,105.54208323299986,SAT_10111,20.50514777694505,194.0914562453159,99.00537482772404,169.6928568837776,-64.48455226641514,29.77163331258273,35.0,0.12257891809711184,12.440749777123155
19.353306038999996,105.64208323299985,SAT_10111,20.57265233304956,194.4711693734038,99.01269708116071,169.6734369663113,-64.41704771031063,29.798389353622625,35.0,0.122278621523295,12.419721476098657
19.353306038999996,105.74208323299985,SAT_10111,20.630426907814126,194.79615135645446,99.01890388652762,169.65677950730276,-64.35927313554606,29.82124420513022,35.0,0.12202172667324927,12.401716106700286
19.453306038999994,104.14208323299994,SAT_10125,21.0533689350177,197.17520025947456,99.06259793188968,169.5304152017116,-63.936331108342486,29.98543319171715,35.0,0.12016574449246635,12.27118335385556
19.453306038999994,104.24208323299993,SAT_10125,21.059844308997803,197.21162423811265,99.0632476165421,169.5285175931569,-63.929855734362384,29.987957062528476,35.0,0.12013703821993824,12.269158165514034
19.453306038999994,104.34208323299993,SAT_10125,21.056260232840735,197.19146380972913,99.06288809712882,169.5295679604807,-63.93343981051945,29.98656018185027,35.0,0.12015292677550482,12.270279105113506
19.453306038999994,104.44208323299992,SAT_10125,21.04262018929611,197.1147385647906,99.06151812137347,169.5335641629693,-63.94707985406408,29.981242552626803,35.0,0.12021339835227507,12.274544845369315
19.453306038999994,104.54208323299991,SAT_10125,21.018937412001698,196.98152294250954,99.05913290800709,169.54049806714184,-63.97076263135849,29.972004186066393,35.0,0.12031840807965276,12.281950342203384
19.453306038999994,104.64208323299991,SAT_10125,20.985234800123507,196.7919457506947,99.05572409706119,169.5503556017691,-64.00446524323668,29.95884510164161,35.0,0.12046787828786541,12.292486864821335
19.453306038999994,104.7420832329999,SAT_10125,20.94154477131181,196.54618933862895,99.051279662564,169.56311685262045,-64.04815527204838,29.941765327089723,35.0,0.12066169896415449,12.306142047553493
19.453306038999994,104.8420832329999,SAT_10125,20.887909054971757,196.24448843421615,99.04578378607923,169.5787561956032,-64.10179098838843,29.920764898413267,35.0,0.12089972839523953,12.322899962803255
19.453306038999994,104.94208323299989,SAT_10125,20.824378428622737,195.8871286610029,99.0392166887996,169.59724246644242,-64.16532161473745,29.895843859880824,35.0,0.12118179398853844,12.34274121418731
19.453306038999994,105.04208323299989,SAT_10125,20.75101240084824,195.47444475477135,99.03155441910927,169.61853916456334,-64.23868764251195,29.86700226402795,35.0,0.1215076932626536,12.3656430487139
19.453306038999994,105.14208323299988,SAT_10125,20.667878844972734,195.00681850297164,99.02276859163469,169.64260468841832,-64.32182119838745,29.834240171658298,35.0,0.12187719499585481,12.391579486631572
19.453306038999994,105.24208323299987,SAT_10125,20.575053588146247,194.48467643332265,99.01282607277881,169.66939259914278,-64.41464645521394,29.797557651844908,35.0,0.12229004051974177,12.420521467396332
19.453306038999994,105.34208323299987,SAT_10125,20.472619960970064,193.9084872804566,99.00168860654675,169.6988519091251,-64.51708008239012,29.75695478193169,35.0,0.1227459451439689,12.452437010052734
19.453306038999994,105.44208323299986,SAT_10111,20.505407887660112,194.09291936808813,99.00540262616794,169.69278214283563,-64.48429215570007,29.771736517502134,35.0,0.12257776070150077,12.44066876966508
19.453306038999994,105.54208323299986,SAT_10111,20.58271955510061,194.52779749744093,99.01378114718933,169.670536840946,-64.40698048825958,29.802374776024035,35.0,0.12223384977263185,12.416584573564986
19.453306038999994,105.64208323299985,SAT_10111,20.650345829696704,194.90819529204396,99.02102894315745,169.65102865818716,-64.33935421366348,29.8291143086046,35.0,0.12193318232789034,12.395506681753043
19.453306038999994,105.74208323299985,SAT_10111,20.708225350493635,195.23376759652672,99.02717300008061,169.63429517297112,-64.28147469286655,29.851955058708807,35.0,0.12167596766809136,12.377458610936156
19.55330603899999,104.14208323299994,SAT_10125,21.021365364378966,196.99518017463168,99.05937180188715,169.5397874720625,-63.96833467898122,29.972951624098357,35.0,0.12030764164327551,12.281191189373805
19.55330603899999,104.24208323299993,SAT_10125,21.027830094208014,197.03154427992007,99.06002342860393,169.53789512551168,-63.961869949152174,29.975473937729994,35.0,0.1202789756105928,12.279169785759885
19.55330603899999,104.34208323299993,SAT_10125,21.024251910133074,197.01141699449855,99.0596628346322,169.53894257991945,-63.96544813322711,29.974077918900225,35.0,0.12029484189189442,12.280288630315992
19.55330603899999,104.44208323299992,SAT_10125,21.010634276335416,196.9348178043867,99.05828876119513,169.54292770641533,-63.97906576702477,29.968763570552355,35.0,0.12035522873905645,12.284546402422741
19.55330603899999,104.54208323299991,SAT_10125,20.98699035596185,196.8018207522854,99.05589640219306,169.5498424164751,-64.00270968739834,29.959530903891004,35.0,0.12046009150464768,12.291938083309613
19.55330603899999,104.64208323299991,SAT_10125,20.95334292645292,196.61255396129766,99.05247735419887,169.5596727164824,-64.03635711690727,29.946379938382325,35.0,0.12060935290454523,12.302454985902644
19.55330603899999,104.7420832329999,SAT_10125,20.9097242336765,196.36719881443034,99.04801952862898,169.572398801696,-64.07997580968369,29.929310701754442,35.0,0.1208029034708345,12.316084806271293
19.55330603899999,104.8420832329999,SAT_10125,20.856175786848652,196.06598880102368,99.04250702451719,169.5879951882954,-64.13352425651154,29.908323229998025,35.0,0.12104060218965919,12.3328116960245
19.55330603899999,104.94208323299989,SAT_10125,20.792748096984724,195.70920804553907,99.03591995958494,169.60643088167586,-64.19695194637546,29.883417567367054,35.0,0.12132227731657912,12.352616354750072
19.55330603899999,105.04208323299989,SAT_10125,20.719500362344945,195.29718953819034,99.0282342564975,169.62766957867973,-64.27019968101524,29.854593766379764,35.0,0.12164772736003775,12.375476141355241
19.55330603899999,105.14208323299988,SAT_10125,20.63650010496626,194.8303130904352,99.01942138029248,169.65166990103722,-64.35319993839393,29.82185188781975,35.0,0.1220167222217808,12.401365202954675
19.55330603899999,105.24208323299987,SAT_10125,20.5438227629174,194.3090030414104,99.0094480219354,169.67838565692918,-64.44587728044279,29.785192000737265,35.0,0.12242900448153111,12.430254619769347
19.55330603899999,105.34208323299987,SAT_10111,20.48485417355731,193.9773047262599,99.00315796215212,169.6986859968237,-64.50484586980288,29.763578792364683,35.0,0.12266922380035315,12.447069441543492
19.55330603899999,105.44208323299986,SAT_10111,20.571907141036377,194.46697766832963,99.01261404690675,169.67365159741064,-64.41779290232381,29.79809429654297,35.0,0.12228193573138268,12.41995366572476
19.55330603899999,105.54208323299986,SAT_10111,20.649331243331034,194.90248824373708,99.02091859674084,169.6513216798819,-64.34036880002915,29.828713557070937,35.0,0.12193769209261322,12.39582298512558
19.55330603899999,105.64208323299985,SAT_10111,20.717056749311965,195.2834442148798,99.02810283550964,169.6317389338998,-64.27264329404822,29.855436509191108,35.0,0.12163673087138792,12.374704138468132
19.55330603899999,105.74208323299985,SAT_10111,20.775021858448994,195.60949795377562,99.03419332800235,169.61494122234168,-64.2146781849112,29.878263096389613,35.0,0.12137926272862426,12.356620796230507
19.653306038999993,104.14208323299994,SAT_10125,20.97812310556006,196.75194246877533,99.05499143423506,169.55243417155745,-64.01157693780013,29.956066546853354,35.0,0.12049942332552559,12.294709889770504
19.653306038999993,104.24208323299993,SAT_10125,20.984574881287315,196.78823370724118,99.05564587115227,169.55054850146587,-64.00512516207287,29.95858729650426,35.0,0.12047080539027014,12.292693151720991
19.653306038999993,104.34208323299993,SAT_10125,20.981003868010987,196.7681467575618,99.05528372228034,169.55159225995192,-64.0086961753492,29.957192143287084,35.0,0.12048664504766404,12.293809413636714
19.653306038999993,104.44208323299992,SAT_10125,20.96741350647153,196.69170097390236,99.05390371934747,169.55556333312597,-64.02228653688866,29.95188109014417,35.0,0.12054693062350168,12.298057363283345
19.653306038999993,104.7420832329999,SAT_10125,20.866704677599657,196.12521381149807,99.04358995113533,169.58493089820684,-64.12299536576053,29.91245268446514,35.0,0.12099385748169426,12.329523294537136
19.653306038999993,104.8420832329999,SAT_10125,20.813262380254614,195.8246008889322,99.0380533799763,169.60047277825646,-64.17643766310557,29.891478226219462,35.0,0.12123116116824814,12.346211949900322
19.653306038999993,104.94208323299989,SAT_10125,20.749959867393088,195.46852425408613,99.03143741021759,169.61884429327876,-64.2397401759671,29.866588006646243,35.0,0.12151237001355773,12.365971519321029
19.653306038999993,105.04208323299989,SAT_10125,20.676855945472752,195.0573146932842,99.02371778061502,169.64000938986632,-64.31284409788744,29.837782078246526,35.0,0.1218372837714808,12.388779502496167
19.653306038999993,105.14208323299988,SAT_10125,20.59401769298411,194.5913495230356,99.01486573726928,169.66392697223404,-64.39568235037608,29.80506050178402,35.0,0.12220567375746486,12.414610206168602
19.653306038999993,105.24208323299987,SAT_10125,20.50152005669517,194.07105031891032,99.00484771423324,169.6905511611447,-64.48817998666502,29.768423346286365,35.0,0.12261728412197422,12.44343488768471
19.653306038999993,105.34208323299987,SAT_10111,20.54025511211246,194.28893500563257,99.00918957455778,169.68276285623406,-64.44944493124773,29.785555427412937,35.0,0.12242272335467103,12.429814779071927
19.653306038999993,105.44208323299986,SAT_10111,20.627404046173183,194.77914775972414,99.01857473038592,169.6576518937553,-64.362295997187,29.82004942313448,35.0,0.12203516514333397,12.402658361422864
19.653306038999993,105.54208323299986,SAT_10111,20.704914431932934,195.21514367962277,99.02681746759183,169.63525330977401,-64.28478561142725,29.85064960320894,35.0,0.12169067832272715,12.37849122653944
19.653306038999993,105.64208323299985,SAT_10111,20.77271613861872,195.59652827973028,99.03394859444768,169.61561005296807,-64.21698390474147,29.877355902902902,35.0,0.12138950211422402,12.357340252562086
19.653306038999993,105.74208323299985,SAT_10111,20.830747008621145,195.92295192349394,99.03999432443358,169.59876021783998,-64.15895303473904,29.900168265723483,35.0,0.12113184827760727,12.339229234344932
19.753306038999995,104.8420832329999,SAT_10125,20.759214335974136,195.52058063985453,99.03240524894603,169.61616104125403,-64.23048570738605,29.87022992064153,35.0,0.12147125062796386,12.363083336145586
19.753306038999995,104.94208323299989,SAT_10125,20.696058834340704,195.16533094316645,99.0257512183094,169.6344550371203,-64.29364120901948,29.84535521125286,35.0,0.12175191865623386,12.38278946449583
19.753306038999995,105.04208323299989,SAT_10125,20.62312378084374,194.75507126724602,99.01798691144676,169.65553123081034,-64.36657626251645,29.81656723312859,35.0,0.12207621053735737,12.40553605429735
19.753306038999995,105.14208323299988,SAT_10125,20.540475720779938,194.29017592938715,99.00908328414535,169.6793488664994,-64.44922432258025,29.7838660470127,35.0,0.12244389928342979,12.43129760381013
19.753306038999995,105.24208323299987,SAT_10111,20.487843973740922,193.9941223522927,99.00348411295141,169.69782747117134,-64.50185606961927,29.76476576058298,35.0,0.12265591847623919,12.446138440554662
19.753306038999995,105.34208323299987,SAT_10111,20.584626248875765,194.5385226499262,99.01398217707651,169.66998745237913,-64.40507379448442,29.803129459146163,35.0,0.12222537054340799,12.415990430708042
19.753306038999995,105.44208323299986,SAT_10111,20.671841400159977,195.02910787589988,99.02330985642993,169.6448180809876,-64.31785864320021,29.837601853502694,35.0,0.12183764393886283,12.388804771776453
19.753306038999995,105.54208323299986,SAT_10111,20.74941140490573,195.46543915259474,99.03150250404397,169.6223671107674,-64.24028863845446,29.868182870704203,35.0,0.12149300506044033,12.364611393330813
19.753306038999995,105.64208323299985,SAT_10111,20.817265827738268,195.84712028102777,99.03859059158641,169.60267768851298,-64.17243421562192,29.894872446041152,35.0,0.12119169406296956,12.343437279087109
19.753306038999995,105.74208323299985,SAT_10111,20.875342238866565,196.17380009362444,99.04460004798786,169.58578808590465,-64.11435780449362,29.917670523041494,35.0,0.12093392353742997,12.325306318093032
19.753306038999995,105.84208323299984,SAT_10111,20.923586591432908,196.44517457681013,99.04955254247605,169.5717314572919,-64.06611345192728,29.936577053469485,35.0,0.12071987732461154,12.31023917078025
19.853306038999992,104.8420832329999,SAT_10125,20.69408845974567,195.1542475860694,99.02553996084296,169.63502513255213,-64.29561158361452,29.8445783556037,35.0,0.12176067726370271,12.383404129402381
19.853306038999992,104.94208323299989,SAT_10125,20.631101309739194,194.79994486728296,99.0188384260014,169.65322858469244,-64.358598733621,29.8197192234971,35.0,0.12204073149548779,12.403048640930166
19.853306038999992,105.04208323299989,SAT_10125,20.558359616450986,194.39077284253682,99.01101835290672,169.67420093393446,-64.4313404269092,29.790949273302274,35.0,0.12236431768830619,12.425724448588708
19.853306038999992,105.14208323299988,SAT_10125,20.475929305475844,193.9271023433016,99.00205033294912,169.69790181980716,-64.51377073788434,29.758268565743624,35.0,0.12273121082511543,12.451406272995694
19.853306038999992,105.24208323299987,SAT_10111,20.521100284389263,194.1811890996896,99.00710838768157,169.6882717798442,-64.46859975897092,29.777961297139335,35.0,0.12250793944158134,12.435781336824489
19.853306038999992,105.34208323299987,SAT_10111,20.617921817292356,194.7258102222695,99.0175560139977,169.66038782658657,-64.37177822606783,29.81630085252511,35.0,0.12207732138677675,12.405613930619586
19.853306038999992,105.44208323299986,SAT_10111,20.705172985460834,195.2165980432172,99.0268392705656,169.63517849176833,-64.28452705789935,29.85075155265331,35.0,0.1216895295374578,12.378410589246872
19.853306038999992,105.54208323299986,SAT_10111,20.782775538528398,195.65311240422224,99.03499320574481,169.61269167806978,-64.20692450483179,29.88131332460229,35.0,0.12134483098278286,12.354201320381517
19.853306038999992,105.64208323299985,SAT_10111,20.85065883366194,196.0349559393484,99.04204803059179,169.59297066809467,-64.13904120969825,29.907986103686213,35.0,0.12104346650486238,12.33301317878493
19.853306038999992,105.74208323299985,SAT_10111,20.908760255677464,196.36177643818576,99.04802945374769,169.57605385498556,-64.08093978768272,29.930769833453716,35.0,0.120785649253177,12.314870116897703
19.853306038999992,105.84208323299984,SAT_10111,20.957025596077813,196.6332689779377,99.0529589613869,169.5619744990645,-64.03267444728237,29.949664465686723,35.0,0.12057156355392452,12.299792850350675
19.95330603899999,104.94208323299989,SAT_10125,20.55515443201844,194.37274368010375,99.01067066137503,169.67512379416945,-64.43454561134175,29.789680094466092,35.0,0.12237857968284044,12.426723331955541
19.95330603899999,105.04208323299989,SAT_10125,20.482629932473515,193.96479337016353,99.00278330907773,169.69597777866267,-64.50707011088667,29.76092824982105,35.0,0.12270137845603611,12.449319203589015
19.95330603899999,105.14208323299988,SAT_10111,20.43696779520687,193.7079438480386,98.99790270510115,169.71242434699835,-64.55273224815332,29.744552648767666,35.0,0.12288236891126053,12.461978181011377
19.95330603899999,105.24208323299987,SAT_10111,20.543280025033184,194.30595014081166,99.0095144746963,169.6818925524476,-64.446420018327,29.786754272378673,35.0,0.12240926719494455,12.428872471063121
19.95330603899999,105.34208323299987,SAT_10111,20.64010723399373,194.85060319121473,99.01992613822607,169.65398517657778,-64.34959280936646,29.82506958128949,35.0,0.12197869370395183,12.398698520374216
19.95330603899999,105.44208323299986,SAT_10111,20.727363891310247,195.34142188862015,99.0291777243602,169.62875453589632,-64.26233615204994,29.85949849437069,35.0,0.12159094076789438,12.371489169756407
19.95330603899999,105.54208323299986,SAT_10111,20.804971627217498,195.77796540309842,99.03730406291355,169.60624861256372,-64.18472841614269,29.890040938727168,35.0,0.12124627582563509,12.347274466480501
19.95330603899999,105.64208323299985,SAT_10111,20.872859690072787,196.15983575665942,99.04433517805852,169.586510761674,-64.1168403532874,29.91669684969662,35.0,0.12094493997643098,12.326081501333604
19.95330603899999,105.74208323299985,SAT_10111,20.930965367444927,196.48668019187772,99.0502966205095,169.56957944120296,-64.05873467591526,29.939466170848213,35.0,0.12068714665201298,12.307934258908508
19.95330603899999,105.84208323299984,SAT_10111,20.97923436603854,196.7581933089668,99.05520974524038,169.5554879680415,-64.01046567732165,29.958348853981406,35.0,0.12047308042380236,12.292853482837764
19.95330603899999,105.94208323299983,SAT_10111,21.017621145688445,196.9741189444975,99.0590919400698,169.54426430328505,-63.97207889767174,29.97334485912494,35.0,0.12030289595833128,12.2808565575533
20.05330603899999,105.04208323299989,SAT_10125,20.396011488401484,193.47756462225837,98.99324712812253,169.72081478183367,-64.5936885549587,29.72650422251701,35.0,0.12308713070192019,12.47629086494013
20.05330603899999,105.14208323299988,SAT_10111,20.44807904809842,193.77044464555362,98.99912536595357,169.70923864804408,-64.54162099526177,29.74896986475416,35.0,0.12283290547926631,12.458519306492587
20.05330603899999,105.24208323299987,SAT_10111,20.554360256031202,194.36827644017552,99.01071265473838,169.67870384541158,-64.43533978732899,29.79114466876952,35.0,0.12235997992716338,12.42542063075976
20.05330603899999,105.34208323299987,SAT_10111,20.651159340149945,194.91277128834346,99.0211025926059,169.65079370146324,-64.33854070321024,29.829435627957203,35.0,0.1219295663556742,12.395253063348513
20.05330603899999,105.44208323299986,SAT_10111,20.738390758738845,195.40344801790602,99.03033505234414,169.62556054284568,-64.25130928462134,29.86384266121711,35.0,0.12154195710098806,12.36804944589179
20.05330603899999,105.54208323299986,SAT_10111,20.815976131879637,195.83986574182296,99.03844472947274,169.60305236111637,-64.17372391148055,29.89436569568047,35.0,0.12119741960757964,12.343839826437081
20.05330603899999,105.64208323299985,SAT_10111,20.883844698655693,196.22162642993825,99.04546153341731,169.58331251994042,-64.1058553447045,29.921004666708352,35.0,0.12089619497945171,12.322651296492973
20.05330603899999,105.74208323299985,SAT_10111,20.94193373833062,196.54837727810974,99.05141091799688,169.5663794849595,-64.04776630502957,29.9437595178903,35.0,0.1206384966523009,12.304507841308073
20.05330603899999,105.84208323299984,SAT_10111,20.99018895035497,196.81981284574672,99.05631415774093,169.5522865797523,-63.99951109300522,29.962630201043172,35.0,0.12042450920080808,12.289430205095288
20.05330603899999,105.94208323299983,SAT_10111,21.028564788431908,197.03567693492948,99.0601885753349,169.5410617710619,-63.96113525492828,29.977616676210154,35.0,0.12025438729412041,12.277435772782411
20.05330603899999,106.04208323299983,SAT_10111,21.05702474436032,197.1957641870268,99.06304772445003,169.5327274861427,-63.93267529899987,29.988718911659895,35.0,0.1201282548112083,12.26853846970586
20.05330603899999,106.14208323299982,SAT_10111,21.075541577947547,197.29992137595497,99.06490153130673,169.52730046470117,-63.91415846541264,29.995936883885886,35.0,0.12004620412616542,12.262748680471192
20.05330603899999,106.24208323299982,SAT_10111,21.084097489944313,197.34804838093675,99.0657563975204,169.52479164746597,-63.905602553415875,29.999270577605948,35.0,0.12000829557169818,12.260073187984158
20.153306038999993,104.8420832329999,SAT_10096,20.53461455152305,194.25720685231715,99.00850905718627,169.68271939615934,-64.45508549183714,29.78243630579971,35.0,0.12245883731255841,12.432343564164949
20.153306038999993,104.94208323299989,SAT_10096,20.4505685026232,193.78444782725552,98.99933406029174,169.70686130655994,-64.53913154073699,29.749082771665577,35.0,0.12283291667102644,12.458520089171584
20.153306038999993,105.04208323299989,SAT_10096,20.357042121783778,193.25836193503375,98.98898248334335,169.7336426628577,-64.63265792157641,29.711865005257202,35.0,0.1232494596328329,12.487630804343079
20.153306038999993,105.14208323299988,SAT_10111,20.44811613727036,193.77065327214578,98.99912953372798,169.70922801215102,-64.54158390608983,29.74898460680691,35.0,0.12283274037783633,12.458507760367883
20.153306038999993,105.24208323299987,SAT_10111,20.554329483263444,194.36810334335686,99.01070821599113,169.67871270302697,-64.43537056009674,29.79113247755841,35.0,0.12236011680558587,12.42543021782259
20.153306038999993,105.34208323299987,SAT_10111,20.651066564157503,194.912249423386,99.02109053009085,169.65082049720996,-64.33863347920268,29.829398983823854,35.0,0.12192997873454568,12.395281987082033
20.153306038999993,105.44208323299986,SAT_10111,20.738241945608166,195.40261094404596,99.030316289194,169.6256036556579,-64.25145809775202,29.863784044532252,35.0,0.12154261813367004,12.36809586849271
20.153306038999993,105.54208323299986,SAT_10111,20.81577734706832,195.8387475772593,99.03842013765887,169.60311010904692,-64.17392269629187,29.89428758684099,35.0,0.1211983021083624,12.343901871977577
20.153306038999993,105.64208323299985,SAT_10111,20.883602098137345,196.22026180202258,99.045431941358,169.5833831655154,-64.10609794522284,29.92090954613432,35.0,0.12089727145443185,12.322727054387347
20.153306038999993,105.74208323299985,SAT_10111,20.94165355894465,196.54680126906365,99.05137711745692,169.56646124104194,-64.04804648441554,29.943649866022028,35.0,0.12063973933277489,12.304595370062856
20.153306038999993,105.84208323299984,SAT_10111,20.989877499428303,196.8180609342842,99.05627691014625,169.55237761587392,-63.999822543931884,29.962508498338256,35.0,0.1204258900789481,12.28952753631727
20.153306038999993,105.94208323299983,SAT_10111,21.028228432755,197.03378493424688,99.0601486176112,169.54116022017004,-63.96147161060519,29.977485403140502,35.0,0.12025587816066602,12.277540915414988
20.153306038999993,106.04208323299983,SAT_10111,21.056669898610323,197.19376817968308,99.06300577448246,169.53283145170315,-63.933030144749864,29.988580548708804,35.0,0.12012982729487771,12.268649414460635
20.153306038999993,106.14208323299982,SAT_10111,21.075174692661086,197.2978576462186,99.06485829310871,169.52740802809132,-63.9145253506991,29.99579391154507,35.0,0.12004782973446403,12.262863404418386
20.153306038999993,106.24208323299982,SAT_10111,21.083725039147765,197.34595334520617,99.06571256619199,169.5249008755892,-63.90597500421242,29.999125476372615,35.0,0.12000994573278079,12.260189659263059
20.25330603899999,104.64208323299991,SAT_10096,20.739857775830515,195.41169998904667,99.0304203594952,169.6234629526286,-64.24984226752967,29.863520595757432,35.0,0.12154628843310204,12.368353622225394
20.25330603899999,104.7420832329999,SAT_10096,20.67489445253632,195.04628129551682,99.02355879134986,169.64226509464336,-64.31480559082387,29.83791223618077,35.0,0.12183497835258142,12.388617754008687
20.25330603899999,104.8420832329999,SAT_10096,20.600297698813634,194.6266745558267,99.0155955659913,169.6638023894148,-64.38940234454655,29.80844200016794,35.0,0.1221666485207523,12.411875306778951
20.25330603899999,104.94208323299989,SAT_10096,20.516134421149047,194.15325611896338,99.00650117688886,169.68803386811302,-64.47356562221114,29.775109950276786,35.0,0.12254107065975665,12.43810063371515
20.25330603899999,105.04208323299989,SAT_10096,20.422479033269724,193.62644456214218,98.9962413056118,169.71491400231332,-64.56722101009046,29.737916157267144,35.0,0.12295799053917135,12.467265174505114
20.25330603899999,105.14208323299988,SAT_10111,20.437079024598376,193.70856951336586,98.99791560692222,169.7123924626703,-64.55262101876181,29.74459687489653,35.0,0.12288187373700878,12.461943557251033
20.25330603899999,105.24208323299987,SAT_10111,20.543187738683983,194.3054310300974,99.00950151747843,169.68191910570926,-64.4465123046762,29.786717698769653,35.0,0.12240967772133596,12.428901220015259
20.25330603899999,105.34208323299987,SAT_10111,20.63982900324946,194.84903814327822,99.01989027524105,169.65406550418896,-64.34987104011073,29.824959648962498,35.0,0.12197993050959283,12.398785254374674
20.25330603899999,105.44208323299986,SAT_10111,20.72691760918957,195.33891155169135,99.02912172957753,169.6288837778335,-64.26278243417062,29.85932264443297,35.0,0.12159292333108541,12.371628377439023
20.25330603899999,105.54208323299986,SAT_10111,20.80437548443693,195.77461209995772,99.03723055644599,169.606421726426,-64.18532455892326,29.889806612364428,35.0,0.12124892260876988,12.347460522252916
20.25330603899999,105.64208323299985,SAT_10111,20.87213214851488,196.1557433353962,99.0442466490456,169.58672253872527,-64.11756789484531,29.91641148816414,35.0,0.12094816851852322,12.326308675765654
20.25330603899999,105.74208323299985,SAT_10111,20.93012513124272,196.4819538632403,99.05019544786816,169.56982452394146,-64.05957491211747,29.939137215461976,35.0,0.12069087366875676,12.308196729969238
20.25330603899999,105.84208323299984,SAT_10111,20.978300350481945,196.75293947146093,99.0550982166555,169.55576086916832,-64.01139969287824,29.95798374610923,35.0,0.12047722191446723,12.29314534790469
20.25330603899999,105.94208323299983,SAT_10111,21.01661244419863,196.9684449986173,99.0589722695526,169.54455942591522,-63.97308759916156,29.972951040177634,35.0,0.1203073673186933,12.281171846105275
20.25330603899999,106.04208323299983,SAT_10111,21.04502505258582,197.12826592079526,99.06183115370446,169.5362425285773,-63.94467499077437,29.984039065958513,35.0,0.12018143327297166,12.272290094882601
20.25330603899999,106.14208323299982,SAT_10111,21.06351104657641,197.2322496369923,99.06368479064055,169.53082684728983,-63.92618899678378,29.991247799962146,35.0,0.12009951178678152,12.266510437669302
20.25330603899999,106.24208323299982,SAT_10111,21.072052699717624,197.28029643591162,99.0645395789912,169.52832327719142,-63.917647343642564,29.994577226917272,35.0,0.12006166295416047,12.263839630414259
20.25330603899999,106.34208323299981,SAT_10111,21.070641801114164,197.27236013126716,99.06439846035917,169.528736865626,-63.919058242246024,29.99402733977078,35.0,0.12006791460370081,12.2642808017871
20.25330603899999,106.4420832329998,SAT_10111,21.059279707911877,197.2084483570043,99.0632609495039,169.53206677830738,-63.93042033544831,29.989598139687555,35.0,0.12011826213603005,12.267833434692456
20.25330603899999,106.5420832329998,SAT_10111,21.037977336616663,197.08862251846872,99.06112312936682,169.53830630491564,-63.951722706743524,29.98128963605051,35.0,0.1202126685506907,12.2744933693277
20.35330603899999,104.64208323299991,SAT_10096,20.794672637212003,195.72003358431755,99.03615405187907,169.6075645143838,-64.19502740614818,29.88508775537262,35.0,0.12130280506000746,12.351247842077003
20.35330603899999,104.7420832329999,SAT_10096,20.729639309245457,195.35422111450572,99.02934252128941,169.6264233076705,-64.26006073411473,29.859495970606076,35.0,0.12159168900439352,12.371541708045902
20.35330603899999,104.8420832329999,SAT_10096,20.65496292314988,194.9341664427181,99.02143774812198,169.64802519322689,-64.3347371202103,29.830044809011238,35.0,0.1219235796127362,12.394833156381926
20.35330603899999,104.94208323299989,SAT_10096,20.57071075944458,194.46024802187577,99.01241061371047,169.67232895958432,-64.41898928391561,29.796734333121698,35.0,0.12229824745490078,12.421096409998075
20.35330603899999,105.04208323299989,SAT_10096,20.476957644173027,193.9328867484733,99.00222725395747,169.69928881109308,-64.51274239918716,29.75956461366985,35.0,0.12271543702547694,12.450302764738447
20.35330603899999,105.14208323299988,SAT_10111,20.41497904408618,193.58425712298478,98.99547894583873,169.71872505791055,-64.574720999274,29.735806677771738,35.0,0.12298026689421754,12.46882235224097
20.35330603899999,105.24208323299987,SAT_10111,20.520946580096222,194.18032451304126,99.00708799356303,169.68831597014292,-64.46875346326397,29.777900341205324,35.0,0.12250862329001665,12.435829211036355
20.35330603899999,105.34208323299987,SAT_10111,20.617458422807772,194.72320362829373,99.01749732830318,169.6605215076178,-64.37224162055242,29.81611763222364,35.0,0.12207938162841556,12.40575836352984
20.35330603899999,105.44208323299986,SAT_10111,20.704429705045712,195.21241709088213,99.02674693187384,169.63539357405188,-64.28527033831448,29.850458469813297,35.0,0.12169283203008056,12.378642402045827
20.35330603899999,105.54208323299986,SAT_10111,20.78178267122776,195.64752752565616,99.03487159495914,169.612979769048,-64.20791737213243,29.88092278118341,35.0,0.12134923989533737,12.354511144372514
20.35330603899999,105.64208323299985,SAT_10111,20.84944712919149,196.02814010170212,99.04190130927503,169.59332309880185,-64.1402529141687,29.907510501764115,35.0,0.12104884447132144,12.333391472659633
20.35330603899999,105.74208323299985,SAT_10111,20.907360866352022,196.35390487323014,99.04786159888064,169.57646170925418,-64.08233917700817,29.930221575205216,35.0,0.12079185753890714,12.315307185420309
20.35330603899999,105.84208323299984,SAT_10111,20.955470025126203,196.6245188913349,99.05277379717569,169.5624286450516,-64.03423001823398,29.949055953375044,35.0,0.12057846223340336,12.300278864324028
20.35330603899999,105.94208323299983,SAT_10111,20.993729432927623,196.83972806021788,99.05665527489967,169.55125163744327,-63.995970610432565,29.964013596359443,35.0,0.1204088120118853,12.288323757336858
20.35330603899999,106.04208323299983,SAT_10111,21.0221028825231,196.99932871419242,99.05951962340245,169.54295292391572,-63.96759716083709,29.97509447246095,35.0,0.12028302977866685,12.279455679603656
20.35330603899999,106.14208323299982,SAT_10111,21.04056335910178,197.10316889494752,99.061376796546,169.53754910200158,-63.949136684258406,29.982298558198153,35.0,0.12020120717882381,12.273684933276158
20.35330603899999,106.24208323299982,SAT_10111,21.0490932110594,197.15114931220913,99.06223321379414,169.53505101926316,-63.94060683230079,29.985625838305186,35.0,0.12016340406788714,12.271018247274917
20.35330603899999,106.34208323299981,SAT_10111,21.047684262221182,197.14322397499416,99.0620918263224,169.53546370097126,-63.942015781139006,29.985076305731432,35.0,0.12016964816386569,12.271458737735315
20.35330603899999,106.4420832329998,SAT_10111,21.036337863992337,197.07940048495692,99.06095214731137,169.5387863164892,-63.95336217936785,29.98064996164137,35.0,0.12021993488566957,12.275005889634365
20.35330603899999,106.5420832329998,SAT_10111,21.01506488673065,196.9597399878599,99.05881024695388,169.5450121848345,-63.97463515662954,29.972346815414586,35.0,0.12031422737983379,12.281655559829796
20.45330603899999,104.44208323299992,SAT_10096,20.939347535319328,196.53382988617122,99.05106522362173,169.56545518348233,-64.05035250804086,29.941831310682034,35.0,0.1206606474323496,12.306067987808216
20.45330603899999,104.54208323299991,SAT_10096,20.893736254192774,196.27726642983433,99.0463978536354,169.57875410538875,-64.09596378916741,29.923970058052547,35.0,0.12086302385944975,12.320316717971755
20.45330603899999,104.7420832329999,SAT_10096,20.77328390429787,195.59972196167553,99.03391771472606,169.61377173450106,-64.21641613906232,29.87667669712758,35.0,0.12139780038265714,12.357923301306188
20.45330603899999,104.8420832329999,SAT_10096,20.698553680014044,195.179364450079,99.02606020062892,169.6354224588936,-64.29114636334614,29.847244689269143,35.0,0.1217298233037725,12.38123877041792
20.45330603899999,104.94208323299989,SAT_10096,20.61424151536461,194.70510852392596,99.01708744191195,169.65978088238944,-64.37545852799558,29.813955877094617,35.0,0.12210463808322256,12.40752888461753
20.45330603899999,105.04208323299989,SAT_10096,20.520422547711036,194.17737683087455,99.0069659417,169.68680100678685,-64.46927749564915,29.77681033130914,35.0,0.12252198826073935,12.436764831910702
20.45330603899999,105.14208323299988,SAT_10096,20.417179052708633,193.59663217148608,98.9956571371211,169.7164325103603,-64.57252099065155,29.735808130814917,35.0,0.12298159259101087,12.468915018515158
20.45330603899999,105.24208323299987,SAT_10111,20.48762901015573,193.992913182126,99.00345809962582,169.69788920130324,-64.50207103320446,29.764680422445515,35.0,0.1226568751058453,12.446205379240883
20.45330603899999,105.34208323299987,SAT_10111,20.583978173391742,194.53487722532856,99.01390231194733,169.67017419088717,-64.40572186996845,29.802872951235504,35.0,0.12222825257689185,12.416192377739888
20.45330603899999,105.44208323299986,SAT_10111,20.670801902236562,195.02326070008067,99.02318266583558,169.64511852470343,-64.31889814112363,29.83719153834468,35.0,0.12184226370403388,12.389128891060835
20.45330603899999,105.54208323299986,SAT_10111,20.748022863820466,195.45762860899012,99.03133415093745,169.62276953406078,-64.24167717953972,29.86763611100774,35.0,0.12149917252982528,12.365044583956857
20.45330603899999,105.64208323299985,SAT_10111,20.8155712510477,195.83758828714332,99.03838692961858,169.60316998049086,-64.17412879231249,29.894206604677517,35.0,0.12119921706847452,12.343966199430676
20.45330603899999,105.74208323299985,SAT_10111,20.873385195361095,196.16279172390617,99.04436667053783,169.58635779113797,-64.11631484799909,29.91690296302361,35.0,0.120942608002422,12.325917411882303
20.45330603899999,105.84208323299984,SAT_10111,20.92141113906422,196.4329376572362,99.04929482751261,169.57236581977017,-64.06828890429597,29.93572513793125,35.0,0.12072952751180102,12.310918694945258
20.45330603899999,105.94208323299983,SAT_10111,20.95960416256773,196.6477734144435,99.05318886903841,169.56122163649195,-64.03009588079246,29.950673089500302,35.0,0.12056012824951982,12.298987205551287
20.45330603899999,106.04208323299983,SAT_10111,20.98792826238561,196.80709647591902,99.05606246276915,169.5529473489425,-64.00177178097458,29.961746786044436,35.0,0.12043453247335122,12.290136685603175
20.45330603899999,106.14208323299982,SAT_10111,21.006356576281576,196.91075574158387,99.05792561834818,169.54755945737753,-63.98334346707861,29.96894620409048,35.0,0.1203528313448369,12.284377382446726
20.45330603899999,106.24208323299982,SAT_10111,21.01487155260088,196.95865248337995,99.0587847911689,169.54506874561525,-63.97482849075931,29.972271328377932,35.0,0.12031508440304094,12.281715989118945
20.45330603899999,106.34208323299981,SAT_10111,21.01346506153402,196.95074097112885,99.05864294891266,169.54548020935104,-63.97623498182617,29.971722151858646,35.0,0.12032131921924553,12.282155605114527
20.45330603899999,106.4420832329998,SAT_10111,21.002138446819167,196.88702876335782,99.05749960203772,169.5487930228393,-63.98756159654102,29.96729867569669,35.0,0.1203715312366188,12.28569571816179
20.45330603899999,106.5420832329998,SAT_10111,20.980902517190643,196.76757665919737,99.05535079875446,169.55500054440404,-64.00879752616954,29.95900090926836,35.0,0.12046568379673223,12.292332207237125
20.55330603899999,104.54208323299991,SAT_10096,20.926280218382416,196.4603262284011,99.0497262343573,169.5692674225778,-64.06341982497777,29.936716837594986,35.0,0.12071861980572235,12.31015062018923
20.55330603899999,104.64208323299991,SAT_10096,20.87088752979166,196.1487423550781,99.04404328582004,169.58540808010213,-64.11881251356853,29.915012809912493,35.0,0.12096442922589924,12.327452814153
20.55330603899999,104.7420832329999,SAT_10096,20.80578236443408,195.7825257999417,99.03730336253903,169.6043385139276,-64.18391767892611,29.889454381502382,35.0,0.12125346858167205,12.347780077919243
20.55330603899999,104.8420832329999,SAT_10096,20.731024478919366,195.36201269392146,99.0294822392793,169.62602207765605,-64.25867556444082,29.86004160665901,35.0,0.12158553450477938,12.371109558939
20.55330603899999,104.94208323299989,SAT_10096,20.64668162507411,194.88758414104188,99.02055135277662,169.65041725199376,-64.34301841828608,29.826774547867945,35.0,0.12196039613381343,12.397415318026452
20.55330603899999,105.04208323299989,SAT_10096,20.55282914842597,194.3596639598961,99.01047748954109,169.6774779023035,-64.43687089493422,29.789653275807247,35.0,0.12237779637951496,12.42666847205843
20.55330603899999,105.14208323299988,SAT_10096,20.44954955028733,193.77871622036622,98.99922241568387,169.70715355910625,-64.54015049307286,29.7486778693489,35.0,0.12283745331155194,12.458837350003956
20.55330603899999,105.24208323299987,SAT_10111,20.443269315802823,193.74338990139088,98.99859719778888,169.71061779555396,-64.54643072755736,29.747057968848843,35.0,0.12285431624594406,12.46001658460631
20.55330603899999,105.34208323299987,SAT_10111,20.539423026717344,194.28425452528506,99.00909085955449,169.68300224094935,-64.45027701664284,29.785225632404508,35.0,0.12242642489306961,12.430073983204931
20.55330603899999,105.44208323299986,SAT_10111,20.626069416117346,194.77164046566006,99.01841480311292,169.65803703338975,-64.36363062724284,29.81952187647649,35.0,0.12204109848557339,12.403074371844008
20.55330603899999,105.54208323299986,SAT_10111,20.70313167764337,195.20511568674397,99.02660430319085,169.6357691693831,-64.28656836571682,29.849946628324897,35.0,0.12169859937992855,12.379047225278676
20.55330603899999,105.64208323299985,SAT_10111,20.770540483784572,195.5842902212882,99.03368976653088,169.61624110517477,-64.21915955957562,29.87649982342507,35.0,0.12139916405949387,12.358019113766424
20.55330603899999,105.74208323299985,SAT_10111,20.828234394425834,195.90881846864534,99.03969706876131,169.5994904949236,-64.16146564893435,29.899181405466276,35.0,0.12114300184300619,12.340013557634022
20.55330603899999,105.84208323299984,SAT_10111,20.876160225321684,196.17840126743448,99.04464783598101,169.58554995425823,-64.1135398180385,29.917991326350524,35.0,0.12093029372486402,12.32505089640593
20.55330603899999,105.94208323299983,SAT_10111,20.914273371923585,196.39278771707015,99.04855967649205,169.5744468522545,-64.0754266714366,29.93292954619159,35.0,0.12076119135977981,12.313148174013902
20.55330603899999,106.04208323299983,SAT_10111,20.942538084449524,196.5517767250286,99.05144636704136,169.5662031345729,-64.04716195891066,29.943996033314203,35.0,0.12063581620304004,12.304319041448924
20.55330603899999,106.14208323299982,SAT_10111,20.960927690642706,196.65521825986522,99.05331799700453,169.5608351801243,-64.02877235271748,29.951190764253372,35.0,0.12055425881605425,12.298573678030504
20.55330603899999,106.24208323299982,SAT_10111,20.969424763297937,196.70301429355092,99.05418107312262,169.5583536932141,-64.02027528006225,29.95451372375391,35.0,0.12051657834512082,12.29591873225695
20.55330603899999,106.34208323299981,SAT_10111,20.9680212303343,196.69511942063045,99.05403858666335,169.55876363264787,-64.02167881302589,29.95396490477013,35.0,0.12052280217942411,12.29635728296872
20.55330603899999,106.4420832329998,SAT_10111,20.95671842594524,196.63154114594198,99.05289004419518,169.56206417877937,-64.03298161741495,29.9495443084657,35.0,0.12057292579223776,12.299888821309043
20.55330603899999,106.5420832329998,SAT_10111,20.935527082136062,196.51233983701536,99.05073146251515,169.5682487389628,-64.05417296122413,29.941251944213644,35.0,0.12066691276718824,12.306509253707775
20.65330603899999,104.64208323299991,SAT_10096,20.892206715124075,196.2686627725729,99.04623135643801,169.57919970335456,-64.09749332823611,29.923370645196815,35.0,0.12086981159518667,12.32079445848317
20.65330603899999,104.7420832329999,SAT_10096,20.827100295712256,195.90243916338144,99.03951348829068,169.5981447515578,-64.16259974764793,29.897828998264167,35.0,0.12115881055677132,12.34112518379753
20.65330603899999,104.8420832329999,SAT_10096,20.75234120060938,195.48191925342778,99.03171813201307,169.61984497694652,-64.23735884275081,29.868435535675022,35.0,0.1214908293275265,12.364458572151781
20.65330603899999,104.94208323299989,SAT_10096,20.667997275557326,195.00748467500998,99.02281689673738,169.64425879729592,-64.32170276780286,29.835190319891183,35.0,0.12186563677592543,12.390768653622192
20.65330603899999,105.04208323299989,SAT_10096,20.57414396957698,194.4795598288705,99.01277677099854,169.67134000867247,-64.41555607378321,29.798093421563813,35.0,0.12228297551358322,12.420026511160952
20.65330603899999,105.14208323299988,SAT_10096,20.47086389615258,193.89860941585823,99.00155975551971,169.70103806655348,-64.51883614720761,29.757144919534877,35.0,0.1227425632841602,12.45220043690485
20.65330603899999,105.24208323299987,SAT_10111,20.387912830488816,193.43200967149957,98.99248538028506,169.72647399324666,-64.60178721287137,29.7250330155532,35.0,0.12310079201831774,12.477245443159608
20.65330603899999,105.34208323299987,SAT_10111,20.483838933021886,193.9715939982481,99.00304344272983,169.69897750414572,-64.5058611103383,29.763175710916045,35.0,0.12267374192861114,12.447385575180023
20.65330603899999,105.44208323299986,SAT_10111,20.570278761226348,194.45781803189823,99.01242414837867,169.67412058572512,-64.41942128213384,29.797449519436803,35.0,0.12228917794039451,12.420461037905138
20.65330603899999,105.54208323299986,SAT_10111,20.647156136001854,194.89025326501044,99.02066314584323,169.65194983520402,-64.34254390735833,29.827854368400796,35.0,0.12194736040429187,12.396501080150816
20.65330603899999,105.64208323299985,SAT_10111,20.714402301136275,195.26851294389155,99.02779116224933,169.6325073447778,-64.27529774222391,29.854390193305733,35.0,0.12164852398271735,12.375532066769136
20.65330603899999,105.74208323299985,SAT_10111,20.771956326844858,195.59225433850236,99.03383434447517,169.61583044310586,-64.21774371651533,29.877056937860388,35.0,0.12139287637246483,12.357577334897393
20.65330603899999,105.84208323299984,SAT_10111,20.819765473676696,195.86118078943142,99.03881454434156,169.60195146189122,-64.16993456968349,29.895854553983433,35.0,0.12118059715779567,12.342657064617917
20.65330603899999,105.94208323299983,SAT_10111,20.857785512285886,196.0750435066081,99.04274955327772,169.5908975305461,-64.1319145310743,29.910783001802464,35.0,0.12101183680641167,12.33078816552425
20.65330603899999,106.04208323299983,SAT_10111,20.885980995026628,196.23364309702478,99.04565329089746,169.58269040163412,-64.10371904833356,29.921842249653167,35.0,0.12088671581938032,12.321984180533216
20.65330603899999,106.14208323299982,SAT_10111,20.90432547587939,196.33683080182155,99.04753595097561,169.57734630941616,-64.0853745674808,29.929032274078683,35.0,0.1208053240445425,12.316255208098772
20.65330603899999,106.24208323299982,SAT_10111,20.912801675835425,196.38450942657425,99.04840410747882,169.57487586341702,-64.07689836752476,29.932353059829108,35.0,0.12076772016120726,12.31360784377564
20.65330603899999,106.34208323299981,SAT_10111,20.911401591557578,196.3766339525114,99.04826078255265,169.57528397846903,-64.07829845180261,29.9318045998612,35.0,0.12077393134205308,12.314045141852715
20.65330603899999,106.4420832329998,SAT_10111,20.90012654587258,196.31321182053327,99.0471054776732,169.57856984219717,-64.0895734974876,29.92738689533821,35.0,0.12082395309614756,12.317566597532487
20.65330603899999,106.5420832329998,SAT_10125,20.91202165379157,196.38012180257758,99.04820098069092,169.5717290009173,-64.07767838956862,29.93021033989551,35.0,0.12079270747683324,12.315367021070008
20.65330603899999,106.6420832329998,SAT_10125,20.92105240629006,196.43091978538158,99.04912497503452,169.56909560570006,-64.06864763707013,29.93374602047837,35.0,0.12075263052873378,12.312545421319705
20.753306038999987,103.54208323299997,SAT_10096,20.970552950118915,196.70936034441888,99.05422371256196,169.55634424119606,-64.01914709324127,29.954036307460488,35.0,0.12052222949208465,12.296316930013615
20.753306038999987,103.64208323299997,SAT_10096,21.01360641044794,196.95153605876968,99.0585788532021,169.5437575610029,-63.976093632912246,29.970855310916107,35.0,0.12033131053168176,12.282860072293767
20.753306038999987,103.74208323299996,SAT_10096,21.046846691217716,197.13851263809968,99.06192239965354,169.53402665270755,-63.94285335214247,29.9838248931009,35.0,0.12018395020020606,12.272467642335616
20.753306038999987,104.54208323299991,SAT_10096,20.95767451664858,196.63691915614825,99.05291556164435,169.56010553235961,-64.0320255267116,29.949000795237964,35.0,0.12057935045699338,12.30034143913296
20.753306038999987,104.64208323299991,SAT_10096,20.902299366040793,196.32543393397944,99.04726208209107,169.57625898428876,-64.0874006773194,29.92732532735704,35.0,0.12082502421245994,12.317641996175219
20.753306038999987,104.7420832329999,SAT_10096,20.837215026704797,195.9593345252145,99.04055731552423,169.59520436341205,-64.15248501665539,29.901800530722475,35.0,0.12111390336474985,12.337967280601069
20.753306038999987,104.8420832329999,SAT_10096,20.762481337133238,195.53895752137447,99.03277726977196,169.61690496607687,-64.22721870622695,29.872426459587473,35.0,0.12144578433339866,12.36129441540415
20.753306038999987,104.94208323299989,SAT_10096,20.678166141232097,195.06468454443055,99.02389365831523,169.64131920863343,-64.31153390212809,29.83920317639022,35.0,0.12182043601699825,12.387597433867876
20.753306038999987,105.04208323299989,SAT_10096,20.584344885975554,194.5369399836125,99.01387359207926,169.66840088557777,-64.40535515738463,29.802130751755175,35.0,0.12223760106010934,12.416847422501935
20.753306038999987,105.14208323299988,SAT_10096,20.481100182598283,193.95618852711536,99.00267921405478,169.698099450688,-64.5085998607619,29.761209264494482,35.0,0.12269699724177659,12.449012677326602
20.753306038999987,105.24208323299987,SAT_10096,20.36852133652974,193.32293251797978,98.99026726945095,169.7303603177005,-64.62117870683045,29.71643880160959,35.0,0.12319831897121564,12.484058871768335
20.753306038999987,105.34208323299987,SAT_10111,20.417282703383563,193.59721520653258,98.99573513441649,169.71806519009397,-64.57241733997662,29.736723230735475,35.0,0.12297000984804779,12.468105370770093
20.753306038999987,105.44208323299986,SAT_10111,20.503487427916298,194.08211678202917,99.00518620752956,169.69333395700372,-64.48621261544389,29.77097451123337,35.0,0.12258630608221938,12.441266863591316
20.753306038999987,105.54208323299986,SAT_10111,20.5801543415526,194.5133681712334,99.01348656092462,169.67127591507906,-64.40954570180759,29.801359375280803,35.0,0.12224525768167775,12.41738390432765
20.753306038999987,105.64208323299985,SAT_10111,20.647215347757026,194.89058633113328,99.02066732112691,169.6519327359132,-64.34248469560316,29.827877758397687,35.0,0.12194709720709476,12.396482620880565
20.753306038999987,105.74208323299985,SAT_10111,20.704610105960313,195.21343184602674,99.02675497306848,169.6353413721441,-64.28508993739987,29.850529604312158,35.0,0.12169203048343068,12.3785861390845
20.753306038999987,105.84208323299984,SAT_10111,20.752286390212433,195.48161094494492,99.03177164981405,169.62153382751376,-64.23741365314775,29.869314864959435,35.0,0.12148023546771673,12.363714455125715
20.753306038999987,105.94208323299983,SAT_10111,20.790200404292733,195.69487727414662,99.03573537091678,169.61053695462365,-64.19949963906745,29.884233500480825,35.0,0.1213118612580187,12.35188432366662
20.753306038999987,106.04208323299983,SAT_10111,20.81831704931183,195.85303340237903,99.03866023393093,169.60237228302677,-64.17138299404836,29.89528547922291,35.0,0.12118702725445152,12.343109162990045
20.753306038999987,106.14208323299982,SAT_10111,20.836610140383925,195.9559320396596,99.04055656264292,169.5970558799338,-64.15308990297626,29.90247077773689,35.0,0.12110582248160351,12.337398978297749
20.753306038999987,106.24208323299982,SAT_10125,20.882053553155075,196.2115512364973,99.04512120958184,169.58046177640642,-64.10764649020511,29.91847007446762,35.0,0.12092572026407082,12.324729068002235
20.753306038999987,106.34208323299981,SAT_10125,20.920477127600208,196.42768384275118,99.04906115638393,169.5692633837845,-64.06922291575998,29.93352082022862,35.0,0.12075518343702527,12.312725168767097
20.753306038999987,106.4420832329998,SAT_10125,20.94913029784874,196.58885792539917,99.0519845910879,169.56090263846832,-64.04056974551145,29.944732452856563,35.0,0.12062804296383596,12.303771516935841
20.753306038999987,106.5420832329998,SAT_10125,20.96798621453054,196.6949224567343,99.05390164227596,169.55539602759816,-64.02171382882965,29.952104948499677,35.0,0.12054439001941814,12.297878359711746
20.753306038999987,106.6420832329998,SAT_10125,20.977027132335166,196.74577761938534,99.0548189157702,169.55275445056873,-64.01267291102502,29.955638291473896,35.0,0.12050428483719428,12.295052467092987
20.753306038999987,106.74208323299979,SAT_10125,20.976244521252355,196.7413754320445,99.0547395622556,169.55298314738255,-64.01345552210783,29.955332474262555,35.0,0.1205077563634662,12.295297092624372
20.753306038999987,107.04208323299977,SAT_10096,21.015377627424186,196.96149915426105,99.0587574294926,169.54323933539376,-63.974322415936,29.971546747306224,35.0,0.12032345746425702,12.282306370384202
20.85330603899999,103.24208323299999,SAT_10096,20.781900261314277,195.64818896989283,99.03480371118488,169.61127174644923,-64.20779978204591,29.880065738297436,35.0,0.12135953012049686,12.355234243773612
20.85330603899999,103.34208323299998,SAT_10096,20.854065348431476,196.05411758492704,99.04229513182145,169.5903035837455,-64.13563469492871,29.908413955280412,35.0,0.12103909914213286,12.332705967321475
20.85330603899999,103.44208323299998,SAT_10096,20.916571278018495,196.40571343885404,99.04871866476462,169.5720987549315,-64.07312876534169,29.93291543431443,35.0,0.12076169662221514,12.313183748102418
20.85330603899999,103.54208323299997,SAT_10096,20.96936045124839,196.7026525382722,99.05409719339777,169.55669259579258,-64.0203395921118,29.953570123307053,35.0,0.12052751846540977,12.296689601160864
20.85330603899999,103.64208323299997,SAT_10096,21.012383710863986,196.94465837360994,99.05844962857361,169.54411528155217,-63.9773163324962,29.970377978346395,35.0,0.1203367316918009,12.283242297598623
20.85330603899999,103.74208323299996,SAT_10096,21.04560064290122,197.13150361631935,99.06179110745079,169.53439163279762,-63.94409940045897,29.983338963700245,35.0,0.12018947349509325,12.272857257866496
20.85330603899999,104.34208323299993,SAT_10096,21.037859440273238,197.08795935153697,99.06101384040143,169.53665874872394,-63.95184060308695,29.98031964191493,35.0,0.1202237886967879,12.275277707581155
20.85330603899999,104.44208323299992,SAT_10096,21.00207354839138,196.8866637097015,99.0574091298932,169.5471310717038,-63.98762649496881,29.9663522259504,35.0,0.12038244649846291,12.286465202716942
20.85330603899999,104.54208323299991,SAT_10096,20.956491042659522,196.6302621149598,99.05278985785093,169.56045109337816,-64.03320900070067,29.948537948858707,35.0,0.12058459991159846,12.3007112562696
20.85330603899999,104.64208323299991,SAT_10096,20.9011546508477,196.31899491101834,99.0471399166588,169.57659257529983,-64.08854539251249,29.92687684851198,35.0,0.12083010385709729,12.317999561867536
20.85330603899999,104.7420832329999,SAT_10096,20.83611576983813,195.95315120533948,99.04043937712868,169.59552397211652,-64.15358427352206,29.901368970962228,35.0,0.12111878366075321,12.338310488707009
20.85330603899999,104.8420832329999,SAT_10096,20.76143415123576,195.53306710070115,99.03266427823873,169.6172086337421,-64.22826589212443,29.87201437044227,35.0,0.12145043603542492,12.361621192789169
20.85330603899999,104.94208323299989,SAT_10096,20.677177541177358,195.05912366912264,99.02378637062192,169.64160503673807,-64.31252250218283,29.838813109366843,35.0,0.12182483021040416,12.387905744601198
20.85330603899999,105.04208323299989,SAT_10096,20.58342127884717,194.53174469351532,99.01377280896688,169.66866704190207,-64.40627876451302,29.801765258333877,35.0,0.12224170919564825,12.417135271749169
20.85330603899999,105.14208323299988,SAT_10096,20.480247858592605,193.9513942045834,99.00258578737191,169.6983441748119,-64.50945218476758,29.760870896125898,35.0,0.12270079116739055,12.449278114914197
20.85330603899999,105.24208323299987,SAT_10096,20.36774646083616,193.3185738422034,98.9901821103738,169.7305819258747,-64.62195358252403,29.71613010971165,35.0,0.12320177096073706,12.484299995400242
20.85330603899999,105.34208323299987,SAT_10111,20.339821621601317,193.1614966215074,98.98713530255365,169.74022412057093,-64.64987842175887,29.705868244609384,35.0,0.12331499885321533,12.492207546944107
20.85330603899999,105.44208323299986,SAT_10111,20.425763487447426,193.64491961689177,98.99667088805235,169.7156354655903,-64.56393655591276,29.740096904654898,35.0,0.12293225061599718,12.46546574436136
20.85330603899999,105.54208323299986,SAT_10111,20.5021950752448,194.074847298252,99.00504492452455,169.69370527340942,-64.48750496811539,29.770461701790985,35.0,0.12259205667113886,12.441669339825818
20.85330603899999,105.64208323299985,SAT_10111,20.569049032692448,194.45090080889503,99.01228902071497,169.6744747409988,-64.42065101066774,29.796962571559597,35.0,0.12229464720742837,12.42084419402111
20.85330603899999,105.74208323299985,SAT_10111,20.626265683878813,194.77274447181833,99.01843006960102,169.6579803967374,-64.36343435948137,29.8195994577081,35.0,0.12204022593766826,12.403013194514408
20.85330603899999,105.84208323299984,SAT_10125,20.676028624509655,195.0526610128668,99.02360070432746,169.64024860443521,-64.31367141885053,29.837455701252235,35.0,0.12184096184118526,12.38903755382637
20.85330603899999,105.94208323299983,SAT_10125,20.75314684492173,195.48645100268473,99.03173286864332,169.61792035594175,-64.23655319843846,29.867842298895056,35.0,0.12149820934046518,12.364976932051304
20.85330603899999,106.04208323299983,SAT_10125,20.82068247876967,195.86633894307937,99.03877709124704,169.5983166461387,-64.16901756459052,29.894392510683762,35.0,0.12119820751727998,12.343895221618302
20.85330603899999,106.14208323299982,SAT_10125,20.878574194513234,196.19197984413697,99.04475875253895,169.5814750711966,-64.11112584884695,29.91710628011162,35.0,0.12094116525832457,12.325815892503666
20.85330603899999,106.24208323299982,SAT_10125,20.926768817367247,196.4630745976908,99.0496990979444,169.56742824849601,-64.06293122599294,29.9359835588393,35.0,0.12072726346934713,12.31075927286688
20.85330603899999,106.34208323299981,SAT_10125,20.965221651238906,196.67937178821882,99.05361546307792,169.5562036097584,-64.02447839212128,29.95102430669387,35.0,0.12055665406676447,12.298742434989991
20.85330603899999,106.4420832329998,SAT_10125,20.993896752824803,196.84066923463953,99.05652145510602,169.54782322475614,-63.995803290535385,29.96222849166802,35.0,0.12042945912185753,12.2897790983254
20.85330603899999,106.5420832329998,SAT_10125,21.01276715434996,196.9468152432185,99.0584270936101,169.54230365794697,-63.97693288901023,29.969596089919403,35.0,0.12034577016712966,12.28387955081553
20.85330603899999,106.6420832329998,SAT_10125,21.02181503203959,196.99770955522268,99.05933891346744,169.53965585997582,-63.9678850113206,29.973127085770145,35.0,0.12030564767270259,12.281050589442213
20.85330603899999,106.74208323299979,SAT_10125,21.02103181810734,196.99330397685378,99.05926003156591,169.53988509552312,-63.96866822525285,29.972821471706553,35.0,0.12030912069875957,12.281295480737523
20.85330603899999,106.84208323299978,SAT_10125,21.01041825476704,196.9336026830646,99.0581901785167,169.54299090849815,-63.97928178859315,29.968679248378947,35.0,0.12035618672805463,12.284613941745889
20.85330603899999,106.94208323299978,SAT_10125,20.989984389548916,196.81866219121267,99.05612569591615,169.54896712505774,-63.99971565381127,29.960700424601686,35.0,0.12044681168043259,12.29100214167478
20.85330603899999,107.34208323299976,SAT_10096,21.08618394748826,197.35978470462146,99.06585145564554,169.5224961029095,-63.90351609587193,29.99915549108487,35.0,0.12000960876147686,12.260165875285816
20.95330603899999,103.142083233,SAT_10096,20.68797263655769,195.11984608063702,99.02492760317618,169.63848337507642,-64.3017274068025,29.843071821530692,35.0,0.12177684920602751,12.384539004050737
20.95330603899999,103.24208323299999,SAT_10096,20.769645335136715,195.57925501014404,99.03351999337623,169.61482721695535,-64.22005470822347,29.875245274817317,35.0,0.1214139621230707,12.359058803962371
20.95330603899999,103.34208323299998,SAT_10096,20.841734319686893,195.98475554823878,99.04101660818571,169.59389024963934,-64.1479657236733,29.903574612311466,35.0,0.12109383978694725,12.336556246558475
20.95330603899999,103.44208323299998,SAT_10096,20.9041740862406,196.3359792351034,99.04744457609478,169.5757126272976,-64.08552595711959,29.92805977376157,35.0,0.12081670528318325,12.31705639830037
20.95330603899999,103.54208323299997,SAT_10096,20.956907201859224,196.6326030104581,99.05282680468034,169.5603295812461,-64.03279284150096,29.94870070709464,35.0,0.12058275397738212,12.300581213372128
20.95330603899999,103.64208323299997,SAT_10096,20.999884651759032,196.87435116614458,99.05718222482868,169.54777119691306,-63.989815391601155,29.965497368415168,35.0,0.12039215242759527,12.28714941067567
20.95330603899999,103.74208323299996,SAT_10096,21.033066139723815,197.06099703594646,99.06052598976278,169.53806222062553,-63.95663390363637,29.978449722004274,35.0,0.12024503744632362,12.27677636756879
20.95330603899999,103.84208323299995,SAT_10096,21.05642033795901,197.19236440101946,99.06286963252137,169.5312218987797,-63.933279705401176,29.98755774031897,35.0,0.12014151532262811,12.269474031617817
20.95330603899999,103.94208323299995,SAT_10096,21.069925083131167,197.2683285926128,99.06422118471974,169.5272638515691,-63.91977496022902,29.992821403991602,35.0,0.1200816612131733,12.265250851438338
20.95330603899999,104.04208323299994,SAT_10096,21.07356751600716,197.2888172775403,99.0645852586943,169.52619598299776,-63.91613252735303,29.994240701829458,35.0,0.12006551870919717,12.264111727475521
20.95330603899999,104.14208323299994,SAT_10096,21.06734416283397,197.25381091594107,99.06396309446738,169.5280204284205,-63.92235588052622,29.99181563081455,35.0,0.12009309958442531,12.266057983335863
20.95330603899999,104.24208323299993,SAT_10096,21.05126095736737,197.16334288519144,99.0623525723478,169.5327335403406,-63.93843908599282,29.985546196103545,35.0,0.1201643837268673,12.271087358028907
20.95330603899999,104.34208323299993,SAT_10096,21.025333203254803,197.01749926830828,99.05974819138493,169.5403259126618,-63.964366840105384,29.975432411027874,35.0,0.12027931925529259,12.279194019216142
20.95330603899999,104.44208323299992,SAT_10096,20.989585477275625,196.81641830967538,99.05614101330329,169.5507824430585,-64.00011456608456,29.961474297093996,35.0,0.12043782281902532,12.29036859730104
20.95330603899999,104.54208323299991,SAT_10096,20.944051474737904,196.56028954540074,99.05151857094359,169.56408243259406,-64.04564856862228,29.94367188398384,35.0,0.12063978007756769,12.304598239934496
20.95330603899999,104.64208323299991,SAT_10096,20.88877379908004,196.24935261982523,99.04586473960326,169.5801997212214,-64.10092624428015,29.922025209555397,35.0,0.12088504635450585,12.321866686259657
20.95330603899999,104.7420832329999,SAT_10096,20.82380369845025,195.88389580378268,99.03915956899245,169.59910285731087,-64.16589634490994,29.896534319843493,35.0,0.1211734474582103,12.342154359984356
20.95330603899999,104.8420832329999,SAT_10096,20.749200752679457,195.46425423382195,99.03137907277033,169.62075529892755,-64.24049929068073,29.867199269060716,35.0,0.12150478066005582,12.365438480153848
20.95330603899999,104.94208323299989,SAT_10096,20.66503251463368,194.99080789481445,99.0224949717839,169.64511564420178,-64.32466752872651,29.83402011959851,35.0,0.1218788158192835,12.391693188303947
20.95330603899999,105.04208323299989,SAT_10096,20.571374110434476,194.46397937119391,99.01247438616608,169.6721378878015,-64.41832593292571,29.796996942028443,35.0,0.12229529664224176,12.420889690510396
20.95330603899999,105.14208323299988,SAT_10096,20.468307803405807,193.88423139415767,99.00127947032577,169.70177170028037,-64.52139223995438,29.756129815103623,35.0,0.12275394206259169,12.452996412715036
20.95330603899999,105.24208323299987,SAT_10096,20.355922526922726,193.25206421394034,98.9888669835429,169.7339627268633,-64.63377751643746,29.7114188257603,35.0,0.12325444772815983,12.487979167606309
20.95330603899999,105.34208323299987,SAT_10111,20.251532991179744,192.66487307538605,98.97720722761036,169.76540701970129,-64.73816705218044,29.670610814067096,35.0,0.12370844461763858,12.519662401928604
20.95330603899999,105.44208323299986,SAT_10111,20.33718513121059,193.14666636305958,98.98684212507852,169.74097726826147,-64.6525149121496,29.704816761272554,35.0,0.1233267443937951,12.493027660766883
20.95330603899999,105.54208323299986,SAT_10125,20.421215448782576,193.619336899402,98.99603882568634,169.71359559037757,-64.56848459457761,29.73653031752312,35.0,0.12297486078668436,12.468444460936487
20.95330603899999,105.64208323299985,SAT_10125,20.526675885217884,194.21255185435064,99.00757613670983,169.68331897598142,-64.4630241581423,29.778397690011275,35.0,0.12250531430637016,12.435597557865794
20.95330603899999,105.74208323299985,SAT_10125,20.622780179488615,194.75313850962345,99.01792787360685,169.6556303938965,-64.36691986387157,29.816431455612374,35.0,0.12207773870721482,12.405643186880237
20.95330603899999,105.84208323299984,SAT_10125,20.709444640417075,195.24062610234606,99.02713333151556,169.63058102631322,-64.28025540294311,29.8506315333419,35.0,0.12169242013391307,12.37861348983788
20.95330603899999,105.94208323299983,SAT_10125,20.786592540907222,195.67458304260313,99.03522673276233,169.60821784099326,-64.20310750245297,29.880997850383416,35.0,0.12134962051757339,12.354537891325544
20.95330603899999,106.04208323299983,SAT_10125,20.854154559182234,196.05461939540007,99.0422376084083,169.58858330876308,-64.13554548417795,29.907530342087092,35.0,0.12104957617634844,12.333442941325613
20.95330603899999,106.14208323299982,SAT_10125,20.912069185510617,196.38038916849723,99.04819112094273,169.57171514272028,-64.07763085784957,29.93022895196841,35.0,0.12079249653201794,12.315352170565696
20.95330603899999,106.24208323299982,SAT_10125,20.96028308951712,196.65159237853382,99.05310833441972,169.55764606241166,-64.02941695384307,29.949093631707015,35.0,0.12057856295605382,12.300285960182364
20.95330603899999,106.34208323299981,SAT_10125,20.998751443544393,196.86797686993722,99.05700643716638,169.54640358599812,-63.990948599815795,29.964124341145773,35.0,0.12040792775762757,12.288261427205823
20.95330603899999,106.4420832329998,SAT_10125,21.027438197971684,197.0293398635907,99.05989892118683,169.53800985313615,-63.962261845388504,29.97532104828994,35.0,0.12028071332471449,12.279292327217588
20.95330603899999,106.5420832329998,SAT_10125,21.046316304953024,197.13552921536075,99.06179572151554,169.53248148093456,-63.943383738407164,29.982683729306522,35.0,0.12019701142792709,12.273388975351203
20.95330603899999,106.6420832329998,SAT_10125,21.055367887651478,197.18644436803956,99.06270331800333,169.52982945493824,-63.93433215570871,29.98621236852382,35.0,0.12015688269499417,12.2705581865993
20.95330603899999,106.74208323299979,SAT_10125,21.054584352733876,197.18203698412805,99.0626248013248,169.5300590566327,-63.93511569062631,29.98590695843108,35.0,0.12016035626192585,12.270803236162777
20.95330603899999,106.84208323299978,SAT_10125,21.04396644462779,197.12231125103133,99.06155990435585,169.53316982847105,-63.945733598732396,29.981767499678377,35.0,0.12020742960490573,12.274123840334815
20.95330603899999,107.04208323299977,SAT_10096,21.01902910518573,196.98203871666973,99.0591134513586,169.54217087755933,-63.97067093817446,29.972972064026266,35.0,0.12030726819205084,12.281164856449342
20.95330603899999,107.14208323299977,SAT_10096,21.049963880789967,197.15604682944357,99.06222252071348,169.53311352608233,-63.93973616257022,29.98504043819444,35.0,0.120170133021054,12.271492941661265
20.95330603899999,107.44208323299975,SAT_10096,21.083708346071937,197.34585944665466,99.06559784307115,169.52322222511324,-63.90599169728825,29.99819126650258,35.0,0.12002057901233162,12.260940159665248
21.053306038999988,103.042083233,SAT_10096,20.573595879464847,194.47647682198976,99.0127124452359,169.67149789639973,-64.41610416389534,29.797876461508363,35.0,0.12228541355595796,12.420197315448021
21.053306038999988,103.142083233,SAT_10096,20.66465184901776,194.9886666507249,99.02245221855785,169.64522565406057,-64.32504819434243,29.8338698618274,35.0,0.12188050798621984,12.39181189412303
21.053306038999988,103.24208323299999,SAT_10096,20.746209922176035,195.4474308122402,99.03106213405657,169.62162215757246,-64.24349012118415,29.866021787006485,35.0,0.1215180676238717,12.366371682994316
21.053306038999988,103.34208323299998,SAT_10096,20.818197223165868,195.85235938030803,99.0385739440213,169.60073203797506,-64.17150282019432,29.894332168639668,35.0,0.12119834104979338,12.343904609809128
21.053306038999988,103.44208323299998,SAT_10096,20.88054852761266,196.20308546782124,99.04501486996551,169.58259527230538,-64.10915151574753,29.91880094649774,35.0,0.12092155045014659,12.324435639489735
21.053306038999988,103.54208323299997,SAT_10096,20.93320664954109,196.49928740366863,99.05040789778334,169.5672469352792,-64.0564933938191,29.939428068527008,35.0,0.1206878903981326,12.30798663666877
21.053306038999988,103.64208323299997,SAT_10096,20.976122786269684,196.740690672767,99.05477202292539,169.5547169777274,-64.0135772570905,29.956213490848242,35.0,0.1204975267727267,12.294576243438627
21.053306038999988,103.74208323299996,SAT_10096,21.009256816874498,196.92706959491906,99.05812245019476,169.54503003466843,-63.98044322648569,29.9691571777558,35.0,0.12035059582621645,12.284219773746846
21.053306038999988,103.84208323299995,SAT_10096,21.032577550409428,197.05824872105305,99.06047075182886,169.5382052655578,-63.95712249295076,29.9782591017169,35.0,0.12024720341093723,12.27692912569893
21.053306038999988,103.94208323299995,SAT_10096,21.04606292065713,197.13410392869636,99.06182498671157,169.53425622886752,-63.94363712270306,29.98351924337107,35.0,0.12018742437395741,12.272712712832645
21.053306038999988,104.04208323299994,SAT_10096,21.049700124845145,197.15456320225397,99.06218978282803,169.5331907927098,-63.93999991851504,29.984937591529746,35.0,0.12017130212664869,12.271575415208336
21.053306038999988,104.14208323299994,SAT_10096,21.04348570448721,197.11960708774058,99.06156638440642,169.5350110827332,-63.94621433887298,29.98251414317605,35.0,0.1201988483941182,12.273518550921702
21.053306038999988,104.24208323299993,SAT_10096,21.027425567264693,197.0292688158639,99.05995266456576,169.53971346801822,-63.962274476095494,29.97624890346475,35.0,0.12027004314741625,12.278539868394608
21.053306038999988,104.34208323299993,SAT_10096,21.001534949660027,196.88363409183765,99.05734310368904,169.54728858516302,-63.98816509370016,29.966141885722326,35.0,0.12038483471931008,12.286633559540158
21.053306038999988,104.44208323299992,SAT_10096,20.965838320838017,196.68284055471383,99.05372873314671,169.55772140022952,-64.02386172252217,29.952193111447272,35.0,0.12054314010227424,12.297790293637648
21.053306038999988,104.54208323299991,SAT_10096,20.920369229060498,196.4270769134653,99.0490970433909,169.57099130768992,-64.06933081429969,29.934402610310517,35.0,0.1207448454252365,12.311997271495052
21.053306038999988,104.64208323299991,SAT_10096,20.86517009267277,196.1165817712843,99.04343185480671,169.5870722650109,-64.12452995068742,29.91277042015602,35.0,0.12098980660357862,12.329238299228953
21.053306038999988,104.7420832329999,SAT_10096,20.800291938400335,195.7516421535019,99.03671314902331,169.60593296104847,-64.18940810495985,29.887296587001533,35.0,0.1212778501549659,12.34949388075795
21.053306038999988,104.8420832329999,SAT_10096,20.725794090347094,195.3325917582024,99.02891685763522,169.6275370159894,-64.2639059530131,29.85798116503955,35.0,0.12160877417180507,12.372741327891449
21.053306038999988,104.94208323299989,SAT_10096,20.641743813649754,194.85980895177988,99.02001460443604,169.651843210204,-64.34795622971043,29.824824216638373,35.0,0.12198234943954178,12.398954886705276
21.053306038999988,105.04208323299989,SAT_10096,20.548215917229314,194.3337145344149,99.00997339629592,169.67880573905376,-64.44148412613087,29.78782581234339,35.0,0.12239832068863139,12.428105878731866
21.053306038999988,105.14208323299988,SAT_10096,20.445292320468212,193.7547693026337,98.99875525668483,169.70837449044467,-64.54440772289198,29.74698603087848,35.0,0.12285640796687348,12.460162855358904
21.053306038999988,105.24208323299987,SAT_10096,20.333061588936673,193.12347143776879,98.98631679451636,169.7404953417257,-64.65663845442351,29.70230495914764,35.0,0.12335630811790439,12.49509176372755
21.053306038999988,105.34208323299987,SAT_10096,20.21161844447846,192.44035375019132,98.97260869940632,169.77511047241666,-64.77808159888173,29.653782692236685,35.0,0.12389769635099987,12.532856122350758
21.053306038999988,105.44208323299986,SAT_10125,20.328749101680273,193.09921369695155,98.98576783873769,169.74004953021552,-64.66095094167991,29.6997092445089,35.0,0.12338684790929207,12.497223808064
21.053306038999988,105.54208323299986,SAT_10125,20.443477113380254,193.74455876276394,98.99849011015715,169.70721384090612,-64.54622292997993,29.74537948923302,35.0,0.12287571421343926,12.461512864093388
21.053306038999988,105.64208323299985,SAT_10125,20.54893955675827,194.33778500676527,99.00998681079591,169.67691293004043,-64.44076048660192,29.78721878694871,35.0,0.12240623474216494,12.42866010876803
21.053306038999988,105.74208323299985,SAT_10125,20.645046118195694,194.8783844148508,99.02030246768747,169.64920197944664,-64.3446539251645,29.82522704853663,35.0,0.12197871873188934,12.398700275522597
21.053306038999988,105.84208323299984,SAT_10125,20.73171298546255,195.36588554322688,99.02947612510629,169.62413225213496,-64.25798705789764,29.859404193043922,35.0,0.12159345268097874,12.37166554612563
21.053306038999988,105.94208323299983,SAT_10125,20.80886331931552,195.7998561711498,99.03754178885713,169.6017507908081,-64.18083672404467,29.889750147682605,35.0,0.12125069884635863,12.347585382072817
21.053306038999988,106.04208323299983,SAT_10125,20.87642769570023,196.17990578831382,99.04452880464629,169.58210013469213,-64.11327234765996,29.91626484782811,35.0,0.12095069384185121,12.326486366954088
21.053306038999988,106.14208323299982,SAT_10125,20.93434451337893,196.5056878877565,99.05046217812742,169.5652180581233,-64.05535552998126,29.93894823701797,35.0,0.12069364735262053,12.308392061523307
21.053306038999988,106.24208323299982,SAT_10125,20.982560362068725,196.77690203663659,99.05536284285043,169.55113733415635,-64.00713968129146,29.957800266950716,35.0,0.12047974097928722,12.293322873106538
21.053306038999988,106.34208323299981,SAT_10125,21.021030346536662,196.99329569926874,99.05924788118627,169.53988552622477,-63.968669696823525,29.972820897484883,35.0,0.12030912722420418,12.281295940859438
21.053306038999988,106.4420832329998,SAT_10125,21.049718362548845,197.15466578933726,99.06213070230811,169.53148481058844,-63.93998168081134,29.98401009663822,35.0,0.12018192863107575,12.27232503823004
21.053306038999988,106.5420832329998,SAT_10125,21.068597321127413,197.2608599313417,99.06402118044882,169.52595183193225,-63.921102722232774,29.991367840587046,35.0,0.1200982370875773,12.2664204938
21.053306038999988,106.6420832329998,SAT_10125,21.077649318175645,197.311777414738,99.06492575589108,169.523297594081,-63.91205072518454,29.99489411366576,35.0,0.12005811329891207,12.263589131470413
21.053306038999988,106.74208323299979,SAT_10125,21.07686574723583,197.30736982820153,99.06484750046137,169.52352738732242,-63.91283429612436,29.994588908366563,35.0,0.12006158643836125,12.263834230730149
21.053306038999988,106.84208323299978,SAT_10125,21.066247353873294,197.24764136553728,99.06378614866402,169.5266407533465,-63.92345268948689,29.990452225339258,35.0,0.1201086539788789,12.267155507500775
21.053306038999988,106.94208323299978,SAT_10125,21.04580423096067,197.13264879915377,99.06173809499303,169.53263148828572,-63.94389581239952,29.982484073391298,35.0,0.12019928170769133,12.273549115797412
21.053306038999988,107.04208323299977,SAT_10125,21.015555754924684,196.96250112145134,99.05869635737513,169.54148768381512,-63.974144288435504,29.970684469487956,35.0,0.12033340392373179,12.283007670184615
21.053306038999988,107.14208323299977,SAT_10096,21.034835722167948,197.07095093719474,99.0606977110536,169.53754411697926,-63.95486432119224,29.979140089315955,35.0,0.1202371927798353,12.276223100749103
21.053306038999988,107.24208323299976,SAT_10096,21.055914619368465,197.18951973394763,99.06281261772793,169.53137008093546,-63.93378542399172,29.987360585016663,35.0,0.12014375682683373,12.269632171246089
21.053306038999988,107.34208323299976,SAT_10096,21.067153336220272,197.25273751623905,99.06393754759841,169.5280763650268,-63.922546707139915,29.991741263215783,35.0,0.12009394531708788,12.26611766001181
21.153306038999986,102.942083233,SAT_10110,20.51842036694714,194.16611456407767,99.00676818441946,169.68801707673572,-64.47127967641305,29.776355528922597,35.0,0.12252665435249238,12.437091474247426
21.153306038999986,103.042083233,SAT_10096,20.53930661104843,194.28359968714744,99.00900841819417,169.68136951457225,-64.45039343231176,29.784295779933917,35.0,0.12243796023078761,12.430881737442622
21.153306038999986,103.142083233,SAT_10096,20.630203807673013,194.79489641816068,99.01878147918134,169.6551748058406,-64.35949623568717,29.82026498287061,35.0,0.1220336589342174,12.40255275378296
21.153306038999986,103.24208323299999,SAT_10096,20.71161879717721,195.2528557341218,99.02742060513741,169.63164136698697,-64.27808124618298,29.852395293247852,35.0,0.12167176236277946,12.377163410081076
21.153306038999986,103.34208323299998,SAT_10096,20.78347911347167,195.65707001327814,99.03495773390537,169.61081356890446,-64.20622092988852,29.880686642684914,35.0,0.12135251778335972,12.354741485885604
21.153306038999986,103.44208323299998,SAT_10096,20.84571990196733,196.00717444856622,99.04142024533981,169.59273115358232,-64.14398014139286,29.90513897097478,35.0,0.121076146199614,12.335311812585694
21.153306038999986,103.54208323299997,SAT_10096,20.89828430330556,196.30284920609378,99.0468312585131,169.577428987946,-64.09141574005463,29.925752226082928,35.0,0.12084284114299672,12.318896137048544
21.153306038999986,103.64208323299997,SAT_10096,20.941123795306368,196.54382134859833,99.05120987857366,169.56493684424092,-64.04857624805382,29.942526364146307,35.0,0.12065276759981042,12.305513000359399
21.153306038999986,103.74208323299996,SAT_10096,20.97419848885943,196.7298664998343,99.05457139789856,169.5552792098066,-64.01550155450076,29.955461349472415,35.0,0.12050606108597887,12.295177633080602
21.153306038999986,103.84208323299995,SAT_10096,20.997477373989575,196.86081022869138,99.05692745523909,169.5484751287525,-63.99222266937061,29.964557154538614,35.0,0.12040282687982644,12.287901868276894
21.153306038999986,103.94208323299995,SAT_10096,21.010938512904616,196.93652913508848,99.0582861557293,169.54453807766626,-63.97876153045557,29.969813759991556,35.0,0.12034313942152199,12.283694073359346
21.153306038999986,104.04208323299994,SAT_10096,21.014569177494266,196.95695162340527,99.05865215388864,169.5434758770439,-63.97513086586592,29.9712311546468,35.0,0.12032704188604752,12.28255910158277
21.153306038999986,104.14208323299994,SAT_10096,21.00836592946027,196.92205835321403,99.05802670107585,169.54529063965754,-63.98133411389992,29.96880933548859,35.0,0.12035454593461418,12.284498263796355
21.153306038999986,104.24208323299993,SAT_10096,20.992334642004735,196.83188236127663,99.05640765822021,169.54997875657895,-63.99736540135545,29.962548307669778,35.0,0.12042563164740756,12.289509320798867
21.153306038999986,104.34208323299993,SAT_10096,20.96649046279242,196.68650885320739,99.05378947405184,169.55753092104754,-64.02320958056777,29.952448084511946,35.0,0.12054024763844352,12.297586496393723
21.153306038999986,104.44208323299992,SAT_10096,20.930857718677743,196.4860746675623,99.05016312845227,169.56793218985558,-64.05884232468244,29.938508687505674,35.0,0.12069831135120095,12.308720510981335
21.153306038999986,104.54208323299991,SAT_10096,20.88546976346757,196.2307674195051,99.04551603993741,169.5811620814008,-64.10423027989262,29.920730146310955,35.0,0.12089970953160702,12.32289863527116
21.153306038999986,104.64208323299991,SAT_10096,20.830368770729052,195.92082433535091,99.0398319356444,169.59719470906498,-64.15933127263114,29.899112498757813,35.0,0.12114429887293524,12.340104763451043
21.153306038999986,104.7420832329999,SAT_10096,20.765605474357002,195.55653079325816,99.03309068150519,169.61599894810507,-64.22409456900319,29.873655790847053,35.0,0.12143190682526946,12.360319504919893
21.153306038999986,104.8420832329999,SAT_10096,20.6912388602463,195.13821858888545,99.02526806952952,169.63753863382638,-64.29846118311389,29.84436007675119,35.0,0.12176233256043333,12.383520293478256
21.153306038999986,104.94208323299989,SAT_10096,20.607335812982086,194.66626394802424,99.01633555826449,169.66177278842946,-64.3823642303781,29.81122541881555,35.0,0.12213534808170982,12.409681512682482
21.153306038999986,105.04208323299989,SAT_10096,20.513970721936104,194.1410853108906,99.00625996151781,169.68865587361086,-64.47572932142408,29.774251887559505,35.0,0.12255069946631324,12.438774635906414
21.153306038999986,105.14208323299988,SAT_10096,20.41122505154641,193.56314091494858,98.99500307929193,169.71813806574266,-64.57847499181378,29.73343956167792,35.0,0.12300810822744124,12.470768379521605
21.153306038999986,105.24208323299987,SAT_10096,20.299186880845824,192.93292620475776,98.98252126353565,169.75016555026994,-64.69051316251436,29.688788528042718,35.0,0.12350727278184559,12.505628867505294
21.153306038999986,105.34208323299987,SAT_10125,20.2161216482083,192.46568427117168,98.97305695308407,169.7721555756145,-64.77357839515189,29.654718557240095,35.0,0.12388903319078892,12.532252343586693
21.153306038999986,105.44208323299986,SAT_10125,20.339978015694186,193.16237633827978,98.98702446298599,169.7368416037436,-64.649722027666,29.70418630212305,35.0,0.12333680244449528,12.493729923600934
21.153306038999986,105.54208323299986,SAT_10125,20.454668325884754,193.80750933310176,98.9997190284092,169.70400376964938,-64.53503171747543,29.74982577829572,35.0,0.12282587804889028,12.458027848072884
21.153306038999986,105.64208323299985,SAT_10125,20.560096253581577,194.40054142639636,99.01119097239169,169.67370086512804,-64.42960378977861,29.79163688850831,35.0,0.12235659037564464,12.425183222783232
21.153306038999986,105.74208323299985,SAT_10125,20.656171479578504,194.9409645726291,99.02148464247081,169.64598807906737,-64.33352856378168,29.829619543676113,35.0,0.12192924864850115,12.395230779741938
21.153306038999986,105.84208323299984,SAT_10125,20.742810186367265,195.42830729831584,99.03063892725457,169.62091668111236,-64.24688985699292,29.86377366287773,35.0,0.12154413935338945,12.368202699404902
21.153306038999986,105.94208323299983,SAT_10125,20.81993552978811,195.86213735505814,99.03868769831091,169.59853372011708,-64.16976451357208,29.89409917335345,35.0,0.12120152473529516,12.344128442073156
21.153306038999986,106.04208323299983,SAT_10125,20.887478081279312,196.2420642071961,99.04566018652675,169.5788817409229,-64.10222196208088,29.920596010503797,35.0,0.12090164139683197,12.323034590264943
21.153306038999986,106.14208323299982,SAT_10125,20.945376235552217,196.5677413249812,99.05158130047612,169.56199852289362,-64.04432380780797,29.943264117888237,35.0,0.12064469901289855,12.304944703789685
21.153306038999986,106.24208323299982,SAT_10125,20.99357657877359,196.83886825560145,99.05647189298277,169.54791684347595,-63.996123464586596,29.962103447224038,35.0,0.1204308791749814,12.289879189159706
21.153306038999986,106.34208323299981,SAT_10125,21.032034212696708,197.055192446419,99.06034898091434,169.53666426982073,-63.95766583066348,29.977113958385324,35.0,0.12026033437759318,12.277855184850484
21.153306038999986,106.4420832329998,SAT_10125,21.060713030646667,197.2165107973875,99.06322592226213,169.52826298119209,-63.92898701271352,29.988295619402248,35.0,0.1201331871580288,12.268886463765655
21.153306038999986,106.5420832329998,SAT_10125,21.07958594180259,197.3226709226396,99.06511255370346,169.5227296245389,-63.910114101557596,29.99564840646038,35.0,0.12004952939909498,12.262983354079976
21.153306038999986,106.6420832329998,SAT_10125,21.088635040844338,197.37357210474937,99.06601529108764,169.52007520518694,-63.90106500251585,29.9991723039002,35.0,0.1200094218027494,12.260152679426358
21.153306038999986,106.74208323299979,SAT_10125,21.087851720725055,197.36916592907843,99.06593719460434,169.5203050141463,-63.90184832263513,29.99886730421681,35.0,0.12001289354070545,12.260397719164954
21.153306038999986,106.84208323299978,SAT_10125,21.077236727060857,197.30945658971734,99.06487799976321,169.52341859304457,-63.91246331629933,29.994733408059766,35.0,0.12005994208605315,12.26371818922848
21.153306038999986,106.94208323299978,SAT_10125,21.056800153415672,197.19450086296314,99.06283411471905,169.52940973716676,-63.932899889944515,29.98677062423311,35.0,0.1201505332278565,12.270110243783018
21.153306038999986,107.04208323299977,SAT_10125,21.02656137753913,197.0244077486576,99.05979858389617,169.53826653656455,-63.963138665821056,29.974978969695524,35.0,0.12028460126855717,12.279566497683478
21.153306038999986,107.14208323299977,SAT_10096,21.00843533481853,196.92244875835425,99.05803370216161,169.54527033729408,-63.98126470854166,29.96883643479934,35.0,0.12035423819703245,12.28447656784988
21.153306038999986,107.24208323299976,SAT_10096,21.02948220684938,197.04083741352775,99.06015344017722,169.53911143593015,-63.96021783651081,29.977051401935263,35.0,0.12026092556015648,12.277896876955758
21.153306038999986,107.34208323299976,SAT_10096,21.04070382995154,197.1039590434774,99.06128093642981,169.5358258028324,-63.94899621340865,29.98142913397985,35.0,0.12021117985305947,12.274388364703045
21.153306038999986,107.44208323299975,SAT_10096,21.04208956483457,197.11175380219447,99.0614200391096,169.53541997640775,-63.94761047852562,29.981969621616702,35.0,0.12020503715219988,12.273955086582367
21.153306038999986,107.54208323299974,SAT_10096,21.03363809616566,197.06421429093186,99.06057122229723,169.53789476505108,-63.95606194719453,29.978672863695586,35.0,0.12024250191718254,12.276597543921847
21.253306038999987,102.84208323300001,SAT_10110,20.66001271396817,194.96257151607097,99.02197904197607,169.64720834396564,-64.32968732939202,29.83238203341155,35.0,0.12189693311232615,12.392964085725593
21.253306038999987,102.942083233,SAT_10110,20.58401598878558,194.53508993691892,99.01385559269575,169.6691368694473,-64.4056840545746,29.802341734346374,35.0,0.12223484170767077,12.416654077766013
21.253306038999987,103.042083233,SAT_10110,20.498595065140705,194.05459724141647,99.00461108496962,169.69371476683756,-64.49110497821948,29.768491155928263,35.0,0.12261487783512906,12.443266489475047
21.253306038999987,103.142083233,SAT_10096,20.58466445846264,194.53873757885236,99.01390077067379,169.66830879220015,-64.40503558489755,29.802257211777672,35.0,0.12223617963201229,12.416747824843052
21.253306038999987,103.24208323299999,SAT_10096,20.665908336982042,194.99573439552398,99.02258101854788,169.6448625317014,-64.32379170637815,29.83436582070051,35.0,0.12187492255783179,12.391420072819438
21.253306038999987,103.34208323299998,SAT_10096,20.737616752738717,195.39909423415529,99.03015378533992,169.6241122826443,-64.25208329062147,29.862638061643025,35.0,0.12155624498833001,12.369052824631874
21.253306038999987,103.44208323299998,SAT_10096,20.799725308966188,195.74845486293484,99.03664667603589,169.60609749548266,-64.189974734394,29.88707387442026,35.0,0.12128036646754449,12.349670746864044
21.253306038999987,103.54208323299997,SAT_10096,20.85217755065584,196.04349872243907,99.04208299897431,169.5908527794346,-64.13752249270435,29.907673207016746,35.0,0.12104747924119073,12.333295441045285
21.253306038999987,103.64208323299997,SAT_10096,20.8949253028688,196.283954828637,99.04648201513717,169.57840768527262,-64.09477474049139,29.924436015585478,35.0,0.12085774719391894,12.319945323610336
21.253306038999987,103.74208323299996,SAT_10096,20.92792896345142,196.46960041941426,99.04985914126398,169.56878651720132,-64.06177107990877,29.937362264447025,35.0,0.12071130493296817,12.309635522221496
21.253306038999987,103.84208323299995,SAT_10096,20.951157746438597,196.60026232371712,99.05222611053522,169.56200817629863,-64.03854229692159,29.94645192608882,35.0,0.1206082570283646,12.302377789683424
21.253306038999987,103.94208323299995,SAT_10096,20.9645898730019,196.67581803563567,99.05359109373234,169.5580860376165,-64.02511017035829,29.9517049811646,35.0,0.12054867741820637,12.298180436488167
21.253306038999987,104.04208323299994,SAT_10096,20.96821270744617,196.69619647938472,99.0539587830324,169.55702786260846,-64.02148733591402,29.95312141849401,35.0,0.1205326089858038,12.297048282813762
21.253306038999987,104.14208323299994,SAT_10096,20.96202283646072,196.66137845509152,99.05333043991313,169.55883574808075,-64.02767720689947,29.9507012350624,35.0,0.12056006331353049,12.298982630567586
21.253306038999987,104.24208323299993,SAT_10096,20.946026090570612,196.5713967594597,99.05170390800511,169.56350611237326,-64.04367395278958,29.94444443602074,35.0,0.12063102061622798,12.303981255820837
21.253306038999987,104.34208323299993,SAT_10096,20.920237507503984,196.4263359797099,99.04907359111523,169.57102971895875,-64.0694625358562,29.934351034685736,35.0,0.12074542985493562,12.312038421728252
21.253306038999987,104.44208323299992,SAT_10096,20.884681237964216,196.22633196354872,99.04543039603838,169.58139173713394,-64.10501880539597,29.920421052540096,35.0,0.12090320902962877,12.32314491177249
21.253306038999987,104.54208323299991,SAT_10096,20.839390395052973,195.97157097217297,99.0407616391564,169.59457183897075,-64.15030964830721,29.90265451923297,35.0,0.12110424564758868,12.337288082921846
21.253306038999987,104.64208323299991,SAT_10096,20.784406849330736,195.6622885274854,99.03505091517547,169.61054433120012,-64.20529319402945,29.88105147258053,35.0,0.12134839736203627,12.354451938047843
21.253306038999987,104.7420832329999,SAT_10096,20.719780972183415,195.2987679685317,99.02827792565492,169.62927832024818,-64.26991907117677,29.85561195856674,35.0,0.12163549277378322,12.374617216721553
21.253306038999987,104.8420832329999,SAT_10096,20.645571330797935,194.8813387357384,99.02041826421055,169.65073790822134,-64.34412871256225,29.826336031344283,35.0,0.12196533238691916,12.397761503298266
21.253306038999987,104.94208323299989,SAT_10096,20.561844338598448,194.41037440461628,99.01144315440895,169.67488241727523,-64.42785570476174,29.793223753235644,35.0,0.12233768970800186,12.423859351014158
21.253306038999987,105.04208323299989,SAT_10096,20.46867386547403,193.88629049329143,99.00131913537551,169.70166663948527,-64.52102617788616,29.75627519473437,35.0,0.12275231247686799,12.452882420658387
21.253306038999987,105.14208323299988,SAT_10096,20.366140812506586,193.30954207034955,98.99000768898397,169.73104110909102,-64.6235592308536,29.71549043450649,35.0,0.12320892401606182,12.484799632253015
21.253306038999987,105.24208323299987,SAT_10096,20.254332656195345,192.68062119109882,98.97746480113523,169.7629523938,-64.73536738716484,29.67086955939208,35.0,0.12370722468499747,12.519577328071934
21.253306038999987,105.34208323299987,SAT_10125,20.21639097704673,192.46719924588785,98.9730904601388,169.77207895091962,-64.77330906631346,29.654826329211975,35.0,0.12388783182050697,12.532168612785304
21.253306038999987,105.44208323299986,SAT_10125,20.340164372920157,193.16342459767588,98.98704663211792,169.73678835370134,-64.64953567044003,29.704260591221402,35.0,0.12333597191436668,12.49367193604572
21.253306038999987,105.54208323299986,SAT_10125,20.45477757566543,193.80812386311806,98.99973104121729,169.7039724263729,-64.53492246769476,29.749869175850023,35.0,0.12282539156298988,12.457993825608888
21.253306038999987,105.64208323299985,SAT_10125,20.560134384487142,194.40075591274018,99.01119392796967,169.67368988489972,-64.42956565887305,29.791651985885625,35.0,0.12235642071008053,12.425171339148868
21.253306038999987,105.74208323299985,SAT_10125,20.65614459823709,194.94081336508364,99.02147956839093,169.6459958460821,-64.3335554451231,29.82960893227792,35.0,0.12192936817431917,12.39523916314461
21.253306038999987,105.84208323299984,SAT_10125,20.742724510176814,195.4278253697446,99.03062678931558,169.6209415118209,-64.24697553318337,29.86373993413676,35.0,0.12154452006253291,12.368229435436715
21.253306038999987,105.94208323299983,SAT_10125,20.819797378713247,195.861360255262,99.0386694092471,169.59857386815375,-64.16990266464694,29.89404491873053,35.0,0.12120213826949414,12.344171576954233
21.253306038999987,106.04208323299983,SAT_10125,20.887293868780347,196.24102801188945,99.04563661384674,169.5789354025881,-64.10240617457984,29.92052382148469,35.0,0.1209024590792589,12.323092134397193
21.253306038999987,106.14208323299982,SAT_10125,20.94515245870255,196.56648258020184,99.05155327357585,169.56206384315618,-64.04454758465764,29.943176585980485,35.0,0.12064569188238977,12.305014635599544
21.253306038999987,106.24208323299982,SAT_10125,20.99331980763438,196.8374239179434,99.05644020965863,169.54799192245306,-63.99638023572581,29.962003163953817,35.0,0.1204320180225884,12.289959459203978
21.253306038999987,106.34208323299981,SAT_10125,21.03175107903261,197.05359981955843,99.06031441338752,169.5367471696811,-63.95794896432758,29.97700351529429,35.0,0.12026158978519479,12.277943720155575
21.253306038999987,106.4420832329998,SAT_10125,21.060410216076605,197.21480746543088,99.06318922281287,169.52835173342265,-63.92928982728358,29.98817760804439,35.0,0.12013452953870464,12.268981172366619
21.253306038999987,106.5420832329998,SAT_10125,21.07927016548595,197.32089468085846,99.06507446000462,169.52282223751138,-63.910429877874236,29.995525418398863,35.0,0.12005092903893518,12.26308212972279
21.253306038999987,106.6420832329998,SAT_10125,21.088313046816545,197.37176088834306,99.06597653132017,169.52016967195,-63.90138699654364,29.999046930704242,35.0,0.12001084890375327,12.260253406394142
21.253306038999987,106.74208323299979,SAT_10125,21.08753026499661,197.3673577406059,99.06589849243166,169.52039932037093,-63.90216977836358,29.998742137458514,35.0,0.12001431826440524,12.26049827718677
21.253306038999987,106.84208323299978,SAT_10125,21.07692256460473,197.30768942590163,99.06484007923892,169.52351072504092,-63.91277747875546,29.994611039310993,35.0,0.12006133459748784,12.26381645842805
21.253306038999987,106.94208323299978,SAT_10125,21.056500025163253,197.1928126415433,99.06279770520044,169.5294976898958,-63.933200018196935,29.986653645062315,35.0,0.12015186373951527,12.270204109623933
21.253306038999987,107.04208323299977,SAT_10125,21.026281997509564,197.0228362359913,99.05976442503601,169.53834832156363,-63.963418045850624,29.97486997166463,35.0,0.12028584008391262,12.279653855867709
21.253306038999987,107.14208323299977,SAT_10125,20.98629698209797,196.79792052430108,99.0557298641764,169.55004510780552,-64.00340306126222,29.95926004422193,35.0,0.12046316695814456,12.292154830720499
21.253306038999987,107.24208323299976,SAT_10096,20.991798628023346,196.82886728263134,99.05634774451887,169.55013546018853,-63.99790141533684,29.962338911597413,35.0,0.1204280085816989,12.28967685816403
21.253306038999987,107.34208323299976,SAT_10096,21.00299912653773,196.89187008677473,99.05747929568277,169.54686037892372,-63.98670091682246,29.9667136856834,35.0,0.12037834238034162,12.286175881201796
21.35330603899999,102.942083233,SAT_10110,20.638600006862646,194.84212503860238,99.0196976902057,169.65339282857016,-64.35110003649754,29.82392515017021,35.0,0.12199212259778676,12.399640235499808
21.35330603899999,103.042083233,SAT_10110,20.55309223590207,194.36114382694916,99.01052185424881,169.67804299958175,-64.43660780745812,29.790097660558256,35.0,0.12237239358381322,12.42629007485082
21.35330603899999,103.142083233,SAT_10096,20.528080979854153,194.22045551167963,99.00779035904705,169.68459870013365,-64.46161906350603,29.77984658444312,35.0,0.12248790929866171,12.434379038516843
21.35330603899999,103.24208323299999,SAT_10096,20.60912626461385,194.6763352384529,99.01652395449337,169.66125639053345,-64.38057377874634,29.811933405300454,35.0,0.12212738570591666,12.409123407807417
21.35330603899999,103.34208323299998,SAT_10096,20.680658350798282,195.07870322324035,99.0241429499464,169.6405986065813,-64.3090416925619,29.84018646148652,35.0,0.12180935862487285,12.386820188842245
21.35330603899999,103.44208323299998,SAT_10096,20.74261338481564,195.42720028958797,99.0306752444044,169.62266445248758,-64.24708665854455,29.864605692838257,35.0,0.12153404587032363,12.367493853024895
21.35330603899999,103.54208323299997,SAT_10096,20.794935391350762,195.72151157634804,99.03614439330134,169.60748823143115,-64.19476465200943,29.885191047359125,35.0,0.12130163816489851,12.351165829772505
21.35330603899999,103.64208323299997,SAT_10096,20.837576607378082,195.96136841650173,99.0405698610106,169.59509923119683,-64.1521234359821,29.901942481218068,35.0,0.12111229808834663,12.337854387915007
21.35330603899999,103.74208323299996,SAT_10096,20.870497771124107,196.14654996257312,99.04396722654968,169.58552153854114,-64.11920227223608,29.914859958748632,35.0,0.12096615917165414,12.327574533271914
21.35330603899999,103.84208323299995,SAT_10096,20.893668362327062,196.27688453808972,99.0463483462949,169.57877388471877,-64.09603168103312,29.92394345244826,35.0,0.12086332514598203,12.320337923616634
21.35330603899999,103.94208323299995,SAT_10096,20.907066790702146,196.3522506976996,99.04772147666169,169.57486952423213,-64.08263325265804,29.929192942977714,35.0,0.12080386935483228,12.3161528020488
21.35330603899999,104.04208323299994,SAT_10096,20.910680530162665,196.37257798216498,99.04809135894513,169.573816148438,-64.07901951319752,29.930608419160716,35.0,0.12078783433610163,12.315023949584148
21.35330603899999,104.14208323299994,SAT_10096,20.904506197034664,196.33784735832,99.047459267821,169.57561583518725,-64.08519384632552,29.928189877983705,35.0,0.12081523157880099,12.316952657543172
21.35330603899999,104.24208323299993,SAT_10096,20.88854957122571,196.24809133814463,99.04582302435735,169.58026503519375,-64.10115047213448,29.921937324595778,35.0,0.12088604145723726,12.321936720079268
21.35330603899999,104.34208323299993,SAT_10096,20.862825560073773,196.103393775415,99.0431769737651,169.5877545953132,-64.12687448328641,29.9118507723088,35.0,0.12100021334341636,12.329970446938578
21.35330603899999,104.44208323299992,SAT_10096,20.827358105351138,195.90388934260017,99.03951192749794,169.59806981841632,-64.16234193800905,29.89793024259767,35.0,0.12115766589637224,12.34104469629402
21.35330603899999,104.54208323299991,SAT_10096,20.782180034651958,195.64976269491726,99.03481506868403,169.61119055903504,-64.20752000870823,29.880175765100752,35.0,0.12135828752509949,12.355146927248844
21.35330603899999,104.64208323299991,SAT_10096,20.727332859111584,195.34124733250266,99.02906981921323,169.62709135348194,-64.2623671842486,29.858587377620463,35.0,0.12160193701980831,12.372261271367316
21.35330603899999,104.7420832329999,SAT_10096,20.662866520084222,194.97862417547375,99.02225566609376,169.64574158268957,-64.32683352327597,29.83316512612404,35.0,0.12188844434437057,12.39236862236607
21.35330603899999,104.8420832329999,SAT_10096,20.588839088019725,194.56221987011097,99.01434794390889,169.66710566561008,-64.40086095534046,29.803909064744463,35.0,0.12221761158111873,12.415446742893728
21.35330603899999,104.94208323299989,SAT_10096,20.505316417329425,194.09240484747804,99.00531756932271,169.69114328065132,-64.48438362603076,29.770819255781532,35.0,0.12258921401762896,12.441470387143347
21.35330603899999,105.04208323299989,SAT_10096,20.412371761498036,193.56959115842648,98.99513072257308,169.71780961231718,-64.57732828186215,29.73389576970314,35.0,0.12300300136379114,12.470411437884318
21.35330603899999,105.14208323299988,SAT_10096,20.31008535307032,192.99423011102056,98.98374846971349,169.7470556199792,-64.67961469028987,29.693138685146657,35.0,0.12345869908636077,12.502239056370982
21.35330603899999,105.24208323299987,SAT_10096,20.198543953430473,192.3668097380464,98.97112631798154,169.77882832551757,-64.79115608992971,29.648548088920542,35.0,0.12395600984731753,12.536919843485368
21.35330603899999,105.34208323299987,SAT_10125,20.205659556443408,192.40683500499418,98.97187051946406,169.7751315053124,-64.78404048691678,29.650531465764804,35.0,0.1239357022614361,12.535504745107747
21.35330603899999,105.44208323299986,SAT_10125,20.329307983570317,193.10235740758307,98.9858348234042,169.73988989625187,-64.66039205978987,29.699932111655897,35.0,0.12338435696705585,12.497049918226844
21.35330603899999,105.54208323299986,SAT_10125,20.443804750240417,193.74640172010234,98.99852657853889,169.70711987997095,-64.54589529311977,29.74550968180944,35.0,0.12287425513944795,12.461410839818805
21.35330603899999,105.64208323299985,SAT_10125,20.549053909818824,194.33842824273088,99.00999606594668,169.6768800136602,-64.44064613354136,29.787264079050573,35.0,0.12240572588060843,12.42862447305113
21.35330603899999,105.74208323299985,SAT_10125,20.644965502385958,194.87793095092104,99.02028759756307,169.6492252631884,-64.34473454097423,29.825195214363195,35.0,0.12197907721329086,12.39872541493571
21.35330603899999,105.84208323299984,SAT_10125,20.731456047565615,195.36444026755657,99.02944003188647,169.62420668862558,-64.25824399579457,29.859303006888222,35.0,0.12159459449999538,12.371745719557223
21.35330603899999,105.94208323299983,SAT_10125,20.80844901338871,195.79752570031152,99.03748721514157,169.60187114449775,-64.18125102997148,29.88958738392195,35.0,0.12125253894835558,12.347714730447322
21.35330603899999,106.04208323299983,SAT_10125,20.87587525589319,196.1767983143992,99.04445835703089,169.58226099828255,-64.113824787467,29.916048280914616,35.0,0.12095314621775985,12.326658923881311
21.35330603899999,106.14208323299982,SAT_10125,20.933673424321498,196.50191301180843,99.05037834859685,169.56541387055324,-64.05602661903869,29.93868564146911,35.0,0.12069662514148015,12.308601764813071
21.35330603899999,106.24208323299982,SAT_10125,20.981790327040045,196.77257058960024,99.05526802836619,169.5513624000111,-64.00790971632014,29.95749941733985,35.0,0.12048315657776347,12.293563577071122
21.35330603899999,106.34208323299981,SAT_10125,21.020181253657228,196.98851955182192,99.05914440180337,169.54013403641784,-63.96951878970296,29.97248956843181,35.0,0.1203128924022782,12.281561429314657
21.35330603899999,106.4420832329998,SAT_10125,21.04881024928327,197.1495576522184,99.06202081811847,169.53175086412898,-63.94088979407692,29.98365606279974,35.0,0.12018595465300771,12.272609038094668
21.35330603899999,106.5420832329998,SAT_10125,21.06765033739633,197.25553314785435,99.06390710761985,169.52622945859034,-63.92204970596386,29.990998876647513,35.0,0.1201024348371703,12.266716689183859
21.35330603899999,106.6420832329998,SAT_10125,21.076683688416296,197.30634574734165,99.06480968204797,169.52358077773005,-63.91301635494389,29.994517994327655,35.0,0.12006239340803607,12.263891178133463
21.35330603899999,106.74208323299979,SAT_10125,21.07590173175918,197.3019472411454,99.0647315996453,169.52381008973555,-63.913798311601006,29.994213408341036,35.0,0.12006585941764875,12.26413577078885
21.35330603899999,106.84208323299978,SAT_10125,21.06530520988121,197.24234180558182,99.06367259608946,169.5269169382123,-63.92439483347898,29.99008511933672,35.0,0.12011283034946842,12.267450184253924
21.35330603899999,106.94208323299978,SAT_10125,21.04490417359282,197.1275859764596,99.06162908182237,169.5328951452049,-63.94479586976737,29.98213313611197,35.0,0.12020327213288022,12.273830588541568
21.35330603899999,107.04208323299977,SAT_10125,21.014717918703333,196.95778829270625,99.05859410572937,169.54173285204033,-63.974982124656854,29.97035747561243,35.0,0.12033711933940022,12.28326962888956
21.35330603899999,107.14208323299977,SAT_10125,20.974774864843596,196.73310861474522,99.05455728454243,169.5534125974268,-64.01492517851659,29.954758162932475,35.0,0.1205142755582997,12.295756468463951
21.35330603899999,107.24208323299976,SAT_10096,20.942904566508545,196.5538381866106,99.05138084128002,169.56441715591114,-64.04679547685164,29.943223143321756,35.0,0.12064486786018071,12.30495659640208
21.35330603899999,107.34208323299976,SAT_10096,20.95407997626002,196.61669986646262,99.05251796676782,169.56115505279558,-64.03562006710017,29.94759494765075,35.0,0.1205952946584094,12.301464667296912
21.35330603899999,107.44208323299975,SAT_10096,20.95546000165291,196.62446250929762,99.05265825678798,169.56075213391355,-64.03424004170728,29.948134703434597,35.0,0.12058917326773189,12.301033437960585
21.35330603899999,107.54208323299974,SAT_10096,20.947043345406158,196.57711881790962,99.05180219250428,169.5632091961308,-64.04265669795403,29.944842409523925,35.0,0.12062650809075287,12.303663403256401
21.453306038999987,102.942083233,SAT_10110,20.68211605759771,195.08690282398712,99.02431908635792,169.64081949149173,-64.30758398576248,29.841105733367936,35.0,0.12179868914561134,12.386071538493074
21.453306038999987,103.042083233,SAT_10110,20.596550713509203,194.60559776348927,99.0151988198437,169.66552406979022,-64.39314932985098,29.807301423666704,35.0,0.12217909488143941,12.412747588846027
21.453306038999987,103.142083233,SAT_10110,20.50162177493779,194.07162248402506,99.00493970008829,169.69284516300291,-64.4880782684224,29.76969211502024,35.0,0.12260140801813638,12.442323812421579
21.453306038999987,103.24208323299999,SAT_10096,20.541331316740838,194.29498865666721,99.00922472723283,169.68078694822083,-64.44836872661935,29.785098091761665,35.0,0.12242895162566661,12.43025091853452
21.453306038999987,103.34208323299998,SAT_10096,20.612663227701887,194.69623065582311,99.01690089335132,169.66023617216135,-64.3770368156583,29.81333188696565,35.0,0.12211165666914324,12.408020873793454
21.453306038999987,103.44208323299998,SAT_10096,20.674443960444833,195.04374727750218,99.02348191468687,169.64239532898432,-64.31525608291535,29.837734471010375,35.0,0.12183698077321675,12.388758244168194
21.453306038999987,103.54208323299997,SAT_10096,20.72661809186019,195.33722676671357,99.028991653889,169.6272983693767,-64.2630819515,29.8583057919181,35.0,0.12160511290794036,12.372484261133463
21.453306038999987,103.64208323299997,SAT_10096,20.769138333062088,195.57640312347425,99.03344982815123,169.61497427824483,-64.2205617102981,29.875045805873615,35.0,0.12141621415168796,12.359217023775196
21.453306038999987,103.74208323299996,SAT_10096,20.80196581404988,195.76105770403058,99.03687221816742,169.60544689193253,-64.18773422931031,29.88795447722336,35.0,0.12127041679724136,12.34897139780389
21.453306038999987,103.84208323299995,SAT_10096,20.825070320363224,195.89102055204313,99.03927083339555,169.59873474614042,-64.16462972299696,29.89703177847471,35.0,0.12116782361072638,12.341758931720529
21.453306038999987,103.94208323299995,SAT_10096,20.838430478706,195.96617144272128,99.04065403664663,169.59485095656197,-64.15126956465419,29.902277690295424,35.0,0.12110850725164922,12.337587791135986
21.453306038999987,104.04208323299994,SAT_10096,20.84203388913339,195.98644062637533,99.04102663023768,169.59380313384176,-64.1476661542268,29.903692201513255,35.0,0.12109250986057095,12.336462712037717
21.453306038999987,104.14208323299994,SAT_10096,20.8358772020774,195.95180926168538,99.04038990524039,169.59559333400568,-64.15382284128279,29.901275309115732,35.0,0.12111984281910709,12.338384973573735
21.453306038999987,104.24208323299993,SAT_10096,20.81996613919462,195.8623095329697,99.03874165469311,169.60021804504282,-64.16973390416557,29.895027018250097,35.0,0.12119048668499836,12.343352390687842
21.453306038999987,104.34208323299993,SAT_10096,20.79431545776407,195.71802444992292,99.03607615100888,169.60766820981988,-64.19538458559612,29.884947342223402,35.0,0.12130439130299628,12.351359326696638
21.453306038999987,104.44208323299992,SAT_10096,20.758948859103725,195.51908733245847,99.03238408718197,169.61792928501524,-64.23075118425646,29.871036302502784,35.0,0.12146147609029287,12.362396725653717
21.453306038999987,104.54208323299991,SAT_10096,20.713898842207215,195.26568098741558,99.02765248075477,169.63098133527123,-64.27580120115297,29.853293928715896,35.0,0.12166163049323415,12.376452164104407
21.453306038999987,104.64208323299991,SAT_10096,20.65920650451133,194.95803658787625,99.02186453883408,169.64679916128904,-64.33049353884886,29.83172025865149,35.0,0.12190471461013486,12.393509921601163
21.453306038999987,104.7420832329999,SAT_10096,20.594921292364617,194.59643226955097,99.01499948172118,169.66535246015283,-64.39477875099557,29.80631533826019,35.0,0.12219055997319428,12.413551069129733
21.453306038999987,104.8420832329999,SAT_10096,20.52110070437564,194.18119146211296,99.00703232192075,169.68660601576462,-64.46859933898455,29.777079221655395,35.0,0.1225189704808381,12.43655357439448
21.453306038999987,104.94208323299989,SAT_10096,20.437809951356655,193.7126809763812,98.99793359439275,169.7105199169166,-64.55189009200353,29.744011971114382,35.0,0.12288972347030577,12.462492422731012
21.453306038999987,105.04208323299989,SAT_10096,20.345121577032415,193.19130887080732,98.9876690328782,169.73704980022904,-64.64457846632777,29.707113657079546,35.0,0.1233025709189953,12.491339752259284
21.453306038999987,105.14208323299988,SAT_10096,20.243115044058356,192.61752212282823,98.97619918592777,169.76614711493664,-64.74658499930183,29.666384358159803,35.0,0.12375724076198846,12.523065001763003
21.453306038999987,105.24208323299987,SAT_10096,20.131876290169956,191.991804132206,98.963478964846,169.7977594063278,-64.85782375319023,29.621824161132192,35.0,0.12425343831231771,12.55763506968231
21.453306038999987,105.34208323299987,SAT_10125,20.18393817764955,192.28465224927874,98.969392369125,169.78130663904565,-64.80576186571064,29.641833975459257,35.0,0.124032607613668,12.542256594510576
21.453306038999987,105.44208323299986,SAT_10125,20.307419893363303,192.9792369001686,98.98338436246463,169.74613947101997,-64.68228014999688,29.69120087205355,35.0,0.12348191987681,12.50385963115365
21.453306038999987,105.54208323299986,SAT_10125,20.42176113606162,193.6224063903466,98.9961010448692,169.7134392179626,-64.56793890729857,29.73674730486219,35.0,0.12297243027326378,12.468274563924911
21.453306038999987,105.64208323299985,SAT_10125,20.52686634174451,194.21362317231285,99.00759286152892,169.68326419618361,-64.46283370161568,29.778473176747426,35.0,0.12250446665335485,12.43553821552613
21.453306038999987,105.74208323299985,SAT_10125,20.62264591365434,194.75238326430565,99.0179042681869,169.65566914258662,-64.36705412970585,29.816378398727135,35.0,0.12207833585666618,12.405685049989696
21.453306038999987,105.84208323299984,SAT_10125,20.709016712193176,195.2382190060866,99.0270742488296,169.63070490209478,-64.28068333116701,29.85046288997309,35.0,0.12169432213957457,12.378746996905752
21.453306038999987,105.94208323299983,SAT_10125,20.785902520969287,195.67070168045223,99.03513675852082,169.60841812975215,-64.2037975223909,29.88072657780933,35.0,0.12135268568884865,12.354753284759228
21.453306038999987,106.04208323299983,SAT_10125,20.85323448371544,196.04944397089935,99.04212110055502,169.58885101097923,-64.13646555964475,29.90716939771071,35.0,0.12105366123603653,12.333730285140184
21.453306038999987,106.14208323299982,SAT_10125,20.91095150697943,196.3741022267593,99.04805224548863,169.5720410033658,-64.07874853638076,29.929791293301623,35.0,0.12079745678680867,12.315701369529776
21.453306038999987,106.24208323299982,SAT_10125,20.959000623752928,196.64437850861023,99.05295109825126,169.55802060321156,-64.03069941960726,29.948592216354882,35.0,0.12058425247860768,12.300686780271972
21.453306038999987,106.34208323299981,SAT_10125,20.997337313556088,196.860022388753,99.05683471838732,169.54681713979818,-63.9923627298041,29.96357212679075,35.0,0.12041419957890177,12.28870351721777
21.453306038999987,106.4420832329998,SAT_10125,21.025925774946003,197.0208324840713,99.05971649749266,169.53845260007907,-63.963774268414184,29.97473099267615,35.0,0.12028741963504677,12.279765241376213
21.453306038999987,106.5420832329998,SAT_10125,21.044739146953773,197.126657701615,99.06160629705157,169.53294348611902,-63.944960896406414,29.982068790224023,35.0,0.12020400378525885,12.273882196726152
21.453306038999987,106.6420832329998,SAT_10125,21.053759676570806,197.17739818071078,99.0625105491223,169.53030070720462,-63.93594036678938,29.98558550379286,35.0,0.12016401223850706,12.271061151139115
21.453306038999987,106.74208323299979,SAT_10125,21.052978830076817,197.17300591918212,99.06243232163389,169.53052950810158,-63.93672121328337,29.985281125886388,35.0,0.12016747392928306,12.271305357138893
21.453306038999987,106.84208323299978,SAT_10125,21.042397346732955,197.11348507537286,99.06137134942692,169.5336294344456,-63.94730269662723,29.98115565715342,35.0,0.12021438635123328,12.274614532983822
21.453306038999987,106.94208323299978,SAT_10125,21.022025234126787,196.9988919419632,99.05932403157323,169.53959433574266,-63.9676748092334,29.973209106387866,35.0,0.12030471557158179,12.280984864307026
21.453306038999987,107.04208323299977,SAT_10125,20.991881705227904,196.82933459190696,99.05628339492885,169.5484124059409,-63.997818338132284,29.961441490528927,35.0,0.1204383964261768,12.29040902629414
21.453306038999987,107.14208323299977,SAT_10125,20.951995057994765,196.60497220122056,99.0522390232908,169.560066261011,-64.03770498536542,29.945852834661395,35.0,0.12061533289290012,12.30287622612292
21.453306038999987,107.24208323299976,SAT_10125,20.90240249912881,196.32601405759956,99.04717695092798,169.57453305246875,-64.08729754423138,29.92644317201618,35.0,0.12083539863913494,12.318372265139665
21.453306038999987,107.34208323299976,SAT_10096,20.89399883439407,196.27874344346662,99.04637752276174,169.57867760593342,-64.09570120896612,29.92407295798243,35.0,0.12086185859790194,12.320234702417222
21.453306038999987,107.44208323299975,SAT_10096,20.895375280574086,196.28648595322926,99.04651869264575,169.5782765839621,-64.0943247627861,29.924612345655483,35.0,0.12085575033093898,12.31980477414855
21.453306038999987,107.54208323299974,SAT_10096,20.8869804475559,196.23926501750196,99.04565725767964,169.5807220812453,-64.10271959580429,29.921322297073356,35.0,0.12089300513143753,12.3224268065009
21.453306038999987,107.64208323299974,SAT_10096,20.868822171070732,196.13712471227288,99.0437902470391,169.5860092866059,-64.12087787228946,29.914202819244252,35.0,0.1209735963880818,12.32809780853973
21.453306038999987,107.74208323299973,SAT_10096,20.840917359287374,195.9801601459915,99.0409112022848,169.59412781977633,-64.14878268407281,29.903253927333676,35.0,0.12109746666451822,12.336811324965641
21.553306038999985,103.042083233,SAT_10110,20.628925592294735,194.78770645665787,99.01866168629392,169.65618549335562,-64.36077445106545,29.82010241095793,35.0,0.12203513479941457,12.402656233868338
21.553306038999985,103.142083233,SAT_10110,20.533966377439313,194.25356087309615,99.00845118659994,169.68354645175106,-64.45573366592087,29.782518992719528,35.0,0.1224574828107642,12.432248724078585
21.553306038999985,103.24208323299999,SAT_10096,20.462592839382154,193.85208472152462,99.00065308342332,169.70341173488958,-64.52710720397803,29.753859933577335,35.0,0.1227793837292722,12.454776018936506
21.553306038999985,103.34208323299998,SAT_10096,20.53370140355925,194.25207039502078,99.00839779892719,169.68298207825856,-64.45599863980094,29.782074391609665,35.0,0.12246290040127591,12.432628052750772
21.553306038999985,103.44208323299998,SAT_10096,20.595287646180168,194.59849300976344,99.01503724131642,169.66524684606978,-64.39441239718002,29.806460262497023,35.0,0.12218893059257052,12.413436883014699
21.553306038999985,103.54208323299997,SAT_10096,20.64729676562378,194.89104430663377,99.0205956434646,169.65023959220798,-64.34240327773641,29.827017494280348,35.0,0.12195766130011629,12.397223518508657
21.553306038999985,103.64208323299997,SAT_10096,20.68968200657777,195.12946128699994,99.02509302717189,169.63798896066436,-64.30001803678242,29.84374604316017,35.0,0.12176925191217325,12.384005867366053
21.553306038999985,103.74208323299996,SAT_10096,20.722404939885237,195.31352778685448,99.02854541607479,169.62851850594845,-64.26729510347495,29.856645873495737,35.0,0.12162383332778098,12.373798637694454
21.553306038999985,103.84208323299995,SAT_10096,20.74543569516902,195.44307578532573,99.03096500400956,169.62184654368244,-64.24426434819117,29.865716957804292,35.0,0.12152150722687868,12.36661325508615
21.553306038999985,103.94208323299995,SAT_10096,20.75875314327213,195.51798643090575,99.03236028192056,169.61798603335225,-64.23094690008806,29.87095927676054,35.0,0.12146234549914584,12.362457797997203
21.553306038999985,104.04208323299994,SAT_10096,20.762345026170664,195.53819077221002,99.03273612560912,169.61694449477642,-64.22735501718952,29.872372819196247,35.0,0.12144638983796235,12.36133695177138
21.553306038999985,104.14208323299994,SAT_10096,20.75620803266851,195.50367018376036,99.0320938458907,169.61872395942123,-64.23349201069168,29.869957582100024,35.0,0.12147365150407767,12.363251981866393
21.553306038999985,104.24208323299993,SAT_10096,20.740347818884814,195.4144564812271,99.03043120205045,169.62332095722203,-64.24935222447537,29.86371357061726,35.0,0.12154411126167528,12.368200726608926
21.553306038999985,104.34208323299993,SAT_10096,20.714778973268494,195.27063172463528,99.02774237883492,169.63072653908728,-64.2749210700917,29.853640798050233,35.0,0.12165771948756114,12.37617760956709
21.553306038999985,104.44208323299992,SAT_10096,20.67952492659279,195.07232771208444,99.02401792657274,169.64092633478455,-64.3101751167674,29.839739285858368,35.0,0.12181439645223245,12.387173671388991
21.553306038999985,104.54208323299991,SAT_10096,20.634617808110676,194.81972517062255,99.01924466336092,169.65390064541884,-64.35508223524951,29.82200906365868,35.0,0.12201403276963503,12.401176620719717
21.553306038999985,104.64208323299991,SAT_10096,20.580098249732416,194.51305265474483,99.01340553756349,169.66962456926296,-64.40960179362777,29.800450169226348,35.0,0.12225649001053661,12.418170903580627
21.553306038999985,104.7420832329999,SAT_10096,20.51601514073721,194.15258516664682,99.0064794481267,169.68806815926598,-64.47368490262298,29.77506264849548,35.0,0.12254160147266278,12.438137790379818
21.553306038999985,104.8420832329999,SAT_10096,20.44242533612912,193.7386425157263,98.99844101939588,169.70919661016717,-64.54727470723107,29.745846555560043,35.0,0.12286917309910124,12.461055479524838
21.553306038999985,104.94208323299989,SAT_10096,20.359393322262974,193.27158743772924,98.98926032619384,169.73297047280457,-64.63030672109721,29.712801952674923,35.0,0.12323898453500318,12.486899216432573
21.553306038999985,105.04208323299989,SAT_10096,20.266990843824715,192.75182349651402,98.97890256386194,169.75934589290256,-64.72270919953547,29.67592891025719,35.0,0.12365079031132892,12.515641426578776
21.553306038999985,105.14208323299988,SAT_10096,20.16529649660393,192.1797927933971,98.96732765672938,169.78827487139563,-64.82440354675626,29.635227506887503,35.0,0.12410432114331202,12.547251861104817
21.553306038999985,105.24208323299987,SAT_10096,20.05439529078265,191.55597351065242,98.95448979702317,169.8197055431569,-64.93530475257754,29.590697829311672,35.0,0.12459928533046906,12.581697753401814
21.553306038999985,105.34208323299987,SAT_10125,20.1512486202044,192.10077348864976,98.96564589652438,169.79059103426636,-64.83845142315579,29.628733875631735,35.0,0.12417847338483275,12.552415791136346
21.553306038999985,105.44208323299986,SAT_10125,20.27452230712771,192.79418797759337,98.97968536698113,169.75552349008083,-64.71517773623248,29.678066889816705,35.0,0.12362858478499528,12.514092551183353
21.553306038999985,105.54208323299986,SAT_10125,20.38866933987275,193.4362650367842,98.99244476425466,169.72291659696185,-64.60103070348744,29.723582062471447,35.0,0.12311983981812541,12.478576329178908
21.553306038999985,105.64208323299985,SAT_10125,20.493594663489645,194.02646998212927,99.00397482287899,169.6928283495871,-64.49610537987054,29.76527929649507,35.0,0.12265256467884846,12.445903762099652
21.553306038999985,105.74208323299985,SAT_10125,20.58920916433422,194.56430154938,99.0143202517316,169.66531317916517,-64.40049087902597,29.803158502939233,35.0,0.12222706464201576,12.416109138158005
21.553306038999985,105.84208323299984,SAT_10125,20.67543015611841,195.04929462816605,99.02352025534903,169.6404216433985,-64.31426988724178,29.837219601006364,35.0,0.12184362250146033,12.389224222348187
21.553306038999985,105.94208323299983,SAT_10125,20.752181842215748,195.4810228624636,99.03160897981202,169.61820013104324,-64.23751820114444,29.867462518048065,35.0,0.12150249709437534,12.365278091054885
21.553306038999985,106.04208323299983,SAT_10125,20.819395749016593,195.85910108821835,99.03861589245817,169.5986905845112,-64.1703042943436,29.893887189563653,35.0,0.12120392192589871,12.344296977470167
21.553306038999985,106.14208323299982,SAT_10125,20.87701112529176,196.18318757976616,99.04456610304794,169.581930243856,-64.11268891806843,29.916493559198898,35.0,0.1209481039079285,12.326304129503411
21.553306038999985,106.24208323299982,SAT_10125,20.924975302781846,196.4529860781479,99.04948063264062,169.56795141532055,-64.06472474057834,29.93528157874489,35.0,0.12073522222538571,12.311319681777295
21.553306038999985,106.34208323299981,SAT_10125,20.963244013576812,196.6682475763696,99.05337663527447,169.55678126739735,-64.02645602978338,29.950251208137068,35.0,0.1205654273420939,12.299360543180997
21.553306038999985,106.4420832329998,SAT_10125,20.99178166030388,196.8287718392093,99.05626757655092,169.5484416570535,-63.99791838305631,29.96140241545447,35.0,0.12043884015716635,12.29044030130011
21.553306038999985,106.5420832329998,SAT_10125,21.010561535666618,196.93440863812472,99.05816337235613,169.54294898842645,-63.97913850769357,29.968735176919036,35.0,0.12035555132130238,12.284569144864863
21.553306038999985,106.6420832329998,SAT_10125,21.019565988485233,196.98505868522943,99.05907049018798,169.5403141058931,-63.970134054874954,29.972249476895186,35.0,0.12031562072071848,12.281753805156331
21.553306038999985,106.74208323299979,SAT_10125,21.018786534062222,196.98067425410002,99.05899201486727,169.54054222296458,-63.970913509297965,29.971945307889488,35.0,0.12031907713460903,12.281997517088268
21.553306038999985,106.84208323299978,SAT_10125,21.008223907410226,196.9212594791825,99.05792767977493,169.5436328879853,-63.98147613594996,29.967822670550508,35.0,0.1203659180700775,12.28530000044509
21.553306038999985,106.94208323299978,SAT_10125,20.98788805863694,196.8068703298328,99.05587386415483,169.54957998710705,-64.00181198472325,29.95988157366883,35.0,0.12045610977644679,12.291657461508594
21.553306038999985,107.04208323299977,SAT_10125,20.957798090546092,196.63761425932177,99.05282355643585,169.55837178449934,-64.0319019528141,29.948122034177228,35.0,0.12058958743878254,12.301062615053205
21.553306038999985,107.14208323299977,SAT_10125,20.917982139286522,196.4136495334867,99.0487662829391,169.569990999239,-64.07171790407367,29.932544077151,35.0,0.12076625554839408,12.313504726437264
21.553306038999985,107.24208323299976,SAT_10125,20.868477199623896,196.1351842478844,99.04368800072952,169.58441491782762,-64.12122284373629,29.913147735808465,35.0,0.1209859884460536,12.32896967327108
21.553306038999985,107.34208323299976,SAT_10096,20.82281948953886,195.87835962865609,99.0390335369083,169.59938888102693,-64.16688055382133,29.896147763556225,35.0,0.1211778174182866,12.342461618932346
21.553306038999985,107.44208323299975,SAT_10096,20.82419188911416,195.88607937626716,99.03917578579342,169.59899004139984,-64.16550815424603,29.896686781663217,35.0,0.12117172387187028,12.342033170637535
21.553306038999985,107.54208323299974,SAT_10096,20.815821728999296,195.83899722562106,99.03830776459047,169.60142223350647,-64.17387831436089,29.893398987286194,35.0,0.12120888891367765,12.344646179226936
21.553306038999985,107.64208323299974,SAT_10096,20.797716763441116,195.73715679435628,99.03642646262398,169.60668069831368,-64.19198327991907,29.88628438743082,35.0,0.12128928618901923,12.350297682847193
21.553306038999985,107.74208323299973,SAT_10096,20.769893725032432,195.5806522033074,99.03352533474072,169.61475516789125,-64.21980631832776,29.875342997257093,35.0,0.12141285881479123,12.358981288878818
21.553306038999985,107.84208323299973,SAT_10096,20.732378221207483,195.3696274942921,99.02959423408586,169.62562993200433,-64.2573218221527,29.860574840079664,35.0,0.12157951970227462,12.370687210525771
21.553306038999985,107.94208323299972,SAT_10096,20.685204576701764,195.10427574394745,99.02461930728536,169.63928393943294,-64.30449546665842,29.84197994736829,35.0,0.12178915204911087,12.385402322544662
21.653306038999986,103.042083233,SAT_10110,20.650183190290633,194.9072804453848,99.02092500911506,169.65004791682898,-64.33951685306955,29.82850059691408,35.0,0.12194062807708216,12.396028905077571
21.653306038999986,103.142083233,SAT_10110,20.555226707008657,194.3731502269237,99.01074902915782,169.677428577201,-64.43447333635153,29.79094317033777,35.0,0.1223628982496851,12.425625031238619
21.653306038999986,103.24208323299999,SAT_10110,20.45098699879992,193.78680186824957,98.99940595264766,169.7073808632021,-64.53871304456027,29.749586074236326,35.0,0.1228267877476385,12.458091467846861
21.653306038999986,103.34208323299998,SAT_10096,20.443853121612833,193.74667380907218,98.9985979990353,169.7087871970818,-64.54584692174735,29.746414037728357,35.0,0.12286281590865816,12.460610946485264
21.653306038999986,103.44208323299998,SAT_10096,20.50522534894432,194.0918925878118,99.0053060059386,169.69116945136085,-64.48447469441587,29.770783129638957,35.0,0.12258961931530588,12.441498753378667
21.653306038999986,103.54208323299997,SAT_10096,20.557052885220685,194.38342247936637,99.01092151688594,169.67626198551136,-64.4326471581395,29.791326216812724,35.0,0.12235900554055673,12.42535238390031
21.653306038999986,103.64208323299997,SAT_10096,20.599289565034738,194.6210038033204,99.01546491296422,169.66409306663178,-64.39041047832545,29.808043255465826,35.0,0.12217113210242331,12.412189535057076
21.653306038999986,103.74208323299996,SAT_10096,20.63189744657079,194.80442313696068,99.01895250431171,169.6546859376838,-64.3578025967894,29.820934209970225,35.0,0.122026128357797,12.402024740718021
21.653306038999986,103.84208323299995,SAT_10096,20.654847039795456,194.93351459884946,99.02139670216978,169.64805867103024,-64.33485300356473,29.829999052852987,35.0,0.12192409478486012,12.394869290602607
21.653306038999986,103.94208323299995,SAT_10096,20.66811748540553,195.00816085540612,99.02280614855196,169.64422405350462,-64.32158255795466,29.8352377647957,35.0,0.12186510242160137,12.39073116682413
21.653306038999986,104.04208323299994,SAT_10096,20.671696682239528,195.02829383759735,99.0231858058912,169.64318950454248,-64.31800336112066,29.836650334634125,35.0,0.12184919246668338,12.389614998745634
21.653306038999986,104.14208323299994,SAT_10096,20.665581361512196,194.9938951585061,99.02253700827843,169.64495702846676,-64.32411868184799,29.83423675935794,35.0,0.12187637604714337,12.391522036692024
21.653306038999986,104.24208323299993,SAT_10096,20.64977710690721,194.90499622635306,99.02085747520785,169.6495232015714,-64.33992293645298,29.827997044110703,35.0,0.12194663415554968,12.396450144836717
21.653306038999986,104.34208323299993,SAT_10096,20.62429832026575,194.76167805149487,99.01814128807302,169.65687919417772,-64.36540172309444,29.817931202189943,35.0,0.12205991775732553,12.404393813349332
21.653306038999986,104.44208323299992,SAT_10096,20.589168133318054,194.56407074991404,99.01437882899594,169.6670108273657,-64.40053191004213,29.804039255047428,35.0,0.1222161480670258,12.415344189656848
21.653306038999986,104.54208323299991,SAT_10096,20.544418266603458,194.31235274964442,99.00955668089425,169.6798986636158,-64.44528177675673,29.7863212322896,35.0,0.12241521699045112,12.42928912844007
21.653306038999986,104.64208323299991,SAT_10096,20.490088837393884,194.0067497103406,99.00365748698383,169.69551813015227,-64.4996112059663,29.764777171678155,35.0,0.12265698772764498,12.446213259764559
21.653306038999986,104.7420832329999,SAT_10096,20.426228119069677,193.64753316976694,98.99665976714898,169.7138396733561,-64.56347192429051,29.739407119130803,35.0,0.12294129553008294,12.466098074535136
21.653306038999986,104.8420832329999,SAT_10096,20.352892254976624,193.23501893424353,98.98853768776895,169.73482894223173,-64.63680778838356,29.710211128722193,35.0,0.12326794860375537,12.488922026270274
21.653306038999986,104.94208323299989,SAT_10096,20.27014493030012,192.7695652329382,98.97926078063716,169.75844699857672,-64.71955511306007,29.67718926268498,35.0,0.12363672914840342,12.514660648019918
21.653306038999986,105.04208323299989,SAT_10096,20.178057005938797,192.25157065840574,98.96879360551796,169.78465055120876,-64.81164303742139,29.640341591411072,35.0,0.12404739452191052,12.543286683101794
21.653306038999986,105.14208323299988,SAT_10096,20.076706118709012,191.6814719177382,98.95709534961216,169.8133922113782,-64.91299392465118,29.59966819345304,35.0,0.12449967851780008,12.574770228208232
21.653306038999986,105.24208323299987,SAT_10125,19.975588165189052,191.11268342918842,98.94516368360432,169.84029986659564,-65.01411187817114,29.558117089905476,35.0,0.12496287448405162,12.606966226996917
21.653306038999986,105.34208323299987,SAT_10125,20.10762350305521,191.85538220468558,98.96061551504884,169.80296475037397,-64.88207654030498,29.611231192394875,35.0,0.12437318796167135,12.565969794364213
21.653306038999986,105.44208323299986,SAT_10125,20.230648435808078,192.54739745142044,98.97472262698187,169.76802163604074,-64.75905160755211,29.660530191123538,35.0,0.12382423818321928,12.527735924451692
21.653306038999986,105.54208323299986,SAT_10125,20.344563131795553,193.18816761635,98.987542863804,169.73553134335424,-64.64513691156463,29.706013980875827,35.0,0.12331636848050534,12.492303180605706
21.653306038999986,105.64208323299985,SAT_10125,20.449273168724545,193.7771615740756,98.99912737747908,169.7055514664579,-64.54042687463564,29.74768246458751,35.0,0.12284990299644592,12.4597079697688
21.653306038999986,105.74208323299985,SAT_10125,20.544690033313074,194.31388143738604,99.00952124180655,169.67813605591851,-64.44501001004711,29.785535553343788,35.0,0.12242514506727782,12.429984362405117
21.653306038999986,105.84208323299984,SAT_10125,20.63073160254673,194.79786526432534,99.01876397905073,169.65333531183967,-64.35896844081346,29.819573166377563,35.0,0.12204237567513201,12.403163919676226
21.653306038999986,105.94208323299983,SAT_10125,20.70732260134602,195.22868963257136,99.02689001029691,169.6311952914752,-64.28237744201417,29.849795231067823,35.0,0.121701851985688,12.3792755296211
21.653306038999986,106.04208323299983,SAT_10125,20.77439503150778,195.60597205223127,99.03392903891378,169.61175763474156,-64.21530501185241,29.8762016829382,35.0,0.1214038059853164,12.358345254063732
21.653306038999986,106.14208323299982,SAT_10125,20.831888566946205,195.9293731890724,99.03990637484681,169.59505931092653,-64.15781147641398,29.898792465655692,35.0,0.12114844323155954,12.340396187911583
21.653306038999986,106.24208323299982,SAT_10125,20.879750910514417,196.1985988716436,99.04484320607895,169.58113238972834,-64.10994913284577,29.917567531029555,35.0,0.12093594173000051,12.325448332416999
21.653306038999986,106.34208323299981,SAT_10125,20.91793810803543,196.4134018576993,99.048756822418,169.5700038395325,-64.07176193532476,29.932526839010325,35.0,0.12076645094953402,12.313518483853056
21.653306038999986,106.4420832329998,SAT_10125,20.946414815615313,196.5735833378361,99.05166079576173,169.5616953555415,-64.04328522774487,29.943670357689047,35.0,0.12064009098678835,12.304620138905625
21.653306038999986,106.5420832329998,SAT_10125,20.965154516829116,196.6789941571638,99.0535651201144,169.55622322003106,-64.02454552653107,29.950998063296634,35.0,0.12055695188897675,12.29876341790767
21.653306038999986,106.6420832329998,SAT_10125,20.974139686974,196.72953573922877,99.05447631385388,169.55359819660436,-64.01556035638619,29.954509940203383,35.0,0.12051709314280232,12.295955006842417
21.653306038999986,106.74208323299979,SAT_10125,20.97336190224037,196.7251607001021,99.05439748604957,169.55382545988013,-64.01633814111982,29.954205980918687,35.0,0.1205205433352312,12.296198118823146
21.653306038999986,106.84208323299978,SAT_10125,20.962821892363976,196.66587314454736,99.05332836798704,169.55690456157356,-64.02687815099621,29.950086186090868,35.0,0.120567299990024,12.299492475523497
21.653306038999986,106.94208323299978,SAT_10125,20.942529536060405,196.5517286403398,99.0512653104463,169.56282943343763,-64.04717050729978,29.942150564507198,35.0,0.12065732958190732,12.305834308787443
21.653306038999986,107.04208323299977,SAT_10125,20.912503799301973,196.38283387107361,99.04820124668582,169.5715884270248,-64.07719624405821,29.930399133094074,35.0,0.12079056772822169,12.315216382399253
21.653306038999986,107.14208323299977,SAT_10125,20.872772617257,196.15934597207064,99.04412562049124,169.5831643897202,-64.11692742610319,29.91483191691735,35.0,0.1209669195558409,12.327628033744501
21.653306038999986,107.24208323299976,SAT_10125,20.82337272144113,195.88147155810637,99.0390242780319,169.59753477601242,-64.16632732191906,29.895448949182843,35.0,0.12118626023915992,12.343055234850318
21.653306038999986,107.34208323299976,SAT_10125,20.764349414342007,195.54946545567378,99.03287932161871,169.614671792491,-64.22535062901818,29.872250271236968,35.0,0.12144843570303873,12.3614806720611
21.653306038999986,107.44208323299975,SAT_10096,20.741984517101628,195.42366290869666,99.03059982282973,169.62284668798964,-64.24771552625856,29.864358067114896,35.0,0.12153683976885149,12.367690065614962
21.753306038999987,102.74208323300002,SAT_10110,20.888598322014275,196.2483655613303,99.04583297064902,169.58089575805428,-64.10110172134591,29.92230702615776,35.0,0.12088170162815814,12.321631287821234
21.753306038999987,102.942083233,SAT_10110,20.74586003549784,195.44546269967535,99.03102718038387,169.6223667383184,-64.24384000786235,29.86623018861473,35.0,0.12151545237785548,12.366188005780833
21.753306038999987,103.042083233,SAT_10110,20.6603012846265,194.96419472602406,99.02199836989459,169.64712496622474,-64.32939875873369,29.832495964794372,35.0,0.1218956503832548,12.39287410692007
21.753306038999987,103.142083233,SAT_10110,20.56538073880762,194.43026665579285,99.01184303520823,169.67450503612758,-64.42431930455257,29.794964631081395,35.0,0.1223177294016271,12.42246117010475
21.753306038999987,103.24208323299999,SAT_10110,20.46118057046513,193.84414070886635,99.0005232080518,169.70445668045096,-64.52851947289506,29.75363626773671,35.0,0.12278140863218802,12.454917651548612
21.753306038999987,103.34208323299998,SAT_10110,20.347789378669802,193.20631525501764,98.98799559416211,169.73692575619424,-64.64191066469039,29.708510963147823,35.0,0.12328638481312208,12.490209486830855
21.753306038999987,103.44208323299998,SAT_10096,20.404347728822444,193.52445597462628,98.99424677521732,169.7201076672616,-64.58535231453774,29.730703143559058,35.0,0.1230387372168858,12.472909053618313
21.753306038999987,103.54208323299997,SAT_10096,20.455977733389872,193.81487475031804,98.99992828486866,169.7053096734731,-64.53372230997032,29.751232030664042,35.0,0.12280883393103077,12.456835833230233
21.753306038999987,103.64208323299997,SAT_10096,20.498052802451,194.0515470137869,99.00452485316774,169.69323039323356,-64.49164724090919,29.767937513960494,35.0,0.12262154140537827,12.44373282023074
21.753306038999987,103.74208323299996,SAT_10096,20.530535525227563,194.23426232940503,99.00805312307877,169.68389273010308,-64.45916451813262,29.78081955783302,35.0,0.12247698731403313,12.433614358548517
21.753306038999987,103.84208323299995,SAT_10096,20.5533968260996,194.36285714681026,99.01052575836225,169.67731449145793,-64.43630321726059,29.789878134818423,35.0,0.12237527082392725,12.426491589797152
21.753306038999987,103.94208323299995,SAT_10096,20.566616139770517,194.43721578620918,99.011951576481,169.67350827607186,-64.42308390358967,29.79511322560515,35.0,0.12231646204381406,12.422372391079152
21.753306038999987,104.04208323299994,SAT_10096,20.570181535974854,194.45727113985856,99.01233564047313,169.67248139404313,-64.41951850738533,29.79652481903291,35.0,0.12230060163261648,12.421261330742501
21.753306038999987,104.14208323299994,SAT_10096,20.56408979213171,194.42300508074086,99.01167931145845,169.67423582013078,-64.42561025122848,29.79411291209246,35.0,0.12232770057149332,12.423159642618671
21.753306038999987,104.24208323299993,SAT_10096,20.548346413009966,194.33444857318105,99.00998026272326,169.67876818112177,-64.44135363035022,29.787877509925526,35.0,0.1223977401021785,12.428065219051804
21.753306038999987,104.34208323299993,SAT_10096,20.522965597146808,194.1916814839508,99.00723245563567,169.68606977740293,-64.46673444621338,29.777818625824928,35.0,0.12251067183228564,12.435972622803074
21.753306038999987,104.44208323299992,SAT_10096,20.487970150459745,193.99483209633607,99.00342607696022,169.69612663844205,-64.50172989290044,29.763936281234823,35.0,0.12266641800639545,12.446873117686813
21.753306038999987,104.54208323299991,SAT_10096,20.443391348154734,193.7440763333704,98.99854743644055,169.70891961144622,-64.54630869520545,29.74623050575115,35.0,0.12286487193989157,12.460754717570495
21.753306038999987,104.64208323299991,SAT_10096,20.389268746706804,193.43963670022578,98.9925788227891,169.72442448201082,-64.60043129665338,29.72470133712221,35.0,0.12310589861071979,12.477602253154064
21.753306038999987,104.7420832329999,SAT_10096,20.325649948280713,193.081780959079,98.98549831543045,169.7426121251867,-64.66405009507947,29.699348821249423,35.0,0.1233893354025517,12.497397455739657
21.753306038999987,104.8420832329999,SAT_10096,20.252590320545067,192.67082055306602,98.9772795484745,169.7634486849973,-64.73710972281512,29.67017301218825,35.0,0.12371499299126729,12.52011905701483
21.753306038999987,104.94208323299989,SAT_10096,20.170152675311115,192.20710879862506,98.96789142240966,169.7868957801289,-64.81954736804907,29.63717397214925,35.0,0.12408265636526378,12.545742903704147
21.753306038999987,105.04208323299989,SAT_10096,20.078406909873564,191.69103886803882,98.95729775787662,169.8129107332183,-64.91129313348662,29.600351771499348,35.0,0.1244920859688678,12.574242085798808
21.753306038999987,105.14208323299988,SAT_10096,19.977429615264526,191.12304158586298,98.94545688456408,169.84144682094805,-65.01227042809566,29.55970648876321,35.0,0.12494301895710046,12.605587076953725
21.753306038999987,105.24208323299987,SAT_10125,19.921377640288256,190.80774922662144,98.93873028136846,169.85557885440173,-65.06832240307193,29.536248649394825,35.0,0.12520514381958522,12.623787054245433
21.753306038999987,105.34208323299987,SAT_10125,20.05310606299149,191.54872160432714,98.95427997244722,169.81840136586942,-64.9365939803687,29.589325960638288,35.0,0.12461660331294293,12.582901971824626
21.753306038999987,105.44208323299986,SAT_10125,20.175842269105672,192.23911276371942,98.96847541914094,169.78360700772268,-64.81385777425452,29.638590810928783,35.0,0.12406872963244031,12.544772847828172
21.753306038999987,105.54208323299986,SAT_10125,20.289487212450865,192.87836557003615,98.98137509323375,169.75125610264146,-64.70021283090932,29.684043095090164,35.0,0.12356186355415273,12.509437959803861
21.753306038999987,105.64208323299985,SAT_10125,20.393947223478023,193.46595313206387,98.99303069630733,169.7214057676528,-64.59575281988216,29.725682716094603,35.0,0.12309632678329493,12.47693344154067
21.753306038999987,105.74208323299985,SAT_10125,20.489134503127744,194.00138158009355,99.00348778240583,169.69410959997262,-64.50056554023244,29.763509585060653,35.0,0.1226724203531918,12.447293104967287
21.753306038999987,105.84208323299984,SAT_10125,20.57496759840501,194.48419274102818,99.01278629173645,169.66941737385528,-64.41473244495518,29.79752362125149,35.0,0.12229042309417569,12.420548269257207
21.753306038999987,105.94208323299983,SAT_10125,20.651371854547435,194.91396668182932,99.02096100697374,169.64737475183082,-64.33832818881275,29.827724752073312,35.0,0.1219505901869231,12.396727598868319
21.753306038999987,106.04208323299983,SAT_10125,20.71827983873466,195.29032409288246,99.02804194170993,169.62802301367046,-64.27142020462553,29.854112913073912,35.0,0.12165315181442882,12.37585695221456
21.753306038999987,106.14208323299982,SAT_10125,20.77563173044213,195.61292848373697,99.03405466890737,169.61139880632604,-64.21406831291806,29.876688047941393,35.0,0.12139831192626273,12.357959242607153
21.753306038999987,106.24208323299982,SAT_10125,20.82337567380023,195.88148816512629,99.03902059579673,169.59753391792208,-64.16632436955996,29.895450108503056,35.0,0.12118624712796344,12.343054313012978
21.753306038999987,106.34208323299981,SAT_10125,20.861468087657585,196.0957579930739,99.04295719046623,169.5864550786613,-64.1282319557026,29.910399054724433,35.0,0.12101710570739777,12.331158826058351
21.753306038999987,106.4420832329998,SAT_10125,20.88987392948701,196.25554085336444,99.04587816436154,169.5781837912139,-64.09982611387318,29.92153485470852,35.0,0.12089100680866914,12.322286170559124
21.753306038999987,106.5420832329998,SAT_10125,20.908566909786984,196.36068886755177,99.04779361402443,169.57273619282108,-64.0811331335732,29.928857484695122,35.0,0.12080803976270847,12.316446385684541
21.753306038999987,106.6420832329998,SAT_10125,20.917529654214647,196.41110430495743,99.04871012460923,169.5701229509575,-64.07217038914554,29.93236692906039,35.0,0.12076826358204996,12.313646103666377
21.753306038999987,106.74208323299979,SAT_10125,20.916753811346155,196.4067401888221,99.04863083700756,169.57034919395562,-64.07294623201403,29.932063180316522,35.0,0.12077170662551563,12.313888511749408
21.753306038999987,106.84208323299978,SAT_10125,20.90624010464373,196.34760058862096,99.04755547975539,169.57341447754243,-64.08345993871646,29.92794623911159,35.0,0.12081836643663538,12.317173333848993
21.753306038999987,106.94208323299978,SAT_10125,20.88599832794975,196.23374059471732,99.04548036627811,169.579312787741,-64.10370171541044,29.92001611422959,35.0,0.12090820975765455,12.32349683214137
21.753306038999987,107.04208323299977,SAT_10125,20.85604728456599,196.0652659756837,99.04239835742577,169.58803258009866,-64.1336527587942,29.908272822590572,35.0,0.12104117271896832,12.332851828567152
21.753306038999987,107.14208323299977,SAT_10125,20.816414670717705,195.8423325227871,99.03829878864568,169.5995568547081,-64.17328537264248,29.89271638925101,35.0,0.12121716120181251,12.34522774598356
21.853306038999985,102.74208323300002,SAT_10110,20.887398939275826,196.24161903342653,99.04570522205167,169.58124509608953,-64.10230110408436,29.921836887036623,35.0,0.12088702401833042,12.322005871013113
21.853306038999985,102.84208323300001,SAT_10110,20.82083129605961,195.8671760403353,99.03883931640298,169.60061073790482,-64.16886874730058,29.89571533473279,35.0,0.12118249986248893,12.342790844266053
21.853306038999985,102.942083233,SAT_10110,20.744765449707415,195.43930565460423,99.0309092375932,169.62268395158804,-64.24493459365277,29.865799186603283,35.0,0.12152031487939614,12.366529513788619
21.853306038999985,103.042083233,SAT_10110,20.659269267833608,194.95838963156405,99.02188649082065,169.64742314658164,-64.33043077552658,29.832088506634637,35.0,0.12190023782664888,12.393195897752921
21.853306038999985,103.142083233,SAT_10110,20.564417923953016,194.42485082223573,99.01173805290037,169.67478229389346,-64.42528211940717,29.794583366933757,35.0,0.1223220122106295,12.422761180236837
21.853306038999985,103.24208323299999,SAT_10110,20.460293468275893,193.83915075905193,99.00042600926376,169.70471120099913,-64.5294065750843,29.75328384772932,35.0,0.12278535764602018,12.45519386416846
21.853306038999985,103.34208323299998,SAT_10110,20.346984369525842,193.2017870785829,98.98790712787782,169.73715580482184,-64.64271567383435,29.70819003737334,35.0,0.12328997131528656,12.490459935070565
21.853306038999985,103.44208323299998,SAT_10096,20.292754602513725,192.8967446391397,98.98181136948322,169.75200047269215,-64.69694544084646,29.686220384164365,35.0,0.12353594275699335,12.50762940956169
21.853306038999985,103.54208323299997,SAT_10096,20.344171800518552,193.18596637791686,98.98756828987668,169.73732120456373,-64.64552824284164,29.706735015767112,35.0,0.12330680278819436,12.491635251256827
21.853306038999985,103.64208323299997,SAT_10096,20.386072762327032,193.4216592880896,98.99222560985743,169.72533913541272,-64.60362728103316,29.72342889859796,35.0,0.12312013438017608,12.478596909838211
21.853306038999985,103.74208323299996,SAT_10096,20.41842064891003,193.6036161501189,98.99580035483788,169.71607680352207,-64.57127939445016,29.736301997054067,35.0,0.12297606339193212,12.468528524590225
21.853306038999985,103.84208323299995,SAT_10096,20.4411868307904,193.731675923196,98.99830547870036,169.70955173110684,-64.54851321256979,29.745354283681923,35.0,0.12287468757615391,12.461441077568715
21.853306038999985,103.94208323299995,SAT_10096,20.45435105916698,193.80572470781428,98.99975000045906,169.7057763145777,-64.5353489841932,29.750585739176774,35.0,0.1228160760394367,12.457342332752848
21.853306038999985,104.04208323299994,SAT_10096,20.457901587733758,193.8256964310024,99.00013909871576,169.7047577463855,-64.53179845562643,29.751996352382267,35.0,0.12280026885863062,12.456236792764564
21.853306038999985,104.14208323299994,SAT_10096,20.45183524364539,193.79157324550533,98.9994741656368,169.70649796947865,-64.5378647997148,29.74958612029022,35.0,0.12282727685757755,12.458125673668784
21.853306038999985,104.24208323299993,SAT_10096,20.436157446724664,193.70338563782624,98.99775282143172,169.7109936649744,-64.55354259663552,29.743355048040545,35.0,0.12289708154671539,12.463006898154944
21.853306038999985,104.34208323299993,SAT_10096,20.410882176662938,193.56121224372902,98.9949688895952,169.71823627321115,-64.57881786669725,29.733303148921372,35.0,0.12300963522622237,12.470875107181254
21.853306038999985,104.44208323299992,SAT_10096,20.37603188863575,193.3651793735761,98.99111233246401,169.72821204789955,-64.61366815472444,29.719430444369312,35.0,0.12316486125155332,12.481721689942642
21.853306038999985,104.54208323299991,SAT_10096,20.33163737841015,193.11546025355707,98.98616914591771,169.74090214265613,-64.65806266495004,29.70173696396986,35.0,0.12336265445841889,12.495534831805356
21.853306038999985,104.64208323299991,SAT_10096,20.277737598653232,192.81227399242442,98.98012121129123,169.7562827287814,-64.71196244470696,29.680222745458018,35.0,0.12360288174252,12.512299579641057
21.853306038999985,104.7420832329999,SAT_10096,20.214379428749837,192.45588428671783,98.97294610174876,169.77432514274693,-64.77532061461035,29.65488783471902,35.0,0.12388538278770181,12.531997923794743
21.853306038999985,104.8420832329999,SAT_10096,20.14161740097859,192.04659788050458,98.96461683946174,169.79499606149815,-64.8480826423816,29.62573228578925,35.0,0.12420997093466836,12.554608895738033
21.853306038999985,104.94208323299989,SAT_10096,20.059513386387295,191.58476279842853,98.95510159891165,169.81825770335323,-64.9301866569729,29.59275616085734,35.0,0.12457643418102705,12.580108680295975
21.853306038999985,105.04208323299989,SAT_10096,19.96813624411773,191.07076637316223,98.94436335046211,169.84406805201183,-65.02156379924246,29.55595953026538,35.0,0.12498453630223423,12.60847074119377
21.853306038999985,105.14208323299988,SAT_10096,19.86756143827455,190.50503309029435,98.9323594369739,169.87238110096132,-65.12213860508564,29.515342472510326,35.0,0.1254340180820075,12.63966595855264
21.853306038999985,105.24208323299987,SAT_10125,19.856369806725198,190.44208016282926,98.93094082701872,169.87386284652982,-65.13333023663499,29.50997784723777,35.0,0.12549578767579744,12.643949449667144
21.853306038999985,105.34208323299987,SAT_10125,19.987749863563124,191.18109298254257,98.94661208676652,169.83686816458854,-65.00195017979706,29.563018224029552,35.0,0.12490853591491798,12.603191703323162
21.853306038999985,105.44208323299986,SAT_10125,20.11015827702424,191.86964030826135,98.96091725108823,169.8022463112851,-64.87954176633595,29.61224879296476,35.0,0.1243618727090408,12.565182375306561
21.853306038999985,105.54208323299986,SAT_10125,20.223496907492247,192.50717010464388,98.9739155765928,169.77005703520862,-64.76620313586794,29.65766944890649,35.0,0.12385613588569629,12.529959413680107
21.853306038999985,105.64208323299985,SAT_10125,20.327672954056638,193.09316036656858,98.98565945210439,169.74035690245438,-64.66202708930355,29.699280094863088,35.0,0.12339164433830128,12.497558637373947
21.853306038999985,105.74208323299985,SAT_10125,20.422599441713444,193.62712185963812,98.99619503191843,169.7131989868384,-64.56710060164674,29.737080641986246,35.0,0.12296869644435143,12.468013560350233
21.853306038999985,105.84208323299984,SAT_10125,20.508195690408485,194.1086007585477,99.00556277842279,169.68863257104448,-64.4815043529517,29.771071009569223,35.0,0.12258756855303961,12.441355222923411
21.853306038999985,105.94208323299983,SAT_10125,20.58438776088707,194.53718115498978,99.01379792590416,169.66670286202736,-64.40531228247312,29.801251125045273,35.0,0.12224851355657416,12.417612031934452
21.853306038999985,106.04208323299983,SAT_10125,20.651108872393465,194.91248740721323,99.02093087528799,169.64745072394675,-64.33859117096672,29.827620923986185,35.0,0.12195175955915649,12.396809611447004
21.853306038999985,106.14208323299982,SAT_10125,20.708299787413495,195.2341863042009,99.02698752783458,169.6309124318171,-64.28140025594669,29.850180350101038,35.0,0.12169750865702914,12.378970665573592
21.853306038999985,106.24208323299982,SAT_10125,20.755909158907826,195.50198901885653,99.03198956437016,169.61711944889387,-64.23379088445236,29.868929355235057,35.0,0.12148593584222324,12.36411485495132
21.853306038999985,106.34208323299981,SAT_10125,20.793893835820967,195.71565282649294,99.03595467540761,169.60609823059735,-64.19580620753922,29.88386789936869,35.0,0.12131718804162514,12.352258688268927
21.853306038999985,106.4420832329998,SAT_10125,20.82221912307851,195.87498256731666,99.03889674646307,169.59787005749473,-64.16748092028168,29.894995950616792,35.0,0.12119138330175502,12.343415430101974
21.853306038999985,106.5420832329998,SAT_10125,20.840858992789506,195.97983183444097,99.04082600196416,169.5924508995277,-64.14884105057068,29.902313485228017,35.0,0.12110861012822444,12.337595026142768
21.853306038999985,106.6420832329998,SAT_10125,20.849796243951005,196.03010387222443,99.04174911034148,169.5898513132872,-64.13990379940918,29.905820487584332,35.0,0.1210689269872389,12.334804046719077
21.853306038999985,106.74208323299979,SAT_10125,20.84902260858371,196.02575217328337,99.04166925216931,169.5900763737183,-64.14067743477648,29.905516950200717,35.0,0.12107236197476287,12.335045649284146
21.853306038999985,106.84208323299978,SAT_10125,20.838538802918222,195.96678076641504,99.04058615255485,169.59312564117485,-64.15116124044197,29.901402873725008,35.0,0.12111891265710333,12.33831956033501
21.853306038999985,106.94208323299978,SAT_10125,20.81835452295607,195.85324419162788,99.03849607834162,169.59899316427712,-64.17134552040412,29.893478266937922,35.0,0.12120854608472975,12.344622076980185
21.953306038999983,102.64208323300002,SAT_10110,20.93191619322954,196.49202858691618,99.05025373972339,169.5682688625666,-64.05778385013065,29.93927492799312,35.0,0.12068950594098218,12.308100409616179
21.953306038999983,102.74208323300002,SAT_10110,20.874969482738294,196.1717033404029,99.04442388663209,169.58486448902508,-64.1147305606219,29.916963680772774,35.0,0.1209421838818857,12.325887568487701
21.953306038999983,102.84208323300001,SAT_10110,20.808474644723916,195.79766987657203,99.03755343020788,169.6042004908804,-64.18122539863627,29.890860442325575,35.0,0.12123736384208159,12.34664798623937
21.953306038999983,102.942083233,SAT_10110,20.732491668337644,195.37026563439926,99.02961807271092,169.6262400810877,-64.25720837502254,29.860965268496674,35.0,0.12157484165348738,12.37035872077803
21.953306038999983,103.042083233,SAT_10110,20.64708822272918,194.88987125285166,99.02058929100335,169.6509417938305,-64.342611820631,29.827278223247074,35.0,0.1219543867215498,12.396993863326042
21.953306038999983,103.142083233,SAT_10110,20.552339263525766,194.35690835733243,99.01043402916687,169.6782597369122,-64.43736077983442,29.78979937865489,35.0,0.12237574326589304,12.426524678311223
21.953306038999983,103.24208323299999,SAT_10110,20.448326605468594,193.77183715576084,98.99911433517391,169.70814386545584,-64.5413734378916,29.74852881491675,35.0,0.12283863167439286,12.458919755678123
21.953306038999983,103.34208323299998,SAT_10110,20.335138466164437,193.13515387217495,98.98658693441618,169.74054027362396,-64.65456157719575,29.703466620349367,35.0,0.12334274995689985,12.49414517396424
21.953306038999983,103.44208323299998,SAT_10110,20.212868986080807,192.44738804670456,98.97280273136111,169.77539150096305,-64.77683105727938,29.654612891391263,35.0,0.12388777528427236,12.532164672423319
21.953306038999983,103.54208323299997,SAT_10096,20.22174413670146,192.49731076894574,98.97378658206313,169.77222996558456,-64.76795590665873,29.65783526084102,35.0,0.12385253851224096,12.529708663402948
21.953306038999983,103.64208323299997,SAT_10096,20.26345908454114,192.73195735054392,98.97851272251512,169.76035230343555,-64.72624095881905,29.674517498118142,35.0,0.1236665355452245,12.516739617956425
21.953306038999983,103.74208323299996,SAT_10096,20.295662915479554,192.9131038995725,98.98214011263416,169.75117087573994,-64.69403712788063,29.68738161638936,35.0,0.1235229796499228,12.50672488888013
21.953306038999983,103.84208323299995,SAT_10096,20.318327475454268,193.04059204943024,98.9846820369726,169.74470290100558,-64.67137256790592,29.69642758821077,35.0,0.12342196706865369,12.499675288042454
21.953306038999983,103.94208323299995,SAT_10096,20.331432852901287,193.11430979756975,98.9861477442363,169.74096056013428,-64.6582671904589,29.70165539428439,35.0,0.12336356583780383,12.495598458771198
21.953306038999983,104.04208323299994,SAT_10096,20.334967497519415,193.13419217354672,98.9865425447144,169.7399509202944,-64.65473254584077,29.703065023457775,35.0,0.12334781541265276,12.494498833591505
21.953306038999983,104.14208323299994,SAT_10096,20.328928289454552,193.10022162818186,98.98586786595007,169.7416758905597,-64.66077175390564,29.70065647272379,35.0,0.1233747264490537,12.49637760962069
21.953306038999983,104.24208323299993,SAT_10096,20.313320558022838,193.01242813887848,98.98412126767283,169.74613220990267,-64.67637948533735,29.694429747220546,35.0,0.123444280744377,12.501232741910847
21.953306038999983,104.34208323299993,SAT_10096,20.28815804973668,192.87088902976882,98.98129641626444,169.7533114676986,-64.70154199362351,29.68438486023153,35.0,0.12355643133836798,12.509058954818064
21.953306038999983,104.44208323299992,SAT_10096,20.25346284603873,192.67572850896784,98.97738301829251,169.76320015647082,-64.73623719732146,29.670521833185827,35.0,0.12371110277280624,12.51984777126366
21.953306038999983,104.54208323299991,SAT_10096,20.209265231787356,192.42711692880388,98.97236671189141,169.77577975618246,-64.78043481157283,29.652840695658583,35.0,0.1239081915071083,12.53358755954184
21.953306038999983,104.64208323299991,SAT_10096,20.155603516142605,192.12526977830217,98.96622891397907,169.7910268489789,-64.83409652721758,29.63134148537157,35.0,0.12414756648532951,12.55026359712491
21.953306038999983,104.7420832329999,SAT_10096,20.092523808083527,191.77044642046985,98.9589466204443,169.80891326289753,-64.89717623527666,29.606024248193947,35.0,0.12442906984842235,12.569858150724645
21.953306038999983,104.8420832329999,SAT_10096,20.02007974931712,191.3629485899088,98.95049215549467,169.82940624271072,-64.96962029404307,29.576889038143165,35.0,0.12475251778412982,12.592350571691393
21.953306038999983,104.94208323299989,SAT_10096,19.938332207801835,190.90311866888533,98.94083286528718,169.85246864576504,-65.05136783555835,29.543935917386044,35.0,0.1251177015055593,12.617717405673808
21.953306038999983,105.04208323299989,SAT_10096,19.847348935522774,190.39133776231563,98.92993074973698,169.8780591604047,-65.14235110783741,29.507164956240008,35.0,0.1255243883483166,12.645932515324418
21.953306038999983,105.14208323299988,SAT_10096,19.747204194476637,189.82802359393108,98.91774202496524,169.906132544361,-65.24249584888355,29.466576233174482,35.0,0.12597232297509936,12.676967214721941
21.953306038999983,105.24208323299987,SAT_10125,19.780627092886817,190.01602739748833,98.92176090553353,169.89511376380338,-65.20907295047337,29.47930473581178,35.0,0.12583459172482464,12.667429330756944
21.953306038999983,105.34208323299987,SAT_10125,19.911618438593322,190.75285371708745,98.93757840400312,169.85832636359123,-65.07808160476687,29.53230803501547,35.0,0.12524876788807426,12.626814508303015
21.953306038999983,105.44208323299986,SAT_10125,20.033661044577514,191.4393433757485,98.9520155301315,169.82390009394283,-64.95603899878267,29.581504189742606,35.0,0.1247034461661361,12.588939648416318
21.953306038999983,105.54208323299986,SAT_10125,20.146657793933016,192.07495009087322,98.96513249078126,169.79189405560123,-64.84304224942717,29.626893094895284,35.0,0.12419896105929894,12.553842327661922
21.953306038999983,105.64208323299985,SAT_10125,20.25051686547654,192.65915736830556,98.97698250653251,169.76236419308498,-64.73918317788365,29.66847465351781,35.0,0.12373562828872636,12.521558010027748
21.953306038999983,105.74208323299985,SAT_10125,20.34515221347469,193.19148120079515,98.9876124578704,169.73536298981116,-64.6445478298855,29.70624877679479,35.0,0.12331374323621165,12.49211987363291
21.953306038999983,105.84208323299984,SAT_10125,20.43048402935264,193.6714726651086,98.99706343869364,169.71093917407052,-64.55921601400755,29.740215384049396,35.0,0.12293357945279033,12.465558644533639
21.953306038999983,105.94208323299983,SAT_10125,20.506439180455033,194.09872039005955,99.00537122927526,169.68913743910457,-64.48326086290515,29.770374402741748,35.0,0.12259538725021904,12.441902439292123
21.953306038999983,106.04208323299983,SAT_10125,20.57295162100195,194.47285286813596,99.0125666986744,169.66999818049368,-64.41674842235824,29.796725768467496,35.0,0.12229939238901238,12.421176617943043
21.953306038999983,106.14208323299982,SAT_10125,20.629962770538114,194.7935405842769,99.01867614482786,169.65355725396927,-64.35973727282207,29.819269424956552,35.0,0.12204579487618766,12.403403648933182
21.953306038999983,106.24208323299982,SAT_10125,20.67742185541971,195.06049793673586,99.02372157906446,169.63984575660515,-64.31227818794048,29.838005324071972,35.0,0.12183476788509558,12.388602987522205
21.953306038999983,106.34208323299981,SAT_10125,20.71528620921808,195.2734849268517,99.02772096053124,169.62888983412554,-64.27441383414211,29.852933425809002,35.0,0.12166645680872278,12.376790969016836
21.953306038999983,106.4420832329998,SAT_10125,20.743521528333744,195.4323085968773,99.03068838494347,169.62071051679555,-64.24617851502644,29.86405369829431,35.0,0.12154097845664615,12.367980718068551
21.953306038999983,106.5420832329998,SAT_10125,20.76210207961641,195.53682419784232,99.03263423113785,169.6153235860267,-64.22759796374378,29.87136611778532,35.0,0.1214584204044219,12.362182075097978
21.953306038999983,106.6420832329998,SAT_10125,20.771010857344365,195.58693607256208,99.0335652680829,169.6127394734625,-64.21868918601582,29.874870668669786,35.0,0.12141884050262114,12.359401540720482
21.953306038999983,106.74208323299979,SAT_10125,20.770239687545228,195.58259824244192,99.03348472425874,169.61296319388867,-64.21946035581496,29.874567343465454,35.0,0.12142226655101267,12.359642238840724
21.953306038999983,106.84208323299978,SAT_10125,20.75978927830255,195.52381469045187,99.03239232063335,169.615994312873,-64.22991076505764,29.870456142819922,35.0,0.1214686961415691,12.36290389886299
22.053306038999985,102.54208323300003,SAT_10110,20.955464449690396,196.62448752950849,99.05264470906846,169.56139657947617,-64.03423559366979,29.948489116191126,35.0,0.12058505162746952,12.300743078757277
22.053306038999985,102.64208323300002,SAT_10110,20.90818702400182,196.35855201001024,99.04782564289279,169.57518816318623,-64.08151301935837,29.929982950759236,35.0,0.12079478141292732,12.315513025518456
22.053306038999985,102.74208323300002,SAT_10110,20.85132326619089,196.03869337232376,99.04198424199235,169.5917457608745,-64.1383767771693,29.907687417078886,35.0,0.12104713600441491,12.333271297369288
22.053306038999985,102.84208323300001,SAT_10110,20.78492490226725,195.6652025752533,99.03510010846648,169.61103763689573,-64.20477514109294,29.881602562861524,35.0,0.1213419395064886,12.353998127552245
22.053306038999985,102.942083233,SAT_10110,20.709051659701373,195.23841558582023,99.02714886284025,169.63302716998953,-64.28064838365881,29.85172844393012,35.0,0.12167898859240366,12.37767066900699
22.053306038999985,103.042083233,SAT_10110,20.623770914764435,194.75871139554997,99.0181018857365,169.6576730797126,-64.36592912859575,29.818065124220293,35.0,0.12205805361175252,12.404263119491702
22.053306038999985,103.142083233,SAT_10110,20.52915730154092,194.22650982116767,99.0079260093012,169.68492967716367,-64.46054274181927,29.780612675781533,35.0,0.12247887982382893,12.433746860613295
22.053306038999985,103.24208323299999,SAT_10110,20.425292287278182,193.64226911593977,98.99658315244587,169.714747136902,-64.564407756082,29.73937117877862,35.0,0.12294118874385115,12.466090609214774
22.053306038999985,103.34208323299998,SAT_10110,20.312263718992355,193.00648341933203,98.98402989267376,169.7470717867961,-64.67743632436783,29.69434072149317,35.0,0.12344467958837564,12.501260579476524
22.053306038999985,103.44208323299998,SAT_10110,20.190165346414588,192.31968007358208,98.97021696571558,169.7818464124379,-64.7995346969456,29.64552140032538,35.0,0.12398903080567177,12.53922065402742
22.053306038999985,103.54208323299997,SAT_10096,20.088811666797213,191.74956562573433,98.95852018032531,169.80996461849853,-64.90088837656297,29.60453286339366,35.0,0.1244456397883546,12.571010981669751
22.053306038999985,103.64208323299997,SAT_10096,20.130329315068437,191.98310239725996,98.96332377756862,169.79819816325283,-64.85937072829175,29.621203410049645,35.0,0.1242603415946458,12.558115633493921
22.053306038999985,103.74208323299996,SAT_10096,20.16238035317096,192.16338948658662,98.9670104160911,169.78910290514762,-64.82731969018923,29.634058513383465,35.0,0.12411733123752038,12.548157967187555
22.053306038999985,103.84208323299995,SAT_10096,20.184937129183552,192.2902713516575,98.96959375513339,169.78269574212166,-64.80476291417664,29.643098145960767,35.0,0.12401670335992673,12.541148614655814
22.053306038999985,103.94208323299995,SAT_10096,20.19798008770843,192.36363799335993,98.97108330363363,169.77898862762288,-64.79171995565176,29.648322288490288,35.0,0.12395852486506352,12.5370950916541
22.053306038999985,104.04208323299994,SAT_10096,20.201497885442237,192.38342560561262,98.97148452106471,169.77798849659803,-64.78820215791795,29.649730929823466,35.0,0.12394283455009199,12.536001756593297
22.053306038999985,104.14208323299994,SAT_10096,20.19548745849167,192.34961695401563,98.97079887504529,169.77969722237214,-64.79421258486852,29.64732406695421,35.0,0.12396964289300295,12.537869786557598
22.053306038999985,104.24208323299993,SAT_10096,20.179954040593003,192.26224147833565,98.96902385679162,169.78411160497515,-64.80974600276718,29.64110170501885,35.0,0.12403893199496509,12.542697170815922
22.053306038999985,104.34208323299993,SAT_10096,20.15491113200011,192.1213751175006,98.9661529546948,169.7912233910746,-64.83478891136008,29.63106385729624,35.0,0.12415065567878401,12.55047872190294
22.053306038999985,104.44208323299992,SAT_10096,20.12038041943768,191.92713985933693,98.96217558553629,169.80101932524838,-64.86931962392251,29.617210545208014,35.0,0.12430473974239716,12.561206104139746
22.053306038999985,104.54208323299991,SAT_10096,20.076391648119895,191.6797030206744,98.95707698206508,169.813481231934,-64.91330839524029,29.599541798319013,35.0,0.1245010823646393,12.574867879260673
22.053306038999985,104.64208323299991,SAT_10096,20.022982447428433,191.37927626678493,98.95083803483358,169.82858612699476,-64.96671759593175,29.578057654337883,35.0,0.12473955465888525,12.591449568615982
22.053306038999985,104.7420832329999,SAT_10096,19.960198112400647,191.02611438225364,98.94343508529421,169.84630635747408,-65.02950193095954,29.5527581591178,35.0,0.12502000136862648,12.610933731234642
22.053306038999985,104.8420832329999,SAT_10096,19.888091343684906,190.6205138082276,98.93483966616957,169.86660976777534,-65.10160869967528,29.523643366657403,35.0,0.12534224169760852,12.633300056859733
22.053306038999985,104.94208323299989,SAT_10096,19.806721949081023,190.16281096358077,98.92501818399053,169.8894598901995,-65.18297809427916,29.490713339101852,35.0,0.1257060702658613,12.658525472915652
22.053306038999985,105.04208323299989,SAT_10096,19.716156510169583,189.6533803697039,98.91393153740829,169.91481615752033,-65.2735435331906,29.453968146744067,35.0,0.126111258181824,12.686584264232525
22.053306038999985,105.14208323299988,SAT_10096,19.674264555180756,189.41773812289176,98.9087469880802,169.92651785694108,-65.31543548817943,29.436938035504152,35.0,0.12629876739304216,12.69955689934947
22.053306038999985,105.24208323299987,SAT_10096,19.729096765287125,189.72616930474007,98.91552577579856,169.91119808909733,-65.26060327807306,29.459224430831284,35.0,0.12605334825723807,12.682576271549776
22.053306038999985,105.34208323299987,SAT_10125,19.824784875239743,190.26441492322357,98.92713876974305,169.8827313794215,-65.16491516812044,29.497195454823547,35.0,0.12563704833122766,12.653742195191269
22.053306038999985,105.44208323299986,SAT_10125,19.946424844769382,190.94863975182778,98.94173114899053,169.84852301689986,-65.0432751985908,29.546357062553778,35.0,0.1250931952959422,12.616016048948781
22.053306038999985,105.54208323299986,SAT_10125,20.059045263541137,191.5821296074189,98.95498766375125,169.81672111180757,-64.93065477981905,29.591714094406996,35.0,0.12459008078579745,12.581057681632682
22.053306038999985,105.64208323299985,SAT_10125,20.162555395827724,192.16437410153094,98.96696251936619,169.78738091997556,-64.82714464753246,29.633266453463236,35.0,0.12412801700448088,12.548902164015661
22.053306038999985,105.74208323299985,SAT_10125,20.256870225231765,192.6948950169287,98.97770345575668,169.76055427082383,-64.73282981812842,29.671014050939835,35.0,0.12370729601276878,12.51958230223165
22.053306038999985,105.84208323299984,SAT_10125,20.341910908313153,193.17324885926152,98.98725231393425,169.73628927865562,-64.64778913504703,29.704956806189674,35.0,0.12332818826027049,12.49312847432082
22.053306038999985,105.94208323299983,SAT_10125,20.417605205540113,193.59902928116315,98.99564551988864,169.71463006788423,-64.57209483782007,29.735094646699576,35.0,0.12299094119911257,12.469568475436313
22.053306038999985,106.04208323299983,SAT_10125,20.483887884820817,193.97186935211712,99.00291449615561,169.6956165153244,-64.50581215853937,29.76142750808891,35.0,0.12269577799296265,12.448927373310939
22.053306038999985,106.14208323299982,SAT_10125,20.540701093023515,194.29144364825729,99.00908600953781,169.67928401258717,-64.44899895033667,29.783955334108285,35.0,0.12244289633425587,12.431227375523523
22.053306038999985,106.24208323299982,SAT_10125,20.58799469114085,194.55747013766728,99.01418246192154,169.66566325145766,-64.40170535221934,29.802678076638472,35.0,0.1222324673817272,12.416487710018428
22.053306038999985,106.34208323299981,SAT_10125,20.62572654907399,194.76971183854118,99.01822212983699,169.65478003492788,-64.3639734942862,29.817595695689437,35.0,0.1220646348293795,12.404724520218368
22.053306038999985,106.4420832329998,SAT_10125,20.65386279642732,194.92797822990366,99.0212193573025,169.64665511628448,-64.33583724693287,29.828708159399564,35.0,0.12193951411683418,12.395950775931126
22.053306038999985,106.5420832329998,SAT_10125,20.672378026186337,195.03212639729816,99.02318470553078,169.64130406833138,-64.31732201717385,29.836015444035024,35.0,0.12185719178964567,12.390176201087847
22.053306038999985,106.6420832329998,SAT_10125,20.681255448702842,195.0820618989535,99.02412506222734,169.63873718446376,-64.30844459465735,29.839517533989294,35.0,0.12181772501662366,12.387407219166256
22.153306038999986,102.44208323300003,SAT_10110,20.95801650464081,196.63884283860455,99.05289851381386,169.56065144868137,-64.03168353871938,29.949487292958175,35.0,0.12057373244508529,12.299945650551086
22.153306038999986,102.54208323300003,SAT_10110,20.920437555191995,196.42746124795497,99.04907262716233,169.57161669698104,-64.06926248816819,29.934780947164892,35.0,0.12074042906969937,12.311686309282356
22.153306038999986,102.64208323300002,SAT_10110,20.873246178513128,196.16200975413636,99.04423767432965,169.5853661808724,-64.11645386484706,29.916287874464967,35.0,0.12094983202430076,12.326425726415335
22.153306038999986,102.74208323300002,SAT_10110,20.81648553554828,195.8427311374591,99.03837693115659,169.60187341103062,-64.1732145078119,29.894008114443587,35.0,0.12120179462166664,12.344147416603189
22.153306038999986,102.84208323300001,SAT_10110,20.750207051895273,195.4699146669109,99.0314698829844,169.6211068429282,-64.23949299146491,29.867941714793357,35.0,0.12149614192410305,12.364831721405963
22.153306038999986,102.942083233,SAT_10110,20.674470110483085,195.04389437146736,99.0234920103047,169.6430300743209,-64.3152299328771,29.838088731315228,35.0,0.12183267170591959,12.388455918165507
22.153306038999986,103.042083233,SAT_10110,20.589341701948726,194.56504707346156,99.01441452867392,169.66760206967493,-64.40035834141146,29.804449227919566,35.0,0.12221115555246542,12.414994344103631
22.153306038999986,103.142083233,SAT_10110,20.494896036978815,194.03379020800585,99.00420407801272,169.69477740869647,-64.49480400638137,29.767023276627413,35.0,0.12263134008402113,12.444418534228292
22.153306038999986,103.24208323299999,SAT_10110,20.391214125225645,193.45057945439424,98.99282235529988,169.7245065559018,-64.59848591813454,29.725810957571873,35.0,0.12309294829181364,12.476697371512804
22.153306038999986,103.34208323299998,SAT_10110,20.278383325665274,192.81590620686717,98.98022568336206,169.75673614799948,-64.71131671769491,29.680812358999688,35.0,0.12359568097262628,12.511797247722505
22.153306038999986,103.44208323299998,SAT_10110,20.156496873424032,192.1302949130102,98.96636450690282,169.7914092957589,-64.83320316993616,29.632027577272943,35.0,0.12413921824791711,12.54968223320227
22.153306038999986,103.54208323299997,SAT_10110,20.0256533881753,191.39430030848607,98.95118280504673,169.82846589699568,-64.96404665518489,29.579456716870947,35.0,0.1247232211530365,12.590314253907126
22.153306038999986,103.64208323299997,SAT_10096,19.986808187164016,191.17579605279758,98.94658754640186,169.83880069405106,-65.00289185619617,29.56348674071256,35.0,0.12490112372367253,12.602676779134
22.153306038999986,103.74208323299996,SAT_10096,20.018698197559473,191.35517736127204,98.95034053719209,169.82979655106215,-64.97100184580071,29.57633279437233,35.0,0.12475868773264732,12.59277940137825
22.153306038999986,103.84208323299995,SAT_10096,20.041141382556887,191.4814202768825,98.95297025449497,169.82345368766863,-64.9485586608033,29.58536606327901,35.0,0.12465846488561665,12.585812571528058
22.153306038999986,103.94208323299995,SAT_10096,20.054118560002195,191.55441690001234,98.95448650084147,169.8197838191428,-64.93558148335799,29.590586528148012,35.0,0.12460052089482844,12.581783671468372
22.153306038999986,104.04208323299994,SAT_10096,20.057618603501595,191.57410464469646,98.95489490399672,169.8187937419866,-64.93208143985859,29.591994177834625,35.0,0.12458489386581278,12.580696981840797
22.153306038999986,104.14208323299994,SAT_10096,20.0516385078014,191.54046660638286,98.95419697678595,169.82048529209396,-64.93806153555879,29.589589009333803,35.0,0.12461159408964528,12.582553658708987
22.153306038999986,104.24208323299993,SAT_10096,20.036183406483147,191.4535316614677,98.9523901331395,169.824855333425,-64.95351663687704,29.583371027780096,35.0,0.12468060398675665,12.587351727245366
22.153306038999986,104.34208323299993,SAT_10096,20.011266541746323,191.31337429732307,98.94946766065547,169.831895777346,-64.97843350161386,29.573340246447763,35.0,0.12479187820289667,12.595086092512734
22.153306038999986,104.44208323299992,SAT_10096,19.976909186664173,191.12011417498599,98.94541864916884,169.84159363237546,-65.01279085669601,29.55949668675103,35.0,0.12494534385621386,12.605748567215372
22.153306038999986,104.54208323299991,SAT_10096,19.933140520869543,190.87391542989116,98.94022787398609,169.85393108370388,-65.05655952249064,29.541840378244505,35.0,0.12514090093278477,12.619327916098475
22.153306038999986,104.64208323299991,SAT_10096,19.879997461208546,190.5749857192981,98.93387563157613,169.8688856014639,-65.10970258215164,29.520371358623784,35.0,0.12537842282635195,12.635809916485181
22.153306038999986,104.7420832329999,SAT_10096,19.817524449424695,190.22357502801393,98.92633752456733,169.88643007638385,-65.17217559393549,29.495089673726177,35.0,0.1256577570165351,12.65517743426128
22.153306038999986,104.8420832329999,SAT_10096,19.745773199436414,189.81997424682982,98.91758419186002,169.90653298112454,-65.24392684392377,29.465995377531627,35.0,0.1259787258783969,12.677410514452463
22.153306038999986,104.94208323299989,SAT_10096,19.692592504536876,189.52083283801994,98.91102931012662,169.92140040765787,-65.29710753882331,29.444391382929854,35.0,0.12621672449653082,12.693881789598759
22.153306038999986,105.04208323299989,SAT_10096,19.765843002885532,189.93286689123113,98.92004302477176,169.90091499965195,-65.22385704047466,29.474139674382705,35.0,0.12588893048996058,12.671192784715457
22.153306038999986,105.14208323299988,SAT_10096,19.830017389165008,190.29384781405315,98.9278511056392,169.88292471262463,-65.15968265419518,29.50014909396094,35.0,0.12560188792942986,12.651305147602065
22.153306038999986,105.24208323299987,SAT_10096,19.88506387942836,190.60348432178452,98.93448359443421,169.8674611040263,-65.10463616393183,29.522419585671155,35.0,0.12535577477571166,12.634238870800985
22.153306038999986,105.34208323299987,SAT_10096,19.93093758624454,190.86152392262554,98.9399656422133,169.85455154453945,-65.05876245711565,29.54095110157133,35.0,0.12515074515900193,12.620011268988522
22.153306038999986,105.44208323299986,SAT_10096,19.967600767646232,191.06775431801006,98.94431778392789,169.84421905923043,-65.02209927571396,29.555743601769912,35.0,0.12498692858010632,12.608636889673326
22.153306038999986,105.54208323299986,SAT_10096,19.995023038924188,191.22200459394858,98.94755615939431,169.8364821922907,-64.994677004436,29.56679705442507,35.0,0.12486442923283916,12.600127437337521
22.153306038999986,105.64208323299985,SAT_10125,20.063874412767305,191.6092935718161,98.95555547093383,169.81535464367693,-64.92582563059288,29.59365556488523,35.0,0.12456851620294711,12.579558035598229
22.153306038999986,105.74208323299985,SAT_10125,20.157840413397196,192.13785232535926,98.96642488346744,169.78871970853274,-64.83185962996299,29.631376534656013,35.0,0.12414905707735897,12.550367399008906
22.153306038999986,105.84208323299984,SAT_10125,20.242564241248928,192.6144238570252,98.97608703219764,169.76462913935237,-64.74713580211126,29.665295346268536,35.0,0.12377109416274462,12.524030914864683
22.153306038999986,105.94208323299983,SAT_10125,20.317974631463287,193.03860730198096,98.98457909503959,169.74312643989646,-64.6717254118969,29.695411927236176,35.0,0.12343487178640478,12.500576027450224
22.153306038999986,106.04208323299983,SAT_10125,20.38400723977402,193.41004072372886,98.9919331388396,169.7242509210567,-64.60569280358617,29.72172621320185,35.0,0.12314061027480756,12.48002748545651
22.153306038999986,106.14208323299982,SAT_10125,20.44060500651888,193.7284031616687,98.9981764760616,169.70803746821517,-64.54909503684131,29.74423814793676,35.0,0.12288850479195122,12.46240721177095
22.153306038999986,106.24208323299982,SAT_10125,20.48771848494701,193.9934164778269,99.0033319630073,169.69451633116205,-64.50198155841318,29.762947683339263,35.0,0.12267872429609734,12.4477341862943
22.153306038999986,106.34208323299981,SAT_10125,20.52530612991744,194.20484698078562,99.00741824540712,169.683712939161,-64.46439391344275,29.77785477943396,35.0,0.12251141062572622,12.43602434308998
22.153306038999986,106.4420832329998,SAT_10125,20.55333454347084,194.3625068070235,99.01044995607171,169.67564774350103,-64.43636549988935,29.788959404370882,35.0,0.12238667772441335,12.427290483034794
22.153306038999986,106.5420832329998,SAT_10125,20.571778674239383,194.46625504259652,99.01243786830068,169.6703360895516,-64.4179213691208,29.796261534424872,35.0,0.12230461101298723,12.421542202981097
22.153306038999986,106.6420832329998,SAT_10125,20.580621968186534,194.51599857104927,99.01338900786675,169.66778811999208,-64.40907807517365,29.799761153995128,35.0,0.12226526691583399,12.41878584226086
22.253306038999984,102.24208323300005,SAT_10110,20.95780638978904,196.63766094256334,99.05287181659406,169.56071279905458,-64.03189365357115,29.94940511450767,35.0,0.12057466436365114,12.300011304660579
22.253306038999984,102.34208323300004,SAT_10110,20.93958746702404,196.53517950201024,99.05101975557955,169.56603071885954,-64.05011257633615,29.9422773779641,35.0,0.12065547601551602,12.305703759425192
22.253306038999984,102.44208323300003,SAT_10110,20.911716671077684,196.378406274812,99.04817679784325,169.57415930379432,-64.0779833722825,29.931365550839903,35.0,0.12077912079745448,12.314410498530625
22.253306038999984,102.54208323300003,SAT_10110,20.874219710056124,196.1674858690657,99.0443332438896,169.58508276813134,-64.11548033330406,29.916669656498435,35.0,0.12094551141240048,12.326121710258755
22.253306038999984,102.64208323300002,SAT_10110,20.827130966669884,195.9026116875181,99.03947588184431,169.59878000680052,-64.1625690766903,29.8981897264059,35.0,0.12115453103816802,12.340824265257517
22.253306038999984,102.74208323300002,SAT_10110,20.770493288804744,195.58402474952672,99.0335878523536,169.61522473014324,-64.21920675455544,29.875925800131956,35.0,0.12140603398039747,12.358501790563757
22.253306038999984,102.84208323300001,SAT_10110,20.70435773117302,195.21201223784826,99.0266484743861,169.6343856300224,-64.28534231218717,29.849877925350487,35.0,0.12169984648005751,12.379134761035207
22.253306038999984,102.942083233,SAT_10110,20.628783251311276,194.78690578862594,99.01863302880324,169.65622657511028,-64.36091679204891,29.820046157840537,35.0,0.12203576766661012,12.402700607112552
22.253306038999984,103.042083233,SAT_10110,20.54383636369667,194.30907954579376,99.0095124957221,169.68070683284293,-64.44586367966352,29.786430561487375,35.0,0.12241357064651807,12.429173837661446
22.253306038999984,103.142083233,SAT_10110,20.449590756186296,193.7789480035479,98.9992532407278,169.70778131524355,-64.54010928717389,29.749031208283757,35.0,0.12283300371554223,12.458526176498554
22.253306038999984,103.24208323299999,SAT_10110,20.34612687332711,193.19696366246498,98.98781664386695,169.7374008455948,-64.64357317003308,29.707848178331304,35.0,0.12329379168226086,12.490726711087323
22.253306038999984,103.34208323299998,SAT_10110,20.233531471333464,192.56361452625075,98.97515866402678,169.76951244278013,-64.75616857202672,29.662881559842077,35.0,0.12379563728945457,12.525742051799227
22.253306038999984,103.44208323299998,SAT_10110,20.11189714969761,191.8794214670491,98.96122932972544,169.80405962000762,-64.87780289366258,29.61413144914028,35.0,0.12433822271944556,12.563536500075779
22.253306038999984,103.54208323299997,SAT_10110,19.98132186445781,191.1449354875752,98.9459721454428,169.8409826946022,-65.00837817890238,29.561597950664133,35.0,0.12492121116915728,12.604072223795159
22.253306038999984,103.64208323299997,SAT_10110,19.841908428146454,190.3607349083238,98.92932340032942,169.8802191055575,-65.14779161521373,29.5052811769679,35.0,0.1255442484805633,12.647309438143568
22.253306038999984,103.74208323299996,SAT_10096,19.864748148590422,190.48920833582113,98.93204999386411,169.87317164558425,-65.12495189476977,29.514204574486314,35.0,0.12544659556343954,12.640538228108394
22.253306038999984,103.84208323299995,SAT_10096,19.887072301687425,190.61478169699177,98.93473145581949,169.86689633692677,-65.10262774167276,29.52323145530695,35.0,0.12534679688882353,12.63361606316412
22.253306038999984,103.94208323299995,SAT_10096,19.899980548189006,190.68739058356314,98.93627748824815,169.86326559897574,-65.08971949517118,29.528448228405413,35.0,0.1252890984834238,12.629613026117424
22.253306038999984,104.04208323299994,SAT_10096,19.903461987432422,190.70697367930737,98.93669390820754,169.86228608428416,-65.08623805592777,29.529854882640834,35.0,0.12527353773071592,12.628533316553714
22.253306038999984,104.14208323299994,SAT_10096,19.897513675187042,190.67351442292713,98.93598227936809,169.86395958982752,-65.09218636817315,29.52745141500919,35.0,0.12530012472664293,12.630378068628174
22.253306038999984,104.24208323299993,SAT_10096,19.882140640808316,190.58704110454678,98.93413992873366,169.86828304603677,-65.10755940255187,29.521237830643276,35.0,0.12536884222493455,12.63514534493344
22.253306038999984,104.34208323299993,SAT_10096,19.8573558579443,190.44762670093667,98.93115991804895,169.87524853552588,-65.13234418541589,29.51121414281278,35.0,0.12547964573049336,12.642830146972287
22.253306038999984,104.44208323299992,SAT_10096,19.82318016916092,190.2553884515302,98.92703096935385,169.8848433412691,-65.16651987419927,29.497380372924567,35.0,0.12563246373984782,12.6534244421149
22.253306038999984,104.54208323299991,SAT_10096,19.779642165407296,190.01048718041605,98.9217373432708,169.89705002361777,-65.21005787795289,29.479736550523086,35.0,0.12582719812610554,12.6669172067321
22.253306038999984,104.64208323299991,SAT_10096,19.726778021792114,189.71312637258066,98.91525866769308,169.91184652518115,-65.26292202156807,29.45828271329096,35.0,0.12606372466432328,12.683294485013555
22.253306038999984,104.7420832329999,SAT_10096,19.664631291656434,189.36355101556742,98.90756971355002,169.92920630225387,-65.32506875170375,29.433018907049735,35.0,0.1263418936917705,12.70253946280783
22.253306038999984,104.8420832329999,SAT_10096,19.75509070175397,189.8723851973661,98.91873549300983,169.9039252960813,-65.23460934160622,29.46977700718521,35.0,0.12593703639424528,12.674524016315893
22.253306038999984,104.94208323299989,SAT_10096,19.837652123525984,190.33679319483366,98.92878221895977,169.88078174729569,-65.1520479198342,29.50324010275614,35.0,0.12556774737465157,12.648938527919999
22.253306038999984,105.04208323299989,SAT_10096,19.911165871812557,190.75030802894565,98.93761454416813,169.86011814631036,-65.07853417154763,29.532967070536777,35.0,0.12523910554310347,12.626143990230958
22.253306038999984,105.14208323299988,SAT_10096,19.97557259288132,191.11259583495746,98.9452665148946,169.84197066942397,-65.01412745047887,29.558957846511806,35.0,0.12495131483071464,12.606163312735978
22.253306038999984,105.24208323299987,SAT_10096,20.030819648267126,191.4233605215026,98.95176714095888,169.826371421839,-64.95888039509306,29.581212374714497,35.0,0.12470455591650974,12.589016792052037
22.253306038999984,105.34208323299987,SAT_10096,20.076861405026776,191.6823454032756,98.95714071457218,169.81334825245625,-64.91283863833341,29.599730607225666,35.0,0.1244989852960715,12.57472200780675
22.253306038999984,105.44208323299986,SAT_10096,20.113659490924945,191.88933463645282,98.96140707291806,169.8029245908775,-64.87604055243524,29.614512504172758,35.0,0.12433473446559283,12.563293731264901
22.253306038999984,105.54208323299986,SAT_10096,20.141183011576572,192.04415444011823,98.96458180958312,169.79511930858789,-64.84851703178362,29.625558033729103,35.0,0.12421190922962293,12.554743847695208
22.253306038999984,105.64208323299985,SAT_10096,20.159408726971634,192.14667408921545,98.96667643885809,169.78994660602584,-64.83029131638855,29.63286717211333,35.0,0.12413058913965161,12.549081293336393
22.253306038999984,105.74208323299985,SAT_10096,20.168321185265285,192.19680666711724,98.96769851597968,169.78741592694513,-64.8213788580949,29.636439903588897,35.0,0.12409082706940255,12.546312007669265
22.253306038999984,105.84208323299984,SAT_10111,20.1738447198299,192.2278765490432,98.96839834209611,169.7875018813574,-64.81585532353029,29.63950789748576,35.0,0.12405485651090094,12.543806483147737
22.253306038999984,105.94208323299983,SAT_10111,20.263308695754887,192.73111141362125,98.97856888211415,169.7620527009745,-64.7263913476053,29.675318859224472,35.0,0.12365595349896791,12.516001552356318
22.253306038999984,106.04208323299983,SAT_10111,20.343619126687344,193.18285758761633,98.98757758326488,169.73913919136493,-64.64608091667284,29.707382613567187,35.0,0.12329808139362088,12.49102625748148
22.253306038999984,106.14208323299982,SAT_10111,20.41470864818507,193.58273614604101,98.99545809398248,169.71880250750576,-64.57499139517512,29.73569909155037,35.0,0.12298147084352541,12.468906508376202
22.253306038999984,106.24208323299982,SAT_10111,20.47651681687202,193.93040709490512,99.00223933244943,169.70107960451423,-64.51318322648817,29.760268232273678,35.0,0.12270632855153153,12.449665525696075
22.253306038999984,106.34208323299981,SAT_10111,20.52899045115352,194.22557128773852,99.00794579966319,169.6860030196623,-64.46070959220667,29.781089982898806,35.0,0.12247283619134944,12.433323719251815
22.253306038999984,106.4420832329998,SAT_10111,20.57208393580531,194.46797213890488,99.01259784014952,169.67360067727824,-64.41761610755488,29.798164298648476,35.0,0.12228114944293786,12.419898579482163
22.253306038999984,106.5420832329998,SAT_10111,20.605759486817774,194.65739711335,99.01621185526847,169.6638957189376,-64.38394055654241,29.81149114280559,35.0,0.12213139715661633,12.40940458325379
22.253306038999984,106.6420832329998,SAT_10111,20.629987373283,194.79367897471687,99.01880047306689,169.65690636107982,-64.35971267007719,29.821070486712543,35.0,0.12202368065473852,12.401853115055166
22.353306038999982,102.24208323300005,SAT_10110,20.900234692433457,196.3138201449382,99.04699736102775,169.57750572420116,-64.08946535092673,29.926867369152063,35.0,0.12083006645971966,12.317996929417912
22.353306038999982,102.34208323300004,SAT_10110,20.882062120589126,196.21159942831386,99.04513429876506,169.58279934444266,-64.10763792277106,29.919744720942333,35.0,0.12091070730529142,12.32367259196544
22.353306038999982,102.44208323300003,SAT_10110,20.854262103606217,196.05522433278497,99.04227441968197,169.59089084402433,-64.13543793975397,29.908840683536756,35.0,0.12103409116653678,12.33235368809985
22.353306038999982,102.54208323300003,SAT_10110,20.816860125365736,195.84483820518224,99.03840792311823,169.60176458051492,-64.17283991799445,29.894155280289564,35.0,0.12120013145429198,12.344030486314802
22.353306038999982,102.64208323300002,SAT_10110,20.769890269763295,195.58063276741854,99.03352145910902,169.61539963972965,-64.2198097735969,29.875688542654682,35.0,0.12140871229098782,12.358689964230951
22.353306038999982,102.74208323300002,SAT_10110,20.7133950140162,195.26284695384112,99.02759799159581,169.63176996866937,-64.27630502934399,29.853440510186328,35.0,0.12165968915598745,12.376315881704954
22.353306038999982,102.84208323300001,SAT_10110,20.64742497367321,194.89176547691181,99.02061662203427,169.65084453940278,-64.34227506968698,29.827411230539774,35.0,0.12195288968373992,12.396888871140229
22.353306038999982,102.942083233,SAT_10110,20.57203860252534,194.46771713920504,99.0125523702121,169.67258754176297,-64.41766144083485,29.79760075947228,35.0,0.12228811460599905,12.420386543938177
22.353306038999982,103.042083233,SAT_10110,20.48730185113604,193.99107291264025,99.00337590823435,169.69695860237988,-64.50239819222415,29.76400916084417,35.0,0.12266513882794991,12.446783611860486
22.353306038999982,103.142083233,SAT_10110,20.39328778811698,193.462243808158,98.99305324264901,169.72391302730722,-64.59641225524321,29.72663650662007,35.0,0.12308371262687079,12.476052021929187
22.353306038999982,103.24208323299999,SAT_10110,20.29007618862164,192.88167856099673,98.98154533854078,169.7534020652735,-64.69962385473855,29.685482876870314,35.0,0.12354356296095559,12.50816110337441
22.353306038999982,103.34208323299998,SAT_10110,20.177753094780087,192.249861158138,98.9688076780693,169.7853731884267,-64.8119469485801,29.640548359772474,35.0,0.12404439487514216,12.543077725050756
22.353306038999982,103.44208323299998,SAT_10110,20.056410352953094,191.56730823536117,98.95478974431974,169.81977038734667,-64.9332896904071,29.591833051613094,35.0,0.12458589299024146,12.580766461683282
22.353306038999982,103.54208323299997,SAT_10110,19.926145132759586,190.83456637177267,98.93943441940198,169.85653447705653,-65.0635549106006,29.539337056789538,35.0,0.1251677230613386,12.621189767272266
22.353306038999982,103.64208323299997,SAT_10110,19.787059432817983,190.05220930960115,98.92267728339755,169.89560341078106,-65.2026406105422,29.483060487812043,35.0,0.12578953359133765,12.664308153981835
22.353306038999982,103.74208323299996,SAT_10096,19.700667616125827,189.56625534070778,98.91204736431119,169.91914467143317,-65.28903242723436,29.447673977653473,35.0,0.12618058049008662,12.691381152964562
22.353306038999982,103.84208323299995,SAT_10096,19.722867670826602,189.69113064839965,98.91478640148726,169.9129399350119,-65.26683237253359,29.456694445983647,35.0,0.12608122391041057,12.68450565959491
22.353306038999982,103.94208323299995,SAT_10096,19.73570405356776,189.76333530131865,98.91636557510606,169.9093500744732,-65.25399598979243,29.461907513207926,35.0,0.12602378146510484,12.680529647062059
22.353306038999982,104.04208323299994,SAT_10096,19.73916609714412,189.7828092964357,98.91679091473658,169.90838159363886,-65.25053394621607,29.463313168189238,35.0,0.12600828978828246,12.679457230978164
22.353306038999982,104.14208323299994,SAT_10096,19.733250920435864,189.74953642745172,98.91606404112846,169.91003624927345,-65.25644912292432,29.460911407924595,35.0,0.12603475877337894,12.681289522802102
22.353306038999982,104.24208323299993,SAT_10096,19.717963445006475,189.66354437816142,98.9141821837006,169.91431104048618,-65.27173659835371,29.45470223754503,35.0,0.12610317152002112,12.68602462389254
22.353306038999982,104.34208323299993,SAT_10096,19.693316366756562,189.5249045630057,98.91113815063432,169.9211982268305,-65.29638367660363,29.444685670315703,35.0,0.1262134844247675,12.693657635664056
22.353306038999982,104.44208323299992,SAT_10096,19.659330082971138,189.33373171671266,98.90692025099716,169.93068537487943,-65.33036996038905,29.430861727636163,35.0,0.1263656274147603,12.704180685731027
22.353306038999982,104.54208323299991,SAT_10096,19.6160325756517,189.09018323804082,98.90151216739996,169.94275543268427,-65.37366746770849,29.413230439040753,35.0,0.12655950432182297,12.717582969743136
22.353306038999982,104.64208323299991,SAT_10096,19.69696646121858,189.5454363443545,98.91158973811623,169.92017864681014,-65.29273358214161,29.446169526723434,35.0,0.12619714652219127,12.692527315532717
22.353306038999982,104.7420832329999,SAT_10096,19.797744187050696,190.11231105216018,98.92395107660741,169.89197704335962,-65.19195585630949,29.48707517984423,35.0,0.12574622527864066,12.661307767515453
22.353306038999982,104.8420832329999,SAT_10096,19.889586103642017,190.62892183298635,98.93503974836997,169.86618940146684,-65.10011393971817,29.524247547372138,35.0,0.12533556007124597,12.632836525552225
22.353306038999982,104.94208323299989,SAT_10096,19.97241935084398,191.09485884849738,98.94489961704149,169.84286009122485,-65.01728069251621,29.55768654922891,35.0,0.12496540155171657,12.60714174896856
22.353306038999982,105.04208323299989,SAT_10096,20.04617719229674,191.50974670666915,98.95356887789288,169.82202978872806,-64.94352285106345,29.587392113383615,35.0,0.12463597902017326,12.584249196698835
22.353306038999982,105.14208323299988,SAT_10096,20.11079937346426,191.87324647573647,98.96108049085555,169.80373524799177,-64.87890066989593,29.6133641758513,35.0,0.12434749926991162,12.564182098485547
22.353306038999982,105.24208323299987,SAT_10096,20.166232450968792,192.18505753669945,98.96746254629021,169.78800909086323,-64.8234675923914,29.635602680691775,35.0,0.12410014552975558,12.546961036690185
22.353306038999982,105.34208323299987,SAT_10096,20.212430089519714,192.44491925354842,98.97273857088747,169.77487961737654,-64.77726995384047,29.65410758000857,35.0,0.1238940765143896,12.532603839958119
22.353306038999982,105.44208323299986,SAT_10096,20.24935332302381,192.65261244200894,98.97692777971406,169.7643706388108,-64.74034672033638,29.66887883394804,35.0,0.12372942559220686,12.521125489881417
22.353306038999982,105.54208323299986,SAT_10096,20.276970776809492,192.8079606195534,98.98004527923909,169.75650133548658,-64.7127292665507,29.679916410698596,35.0,0.12360630007919367,12.512538041683525
22.353306038999982,105.64208323299985,SAT_10096,20.295258848312272,192.91083102175654,98.9821022251545,169.75128614106143,-64.69444119504792,29.687220286490138,35.0,0.12352478066619683,12.50685055981043
22.353306038999982,105.74208323299985,SAT_10096,20.30420184403171,192.96113537267837,98.98310593790283,169.7487346547801,-64.68549819932848,29.69079044559358,35.0,0.12348492098561085,12.504069069156357
22.353306038999982,105.84208323299984,SAT_10096,20.303792071086406,192.95883039986103,98.9830599780159,169.74885158279125,-64.68590797227378,29.69062688032058,35.0,0.12348674732209858,12.504196522481013
22.353306038999982,105.94208323299983,SAT_10111,20.355284953233408,193.24847786193794,98.9888779419956,169.7358054145748,-64.63441509012678,29.71203360762371,35.0,0.12324611433038411,12.487397168845304
22.353306038999982,106.04208323299983,SAT_10111,20.435764818213528,193.7011771024511,98.99777578830692,169.71276917696036,-64.55393522514666,29.744074321104588,35.0,0.12288772438480455,12.462352644906089
22.353306038999982,106.14208323299982,SAT_10111,20.507005657012,194.1019068206925,99.00556001183564,169.69232302030525,-64.48269438634819,29.772370451044054,35.0,0.12257065127216059,12.440171165814832
22.353306038999982,106.24208323299982,SAT_10111,20.568946416021276,194.4503235901197,99.0122589071797,169.67450429336083,-64.42075362733891,29.796921936569486,35.0,0.12229510360141467,12.420876166946163
22.353306038999982,106.34208323299981,SAT_10111,20.62153337276318,194.7461252217929,99.01789645015359,169.659345882575,-64.368166670597,29.817728724866623,35.0,0.1220612647307242,12.404488248157916
22.353306038999982,106.4420832329998,SAT_10111,20.66472044514208,194.9890525039242,99.02249255140899,169.64687601387544,-64.3249795982181,29.834790771178557,35.0,0.1218692917902811,12.391025063730943
22.353306038999982,106.5420832329998,SAT_10111,20.698469460381986,195.17889071464867,99.0260632639975,169.6371180801221,-64.2912305829782,29.848108038804906,35.0,0.12171931483544578,12.38050122682557
22.453306038999983,102.34208323300004,SAT_10110,20.81343340848791,195.82556292274452,99.03804870599188,169.60276009952656,-64.17626663487228,29.892808954211368,35.0,0.1212153461455307,12.345100143411553
22.453306038999983,102.44208323300003,SAT_10110,20.785713621799076,195.6696391226198,99.03516788758137,169.61080874157375,-64.20398642156111,29.881912735944375,35.0,0.12133843679979651,12.353751979131955
22.453306038999983,102.54208323300003,SAT_10110,20.7484193042835,195.4598585865947,99.0312729997272,169.62162500904617,-64.24128073907669,29.867237863414037,35.0,0.1215040834378767,12.365389510006676
22.453306038999983,102.64208323300002,SAT_10110,20.701584196376047,195.19641110461527,99.02635052069878,169.6351882072882,-64.28811584698414,29.848784368062066,35.0,0.12171217126739468,12.37999983649062
22.453306038999983,102.74208323300002,SAT_10110,20.645250349219154,194.87953321435776,99.02038319460196,169.6514725554891,-64.34444969414103,29.82655228942732,35.0,0.12196255711620155,12.397566870963045
22.453306038999983,102.84208323300001,SAT_10110,20.579467873509913,194.50950678849327,99.01334985222925,169.6704473480207,-64.41023216985027,29.80054167514657,35.0,0.12225507021985088,12.418071426756306
22.453306038999983,102.942083233,SAT_10110,20.504294643894937,194.08665737190904,99.00522518841824,169.69207714416115,-64.48540539946525,29.770752580955424,35.0,0.12258951315131265,12.441491323108213
22.453306038999983,103.142083233,SAT_10110,20.326044185986632,193.08399854617483,98.98557832173944,169.74313762633233,-64.66365585737356,29.69983921628517,35.0,0.12338327196961961,12.496974175356772
22.453306038999983,103.24208323299999,SAT_10110,20.223118319495995,192.50504054716498,98.97398212636216,169.7724758101307,-64.76658172386419,29.65871509778194,35.0,0.123842069840657,12.528978941674781
22.453306038999983,103.34208323299998,SAT_10110,20.111103583819244,191.87495765898322,98.96114579365143,169.80428452902873,-64.87859645954094,29.613812803323007,35.0,0.1243417641879624,12.56378296964726
22.453306038999983,103.44208323299998,SAT_10110,19.990090958876195,191.1942616436786,98.94701812661538,169.83850832314795,-64.99960908448399,29.56513242915747,35.0,0.12488204243657594,12.60135114805694
22.453306038999983,103.54208323299997,SAT_10110,19.860176709391283,190.463493990326,98.93154123101743,169.87508858056026,-65.1295233339689,29.512674079642085,35.0,0.12546257328403287,12.641646259766695
22.453306038999983,103.64208323299997,SAT_10110,19.721461897276768,189.6832231721818,98.91464980203428,169.9139638466948,-65.26823814608342,29.456437867243288,35.0,0.12608300829457242,12.684629158337343
22.453306038999983,103.74208323299996,SAT_10110,19.574051885534885,188.85404185613376,98.8962702932115,169.95507013835157,-65.4156481578253,29.396423912539383,35.0,0.12674298353440722,12.730258948478705
22.453306038999983,103.84208323299995,SAT_10096,19.54867023167614,188.71127005317828,98.89303186666277,169.96149785326122,-65.44102981168405,29.385755168049368,35.0,0.1268612523154323,12.73842587415677
22.453306038999983,103.94208323299995,SAT_10096,19.561432037980993,188.78305521364308,98.89464784412115,169.95795047753074,-65.4282680053792,29.390964515302134,35.0,0.1268040754833109,12.73447796766727
22.453306038999983,104.04208323299994,SAT_10096,19.564873953923964,188.8024159908223,98.89508308901299,169.95699346429046,-65.42482608943622,29.39236916722813,35.0,0.12678865548713097,12.733413136886751
22.453306038999983,104.14208323299994,SAT_10096,19.558993163287653,188.76933654349307,98.89433928610002,169.95862852899702,-65.43070688007253,29.389969120825384,35.0,0.12681500201128784,12.735232469889604
22.453306038999983,104.24208323299993,SAT_10096,19.54379447678157,188.68384393189632,98.89241355536225,169.96285274131324,-65.44590556657862,29.383764381223198,35.0,0.1268830985124652,12.739934107976106
22.453306038999983,104.34208323299993,SAT_10096,19.51929030465257,188.54600796367072,98.88929842059517,169.96965854257598,-65.47040973870762,29.37375496168222,35.0,0.12699290230767687,12.747513255506183
22.453306038999983,104.44208323299992,SAT_10096,19.59179471972395,188.95384529844722,98.89847869860324,169.94950427229296,-65.39790532363624,29.403350707683607,35.0,0.1266680612584854,12.725083697768408
22.453306038999983,104.54208323299991,SAT_10096,19.710543836880476,189.62180908245267,98.91327650526816,169.91638494110774,-65.27915620647971,29.451687675745,35.0,0.1261363774874423,12.688322563629535
22.453306038999983,104.64208323299991,SAT_10096,19.820498402621013,190.2403035147432,98.92672174689481,169.88559576085206,-65.16920164073917,29.49629424249117,35.0,0.12564445690211973,12.65425566547617
22.453306038999983,104.7420832329999,SAT_10096,19.92157335426755,190.80885011775496,98.93886951406394,169.85718846510497,-65.06812668909264,29.537170311790014,35.0,0.12519259267338367,12.622915943104305
22.453306038999983,104.8420832329999,SAT_10096,20.01368902575949,191.32700076989713,98.94976834459253,169.8312115561934,-64.9760110176007,29.574315795556092,35.0,0.12478105897238743,12.594334197990996
22.453306038999983,104.94208323299989,SAT_10096,20.09677155927156,191.79434002090252,98.9594607966299,169.80771004362492,-64.89292848408863,29.607730613748977,35.0,0.1244101096313552,12.568538944581327
22.453306038999983,105.04208323299989,SAT_10096,20.170753295816112,192.21048728896565,98.96798393825227,169.78672519543565,-64.81894674754408,29.637414694371753,35.0,0.12407997688027421,12.545556269599903
22.453306038999983,105.14208323299988,SAT_10096,20.235573140659966,192.5750989162123,98.97536976397642,169.7682943052048,-64.75412690270022,29.663367973469672,35.0,0.12379087017131851,12.525409700793789
22.453306038999983,105.24208323299987,SAT_10096,20.291176899536026,192.88787005989016,98.98164554676765,169.752450477391,-64.69852314382416,29.685590395128955,35.0,0.12354297510233442,12.508120086459783
22.453306038999983,105.34208323299987,SAT_10096,20.337517581847067,193.14853639788976,98.98683413257294,169.7392224335077,-64.65218246151312,29.704081911475736,35.0,0.12333645245003347,12.493705487031121
22.453306038999983,105.44208323299986,SAT_10096,20.374555667344907,193.35687562881512,98.99095418310098,169.72863434146956,-64.61514437601528,29.71884248267517,35.0,0.12317143732267329,12.482181079898213
22.453306038999983,105.54208323299986,SAT_10096,20.402259333135106,193.512708748885,98.9940203714541,169.7207056701999,-64.58744071022508,29.729872076930686,35.0,0.12304803844096429,12.473559078514908
22.453306038999983,105.64208323299985,SAT_10096,20.42060463827343,193.61590109028805,98.99604353424478,169.715451071316,-64.56909540508676,29.737170670483394,35.0,0.12296633755473912,12.4678486666994
22.453306038999983,105.74208323299985,SAT_10096,20.42957566370518,193.66636310834164,98.99703078297347,169.71288028938739,-64.56012437965501,29.74073824761163,35.0,0.12292638900157991,12.46505594887768
22.453306038999983,105.84208323299984,SAT_10096,20.429164605818627,193.6640509077298,98.9969855766727,169.7129981019178,-64.56053543754156,29.740574800630675,35.0,0.12292821941213822,12.465183916842287
22.453306038999983,105.94208323299983,SAT_10111,20.436447791619628,193.7050188278604,98.9978510462748,169.71257340634958,-64.55325225174056,29.744345887142305,35.0,0.12288468388369413,12.462140048649598
22.453306038999983,106.04208323299983,SAT_10111,20.517071512050506,194.1585272552841,99.00665229269292,169.68942998116836,-64.47262853130968,29.776363473517524,35.0,0.12252586417511799,12.43703615948373
22.453306038999983,106.14208323299982,SAT_10111,20.588440870571347,194.55997989696382,99.01435260483666,169.66888820892606,-64.40125917278884,29.80463917924955,35.0,0.12220840695138063,12.414801736160948
22.453306038999983,106.24208323299982,SAT_10111,20.650494278889212,194.9090303187518,99.02097973629974,169.65098578384274,-64.33920576447098,29.829172943493337,35.0,0.12193252248453552,12.395460401637026
22.453306038999983,106.34208323299981,SAT_10111,20.703177540548268,195.205373665584,99.02655720718259,169.63575589885207,-64.28652250281192,29.849964713458547,35.0,0.12169839560253713,12.379032921815865
22.453306038999983,106.4420832329998,SAT_10111,20.746444164291518,195.44874842413978,99.0311045515972,169.6232270446335,-64.24325587906867,29.867014444408547,35.0,0.12150618470108927,12.36553709414263
22.453306038999983,106.5420832329998,SAT_10111,20.78025563660387,195.63893795589678,99.03463752027601,169.61342283464876,-64.20944440675632,29.880322099659566,35.0,0.12135602088716128,12.35498765087997
22.553306038999985,102.34208323300004,SAT_10096,20.83136892484775,195.9264502022686,99.03987846034835,169.59690397394357,-64.15833111851244,29.899505223659283,35.0,0.12113985836488583,12.339792509863258
22.553306038999985,102.44208323300003,SAT_10096,20.77064247428045,195.5848639178275,99.03356916264819,169.6145379785766,-64.21905756907974,29.875637568226182,35.0,0.12140953300241078,12.358747625726904
22.553306038999985,102.54208323300003,SAT_10096,20.700534147808057,195.19050458142033,99.02621290769444,169.63484941635485,-64.28916589555213,29.84802557637554,35.0,0.12172102181160072,12.380621033761209
22.553306038999985,102.64208323300002,SAT_10110,20.622283664489572,194.75034561275388,99.01793381267522,169.65810223447926,-64.36741637887062,29.81747725625817,35.0,0.12206466640955235,12.404726734239974
22.553306038999985,102.74208323300002,SAT_10110,20.566129669290177,194.43447938975726,99.01191387328512,169.67428936325135,-64.42357037407001,29.795261191455094,35.0,0.12231439801745733,12.42222780425631
22.553306038999985,102.84208323300001,SAT_10110,20.500556177673545,194.0656284994137,99.00481817980588,169.69315133025964,-64.48914386568664,29.76926931273599,35.0,0.12260615022958316,12.442655697933409
22.553306038999985,103.24208323299999,SAT_10110,20.145319726265328,192.06742346024245,98.9650947339312,169.7945814542135,-64.84438031709486,29.62754489444013,35.0,0.12418908490404133,12.553154672417453
22.553306038999985,103.34208323299998,SAT_10110,20.033648404287845,191.43927227411913,98.95213996676414,169.82620647285506,-64.95605163907234,29.58267494380709,35.0,0.12468752098766313,12.587832589036712
22.553306038999985,103.44208323299998,SAT_10110,19.913003378956915,190.76064400663265,98.93788057028343,169.86023410751332,-65.07669666440327,29.534029635021177,35.0,0.12522645019576623,12.625265741715353
22.553306038999985,103.54208323299997,SAT_10110,19.783479896555917,190.03207441812705,98.92225771202554,169.8966063914131,-65.20622014680427,29.481609072398776,35.0,0.12580554453856063,12.665417283251411
22.553306038999985,103.64208323299997,SAT_10110,19.645177964523413,189.2541260504442,98.9052050172717,169.93526253685658,-65.34452207883677,29.42541336836279,35.0,0.12642445902760205,12.708248451315383
22.553306038999985,103.74208323299996,SAT_10110,19.49820186276115,188.42738547803145,98.88664772020846,169.9761392443953,-65.49149818059904,29.36544264344482,35.0,0.1270828332893373,12.753718746359212
22.553306038999985,103.84208323299995,SAT_10096,19.364626927061153,187.676026464719,98.86935071852754,170.01248106526117,-65.62507311629903,29.31041376304934,35.0,0.12768637283285217,12.795319441254346
22.553306038999985,104.04208323299994,SAT_10096,19.380732782088742,187.76662189924917,98.87145374841009,170.00803249191804,-65.60896726127145,29.31702302131071,35.0,0.12761412462668795,12.790343666037435
22.553306038999985,104.14208323299994,SAT_10096,19.374887525822814,187.73374233275334,98.87069116855307,170.00964728929443,-65.61481251753737,29.31462469526188,35.0,0.12764034457736367,12.792149578927454
22.553306038999985,104.24208323299993,SAT_10096,19.440089661759217,188.1005043473956,98.8791547462706,169.9916160769402,-65.54961038160097,29.34135440147382,35.0,0.12734792704836914,12.772000779086216
22.553306038999985,104.34208323299993,SAT_10096,19.576496530509928,188.86779298411838,98.8965622191357,169.95376099698152,-65.41320351285026,29.397111317838487,35.0,0.12673658829508477,12.729817245412152
22.553306038999985,104.44208323299992,SAT_10096,19.70427648772592,189.5865552434583,98.91251223037334,169.91813634819536,-65.28542355563427,29.449140759209243,35.0,0.12616442791517488,12.690263538732978
22.553306038999985,104.54208323299991,SAT_10096,19.823333853714473,190.2562529271439,98.92707310177512,169.8848002200667,-65.16636618964571,29.497442613407927,35.0,0.12563177645194962,12.653376806535004
22.553306038999985,104.64208323299991,SAT_10096,19.933577515044263,190.876373522124,98.94030540099425,169.85380799775737,-65.05612252831592,29.54201677630298,35.0,0.12513894816041077,12.619192358701111
22.553306038999985,104.7420832329999,SAT_10096,20.034921373185867,191.4464327241705,98.95226269329116,169.82521207797305,-64.95477867017432,29.582863151807523,35.0,0.124686239531062,12.587743504477729
22.553306038999985,104.8420832329999,SAT_10096,20.127284780548067,191.96597689058288,98.96299218637908,169.79906159220917,-64.86241526281212,29.61998165187754,35.0,0.12427392786558632,12.559061394614902
22.553306038999985,104.94208323299989,SAT_10096,20.2105929595739,192.4345853976032,98.97253528298437,169.77540214022355,-64.77910708378629,29.65337219651024,35.0,0.12390226991689092,12.533174870156092
22.553306038999985,105.04208323299989,SAT_10096,20.2847774005579,192.85187287813818,98.98092805317663,169.75427553659136,-64.70492264280229,29.68303471374255,35.0,0.12357150060590372,12.510110319347572
22.553306038999985,105.14208323299988,SAT_10096,20.349776233913815,193.21749131576522,98.9882016364117,169.73571957316227,-64.63992380944637,29.70896913964978,35.0,0.12328183182720302,12.48989154410668
22.553306038999985,105.24208323299987,SAT_10096,20.405534572773405,193.53113197185039,98.99438258147575,169.71976780014256,-64.58416547058678,29.731175418344424,35.0,0.12303345135506216,12.472539637433574
22.553306038999985,105.34208323299987,SAT_10096,20.45200482201524,193.79252712383575,98.99949313104682,169.70644932838707,-64.53769522134495,29.749653501975104,35.0,0.12282652186079555,12.458072873072188
22.553306038999985,105.44208323299986,SAT_10096,20.48914695011929,194.001451594421,99.00355145634474,169.69578865529172,-64.5005530932409,29.76440335072569,35.0,0.12266118005141213,12.446506608623446
22.553306038999985,105.54208323299986,SAT_10096,20.516928720613038,194.1577240534483,99.00657184627232,169.687805516435,-64.47277132274715,29.775424932814545,35.0,0.1225375359385166,12.437853203188194
22.553306038999985,105.64208323299985,SAT_10096,20.535325880304384,194.26120807671217,99.00856485452408,169.682514764833,-64.4543741630558,29.782718224493934,35.0,0.12245567224517397,12.432121950471565
22.553306038999985,105.74208323299985,SAT_10096,20.54432230199096,194.31181294869916,99.00953740731956,169.67992627934615,-64.44537774136923,29.786283210049582,35.0,0.12241564395707842,12.429319028115586
22.553306038999985,105.84208323299984,SAT_10096,20.543910079873342,194.30949419928757,99.00949287368074,169.6800449034173,-64.44578996348685,29.786119881800374,35.0,0.12241747802287531,12.429447463847042
22.553306038999985,105.94208323299983,SAT_10096,20.534089576479758,194.25425386769865,99.00843109949392,169.68287041493593,-64.45561046688043,29.782228240098213,35.0,0.12246117320689659,12.432507118835822
22.553306038999985,106.04208323299983,SAT_10111,20.58745750111696,194.5544484437829,99.01424560497622,169.66917159648136,-64.40224254224323,29.804250006420116,35.0,0.12221277994217958,12.415108172239805
22.553306038999985,106.14208323299982,SAT_10111,20.658931900964873,194.9564919429274,99.02187376483505,169.64854850391237,-64.33076814239531,29.832505211824532,35.0,0.1218950191936481,12.392829831113822
22.553306038999985,106.24208323299982,SAT_10111,20.72107741952925,195.30606048485205,99.02843918632107,169.6305748914824,-64.26862262383094,29.857021188740703,35.0,0.12161886838545631,12.373450052703776
22.553306038999985,106.34208323299981,SAT_10111,20.77383945631577,195.60284694177622,99.03396499899017,169.615284213895,-64.21586058704442,29.87779788440208,35.0,0.12138451359250016,12.356989743959009
22.553306038999985,106.4420832329998,SAT_10111,20.817171171250394,195.84658783828348,99.03847041422483,169.60270518797364,-64.1725288721098,29.8948352540922,35.0,0.1211921142841649,12.343466823944189
22.553306038999985,106.5420832329998,SAT_10111,20.851033760310287,196.03706490174537,99.04197092361754,169.59286161562602,-64.1386662830499,29.908133261143824,35.0,0.1210418024596582,12.332896126108055
22.653306038999983,102.44208323300003,SAT_10096,20.810426521078014,195.80864918106383,99.03770525693581,169.6029895865201,-64.17927352228217,29.89127929087504,35.0,0.12123284585060955,12.346330380786512
22.653306038999983,102.54208323300003,SAT_10096,20.740281334604248,195.4140825071489,99.03038991146033,169.62334022192297,-64.24941870875594,29.863687389837672,35.0,0.12154440663867994,12.368221470031967
22.653306038999983,102.64208323300002,SAT_10096,20.660811630992754,194.96706542433427,99.02200787253771,169.64633536928375,-64.32888841236743,29.832353936200786,35.0,0.12189757911267798,12.393009400171803
22.653306038999983,102.74208323300002,SAT_10096,20.572086598472808,194.46798711640957,99.01252909723817,169.67193265760088,-64.41761344488738,29.797278997378108,35.0,0.1222921272670744,12.420667657397523
22.653306038999983,103.24208323299999,SAT_10110,20.056756639356053,191.56925609637779,98.9548445196037,169.81967243303194,-64.93294340400413,29.59197232900128,35.0,0.12458434700956303,12.580658952963907
22.653306038999983,103.34208323299998,SAT_10110,19.945462667817083,190.9432275064711,98.94175062092727,169.85109316861042,-65.0442373755431,29.54713484332092,35.0,0.12508140771454448,12.615197642539057
22.653306038999983,103.44208323299998,SAT_10110,19.82522153835174,190.26687115322855,98.92733645231198,169.88490264485188,-65.16447850500845,29.498524731235158,35.0,0.12561886251698837,12.652481728874745
22.653306038999983,103.64208323299997,SAT_10110,19.558279005784016,188.76531940753512,98.89429983747266,169.95945601009322,-65.43142103757617,29.389987053055744,35.0,0.12681364027535022,12.73513844026335
22.653306038999983,103.74208323299996,SAT_10110,19.41177952475344,187.94125982673813,98.87553354081199,170.00007730655028,-65.57792051860675,29.33005971982688,35.0,0.12747026562977948,12.780432666253567
22.653306038999983,104.04208323299994,SAT_10096,19.242541960218247,186.98929852622766,98.85323574604826,170.0461210656138,-65.74715808314194,29.260214835759587,35.0,0.12823427938166737,12.83301757390607
22.653306038999983,104.14208323299994,SAT_10096,19.39623144372638,187.8538018709609,98.87348595288049,170.00374927625106,-65.59346859963381,29.323380209894324,35.0,0.12754460757381447,12.785554925703261
22.653306038999983,104.24208323299993,SAT_10096,19.541484417025117,188.6708498457663,98.8921439532201,169.9634945866332,-65.44821562633507,29.382821077366224,35.0,0.12689344916666248,12.740648667901434
22.653306038999983,104.34208323299993,SAT_10096,19.67819637447238,189.43985460640712,98.90929406797643,169.92542030745875,-65.31150366888781,29.438537309957578,35.0,0.12628116620017715,12.698339505186455
22.653306038999983,104.44208323299992,SAT_10096,19.806266479813175,190.16024894894912,98.92501124850503,169.8895876120779,-65.18343356354701,29.490528787497876,35.0,0.12570810739216262,12.658666631574837
22.653306038999983,104.54208323299991,SAT_10096,19.92559803424298,190.8314889426168,98.93936206349906,169.85605524135426,-65.0641020091172,29.538795397861524,35.0,0.12517460657578028,12.62166755904869
22.653306038999983,104.64208323299991,SAT_10096,20.03609894038921,191.4530565396893,98.95240554537568,169.82487921032265,-64.95360110297098,29.583337036965748,35.0,0.12468098116416204,12.58737794844991
22.653306038999983,104.7420832329999,SAT_10096,20.137682157986006,192.02446213867128,98.96419391677661,169.79611251940273,-64.85201788537418,29.624153608768662,35.0,0.12422753065452763,12.5558314440856
22.653306038999983,104.8420832329999,SAT_10096,20.23026614689489,192.54524707628374,98.97477321414885,169.76980487301466,-64.7594338964653,29.661245025267473,35.0,0.12381453518446037,12.527059513533644
22.653306038999983,104.94208323299989,SAT_10096,20.31377529303822,193.01498602334,98.98418382239343,169.74600240851132,-64.67592475032197,29.694611206496834,35.0,0.12344225415307483,12.501091294154412
22.653306038999983,105.04208323299989,SAT_10096,20.388140312815935,193.43328925958963,98.99246093212844,169.7247474383442,-64.60155973054425,29.724252080527346,35.0,0.12311092491969673,12.47795344780771
22.653306038999983,105.14208323299988,SAT_10096,20.453298631644117,193.79980480299815,98.99963492909681,169.70607820834377,-64.53640141171607,29.750167583464233,35.0,0.1228207615923729,12.457670025244168
22.653306038999983,105.24208323299987,SAT_10096,20.509194732399692,194.11422036974827,99.00573172357157,169.69002867490372,-64.4805053109605,29.77235765944612,35.0,0.1225719539180231,12.440262341584877
22.653306038999983,105.34208323299987,SAT_10096,20.555780469784196,194.3762651425361,99.01077302620345,169.6766283037117,-64.43391957357599,29.790822260644013,35.0,0.12236466628534264,12.425748864222943
22.653306038999983,105.44208323299986,SAT_10096,20.593015346918804,194.58571132641828,99.01477657556286,169.66590189247478,-64.39668469644138,29.8055613472604,35.0,0.12219903685066671,12.414145114376344
22.653306038999983,105.54208323299986,SAT_10096,20.620866750859534,194.74237547358487,99.01775632160545,169.65786941983987,-64.36883329250065,29.816574887528507,35.0,0.1220751767959248,12.40546358339336
22.653306038999983,105.64208323299985,SAT_10096,20.639310144161257,194.84611956090706,99.01972256840018,169.65254592242093,-64.35038989919893,29.8238628577117,35.0,0.1219931697265623,12.399713664763146
22.653306038999983,105.74208323299985,SAT_10096,20.648329210126477,194.89685180696145,99.02068207867448,169.6499414015054,-64.34137083323371,29.827425242103047,35.0,0.12195307121590664,12.39690160261545
22.653306038999983,105.84208323299984,SAT_10096,20.647915949922307,194.894527218313,99.02063814202081,169.65006076065194,-64.34178409343788,29.827262033025026,35.0,0.12195490850092996,12.397030457310033
22.653306038999983,105.94208323299983,SAT_10096,20.63807073034515,194.83914785819147,99.01959060795755,169.6529037749919,-64.35162931301504,29.82337323082938,35.0,0.12199868033273886,12.400100088519778
22.653306038999983,106.04208323299983,SAT_10111,20.646851081493082,194.88853733339857,99.02058814169624,169.65203792889895,-64.3428489618671,29.827733864209367,35.0,0.12194871637826735,12.396596180799259
22.653306038999983,106.14208323299982,SAT_10111,20.718406449630365,195.2910362791708,99.0281553896719,169.63134819445398,-64.27129359372982,29.85596849320933,35.0,0.1216307345475503,12.374283157937624
22.653306038999983,106.24208323299982,SAT_10111,20.78062301700973,195.64100447067972,99.03466871317272,169.61331624224513,-64.20907702635046,29.880466616789487,35.0,0.1213543894806403,12.354873011414174
22.653306038999983,106.34208323299981,SAT_10111,20.833445851693824,195.93813291577777,99.04015091279048,169.59797574225416,-64.15625419166636,29.901228182206978,35.0,0.1211198682693727,12.338386763349805
22.653306038999983,106.4420832329998,SAT_10111,20.876827827442895,196.1821565293663,99.04462092804621,169.58535559729742,-64.11287221591729,29.918253144765387,35.0,0.12092733125879088,12.324842432126461
22.653306038999983,106.5420832329998,SAT_10111,20.910729901889084,196.3728556981261,99.04809403222474,169.57547976427992,-64.0789701414711,29.931541467813933,35.0,0.12077691117579707,12.314254933829321
22.653306038999983,106.6420832329998,SAT_10111,20.93512134967925,196.5100575919458,99.05058198764401,169.56836710426091,-64.05457869368094,29.941093122746743,35.0,0.12066871240095815,12.306635999765795
22.75330603899998,103.34208323299998,SAT_10096,19.878538639888774,190.56677984937434,98.93374309030087,169.86929572357482,-65.11116140347141,29.519781536059092,35.0,0.1253849442399855,12.636262271715701
22.75330603899998,103.64208323299997,SAT_10110,19.460845167856945,188.21725406919532,98.88188344535719,169.9864954886671,-65.52885487550324,29.35015899199319,35.0,0.1272502760341914,12.76526810279516
22.75330603899998,104.14208323299994,SAT_10096,19.486839769840557,188.36347370535313,98.88519094271007,169.97866243269027,-65.50286027351963,29.360488633508112,35.0,0.12713834204003793,12.75754813229743
22.75330603899998,104.24208323299993,SAT_10096,19.632370155376222,189.18208212399125,98.90359924625372,169.93820314274922,-65.35732988798397,29.41988593734275,35.0,0.1264863414169459,12.712526341160553
22.75330603899998,104.54208323299991,SAT_10096,20.017240696417872,191.34697891735053,98.95020122652316,169.83020829574403,-64.97245934694232,29.57574594663068,35.0,0.1247651969326125,12.593231800896348
22.75330603899998,104.64208323299991,SAT_10096,20.1279657759289,191.96980748960007,98.96307851891896,169.79886847015163,-64.86173426743129,29.62025494207494,35.0,0.12427088889030985,12.558849850464286
22.75330603899998,104.7420832329999,SAT_10096,20.229757665722985,192.5423868696918,98.97471819365356,169.76994959090024,-64.7599423776372,29.661041600333572,35.0,0.12381680265708472,12.52721758441345
22.75330603899998,104.8420832329999,SAT_10096,20.32253402730707,193.06425390360226,98.9851652623783,169.74350187563633,-64.66716601605312,29.698105833444796,35.0,0.12340322089732791,12.498366752964255
22.75330603899998,104.94208323299989,SAT_10096,20.406218498225712,193.53497905251965,98.99445921916528,169.7195719433783,-64.58348154513448,29.73144756148052,35.0,0.1230304053682475,12.472326757868453
22.75330603899998,105.04208323299989,SAT_10096,20.480741102412367,193.95416870106956,99.00263448468985,169.69820255273095,-64.50895894094782,29.761066712544856,35.0,0.12269859560233774,12.4491245051594
22.75330603899998,105.14208323299988,SAT_10096,20.546038634367832,194.32146731831907,99.00972078466405,169.6794323564049,-64.44366140899236,29.786963222772783,35.0,0.12240800768056423,12.428784267679669
22.75330603899998,105.24208323299987,SAT_10096,20.602055012867993,194.63655944738247,99.01574347008469,169.6632956748866,-64.3876450304922,29.809137036328945,35.0,0.12215883310828571,12.411327558826267
22.75330603899998,105.34208323299987,SAT_10096,20.648741600128034,194.8991715007202,99.02072378550639,169.6498222919611,-64.34095844323215,29.82758810540661,35.0,0.12195123780522023,12.39677301887243
22.75330603899998,105.44208323299986,SAT_10096,20.68605748266569,195.1090733399945,99.02467909040367,169.6390372745823,-64.3036425606945,29.84231639022679,35.0,0.12178536121985277,12.385136315119126
22.75330603899998,105.54208323299986,SAT_10096,20.71396971048098,195.26607962145553,99.02762303769988,169.6309608193401,-64.2757303328792,29.853321859037504,35.0,0.12166131557758068,12.376430056999048
22.75330603899998,105.64208323299985,SAT_10096,20.73245349161948,195.37005089035958,99.02956571268497,169.62560812747878,-64.2572465517407,29.860604488113157,35.0,0.12157918527062164,12.370663727104446
22.75330603899998,105.74208323299985,SAT_10096,20.74149233970998,195.42089441086864,99.03051373478647,169.62298931006953,-64.24820770365021,29.864164261754134,35.0,0.12153902639628224,12.367843628938527
22.75330603899998,105.84208323299984,SAT_10096,20.741078172615346,195.41856472096134,99.03047032397431,169.6231093245797,-64.24862187074484,29.864001172286482,35.0,0.12154086644863413,12.36797285200299
22.75330603899998,105.94208323299983,SAT_10096,20.731211360953807,195.36306390536518,99.0294353329506,169.6259679436673,-64.25848868240638,29.860115220061775,35.0,0.12158470416699105,12.371051254633874
22.75330603899998,106.04208323299983,SAT_10096,20.711900725871672,195.25444158302815,99.02740524567855,169.63155975661346,-64.27779931748852,29.852506413457135,35.0,0.1216705095428625,12.377075464789328
22.75330603899998,106.14208323299982,SAT_10111,20.766802797515325,195.56326573602374,99.03322378032155,169.6173251140783,-64.22289724584486,29.8750289766253,35.0,0.12141576325113346,12.359185345140718
22.75330603899998,106.24208323299982,SAT_10111,20.829068911083255,195.9135126248433,99.03969425252355,169.59924795456584,-64.16063113227693,29.89950918089843,35.0,0.12113929737684866,12.339753061232685
22.75330603899998,106.34208323299981,SAT_10111,20.881934188524554,196.21087981045062,99.04514057943251,169.58386884650417,-64.10776585483563,29.920255560163643,35.0,0.12090467241053458,12.32324789608457
22.75330603899998,106.4420832329998,SAT_10111,20.925351282033986,196.4551009614412,99.04958147715566,169.57121683724546,-64.0643487613262,29.937268069744484,35.0,0.12071204936967342,12.309687944455549
22.75330603899998,106.5420832329998,SAT_10111,20.959280964693832,196.64595542640282,99.05303203957176,169.56131600414858,-64.03041907866636,29.950546673006535,35.0,0.12056156153997699,12.299088185984328
22.75330603899998,106.6420832329998,SAT_10111,20.983692365285492,196.78326955473088,99.05550389129888,169.55418530351895,-64.0060076780747,29.960091341356694,35.0,0.12045331374287233,12.291460402169575
22.75330603899998,106.74208323299979,SAT_10111,20.998563154814377,196.86691774583088,99.05700530439803,169.54983845053243,-63.99113688854581,29.965902054242676,35.0,0.12038738175496716,12.286813110501084
22.853306038999982,104.7420832329999,SAT_10096,20.311058509922532,192.99970411831427,98.9838829852543,169.74677786720534,-64.67864153343766,29.69352705294829,35.0,0.12345436198181897,12.501936357198794
22.853306038999982,104.8420832329999,SAT_10096,20.40399807152916,193.52248915235154,98.99421478476103,169.72020779315227,-64.58570197183103,29.730564002913987,35.0,0.12304029449860567,12.473017887094132
22.853306038999982,104.94208323299989,SAT_10096,20.48783134379748,193.9940513088608,99.00340704304472,169.69616650353476,-64.5018686995627,29.763881188018345,35.0,0.12266703584012381,12.446916348206168
22.853306038999982,105.04208323299989,SAT_10096,20.562487743860203,194.41399355921365,99.01149351267878,169.67469714856762,-64.42721229949998,29.793478536398823,35.0,0.12233482743519601,12.423658859895989
22.853306038999982,105.14208323299988,SAT_10096,20.62790351327908,194.78195726219485,99.0185033465255,169.6558387381471,-64.36179653008111,29.819355984220007,35.0,0.1220438870865252,12.40326988906748
22.853306038999982,105.24208323299987,SAT_10096,20.684022076386924,195.09762417967644,99.02446141008782,169.63962591242233,-64.30567796697326,29.841513475672418,35.0,0.12179440783415378,12.385771122389185
22.853306038999982,105.34208323299987,SAT_10096,20.730794363683245,195.36071829571824,99.02938854324927,169.62608873448607,-64.25890567967694,29.859950962971492,35.0,0.12158655693409713,12.371181351228271
22.853306038999982,105.44208323299986,SAT_10096,20.768179096456706,195.57100741756895,99.03330177630336,169.6152525077269,-64.22152094690348,29.874668406356676,35.0,0.1214204749627126,12.359516370570551
22.853306038999982,105.54208323299986,SAT_10096,20.796143029193686,195.7283045392145,99.03621450422264,169.6071376201323,-64.1935570141665,29.885665774090686,35.0,0.12129627505624886,12.350788893068625
22.853306038999982,105.64208323299985,SAT_10096,20.8146611467875,195.8324689506797,99.03813662228725,169.60175941753207,-64.17503889657269,29.892943042458942,35.0,0.12121404229372935,12.345008479205838
22.853306038999982,105.74208323299985,SAT_10096,20.823716814091426,195.8834070792643,99.0390746254612,169.5991281074181,-64.16598322926876,29.896500195769086,35.0,0.12117383322987633,12.34218148438987
22.853306038999982,105.84208323299984,SAT_10096,20.82330187592231,195.88107305206302,99.03903167324137,169.5992486946064,-64.16639816743788,29.896337226350724,35.0,0.12117567558320398,12.342311023599004
22.853306038999982,105.94208323299983,SAT_10096,20.81341670624981,195.8254689726552,99.03800762109513,169.60212094958237,-64.17628333711038,29.892454134555276,35.0,0.12121956808273103,12.34539695400056
22.853306038999982,106.04208323299983,SAT_10096,20.79407020593797,195.7166449084011,99.03599901902386,169.60773940995452,-64.19562983742222,29.88485092875597,35.0,0.12130548047501526,12.351435875748654
22.853306038999982,106.14208323299982,SAT_10111,20.804070230118228,195.77289504441504,99.03709996304482,169.60651036779777,-64.18562981324196,29.889686624073516,35.0,0.1212502778959837,12.347555791621733
22.853306038999982,106.24208323299982,SAT_10111,20.866364031983892,196.12329767990937,99.04353653643786,169.58840136331986,-64.1233360113763,29.914148843105767,35.0,0.12097376576236377,12.328109725399829
22.853306038999982,106.34208323299981,SAT_10111,20.919253092750267,196.42079864672027,99.04895448549065,169.57299505848283,-64.07044695060992,29.934879980341815,35.0,0.12073910064217112,12.311592771826742
22.853306038999982,106.4420832329998,SAT_10111,20.962689909210326,196.6651307393081,99.05337234939783,169.56032060266728,-64.02701013414986,29.951879991125058,35.0,0.1205464440179765,12.298023078589658
22.853306038999982,106.5420832329998,SAT_10111,20.996635124998974,196.85607257811924,99.0568050799808,169.55040215826457,-63.99306491836121,29.965148838837358,35.0,0.12039592956196515,12.287415669372042
22.853306038999982,106.6420832329998,SAT_10111,21.02105776657927,196.99344993700842,99.0592641928286,169.54325874881982,-63.96864227678092,29.974686494898318,35.0,0.1202876624004489,12.279782360458967
22.953306038999983,104.94208323299989,SAT_10096,20.5585320193711,194.39174260896246,99.01106622449602,169.67583613402815,-64.43116802398909,29.791912021450536,35.0,0.12235242520790585,12.424891486203574
22.953306038999983,105.04208323299989,SAT_10096,20.633297715085902,194.8122996473582,99.01907629274288,169.65428172873916,-64.35640232827429,29.821487487475913,35.0,0.12201990229075066,12.401588184720277
22.953306038999983,105.14208323299988,SAT_10096,20.698810115964875,195.1808069023024,99.02602033065449,169.63534826215894,-64.29088992739531,29.847345803233164,35.0,0.12172868365718342,12.381158784812358
22.953306038999983,105.24208323299987,SAT_10096,20.75501222471587,195.49694376402678,99.03192278742398,169.61907064755934,-64.23468781864432,29.869486912938573,35.0,0.12147896364962117,12.363625120373932
22.953306038999983,105.34208323299987,SAT_10096,20.80185460366721,195.76043214562807,99.03680415588788,169.60547918669863,-64.18784543969298,29.887910768829617,35.0,0.12127091065815379,12.349006111165812
22.953306038999983,105.44208323299986,SAT_10096,20.83929566261321,195.97103810219932,99.04068118400465,169.59459938501072,-64.15040438074698,29.90261733116409,35.0,0.12110466621637016,12.337317660683984
22.953306038999983,105.54208323299986,SAT_10096,20.86730190398768,196.1285732099307,99.0435670454867,169.58645179405238,-64.1223981393725,29.913606568219357,35.0,0.12098034423359093,12.328572569305905
22.953306038999983,105.64208323299985,SAT_10096,20.885848122341898,196.23289568817322,99.04547147262089,169.58105188322165,-64.10385192101829,29.92087845629176,35.0,0.12089803037177266,12.322780463716633
22.953306038999983,105.74208323299985,SAT_10096,20.8949175556222,196.28391125037487,99.04640085359952,169.57840994241988,-64.09478248773799,29.924432979696192,35.0,0.12085778157388133,12.31994774344042
22.953306038999983,105.84208323299984,SAT_10096,20.89450198633638,196.28157367314213,99.04635829604108,169.57853101693064,-64.09519805702381,29.924270130765795,35.0,0.12085962574893512,12.320077545110028
22.953306038999983,106.04208323299983,SAT_10096,20.86522593941507,196.11689590920975,99.04335354548584,169.5870560112215,-64.12447410394512,29.912792325323636,35.0,0.12098955871736518,12.32922085932988
22.953306038999983,106.14208323299982,SAT_10096,20.83639193724656,195.9547046470119,99.0403812809771,169.59544367766648,-64.15330810611363,29.901477393568886,35.0,0.12111755757531777,12.338224264440704
23.053306038999985,104.8420832329999,SAT_10096,20.534200430530063,194.25487742173158,99.00843872223368,169.68283852595135,-64.45549961283012,29.782272175661344,35.0,0.12246067995727922,12.43247258258284
23.053306038999985,104.94208323299989,SAT_10096,20.618248676626962,194.72764880602668,99.0174695519995,169.65862482000645,-64.37145136673323,29.815540005898644,35.0,0.1220868187525085,12.406279733872912
23.053306038999985,105.04208323299989,SAT_10096,20.693098545787905,195.14867932005697,99.02541506318644,169.63700067913604,-64.29660149757228,29.84509350994387,35.0,0.12175406739294158,12.382940260987166
23.053306038999985,105.14208323299988,SAT_10096,20.758685421217265,195.51760549434712,99.03230350348929,169.61800566945482,-64.23101462214292,29.870932624020384,35.0,0.12146264633434656,12.362478930374145
23.053306038999985,105.24208323299987,SAT_10096,20.81495195958317,195.83410477265534,99.03815897113508,169.60167492896812,-64.17474808377702,29.89305729237011,35.0,0.12121275098175291,12.344917696197262
23.053306038999985,105.34208323299987,SAT_10096,20.86184842102236,196.09789736825076,99.04300166636328,169.588038955828,-64.12785162233783,29.911467467252457,35.0,0.12100455065056817,12.330275583111709
23.053306038999985,105.44208323299986,SAT_10096,20.89933295963786,196.30874789796297,99.04684809907899,169.57712342174034,-64.09036708372233,29.92616310894348,35.0,0.12083818765542555,12.318568583270048
23.053306038999985,105.54208323299986,SAT_10096,20.927371870954957,196.46646677412164,99.04971125642757,169.56894901287558,-64.06232817240523,29.937144185735104,35.0,0.1207137765364386,12.309809568728316
23.053306038999985,105.64208323299985,SAT_10096,20.945939793265865,196.57091133712046,99.05160073325419,169.56353130033122,-64.04376025009432,29.944410673934563,35.0,0.12063140343121875,12.30400822026644
23.15330603899998,104.94208323299989,SAT_10096,20.666919913313805,195.00142451239014,99.0226440827935,169.64457017660305,-64.32278013004638,29.834765094263965,35.0,0.1218704258653259,12.391104621841954
23.15330603899998,105.04208323299989,SAT_10096,20.741828307949262,195.4227842322146,99.0305364261484,169.62289195420158,-64.24787173541092,29.864296556749924,35.0,0.12153753376820824,12.367738804191065
23.15330603899998,105.14208323299988,SAT_10096,20.80746703533302,195.79200207374822,99.03737907681005,169.6038492151638,-64.18223300802717,29.890116399569067,35.0,0.12124598758999644,12.347254204842455
23.15330603899998,105.24208323299987,SAT_10096,20.863778484020642,196.10875397261614,99.04319584422274,169.58747727227046,-64.12592155933955,29.91222456698881,35.0,0.1209959835523122,12.32967287050558
23.15330603899998,105.34208323299987,SAT_10096,20.910712679991505,196.37275882495223,99.04800668786551,169.57380677641987,-64.07898736336868,29.93062101129041,35.0,0.12078769168163773,12.315013906557585
23.15330603899998,105.44208323299986,SAT_10096,20.94822757921176,196.58378013306614,99.05182792176065,169.5628635286417,-64.04147246414843,29.94530569276807,35.0,0.12062125489280602,12.303293373381978
23.15330603899998,105.54208323299986,SAT_10096,20.976289316863273,196.74162740735594,99.05467237953481,169.55466831981195,-64.01341072649691,29.956278579728224,35.0,0.12049678821066519,12.29452419820252
23.25330603899998,105.14208323299988,SAT_10096,20.845103622923048,196.00370787894215,99.04126802829303,169.5929103919051,-64.14459642043714,29.904897091644532,35.0,0.12107888207340751,12.335504238103162
23.25330603899998,105.24208323299987,SAT_10096,20.90144013753128,196.32060077361345,99.04705411926777,169.57650938050415,-64.0882599058289,29.9269886985942,35.0,0.12082883701310326,12.31791038690586
23.25330603899998,105.34208323299987,SAT_10096,20.94839544696225,196.58472438916266,99.05183971542117,169.56281452834347,-64.04130459639794,29.945371362771446,35.0,0.12062051024420911,12.30324092058171
23.25330603899998,105.44208323299986,SAT_10096,20.985927368003516,196.7958414450198,99.05564097536362,169.55185172788578,-64.00377267535667,29.960045044488556,35.0,0.12045404509720654,12.291511946862245
23.353306038999982,105.34208323299987,SAT_10096,20.974856356217543,196.7335670037237,99.0545163719355,169.55508700154667,-64.01484368714264,29.955718492300033,35.0,0.1205031434117906,12.294972034484225
